Inventory_ID,Warehouse_ID,Product_ID,Inventory_Date,Opening_Stock,Inbound_Qty,Outbound_Qty,Closing_Stock,Storage_Cost
INV_100000,WH_07,PROD_0211,26/07/2024,2885,1029,781,3133.0,3321.88
INV_100001,WH_05,PROD_0210,21/02/2024,564,433,1240,-243.0,-289.91
INV_100002,WH_02,PROD_0058,06/09/2024,3502,749,658,3593.0,4554.95
INV_100003,WH_10,PROD_0271,18/03/2024,3105,1291,853,3543.0,2102.29
INV_100004,WH_06,PROD_0216,05/06/2024,3357,1001,132,4226.0,3727.2
INV_100005,WH_08,PROD_0095,19/04/2024,1631,1342,826,2147.0,3208.92
INV_100006,WH_05,PROD_0113,29/07/2024,4650,771,758,4663.0,5939.32
INV_100007,WH_05,PROD_0248,23/10/2024,2955,674,1294,2335.0,1196.27
INV_100008,WH_13,PROD_0105,19/09/2024,4638,1070,979,4729.0,5947.52
INV_100009,WH_08,PROD_0062,06/07/2024,2715,1291,301,3705.0,3473.49
INV_100010,WH_05,PROD_0286,16/01/2024,3750,395,1249,2896.0,2600.76
INV_100011,WH_15,PROD_0046,25/09/2024,2545,542,789,2298.0,2116.02
INV_100012,WH_14,PROD_0287,08/10/2024,3814,629,1059,3384.0,1871.96
INV_100013,WH_02,PROD_0235,21/08/2024,2180,991,1032,2139.0,1441.67
INV_100014,WH_14,PROD_0058,12/11/2024,694,440,564,570.0,419.47
INV_100015,WH_02,PROD_0143,10/06/2024,870,429,201,,0.0
INV_100016,WH_14,PROD_0158,01/01/2024,4044,377,678,3743.0,5562.73
INV_100017,WH_03,PROD_0067,04/06/2024,719,1364,164,1919.0,1839.1
INV_100018,WH_06,PROD_0205,27/10/2024,2978,407,721,2664.0,2443.46
INV_100019,WH_09,PROD_0073,13/04/2024,661,752,1422,-9.0,-12.86
INV_100020,WH_03,PROD_0258,26/05/2024,737,916,1053,600.0,535.66
INV_100021,WH_14,PROD_0089,15/03/2024,3207,789,799,3197.0,2848.92
INV_100022,WH_10,PROD_0237,25/12/2024,4861,335,1016,4180.0,2105.52
INV_100023,WH_01,PROD_0259,22/01/2024,1459,1445,288,2616.0,3502.75
INV_100024,WH_05,PROD_0298,24/11/2024,2795,1036,1328,2503.0,1360.83
INV_100025,WH_15,PROD_0268,16/09/2024,1214,863,1165,912.0,574.54
INV_100026,WH_13,PROD_0030,29/11/2024,3555,1137,241,4451.0,5162.61
INV_100027,WH_13,PROD_0260,03/03/2024,2028,1056,435,2649.0,3030.36
INV_100028,WH_06,PROD_0020,25/07/2024,2764,317,980,2101.0,1785.79
INV_100029,WH_09,PROD_0174,15/02/2024,4127,488,320,4295.0,3560.13
INV_100030,WH_03,PROD_0267,19/07/2024,1633,1255,1053,1835.0,1671.96
INV_100031,WH_01,PROD_0089,09/04/2024,4335,339,1419,3255.0,4801.3
INV_100032,WH_12,PROD_0229,28/09/2024,3602,1247,405,4444.0,5476.09
INV_100033,WH_08,PROD_0299,07/06/2024,1007,1220,1263,964.0,955.63
INV_100034,WH_12,PROD_0254,25/08/2024,941,802,372,1371.0,1168.24
INV_100035,WH_10,PROD_0074,11/09/2024,776,1204,890,1090.0,1043.2
INV_100036,WH_13,PROD_0097,04/03/2024,3761,1308,1407,3662.0,2229.25
INV_100037,WH_12,PROD_0278,17/07/2024,2851,1395,194,4052.0,5308.05
INV_100038,WH_07,PROD_0272,01/11/2024,547,1436,614,1369.0,1455.99
INV_100039,WH_09,PROD_0189,26/04/2024,4543,139,681,4001.0,3306.57
INV_100040,WH_14,PROD_0202,11/05/2024,2550,357,567,2340.0,1583.69
INV_100041,WH_05,PROD_0204,15/12/2024,1501,1362,992,1871.0,2334.51
INV_100042,WH_08,PROD_0164,17/12/2024,579,1485,1467,597.0,636.61
INV_100043,WH_15,PROD_0214,01/05/2024,3731,149,1012,2868.0,4301.69
INV_100044,WH_08,PROD_0300,19/03/2024,1197,440,680,,0.0
INV_100045,WH_08,PROD_0172,14/02/2024,1643,1470,651,2462.0,2210.13
INV_100046,WH_01,PROD_0109,16/06/2024,3731,234,1417,2548.0,1482.67
INV_100047,WH_10,PROD_0243,29/05/2024,3371,1023,554,,0.0
INV_100048,WH_05,PROD_0278,08/04/2024,3477,371,670,3178.0,4448.42
INV_100049,WH_07,PROD_0159,10/06/2024,1199,265,733,731.0,536.08
INV_100050,WH_03,PROD_0142,07/01/2024,2953,1317,771,3499.0,2109.25
INV_100051,WH_09,PROD_0222,14/05/2024,4735,795,1328,4202.0,3866.84
INV_100052,WH_12,PROD_0184,06/12/2024,2844,1166,126,3884.0,2474.34
INV_100053,WH_08,PROD_0151,21/11/2024,1763,1213,439,2537.0,3282.18
INV_100054,WH_03,PROD_0260,25/11/2024,2052,391,558,1885.0,1254.04
INV_100055,WH_13,PROD_0142,28/12/2024,3211,1420,773,3858.0,5375.85
INV_100056,WH_15,PROD_0140,27/01/2024,762,870,1169,463.0,237.89
INV_100057,WH_08,PROD_0049,20/10/2024,538,899,1070,367.0,407.46
INV_100058,WH_02,PROD_0056,10/08/2024,1735,171,1459,447.0,530.32
INV_100059,WH_01,PROD_0179,09/07/2024,1699,1169,482,2386.0,2956.09
INV_100060,WH_11,PROD_0003,29/11/2024,2800,337,1316,1821.0,2189.12
INV_100061,WH_11,PROD_0234,05/01/2024,2396,1291,1442,2245.0,2783.98
INV_100062,WH_03,PROD_0049,08/01/2024,4420,177,712,3885.0,5255.94
INV_100063,WH_02,PROD_0289,23/10/2024,3192,945,236,3901.0,3825.19
INV_100064,WH_08,PROD_0032,13/08/2024,3357,440,843,2954.0,3054.02
INV_100065,WH_10,PROD_0149,19/05/2024,2226,845,1373,1698.0,1620.73
INV_100066,WH_02,PROD_0068,11/01/2024,3551,301,369,3483.0,3658.2
INV_100067,WH_06,PROD_0003,25/10/2024,3831,1385,840,4376.0,4679.48
INV_100068,WH_04,PROD_0002,07/07/2024,4421,178,313,4286.0,4836.27
INV_100069,WH_04,PROD_0143,12/05/2024,4945,720,1011,4654.0,2886.45
INV_100070,WH_13,PROD_0080,06/06/2024,1376,571,895,1052.0,1388.89
INV_100071,WH_03,PROD_0241,27/11/2024,2157,971,153,2975.0,3997.78
INV_100072,WH_02,PROD_0252,06/08/2024,1985,1038,111,2912.0,1587.77
INV_100073,WH_04,PROD_0166,04/08/2024,2553,118,368,2303.0,2415.7
INV_100074,WH_06,PROD_0175,22/03/2024,4954,1041,1310,4685.0,5032.69
INV_100075,WH_03,PROD_0035,04/08/2024,1272,167,216,1223.0,1345.42
INV_100076,WH_03,PROD_0118,04/10/2024,4023,1084,185,4922.0,4714.01
INV_100077,WH_11,PROD_0152,17/01/2024,1587,825,113,2299.0,2929.63
INV_100078,WH_08,PROD_0206,26/05/2024,886,273,1060,,0.0
INV_100079,WH_01,PROD_0193,14/01/2024,2540,1432,1247,2725.0,1886.82
INV_100080,WH_04,PROD_0115,18/08/2024,3855,287,483,3659.0,5365.69
INV_100081,WH_10,PROD_0222,16/09/2024,3335,959,1136,3158.0,2100.37
INV_100082,WH_03,PROD_0145,09/08/2024,2352,620,1088,,0.0
INV_100083,WH_10,PROD_0265,16/10/2024,3215,1373,1332,3256.0,3017.97
INV_100084,WH_11,PROD_0172,16/01/2024,3941,368,221,4088.0,3590.62
INV_100085,WH_01,PROD_0268,30/04/2024,1647,1145,369,2423.0,3626.33
INV_100086,WH_10,PROD_0265,02/08/2024,1904,489,532,1861.0,1188.05
INV_100087,WH_08,PROD_0131,07/10/2024,4433,1082,163,5352.0,6785.96
INV_100088,WH_02,PROD_0098,10/02/2024,1923,1203,481,2645.0,3933.45
INV_100089,WH_02,PROD_0071,03/05/2024,4258,1261,1351,4168.0,2342.93
INV_100090,WH_02,PROD_0230,02/06/2024,3368,811,494,3685.0,3993.1
INV_100091,WH_07,PROD_0252,23/02/2024,2917,897,1209,2605.0,3234.92
INV_100092,WH_04,PROD_0191,16/02/2024,2834,1032,312,3554.0,4120.91
INV_100093,WH_03,PROD_0137,03/01/2024,3918,337,1429,2826.0,2305.99
INV_100094,WH_04,PROD_0033,25/04/2024,2562,1036,1022,2576.0,1872.46
INV_100095,WH_04,PROD_0149,25/11/2024,2151,868,302,2717.0,2221.53
INV_100096,WH_11,PROD_0048,23/06/2024,2967,1190,884,3273.0,2250.47
INV_100097,WH_04,PROD_0107,11/05/2024,3552,1083,561,4074.0,5685.95
INV_100098,WH_13,PROD_0198,26/03/2024,1029,879,123,1785.0,1933.13
INV_100099,WH_01,PROD_0040,22/05/2024,4446,168,1337,3277.0,2095.52
INV_100100,WH_14,PROD_0088,26/07/2024,3089,845,1414,2520.0,1850.7
INV_100101,WH_01,PROD_0043,07/05/2024,2637,210,780,2067.0,1882.79
INV_100102,WH_09,PROD_0140,25/12/2024,1896,629,1329,1196.0,1734.83
INV_100103,WH_07,PROD_0211,19/12/2024,3203,1047,277,3973.0,4244.56
INV_100104,WH_06,PROD_0030,13/05/2024,1152,697,1301,548.0,496.9
INV_100105,WH_03,PROD_0252,27/02/2024,3782,317,1079,3020.0,4267.22
INV_100106,WH_07,PROD_0124,08/01/2024,4527,321,274,4574.0,4204.98
INV_100107,WH_12,PROD_0223,25/11/2024,908,935,1480,363.0,212.13
INV_100108,WH_14,PROD_0298,11/10/2024,1289,470,334,1425.0,1840.62
INV_100109,WH_14,PROD_0266,01/05/2024,4250,621,955,3916.0,3221.6
INV_100110,WH_14,PROD_0098,24/05/2024,3611,262,373,3500.0,4599.33
INV_100111,WH_07,PROD_0105,15/04/2024,4000,337,259,4078.0,4461.28
INV_100112,WH_07,PROD_0178,23/09/2024,2073,177,1290,,0.0
INV_100113,WH_01,PROD_0004,22/10/2024,1743,1249,569,2423.0,3151.77
INV_100114,WH_02,PROD_0284,01/08/2024,3662,555,719,3498.0,5051.62
INV_100115,WH_07,PROD_0045,11/08/2024,3440,750,1291,2899.0,3415.67
INV_100116,WH_09,PROD_0284,02/11/2024,1161,645,1267,,0.0
INV_100117,WH_04,PROD_0007,10/10/2024,1536,229,450,1315.0,1584.18
INV_100118,WH_04,PROD_0196,22/06/2024,4264,545,979,3830.0,3498.23
INV_100119,WH_13,PROD_0132,02/04/2024,3563,924,1303,3184.0,1692.48
INV_100120,WH_11,PROD_0163,04/01/2024,3179,1234,414,3999.0,5598.47
INV_100121,WH_13,PROD_0196,18/08/2024,2982,688,963,2707.0,1444.49
INV_100122,WH_15,PROD_0283,14/09/2024,3921,395,1473,2843.0,3437.18
INV_100123,WH_11,PROD_0037,26/07/2024,3422,1215,723,3914.0,5843.22
INV_100124,WH_15,PROD_0144,28/05/2024,3429,1171,709,3891.0,2386.06
INV_100125,WH_06,PROD_0226,22/04/2024,4812,876,137,5551.0,6344.57
INV_100126,WH_13,PROD_0174,07/01/2024,2749,1338,1257,2830.0,2024.96
INV_100127,WH_05,PROD_0138,29/12/2024,4750,523,1132,4141.0,4475.34
INV_100128,WH_15,PROD_0163,11/05/2024,984,117,1326,-225.0,-147.66
INV_100129,WH_14,PROD_0082,17/04/2024,1169,1244,718,1695.0,1989.13
INV_100130,WH_09,PROD_0238,27/05/2024,535,1065,663,937.0,1264.23
INV_100131,WH_14,PROD_0004,04/03/2024,3378,484,646,3216.0,1785.62
INV_100132,WH_14,PROD_0025,16/03/2024,4308,1429,693,5044.0,6230.43
INV_100133,WH_06,PROD_0298,22/08/2024,3551,1109,489,4171.0,4700.55
INV_100134,WH_07,PROD_0228,30/05/2024,4930,221,718,4433.0,4061.4
INV_100135,WH_02,PROD_0193,08/06/2024,2916,1339,611,3644.0,4729.29
INV_100136,WH_11,PROD_0015,07/02/2024,4688,1089,626,5151.0,6181.54
INV_100137,WH_14,PROD_0257,16/12/2024,4308,421,558,4171.0,3469.17
INV_100138,WH_07,PROD_0223,28/07/2024,4235,1252,1155,,0.0
INV_100139,WH_06,PROD_0115,17/01/2024,1705,643,1157,1191.0,888.6
INV_100140,WH_08,PROD_0106,13/01/2024,4002,1228,975,4255.0,3204.95
INV_100141,WH_06,PROD_0109,11/07/2024,934,1450,115,2269.0,1924.1
INV_100142,WH_10,PROD_0094,30/07/2024,4074,1062,508,4628.0,4648.84
INV_100143,WH_03,PROD_0264,04/10/2024,4531,888,246,5173.0,3980.07
INV_100144,WH_11,PROD_0119,03/08/2024,1396,737,360,1773.0,919.2
INV_100145,WH_12,PROD_0285,18/09/2024,1889,1230,987,2132.0,2127.52
INV_100146,WH_04,PROD_0192,30/10/2024,3090,1113,1188,3015.0,4072.14
INV_100147,WH_03,PROD_0257,08/12/2024,2884,941,595,3230.0,2810.52
INV_100148,WH_13,PROD_0219,20/03/2024,2387,818,1065,2140.0,3079.72
INV_100149,WH_04,PROD_0169,31/12/2024,3988,935,798,4125.0,4526.47
INV_100150,WH_10,PROD_0261,24/01/2024,3614,762,829,3547.0,4486.25
INV_100151,WH_13,PROD_0200,20/07/2024,1153,1121,920,1354.0,1842.39
INV_100152,WH_11,PROD_0103,10/01/2024,4592,355,756,4191.0,4751.87
INV_100153,WH_13,PROD_0231,15/11/2024,4092,847,1274,3665.0,3513.98
INV_100154,WH_01,PROD_0010,28/03/2024,3637,879,1248,,0.0
INV_100155,WH_07,PROD_0170,06/02/2024,1277,589,1052,814.0,1202.4
INV_100156,WH_10,PROD_0297,12/03/2024,3155,740,1248,2647.0,3648.29
INV_100157,WH_01,PROD_0093,19/12/2024,1568,604,640,1532.0,895.54
INV_100158,WH_14,PROD_0219,15/11/2024,995,920,686,1229.0,1585.24
INV_100159,WH_14,PROD_0233,03/12/2024,4098,1037,1283,3852.0,5764.69
INV_100160,WH_15,PROD_0023,27/06/2024,2848,1316,432,3732.0,2009.96
INV_100161,WH_04,PROD_0194,23/10/2024,1341,1246,457,2130.0,2674.74
INV_100162,WH_12,PROD_0220,02/09/2024,1931,316,1344,903.0,1095.59
INV_100163,WH_07,PROD_0295,21/05/2024,4292,269,160,4401.0,4172.34
INV_100164,WH_04,PROD_0072,25/08/2024,2527,1228,212,3543.0,5175.31
INV_100165,WH_13,PROD_0182,10/12/2024,4952,310,1063,4199.0,2836.18
INV_100166,WH_04,PROD_0016,20/11/2024,4711,987,1278,,0.0
INV_100167,WH_15,PROD_0227,11/11/2024,3326,297,450,3173.0,3727.95
INV_100168,WH_02,PROD_0127,03/09/2024,1335,948,1039,1244.0,1786.72
INV_100169,WH_14,PROD_0063,19/02/2024,815,309,1131,-7.0,-3.66
INV_100170,WH_03,PROD_0253,20/09/2024,4138,512,819,3831.0,2897.6
INV_100171,WH_02,PROD_0002,08/07/2024,1483,393,1007,869.0,1209.21
INV_100172,WH_04,PROD_0158,10/11/2024,2291,1473,1125,2639.0,3107.81
INV_100173,WH_14,PROD_0140,25/02/2024,4154,1476,1051,4579.0,3878.48
INV_100174,WH_12,PROD_0266,12/01/2024,3668,1074,1313,3429.0,3450.05
INV_100175,WH_06,PROD_0296,20/10/2024,4992,709,1053,4648.0,4191.16
INV_100176,WH_07,PROD_0038,20/12/2024,1855,609,503,1961.0,1898.15
INV_100177,WH_14,PROD_0081,31/01/2024,1299,1106,1076,1329.0,938.41
INV_100178,WH_02,PROD_0278,11/11/2024,4877,989,629,5237.0,6204.35
INV_100179,WH_10,PROD_0293,12/04/2024,4208,653,1064,3797.0,3898.58
INV_100180,WH_09,PROD_0212,06/05/2024,3800,1155,614,4341.0,4587.16
INV_100181,WH_02,PROD_0211,30/09/2024,2711,899,1321,2289.0,1948.69
INV_100182,WH_08,PROD_0241,19/04/2024,3371,236,558,3049.0,1766.88
INV_100183,WH_15,PROD_0001,22/05/2024,1547,1197,276,2468.0,3300.31
INV_100184,WH_03,PROD_0054,29/12/2024,3826,1410,293,4943.0,4082.71
INV_100185,WH_15,PROD_0147,23/06/2024,1465,1488,892,2061.0,1207.27
INV_100186,WH_10,PROD_0039,09/04/2024,1821,1217,793,2245.0,2829.91
INV_100187,WH_12,PROD_0255,14/11/2024,4611,1326,1158,4779.0,7090.38
INV_100188,WH_09,PROD_0229,14/03/2024,1325,344,768,901.0,1178.8
INV_100189,WH_01,PROD_0210,28/08/2024,4820,531,692,4659.0,6350.99
INV_100190,WH_04,PROD_0269,07/10/2024,1035,909,1101,843.0,937.03
INV_100191,WH_08,PROD_0200,28/09/2024,2255,1335,1382,2208.0,2278.22
INV_100192,WH_03,PROD_0141,10/04/2024,4693,1363,1341,4715.0,6253.7
INV_100193,WH_13,PROD_0109,10/08/2024,1524,734,1408,850.0,1055.77
INV_100194,WH_06,PROD_0213,03/05/2024,3256,359,515,3100.0,4640.84
INV_100195,WH_15,PROD_0262,14/12/2024,1323,132,1459,-4.0,-4.26
INV_100196,WH_12,PROD_0214,08/02/2024,4130,490,515,4105.0,5261.48
INV_100197,WH_08,PROD_0040,21/10/2024,574,1190,783,981.0,857.55
INV_100198,WH_12,PROD_0234,18/08/2024,2374,817,530,,0.0
INV_100199,WH_11,PROD_0101,29/05/2024,1477,1152,1055,1574.0,1280.0
INV_100200,WH_10,PROD_0291,26/12/2024,4487,1150,643,4994.0,6245.74
INV_100201,WH_02,PROD_0067,06/04/2024,2875,341,541,2675.0,3159.2
INV_100202,WH_15,PROD_0289,08/09/2024,2630,934,1396,2168.0,2980.47
INV_100203,WH_03,PROD_0144,07/09/2024,2351,1006,201,3156.0,4730.9
INV_100204,WH_09,PROD_0124,27/11/2024,989,288,197,1080.0,1433.84
INV_100205,WH_08,PROD_0240,26/11/2024,2307,271,265,2313.0,1743.46
INV_100206,WH_11,PROD_0220,07/12/2024,2589,795,454,2930.0,3233.08
INV_100207,WH_03,PROD_0261,31/03/2024,3630,475,1441,2664.0,1870.98
INV_100208,WH_09,PROD_0128,15/02/2024,4068,923,548,4443.0,3211.04
INV_100209,WH_11,PROD_0105,20/12/2024,4013,962,1091,3884.0,3837.82
INV_100210,WH_14,PROD_0115,12/04/2024,3859,1235,1255,3839.0,4076.64
INV_100211,WH_05,PROD_0279,18/03/2024,4009,636,1464,3181.0,3002.26
INV_100212,WH_11,PROD_0051,31/07/2024,3462,629,1225,2866.0,2572.5
INV_100213,WH_14,PROD_0050,14/01/2024,2774,1253,1162,2865.0,2908.3
INV_100214,WH_11,PROD_0076,13/11/2024,1833,1366,987,2212.0,1387.61
INV_100215,WH_08,PROD_0077,25/02/2024,3350,1323,223,4450.0,6183.16
INV_100216,WH_13,PROD_0173,16/03/2024,3317,870,585,3602.0,3147.41
INV_100217,WH_11,PROD_0262,07/03/2024,4674,1500,1125,5049.0,7029.74
INV_100218,WH_14,PROD_0109,13/09/2024,1665,1446,691,2420.0,1487.63
INV_100219,WH_12,PROD_0025,01/11/2024,681,1461,612,1530.0,1583.84
INV_100220,WH_11,PROD_0079,09/12/2024,2423,276,565,2134.0,3185.85
INV_100221,WH_04,PROD_0131,14/09/2024,3892,1232,107,5017.0,5543.66
INV_100222,WH_06,PROD_0179,28/08/2024,3904,797,1279,3422.0,1718.39
INV_100223,WH_06,PROD_0109,20/10/2024,4281,439,1066,3654.0,4507.64
INV_100224,WH_06,PROD_0255,18/04/2024,4832,1053,636,5249.0,7842.98
INV_100225,WH_03,PROD_0274,25/07/2024,4031,646,347,4330.0,3383.97
INV_100226,WH_02,PROD_0009,11/02/2024,536,336,1244,-372.0,-430.65
INV_100227,WH_12,PROD_0043,15/01/2024,723,198,478,443.0,418.59
INV_100228,WH_07,PROD_0001,09/03/2024,3915,1437,599,4753.0,2396.07
INV_100229,WH_04,PROD_0095,27/09/2024,1279,127,1331,75.0,97.47
INV_100230,WH_06,PROD_0184,02/04/2024,1352,462,827,987.0,1228.92
INV_100231,WH_02,PROD_0111,20/06/2024,714,365,1301,-222.0,-326.77
INV_100232,WH_09,PROD_0173,12/06/2024,2543,603,1162,1984.0,2331.41
INV_100233,WH_07,PROD_0103,28/01/2024,4476,1250,960,4766.0,3142.83
INV_100234,WH_09,PROD_0204,01/01/2024,2387,825,1282,1930.0,1075.18
INV_100235,WH_15,PROD_0265,13/04/2024,542,139,673,8.0,6.87
INV_100236,WH_01,PROD_0234,02/08/2024,1679,722,294,2107.0,1810.13
INV_100237,WH_12,PROD_0058,23/10/2024,2240,512,748,2004.0,1206.57
INV_100238,WH_09,PROD_0028,25/07/2024,3120,196,1253,2063.0,2751.76
INV_100239,WH_15,PROD_0017,18/02/2024,3351,301,817,2835.0,3276.37
INV_100240,WH_03,PROD_0218,23/11/2024,4463,665,102,5026.0,6384.98
INV_100241,WH_12,PROD_0163,02/06/2024,3921,644,375,4190.0,5880.54
INV_100242,WH_13,PROD_0071,02/06/2024,3882,1109,273,4718.0,4501.06
INV_100243,WH_04,PROD_0072,26/06/2024,1737,439,342,1834.0,1916.77
INV_100244,WH_03,PROD_0067,01/09/2024,705,1122,928,899.0,450.21
INV_100245,WH_07,PROD_0054,16/03/2024,3569,560,1422,2707.0,3419.36
INV_100246,WH_08,PROD_0079,14/09/2024,1186,335,380,1141.0,1509.87
INV_100247,WH_03,PROD_0263,10/04/2024,1237,643,1170,,0.0
INV_100248,WH_05,PROD_0138,03/03/2024,3252,1150,1051,3351.0,3872.21
INV_100249,WH_05,PROD_0096,31/12/2024,2873,132,673,2332.0,3368.96
INV_100250,WH_12,PROD_0040,11/02/2024,4722,580,590,4712.0,4016.07
INV_100251,WH_11,PROD_0186,25/03/2024,1900,1073,117,2856.0,2918.81
INV_100252,WH_13,PROD_0118,28/12/2024,1932,550,692,1790.0,2540.57
INV_100253,WH_13,PROD_0130,03/09/2024,1905,286,253,1938.0,1033.03
INV_100254,WH_04,PROD_0292,14/07/2024,1079,1113,403,1789.0,1292.89
INV_100255,WH_11,PROD_0055,21/12/2024,1197,1310,1435,,0.0
INV_100256,WH_04,PROD_0252,15/09/2024,845,1038,1395,488.0,426.54
INV_100257,WH_11,PROD_0024,08/02/2024,3991,1044,325,4710.0,4406.87
INV_100258,WH_02,PROD_0066,15/01/2024,3013,561,168,3406.0,4538.46
INV_100259,WH_08,PROD_0120,27/10/2024,3807,581,448,3940.0,3435.87
INV_100260,WH_15,PROD_0079,23/09/2024,4765,1375,689,5451.0,6517.37
INV_100261,WH_07,PROD_0216,07/05/2024,2934,943,654,3223.0,1701.44
INV_100262,WH_14,PROD_0085,25/09/2024,3874,1135,1418,3591.0,2339.77
INV_100263,WH_14,PROD_0119,09/08/2024,2302,230,1083,1449.0,1800.84
INV_100264,WH_05,PROD_0203,08/10/2024,2444,530,748,2226.0,1306.27
INV_100265,WH_10,PROD_0164,11/10/2024,3311,1440,800,3951.0,3945.24
INV_100266,WH_11,PROD_0194,12/07/2024,4982,196,881,4297.0,5402.5
INV_100267,WH_15,PROD_0014,04/09/2024,3690,1434,1235,3889.0,3386.46
INV_100268,WH_03,PROD_0116,09/04/2024,3934,529,1196,3267.0,3378.7
INV_100269,WH_02,PROD_0240,19/10/2024,2705,255,192,2768.0,3973.79
INV_100270,WH_06,PROD_0213,07/12/2024,4889,110,660,4339.0,3985.09
INV_100271,WH_15,PROD_0099,13/12/2024,2286,747,973,2060.0,2164.31
INV_100272,WH_09,PROD_0045,04/09/2024,1761,794,761,1794.0,1958.35
INV_100273,WH_06,PROD_0060,22/05/2024,3808,495,407,3896.0,4520.01
INV_100274,WH_11,PROD_0077,14/04/2024,4240,733,1031,3942.0,3809.36
INV_100275,WH_01,PROD_0129,04/04/2024,3792,1483,320,4955.0,3855.16
INV_100276,WH_02,PROD_0219,31/12/2024,3818,358,722,3454.0,3974.61
INV_100277,WH_13,PROD_0184,08/10/2024,2727,1280,1046,2961.0,2162.39
INV_100278,WH_04,PROD_0058,19/09/2024,3654,189,643,3200.0,2039.52
INV_100279,WH_05,PROD_0266,09/07/2024,1041,318,1218,141.0,74.98
INV_100280,WH_10,PROD_0219,07/05/2024,3968,314,1250,3032.0,2284.35
INV_100281,WH_12,PROD_0269,14/10/2024,2800,147,935,2012.0,1364.45
INV_100282,WH_03,PROD_0073,25/03/2024,4350,1465,1309,4506.0,5017.19
INV_100283,WH_11,PROD_0297,12/11/2024,4563,1190,520,5233.0,3052.55
INV_100284,WH_14,PROD_0104,12/12/2024,1934,1492,471,2955.0,3206.38
INV_100285,WH_06,PROD_0115,23/03/2024,1010,1148,820,1338.0,1310.24
INV_100286,WH_11,PROD_0026,17/04/2024,4321,1070,167,5224.0,7414.93
INV_100287,WH_11,PROD_0196,14/03/2024,1246,1196,254,2188.0,1767.29
INV_100288,WH_12,PROD_0004,22/06/2024,4373,975,935,4413.0,6047.34
INV_100289,WH_06,PROD_0225,08/05/2024,2141,647,1319,1469.0,1161.87
INV_100290,WH_06,PROD_0292,12/10/2024,1128,212,320,1020.0,766.47
INV_100291,WH_14,PROD_0213,10/03/2024,3456,813,614,3655.0,2609.36
INV_100292,WH_12,PROD_0007,23/02/2024,1069,1032,1267,834.0,1108.18
INV_100293,WH_12,PROD_0241,08/02/2024,3653,626,488,3791.0,3435.94
INV_100294,WH_08,PROD_0092,12/09/2024,4581,130,396,4315.0,6145.63
INV_100295,WH_15,PROD_0175,15/12/2024,951,373,1272,52.0,40.99
INV_100296,WH_03,PROD_0138,06/06/2024,4346,452,982,3816.0,3892.89
INV_100297,WH_08,PROD_0083,20/04/2024,2591,304,1026,1869.0,1028.71
INV_100298,WH_11,PROD_0211,27/10/2024,3724,237,1497,2464.0,1927.5
INV_100299,WH_12,PROD_0111,29/08/2024,3638,813,841,3610.0,2289.56
INV_100300,WH_09,PROD_0076,13/04/2024,2828,374,1481,1721.0,1799.22
INV_100301,WH_05,PROD_0222,13/07/2024,1766,783,937,1612.0,2129.32
INV_100302,WH_13,PROD_0079,27/09/2024,2123,1087,933,2277.0,2214.12
INV_100303,WH_05,PROD_0102,02/09/2024,1756,1411,744,2423.0,3412.17
INV_100304,WH_14,PROD_0273,02/02/2024,3530,1263,1404,3389.0,2880.05
INV_100305,WH_10,PROD_0141,08/09/2024,4650,102,1127,3625.0,3356.75
INV_100306,WH_09,PROD_0239,07/03/2024,3639,1385,431,4593.0,3500.45
INV_100307,WH_14,PROD_0076,02/04/2024,4943,932,490,5385.0,3295.81
INV_100308,WH_06,PROD_0097,26/07/2024,3846,1281,565,4562.0,6426.66
INV_100309,WH_10,PROD_0190,21/04/2024,2682,516,451,2747.0,2662.29
INV_100310,WH_11,PROD_0079,29/05/2024,3958,1148,1205,3901.0,2162.55
INV_100311,WH_02,PROD_0087,24/03/2024,1227,1335,644,1918.0,2075.66
INV_100312,WH_11,PROD_0283,05/11/2024,2849,1028,142,3735.0,4138.2
INV_100313,WH_07,PROD_0159,11/11/2024,2074,279,1302,1051.0,1401.56
INV_100314,WH_09,PROD_0083,15/02/2024,1852,1232,1273,1811.0,1728.96
INV_100315,WH_11,PROD_0261,21/07/2024,2839,1368,642,3565.0,3503.83
INV_100316,WH_10,PROD_0201,04/02/2024,1524,298,319,1503.0,1533.85
INV_100317,WH_03,PROD_0095,27/08/2024,2034,163,222,1975.0,1204.02
INV_100318,WH_10,PROD_0156,15/05/2024,1621,372,1366,627.0,552.35
INV_100319,WH_06,PROD_0015,17/05/2024,4525,804,144,5185.0,4685.06
INV_100320,WH_08,PROD_0056,23/05/2024,1085,374,1481,-22.0,-12.78
INV_100321,WH_10,PROD_0219,31/12/2024,3780,1113,519,4374.0,3527.0
INV_100322,WH_02,PROD_0158,26/07/2024,858,910,1122,646.0,817.07
INV_100323,WH_07,PROD_0293,12/07/2024,1400,300,1030,670.0,726.1
INV_100324,WH_13,PROD_0279,10/04/2024,1161,330,160,1331.0,1584.76
INV_100325,WH_08,PROD_0112,28/07/2024,4217,491,1262,3446.0,3378.75
INV_100326,WH_13,PROD_0184,01/01/2024,1285,489,193,1581.0,2345.92
INV_100327,WH_14,PROD_0136,07/04/2024,4227,618,663,4182.0,4284.3
INV_100328,WH_12,PROD_0008,07/09/2024,4122,588,1296,,0.0
INV_100329,WH_11,PROD_0298,28/02/2024,2216,955,749,2422.0,2732.31
INV_100330,WH_06,PROD_0178,12/05/2024,962,985,314,1633.0,1805.22
INV_100331,WH_15,PROD_0058,02/01/2024,4073,1286,632,4727.0,4597.12
INV_100332,WH_06,PROD_0061,27/01/2024,1781,595,834,1542.0,1470.77
INV_100333,WH_08,PROD_0004,26/03/2024,3193,621,1440,2374.0,2358.09
INV_100334,WH_02,PROD_0158,21/08/2024,2004,1453,1310,2147.0,1890.24
INV_100335,WH_10,PROD_0096,18/12/2024,1796,1160,1372,1584.0,1236.84
INV_100336,WH_01,PROD_0263,27/05/2024,627,505,303,829.0,1072.74
INV_100337,WH_03,PROD_0214,09/06/2024,1476,1008,813,1671.0,1786.81
INV_100338,WH_11,PROD_0230,23/11/2024,2277,1152,1393,2036.0,2888.01
INV_100339,WH_15,PROD_0071,06/10/2024,4880,1169,755,5294.0,3275.81
INV_100340,WH_03,PROD_0225,27/02/2024,3725,885,1030,3580.0,3637.64
INV_100341,WH_09,PROD_0044,08/06/2024,3170,150,1462,1858.0,1716.07
INV_100342,WH_01,PROD_0187,22/11/2024,3347,1204,213,4338.0,4240.93
INV_100343,WH_10,PROD_0093,24/11/2024,1125,991,521,1595.0,1810.46
INV_100344,WH_02,PROD_0271,17/07/2024,4977,437,1353,4061.0,2728.43
INV_100345,WH_13,PROD_0049,17/02/2024,2211,1188,144,3255.0,3952.03
INV_100346,WH_06,PROD_0024,14/04/2024,914,499,1180,233.0,317.73
INV_100347,WH_06,PROD_0175,11/09/2024,3676,1401,876,4201.0,3527.27
INV_100348,WH_11,PROD_0044,06/06/2024,2620,371,511,2480.0,2769.36
INV_100349,WH_04,PROD_0071,07/03/2024,614,924,928,610.0,528.88
INV_100350,WH_03,PROD_0077,16/04/2024,1397,993,109,2281.0,3106.43
INV_100351,WH_06,PROD_0030,04/07/2024,4533,1292,1383,4442.0,5806.53
INV_100352,WH_11,PROD_0294,09/10/2024,3394,441,412,3423.0,4707.62
INV_100353,WH_03,PROD_0073,06/01/2024,3679,1047,1365,3361.0,2895.26
INV_100354,WH_13,PROD_0252,28/08/2024,4638,805,1256,4187.0,5346.99
INV_100355,WH_10,PROD_0124,11/12/2024,3357,345,575,,0.0
INV_100356,WH_03,PROD_0290,15/02/2024,2385,411,1257,1539.0,1865.66
INV_100357,WH_07,PROD_0260,17/01/2024,2948,227,472,2703.0,2809.9
INV_100358,WH_06,PROD_0169,09/01/2024,2862,915,605,3172.0,4387.76
INV_100359,WH_06,PROD_0146,24/01/2024,4015,970,1380,3605.0,4729.12
INV_100360,WH_11,PROD_0237,14/01/2024,4455,1305,336,5424.0,4527.76
INV_100361,WH_14,PROD_0228,29/11/2024,1402,346,573,1175.0,1753.15
INV_100362,WH_15,PROD_0211,25/03/2024,1866,579,752,1693.0,1914.87
INV_100363,WH_02,PROD_0195,27/09/2024,4274,1243,534,4983.0,3920.49
INV_100364,WH_01,PROD_0051,10/04/2024,3358,903,767,3494.0,2442.08
INV_100365,WH_12,PROD_0105,27/08/2024,516,848,1102,262.0,158.7
INV_100366,WH_15,PROD_0252,27/02/2024,2793,182,455,2520.0,1709.72
INV_100367,WH_01,PROD_0051,07/08/2024,4358,1116,336,5138.0,3871.13
INV_100368,WH_12,PROD_0276,12/03/2024,3696,187,1182,2701.0,3926.39
INV_100369,WH_03,PROD_0201,29/06/2024,1415,1482,1352,1545.0,1792.82
INV_100370,WH_04,PROD_0092,07/09/2024,4274,787,844,4217.0,3926.01
INV_100371,WH_03,PROD_0291,07/04/2024,2449,522,1390,,0.0
INV_100372,WH_11,PROD_0046,11/02/2024,2871,1207,795,3283.0,2963.82
INV_100373,WH_03,PROD_0060,10/08/2024,4726,1162,871,5017.0,3965.8
INV_100374,WH_03,PROD_0228,24/09/2024,2764,460,139,3085.0,1761.08
INV_100375,WH_05,PROD_0275,26/06/2024,2308,483,764,2027.0,3025.94
INV_100376,WH_03,PROD_0042,28/06/2024,1338,1123,467,1994.0,2283.39
INV_100377,WH_02,PROD_0297,09/03/2024,3225,937,1099,3063.0,4377.38
INV_100378,WH_05,PROD_0157,28/02/2024,1120,471,633,958.0,902.82
INV_100379,WH_13,PROD_0097,27/10/2024,3385,687,718,3354.0,2942.49
INV_100380,WH_09,PROD_0098,04/02/2024,4881,1312,155,6038.0,4912.74
INV_100381,WH_13,PROD_0101,16/12/2024,2452,619,1255,1816.0,2080.42
INV_100382,WH_06,PROD_0051,22/10/2024,4511,385,944,3952.0,4571.69
INV_100383,WH_01,PROD_0171,24/09/2024,1492,496,482,1506.0,1241.22
INV_100384,WH_01,PROD_0135,25/09/2024,4524,636,1187,3973.0,2697.62
INV_100385,WH_04,PROD_0098,27/07/2024,4279,913,1409,3783.0,4079.81
INV_100386,WH_08,PROD_0092,13/01/2024,532,1330,331,1531.0,781.84
INV_100387,WH_08,PROD_0117,11/09/2024,852,1368,260,1960.0,2225.12
INV_100388,WH_08,PROD_0119,18/04/2024,1891,344,193,2042.0,2957.06
INV_100389,WH_06,PROD_0211,29/08/2024,765,959,887,837.0,433.73
INV_100390,WH_04,PROD_0186,23/07/2024,3550,515,703,3362.0,2822.39
INV_100391,WH_04,PROD_0141,09/06/2024,1641,968,1090,1519.0,1269.04
INV_100392,WH_10,PROD_0082,03/09/2024,2723,114,703,2134.0,1244.62
INV_100393,WH_08,PROD_0290,01/02/2024,866,1451,1149,1168.0,1203.36
INV_100394,WH_09,PROD_0210,05/07/2024,811,638,235,1214.0,1126.8
INV_100395,WH_14,PROD_0154,06/12/2024,2146,1222,845,2523.0,3689.14
INV_100396,WH_11,PROD_0072,15/06/2024,4981,215,149,5047.0,6201.53
INV_100397,WH_14,PROD_0057,01/07/2024,786,800,546,1040.0,1260.96
INV_100398,WH_05,PROD_0001,20/12/2024,3637,500,951,,0.0
INV_100399,WH_08,PROD_0044,30/10/2024,2840,812,274,3378.0,4869.28
INV_100400,WH_04,PROD_0040,17/06/2024,2751,751,369,3133.0,2283.48
INV_100401,WH_02,PROD_0017,10/07/2024,2467,1128,1317,2278.0,1534.77
INV_100402,WH_04,PROD_0142,16/10/2024,1526,483,1000,1009.0,1201.91
INV_100403,WH_07,PROD_0239,07/06/2024,3162,1160,1470,2852.0,3465.07
INV_100404,WH_04,PROD_0081,02/04/2024,3027,1407,544,3890.0,5081.37
INV_100405,WH_05,PROD_0204,19/08/2024,678,559,395,842.0,823.23
INV_100406,WH_12,PROD_0116,27/12/2024,1517,1123,1388,1252.0,783.52
INV_100407,WH_02,PROD_0152,10/02/2024,3757,853,1076,3534.0,3589.09
INV_100408,WH_08,PROD_0264,06/06/2024,2205,705,1113,1797.0,1170.59
INV_100409,WH_14,PROD_0159,26/04/2024,3076,1288,1045,3319.0,2917.34
INV_100410,WH_14,PROD_0051,10/12/2024,1943,170,241,1872.0,2628.94
INV_100411,WH_12,PROD_0287,05/02/2024,1111,625,481,1255.0,1326.09
INV_100412,WH_11,PROD_0120,04/06/2024,4189,397,878,3708.0,3335.86
INV_100413,WH_01,PROD_0093,06/05/2024,2109,353,1027,1435.0,1297.29
INV_100414,WH_15,PROD_0218,23/04/2024,4519,596,1394,3721.0,3481.08
INV_100415,WH_09,PROD_0231,19/01/2024,4001,1345,350,4996.0,2583.76
INV_100416,WH_12,PROD_0272,04/05/2024,4246,645,781,4110.0,2597.04
INV_100417,WH_01,PROD_0079,17/09/2024,1260,1372,1070,1562.0,2324.77
INV_100418,WH_04,PROD_0015,22/04/2024,2498,257,925,1830.0,1558.37
INV_100419,WH_02,PROD_0009,22/03/2024,984,259,1227,16.0,23.12
INV_100420,WH_06,PROD_0128,11/10/2024,910,815,223,1502.0,856.61
INV_100421,WH_10,PROD_0225,04/11/2024,573,728,685,616.0,526.38
INV_100422,WH_12,PROD_0203,21/06/2024,3188,1365,604,3949.0,3001.33
INV_100423,WH_14,PROD_0272,16/12/2024,3395,761,442,3714.0,4728.22
INV_100424,WH_06,PROD_0152,15/05/2024,575,1220,743,1052.0,1075.06
INV_100425,WH_09,PROD_0114,02/04/2024,2433,710,1210,1933.0,2113.47
INV_100426,WH_09,PROD_0055,25/01/2024,785,905,1451,,0.0
INV_100427,WH_14,PROD_0245,31/07/2024,4604,737,767,4574.0,2688.0
INV_100428,WH_14,PROD_0080,04/09/2024,4934,1198,119,6013.0,4610.19
INV_100429,WH_03,PROD_0138,21/04/2024,2745,260,1176,1829.0,2618.09
INV_100430,WH_14,PROD_0150,05/10/2024,657,628,1148,137.0,116.48
INV_100431,WH_06,PROD_0087,23/05/2024,3751,1143,505,4389.0,4904.15
INV_100432,WH_15,PROD_0250,08/03/2024,2470,671,1053,2088.0,1711.01
INV_100433,WH_04,PROD_0283,10/07/2024,4180,1009,502,,0.0
INV_100434,WH_01,PROD_0277,30/01/2024,3625,239,1475,2389.0,2118.4
INV_100435,WH_14,PROD_0241,12/08/2024,3011,429,801,2639.0,1747.99
INV_100436,WH_07,PROD_0080,08/03/2024,1970,802,1415,1357.0,1448.5
INV_100437,WH_09,PROD_0047,08/10/2024,4593,1127,432,5288.0,3371.16
INV_100438,WH_14,PROD_0228,28/03/2024,2959,761,842,2878.0,2247.82
INV_100439,WH_11,PROD_0212,19/11/2024,1761,179,213,1727.0,1976.25
INV_100440,WH_01,PROD_0248,05/12/2024,3325,419,1202,,0.0
INV_100441,WH_09,PROD_0162,05/10/2024,1064,1166,1172,1058.0,1278.55
INV_100442,WH_04,PROD_0186,22/07/2024,1847,402,1041,1208.0,776.91
INV_100443,WH_06,PROD_0159,08/04/2024,3244,833,1309,2768.0,2110.17
INV_100444,WH_11,PROD_0252,27/04/2024,3831,1047,218,4660.0,4691.37
INV_100445,WH_02,PROD_0078,18/09/2024,2182,1394,1274,2302.0,1363.0
INV_100446,WH_13,PROD_0045,29/04/2024,659,325,1247,-263.0,-354.49
INV_100447,WH_11,PROD_0073,08/01/2024,4695,1413,1427,,0.0
INV_100448,WH_05,PROD_0127,30/05/2024,3285,1114,382,4017.0,3088.54
INV_100449,WH_15,PROD_0046,18/08/2024,2572,1199,1252,,0.0
INV_100450,WH_14,PROD_0154,04/09/2024,4147,460,222,4385.0,2764.63
INV_100451,WH_04,PROD_0294,03/02/2024,1646,1070,990,1726.0,1055.3
INV_100452,WH_12,PROD_0229,15/06/2024,1978,440,1248,1170.0,725.0
INV_100453,WH_15,PROD_0262,18/08/2024,4877,375,1406,3846.0,1953.32
INV_100454,WH_10,PROD_0102,26/09/2024,2587,1182,771,2998.0,3190.19
INV_100455,WH_14,PROD_0222,24/10/2024,4404,409,868,3945.0,5623.98
INV_100456,WH_12,PROD_0255,25/06/2024,1102,918,1182,838.0,641.04
INV_100457,WH_13,PROD_0256,21/07/2024,1470,275,1156,589.0,392.88
INV_100458,WH_05,PROD_0230,08/11/2024,4126,1443,630,4939.0,2928.32
INV_100459,WH_01,PROD_0092,24/12/2024,1458,1089,263,2284.0,3252.41
INV_100460,WH_01,PROD_0026,27/02/2024,4020,1422,603,4839.0,6109.65
INV_100461,WH_05,PROD_0184,16/03/2024,3439,1098,562,3975.0,2733.87
INV_100462,WH_11,PROD_0108,06/09/2024,1174,1306,304,2176.0,1770.31
INV_100463,WH_14,PROD_0193,13/07/2024,4467,693,938,4222.0,3457.33
INV_100464,WH_09,PROD_0205,12/07/2024,2958,398,225,3131.0,2791.93
INV_100465,WH_08,PROD_0101,28/02/2024,2835,804,223,3416.0,5053.59
INV_100466,WH_03,PROD_0037,14/01/2024,1015,727,649,1093.0,720.22
INV_100467,WH_11,PROD_0047,21/07/2024,503,1305,176,1632.0,1588.37
INV_100468,WH_10,PROD_0116,15/06/2024,3009,529,879,2659.0,1857.54
INV_100469,WH_07,PROD_0267,23/06/2024,3141,1149,360,3930.0,4146.09
INV_100470,WH_06,PROD_0072,09/05/2024,2207,1165,283,3089.0,2782.66
INV_100471,WH_11,PROD_0247,17/08/2024,2731,1000,183,3548.0,1979.49
INV_100472,WH_12,PROD_0123,13/12/2024,3214,514,1216,2512.0,2328.35
INV_100473,WH_01,PROD_0093,04/12/2024,4577,1024,1313,4288.0,6285.47
INV_100474,WH_10,PROD_0187,16/09/2024,1585,118,1249,454.0,587.6
INV_100475,WH_12,PROD_0145,14/11/2024,1825,1388,844,2369.0,1432.53
INV_100476,WH_03,PROD_0183,07/04/2024,3528,848,1268,3108.0,3846.02
INV_100477,WH_15,PROD_0051,18/02/2024,3913,119,783,3249.0,4484.01
INV_100478,WH_02,PROD_0122,08/09/2024,3074,383,554,2903.0,3643.49
INV_100479,WH_06,PROD_0043,16/03/2024,3090,594,710,2974.0,4098.58
INV_100480,WH_15,PROD_0217,16/12/2024,2545,877,1193,2229.0,1711.35
INV_100481,WH_14,PROD_0192,05/11/2024,2123,494,334,2283.0,3284.85
INV_100482,WH_08,PROD_0032,27/09/2024,1663,219,1388,494.0,640.53
INV_100483,WH_04,PROD_0166,19/02/2024,3484,1443,665,,0.0
INV_100484,WH_05,PROD_0187,19/12/2024,4660,736,286,5110.0,3850.36
INV_100485,WH_01,PROD_0217,15/06/2024,2051,207,503,1755.0,2109.93
INV_100486,WH_02,PROD_0271,19/05/2024,1217,391,1197,411.0,229.2
INV_100487,WH_15,PROD_0292,17/01/2024,3681,930,1113,3498.0,2770.92
INV_100488,WH_03,PROD_0157,22/04/2024,611,1016,1220,407.0,282.47
INV_100489,WH_14,PROD_0103,01/02/2024,1523,924,103,2344.0,3487.29
INV_100490,WH_15,PROD_0199,14/07/2024,1931,840,1230,1541.0,1988.66
INV_100491,WH_13,PROD_0108,22/09/2024,1724,1477,682,2519.0,2847.63
INV_100492,WH_08,PROD_0147,15/11/2024,2840,989,968,2861.0,3826.84
INV_100493,WH_10,PROD_0268,31/10/2024,2362,1175,1004,2533.0,2408.77
INV_100494,WH_02,PROD_0086,09/06/2024,3862,720,680,3902.0,3027.16
INV_100495,WH_01,PROD_0233,12/11/2024,3571,879,136,4314.0,3125.32
INV_100496,WH_02,PROD_0158,16/11/2024,4350,910,446,4814.0,2755.65
INV_100497,WH_03,PROD_0161,09/01/2024,4915,315,211,5019.0,4985.59
INV_100498,WH_12,PROD_0123,15/06/2024,4886,756,485,5157.0,2603.21
INV_100499,WH_12,PROD_0079,13/04/2024,1994,125,984,1135.0,1328.08
INV_100500,WH_07,PROD_0199,07/09/2024,1578,1028,1183,1423.0,1248.4
INV_100501,WH_09,PROD_0204,06/06/2024,1154,711,1262,603.0,890.62
INV_100502,WH_11,PROD_0260,14/12/2024,4976,1068,1166,4878.0,5582.13
INV_100503,WH_10,PROD_0137,11/07/2024,2105,1137,232,3010.0,2611.91
INV_100504,WH_14,PROD_0070,19/05/2024,4516,953,1452,,0.0
INV_100505,WH_01,PROD_0084,06/07/2024,1542,731,936,1337.0,1471.78
INV_100506,WH_05,PROD_0005,11/02/2024,3623,1195,279,4539.0,4479.97
INV_100507,WH_12,PROD_0022,29/02/2024,4986,1301,217,6070.0,7347.78
INV_100508,WH_08,PROD_0261,25/04/2024,695,1498,477,1716.0,2438.72
INV_100509,WH_14,PROD_0225,26/12/2024,1818,1423,225,3016.0,4269.44
INV_100510,WH_01,PROD_0099,17/02/2024,3019,973,1082,2910.0,1841.45
INV_100511,WH_12,PROD_0073,03/03/2024,3863,1322,273,4912.0,3830.44
INV_100512,WH_03,PROD_0263,03/06/2024,4555,800,439,4916.0,6730.05
INV_100513,WH_03,PROD_0074,26/03/2024,4901,974,499,5376.0,7839.21
INV_100514,WH_15,PROD_0025,14/08/2024,4447,218,1471,3194.0,4625.38
INV_100515,WH_14,PROD_0289,25/11/2024,4274,1232,116,5390.0,7435.82
INV_100516,WH_05,PROD_0066,12/10/2024,2721,232,425,2528.0,3451.88
INV_100517,WH_12,PROD_0121,14/03/2024,4094,1261,1025,4330.0,3986.48
INV_100518,WH_01,PROD_0057,31/07/2024,4710,888,948,4650.0,4725.33
INV_100519,WH_05,PROD_0240,13/07/2024,3664,316,1213,2767.0,3714.86
INV_100520,WH_15,PROD_0233,10/12/2024,1609,444,277,1776.0,1028.02
INV_100521,WH_06,PROD_0097,12/04/2024,3432,364,937,2859.0,1503.58
INV_100522,WH_12,PROD_0166,25/05/2024,4104,1026,548,4582.0,3467.7
INV_100523,WH_03,PROD_0168,12/05/2024,3220,827,966,3081.0,2025.26
INV_100524,WH_11,PROD_0161,09/02/2024,4468,355,1251,3572.0,3325.01
INV_100525,WH_13,PROD_0285,19/05/2024,4324,1096,182,,0.0
INV_100526,WH_09,PROD_0019,24/04/2024,3429,981,701,3709.0,3224.61
INV_100527,WH_07,PROD_0146,29/01/2024,4086,969,336,4719.0,3854.83
INV_100528,WH_12,PROD_0093,02/07/2024,4532,533,736,4329.0,6213.14
INV_100529,WH_09,PROD_0064,15/08/2024,4884,901,335,5450.0,6914.26
INV_100530,WH_14,PROD_0018,29/03/2024,1496,615,565,1546.0,850.57
INV_100531,WH_07,PROD_0062,07/03/2024,3782,1144,256,4670.0,3503.66
INV_100532,WH_08,PROD_0110,14/10/2024,4270,303,1471,3102.0,3236.67
INV_100533,WH_13,PROD_0017,11/03/2024,4509,414,612,4311.0,3441.84
INV_100534,WH_06,PROD_0019,18/12/2024,2480,417,626,,0.0
INV_100535,WH_01,PROD_0278,06/02/2024,1207,303,610,900.0,1027.83
INV_100536,WH_08,PROD_0077,23/05/2024,1149,575,1068,656.0,959.56
INV_100537,WH_03,PROD_0212,11/06/2024,1062,1018,621,1459.0,1098.32
INV_100538,WH_02,PROD_0001,05/03/2024,4881,803,331,5353.0,3015.83
INV_100539,WH_01,PROD_0231,15/09/2024,1432,551,1468,515.0,290.02
INV_100540,WH_07,PROD_0127,29/03/2024,1968,979,1478,1469.0,2091.29
INV_100541,WH_05,PROD_0263,30/08/2024,3072,1260,484,3848.0,3156.74
INV_100542,WH_10,PROD_0254,03/10/2024,2461,767,1459,1769.0,2253.39
INV_100543,WH_09,PROD_0224,06/08/2024,4069,597,425,4241.0,5762.85
INV_100544,WH_05,PROD_0080,20/03/2024,1908,1269,1035,2142.0,1672.15
INV_100545,WH_12,PROD_0218,04/09/2024,1234,1008,817,1425.0,1377.26
INV_100546,WH_13,PROD_0004,13/03/2024,2298,945,383,2860.0,4261.86
INV_100547,WH_02,PROD_0031,13/08/2024,4473,566,786,4253.0,5552.72
INV_100548,WH_06,PROD_0210,01/09/2024,994,406,700,700.0,942.08
INV_100549,WH_03,PROD_0035,14/05/2024,545,1060,1459,146.0,143.35
INV_100550,WH_15,PROD_0042,28/11/2024,2624,838,746,2716.0,2098.5
INV_100551,WH_13,PROD_0289,24/04/2024,1648,520,663,1505.0,937.5
INV_100552,WH_06,PROD_0145,06/04/2024,2707,782,1463,2026.0,1189.57
INV_100553,WH_04,PROD_0198,05/09/2024,958,979,1114,823.0,1111.08
INV_100554,WH_07,PROD_0267,21/08/2024,3985,134,1494,2625.0,2821.59
INV_100555,WH_01,PROD_0274,28/03/2024,1531,1158,882,1807.0,1485.17
INV_100556,WH_01,PROD_0010,28/06/2024,2314,1424,1370,2368.0,1813.45
INV_100557,WH_15,PROD_0004,17/05/2024,1019,873,1431,461.0,253.6
INV_100558,WH_14,PROD_0224,10/08/2024,1671,440,436,1675.0,2033.05
INV_100559,WH_07,PROD_0136,15/07/2024,667,929,617,,0.0
INV_100560,WH_09,PROD_0006,03/01/2024,4816,1235,970,5081.0,3577.24
INV_100561,WH_12,PROD_0235,15/09/2024,1351,495,1065,781.0,427.7
INV_100562,WH_06,PROD_0277,03/05/2024,4207,893,1010,4090.0,6040.46
INV_100563,WH_03,PROD_0251,18/09/2024,2176,1479,1498,2157.0,1858.49
INV_100564,WH_05,PROD_0269,07/12/2024,3251,412,1283,2380.0,2656.88
INV_100565,WH_12,PROD_0209,04/03/2024,2280,1306,1225,2361.0,3246.03
INV_100566,WH_05,PROD_0118,26/05/2024,1433,519,1306,646.0,359.86
INV_100567,WH_14,PROD_0095,15/06/2024,2693,1448,1478,2663.0,3847.0
INV_100568,WH_09,PROD_0037,10/09/2024,3445,1233,214,4464.0,5997.46
INV_100569,WH_15,PROD_0077,07/10/2024,4637,920,1323,4234.0,4375.62
INV_100570,WH_02,PROD_0040,01/01/2024,4237,560,984,,0.0
INV_100571,WH_04,PROD_0168,09/03/2024,3397,533,830,3100.0,2552.11
INV_100572,WH_14,PROD_0291,09/08/2024,1000,207,153,1054.0,730.92
INV_100573,WH_12,PROD_0207,04/05/2024,4810,184,164,4830.0,3368.94
INV_100574,WH_06,PROD_0116,19/08/2024,1133,929,898,1164.0,835.89
INV_100575,WH_04,PROD_0266,22/01/2024,3100,203,287,,0.0
INV_100576,WH_11,PROD_0243,12/04/2024,1279,1323,786,1816.0,921.25
INV_100577,WH_02,PROD_0286,12/11/2024,1977,713,1450,1240.0,814.25
INV_100578,WH_05,PROD_0237,12/02/2024,2787,1191,452,3526.0,2991.87
INV_100579,WH_15,PROD_0082,19/09/2024,3170,344,752,2762.0,3780.78
INV_100580,WH_10,PROD_0268,13/08/2024,2826,1243,1287,2782.0,3412.36
INV_100581,WH_10,PROD_0016,05/03/2024,1228,1374,938,1664.0,1027.09
INV_100582,WH_13,PROD_0036,20/11/2024,2292,1169,966,2495.0,3451.8
INV_100583,WH_12,PROD_0256,13/06/2024,1344,1212,579,1977.0,1276.01
INV_100584,WH_11,PROD_0005,23/05/2024,4516,1484,304,5696.0,3748.1
INV_100585,WH_07,PROD_0054,08/11/2024,638,1170,458,1350.0,1389.14
INV_100586,WH_11,PROD_0243,13/04/2024,3973,737,709,4001.0,2097.42
INV_100587,WH_03,PROD_0043,25/04/2024,910,168,1309,,0.0
INV_100588,WH_05,PROD_0028,18/07/2024,2624,304,127,2801.0,2050.45
INV_100589,WH_08,PROD_0104,11/01/2024,1426,674,1055,1045.0,574.09
INV_100590,WH_02,PROD_0039,09/06/2024,1349,931,695,1585.0,1682.58
INV_100591,WH_07,PROD_0239,08/05/2024,3412,533,179,3766.0,3356.22
INV_100592,WH_03,PROD_0103,07/08/2024,1135,1278,697,1716.0,1078.11
INV_100593,WH_07,PROD_0039,17/07/2024,1358,1344,118,2584.0,3705.14
INV_100594,WH_02,PROD_0067,10/08/2024,2700,559,1140,2119.0,1536.74
INV_100595,WH_13,PROD_0214,14/04/2024,3925,472,572,3825.0,2942.81
INV_100596,WH_06,PROD_0107,19/06/2024,3691,434,987,3138.0,4059.46
INV_100597,WH_09,PROD_0020,05/09/2024,1873,1036,1038,1871.0,1731.92
INV_100598,WH_06,PROD_0157,30/06/2024,3882,195,1259,2818.0,3409.36
INV_100599,WH_05,PROD_0295,21/06/2024,1859,1404,1381,1882.0,2330.2
INV_100600,WH_05,PROD_0124,03/04/2024,1067,1027,982,1112.0,1090.12
INV_100601,WH_07,PROD_0039,04/01/2024,2604,1188,1216,2576.0,3512.7
INV_100602,WH_14,PROD_0073,30/08/2024,3088,1375,612,3851.0,5508.92
INV_100603,WH_08,PROD_0058,18/04/2024,3925,1322,179,5068.0,2988.63
INV_100604,WH_15,PROD_0028,18/03/2024,4280,419,1144,3555.0,4698.45
INV_100605,WH_13,PROD_0207,29/05/2024,507,1164,424,,0.0
INV_100606,WH_11,PROD_0101,28/07/2024,689,365,1179,-125.0,-127.19
INV_100607,WH_02,PROD_0178,24/09/2024,4469,1193,940,,0.0
INV_100608,WH_13,PROD_0273,08/10/2024,2501,1371,540,3332.0,3932.06
INV_100609,WH_10,PROD_0214,28/08/2024,1182,1436,1146,1472.0,1227.55
INV_100610,WH_05,PROD_0108,29/12/2024,543,710,713,540.0,297.69
INV_100611,WH_11,PROD_0263,25/01/2024,4573,472,196,4849.0,6862.84
INV_100612,WH_12,PROD_0116,17/10/2024,2034,1216,421,2829.0,2921.09
INV_100613,WH_06,PROD_0116,02/09/2024,4883,1146,1471,4558.0,4366.54
INV_100614,WH_05,PROD_0174,06/02/2024,4158,898,1378,3678.0,1974.43
INV_100615,WH_14,PROD_0159,03/11/2024,3469,1197,544,4122.0,5972.27
INV_100616,WH_06,PROD_0154,12/03/2024,4700,978,183,5495.0,4724.51
INV_100617,WH_10,PROD_0026,15/12/2024,4846,1150,991,5005.0,4254.67
INV_100618,WH_05,PROD_0117,24/10/2024,643,1106,1064,685.0,734.49
INV_100619,WH_12,PROD_0052,29/09/2024,3528,1441,1452,,0.0
INV_100620,WH_01,PROD_0087,05/08/2024,4828,1449,538,5739.0,7282.16
INV_100621,WH_01,PROD_0165,09/11/2024,1765,1185,1080,1870.0,1773.56
INV_100622,WH_08,PROD_0287,26/02/2024,539,1470,1016,993.0,544.48
INV_100623,WH_06,PROD_0139,21/02/2024,1373,601,182,1792.0,931.64
INV_100624,WH_10,PROD_0200,20/03/2024,2151,300,945,1506.0,868.87
INV_100625,WH_15,PROD_0062,24/07/2024,2175,1274,460,2989.0,2575.45
INV_100626,WH_03,PROD_0141,22/03/2024,2622,370,1392,1600.0,1819.65
INV_100627,WH_07,PROD_0151,18/06/2024,1751,1171,728,2194.0,1548.87
INV_100628,WH_05,PROD_0231,06/11/2024,4971,726,837,4860.0,6130.28
INV_100629,WH_06,PROD_0229,25/02/2024,2645,318,1335,1628.0,1687.5
INV_100630,WH_14,PROD_0072,13/04/2024,1976,1162,859,2279.0,2884.14
INV_100631,WH_02,PROD_0169,17/05/2024,1339,1349,812,1876.0,2454.11
INV_100632,WH_08,PROD_0022,25/09/2024,4850,1002,1208,4644.0,4386.98
INV_100633,WH_10,PROD_0005,12/12/2024,3656,1099,639,4116.0,3621.85
INV_100634,WH_07,PROD_0127,02/02/2024,2699,543,748,2494.0,3711.6
INV_100635,WH_11,PROD_0037,26/02/2024,704,1200,413,1491.0,926.96
INV_100636,WH_13,PROD_0152,14/12/2024,3235,131,1162,2204.0,2528.99
INV_100637,WH_02,PROD_0153,10/02/2024,4682,959,1423,4218.0,3836.63
INV_100638,WH_09,PROD_0140,14/02/2024,3441,786,805,3422.0,2676.15
INV_100639,WH_06,PROD_0288,21/08/2024,4243,686,1081,3848.0,3959.19
INV_100640,WH_02,PROD_0198,25/04/2024,3116,1121,890,3347.0,2688.77
INV_100641,WH_08,PROD_0121,12/04/2024,2685,1123,1040,2768.0,1612.28
INV_100642,WH_08,PROD_0189,07/05/2024,1176,1275,1001,1450.0,815.38
INV_100643,WH_01,PROD_0256,18/05/2024,2902,766,509,3159.0,4444.29
INV_100644,WH_14,PROD_0112,23/10/2024,4575,301,535,4341.0,3957.56
INV_100645,WH_03,PROD_0270,27/03/2024,1736,940,273,2403.0,3374.66
INV_100646,WH_04,PROD_0020,14/08/2024,4314,1398,1335,4377.0,5108.77
INV_100647,WH_12,PROD_0031,16/10/2024,870,635,1003,502.0,571.85
INV_100648,WH_02,PROD_0254,06/06/2024,2997,1500,351,4146.0,5779.05
INV_100649,WH_11,PROD_0051,17/12/2024,753,299,1479,-427.0,-637.33
INV_100650,WH_09,PROD_0191,04/09/2024,3424,1354,607,4171.0,5850.73
INV_100651,WH_02,PROD_0206,16/05/2024,1097,1320,1008,1409.0,1060.01
INV_100652,WH_09,PROD_0294,04/06/2024,4162,1188,768,4582.0,5623.66
INV_100653,WH_07,PROD_0081,12/02/2024,2108,1354,1046,2416.0,3003.96
INV_100654,WH_13,PROD_0250,13/05/2024,677,1153,1260,570.0,600.33
INV_100655,WH_12,PROD_0153,14/10/2024,3408,735,442,,0.0
INV_100656,WH_06,PROD_0056,06/11/2024,2417,1272,1439,2250.0,1153.52
INV_100657,WH_12,PROD_0244,26/04/2024,4519,1011,351,5179.0,2612.27
INV_100658,WH_03,PROD_0116,11/11/2024,3437,1385,891,3931.0,4476.48
INV_100659,WH_13,PROD_0146,09/12/2024,2691,277,828,2140.0,1158.18
INV_100660,WH_08,PROD_0053,14/04/2024,4291,661,1341,3611.0,4108.6
INV_100661,WH_12,PROD_0138,01/03/2024,4047,630,258,4419.0,4505.9
INV_100662,WH_11,PROD_0205,18/05/2024,3297,137,1170,2264.0,2382.95
INV_100663,WH_09,PROD_0195,09/06/2024,4378,513,1322,3569.0,2148.46
INV_100664,WH_14,PROD_0072,04/07/2024,2205,1245,1420,2030.0,1307.3
INV_100665,WH_05,PROD_0195,17/06/2024,4268,701,1027,,0.0
INV_100666,WH_08,PROD_0035,03/07/2024,4245,560,1404,3401.0,4428.82
INV_100667,WH_11,PROD_0119,02/01/2024,4882,1415,1006,5291.0,4714.56
INV_100668,WH_10,PROD_0091,09/01/2024,4915,1269,1237,4947.0,5428.28
INV_100669,WH_04,PROD_0192,09/06/2024,2053,1135,446,2742.0,3445.5
INV_100670,WH_15,PROD_0281,24/09/2024,2398,449,782,2065.0,2941.8
INV_100671,WH_15,PROD_0136,10/05/2024,621,381,373,629.0,819.14
INV_100672,WH_11,PROD_0195,14/07/2024,3050,310,969,2391.0,2677.46
INV_100673,WH_04,PROD_0016,01/09/2024,2693,792,1264,2221.0,1720.42
INV_100674,WH_12,PROD_0152,17/12/2024,2264,1295,1302,2257.0,1926.98
INV_100675,WH_05,PROD_0108,11/05/2024,1561,399,1144,816.0,802.99
INV_100676,WH_15,PROD_0226,02/03/2024,1763,1311,970,2104.0,2761.55
INV_100677,WH_09,PROD_0100,21/09/2024,2444,1356,900,,0.0
INV_100678,WH_12,PROD_0067,22/05/2024,1060,990,976,1074.0,614.88
INV_100679,WH_04,PROD_0261,05/12/2024,3620,860,930,3550.0,4201.18
INV_100680,WH_07,PROD_0085,04/03/2024,597,768,993,372.0,357.29
INV_100681,WH_03,PROD_0106,24/04/2024,3202,957,480,3679.0,4697.14
INV_100682,WH_14,PROD_0215,04/09/2024,2295,604,234,2665.0,3943.51
INV_100683,WH_10,PROD_0276,10/10/2024,4584,1118,497,5205.0,7751.86
INV_100684,WH_05,PROD_0108,19/09/2024,663,105,1462,-694.0,-978.44
INV_100685,WH_07,PROD_0283,22/02/2024,3558,340,854,3044.0,2161.73
INV_100686,WH_05,PROD_0292,03/07/2024,1576,441,1468,549.0,424.88
INV_100687,WH_03,PROD_0172,19/04/2024,1857,1294,1262,,0.0
INV_100688,WH_11,PROD_0005,25/06/2024,3053,670,555,3168.0,1808.39
INV_100689,WH_11,PROD_0094,17/08/2024,3135,1133,1313,2955.0,2900.17
INV_100690,WH_14,PROD_0210,02/08/2024,2305,698,226,2777.0,2365.16
INV_100691,WH_04,PROD_0264,30/03/2024,2845,989,1443,2391.0,2874.57
INV_100692,WH_09,PROD_0020,07/10/2024,1956,570,445,2081.0,1828.97
INV_100693,WH_08,PROD_0051,15/08/2024,2148,268,831,1585.0,1492.97
INV_100694,WH_03,PROD_0020,08/04/2024,4219,689,986,3922.0,3280.33
INV_100695,WH_15,PROD_0196,09/11/2024,3606,226,1256,2576.0,2554.81
INV_100696,WH_15,PROD_0244,14/11/2024,3530,812,200,4142.0,3781.83
INV_100697,WH_09,PROD_0250,27/07/2024,1740,937,373,2304.0,1430.74
INV_100698,WH_07,PROD_0288,09/11/2024,3579,1421,1239,3761.0,5137.34
INV_100699,WH_01,PROD_0260,18/08/2024,1128,1255,388,1995.0,2717.12
INV_100700,WH_03,PROD_0060,27/06/2024,4497,1395,912,4980.0,4460.72
INV_100701,WH_01,PROD_0081,28/03/2024,3131,1147,1221,3057.0,4329.67
INV_100702,WH_15,PROD_0141,03/12/2024,2370,672,1068,1974.0,1212.3
INV_100703,WH_02,PROD_0253,15/08/2024,1164,1449,578,2035.0,1897.86
INV_100704,WH_04,PROD_0185,31/08/2024,3675,110,296,3489.0,5108.79
INV_100705,WH_14,PROD_0276,03/09/2024,2760,354,1039,,0.0
INV_100706,WH_14,PROD_0185,12/10/2024,2627,848,117,3358.0,4749.31
INV_100707,WH_15,PROD_0243,17/06/2024,2827,908,1257,2478.0,3688.97
INV_100708,WH_07,PROD_0203,10/05/2024,3104,466,876,2694.0,3222.7
INV_100709,WH_13,PROD_0036,12/11/2024,3185,835,1037,,0.0
INV_100710,WH_06,PROD_0040,24/08/2024,4255,1343,1248,4350.0,3330.8
INV_100711,WH_13,PROD_0270,21/12/2024,2214,1170,1231,2153.0,1142.3
INV_100712,WH_13,PROD_0106,10/12/2024,863,125,1313,-325.0,-421.94
INV_100713,WH_11,PROD_0081,14/02/2024,2939,636,779,2796.0,4106.08
INV_100714,WH_11,PROD_0207,29/07/2024,4786,629,282,5133.0,7040.48
INV_100715,WH_15,PROD_0097,13/02/2024,1275,1100,843,1532.0,1777.36
INV_100716,WH_10,PROD_0203,04/04/2024,3852,662,511,4003.0,5878.56
INV_100717,WH_10,PROD_0119,15/03/2024,4534,877,638,4773.0,4618.03
INV_100718,WH_02,PROD_0146,16/03/2024,1528,1003,1401,1130.0,672.46
INV_100719,WH_02,PROD_0218,27/09/2024,2584,773,687,2670.0,2916.52
INV_100720,WH_01,PROD_0276,20/07/2024,3789,1496,828,4457.0,3023.6
INV_100721,WH_05,PROD_0069,07/02/2024,4176,878,987,4067.0,3846.73
INV_100722,WH_09,PROD_0272,16/10/2024,593,1473,206,1860.0,2619.71
INV_100723,WH_07,PROD_0084,02/02/2024,4282,807,1022,4067.0,4091.78
INV_100724,WH_07,PROD_0123,20/07/2024,696,1183,323,1556.0,836.27
INV_100725,WH_09,PROD_0217,10/10/2024,554,1274,938,890.0,1041.31
INV_100726,WH_01,PROD_0255,28/06/2024,4007,202,625,3584.0,4792.72
INV_100727,WH_15,PROD_0287,10/07/2024,4193,227,987,3433.0,2048.13
INV_100728,WH_03,PROD_0025,06/06/2024,4681,1127,1383,4425.0,3152.75
INV_100729,WH_13,PROD_0163,28/09/2024,4204,1152,1155,4201.0,2495.95
INV_100730,WH_03,PROD_0199,13/06/2024,1031,139,1203,-33.0,-21.19
INV_100731,WH_12,PROD_0217,01/11/2024,3465,1012,834,3643.0,1951.89
INV_100732,WH_05,PROD_0272,17/12/2024,1898,506,1267,1137.0,622.47
INV_100733,WH_01,PROD_0162,21/08/2024,2598,1186,1081,2703.0,3996.11
INV_100734,WH_08,PROD_0176,14/04/2024,4311,1361,1172,4500.0,6092.08
INV_100735,WH_02,PROD_0189,01/04/2024,2635,924,509,3050.0,1556.48
INV_100736,WH_15,PROD_0261,26/01/2024,4994,1418,481,5931.0,6773.26
INV_100737,WH_02,PROD_0215,26/03/2024,1577,1308,1235,1650.0,1707.95
INV_100738,WH_12,PROD_0228,13/11/2024,3731,1032,1433,3330.0,4807.92
INV_100739,WH_14,PROD_0026,06/02/2024,3767,663,244,4186.0,2654.0
INV_100740,WH_03,PROD_0032,04/12/2024,2410,642,656,2396.0,2363.56
INV_100741,WH_12,PROD_0249,11/01/2024,2412,236,147,2501.0,3624.34
INV_100742,WH_04,PROD_0254,09/09/2024,4867,1355,113,6109.0,6863.08
INV_100743,WH_07,PROD_0184,19/03/2024,4870,755,232,5393.0,5608.6
INV_100744,WH_07,PROD_0141,23/12/2024,3040,778,690,3128.0,4172.14
INV_100745,WH_08,PROD_0293,30/01/2024,4502,1059,992,4569.0,3255.29
INV_100746,WH_10,PROD_0167,08/01/2024,2300,1176,711,2765.0,1434.99
INV_100747,WH_12,PROD_0199,01/11/2024,1310,851,1420,741.0,968.28
INV_100748,WH_10,PROD_0108,30/03/2024,3394,648,270,3772.0,5360.21
INV_100749,WH_06,PROD_0087,29/04/2024,2524,973,762,2735.0,2395.41
INV_100750,WH_08,PROD_0232,07/02/2024,1908,933,631,2210.0,3304.22
INV_100751,WH_08,PROD_0024,09/04/2024,4234,1196,1305,4125.0,5554.08
INV_100752,WH_02,PROD_0239,15/09/2024,4409,387,900,3896.0,3975.02
INV_100753,WH_12,PROD_0039,17/05/2024,1871,1338,523,2686.0,2171.79
INV_100754,WH_07,PROD_0123,13/03/2024,4183,1340,738,4785.0,3971.64
INV_100755,WH_15,PROD_0146,08/11/2024,4348,473,875,,0.0
INV_100756,WH_11,PROD_0065,27/09/2024,1609,820,1480,949.0,513.14
INV_100757,WH_01,PROD_0080,24/06/2024,785,1262,1249,798.0,914.07
INV_100758,WH_15,PROD_0284,25/05/2024,3508,394,610,3292.0,3102.87
INV_100759,WH_08,PROD_0248,03/10/2024,1306,400,633,1073.0,1069.88
INV_100760,WH_06,PROD_0187,08/01/2024,1946,986,1150,1782.0,2576.0
INV_100761,WH_01,PROD_0154,31/05/2024,1594,1162,672,2084.0,1550.51
INV_100762,WH_13,PROD_0185,22/03/2024,2973,407,663,2717.0,1787.21
INV_100763,WH_06,PROD_0128,06/05/2024,2366,1354,690,3030.0,1825.45
INV_100764,WH_13,PROD_0252,01/10/2024,4885,866,702,5049.0,6749.19
INV_100765,WH_11,PROD_0290,02/06/2024,3980,1409,450,4939.0,6347.13
INV_100766,WH_14,PROD_0171,05/04/2024,4860,1467,488,5839.0,3437.94
INV_100767,WH_06,PROD_0245,20/07/2024,3365,1035,1477,2923.0,2903.61
INV_100768,WH_14,PROD_0040,24/02/2024,699,454,680,473.0,663.77
INV_100769,WH_06,PROD_0139,26/09/2024,2864,497,466,2895.0,2934.89
INV_100770,WH_02,PROD_0252,11/10/2024,2332,1077,436,2973.0,3036.01
INV_100771,WH_12,PROD_0180,25/01/2024,4091,1244,737,4598.0,3982.28
INV_100772,WH_01,PROD_0244,08/05/2024,1631,1240,900,1971.0,2038.03
INV_100773,WH_13,PROD_0188,19/06/2024,2034,1260,1144,2150.0,1688.63
INV_100774,WH_03,PROD_0159,06/09/2024,1802,1209,592,2419.0,3020.92
INV_100775,WH_08,PROD_0188,07/12/2024,671,1190,286,1575.0,1337.84
INV_100776,WH_10,PROD_0159,29/03/2024,1610,867,1136,1341.0,1131.26
INV_100777,WH_05,PROD_0053,18/12/2024,3662,474,569,3567.0,2085.92
INV_100778,WH_06,PROD_0060,25/02/2024,1357,470,322,1505.0,1355.22
INV_100779,WH_14,PROD_0254,08/08/2024,2151,1005,635,2521.0,3462.45
INV_100780,WH_03,PROD_0049,19/06/2024,1944,1388,1428,1904.0,1463.72
INV_100781,WH_10,PROD_0120,24/11/2024,3003,364,596,2771.0,2125.4
INV_100782,WH_04,PROD_0239,23/05/2024,4139,779,1204,3714.0,1869.4
INV_100783,WH_01,PROD_0195,21/11/2024,4495,1440,1214,4721.0,2958.39
INV_100784,WH_06,PROD_0052,04/07/2024,674,1329,389,1614.0,1705.19
INV_100785,WH_14,PROD_0112,28/01/2024,3267,1426,835,3858.0,2927.36
INV_100786,WH_10,PROD_0224,16/04/2024,1394,615,430,1579.0,1546.83
INV_100787,WH_07,PROD_0140,16/02/2024,804,1287,1298,793.0,529.5
INV_100788,WH_13,PROD_0038,01/11/2024,3491,895,1203,3183.0,4426.23
INV_100789,WH_10,PROD_0231,16/05/2024,1507,318,387,1438.0,1973.65
INV_100790,WH_02,PROD_0046,19/08/2024,4008,1362,653,4717.0,5601.16
INV_100791,WH_01,PROD_0120,23/09/2024,2202,619,1441,1380.0,698.35
INV_100792,WH_08,PROD_0055,24/09/2024,735,350,580,505.0,745.06
INV_100793,WH_13,PROD_0107,08/02/2024,1236,1186,214,2208.0,1600.18
INV_100794,WH_13,PROD_0293,23/01/2024,2668,1019,1342,2345.0,1690.59
INV_100795,WH_11,PROD_0058,03/09/2024,1689,1158,1490,1357.0,1830.11
INV_100796,WH_07,PROD_0242,28/02/2024,1157,1148,740,1565.0,1212.08
INV_100797,WH_12,PROD_0120,04/04/2024,4794,236,847,4183.0,2224.59
INV_100798,WH_13,PROD_0186,01/07/2024,1335,160,1060,435.0,441.16
INV_100799,WH_02,PROD_0083,19/09/2024,1131,149,993,287.0,377.87
INV_100800,WH_05,PROD_0293,11/07/2024,1421,945,1310,1056.0,781.74
INV_100801,WH_14,PROD_0257,21/03/2024,3887,781,147,4521.0,5066.03
INV_100802,WH_01,PROD_0032,24/10/2024,2194,300,336,2158.0,2484.96
INV_100803,WH_15,PROD_0029,12/10/2024,3811,898,890,3819.0,3307.95
INV_100804,WH_06,PROD_0101,21/09/2024,1666,616,770,1512.0,2100.06
INV_100805,WH_05,PROD_0079,18/10/2024,1216,1496,205,2507.0,3691.27
INV_100806,WH_02,PROD_0126,30/08/2024,3470,913,746,3637.0,5371.6
INV_100807,WH_05,PROD_0182,25/09/2024,4469,429,1102,3796.0,5055.43
INV_100808,WH_03,PROD_0099,26/05/2024,2814,570,112,3272.0,2778.07
INV_100809,WH_07,PROD_0217,28/03/2024,1775,1093,658,2210.0,2580.95
INV_100810,WH_06,PROD_0169,16/08/2024,3853,1074,1193,3734.0,5014.21
INV_100811,WH_15,PROD_0060,19/08/2024,547,775,1133,189.0,167.84
INV_100812,WH_01,PROD_0264,05/03/2024,568,412,1337,-357.0,-212.29
INV_100813,WH_09,PROD_0020,25/07/2024,2791,1273,856,3208.0,2469.67
INV_100814,WH_02,PROD_0274,25/09/2024,3238,1322,1297,3263.0,3228.13
INV_100815,WH_10,PROD_0271,18/09/2024,1438,1382,1187,1633.0,2428.83
INV_100816,WH_07,PROD_0011,18/10/2024,1959,490,811,1638.0,1426.82
INV_100817,WH_01,PROD_0171,30/06/2024,3681,224,781,3124.0,3137.74
INV_100818,WH_11,PROD_0054,20/03/2024,2951,1456,1035,3372.0,2306.12
INV_100819,WH_09,PROD_0022,26/10/2024,1440,785,1077,1148.0,706.81
INV_100820,WH_01,PROD_0068,27/09/2024,3449,1205,1153,3501.0,3816.11
INV_100821,WH_13,PROD_0056,24/01/2024,1283,224,626,881.0,968.27
INV_100822,WH_15,PROD_0082,12/06/2024,1895,1303,504,2694.0,2855.05
INV_100823,WH_10,PROD_0104,07/05/2024,762,698,135,1325.0,1792.8
INV_100824,WH_14,PROD_0006,17/09/2024,2181,457,884,,0.0
INV_100825,WH_06,PROD_0207,14/12/2024,4119,470,513,4076.0,4847.09
INV_100826,WH_11,PROD_0272,05/08/2024,3203,926,959,3170.0,3961.48
INV_100827,WH_15,PROD_0195,06/11/2024,987,364,1444,-93.0,-77.76
INV_100828,WH_05,PROD_0282,04/12/2024,821,124,124,821.0,902.02
INV_100829,WH_09,PROD_0159,02/02/2024,1250,932,1242,940.0,1353.44
INV_100830,WH_15,PROD_0101,14/11/2024,3343,1434,337,4440.0,5544.7
INV_100831,WH_15,PROD_0116,25/01/2024,2150,308,1254,1204.0,1654.32
INV_100832,WH_10,PROD_0248,09/09/2024,4651,923,1143,4431.0,4174.24
INV_100833,WH_15,PROD_0063,17/10/2024,918,714,482,1150.0,1251.23
INV_100834,WH_07,PROD_0187,03/08/2024,1928,1296,208,3016.0,3354.79
INV_100835,WH_11,PROD_0059,08/06/2024,3520,1328,1110,3738.0,3078.8
INV_100836,WH_06,PROD_0055,10/07/2024,1367,1184,1106,1445.0,1970.6
INV_100837,WH_05,PROD_0173,25/10/2024,4702,811,681,4832.0,3274.65
INV_100838,WH_09,PROD_0078,29/01/2024,1761,317,603,1475.0,992.49
INV_100839,WH_04,PROD_0093,19/09/2024,3948,546,504,3990.0,2227.12
INV_100840,WH_11,PROD_0132,03/03/2024,4328,1496,534,5290.0,3203.77
INV_100841,WH_05,PROD_0185,23/09/2024,2427,1001,250,3178.0,3146.92
INV_100842,WH_14,PROD_0285,16/06/2024,3312,1227,885,3654.0,3560.65
INV_100843,WH_02,PROD_0213,23/05/2024,2721,499,531,2689.0,2550.4
INV_100844,WH_12,PROD_0219,11/01/2024,3771,238,216,3793.0,5047.95
INV_100845,WH_10,PROD_0278,26/10/2024,4505,681,489,4697.0,5814.65
INV_100846,WH_06,PROD_0025,02/06/2024,4874,176,1365,,0.0
INV_100847,WH_14,PROD_0294,15/11/2024,2325,298,849,1774.0,1863.97
INV_100848,WH_03,PROD_0274,04/02/2024,4599,1073,112,5560.0,4613.21
INV_100849,WH_12,PROD_0113,24/01/2024,2547,536,873,2210.0,1358.17
INV_100850,WH_05,PROD_0043,15/07/2024,1387,940,115,2212.0,3035.28
INV_100851,WH_06,PROD_0251,11/12/2024,4679,266,1458,3487.0,3236.57
INV_100852,WH_08,PROD_0088,02/03/2024,2456,246,332,2370.0,2378.27
INV_100853,WH_08,PROD_0154,03/07/2024,1204,933,176,1961.0,2566.89
INV_100854,WH_08,PROD_0284,06/08/2024,3331,270,1170,2431.0,1736.34
INV_100855,WH_08,PROD_0072,13/12/2024,3273,1196,685,3784.0,3413.84
INV_100856,WH_06,PROD_0263,13/10/2024,3324,190,544,2970.0,3328.88
INV_100857,WH_03,PROD_0164,19/06/2024,843,1417,791,1469.0,1462.59
INV_100858,WH_14,PROD_0279,05/09/2024,4431,1460,738,5153.0,6781.15
INV_100859,WH_13,PROD_0021,23/03/2024,4134,188,726,3596.0,2888.78
INV_100860,WH_03,PROD_0113,31/12/2024,3240,1457,1170,3527.0,5090.71
INV_100861,WH_05,PROD_0058,17/09/2024,777,366,651,,0.0
INV_100862,WH_15,PROD_0078,25/09/2024,4911,1090,1134,4867.0,7264.87
INV_100863,WH_11,PROD_0059,10/05/2024,3696,1242,989,3949.0,5656.57
INV_100864,WH_12,PROD_0008,15/02/2024,1140,983,1299,824.0,712.14
INV_100865,WH_11,PROD_0053,30/09/2024,3172,305,106,3371.0,5034.28
INV_100866,WH_03,PROD_0218,22/05/2024,2722,1478,405,3795.0,1971.39
INV_100867,WH_10,PROD_0070,05/02/2024,1097,1093,1358,832.0,923.76
INV_100868,WH_15,PROD_0056,24/05/2024,4387,850,1285,3952.0,5583.02
INV_100869,WH_06,PROD_0053,15/08/2024,1737,205,1344,598.0,799.74
INV_100870,WH_01,PROD_0027,15/08/2024,3846,960,736,4070.0,2564.65
INV_100871,WH_13,PROD_0276,29/12/2024,2213,442,412,2243.0,1951.98
INV_100872,WH_06,PROD_0249,22/02/2024,4156,415,1189,3382.0,2167.71
INV_100873,WH_01,PROD_0157,27/09/2024,3263,1060,1187,3136.0,2804.06
INV_100874,WH_14,PROD_0175,13/01/2024,931,695,1362,264.0,292.55
INV_100875,WH_10,PROD_0089,06/02/2024,2881,369,321,2929.0,2800.02
INV_100876,WH_02,PROD_0248,17/06/2024,3658,1026,1334,3350.0,3693.14
INV_100877,WH_02,PROD_0234,11/09/2024,2439,166,1485,,0.0
INV_100878,WH_14,PROD_0045,05/12/2024,2800,726,622,2904.0,3964.26
INV_100879,WH_07,PROD_0262,05/09/2024,4445,174,549,4070.0,2942.24
INV_100880,WH_09,PROD_0130,14/04/2024,2505,1321,255,3571.0,4863.75
INV_100881,WH_04,PROD_0144,10/10/2024,857,333,572,618.0,604.0
INV_100882,WH_05,PROD_0299,07/11/2024,2837,469,367,2939.0,3892.83
INV_100883,WH_05,PROD_0117,28/10/2024,3180,397,716,2861.0,2928.19
INV_100884,WH_15,PROD_0287,23/09/2024,2716,139,338,,0.0
INV_100885,WH_02,PROD_0092,23/08/2024,3001,650,1185,2466.0,2275.45
INV_100886,WH_15,PROD_0284,30/12/2024,4182,1389,1129,4442.0,6580.13
INV_100887,WH_10,PROD_0153,11/03/2024,3098,159,1401,1856.0,1431.47
INV_100888,WH_14,PROD_0299,18/10/2024,1068,726,827,967.0,1052.14
INV_100889,WH_01,PROD_0031,17/05/2024,1184,621,484,1321.0,1524.6
INV_100890,WH_07,PROD_0259,06/06/2024,3839,484,1169,3154.0,2968.96
INV_100891,WH_13,PROD_0194,26/02/2024,3301,278,1148,2431.0,1829.11
INV_100892,WH_01,PROD_0208,15/01/2024,2047,768,657,2158.0,1123.42
INV_100893,WH_15,PROD_0241,31/05/2024,2241,476,830,1887.0,2794.38
INV_100894,WH_02,PROD_0004,01/08/2024,3774,1377,1111,4040.0,4538.79
INV_100895,WH_04,PROD_0225,11/10/2024,4832,531,855,4508.0,6575.04
INV_100896,WH_14,PROD_0228,27/01/2024,2224,1387,631,2980.0,3040.2
INV_100897,WH_04,PROD_0004,17/08/2024,2486,699,824,2361.0,1424.83
INV_100898,WH_15,PROD_0075,10/12/2024,976,421,771,626.0,687.62
INV_100899,WH_08,PROD_0120,11/12/2024,3310,1021,1473,2858.0,1987.26
INV_100900,WH_11,PROD_0080,30/12/2024,2934,248,1019,2163.0,1101.13
INV_100901,WH_09,PROD_0140,16/07/2024,827,621,878,570.0,508.69
INV_100902,WH_02,PROD_0070,25/12/2024,3600,394,1002,2992.0,2338.32
INV_100903,WH_04,PROD_0229,30/04/2024,1386,569,474,1481.0,2207.48
INV_100904,WH_01,PROD_0128,12/08/2024,2352,1257,1020,2589.0,3601.86
INV_100905,WH_13,PROD_0135,15/11/2024,1979,594,599,1974.0,2191.16
INV_100906,WH_12,PROD_0168,18/01/2024,2011,185,1151,1045.0,645.1
INV_100907,WH_05,PROD_0156,20/04/2024,2454,500,1407,1547.0,1814.18
INV_100908,WH_04,PROD_0081,11/09/2024,3533,1252,328,4457.0,4106.59
INV_100909,WH_11,PROD_0265,28/06/2024,2167,1395,1360,2202.0,3126.41
INV_100910,WH_08,PROD_0028,21/05/2024,2732,1432,375,3789.0,4711.19
INV_100911,WH_14,PROD_0114,27/09/2024,3276,857,306,3827.0,5594.2
INV_100912,WH_14,PROD_0039,09/04/2024,2312,937,879,2370.0,2037.81
INV_100913,WH_06,PROD_0253,26/08/2024,4672,1391,1214,4849.0,5619.99
INV_100914,WH_08,PROD_0180,08/12/2024,3122,151,438,2835.0,3613.13
INV_100915,WH_01,PROD_0040,28/02/2024,4964,1333,115,6182.0,3544.78
INV_100916,WH_06,PROD_0088,04/10/2024,1340,1270,785,1825.0,1524.87
INV_100917,WH_01,PROD_0225,21/10/2024,2374,189,1195,1368.0,779.91
INV_100918,WH_08,PROD_0284,22/01/2024,828,1136,1079,885.0,938.58
INV_100919,WH_05,PROD_0241,19/11/2024,4595,708,789,4514.0,5134.83
INV_100920,WH_09,PROD_0123,01/02/2024,2452,1011,442,3021.0,1621.34
INV_100921,WH_09,PROD_0193,17/11/2024,2221,177,958,1440.0,870.13
INV_100922,WH_13,PROD_0140,07/12/2024,920,416,415,921.0,602.45
INV_100923,WH_11,PROD_0094,22/12/2024,1220,1068,1233,1055.0,1021.47
INV_100924,WH_14,PROD_0041,26/12/2024,1097,217,828,486.0,565.88
INV_100925,WH_02,PROD_0078,11/02/2024,2390,446,825,2011.0,1417.09
INV_100926,WH_04,PROD_0100,19/04/2024,4971,541,197,5315.0,7610.74
INV_100927,WH_05,PROD_0073,09/05/2024,4038,395,453,3980.0,2032.54
INV_100928,WH_03,PROD_0186,11/11/2024,777,315,1090,2.0,1.2
INV_100929,WH_13,PROD_0114,18/04/2024,2645,1083,589,3139.0,2824.59
INV_100930,WH_12,PROD_0265,10/01/2024,828,1012,973,867.0,1024.84
INV_100931,WH_14,PROD_0159,20/11/2024,3338,934,138,4134.0,3358.24
INV_100932,WH_12,PROD_0056,10/01/2024,2917,1119,1007,3029.0,1626.5
INV_100933,WH_09,PROD_0212,03/10/2024,4142,797,1114,3825.0,3754.51
INV_100934,WH_02,PROD_0223,23/05/2024,4571,1216,345,5442.0,6090.91
INV_100935,WH_09,PROD_0292,11/08/2024,1528,725,1209,1044.0,1432.26
INV_100936,WH_11,PROD_0242,23/07/2024,3222,493,1419,2296.0,1642.34
INV_100937,WH_08,PROD_0182,20/08/2024,4157,436,1210,3383.0,3839.3
INV_100938,WH_10,PROD_0055,11/04/2024,1372,1240,464,2148.0,1233.44
INV_100939,WH_01,PROD_0230,18/10/2024,2334,611,1243,1702.0,1118.78
INV_100940,WH_15,PROD_0071,22/03/2024,4497,680,927,4250.0,6320.02
INV_100941,WH_07,PROD_0127,12/11/2024,1845,377,770,1452.0,1310.59
INV_100942,WH_07,PROD_0211,16/10/2024,2101,1473,1362,2212.0,1333.02
INV_100943,WH_04,PROD_0002,03/04/2024,4451,892,1264,4079.0,5324.14
INV_100944,WH_14,PROD_0139,28/10/2024,1254,743,1371,626.0,583.77
INV_100945,WH_05,PROD_0232,24/02/2024,2610,1194,1454,2350.0,3269.36
INV_100946,WH_10,PROD_0147,18/09/2024,3792,1118,861,4049.0,3492.58
INV_100947,WH_04,PROD_0010,31/10/2024,3990,727,1430,3287.0,4245.4
INV_100948,WH_06,PROD_0164,27/01/2024,4625,1328,210,5743.0,6687.78
INV_100949,WH_12,PROD_0182,29/11/2024,2904,220,512,2612.0,2307.87
INV_100950,WH_01,PROD_0273,29/06/2024,1840,975,677,2138.0,2571.41
INV_100951,WH_13,PROD_0188,20/08/2024,3284,753,285,3752.0,2394.5
INV_100952,WH_01,PROD_0167,13/11/2024,1801,1249,305,2745.0,3679.33
INV_100953,WH_02,PROD_0214,29/10/2024,874,764,385,1253.0,1203.77
INV_100954,WH_12,PROD_0113,03/03/2024,1079,1320,1117,1282.0,1031.52
INV_100955,WH_15,PROD_0191,06/08/2024,1258,419,642,1035.0,559.29
INV_100956,WH_06,PROD_0033,10/06/2024,646,416,194,868.0,826.77
INV_100957,WH_11,PROD_0058,14/11/2024,1642,151,468,1325.0,1684.68
INV_100958,WH_04,PROD_0200,07/05/2024,3372,539,873,3038.0,3213.47
INV_100959,WH_04,PROD_0194,19/03/2024,4024,1331,189,5166.0,4368.51
INV_100960,WH_02,PROD_0028,25/02/2024,3754,857,676,3935.0,5064.95
INV_100961,WH_08,PROD_0273,05/03/2024,1384,1080,200,2264.0,2656.26
INV_100962,WH_11,PROD_0223,17/01/2024,1376,1077,960,1493.0,1337.81
INV_100963,WH_12,PROD_0186,11/01/2024,3425,385,640,3170.0,3108.63
INV_100964,WH_14,PROD_0086,30/06/2024,1074,457,1363,168.0,175.37
INV_100965,WH_11,PROD_0090,20/09/2024,4972,1075,319,5728.0,5578.44
INV_100966,WH_10,PROD_0014,12/01/2024,2549,408,1434,1523.0,1326.18
INV_100967,WH_03,PROD_0289,02/06/2024,4338,720,240,4818.0,5608.45
INV_100968,WH_09,PROD_0105,16/10/2024,820,770,176,1414.0,799.41
INV_100969,WH_12,PROD_0166,12/12/2024,2056,191,144,2103.0,2912.6
INV_100970,WH_01,PROD_0144,19/02/2024,4974,1050,1282,4742.0,5965.89
INV_100971,WH_05,PROD_0106,16/03/2024,4379,618,371,4626.0,2664.46
INV_100972,WH_10,PROD_0094,04/09/2024,3949,958,1411,3496.0,2488.59
INV_100973,WH_15,PROD_0230,17/01/2024,4456,610,1367,3699.0,5497.61
INV_100974,WH_13,PROD_0215,04/09/2024,2223,677,1245,1655.0,1376.67
INV_100975,WH_11,PROD_0029,29/12/2024,3019,1431,1260,3190.0,3734.61
INV_100976,WH_08,PROD_0177,17/08/2024,4412,625,1310,3727.0,4830.06
INV_100977,WH_06,PROD_0189,07/04/2024,1776,1107,217,2666.0,3297.6
INV_100978,WH_15,PROD_0118,01/06/2024,3617,907,812,3712.0,4980.56
INV_100979,WH_15,PROD_0057,20/11/2024,4918,695,920,4693.0,2850.56
INV_100980,WH_04,PROD_0029,03/04/2024,4145,1044,282,4907.0,6289.55
INV_100981,WH_13,PROD_0048,18/04/2024,4682,417,1272,3827.0,4550.23
INV_100982,WH_03,PROD_0183,02/09/2024,1997,190,362,1825.0,1526.33
INV_100983,WH_05,PROD_0272,24/04/2024,1985,936,462,2459.0,1520.39
INV_100984,WH_14,PROD_0057,19/02/2024,1918,386,1265,1039.0,1027.14
INV_100985,WH_05,PROD_0179,31/01/2024,3637,1197,841,3993.0,4934.37
INV_100986,WH_02,PROD_0072,28/05/2024,4983,831,641,5173.0,6425.56
INV_100987,WH_12,PROD_0030,25/02/2024,4027,986,1247,3766.0,3161.78
INV_100988,WH_08,PROD_0237,10/01/2024,3773,584,336,4021.0,4703.81
INV_100989,WH_03,PROD_0008,04/06/2024,3016,542,1150,2408.0,3159.49
INV_100990,WH_03,PROD_0047,15/02/2024,3805,515,752,3568.0,5013.99
INV_100991,WH_14,PROD_0087,29/01/2024,1504,1112,1331,1285.0,1232.47
INV_100992,WH_12,PROD_0076,14/11/2024,815,819,1101,533.0,516.61
INV_100993,WH_06,PROD_0215,05/07/2024,2068,549,540,2077.0,1975.65
INV_100994,WH_02,PROD_0077,19/09/2024,1748,1304,725,2327.0,3091.0
INV_100995,WH_13,PROD_0200,24/12/2024,4883,633,800,4716.0,5102.45
INV_100996,WH_08,PROD_0093,06/08/2024,2392,563,1125,1830.0,1987.47
INV_100997,WH_12,PROD_0094,22/08/2024,4423,201,1070,3554.0,3991.65
INV_100998,WH_12,PROD_0097,30/09/2024,4972,1093,594,5471.0,6202.8
INV_100999,WH_01,PROD_0230,14/10/2024,3580,1343,1076,3847.0,2804.03
INV_101000,WH_06,PROD_0179,13/10/2024,4708,1178,956,4930.0,5459.46
INV_101001,WH_05,PROD_0204,27/12/2024,1439,1388,520,2307.0,2084.35
INV_101002,WH_08,PROD_0176,24/04/2024,3316,402,384,3334.0,4062.43
INV_101003,WH_02,PROD_0025,24/03/2024,3811,1249,1238,3822.0,5345.04
INV_101004,WH_10,PROD_0270,26/03/2024,3280,915,1480,2715.0,3043.33
INV_101005,WH_08,PROD_0046,25/05/2024,4093,967,1270,3790.0,3539.2
INV_101006,WH_11,PROD_0101,07/03/2024,4881,1349,908,5322.0,7893.72
INV_101007,WH_14,PROD_0169,07/07/2024,4289,790,655,4424.0,3798.37
INV_101008,WH_05,PROD_0282,21/05/2024,827,1215,1397,645.0,324.33
INV_101009,WH_06,PROD_0166,24/05/2024,3744,360,1233,2871.0,2327.61
INV_101010,WH_09,PROD_0247,04/01/2024,2629,1088,1258,2459.0,2649.5
INV_101011,WH_02,PROD_0074,04/12/2024,3806,1169,1261,3714.0,2192.49
INV_101012,WH_06,PROD_0113,15/04/2024,4921,749,1247,4423.0,4874.16
INV_101013,WH_09,PROD_0198,28/12/2024,1836,1316,857,2295.0,1943.4
INV_101014,WH_03,PROD_0164,20/07/2024,646,1329,806,1169.0,1631.43
INV_101015,WH_01,PROD_0019,01/05/2024,992,1183,111,,0.0
INV_101016,WH_02,PROD_0090,09/08/2024,1399,151,1026,524.0,603.82
INV_101017,WH_04,PROD_0038,12/03/2024,892,118,1366,-356.0,-365.4
INV_101018,WH_12,PROD_0156,30/11/2024,4155,1467,1383,4239.0,5209.76
INV_101019,WH_03,PROD_0091,26/07/2024,4199,621,882,3938.0,5900.6
INV_101020,WH_04,PROD_0280,18/07/2024,3668,682,172,4178.0,3020.59
INV_101021,WH_05,PROD_0172,05/07/2024,1216,1146,919,1443.0,1174.86
INV_101022,WH_01,PROD_0254,13/09/2024,2982,1065,124,3923.0,2173.0
INV_101023,WH_03,PROD_0268,12/11/2024,3046,109,1005,2150.0,2352.08
INV_101024,WH_08,PROD_0219,14/03/2024,4488,1260,117,5631.0,3274.88
INV_101025,WH_02,PROD_0142,13/06/2024,3248,1127,1152,3223.0,3778.78
INV_101026,WH_04,PROD_0187,27/03/2024,2396,609,323,2682.0,3166.04
INV_101027,WH_09,PROD_0047,04/04/2024,3153,502,471,3184.0,3766.27
INV_101028,WH_02,PROD_0027,04/01/2024,3055,1341,1318,3078.0,3809.68
INV_101029,WH_13,PROD_0028,20/02/2024,1292,290,367,1215.0,1596.25
INV_101030,WH_12,PROD_0134,20/07/2024,4559,387,555,4391.0,5375.14
INV_101031,WH_11,PROD_0188,24/03/2024,4487,1392,1386,4493.0,5680.97
INV_101032,WH_07,PROD_0262,13/02/2024,852,1189,420,1621.0,2122.56
INV_101033,WH_03,PROD_0299,10/02/2024,3102,638,411,3329.0,3634.34
INV_101034,WH_10,PROD_0037,01/11/2024,4665,1222,186,5701.0,5977.37
INV_101035,WH_02,PROD_0192,05/11/2024,1048,1090,107,2031.0,1247.35
INV_101036,WH_05,PROD_0139,24/04/2024,4312,1017,117,5212.0,7560.1
INV_101037,WH_15,PROD_0073,14/02/2024,2625,1068,1385,2308.0,3046.57
INV_101038,WH_10,PROD_0060,25/05/2024,4321,1482,542,5261.0,4541.66
INV_101039,WH_05,PROD_0082,09/01/2024,579,823,941,461.0,292.17
INV_101040,WH_03,PROD_0268,24/06/2024,2699,963,723,2939.0,3175.99
INV_101041,WH_11,PROD_0296,05/04/2024,3529,395,796,3128.0,4540.32
INV_101042,WH_15,PROD_0290,06/01/2024,2844,379,206,3017.0,2382.34
INV_101043,WH_11,PROD_0293,16/02/2024,3350,1189,697,3842.0,2641.98
INV_101044,WH_03,PROD_0080,20/05/2024,4419,1236,176,5479.0,4111.93
INV_101045,WH_08,PROD_0266,10/10/2024,2790,916,553,3153.0,4264.12
INV_101046,WH_06,PROD_0005,11/08/2024,2819,756,1378,2197.0,2441.87
INV_101047,WH_03,PROD_0179,07/09/2024,4493,866,1184,4175.0,6096.1
INV_101048,WH_10,PROD_0259,28/08/2024,2733,1318,418,3633.0,3333.86
INV_101049,WH_05,PROD_0224,10/11/2024,660,188,908,-60.0,-31.48
INV_101050,WH_12,PROD_0121,19/08/2024,3849,702,665,3886.0,1980.58
INV_101051,WH_06,PROD_0034,23/01/2024,2881,242,791,2332.0,2939.05
INV_101052,WH_08,PROD_0264,12/07/2024,1404,1003,1098,1309.0,763.17
INV_101053,WH_11,PROD_0257,19/08/2024,1750,586,862,1474.0,1295.19
INV_101054,WH_10,PROD_0044,12/02/2024,1803,906,1354,1355.0,1863.93
INV_101055,WH_13,PROD_0082,10/07/2024,4033,592,436,4189.0,2883.59
INV_101056,WH_08,PROD_0032,02/03/2024,4795,989,535,,0.0
INV_101057,WH_13,PROD_0201,12/10/2024,2226,1470,353,3343.0,3522.1
INV_101058,WH_04,PROD_0069,28/04/2024,4153,1179,203,5129.0,3070.61
INV_101059,WH_05,PROD_0294,09/02/2024,3005,1270,788,3487.0,4601.95
INV_101060,WH_01,PROD_0111,29/01/2024,4543,175,759,3959.0,3891.48
INV_101061,WH_01,PROD_0178,20/09/2024,1271,695,956,,0.0
INV_101062,WH_11,PROD_0041,04/05/2024,2688,707,229,3166.0,4581.66
INV_101063,WH_15,PROD_0109,09/02/2024,4452,575,122,4905.0,6413.28
INV_101064,WH_09,PROD_0043,08/06/2024,3527,298,1281,2544.0,3142.61
INV_101065,WH_15,PROD_0197,14/05/2024,4017,1295,333,,0.0
INV_101066,WH_03,PROD_0134,22/04/2024,1711,923,523,2111.0,2951.35
INV_101067,WH_05,PROD_0096,20/10/2024,1669,1397,404,2662.0,3806.68
INV_101068,WH_02,PROD_0022,31/03/2024,1361,867,592,1636.0,1328.04
INV_101069,WH_07,PROD_0014,19/12/2024,4440,741,476,4705.0,4220.43
INV_101070,WH_02,PROD_0115,23/11/2024,3521,651,542,3630.0,4376.26
INV_101071,WH_08,PROD_0246,30/05/2024,516,1375,939,952.0,535.47
INV_101072,WH_03,PROD_0261,02/07/2024,1173,1344,640,1877.0,1183.88
INV_101073,WH_01,PROD_0003,17/07/2024,803,737,511,1029.0,1427.28
INV_101074,WH_05,PROD_0226,04/10/2024,2398,222,751,,0.0
INV_101075,WH_06,PROD_0238,25/12/2024,4347,1102,501,4948.0,7196.62
INV_101076,WH_06,PROD_0075,09/08/2024,2144,1398,680,2862.0,2807.0
INV_101077,WH_04,PROD_0174,16/02/2024,3058,1367,1325,3100.0,3477.9
INV_101078,WH_08,PROD_0221,26/07/2024,1522,1021,1005,1538.0,790.45
INV_101079,WH_08,PROD_0252,22/03/2024,1857,855,1322,1390.0,1092.73
INV_101080,WH_14,PROD_0180,17/04/2024,4183,676,641,4218.0,4698.32
INV_101081,WH_01,PROD_0157,18/09/2024,3744,167,1179,2732.0,2998.01
INV_101082,WH_06,PROD_0046,30/05/2024,2580,110,1404,1286.0,1646.23
INV_101083,WH_07,PROD_0279,25/12/2024,3986,1218,1041,4163.0,4605.98
INV_101084,WH_11,PROD_0033,30/04/2024,3093,882,277,3698.0,2905.26
INV_101085,WH_06,PROD_0166,23/12/2024,2119,289,882,1526.0,809.27
INV_101086,WH_10,PROD_0103,28/09/2024,2206,1448,319,3335.0,4250.27
INV_101087,WH_04,PROD_0234,12/11/2024,4710,474,1366,3818.0,5479.88
INV_101088,WH_11,PROD_0267,12/10/2024,2366,917,1093,2190.0,2775.66
INV_101089,WH_03,PROD_0105,18/02/2024,1291,1299,940,1650.0,1259.73
INV_101090,WH_03,PROD_0170,03/05/2024,1343,303,1456,190.0,284.42
INV_101091,WH_05,PROD_0001,22/08/2024,584,660,634,610.0,845.55
INV_101092,WH_06,PROD_0194,22/07/2024,1227,249,352,1124.0,1595.45
INV_101093,WH_02,PROD_0109,08/11/2024,4204,1275,822,4657.0,3218.64
INV_101094,WH_04,PROD_0207,20/04/2024,3377,591,189,3779.0,2698.68
INV_101095,WH_06,PROD_0244,30/08/2024,3232,1311,1097,3446.0,3459.0
INV_101096,WH_07,PROD_0053,27/03/2024,4461,1498,1109,4850.0,4547.76
INV_101097,WH_05,PROD_0082,08/06/2024,3934,837,331,4440.0,5457.59
INV_101098,WH_07,PROD_0019,10/01/2024,1385,114,223,1276.0,1696.91
INV_101099,WH_04,PROD_0212,27/07/2024,1195,1148,238,2105.0,2884.82
INV_101100,WH_02,PROD_0004,27/03/2024,788,938,890,836.0,1050.72
INV_101101,WH_02,PROD_0259,26/11/2024,1161,288,1023,426.0,439.29
INV_101102,WH_02,PROD_0030,24/02/2024,2508,640,1014,2134.0,1235.68
INV_101103,WH_01,PROD_0272,19/06/2024,754,931,204,,0.0
INV_101104,WH_03,PROD_0143,16/06/2024,2333,1088,189,3232.0,2803.51
INV_101105,WH_04,PROD_0066,24/03/2024,1451,1286,851,1886.0,2160.98
INV_101106,WH_15,PROD_0277,14/01/2024,3952,985,782,,0.0
INV_101107,WH_15,PROD_0152,02/11/2024,938,1382,826,1494.0,1829.28
INV_101108,WH_09,PROD_0283,20/05/2024,803,675,767,711.0,705.27
INV_101109,WH_03,PROD_0007,24/01/2024,2615,1390,530,3475.0,2705.53
INV_101110,WH_12,PROD_0281,07/06/2024,3320,353,746,2927.0,2111.61
INV_101111,WH_12,PROD_0190,07/10/2024,3710,775,988,3497.0,4412.8
INV_101112,WH_05,PROD_0136,27/04/2024,3683,1368,1088,3963.0,2097.86
INV_101113,WH_02,PROD_0236,06/06/2024,4196,1149,1361,3984.0,3316.51
INV_101114,WH_02,PROD_0085,12/01/2024,4077,321,1382,3016.0,2634.27
INV_101115,WH_05,PROD_0180,23/11/2024,807,649,1140,316.0,386.54
INV_101116,WH_06,PROD_0157,04/02/2024,3982,1202,370,4814.0,3483.42
INV_101117,WH_01,PROD_0245,31/08/2024,1884,248,681,1451.0,1541.49
INV_101118,WH_10,PROD_0116,11/11/2024,1122,1248,683,1687.0,2282.55
INV_101119,WH_14,PROD_0179,02/01/2024,4111,1221,630,4702.0,3950.95
INV_101120,WH_05,PROD_0173,19/04/2024,4595,869,1115,4349.0,2530.64
INV_101121,WH_04,PROD_0219,01/04/2024,4597,954,1082,4469.0,6356.64
INV_101122,WH_15,PROD_0076,20/11/2024,4552,1421,1250,4723.0,3319.08
INV_101123,WH_11,PROD_0047,31/08/2024,4397,1455,706,,0.0
INV_101124,WH_11,PROD_0120,21/03/2024,1087,999,841,1245.0,804.68
INV_101125,WH_02,PROD_0158,03/04/2024,2081,987,325,2743.0,1415.42
INV_101126,WH_04,PROD_0146,03/01/2024,939,368,1218,89.0,127.94
INV_101127,WH_07,PROD_0080,23/10/2024,3845,468,1090,3223.0,2725.26
INV_101128,WH_03,PROD_0220,23/08/2024,1549,702,359,1892.0,1434.21
INV_101129,WH_07,PROD_0014,04/09/2024,3207,412,204,3415.0,2895.9
INV_101130,WH_04,PROD_0039,20/02/2024,4712,316,1013,4015.0,3761.95
INV_101131,WH_12,PROD_0008,07/04/2024,1149,361,689,821.0,761.01
INV_101132,WH_08,PROD_0265,26/02/2024,2108,959,116,2951.0,2507.47
INV_101133,WH_09,PROD_0244,01/07/2024,4138,833,1173,3798.0,4624.7
INV_101134,WH_11,PROD_0299,17/04/2024,1807,1169,241,2735.0,1663.99
INV_101135,WH_06,PROD_0191,05/04/2024,2348,1149,1281,2216.0,1618.75
INV_101136,WH_07,PROD_0091,24/07/2024,2365,593,779,2179.0,2194.38
INV_101137,WH_06,PROD_0005,23/05/2024,3338,138,579,2897.0,4299.91
INV_101138,WH_02,PROD_0208,04/12/2024,3621,1437,200,4858.0,3427.21
INV_101139,WH_13,PROD_0085,23/02/2024,979,102,198,883.0,984.26
INV_101140,WH_10,PROD_0199,21/12/2024,4892,1384,1265,5011.0,6231.09
INV_101141,WH_06,PROD_0215,22/12/2024,4516,496,489,4523.0,5590.96
INV_101142,WH_03,PROD_0058,15/05/2024,1089,641,411,,0.0
INV_101143,WH_09,PROD_0280,17/10/2024,1764,649,1280,1133.0,849.2
INV_101144,WH_14,PROD_0059,02/12/2024,2895,357,316,2936.0,1816.7
INV_101145,WH_09,PROD_0151,16/02/2024,1535,409,503,1441.0,1872.51
INV_101146,WH_07,PROD_0183,12/12/2024,3494,1398,475,4417.0,3794.94
INV_101147,WH_14,PROD_0137,25/03/2024,1985,836,608,2213.0,1808.76
INV_101148,WH_08,PROD_0200,29/03/2024,2691,1010,831,2870.0,2296.51
INV_101149,WH_11,PROD_0055,24/09/2024,1954,1317,1213,2058.0,2924.05
INV_101150,WH_15,PROD_0093,21/09/2024,3186,441,1162,2465.0,1536.53
INV_101151,WH_06,PROD_0279,02/07/2024,826,433,974,285.0,179.07
INV_101152,WH_14,PROD_0230,08/03/2024,2915,1471,563,3823.0,2111.22
INV_101153,WH_05,PROD_0220,15/02/2024,2382,1235,1156,2461.0,2868.17
INV_101154,WH_07,PROD_0165,07/11/2024,4765,935,450,5250.0,3040.51
INV_101155,WH_10,PROD_0132,10/03/2024,2806,125,951,1980.0,1636.56
INV_101156,WH_03,PROD_0297,17/08/2024,759,852,785,826.0,1210.36
INV_101157,WH_09,PROD_0131,29/02/2024,3542,1304,567,4279.0,4618.23
INV_101158,WH_09,PROD_0178,17/12/2024,4066,439,332,4173.0,5169.56
INV_101159,WH_12,PROD_0097,11/10/2024,1479,795,863,1411.0,2051.35
INV_101160,WH_06,PROD_0123,24/09/2024,2860,984,1272,2572.0,2040.19
INV_101161,WH_03,PROD_0253,08/08/2024,2291,889,798,2382.0,2217.43
INV_101162,WH_08,PROD_0198,03/03/2024,1021,351,512,860.0,1150.55
INV_101163,WH_01,PROD_0140,28/12/2024,4604,955,849,4710.0,6742.6
INV_101164,WH_03,PROD_0268,23/11/2024,4346,217,1239,3324.0,2610.57
INV_101165,WH_12,PROD_0201,20/05/2024,1496,124,994,626.0,854.87
INV_101166,WH_07,PROD_0023,25/03/2024,3374,1450,662,,0.0
INV_101167,WH_15,PROD_0276,19/06/2024,1017,1172,1005,1184.0,1475.32
INV_101168,WH_15,PROD_0029,28/06/2024,3178,1241,1380,3039.0,3875.46
INV_101169,WH_04,PROD_0138,02/08/2024,2439,1150,131,3458.0,2875.63
INV_101170,WH_14,PROD_0106,14/01/2024,2156,410,699,1867.0,1820.03
INV_101171,WH_13,PROD_0174,25/11/2024,583,562,188,957.0,740.61
INV_101172,WH_09,PROD_0270,20/04/2024,2018,577,1401,1194.0,1503.31
INV_101173,WH_11,PROD_0214,26/01/2024,3880,584,1127,3337.0,3389.54
INV_101174,WH_13,PROD_0204,23/06/2024,4519,1386,485,5420.0,4293.59
INV_101175,WH_01,PROD_0042,06/12/2024,4502,1003,613,4892.0,2858.16
INV_101176,WH_10,PROD_0299,28/01/2024,768,1245,647,1366.0,1837.73
INV_101177,WH_09,PROD_0255,29/06/2024,3961,1382,1407,3936.0,2378.32
INV_101178,WH_06,PROD_0104,10/01/2024,3733,141,211,3663.0,1877.6
INV_101179,WH_01,PROD_0124,27/11/2024,3459,1400,1155,3704.0,4517.59
INV_101180,WH_12,PROD_0292,05/07/2024,3008,1368,1282,3094.0,3800.87
INV_101181,WH_08,PROD_0151,10/11/2024,2609,106,336,2379.0,2042.29
INV_101182,WH_12,PROD_0065,09/06/2024,2068,747,659,2156.0,3034.74
INV_101183,WH_12,PROD_0048,07/04/2024,2331,208,748,1791.0,1477.55
INV_101184,WH_11,PROD_0142,04/01/2024,1406,468,1445,429.0,225.52
INV_101185,WH_06,PROD_0165,15/11/2024,2155,1238,1445,1948.0,2899.92
INV_101186,WH_14,PROD_0032,20/07/2024,4984,1386,915,5455.0,6440.15
INV_101187,WH_08,PROD_0100,21/09/2024,3978,664,502,,0.0
INV_101188,WH_09,PROD_0225,24/11/2024,829,404,1076,157.0,209.21
INV_101189,WH_09,PROD_0037,17/08/2024,3689,434,294,3829.0,3668.93
INV_101190,WH_05,PROD_0287,28/10/2024,2606,781,750,2637.0,1631.91
INV_101191,WH_11,PROD_0142,24/12/2024,3935,875,314,4496.0,5623.3
INV_101192,WH_10,PROD_0036,27/05/2024,2887,464,480,2871.0,2000.21
INV_101193,WH_01,PROD_0247,25/02/2024,3438,102,1480,2060.0,2340.99
INV_101194,WH_03,PROD_0112,25/05/2024,867,414,1407,,0.0
INV_101195,WH_07,PROD_0043,08/10/2024,3483,183,1352,2314.0,3395.82
INV_101196,WH_03,PROD_0281,24/10/2024,646,572,1144,74.0,78.45
INV_101197,WH_14,PROD_0022,29/01/2024,2395,426,1214,1607.0,2118.45
INV_101198,WH_11,PROD_0107,08/02/2024,4697,384,948,4133.0,4875.03
INV_101199,WH_13,PROD_0050,31/01/2024,1896,628,314,2210.0,2514.99
INV_101200,WH_02,PROD_0214,24/04/2024,1952,362,806,1508.0,1072.55
INV_101201,WH_05,PROD_0094,23/11/2024,2630,788,532,2886.0,1761.2
INV_101202,WH_10,PROD_0056,06/02/2024,3563,856,1209,3210.0,3567.34
INV_101203,WH_15,PROD_0117,28/01/2024,2415,350,189,2576.0,3214.32
INV_101204,WH_05,PROD_0131,05/02/2024,3423,405,1026,,0.0
INV_101205,WH_04,PROD_0262,26/12/2024,2742,727,216,3253.0,1650.26
INV_101206,WH_13,PROD_0019,19/06/2024,3406,835,659,3582.0,4523.45
INV_101207,WH_07,PROD_0156,15/05/2024,3465,1469,1385,3549.0,2897.21
INV_101208,WH_08,PROD_0085,27/12/2024,3782,684,901,3565.0,2519.91
INV_101209,WH_11,PROD_0223,18/03/2024,2545,658,320,2883.0,4266.39
INV_101210,WH_06,PROD_0251,21/06/2024,4717,710,661,4766.0,3431.64
INV_101211,WH_13,PROD_0003,26/09/2024,1039,712,1233,518.0,309.81
INV_101212,WH_11,PROD_0118,16/04/2024,1811,921,365,2367.0,1519.05
INV_101213,WH_15,PROD_0011,05/01/2024,3845,269,1315,2799.0,1768.47
INV_101214,WH_05,PROD_0229,16/04/2024,4150,1355,117,5388.0,7270.23
INV_101215,WH_09,PROD_0051,31/08/2024,3109,1183,173,,0.0
INV_101216,WH_08,PROD_0081,03/05/2024,1079,285,1055,,0.0
INV_101217,WH_07,PROD_0081,13/11/2024,4939,1321,704,5556.0,5630.32
INV_101218,WH_09,PROD_0141,08/04/2024,4278,1147,1162,4263.0,3305.96
INV_101219,WH_01,PROD_0126,08/08/2024,1261,1061,986,1336.0,688.94
INV_101220,WH_11,PROD_0062,20/03/2024,1157,1335,541,,0.0
INV_101221,WH_13,PROD_0264,14/05/2024,4841,259,222,4878.0,6271.0
INV_101222,WH_14,PROD_0271,13/10/2024,3835,749,376,4208.0,2659.62
INV_101223,WH_01,PROD_0157,22/01/2024,3402,375,510,3267.0,2891.26
INV_101224,WH_03,PROD_0289,08/07/2024,2296,360,812,1844.0,1631.12
INV_101225,WH_05,PROD_0053,07/07/2024,1203,129,501,831.0,650.98
INV_101226,WH_09,PROD_0037,23/12/2024,4215,1371,1276,4310.0,4494.4
INV_101227,WH_09,PROD_0106,20/09/2024,550,335,435,450.0,484.47
INV_101228,WH_04,PROD_0137,10/09/2024,1901,300,239,1962.0,1011.43
INV_101229,WH_09,PROD_0123,10/12/2024,1468,916,846,1538.0,1746.0
INV_101230,WH_11,PROD_0109,17/11/2024,4717,658,370,5005.0,4594.96
INV_101231,WH_11,PROD_0046,17/10/2024,2245,293,1071,1467.0,1431.39
INV_101232,WH_02,PROD_0049,24/01/2024,586,328,724,190.0,249.95
INV_101233,WH_10,PROD_0004,07/12/2024,2913,1475,1318,3070.0,2548.57
INV_101234,WH_09,PROD_0211,12/05/2024,4373,1335,1223,4485.0,6026.51
INV_101235,WH_09,PROD_0159,27/01/2024,985,1120,1367,738.0,568.65
INV_101236,WH_04,PROD_0141,04/12/2024,1312,288,955,645.0,360.41
INV_101237,WH_02,PROD_0118,02/11/2024,4031,916,608,4339.0,3075.12
INV_101238,WH_10,PROD_0280,29/05/2024,4388,497,923,3962.0,3018.91
INV_101239,WH_13,PROD_0104,09/07/2024,4865,1289,1336,4818.0,5021.99
INV_101240,WH_06,PROD_0103,02/03/2024,4509,731,1431,3809.0,5173.99
INV_101241,WH_06,PROD_0055,15/12/2024,2695,229,1118,1806.0,1657.73
INV_101242,WH_12,PROD_0156,10/01/2024,4294,1408,149,5553.0,8103.5
INV_101243,WH_10,PROD_0041,12/04/2024,941,335,664,612.0,458.68
INV_101244,WH_15,PROD_0085,21/07/2024,910,1263,1402,771.0,492.97
INV_101245,WH_08,PROD_0216,14/02/2024,3674,583,238,4019.0,3424.87
INV_101246,WH_02,PROD_0115,14/07/2024,2861,555,816,2600.0,1969.69
INV_101247,WH_14,PROD_0197,14/11/2024,2463,1385,133,3715.0,4390.46
INV_101248,WH_11,PROD_0221,13/08/2024,3544,387,1259,2672.0,3066.52
INV_101249,WH_08,PROD_0017,11/02/2024,3029,1398,585,3842.0,3110.17
INV_101250,WH_01,PROD_0084,11/07/2024,1904,1021,1273,1652.0,1844.95
INV_101251,WH_09,PROD_0012,18/07/2024,4590,737,1469,3858.0,3461.7
INV_101252,WH_11,PROD_0223,25/05/2024,767,656,943,480.0,339.61
INV_101253,WH_13,PROD_0221,29/11/2024,2610,658,1361,1907.0,2142.24
INV_101254,WH_06,PROD_0226,16/07/2024,4241,1423,292,5372.0,2930.35
INV_101255,WH_12,PROD_0047,30/03/2024,4499,1451,112,,0.0
INV_101256,WH_02,PROD_0285,12/02/2024,670,144,393,421.0,606.31
INV_101257,WH_12,PROD_0187,23/12/2024,624,1354,1136,842.0,1169.59
INV_101258,WH_06,PROD_0147,17/08/2024,2272,537,739,2070.0,1060.32
INV_101259,WH_04,PROD_0197,18/06/2024,1509,1416,932,1993.0,2660.14
INV_101260,WH_10,PROD_0245,02/02/2024,3233,970,1046,3157.0,2457.95
INV_101261,WH_13,PROD_0296,02/06/2024,4067,1149,860,4356.0,3646.01
INV_101262,WH_13,PROD_0025,06/10/2024,4746,1214,1409,4551.0,5822.97
INV_101263,WH_08,PROD_0266,22/01/2024,2308,516,1382,1442.0,1674.26
INV_101264,WH_06,PROD_0177,02/10/2024,1769,438,1053,1154.0,1101.19
INV_101265,WH_09,PROD_0258,15/08/2024,4356,1015,399,4972.0,3234.92
INV_101266,WH_12,PROD_0247,04/06/2024,3872,1293,487,4678.0,4274.15
INV_101267,WH_12,PROD_0258,21/05/2024,3594,602,1287,2909.0,3296.63
INV_101268,WH_09,PROD_0191,26/09/2024,3475,746,530,3691.0,2643.73
INV_101269,WH_05,PROD_0001,05/05/2024,2461,1466,251,3676.0,4401.74
INV_101270,WH_11,PROD_0250,24/08/2024,3763,192,1070,2885.0,1670.84
INV_101271,WH_09,PROD_0026,15/07/2024,891,896,250,1537.0,2186.13
INV_101272,WH_15,PROD_0094,19/09/2024,2712,1321,191,3842.0,3934.72
INV_101273,WH_04,PROD_0027,24/05/2024,508,1109,504,1113.0,610.41
INV_101274,WH_02,PROD_0217,26/02/2024,4537,1343,722,5158.0,3373.69
INV_101275,WH_04,PROD_0100,26/04/2024,3838,861,434,4265.0,5768.58
INV_101276,WH_15,PROD_0131,30/05/2024,3170,1108,753,3525.0,3066.63
INV_101277,WH_08,PROD_0138,28/03/2024,4919,430,821,4528.0,3274.96
INV_101278,WH_04,PROD_0292,21/04/2024,4199,473,162,4510.0,3517.93
INV_101279,WH_11,PROD_0190,22/02/2024,3201,527,132,3596.0,3876.4
INV_101280,WH_08,PROD_0058,03/05/2024,3699,1200,1068,3831.0,4276.83
INV_101281,WH_09,PROD_0188,17/05/2024,733,598,1488,-157.0,-111.72
INV_101282,WH_09,PROD_0037,08/11/2024,3972,905,825,4052.0,4917.01
INV_101283,WH_08,PROD_0093,20/02/2024,1902,102,1337,667.0,616.9
INV_101284,WH_15,PROD_0175,16/08/2024,3060,1491,980,3571.0,3703.86
INV_101285,WH_09,PROD_0181,04/01/2024,2609,531,711,2429.0,2546.03
INV_101286,WH_01,PROD_0161,09/12/2024,900,1142,1442,600.0,580.04
INV_101287,WH_15,PROD_0075,14/09/2024,3903,1439,769,4573.0,6414.33
INV_101288,WH_07,PROD_0165,02/06/2024,2600,909,263,3246.0,2362.26
INV_101289,WH_07,PROD_0187,01/08/2024,1483,142,823,802.0,1095.52
INV_101290,WH_15,PROD_0225,05/05/2024,4731,1204,875,5060.0,5170.55
INV_101291,WH_15,PROD_0290,31/10/2024,1631,442,891,1182.0,1754.64
INV_101292,WH_10,PROD_0127,02/03/2024,2224,530,316,2438.0,3388.55
INV_101293,WH_14,PROD_0005,03/12/2024,3413,465,601,3277.0,1709.32
INV_101294,WH_03,PROD_0107,31/05/2024,1187,969,940,1216.0,1590.43
INV_101295,WH_12,PROD_0234,29/05/2024,1055,1267,663,1659.0,2323.81
INV_101296,WH_11,PROD_0261,04/06/2024,4735,238,959,4014.0,5325.87
INV_101297,WH_04,PROD_0061,30/05/2024,3736,481,651,3566.0,4922.24
INV_101298,WH_02,PROD_0036,20/05/2024,3216,990,128,4078.0,3791.17
INV_101299,WH_02,PROD_0077,13/09/2024,3387,1274,780,3881.0,2044.07
INV_101300,WH_11,PROD_0164,18/04/2024,2759,1352,502,,0.0
INV_101301,WH_07,PROD_0233,26/05/2024,1000,1430,161,2269.0,2327.73
INV_101302,WH_08,PROD_0189,18/04/2024,2749,317,280,2786.0,2011.0
INV_101303,WH_08,PROD_0139,07/08/2024,3203,1478,232,4449.0,2298.28
INV_101304,WH_04,PROD_0048,04/04/2024,4301,1128,152,5277.0,3992.6
INV_101305,WH_13,PROD_0079,30/03/2024,3428,505,106,3827.0,4158.01
INV_101306,WH_08,PROD_0088,29/12/2024,3472,787,399,3860.0,2829.77
INV_101307,WH_08,PROD_0173,05/07/2024,2618,1242,1227,2633.0,3807.65
INV_101308,WH_02,PROD_0097,10/10/2024,3499,1266,950,3815.0,4073.95
INV_101309,WH_06,PROD_0198,30/10/2024,1563,1178,1220,1521.0,1833.43
INV_101310,WH_12,PROD_0201,04/11/2024,620,1235,742,1113.0,1485.03
INV_101311,WH_11,PROD_0100,24/06/2024,1544,203,414,1333.0,844.59
INV_101312,WH_08,PROD_0169,14/07/2024,4659,1022,872,4809.0,7066.47
INV_101313,WH_11,PROD_0279,17/05/2024,4366,543,1427,3482.0,2175.46
INV_101314,WH_07,PROD_0286,13/06/2024,1316,661,1051,926.0,537.87
INV_101315,WH_02,PROD_0192,13/03/2024,563,1054,914,703.0,369.5
INV_101316,WH_04,PROD_0202,26/09/2024,2239,773,166,2846.0,2588.25
INV_101317,WH_10,PROD_0214,13/05/2024,4057,1068,1179,3946.0,2311.04
INV_101318,WH_09,PROD_0086,02/12/2024,2450,851,1450,1851.0,1820.0
INV_101319,WH_09,PROD_0077,14/02/2024,549,144,1421,-728.0,-800.67
INV_101320,WH_08,PROD_0196,02/04/2024,978,411,683,706.0,558.93
INV_101321,WH_11,PROD_0277,24/02/2024,3807,654,638,3823.0,5171.11
INV_101322,WH_08,PROD_0139,05/05/2024,3298,301,1404,2195.0,1723.99
INV_101323,WH_01,PROD_0087,10/01/2024,1662,262,1355,569.0,520.58
INV_101324,WH_03,PROD_0115,05/06/2024,2304,648,1158,1794.0,2445.81
INV_101325,WH_02,PROD_0188,24/03/2024,4696,967,499,5164.0,3105.18
INV_101326,WH_11,PROD_0226,28/02/2024,3950,1082,1405,3627.0,2733.97
INV_101327,WH_08,PROD_0035,05/05/2024,4721,821,1366,,0.0
INV_101328,WH_06,PROD_0284,12/07/2024,2548,782,905,2425.0,1427.54
INV_101329,WH_04,PROD_0283,18/09/2024,1809,671,1130,1350.0,1877.64
INV_101330,WH_14,PROD_0129,26/05/2024,2282,575,184,2673.0,2846.49
INV_101331,WH_13,PROD_0164,21/09/2024,4972,238,1169,4041.0,2475.6
INV_101332,WH_11,PROD_0201,20/08/2024,1661,537,1404,794.0,571.25
INV_101333,WH_09,PROD_0214,01/01/2024,4284,1327,889,,0.0
INV_101334,WH_01,PROD_0112,16/04/2024,4794,167,694,4267.0,2828.29
INV_101335,WH_15,PROD_0171,26/11/2024,3624,501,310,3815.0,5721.56
INV_101336,WH_04,PROD_0209,30/08/2024,4335,996,970,4361.0,5077.01
INV_101337,WH_09,PROD_0185,07/12/2024,2460,1280,138,3602.0,2002.85
INV_101338,WH_02,PROD_0076,15/09/2024,3169,627,413,3383.0,2275.84
INV_101339,WH_02,PROD_0068,01/07/2024,2074,277,853,1498.0,1520.96
INV_101340,WH_08,PROD_0027,02/04/2024,4325,204,930,3599.0,4217.86
INV_101341,WH_10,PROD_0271,04/03/2024,2628,646,850,2424.0,1927.46
INV_101342,WH_01,PROD_0188,17/12/2024,1459,1231,862,1828.0,934.85
INV_101343,WH_09,PROD_0192,08/01/2024,4742,788,289,5241.0,4288.03
INV_101344,WH_08,PROD_0115,16/08/2024,2502,780,622,2660.0,3422.14
INV_101345,WH_06,PROD_0229,15/05/2024,936,1182,1143,975.0,867.19
INV_101346,WH_09,PROD_0021,08/08/2024,3067,1412,668,3811.0,2660.62
INV_101347,WH_03,PROD_0122,28/05/2024,2655,705,908,2452.0,1287.44
INV_101348,WH_15,PROD_0225,10/03/2024,686,469,941,214.0,269.91
INV_101349,WH_09,PROD_0005,30/04/2024,4016,184,321,3879.0,3970.72
INV_101350,WH_14,PROD_0253,07/01/2024,1454,695,746,1403.0,1347.13
INV_101351,WH_09,PROD_0042,31/05/2024,4809,395,698,4506.0,4822.85
INV_101352,WH_13,PROD_0135,16/10/2024,2812,292,249,2855.0,3620.28
INV_101353,WH_11,PROD_0280,23/10/2024,2549,1380,1312,2617.0,3066.44
INV_101354,WH_12,PROD_0156,21/10/2024,4341,1473,184,5630.0,4953.1
INV_101355,WH_14,PROD_0011,29/11/2024,2626,864,1367,2123.0,2479.98
INV_101356,WH_01,PROD_0048,18/06/2024,4651,148,1101,3698.0,4272.16
INV_101357,WH_10,PROD_0286,03/02/2024,2290,666,1181,1775.0,2580.43
INV_101358,WH_01,PROD_0002,24/10/2024,4565,1175,562,5178.0,2731.23
INV_101359,WH_01,PROD_0091,20/09/2024,1435,1023,168,2290.0,1231.79
INV_101360,WH_08,PROD_0267,08/01/2024,1439,558,598,1399.0,1550.82
INV_101361,WH_09,PROD_0284,06/04/2024,1214,1262,323,2153.0,2073.98
INV_101362,WH_15,PROD_0255,06/02/2024,2171,814,969,2016.0,2267.53
INV_101363,WH_06,PROD_0209,08/10/2024,2915,1338,1431,2822.0,1927.71
INV_101364,WH_09,PROD_0153,14/01/2024,507,943,1347,103.0,71.95
INV_101365,WH_14,PROD_0293,12/07/2024,4552,753,526,4779.0,4192.07
INV_101366,WH_07,PROD_0229,09/11/2024,2101,1490,746,2845.0,2436.54
INV_101367,WH_10,PROD_0067,17/10/2024,2293,1206,517,2982.0,2483.73
INV_101368,WH_04,PROD_0235,16/07/2024,2855,174,770,2259.0,2978.67
INV_101369,WH_06,PROD_0073,28/10/2024,542,402,1245,-301.0,-379.97
INV_101370,WH_13,PROD_0131,20/07/2024,4687,141,182,4646.0,2624.44
INV_101371,WH_09,PROD_0004,10/05/2024,1119,399,361,1157.0,1567.62
INV_101372,WH_02,PROD_0059,02/01/2024,4661,638,1260,4039.0,3481.53
INV_101373,WH_08,PROD_0274,12/05/2024,3730,1097,373,4454.0,2573.29
INV_101374,WH_11,PROD_0272,20/09/2024,4836,841,896,4781.0,4328.98
INV_101375,WH_04,PROD_0300,10/03/2024,2262,456,319,2399.0,2208.32
INV_101376,WH_05,PROD_0132,14/12/2024,4518,478,617,4379.0,3020.05
INV_101377,WH_05,PROD_0093,12/02/2024,938,1005,1011,932.0,740.1
INV_101378,WH_10,PROD_0133,29/12/2024,3224,191,729,2686.0,3484.13
INV_101379,WH_11,PROD_0051,25/06/2024,4316,1472,937,4851.0,6444.0
INV_101380,WH_09,PROD_0166,10/04/2024,4473,1364,1480,4357.0,2808.13
INV_101381,WH_13,PROD_0285,28/08/2024,3664,365,815,3214.0,3911.78
INV_101382,WH_05,PROD_0085,28/11/2024,4012,1334,692,4654.0,5274.22
INV_101383,WH_06,PROD_0249,21/09/2024,4459,1275,953,4781.0,3758.39
INV_101384,WH_06,PROD_0046,29/12/2024,1023,308,506,825.0,1205.31
INV_101385,WH_13,PROD_0295,15/01/2024,544,372,1336,-420.0,-308.58
INV_101386,WH_10,PROD_0187,31/07/2024,2173,1467,1077,2563.0,3518.73
INV_101387,WH_06,PROD_0073,28/02/2024,3346,160,819,2687.0,2044.92
INV_101388,WH_02,PROD_0025,04/08/2024,4423,629,379,4673.0,5432.83
INV_101389,WH_04,PROD_0225,21/07/2024,3988,671,899,3760.0,2011.7
INV_101390,WH_10,PROD_0150,09/03/2024,4339,898,133,5104.0,2868.44
INV_101391,WH_06,PROD_0276,26/09/2024,1590,411,475,1526.0,1325.64
INV_101392,WH_05,PROD_0064,11/07/2024,1524,1380,573,2331.0,2821.9
INV_101393,WH_08,PROD_0132,15/01/2024,4173,1278,1229,4222.0,2593.96
INV_101394,WH_02,PROD_0118,10/01/2024,1000,1090,937,1153.0,1375.53
INV_101395,WH_11,PROD_0044,14/05/2024,1063,108,578,593.0,651.83
INV_101396,WH_07,PROD_0061,03/03/2024,2574,1333,442,3465.0,4838.03
INV_101397,WH_08,PROD_0240,16/04/2024,3985,1041,1094,3932.0,2242.72
INV_101398,WH_13,PROD_0024,15/03/2024,2256,648,292,2612.0,3434.06
INV_101399,WH_06,PROD_0293,30/08/2024,1600,1257,611,2246.0,1667.75
INV_101400,WH_02,PROD_0242,30/11/2024,4650,913,1224,4339.0,4333.55
INV_101401,WH_10,PROD_0060,13/03/2024,968,476,648,796.0,427.72
INV_101402,WH_06,PROD_0265,26/10/2024,3775,1473,256,4992.0,6210.59
INV_101403,WH_08,PROD_0182,02/04/2024,4803,531,1028,4306.0,6268.1
INV_101404,WH_15,PROD_0178,11/02/2024,1725,494,813,1406.0,1734.71
INV_101405,WH_06,PROD_0144,18/02/2024,1507,1257,390,2374.0,3123.35
INV_101406,WH_09,PROD_0272,27/04/2024,3953,1092,829,4216.0,3265.87
INV_101407,WH_02,PROD_0299,06/02/2024,1715,771,1190,1296.0,736.75
INV_101408,WH_13,PROD_0258,29/02/2024,3789,1132,1243,,0.0
INV_101409,WH_05,PROD_0126,02/06/2024,3396,648,449,3595.0,2856.3
INV_101410,WH_08,PROD_0047,27/05/2024,3977,1470,356,,0.0
INV_101411,WH_10,PROD_0156,21/08/2024,768,1140,191,1717.0,1867.08
INV_101412,WH_01,PROD_0193,20/07/2024,2146,708,579,2275.0,2098.67
INV_101413,WH_03,PROD_0119,02/08/2024,831,667,794,704.0,858.35
INV_101414,WH_03,PROD_0019,09/07/2024,1603,547,1190,960.0,491.24
INV_101415,WH_09,PROD_0135,07/08/2024,3388,1197,225,4360.0,5443.37
INV_101416,WH_06,PROD_0119,31/08/2024,4999,498,163,5334.0,7069.79
INV_101417,WH_10,PROD_0270,04/08/2024,4867,1369,734,5502.0,5072.39
INV_101418,WH_05,PROD_0268,06/08/2024,1459,1338,1195,1602.0,2053.04
INV_101419,WH_04,PROD_0187,23/03/2024,4038,988,740,4286.0,6128.96
INV_101420,WH_14,PROD_0084,03/03/2024,4779,846,1087,4538.0,5206.09
INV_101421,WH_02,PROD_0052,19/10/2024,1813,1465,1093,2185.0,1394.64
INV_101422,WH_11,PROD_0108,01/11/2024,2345,794,1011,2128.0,1557.68
INV_101423,WH_14,PROD_0089,21/03/2024,2029,859,1493,,0.0
INV_101424,WH_08,PROD_0007,25/04/2024,1276,1277,978,1575.0,976.39
INV_101425,WH_09,PROD_0018,30/10/2024,3175,513,1112,2576.0,2649.96
INV_101426,WH_08,PROD_0253,20/06/2024,669,743,607,805.0,579.18
INV_101427,WH_12,PROD_0130,05/05/2024,1772,1181,664,2289.0,1650.53
INV_101428,WH_07,PROD_0132,17/12/2024,3490,1380,390,4480.0,3377.23
INV_101429,WH_11,PROD_0132,05/04/2024,2841,792,123,3510.0,4809.53
INV_101430,WH_04,PROD_0015,26/01/2024,4408,1158,1121,4445.0,3753.66
INV_101431,WH_08,PROD_0189,16/12/2024,4363,828,450,4741.0,4798.77
INV_101432,WH_03,PROD_0285,05/11/2024,3613,681,1339,2955.0,4314.83
INV_101433,WH_07,PROD_0118,05/01/2024,3799,1242,259,,0.0
INV_101434,WH_14,PROD_0088,21/07/2024,4439,1492,436,5495.0,6536.69
INV_101435,WH_02,PROD_0265,25/02/2024,2523,787,566,2744.0,1449.38
INV_101436,WH_05,PROD_0120,30/03/2024,3845,686,378,4153.0,2404.97
INV_101437,WH_12,PROD_0168,10/05/2024,2663,1052,697,3018.0,3240.36
INV_101438,WH_06,PROD_0265,28/08/2024,1451,108,1352,207.0,254.5
INV_101439,WH_09,PROD_0247,20/10/2024,4493,1462,990,4965.0,4448.48
INV_101440,WH_10,PROD_0105,06/07/2024,670,1247,1015,902.0,693.11
INV_101441,WH_10,PROD_0109,12/02/2024,1823,1026,968,1881.0,1814.14
INV_101442,WH_03,PROD_0124,04/12/2024,4341,173,1103,3411.0,1824.26
INV_101443,WH_07,PROD_0096,19/01/2024,4019,981,1289,3711.0,2780.68
INV_101444,WH_08,PROD_0101,23/02/2024,3396,1289,353,4332.0,3518.06
INV_101445,WH_02,PROD_0198,10/01/2024,2042,163,828,1377.0,1911.8
INV_101446,WH_06,PROD_0048,21/09/2024,717,840,1496,,0.0
INV_101447,WH_11,PROD_0010,10/01/2024,2164,1145,920,,0.0
INV_101448,WH_13,PROD_0125,15/03/2024,1617,436,1443,610.0,807.59
INV_101449,WH_07,PROD_0154,26/03/2024,624,122,928,-182.0,-140.8
INV_101450,WH_14,PROD_0121,15/10/2024,4838,240,1322,3756.0,3374.92
INV_101451,WH_03,PROD_0090,11/08/2024,1693,695,441,1947.0,1170.55
INV_101452,WH_07,PROD_0023,07/07/2024,4088,585,599,4074.0,2829.59
INV_101453,WH_05,PROD_0009,23/11/2024,2796,621,748,2669.0,2196.97
INV_101454,WH_08,PROD_0047,01/07/2024,2894,238,549,2583.0,1916.5
INV_101455,WH_12,PROD_0153,21/06/2024,4301,1319,794,4826.0,5564.94
INV_101456,WH_02,PROD_0165,22/12/2024,3490,1337,358,4469.0,5028.91
INV_101457,WH_04,PROD_0196,06/07/2024,1347,752,736,1363.0,941.28
INV_101458,WH_03,PROD_0001,02/05/2024,2443,501,923,2021.0,1654.78
INV_101459,WH_01,PROD_0184,18/11/2024,2734,931,279,3386.0,2727.4
INV_101460,WH_04,PROD_0069,21/03/2024,2420,1278,305,3393.0,2949.6
INV_101461,WH_02,PROD_0031,27/02/2024,3241,967,163,4045.0,3205.2
INV_101462,WH_04,PROD_0220,20/05/2024,3294,727,1091,2930.0,3989.82
INV_101463,WH_03,PROD_0207,09/03/2024,4281,633,1141,3773.0,2703.13
INV_101464,WH_10,PROD_0035,15/09/2024,3859,299,1242,2916.0,3896.96
INV_101465,WH_13,PROD_0038,13/03/2024,3728,504,820,3412.0,4459.15
INV_101466,WH_02,PROD_0075,11/05/2024,4091,111,668,3534.0,4612.8
INV_101467,WH_01,PROD_0299,19/02/2024,763,367,1406,-276.0,-336.24
INV_101468,WH_08,PROD_0053,12/01/2024,1751,289,640,1400.0,1692.08
INV_101469,WH_15,PROD_0079,19/05/2024,1247,752,682,1317.0,1697.84
INV_101470,WH_05,PROD_0285,09/10/2024,999,949,614,1334.0,1628.2
INV_101471,WH_11,PROD_0032,05/04/2024,2095,526,1467,1154.0,1078.49
INV_101472,WH_01,PROD_0236,07/04/2024,2284,1300,1046,2538.0,3712.59
INV_101473,WH_01,PROD_0060,04/05/2024,3226,492,1198,2520.0,3506.66
INV_101474,WH_13,PROD_0180,21/01/2024,3978,278,274,3982.0,5422.46
INV_101475,WH_07,PROD_0203,18/02/2024,3798,735,1009,3524.0,2445.99
INV_101476,WH_07,PROD_0135,20/08/2024,3910,247,262,3895.0,2829.01
INV_101477,WH_13,PROD_0269,13/05/2024,763,1387,591,1559.0,834.34
INV_101478,WH_06,PROD_0140,10/08/2024,1274,665,1191,748.0,949.09
INV_101479,WH_15,PROD_0036,15/09/2024,766,203,1151,-182.0,-143.63
INV_101480,WH_13,PROD_0013,19/08/2024,3096,114,518,2692.0,2658.29
INV_101481,WH_14,PROD_0280,17/05/2024,1968,931,285,2614.0,2911.13
INV_101482,WH_08,PROD_0208,25/09/2024,2495,327,1427,1395.0,1697.29
INV_101483,WH_05,PROD_0280,03/08/2024,3807,564,1212,3159.0,3650.52
INV_101484,WH_09,PROD_0152,08/06/2024,2211,157,247,2121.0,1766.28
INV_101485,WH_09,PROD_0138,23/04/2024,515,430,849,96.0,58.79
INV_101486,WH_14,PROD_0020,02/05/2024,3541,657,571,3627.0,3167.84
INV_101487,WH_04,PROD_0295,10/01/2024,3044,1022,452,3614.0,1842.3
INV_101488,WH_11,PROD_0081,15/06/2024,3573,1012,478,4107.0,2748.2
INV_101489,WH_04,PROD_0123,07/12/2024,2856,626,473,3009.0,4446.58
INV_101490,WH_08,PROD_0248,17/04/2024,1245,1431,276,2400.0,1865.24
INV_101491,WH_10,PROD_0234,16/10/2024,1488,999,990,1497.0,2062.1
INV_101492,WH_11,PROD_0137,05/07/2024,918,1334,1362,890.0,592.38
INV_101493,WH_08,PROD_0271,16/12/2024,1644,161,772,1033.0,1065.93
INV_101494,WH_03,PROD_0244,22/04/2024,2772,1472,851,3393.0,1709.47
INV_101495,WH_12,PROD_0005,16/09/2024,4738,325,941,4122.0,5983.37
INV_101496,WH_02,PROD_0183,20/10/2024,4764,567,464,4867.0,4017.1
INV_101497,WH_11,PROD_0265,02/09/2024,1956,984,1015,1925.0,2459.78
INV_101498,WH_06,PROD_0047,10/03/2024,4999,1051,924,5126.0,5868.86
INV_101499,WH_05,PROD_0220,12/04/2024,4550,382,1125,3807.0,3224.33
INV_101500,WH_01,PROD_0285,18/06/2024,3327,1341,547,4121.0,5998.25
INV_101501,WH_01,PROD_0060,11/09/2024,3673,760,1084,3349.0,3458.42
INV_101502,WH_09,PROD_0267,07/07/2024,1904,965,1137,1732.0,1008.14
INV_101503,WH_06,PROD_0225,05/12/2024,3331,1393,306,4418.0,5561.36
INV_101504,WH_13,PROD_0240,18/03/2024,1128,938,1422,644.0,880.51
INV_101505,WH_05,PROD_0063,18/06/2024,2094,337,612,1819.0,1357.77
INV_101506,WH_01,PROD_0093,07/08/2024,2991,1163,304,3850.0,5426.12
INV_101507,WH_14,PROD_0009,22/06/2024,4711,1291,1443,4559.0,4786.31
INV_101508,WH_08,PROD_0150,25/05/2024,912,1353,595,1670.0,2340.11
INV_101509,WH_15,PROD_0176,14/12/2024,4827,315,684,4458.0,5070.35
INV_101510,WH_06,PROD_0258,28/01/2024,4399,232,715,3916.0,5180.09
INV_101511,WH_02,PROD_0050,09/10/2024,2593,955,819,2729.0,2584.16
INV_101512,WH_14,PROD_0170,14/11/2024,1714,1131,1194,1651.0,1596.83
INV_101513,WH_02,PROD_0036,02/08/2024,886,496,867,515.0,694.4
INV_101514,WH_08,PROD_0267,26/12/2024,4604,964,107,5461.0,4364.53
INV_101515,WH_15,PROD_0016,10/07/2024,734,564,324,974.0,1182.5
INV_101516,WH_12,PROD_0007,16/09/2024,3238,598,465,3371.0,3956.25
INV_101517,WH_07,PROD_0232,13/03/2024,4775,155,638,4292.0,3998.01
INV_101518,WH_05,PROD_0142,21/08/2024,3902,894,1248,3548.0,2728.9
INV_101519,WH_10,PROD_0066,08/05/2024,2007,768,1362,1413.0,1289.79
INV_101520,WH_13,PROD_0170,13/03/2024,3167,1183,661,3689.0,3352.81
INV_101521,WH_08,PROD_0282,05/06/2024,1095,449,216,1328.0,1018.14
INV_101522,WH_04,PROD_0048,12/06/2024,4361,328,196,,0.0
INV_101523,WH_15,PROD_0134,18/01/2024,1239,409,217,1431.0,1765.42
INV_101524,WH_07,PROD_0114,06/02/2024,855,928,509,1274.0,1066.08
INV_101525,WH_15,PROD_0186,12/02/2024,3905,1322,145,5082.0,3755.58
INV_101526,WH_08,PROD_0054,12/10/2024,2235,343,278,2300.0,2720.36
INV_101527,WH_09,PROD_0195,03/05/2024,2834,1230,1452,2612.0,2552.99
INV_101528,WH_11,PROD_0250,10/01/2024,1369,414,981,802.0,754.37
INV_101529,WH_15,PROD_0268,01/04/2024,2694,228,666,2256.0,1712.06
INV_101530,WH_11,PROD_0219,29/09/2024,4881,594,279,5196.0,3552.49
INV_101531,WH_14,PROD_0280,07/01/2024,983,648,139,1492.0,1728.77
INV_101532,WH_14,PROD_0008,22/11/2024,2793,1320,1143,,0.0
INV_101533,WH_10,PROD_0179,19/12/2024,3566,559,617,3508.0,3449.06
INV_101534,WH_01,PROD_0050,20/04/2024,3177,246,540,2883.0,1713.29
INV_101535,WH_01,PROD_0116,28/03/2024,1551,284,159,1676.0,1311.11
INV_101536,WH_11,PROD_0066,02/06/2024,1595,1031,338,2288.0,2064.46
INV_101537,WH_02,PROD_0287,30/05/2024,2376,1309,735,2950.0,3142.85
INV_101538,WH_03,PROD_0274,12/12/2024,4073,1374,562,4885.0,4235.39
INV_101539,WH_08,PROD_0225,21/04/2024,1337,635,992,980.0,834.33
INV_101540,WH_07,PROD_0213,02/02/2024,3910,1155,969,4096.0,3864.93
INV_101541,WH_08,PROD_0179,19/10/2024,825,472,1069,228.0,131.61
INV_101542,WH_13,PROD_0132,26/09/2024,1212,141,1024,329.0,234.95
INV_101543,WH_02,PROD_0014,01/05/2024,1371,951,1079,1243.0,1465.92
INV_101544,WH_13,PROD_0221,07/12/2024,4338,780,957,4161.0,4678.09
INV_101545,WH_12,PROD_0108,11/10/2024,3121,1305,661,3765.0,4999.19
INV_101546,WH_08,PROD_0218,24/07/2024,3293,480,455,3318.0,4345.26
INV_101547,WH_10,PROD_0032,28/07/2024,3450,1241,209,4482.0,3496.93
INV_101548,WH_05,PROD_0204,19/03/2024,4290,210,181,4319.0,6223.41
INV_101549,WH_15,PROD_0013,03/07/2024,3503,1457,881,4079.0,2334.4
INV_101550,WH_13,PROD_0149,20/09/2024,2986,1033,406,3613.0,3408.91
INV_101551,WH_07,PROD_0263,23/06/2024,4456,889,343,5002.0,3624.46
INV_101552,WH_04,PROD_0242,07/08/2024,2817,107,106,,0.0
INV_101553,WH_02,PROD_0120,17/07/2024,4055,158,854,3359.0,2632.34
INV_101554,WH_05,PROD_0290,04/11/2024,3262,1347,464,4145.0,4095.07
INV_101555,WH_07,PROD_0036,31/12/2024,4919,837,265,5491.0,7884.42
INV_101556,WH_07,PROD_0096,06/05/2024,3307,809,1333,2783.0,1579.2
INV_101557,WH_14,PROD_0192,15/07/2024,2357,330,649,2038.0,1094.77
INV_101558,WH_13,PROD_0105,04/05/2024,3447,298,1250,2495.0,2793.46
INV_101559,WH_09,PROD_0213,12/01/2024,4610,626,1432,3804.0,5297.03
INV_101560,WH_05,PROD_0269,03/07/2024,1058,1491,772,1777.0,1434.89
INV_101561,WH_01,PROD_0083,31/01/2024,4426,739,526,4639.0,4663.39
INV_101562,WH_07,PROD_0143,25/07/2024,1372,630,217,1785.0,1564.65
INV_101563,WH_02,PROD_0278,27/03/2024,1983,725,1252,1456.0,1970.71
INV_101564,WH_04,PROD_0022,26/08/2024,4402,761,705,4458.0,6428.64
INV_101565,WH_05,PROD_0256,20/11/2024,1410,716,1389,737.0,446.61
INV_101566,WH_13,PROD_0205,15/05/2024,3494,1044,662,3876.0,3720.41
INV_101567,WH_02,PROD_0236,24/07/2024,2280,989,902,2367.0,1353.79
INV_101568,WH_10,PROD_0133,24/11/2024,4544,130,443,4231.0,6299.08
INV_101569,WH_11,PROD_0199,06/02/2024,1009,621,1305,325.0,194.45
INV_101570,WH_11,PROD_0283,11/11/2024,4165,444,646,3963.0,2461.82
INV_101571,WH_15,PROD_0195,11/02/2024,3918,817,591,4144.0,5564.85
INV_101572,WH_02,PROD_0072,26/01/2024,1909,612,170,2351.0,1538.89
INV_101573,WH_12,PROD_0158,25/09/2024,4618,1299,1402,4515.0,6149.1
INV_101574,WH_15,PROD_0117,06/02/2024,1495,1042,459,2078.0,2423.47
INV_101575,WH_03,PROD_0048,07/02/2024,2191,681,187,2685.0,2601.93
INV_101576,WH_13,PROD_0031,15/03/2024,3538,1397,1442,3493.0,4324.57
INV_101577,WH_03,PROD_0013,12/11/2024,4368,236,735,,0.0
INV_101578,WH_15,PROD_0284,13/07/2024,2160,229,1004,1385.0,1043.59
INV_101579,WH_07,PROD_0212,18/11/2024,4188,297,616,3869.0,4416.17
INV_101580,WH_07,PROD_0231,01/10/2024,818,104,1281,-359.0,-179.59
INV_101581,WH_04,PROD_0104,21/01/2024,662,160,235,587.0,405.78
INV_101582,WH_02,PROD_0031,30/12/2024,615,464,832,247.0,261.64
INV_101583,WH_15,PROD_0027,04/03/2024,1156,1298,1440,1014.0,1186.74
INV_101584,WH_13,PROD_0204,27/03/2024,3010,147,749,2408.0,2189.24
INV_101585,WH_08,PROD_0168,15/04/2024,3183,1309,865,3627.0,4001.08
INV_101586,WH_15,PROD_0231,02/08/2024,4935,1260,814,5381.0,5922.23
INV_101587,WH_09,PROD_0197,24/04/2024,574,1282,647,1209.0,731.07
INV_101588,WH_08,PROD_0299,31/01/2024,3516,1270,200,4586.0,4158.05
INV_101589,WH_04,PROD_0295,17/12/2024,1794,647,1220,1221.0,773.12
INV_101590,WH_15,PROD_0252,01/08/2024,2628,480,1162,1946.0,1598.59
INV_101591,WH_01,PROD_0010,12/09/2024,1471,715,171,2015.0,2329.31
INV_101592,WH_11,PROD_0187,25/03/2024,2041,340,1392,,0.0
INV_101593,WH_04,PROD_0295,29/02/2024,4505,927,1039,4393.0,4232.0
INV_101594,WH_05,PROD_0034,18/01/2024,1092,158,692,558.0,674.75
INV_101595,WH_08,PROD_0092,12/04/2024,1575,1134,916,1793.0,1050.16
INV_101596,WH_08,PROD_0266,20/09/2024,3651,265,1488,2428.0,1527.04
INV_101597,WH_13,PROD_0223,22/05/2024,2607,1208,306,3509.0,2218.67
INV_101598,WH_10,PROD_0139,30/06/2024,2920,505,1362,2063.0,2268.12
INV_101599,WH_02,PROD_0126,22/02/2024,3349,332,1469,2212.0,2969.14
INV_101600,WH_15,PROD_0293,17/06/2024,4715,1369,1000,5084.0,4238.3
INV_101601,WH_15,PROD_0010,29/02/2024,1415,641,881,1175.0,1496.99
INV_101602,WH_14,PROD_0099,16/03/2024,2283,1109,332,3060.0,4136.94
INV_101603,WH_12,PROD_0211,14/09/2024,3753,971,857,3867.0,3323.25
INV_101604,WH_05,PROD_0024,18/02/2024,612,1011,705,918.0,1093.65
INV_101605,WH_13,PROD_0131,07/08/2024,2057,921,966,2012.0,2152.13
INV_101606,WH_07,PROD_0143,17/11/2024,1826,661,1390,1097.0,938.16
INV_101607,WH_12,PROD_0260,20/10/2024,1531,1276,1253,1554.0,1130.01
INV_101608,WH_11,PROD_0065,03/05/2024,1522,1331,633,2220.0,2920.72
INV_101609,WH_01,PROD_0245,25/11/2024,1851,626,1175,1302.0,775.45
INV_101610,WH_10,PROD_0033,28/09/2024,3796,565,290,4071.0,3395.36
INV_101611,WH_15,PROD_0077,03/06/2024,3690,1148,888,3950.0,2878.14
INV_101612,WH_10,PROD_0240,26/11/2024,932,1399,1169,1162.0,798.92
INV_101613,WH_11,PROD_0097,16/12/2024,2697,1244,1464,2477.0,1515.77
INV_101614,WH_05,PROD_0096,20/10/2024,1186,757,1311,632.0,891.42
INV_101615,WH_03,PROD_0263,14/08/2024,4973,1319,681,5611.0,3752.06
INV_101616,WH_08,PROD_0011,01/11/2024,3817,134,1101,2850.0,3721.2
INV_101617,WH_02,PROD_0101,06/03/2024,3315,377,1230,2462.0,3646.61
INV_101618,WH_08,PROD_0109,09/10/2024,643,1253,1050,846.0,883.59
INV_101619,WH_13,PROD_0132,02/05/2024,3108,1157,489,3776.0,3100.93
INV_101620,WH_03,PROD_0248,26/08/2024,2930,1340,1109,3161.0,3406.13
INV_101621,WH_10,PROD_0145,13/10/2024,2237,739,829,2147.0,1600.79
INV_101622,WH_05,PROD_0173,28/07/2024,3667,256,908,3015.0,3119.89
INV_101623,WH_07,PROD_0282,10/07/2024,4424,1370,725,5069.0,4773.39
INV_101624,WH_04,PROD_0137,18/01/2024,4308,1145,909,4544.0,3874.19
INV_101625,WH_10,PROD_0240,26/01/2024,4854,394,1353,3895.0,4826.48
INV_101626,WH_04,PROD_0093,18/03/2024,2971,1406,965,3412.0,3285.04
INV_101627,WH_05,PROD_0184,21/06/2024,3446,1294,683,4057.0,5582.3
INV_101628,WH_10,PROD_0295,12/10/2024,3008,1456,164,4300.0,5100.2
INV_101629,WH_10,PROD_0007,20/08/2024,3904,1437,630,4711.0,5706.6
INV_101630,WH_05,PROD_0103,19/05/2024,4344,138,1008,3474.0,3480.54
INV_101631,WH_15,PROD_0290,19/09/2024,3337,180,143,3374.0,1862.36
INV_101632,WH_05,PROD_0091,03/02/2024,3872,771,792,3851.0,4552.76
INV_101633,WH_07,PROD_0101,27/06/2024,4700,768,270,5198.0,5155.99
INV_101634,WH_14,PROD_0054,27/11/2024,1773,113,1171,715.0,997.38
INV_101635,WH_05,PROD_0192,09/12/2024,4924,597,938,4583.0,4089.22
INV_101636,WH_03,PROD_0037,21/07/2024,2339,1339,1219,2459.0,1438.22
INV_101637,WH_03,PROD_0142,10/03/2024,3280,1164,1159,3285.0,3931.63
INV_101638,WH_14,PROD_0018,01/10/2024,4110,1431,1190,4351.0,3247.3
INV_101639,WH_04,PROD_0248,14/02/2024,951,161,1079,33.0,48.16
INV_101640,WH_10,PROD_0024,04/05/2024,2824,442,433,2833.0,2654.29
INV_101641,WH_14,PROD_0067,21/08/2024,3703,661,661,3703.0,3864.79
INV_101642,WH_11,PROD_0066,14/07/2024,4775,803,831,4747.0,7098.27
INV_101643,WH_04,PROD_0010,12/12/2024,1682,1094,1038,1738.0,1102.04
INV_101644,WH_06,PROD_0020,20/09/2024,4007,192,591,3608.0,4595.58
INV_101645,WH_14,PROD_0296,05/11/2024,3544,806,257,4093.0,4951.98
INV_101646,WH_11,PROD_0240,13/02/2024,795,742,246,1291.0,1303.74
INV_101647,WH_15,PROD_0091,20/04/2024,4240,615,1317,3538.0,2195.54
INV_101648,WH_11,PROD_0248,04/05/2024,4726,348,236,4838.0,2888.41
INV_101649,WH_08,PROD_0180,31/07/2024,1318,1476,1307,1487.0,1848.21
INV_101650,WH_08,PROD_0009,17/05/2024,2304,459,923,1840.0,2693.4
INV_101651,WH_14,PROD_0216,18/04/2024,4061,1308,1247,4122.0,5633.79
INV_101652,WH_13,PROD_0068,08/03/2024,4739,909,783,4865.0,3444.73
INV_101653,WH_06,PROD_0115,07/10/2024,939,493,158,1274.0,1773.32
INV_101654,WH_08,PROD_0221,20/09/2024,4581,174,835,3920.0,2186.07
INV_101655,WH_11,PROD_0090,04/05/2024,654,514,627,541.0,402.61
INV_101656,WH_01,PROD_0263,11/02/2024,1611,433,998,1046.0,533.86
INV_101657,WH_05,PROD_0160,23/09/2024,4638,1044,225,5457.0,6179.73
INV_101658,WH_09,PROD_0116,28/05/2024,823,1050,1070,803.0,681.67
INV_101659,WH_07,PROD_0283,11/06/2024,3708,764,554,3918.0,4728.07
INV_101660,WH_10,PROD_0008,27/06/2024,4608,1489,494,5603.0,3047.42
INV_101661,WH_13,PROD_0250,14/07/2024,1782,916,1141,1557.0,1350.7
INV_101662,WH_15,PROD_0291,17/04/2024,2706,148,917,,0.0
INV_101663,WH_01,PROD_0223,24/11/2024,4332,733,189,4876.0,7152.81
INV_101664,WH_14,PROD_0282,23/12/2024,1633,649,1328,954.0,731.75
INV_101665,WH_09,PROD_0097,30/08/2024,2414,304,569,2149.0,2495.79
INV_101666,WH_15,PROD_0138,28/03/2024,4330,656,441,4545.0,5855.3
INV_101667,WH_15,PROD_0186,07/08/2024,3156,278,999,2435.0,2017.72
INV_101668,WH_07,PROD_0064,06/10/2024,3215,1201,1159,3257.0,1898.0
INV_101669,WH_09,PROD_0031,01/07/2024,3196,632,988,2840.0,1886.4
INV_101670,WH_02,PROD_0225,24/01/2024,3180,1022,1346,2856.0,2500.92
INV_101671,WH_11,PROD_0255,12/07/2024,2857,1281,842,3296.0,1928.48
INV_101672,WH_03,PROD_0207,11/08/2024,3364,817,603,3578.0,2697.01
INV_101673,WH_11,PROD_0240,08/08/2024,3987,778,244,4521.0,2887.62
INV_101674,WH_15,PROD_0161,01/01/2024,1568,905,950,1523.0,1247.99
INV_101675,WH_02,PROD_0244,14/09/2024,4419,104,778,3745.0,4245.07
INV_101676,WH_03,PROD_0281,25/04/2024,3847,934,1381,3400.0,2388.76
INV_101677,WH_06,PROD_0224,23/03/2024,2202,1491,1459,2234.0,2204.62
INV_101678,WH_02,PROD_0261,14/12/2024,2230,1061,292,2999.0,1959.33
INV_101679,WH_05,PROD_0016,05/11/2024,542,921,105,1358.0,1267.57
INV_101680,WH_14,PROD_0032,03/02/2024,4667,460,519,4608.0,5863.5
INV_101681,WH_07,PROD_0189,19/06/2024,2201,680,1213,1668.0,974.87
INV_101682,WH_15,PROD_0099,22/05/2024,4891,1418,1002,5307.0,5351.77
INV_101683,WH_08,PROD_0052,08/06/2024,1078,1414,1277,1215.0,1581.11
INV_101684,WH_10,PROD_0007,10/04/2024,3772,579,1345,3006.0,2498.66
INV_101685,WH_15,PROD_0028,01/11/2024,3354,442,1382,2414.0,2179.43
INV_101686,WH_08,PROD_0123,18/04/2024,737,271,1050,-42.0,-43.15
INV_101687,WH_11,PROD_0215,14/11/2024,2174,446,1292,1328.0,1674.62
INV_101688,WH_09,PROD_0127,26/04/2024,1405,598,292,1711.0,1508.34
INV_101689,WH_04,PROD_0286,10/02/2024,2769,415,1021,2163.0,1993.38
INV_101690,WH_07,PROD_0057,11/05/2024,2978,828,564,3242.0,1972.85
INV_101691,WH_03,PROD_0185,01/10/2024,948,281,588,641.0,640.67
INV_101692,WH_12,PROD_0067,27/03/2024,1309,944,1117,1136.0,1390.37
INV_101693,WH_06,PROD_0232,09/06/2024,3503,713,297,3919.0,3564.67
INV_101694,WH_07,PROD_0227,25/02/2024,3240,708,399,,0.0
INV_101695,WH_13,PROD_0166,15/05/2024,2717,647,579,2785.0,1802.29
INV_101696,WH_05,PROD_0261,08/04/2024,3987,134,1270,2851.0,2921.5
INV_101697,WH_03,PROD_0264,04/02/2024,2100,1276,478,2898.0,1701.31
INV_101698,WH_15,PROD_0111,06/10/2024,2036,1385,953,2468.0,3258.47
INV_101699,WH_08,PROD_0277,11/09/2024,1744,1136,1186,1694.0,1189.06
INV_101700,WH_08,PROD_0133,06/05/2024,2347,745,127,2965.0,2205.72
INV_101701,WH_04,PROD_0226,27/09/2024,3305,154,1430,2029.0,2721.83
INV_101702,WH_15,PROD_0014,24/08/2024,3822,563,104,4281.0,3383.31
INV_101703,WH_07,PROD_0208,02/05/2024,4624,1125,1134,4615.0,2773.42
INV_101704,WH_07,PROD_0104,04/05/2024,4827,518,901,4444.0,5203.45
INV_101705,WH_05,PROD_0199,24/08/2024,924,604,699,829.0,1053.23
INV_101706,WH_09,PROD_0005,23/11/2024,838,371,1448,-239.0,-218.77
INV_101707,WH_09,PROD_0107,29/05/2024,781,638,1245,,0.0
INV_101708,WH_01,PROD_0127,11/06/2024,2049,127,988,1188.0,1472.96
INV_101709,WH_07,PROD_0231,04/04/2024,3407,874,646,3635.0,2003.89
INV_101710,WH_03,PROD_0053,13/10/2024,564,988,1253,299.0,332.96
INV_101711,WH_04,PROD_0033,08/01/2024,657,536,1454,-261.0,-152.51
INV_101712,WH_11,PROD_0210,23/03/2024,2540,1142,1243,,0.0
INV_101713,WH_03,PROD_0100,01/03/2024,3589,1401,937,4053.0,4341.86
INV_101714,WH_06,PROD_0192,25/06/2024,1844,465,922,1387.0,1001.12
INV_101715,WH_12,PROD_0165,01/09/2024,4934,499,1067,4366.0,4788.32
INV_101716,WH_12,PROD_0122,02/06/2024,4659,1110,1476,4293.0,5913.44
INV_101717,WH_13,PROD_0123,10/11/2024,3763,1192,1375,3580.0,2139.82
INV_101718,WH_13,PROD_0131,20/08/2024,3298,382,332,3348.0,3569.19
INV_101719,WH_07,PROD_0109,10/10/2024,3072,1342,1283,3131.0,2210.46
INV_101720,WH_14,PROD_0134,20/08/2024,793,601,1238,156.0,191.4
INV_101721,WH_05,PROD_0071,01/03/2024,4737,1276,866,5147.0,3212.88
INV_101722,WH_02,PROD_0289,05/09/2024,2715,803,1152,2366.0,3260.81
INV_101723,WH_13,PROD_0287,20/02/2024,4682,154,701,4135.0,5318.28
INV_101724,WH_09,PROD_0042,29/09/2024,584,418,1308,,0.0
INV_101725,WH_03,PROD_0291,17/05/2024,2583,173,1039,1717.0,1808.15
INV_101726,WH_01,PROD_0019,07/09/2024,4874,519,235,5158.0,6042.05
INV_101727,WH_04,PROD_0104,20/10/2024,3450,1102,607,3945.0,4961.03
INV_101728,WH_01,PROD_0203,06/02/2024,4615,1012,303,5324.0,5802.06
INV_101729,WH_01,PROD_0102,23/03/2024,2852,600,468,2984.0,4202.25
INV_101730,WH_02,PROD_0128,09/09/2024,2932,679,178,3433.0,4498.57
INV_101731,WH_02,PROD_0050,15/12/2024,4474,1066,995,4545.0,3712.03
INV_101732,WH_13,PROD_0122,12/01/2024,2537,934,906,2565.0,2392.99
INV_101733,WH_04,PROD_0146,21/07/2024,1162,527,565,1124.0,815.79
INV_101734,WH_02,PROD_0085,07/06/2024,1080,1168,685,1563.0,833.08
INV_101735,WH_09,PROD_0169,17/12/2024,1702,1326,1474,1554.0,2280.22
INV_101736,WH_08,PROD_0247,27/10/2024,927,653,1095,485.0,362.78
INV_101737,WH_09,PROD_0156,23/02/2024,1895,214,1134,975.0,994.43
INV_101738,WH_15,PROD_0138,09/09/2024,2771,946,1286,2431.0,1513.97
INV_101739,WH_14,PROD_0098,30/07/2024,3806,1439,1159,4086.0,4332.42
INV_101740,WH_08,PROD_0112,09/12/2024,1706,1156,237,2625.0,1512.27
INV_101741,WH_13,PROD_0041,17/06/2024,521,751,435,837.0,764.62
INV_101742,WH_03,PROD_0117,21/05/2024,4581,1242,525,5298.0,3425.06
INV_101743,WH_07,PROD_0213,13/06/2024,1850,886,621,2115.0,2789.72
INV_101744,WH_06,PROD_0010,18/08/2024,2509,125,232,2402.0,2731.79
INV_101745,WH_11,PROD_0253,17/08/2024,2044,162,1370,836.0,942.72
INV_101746,WH_13,PROD_0222,16/10/2024,2667,536,1387,1816.0,2255.05
INV_101747,WH_02,PROD_0067,30/01/2024,4142,237,757,3622.0,2832.99
INV_101748,WH_03,PROD_0241,14/05/2024,3604,727,703,3628.0,2060.18
INV_101749,WH_10,PROD_0291,28/04/2024,4478,723,956,4245.0,3412.53
INV_101750,WH_06,PROD_0237,09/06/2024,4051,715,1320,3446.0,2284.36
INV_101751,WH_07,PROD_0103,24/02/2024,4216,452,734,3934.0,4572.1
INV_101752,WH_14,PROD_0288,17/02/2024,1056,588,659,985.0,678.27
INV_101753,WH_08,PROD_0196,16/03/2024,591,1429,318,1702.0,1505.93
INV_101754,WH_14,PROD_0015,19/04/2024,745,973,739,979.0,1361.95
INV_101755,WH_13,PROD_0231,23/03/2024,4930,709,100,5539.0,3642.29
INV_101756,WH_03,PROD_0056,19/01/2024,4288,482,602,4168.0,3961.92
INV_101757,WH_08,PROD_0096,14/06/2024,3596,726,408,3914.0,2206.03
INV_101758,WH_05,PROD_0237,07/09/2024,813,1493,1318,988.0,1430.33
INV_101759,WH_04,PROD_0129,11/08/2024,3807,770,528,4049.0,4435.86
INV_101760,WH_08,PROD_0033,20/09/2024,3012,1170,131,4051.0,2377.23
INV_101761,WH_08,PROD_0018,05/11/2024,4585,1169,266,5488.0,5396.41
INV_101762,WH_03,PROD_0107,15/08/2024,2077,481,1353,1205.0,833.57
INV_101763,WH_13,PROD_0080,27/04/2024,2182,815,336,2661.0,3318.54
INV_101764,WH_03,PROD_0148,06/01/2024,3129,712,703,3138.0,3205.95
INV_101765,WH_02,PROD_0223,07/10/2024,3763,599,380,3982.0,4981.82
INV_101766,WH_12,PROD_0090,30/08/2024,3635,1223,1186,3672.0,4670.03
INV_101767,WH_06,PROD_0022,24/03/2024,4705,937,1463,4179.0,2371.67
INV_101768,WH_07,PROD_0024,14/10/2024,2296,964,199,3061.0,4227.62
INV_101769,WH_03,PROD_0249,12/05/2024,1140,1073,655,1558.0,1223.02
INV_101770,WH_09,PROD_0283,30/04/2024,4924,343,880,4387.0,5052.78
INV_101771,WH_03,PROD_0191,11/01/2024,4603,699,445,4857.0,3849.4
INV_101772,WH_14,PROD_0186,24/07/2024,1520,1247,763,2004.0,1699.62
INV_101773,WH_03,PROD_0267,21/09/2024,4005,307,147,4165.0,3062.79
INV_101774,WH_07,PROD_0177,16/06/2024,4010,1265,202,5073.0,3809.9
INV_101775,WH_06,PROD_0094,03/08/2024,3651,509,497,3663.0,2107.44
INV_101776,WH_02,PROD_0027,11/06/2024,4990,481,880,4591.0,5244.3
INV_101777,WH_07,PROD_0281,22/01/2024,3990,374,797,,0.0
INV_101778,WH_02,PROD_0196,27/04/2024,3666,205,444,3427.0,2800.67
INV_101779,WH_03,PROD_0108,29/05/2024,2193,1081,493,2781.0,1896.11
INV_101780,WH_05,PROD_0253,02/08/2024,953,136,105,984.0,1231.18
INV_101781,WH_15,PROD_0222,14/09/2024,2588,747,1333,2002.0,1053.52
INV_101782,WH_10,PROD_0024,20/10/2024,4305,569,184,4690.0,5287.42
INV_101783,WH_13,PROD_0060,10/05/2024,1848,541,549,1840.0,1537.63
INV_101784,WH_12,PROD_0178,10/07/2024,3881,274,842,3313.0,4475.06
INV_101785,WH_06,PROD_0251,09/09/2024,1336,1291,1436,1191.0,1107.03
INV_101786,WH_05,PROD_0084,22/11/2024,4076,646,1124,3598.0,4819.84
INV_101787,WH_15,PROD_0220,05/03/2024,587,138,1383,-658.0,-410.38
INV_101788,WH_09,PROD_0218,14/04/2024,4995,452,531,4916.0,4403.3
INV_101789,WH_02,PROD_0138,27/12/2024,4962,1010,1231,4741.0,4839.52
INV_101790,WH_06,PROD_0094,29/07/2024,995,718,671,1042.0,915.68
INV_101791,WH_11,PROD_0078,21/12/2024,3694,666,851,3509.0,4534.0
INV_101792,WH_05,PROD_0023,09/07/2024,1477,736,1143,1070.0,816.48
INV_101793,WH_06,PROD_0025,31/12/2024,1745,1092,555,2282.0,2900.91
INV_101794,WH_15,PROD_0272,31/05/2024,3469,883,485,3867.0,5204.07
INV_101795,WH_03,PROD_0267,19/09/2024,3902,453,536,3819.0,2487.97
INV_101796,WH_04,PROD_0163,29/08/2024,3584,1437,217,4804.0,5274.44
INV_101797,WH_10,PROD_0152,05/05/2024,3633,937,1329,3241.0,2674.38
INV_101798,WH_10,PROD_0153,26/08/2024,3429,1446,307,4568.0,6503.28
INV_101799,WH_08,PROD_0236,14/10/2024,3002,571,656,2917.0,2837.02
INV_101800,WH_03,PROD_0256,10/04/2024,2361,1034,237,3158.0,2282.07
INV_101801,WH_07,PROD_0071,01/09/2024,963,1434,205,2192.0,3162.55
INV_101802,WH_11,PROD_0126,15/06/2024,1667,1399,1043,2023.0,2299.3
INV_101803,WH_08,PROD_0115,03/08/2024,2769,1095,237,3627.0,3025.03
INV_101804,WH_05,PROD_0015,31/08/2024,4352,525,596,4281.0,3240.48
INV_101805,WH_11,PROD_0084,11/08/2024,564,113,972,-295.0,-190.21
INV_101806,WH_03,PROD_0114,12/01/2024,1948,1457,321,3084.0,3338.16
INV_101807,WH_09,PROD_0280,24/06/2024,4833,973,326,5480.0,5815.55
INV_101808,WH_14,PROD_0122,27/04/2024,1004,884,774,1114.0,1331.63
INV_101809,WH_06,PROD_0102,22/01/2024,3498,511,880,3129.0,3583.29
INV_101810,WH_12,PROD_0276,09/08/2024,1612,1461,631,2442.0,3146.88
INV_101811,WH_14,PROD_0002,11/04/2024,4529,384,548,4365.0,2285.91
INV_101812,WH_12,PROD_0050,15/10/2024,3644,1107,757,3994.0,4787.29
INV_101813,WH_12,PROD_0008,29/05/2024,3219,752,750,3221.0,3185.27
INV_101814,WH_06,PROD_0223,27/06/2024,4038,548,1309,,0.0
INV_101815,WH_10,PROD_0027,22/05/2024,3227,464,905,2786.0,1952.41
INV_101816,WH_08,PROD_0242,20/07/2024,2743,371,159,2955.0,2627.94
INV_101817,WH_07,PROD_0003,24/02/2024,2514,103,561,,0.0
INV_101818,WH_13,PROD_0273,08/10/2024,3655,1000,1107,3548.0,2763.11
INV_101819,WH_04,PROD_0032,15/07/2024,1671,645,1111,1205.0,1280.48
INV_101820,WH_15,PROD_0192,30/05/2024,1684,1361,147,2898.0,3373.94
INV_101821,WH_06,PROD_0278,04/04/2024,4735,244,421,4558.0,4980.13
INV_101822,WH_03,PROD_0159,19/02/2024,2231,1204,177,3258.0,3939.94
INV_101823,WH_15,PROD_0158,02/04/2024,3815,167,527,3455.0,2840.31
INV_101824,WH_13,PROD_0020,06/02/2024,3439,1379,742,4076.0,2806.76
INV_101825,WH_13,PROD_0300,08/10/2024,3693,658,711,3640.0,2753.54
INV_101826,WH_09,PROD_0211,18/11/2024,754,1379,1062,1071.0,1287.26
INV_101827,WH_09,PROD_0189,10/07/2024,2234,297,456,2075.0,2932.47
INV_101828,WH_07,PROD_0202,02/04/2024,4182,1328,1332,4178.0,3529.52
INV_101829,WH_01,PROD_0060,18/11/2024,4627,1426,1460,4593.0,5458.03
INV_101830,WH_11,PROD_0258,07/09/2024,2363,272,1035,1600.0,846.47
INV_101831,WH_12,PROD_0226,06/10/2024,1267,1179,1483,963.0,1304.11
INV_101832,WH_09,PROD_0014,14/07/2024,2515,137,1032,1620.0,1366.72
INV_101833,WH_13,PROD_0047,03/06/2024,4234,571,546,4259.0,4942.26
INV_101834,WH_10,PROD_0231,12/04/2024,2457,748,1447,1758.0,2608.39
INV_101835,WH_06,PROD_0076,10/05/2024,2173,808,267,2714.0,1596.74
INV_101836,WH_06,PROD_0278,17/11/2024,4450,1012,1322,4140.0,4995.27
INV_101837,WH_13,PROD_0073,24/03/2024,2270,151,1274,1147.0,1073.7
INV_101838,WH_12,PROD_0121,02/12/2024,3607,847,1412,3042.0,4285.65
INV_101839,WH_13,PROD_0098,04/04/2024,4624,331,649,4306.0,4533.62
INV_101840,WH_09,PROD_0029,17/06/2024,3341,794,1022,3113.0,2145.15
INV_101841,WH_11,PROD_0059,26/03/2024,2177,1067,1249,1995.0,1302.31
INV_101842,WH_06,PROD_0221,19/05/2024,3493,1400,1367,3526.0,3219.18
INV_101843,WH_05,PROD_0046,24/01/2024,608,836,986,458.0,597.98
INV_101844,WH_06,PROD_0225,02/02/2024,4630,879,1137,4372.0,5179.36
INV_101845,WH_08,PROD_0093,14/09/2024,3935,1131,663,4403.0,4807.9
INV_101846,WH_12,PROD_0042,28/10/2024,2328,102,1215,1215.0,1133.65
INV_101847,WH_13,PROD_0075,17/11/2024,2488,1390,1342,2536.0,2231.41
INV_101848,WH_04,PROD_0006,26/11/2024,4434,1482,998,4918.0,2964.41
INV_101849,WH_08,PROD_0021,19/09/2024,754,1166,845,,0.0
INV_101850,WH_06,PROD_0041,02/12/2024,1177,1033,927,1283.0,1497.61
INV_101851,WH_03,PROD_0249,22/11/2024,3772,259,163,3868.0,5362.13
INV_101852,WH_10,PROD_0222,16/02/2024,4660,797,595,4862.0,5400.52
INV_101853,WH_12,PROD_0074,19/09/2024,4711,274,189,4796.0,3563.06
INV_101854,WH_02,PROD_0072,05/01/2024,4220,1338,955,4603.0,5976.55
INV_101855,WH_01,PROD_0100,22/03/2024,4525,1275,840,4960.0,2999.77
INV_101856,WH_05,PROD_0118,05/11/2024,1425,1226,272,2379.0,2308.43
INV_101857,WH_14,PROD_0012,05/05/2024,917,292,1111,98.0,110.14
INV_101858,WH_03,PROD_0047,12/06/2024,4130,477,480,4127.0,3306.62
INV_101859,WH_03,PROD_0292,12/03/2024,4947,168,137,4978.0,3531.99
INV_101860,WH_02,PROD_0146,09/08/2024,3364,1010,1333,3041.0,3223.16
INV_101861,WH_03,PROD_0219,01/02/2024,4047,624,1330,3341.0,2511.12
INV_101862,WH_05,PROD_0019,18/02/2024,1392,1087,412,2067.0,1559.89
INV_101863,WH_15,PROD_0121,31/10/2024,4048,303,403,3948.0,2073.25
INV_101864,WH_08,PROD_0256,12/02/2024,2090,945,364,2671.0,3139.24
INV_101865,WH_10,PROD_0029,17/10/2024,3181,521,1163,2539.0,2256.97
INV_101866,WH_07,PROD_0200,18/03/2024,3380,1274,696,3958.0,4225.87
INV_101867,WH_15,PROD_0027,14/08/2024,2966,116,763,2319.0,1718.27
INV_101868,WH_09,PROD_0232,12/05/2024,3958,826,904,3880.0,2136.74
INV_101869,WH_02,PROD_0061,04/07/2024,4422,631,1352,3701.0,4923.33
INV_101870,WH_06,PROD_0296,15/11/2024,2122,1374,158,3338.0,4540.2
INV_101871,WH_15,PROD_0117,16/06/2024,4098,492,919,3671.0,4585.73
INV_101872,WH_02,PROD_0081,24/10/2024,728,1423,1061,,0.0
INV_101873,WH_13,PROD_0200,10/02/2024,3399,183,1162,2420.0,1227.19
INV_101874,WH_11,PROD_0101,20/10/2024,1375,985,839,,0.0
INV_101875,WH_13,PROD_0158,26/03/2024,4807,205,811,,0.0
INV_101876,WH_01,PROD_0128,24/11/2024,4794,755,338,5211.0,4620.57
INV_101877,WH_04,PROD_0106,11/07/2024,1694,971,786,1879.0,1564.05
INV_101878,WH_11,PROD_0092,02/01/2024,2885,597,982,2500.0,3744.26
INV_101879,WH_06,PROD_0085,05/05/2024,3531,676,395,3812.0,3039.98
INV_101880,WH_11,PROD_0201,14/09/2024,2497,371,674,2194.0,2307.02
INV_101881,WH_06,PROD_0222,04/01/2024,827,1451,1028,1250.0,660.53
INV_101882,WH_06,PROD_0009,27/11/2024,2294,1216,1188,2322.0,2665.02
INV_101883,WH_02,PROD_0005,08/07/2024,4986,112,1474,3624.0,2235.77
INV_101884,WH_12,PROD_0146,11/06/2024,1154,1269,517,1906.0,981.12
INV_101885,WH_12,PROD_0066,11/03/2024,1424,289,1388,325.0,333.78
INV_101886,WH_08,PROD_0005,26/03/2024,3065,1133,834,3364.0,3574.48
INV_101887,WH_11,PROD_0189,03/08/2024,819,1024,339,1504.0,794.3
INV_101888,WH_12,PROD_0193,16/03/2024,1583,1144,839,1888.0,1587.06
INV_101889,WH_15,PROD_0195,28/07/2024,4742,259,596,4405.0,6266.51
INV_101890,WH_11,PROD_0235,20/03/2024,4865,1236,167,5934.0,4599.05
INV_101891,WH_03,PROD_0049,11/03/2024,3523,1336,862,3997.0,5389.09
INV_101892,WH_11,PROD_0099,24/02/2024,1609,314,773,1150.0,1347.22
INV_101893,WH_11,PROD_0224,14/09/2024,2640,1463,157,3946.0,5145.1
INV_101894,WH_07,PROD_0083,13/07/2024,2649,1093,1033,2709.0,3037.05
INV_101895,WH_10,PROD_0075,21/08/2024,2859,458,431,2886.0,1749.18
INV_101896,WH_08,PROD_0162,21/06/2024,3651,1314,1087,3878.0,4371.17
INV_101897,WH_14,PROD_0054,25/03/2024,2529,297,263,2563.0,1774.3
INV_101898,WH_04,PROD_0200,29/05/2024,4895,1333,607,5621.0,6397.2
INV_101899,WH_07,PROD_0167,09/11/2024,1246,1477,339,2384.0,2439.41
INV_101900,WH_09,PROD_0025,30/08/2024,1205,1056,982,1279.0,1408.46
INV_101901,WH_04,PROD_0013,01/05/2024,3808,941,324,4425.0,5806.37
INV_101902,WH_04,PROD_0174,07/01/2024,3637,398,1389,2646.0,3870.47
INV_101903,WH_11,PROD_0192,29/09/2024,2658,1063,372,3349.0,3245.13
INV_101904,WH_15,PROD_0083,16/02/2024,598,1487,241,1844.0,1358.67
INV_101905,WH_02,PROD_0185,24/02/2024,2323,202,794,1731.0,1903.8
INV_101906,WH_15,PROD_0072,07/07/2024,3461,1349,555,4255.0,2471.82
INV_101907,WH_04,PROD_0295,09/11/2024,2352,1193,987,2558.0,2432.34
INV_101908,WH_04,PROD_0260,22/06/2024,2867,989,1219,2637.0,2568.32
INV_101909,WH_04,PROD_0140,20/01/2024,1491,364,855,1000.0,1396.69
INV_101910,WH_10,PROD_0005,05/12/2024,3069,493,610,2952.0,1980.45
INV_101911,WH_07,PROD_0170,11/01/2024,3280,1342,408,4214.0,5614.72
INV_101912,WH_01,PROD_0029,20/02/2024,2432,1088,511,3009.0,2746.43
INV_101913,WH_11,PROD_0078,08/01/2024,4955,244,1071,4128.0,5394.21
INV_101914,WH_14,PROD_0097,29/03/2024,1215,121,1390,-54.0,-54.84
INV_101915,WH_01,PROD_0097,08/11/2024,2304,275,268,2311.0,3130.61
INV_101916,WH_13,PROD_0191,10/08/2024,2898,1071,414,3555.0,4270.51
INV_101917,WH_11,PROD_0152,07/09/2024,2865,967,1441,2391.0,2870.73
INV_101918,WH_13,PROD_0074,10/01/2024,1101,605,187,1519.0,1398.89
INV_101919,WH_05,PROD_0294,07/08/2024,555,471,1133,-107.0,-121.83
INV_101920,WH_12,PROD_0142,24/12/2024,3810,1381,1444,3747.0,3948.25
INV_101921,WH_09,PROD_0039,29/03/2024,1443,481,512,,0.0
INV_101922,WH_11,PROD_0044,10/12/2024,4655,1070,1179,4546.0,2550.45
INV_101923,WH_15,PROD_0219,22/11/2024,1570,803,462,1911.0,1143.82
INV_101924,WH_12,PROD_0049,27/05/2024,1651,899,173,2377.0,2928.75
INV_101925,WH_02,PROD_0152,21/06/2024,2550,740,1227,2063.0,2565.2
INV_101926,WH_15,PROD_0276,03/06/2024,4688,475,563,4600.0,3058.78
INV_101927,WH_08,PROD_0229,14/04/2024,4318,506,570,4254.0,4110.93
INV_101928,WH_08,PROD_0143,13/07/2024,3524,536,734,3326.0,2651.59
INV_101929,WH_06,PROD_0158,21/12/2024,1732,495,130,2097.0,1218.29
INV_101930,WH_09,PROD_0109,19/06/2024,1437,421,731,1127.0,1418.16
INV_101931,WH_07,PROD_0007,16/11/2024,2583,906,237,3252.0,2012.2
INV_101932,WH_08,PROD_0219,30/10/2024,2801,201,595,2407.0,2915.35
INV_101933,WH_08,PROD_0294,23/02/2024,1616,554,818,1352.0,1760.7
INV_101934,WH_07,PROD_0232,30/12/2024,582,1401,484,1499.0,1912.04
INV_101935,WH_15,PROD_0005,19/10/2024,572,908,464,,0.0
INV_101936,WH_10,PROD_0171,13/02/2024,4799,899,1020,4678.0,3727.1
INV_101937,WH_06,PROD_0163,09/09/2024,1013,923,864,1072.0,1417.03
INV_101938,WH_05,PROD_0288,03/03/2024,4128,818,723,4223.0,6099.75
INV_101939,WH_08,PROD_0085,10/02/2024,3586,186,1472,2300.0,1965.8
INV_101940,WH_03,PROD_0234,31/10/2024,3850,495,1305,3040.0,4292.8
INV_101941,WH_01,PROD_0151,28/01/2024,2723,1443,1378,2788.0,3261.97
INV_101942,WH_03,PROD_0242,01/01/2024,2842,1245,1016,3071.0,2361.84
INV_101943,WH_13,PROD_0140,22/02/2024,2196,1463,1270,2389.0,1434.38
INV_101944,WH_05,PROD_0019,03/03/2024,4400,1433,628,5205.0,6851.75
INV_101945,WH_08,PROD_0163,15/10/2024,3616,274,940,2950.0,3300.25
INV_101946,WH_01,PROD_0034,14/03/2024,1320,158,215,1263.0,1571.08
INV_101947,WH_03,PROD_0179,27/07/2024,4913,539,1429,4023.0,5843.95
INV_101948,WH_13,PROD_0187,26/07/2024,762,392,1197,-43.0,-27.03
INV_101949,WH_10,PROD_0178,28/01/2024,945,710,548,1107.0,616.47
INV_101950,WH_07,PROD_0163,26/09/2024,2751,240,548,2443.0,3571.14
INV_101951,WH_01,PROD_0057,07/03/2024,4301,343,409,,0.0
INV_101952,WH_04,PROD_0078,12/01/2024,2172,377,1089,1460.0,1604.96
INV_101953,WH_15,PROD_0061,12/03/2024,3036,885,888,3033.0,3392.0
INV_101954,WH_07,PROD_0295,31/08/2024,2488,252,246,2494.0,1498.9
INV_101955,WH_08,PROD_0286,07/03/2024,4359,244,950,3653.0,5137.89
INV_101956,WH_08,PROD_0145,19/08/2024,1142,655,826,971.0,1330.65
INV_101957,WH_11,PROD_0184,23/09/2024,790,445,930,305.0,279.73
INV_101958,WH_08,PROD_0036,11/09/2024,3592,246,588,3250.0,2930.56
INV_101959,WH_15,PROD_0295,07/10/2024,1264,1451,499,2216.0,2942.12
INV_101960,WH_13,PROD_0300,01/07/2024,3892,1051,703,4240.0,6019.04
INV_101961,WH_11,PROD_0087,26/07/2024,4421,545,1004,3962.0,3375.63
INV_101962,WH_07,PROD_0100,17/10/2024,1488,351,1080,759.0,441.9
INV_101963,WH_04,PROD_0277,13/09/2024,4481,1322,453,5350.0,5395.03
INV_101964,WH_11,PROD_0191,15/09/2024,2744,136,1473,1407.0,1246.74
INV_101965,WH_13,PROD_0195,07/11/2024,3849,532,1188,,0.0
INV_101966,WH_13,PROD_0270,21/08/2024,2442,361,333,,0.0
INV_101967,WH_05,PROD_0159,05/05/2024,4193,710,454,4449.0,5834.46
INV_101968,WH_09,PROD_0293,10/05/2024,3989,712,1155,,0.0
INV_101969,WH_14,PROD_0173,26/08/2024,1583,996,1276,1303.0,1429.21
INV_101970,WH_08,PROD_0099,16/04/2024,3693,733,576,3850.0,3021.63
INV_101971,WH_07,PROD_0144,18/05/2024,3575,429,435,3569.0,2232.55
INV_101972,WH_02,PROD_0097,04/01/2024,4226,436,449,4213.0,5692.65
INV_101973,WH_02,PROD_0084,10/11/2024,515,112,1407,-780.0,-591.15
INV_101974,WH_13,PROD_0011,01/06/2024,4830,951,1360,4421.0,4896.92
INV_101975,WH_04,PROD_0181,22/03/2024,2106,991,1428,1669.0,1567.31
INV_101976,WH_04,PROD_0215,18/11/2024,2250,1478,1395,2333.0,3491.8
INV_101977,WH_07,PROD_0114,21/10/2024,1127,560,880,807.0,840.42
INV_101978,WH_02,PROD_0077,31/01/2024,4617,663,481,4799.0,2408.45
INV_101979,WH_14,PROD_0073,30/07/2024,3370,653,280,3743.0,2342.72
INV_101980,WH_02,PROD_0009,07/10/2024,1824,1142,1280,1686.0,1438.66
INV_101981,WH_10,PROD_0250,19/07/2024,785,165,1328,-378.0,-315.83
INV_101982,WH_01,PROD_0097,21/02/2024,2930,340,205,3065.0,3332.4
INV_101983,WH_11,PROD_0004,01/10/2024,1178,267,338,1107.0,1609.38
INV_101984,WH_06,PROD_0152,10/09/2024,1658,413,579,1492.0,1359.59
INV_101985,WH_08,PROD_0161,17/01/2024,4645,633,1050,4228.0,5033.52
INV_101986,WH_01,PROD_0300,19/05/2024,3680,506,673,3513.0,5221.45
INV_101987,WH_08,PROD_0208,03/08/2024,2944,465,1112,2297.0,1792.84
INV_101988,WH_02,PROD_0294,26/03/2024,2856,339,200,2995.0,1636.23
INV_101989,WH_12,PROD_0071,13/03/2024,4701,1399,739,5361.0,3473.52
INV_101990,WH_07,PROD_0232,16/04/2024,2443,1207,1111,2539.0,2997.95
INV_101991,WH_09,PROD_0158,13/07/2024,2977,381,1297,2061.0,2603.21
INV_101992,WH_09,PROD_0070,02/06/2024,1666,383,596,1453.0,1805.07
INV_101993,WH_15,PROD_0211,07/07/2024,1292,684,169,1807.0,1327.29
INV_101994,WH_07,PROD_0198,11/09/2024,842,438,1368,-88.0,-118.78
INV_101995,WH_14,PROD_0178,15/01/2024,2283,316,966,1633.0,1317.66
INV_101996,WH_12,PROD_0229,20/12/2024,4553,641,684,4510.0,3896.5
INV_101997,WH_03,PROD_0263,05/01/2024,1612,559,1289,882.0,1291.67
INV_101998,WH_09,PROD_0131,30/06/2024,4547,146,795,3898.0,2861.4
INV_101999,WH_08,PROD_0022,21/08/2024,1259,338,829,768.0,844.61
INV_102000,WH_13,PROD_0097,04/11/2024,2649,1230,316,3563.0,3627.51
INV_102001,WH_02,PROD_0004,20/09/2024,1837,1289,1152,1974.0,1765.67
INV_102002,WH_06,PROD_0115,27/09/2024,2983,650,1390,2243.0,1858.45
INV_102003,WH_10,PROD_0194,22/12/2024,4904,244,1171,3977.0,4243.4
INV_102004,WH_12,PROD_0234,18/02/2024,2718,1419,844,3293.0,4049.67
INV_102005,WH_05,PROD_0107,19/05/2024,4348,637,570,4415.0,2520.58
INV_102006,WH_06,PROD_0053,23/05/2024,4638,464,1404,3698.0,5299.87
INV_102007,WH_03,PROD_0135,25/11/2024,3772,612,156,4228.0,4235.59
INV_102008,WH_12,PROD_0155,22/09/2024,984,407,1417,-26.0,-24.39
INV_102009,WH_11,PROD_0145,07/04/2024,4810,1017,731,5096.0,6063.34
INV_102010,WH_02,PROD_0274,23/11/2024,3696,376,341,3731.0,2874.25
INV_102011,WH_09,PROD_0026,15/10/2024,826,1078,339,1565.0,1651.58
INV_102012,WH_05,PROD_0037,09/09/2024,3719,866,1281,3304.0,4216.66
INV_102013,WH_06,PROD_0064,11/04/2024,1956,496,704,1748.0,1756.09
INV_102014,WH_06,PROD_0215,16/06/2024,4076,340,999,3417.0,1929.67
INV_102015,WH_05,PROD_0087,24/07/2024,2172,1423,1490,2105.0,1371.67
INV_102016,WH_15,PROD_0053,19/10/2024,761,1420,1390,791.0,1102.51
INV_102017,WH_06,PROD_0085,14/01/2024,2903,550,639,2814.0,3576.17
INV_102018,WH_11,PROD_0001,03/10/2024,4790,640,1032,4398.0,3707.94
INV_102019,WH_08,PROD_0268,11/10/2024,1096,364,687,773.0,1096.07
INV_102020,WH_13,PROD_0173,21/12/2024,2229,210,137,2302.0,1188.42
INV_102021,WH_03,PROD_0131,07/06/2024,2072,767,493,2346.0,3443.82
INV_102022,WH_06,PROD_0241,31/10/2024,1732,1295,1493,1534.0,1471.88
INV_102023,WH_13,PROD_0208,04/01/2024,3659,1404,332,4731.0,2628.32
INV_102024,WH_03,PROD_0189,16/07/2024,2587,382,442,2527.0,1592.04
INV_102025,WH_02,PROD_0203,20/07/2024,2753,923,1113,2563.0,3120.87
INV_102026,WH_02,PROD_0254,04/12/2024,3839,565,103,4301.0,2793.97
INV_102027,WH_12,PROD_0143,28/03/2024,1325,971,435,1861.0,1054.8
INV_102028,WH_07,PROD_0021,02/01/2024,3635,237,1487,2385.0,3500.49
INV_102029,WH_09,PROD_0097,17/10/2024,562,1389,712,1239.0,856.86
INV_102030,WH_13,PROD_0069,19/07/2024,3737,1491,933,4295.0,5984.44
INV_102031,WH_09,PROD_0259,25/12/2024,4658,1357,791,5224.0,3651.75
INV_102032,WH_11,PROD_0169,13/10/2024,4375,342,193,4524.0,3491.82
INV_102033,WH_08,PROD_0121,26/05/2024,2206,1123,1116,2213.0,1369.12
INV_102034,WH_15,PROD_0180,31/10/2024,3036,120,616,2540.0,1621.14
INV_102035,WH_14,PROD_0178,14/09/2024,1421,385,346,1460.0,1511.04
INV_102036,WH_14,PROD_0019,04/10/2024,4537,156,618,4075.0,2113.69
INV_102037,WH_10,PROD_0032,27/01/2024,2673,961,1159,2475.0,3241.9
INV_102038,WH_06,PROD_0221,02/09/2024,4609,1193,1385,4417.0,5584.94
INV_102039,WH_15,PROD_0190,27/10/2024,2111,501,655,1957.0,1959.29
INV_102040,WH_12,PROD_0237,16/06/2024,2555,187,1088,1654.0,1986.54
INV_102041,WH_14,PROD_0283,07/11/2024,2920,1014,973,2961.0,2456.9
INV_102042,WH_06,PROD_0095,29/10/2024,1736,114,116,1734.0,1457.3
INV_102043,WH_03,PROD_0152,11/12/2024,2771,421,901,2291.0,1921.64
INV_102044,WH_07,PROD_0039,09/06/2024,4061,339,484,3916.0,3109.13
INV_102045,WH_09,PROD_0002,17/02/2024,509,320,483,346.0,273.56
INV_102046,WH_05,PROD_0184,06/04/2024,2987,349,1194,2142.0,2912.77
INV_102047,WH_08,PROD_0079,21/03/2024,4747,101,926,3922.0,3132.62
INV_102048,WH_06,PROD_0157,19/11/2024,2408,1277,125,3560.0,2343.53
INV_102049,WH_03,PROD_0161,02/02/2024,2336,292,140,2488.0,1555.99
INV_102050,WH_12,PROD_0226,10/11/2024,2299,550,1073,1776.0,2322.5
INV_102051,WH_05,PROD_0085,24/08/2024,781,529,225,1085.0,1156.66
INV_102052,WH_12,PROD_0073,22/05/2024,2247,298,908,1637.0,957.65
INV_102053,WH_13,PROD_0141,04/09/2024,4614,139,1152,3601.0,4596.84
INV_102054,WH_06,PROD_0260,07/10/2024,3035,231,829,2437.0,1595.17
INV_102055,WH_12,PROD_0132,15/04/2024,4607,110,505,4212.0,4334.99
INV_102056,WH_04,PROD_0057,26/05/2024,949,263,1013,199.0,105.72
INV_102057,WH_12,PROD_0042,06/11/2024,4307,1198,613,4892.0,3163.29
INV_102058,WH_13,PROD_0299,16/08/2024,2056,536,1088,1504.0,1203.85
INV_102059,WH_14,PROD_0221,16/03/2024,2377,815,808,,0.0
INV_102060,WH_13,PROD_0252,29/07/2024,2937,371,172,3136.0,2217.78
INV_102061,WH_01,PROD_0163,04/03/2024,565,282,251,596.0,855.76
INV_102062,WH_09,PROD_0143,08/03/2024,2669,1474,1409,2734.0,2638.0
INV_102063,WH_02,PROD_0016,01/03/2024,4552,1226,1251,4527.0,2840.63
INV_102064,WH_07,PROD_0135,17/06/2024,2268,1269,1083,2454.0,3279.0
INV_102065,WH_12,PROD_0010,08/07/2024,3777,1094,1227,3644.0,4771.88
INV_102066,WH_10,PROD_0227,25/01/2024,1444,1171,100,2515.0,1473.39
INV_102067,WH_15,PROD_0018,05/08/2024,1153,861,159,1855.0,1228.08
INV_102068,WH_02,PROD_0083,03/09/2024,4182,448,1275,3355.0,4260.37
INV_102069,WH_05,PROD_0093,27/04/2024,4798,410,480,4728.0,3148.7
INV_102070,WH_08,PROD_0029,24/12/2024,2182,172,1299,1055.0,623.71
INV_102071,WH_03,PROD_0053,30/04/2024,1993,890,1224,1659.0,1162.54
INV_102072,WH_12,PROD_0115,31/07/2024,1549,495,1025,1019.0,1242.67
INV_102073,WH_09,PROD_0096,04/09/2024,1714,378,501,1591.0,884.85
INV_102074,WH_04,PROD_0293,03/09/2024,3660,971,393,4238.0,4803.14
INV_102075,WH_04,PROD_0152,05/08/2024,2674,378,474,2578.0,1694.57
INV_102076,WH_03,PROD_0086,13/08/2024,821,1072,803,1090.0,1068.16
INV_102077,WH_05,PROD_0120,18/12/2024,4835,1141,1186,4790.0,4300.5
INV_102078,WH_08,PROD_0241,28/01/2024,2544,1481,1287,2738.0,1918.96
INV_102079,WH_05,PROD_0149,08/08/2024,4773,1204,703,5274.0,7248.76
INV_102080,WH_09,PROD_0124,18/07/2024,4046,799,1266,3579.0,4446.21
INV_102081,WH_01,PROD_0279,14/11/2024,4420,1298,368,5350.0,6541.97
INV_102082,WH_12,PROD_0062,12/01/2024,3441,924,318,4047.0,3943.63
INV_102083,WH_09,PROD_0277,20/03/2024,3239,1081,1269,3051.0,2819.34
INV_102084,WH_04,PROD_0216,30/04/2024,1487,1072,227,2332.0,3057.5
INV_102085,WH_11,PROD_0222,01/07/2024,2335,161,103,2393.0,2839.06
INV_102086,WH_09,PROD_0012,24/08/2024,1795,1343,1012,2126.0,3094.18
INV_102087,WH_09,PROD_0087,12/09/2024,2391,826,1470,1747.0,1002.39
INV_102088,WH_04,PROD_0281,30/06/2024,3616,1236,359,4493.0,2674.76
INV_102089,WH_09,PROD_0136,22/10/2024,3625,987,505,4107.0,4332.39
INV_102090,WH_14,PROD_0247,26/01/2024,2840,349,496,2693.0,2860.69
INV_102091,WH_12,PROD_0112,29/05/2024,1333,1112,1069,1376.0,975.69
INV_102092,WH_10,PROD_0297,22/05/2024,4377,680,1072,3985.0,4981.39
INV_102093,WH_06,PROD_0074,19/11/2024,3108,842,557,,0.0
INV_102094,WH_01,PROD_0192,28/07/2024,1336,592,1229,,0.0
INV_102095,WH_15,PROD_0079,12/10/2024,4206,664,586,4284.0,5250.23
INV_102096,WH_09,PROD_0188,04/06/2024,1627,782,1265,1144.0,974.31
INV_102097,WH_14,PROD_0056,10/06/2024,3339,749,136,3952.0,4140.92
INV_102098,WH_01,PROD_0144,15/09/2024,4482,1422,1330,4574.0,5969.74
INV_102099,WH_11,PROD_0092,23/05/2024,3616,181,919,2878.0,3478.28
INV_102100,WH_09,PROD_0069,04/01/2024,2356,1348,363,3341.0,2771.28
INV_102101,WH_12,PROD_0152,23/01/2024,924,713,915,722.0,926.63
INV_102102,WH_10,PROD_0133,11/04/2024,4645,1281,702,5224.0,7825.68
INV_102103,WH_14,PROD_0251,14/11/2024,2668,1111,647,3132.0,3977.46
INV_102104,WH_07,PROD_0262,05/08/2024,4473,1259,1092,4640.0,3042.27
INV_102105,WH_05,PROD_0018,22/10/2024,3150,1162,497,3815.0,2353.72
INV_102106,WH_08,PROD_0018,30/04/2024,4122,325,652,3795.0,4824.33
INV_102107,WH_11,PROD_0285,29/11/2024,2122,1306,836,2592.0,3770.65
INV_102108,WH_03,PROD_0221,07/09/2024,3127,513,570,3070.0,2966.84
INV_102109,WH_15,PROD_0246,01/12/2024,943,994,504,1433.0,1705.96
INV_102110,WH_05,PROD_0295,24/01/2024,2272,456,1425,1303.0,986.09
INV_102111,WH_12,PROD_0205,22/03/2024,1397,1215,729,1883.0,1317.62
INV_102112,WH_08,PROD_0158,04/05/2024,1131,502,1370,263.0,198.92
INV_102113,WH_08,PROD_0037,11/09/2024,1360,1430,648,2142.0,2474.59
INV_102114,WH_14,PROD_0248,17/04/2024,1059,994,711,1342.0,1139.74
INV_102115,WH_12,PROD_0117,16/07/2024,622,237,560,299.0,324.87
INV_102116,WH_05,PROD_0187,27/01/2024,3651,691,805,3537.0,1785.37
INV_102117,WH_12,PROD_0213,22/08/2024,744,320,1016,48.0,63.01
INV_102118,WH_10,PROD_0136,16/12/2024,1636,165,110,1691.0,2339.51
INV_102119,WH_03,PROD_0207,29/05/2024,1413,744,361,1796.0,1448.76
INV_102120,WH_09,PROD_0193,29/08/2024,2551,295,137,2709.0,1773.01
INV_102121,WH_12,PROD_0130,06/08/2024,739,1467,547,,0.0
INV_102122,WH_08,PROD_0151,25/11/2024,4992,1457,1116,5333.0,7029.82
INV_102123,WH_02,PROD_0290,03/05/2024,4118,984,1124,3978.0,5259.83
INV_102124,WH_07,PROD_0098,05/04/2024,1706,1315,1227,1794.0,1719.4
INV_102125,WH_09,PROD_0082,25/11/2024,1138,328,1380,86.0,92.32
INV_102126,WH_12,PROD_0141,26/02/2024,4755,580,1142,,0.0
INV_102127,WH_08,PROD_0003,15/09/2024,2169,1035,947,2257.0,2102.42
INV_102128,WH_08,PROD_0169,11/10/2024,1844,1281,829,2296.0,1758.5
INV_102129,WH_05,PROD_0127,15/07/2024,2292,352,1296,1348.0,880.83
INV_102130,WH_11,PROD_0252,30/03/2024,1302,626,347,1581.0,1021.76
INV_102131,WH_09,PROD_0215,23/08/2024,1725,1222,595,,0.0
INV_102132,WH_08,PROD_0284,06/05/2024,1685,1172,1128,1729.0,1778.57
INV_102133,WH_07,PROD_0091,02/05/2024,1370,710,1291,789.0,888.21
INV_102134,WH_05,PROD_0214,05/08/2024,577,1440,423,1594.0,2334.2
INV_102135,WH_14,PROD_0077,05/11/2024,4193,307,1352,3148.0,4547.16
INV_102136,WH_03,PROD_0093,04/04/2024,3910,358,718,3550.0,3791.17
INV_102137,WH_14,PROD_0237,25/02/2024,2603,563,370,2796.0,3926.07
INV_102138,WH_12,PROD_0178,08/09/2024,1135,752,363,1524.0,1552.8
INV_102139,WH_01,PROD_0093,19/01/2024,2832,1231,331,3732.0,3239.28
INV_102140,WH_08,PROD_0035,23/05/2024,2805,125,787,2143.0,1100.32
INV_102141,WH_01,PROD_0179,25/07/2024,1431,1235,947,1719.0,2250.82
INV_102142,WH_05,PROD_0187,05/07/2024,4609,133,707,,0.0
INV_102143,WH_07,PROD_0029,25/07/2024,3567,405,938,3034.0,3002.62
INV_102144,WH_15,PROD_0119,07/05/2024,1960,936,1130,1766.0,1405.3
INV_102145,WH_12,PROD_0211,03/05/2024,3563,1178,118,4623.0,2311.96
INV_102146,WH_01,PROD_0103,14/08/2024,3087,920,1069,2938.0,4333.66
INV_102147,WH_08,PROD_0263,24/10/2024,3785,1451,720,4516.0,6514.45
INV_102148,WH_08,PROD_0154,10/08/2024,2368,576,1355,,0.0
INV_102149,WH_01,PROD_0170,03/01/2024,4738,924,1269,4393.0,4025.32
INV_102150,WH_08,PROD_0254,15/07/2024,4894,539,849,4584.0,4106.29
INV_102151,WH_09,PROD_0224,08/05/2024,1369,993,251,2111.0,2420.94
INV_102152,WH_01,PROD_0131,12/02/2024,3550,609,1102,3057.0,2506.94
INV_102153,WH_14,PROD_0172,14/03/2024,582,916,282,1216.0,1819.76
INV_102154,WH_10,PROD_0115,18/05/2024,3809,226,740,3295.0,4340.54
INV_102155,WH_05,PROD_0258,03/10/2024,1520,462,230,1752.0,1433.97
INV_102156,WH_15,PROD_0167,24/07/2024,2714,795,1100,2409.0,1313.78
INV_102157,WH_08,PROD_0043,02/03/2024,3945,166,1082,3029.0,3049.68
INV_102158,WH_01,PROD_0164,03/03/2024,1978,1423,616,2785.0,1894.39
INV_102159,WH_11,PROD_0058,22/10/2024,2429,432,381,,0.0
INV_102160,WH_12,PROD_0054,26/05/2024,1370,1015,575,1810.0,2084.34
INV_102161,WH_03,PROD_0022,31/10/2024,2015,332,691,1656.0,1109.06
INV_102162,WH_09,PROD_0127,31/12/2024,979,365,1424,-80.0,-60.79
INV_102163,WH_11,PROD_0191,11/06/2024,4702,961,485,5178.0,7214.34
INV_102164,WH_11,PROD_0233,01/04/2024,4538,743,632,4649.0,6634.39
INV_102165,WH_03,PROD_0166,30/03/2024,3110,692,231,3571.0,2132.41
INV_102166,WH_08,PROD_0098,21/07/2024,1158,343,910,591.0,532.28
INV_102167,WH_01,PROD_0022,22/05/2024,2730,107,1414,1423.0,992.11
INV_102168,WH_09,PROD_0147,13/02/2024,3733,776,475,4034.0,4239.47
INV_102169,WH_01,PROD_0024,14/11/2024,4020,156,748,3428.0,1720.18
INV_102170,WH_13,PROD_0048,05/05/2024,3452,1251,666,4037.0,3682.37
INV_102171,WH_06,PROD_0210,21/07/2024,3330,956,749,3537.0,3167.9
INV_102172,WH_15,PROD_0170,10/05/2024,2124,192,1231,,0.0
INV_102173,WH_10,PROD_0257,24/08/2024,2202,308,901,1609.0,1309.25
INV_102174,WH_05,PROD_0203,12/01/2024,1523,1487,734,2276.0,2727.74
INV_102175,WH_02,PROD_0017,17/05/2024,3734,479,745,3468.0,3630.1
INV_102176,WH_08,PROD_0147,27/06/2024,1932,1132,208,2856.0,2297.42
INV_102177,WH_15,PROD_0275,19/10/2024,3782,925,465,4242.0,4818.92
INV_102178,WH_03,PROD_0107,02/02/2024,4429,508,1421,,0.0
INV_102179,WH_07,PROD_0293,31/08/2024,3477,1381,909,3949.0,4323.73
INV_102180,WH_07,PROD_0144,20/10/2024,3435,522,898,3059.0,2732.09
INV_102181,WH_06,PROD_0259,26/09/2024,1632,345,1257,720.0,647.49
INV_102182,WH_14,PROD_0087,28/06/2024,718,1222,331,1609.0,2235.32
INV_102183,WH_10,PROD_0256,31/08/2024,1177,547,566,1158.0,779.42
INV_102184,WH_14,PROD_0136,04/02/2024,4557,203,1275,3485.0,3066.77
INV_102185,WH_14,PROD_0187,04/09/2024,3025,226,915,2336.0,2762.52
INV_102186,WH_14,PROD_0022,08/08/2024,3974,586,835,3725.0,2396.08
INV_102187,WH_07,PROD_0163,27/02/2024,4929,487,891,,0.0
INV_102188,WH_02,PROD_0121,26/11/2024,4632,122,552,4202.0,5750.65
INV_102189,WH_02,PROD_0080,06/08/2024,3513,1416,1300,3629.0,2768.23
INV_102190,WH_09,PROD_0086,02/12/2024,992,640,184,1448.0,1934.06
INV_102191,WH_04,PROD_0049,17/06/2024,704,1394,969,1129.0,1314.18
INV_102192,WH_07,PROD_0140,27/03/2024,3864,1404,1088,4180.0,2138.82
INV_102193,WH_04,PROD_0266,24/08/2024,4169,267,457,3979.0,5512.62
INV_102194,WH_10,PROD_0235,26/02/2024,1809,1022,152,2679.0,3264.32
INV_102195,WH_08,PROD_0049,13/04/2024,3222,502,716,3008.0,2430.9
INV_102196,WH_15,PROD_0182,01/12/2024,793,1190,498,1485.0,1420.52
INV_102197,WH_06,PROD_0178,13/03/2024,1202,531,689,1044.0,681.47
INV_102198,WH_14,PROD_0168,03/01/2024,3547,1119,989,3677.0,5083.95
INV_102199,WH_02,PROD_0147,21/03/2024,835,1051,669,1217.0,1670.18
INV_102200,WH_02,PROD_0299,23/12/2024,2361,1385,672,3074.0,4189.25
INV_102201,WH_08,PROD_0107,04/12/2024,3297,1046,618,3725.0,2523.58
INV_102202,WH_05,PROD_0022,29/10/2024,1196,1427,808,1815.0,1915.7
INV_102203,WH_02,PROD_0261,01/11/2024,2617,330,1154,1793.0,906.46
INV_102204,WH_15,PROD_0288,19/02/2024,3259,396,934,2721.0,2140.81
INV_102205,WH_07,PROD_0175,29/12/2024,4725,1043,255,5513.0,7333.13
INV_102206,WH_06,PROD_0272,25/10/2024,2025,764,257,2532.0,3048.91
INV_102207,WH_08,PROD_0245,26/08/2024,3723,1371,904,4190.0,5013.6
INV_102208,WH_07,PROD_0064,23/03/2024,4775,277,576,,0.0
INV_102209,WH_03,PROD_0111,22/12/2024,3863,1135,589,4409.0,6527.39
INV_102210,WH_11,PROD_0022,24/01/2024,1401,1278,992,1687.0,1425.25
INV_102211,WH_12,PROD_0300,18/11/2024,4675,1094,1474,4295.0,4737.01
INV_102212,WH_01,PROD_0080,26/10/2024,3017,829,596,3250.0,1642.03
INV_102213,WH_01,PROD_0247,07/06/2024,3793,906,1128,3571.0,2221.68
INV_102214,WH_13,PROD_0126,04/03/2024,2458,1145,1002,2601.0,3591.63
INV_102215,WH_14,PROD_0036,08/02/2024,4449,1252,1213,4488.0,2715.77
INV_102216,WH_14,PROD_0181,17/11/2024,2270,479,998,1751.0,1840.9
INV_102217,WH_03,PROD_0209,11/02/2024,2021,252,166,2107.0,2750.67
INV_102218,WH_09,PROD_0087,14/12/2024,1549,887,401,2035.0,1789.45
INV_102219,WH_12,PROD_0084,30/05/2024,740,403,1480,-337.0,-483.63
INV_102220,WH_06,PROD_0258,29/01/2024,4957,1119,387,5689.0,5291.09
INV_102221,WH_11,PROD_0111,16/04/2024,3460,535,122,3873.0,2187.59
INV_102222,WH_13,PROD_0103,19/09/2024,3271,719,341,3649.0,3119.26
INV_102223,WH_01,PROD_0098,13/06/2024,2254,1040,1263,2031.0,1629.22
INV_102224,WH_05,PROD_0007,19/05/2024,1370,840,1116,1094.0,824.95
INV_102225,WH_01,PROD_0032,29/07/2024,3234,1405,522,4117.0,4008.88
INV_102226,WH_06,PROD_0177,03/08/2024,2462,536,112,2886.0,4090.48
INV_102227,WH_04,PROD_0239,12/02/2024,1990,289,388,1891.0,1693.15
INV_102228,WH_13,PROD_0138,14/10/2024,651,606,419,838.0,799.56
INV_102229,WH_13,PROD_0019,25/08/2024,2121,810,1045,,0.0
INV_102230,WH_15,PROD_0143,21/02/2024,4023,1283,271,5035.0,5341.11
INV_102231,WH_12,PROD_0144,09/10/2024,4674,967,287,5354.0,5020.29
INV_102232,WH_14,PROD_0219,03/01/2024,2164,291,680,1775.0,1096.67
INV_102233,WH_06,PROD_0100,08/02/2024,2580,1009,846,2743.0,3560.85
INV_102234,WH_14,PROD_0241,02/02/2024,2434,122,1452,1104.0,672.08
INV_102235,WH_06,PROD_0072,17/08/2024,3713,780,1131,3362.0,4919.06
INV_102236,WH_10,PROD_0251,23/06/2024,1671,1218,476,2413.0,2416.81
INV_102237,WH_12,PROD_0084,16/05/2024,3509,779,295,3993.0,3124.96
INV_102238,WH_12,PROD_0110,23/05/2024,2778,1171,1135,2814.0,2544.39
INV_102239,WH_14,PROD_0260,24/05/2024,4207,703,1410,3500.0,4189.38
INV_102240,WH_11,PROD_0194,06/12/2024,4070,1318,113,5275.0,3923.34
INV_102241,WH_12,PROD_0009,16/05/2024,3793,453,227,4019.0,2680.33
INV_102242,WH_12,PROD_0033,05/04/2024,4973,1025,1009,4989.0,7010.27
INV_102243,WH_15,PROD_0053,16/07/2024,4680,242,878,4044.0,4053.22
INV_102244,WH_01,PROD_0059,17/12/2024,1354,539,1320,573.0,540.49
INV_102245,WH_08,PROD_0081,19/01/2024,3560,765,967,3358.0,1748.97
INV_102246,WH_09,PROD_0036,27/04/2024,1214,1393,424,2183.0,1628.91
INV_102247,WH_06,PROD_0146,16/10/2024,1929,680,333,2276.0,2105.1
INV_102248,WH_09,PROD_0188,11/12/2024,1282,523,591,1214.0,837.4
INV_102249,WH_01,PROD_0299,01/10/2024,4802,304,1261,3845.0,3808.72
INV_102250,WH_07,PROD_0232,12/02/2024,4249,973,1068,4154.0,5676.67
INV_102251,WH_14,PROD_0022,20/12/2024,2630,1117,286,3461.0,3712.52
INV_102252,WH_02,PROD_0059,27/07/2024,4368,223,178,4413.0,5427.67
INV_102253,WH_05,PROD_0215,29/03/2024,2119,1074,1079,2114.0,2237.09
INV_102254,WH_04,PROD_0095,28/12/2024,823,909,315,1417.0,1819.05
INV_102255,WH_08,PROD_0228,07/07/2024,4620,522,1277,3865.0,4583.04
INV_102256,WH_06,PROD_0131,09/01/2024,4569,480,1345,3704.0,3572.76
INV_102257,WH_12,PROD_0041,11/10/2024,1405,710,1274,841.0,930.67
INV_102258,WH_15,PROD_0079,03/11/2024,1322,989,424,1887.0,2423.2
INV_102259,WH_13,PROD_0052,08/06/2024,4796,1480,404,5872.0,8439.43
INV_102260,WH_08,PROD_0056,28/06/2024,533,690,1422,-199.0,-252.05
INV_102261,WH_14,PROD_0218,07/08/2024,3903,284,393,3794.0,4619.59
INV_102262,WH_06,PROD_0204,23/06/2024,4174,252,757,3669.0,1886.94
INV_102263,WH_06,PROD_0019,25/06/2024,3637,1005,885,3757.0,5045.89
INV_102264,WH_07,PROD_0146,01/09/2024,929,803,1047,685.0,551.94
INV_102265,WH_01,PROD_0247,04/08/2024,2484,102,1355,1231.0,1207.6
INV_102266,WH_02,PROD_0059,24/11/2024,2953,995,423,3525.0,4959.92
INV_102267,WH_03,PROD_0139,06/10/2024,4698,423,1443,3678.0,3864.71
INV_102268,WH_06,PROD_0093,15/08/2024,3300,1194,342,4152.0,3986.09
INV_102269,WH_12,PROD_0230,10/08/2024,1120,581,254,1447.0,1421.39
INV_102270,WH_06,PROD_0040,22/04/2024,4980,404,587,4797.0,4104.73
INV_102271,WH_04,PROD_0180,10/02/2024,1952,1039,820,2171.0,2530.5
INV_102272,WH_10,PROD_0243,12/10/2024,2830,190,556,2464.0,3630.84
INV_102273,WH_05,PROD_0186,06/05/2024,4292,1145,742,4695.0,5497.6
INV_102274,WH_07,PROD_0195,08/05/2024,3061,466,1152,2375.0,2714.19
INV_102275,WH_07,PROD_0124,03/08/2024,672,1405,1298,779.0,1119.78
INV_102276,WH_10,PROD_0165,30/11/2024,4279,1280,620,4939.0,5267.7
INV_102277,WH_02,PROD_0155,29/05/2024,3620,663,404,3879.0,4191.82
INV_102278,WH_03,PROD_0186,21/09/2024,839,1191,233,1797.0,1004.24
INV_102279,WH_09,PROD_0057,08/11/2024,2052,1287,1104,2235.0,2026.21
INV_102280,WH_05,PROD_0293,21/06/2024,1991,537,1497,1031.0,916.12
INV_102281,WH_09,PROD_0133,23/12/2024,1239,1055,748,1546.0,827.6
INV_102282,WH_01,PROD_0219,31/12/2024,2176,891,976,2091.0,2553.35
INV_102283,WH_07,PROD_0019,03/04/2024,2132,923,158,2897.0,4092.54
INV_102284,WH_12,PROD_0177,15/05/2024,3290,1331,675,3946.0,5155.26
INV_102285,WH_14,PROD_0256,24/10/2024,3376,575,604,3347.0,4540.11
INV_102286,WH_15,PROD_0281,02/12/2024,709,754,604,,0.0
INV_102287,WH_15,PROD_0281,17/08/2024,1204,991,1326,869.0,564.54
INV_102288,WH_11,PROD_0257,12/04/2024,690,1038,689,1039.0,568.74
INV_102289,WH_01,PROD_0206,06/04/2024,3374,298,1493,2179.0,3090.93
INV_102290,WH_02,PROD_0178,03/11/2024,4087,220,1026,3281.0,2253.63
INV_102291,WH_14,PROD_0241,03/09/2024,4806,342,871,4277.0,3566.32
INV_102292,WH_14,PROD_0136,13/02/2024,3566,1392,1012,3946.0,5595.68
INV_102293,WH_09,PROD_0197,15/07/2024,4325,617,1205,3737.0,2592.69
INV_102294,WH_11,PROD_0187,08/11/2024,4034,686,1183,3537.0,4759.1
INV_102295,WH_13,PROD_0030,06/05/2024,3289,573,935,2927.0,3020.81
INV_102296,WH_05,PROD_0153,26/06/2024,2973,1227,1022,3178.0,4656.29
INV_102297,WH_06,PROD_0107,05/05/2024,736,388,215,,0.0
INV_102298,WH_14,PROD_0240,19/10/2024,3958,680,123,4515.0,6289.75
INV_102299,WH_05,PROD_0289,17/08/2024,3660,859,1152,3367.0,4913.73
INV_102300,WH_02,PROD_0245,20/05/2024,3483,263,1255,,0.0
INV_102301,WH_08,PROD_0258,25/06/2024,2298,1156,484,2970.0,2890.47
INV_102302,WH_15,PROD_0225,18/10/2024,727,1124,630,1221.0,1154.38
INV_102303,WH_13,PROD_0181,09/12/2024,970,151,707,414.0,271.26
INV_102304,WH_15,PROD_0166,28/04/2024,3635,1366,865,4136.0,5104.85
INV_102305,WH_13,PROD_0145,05/06/2024,2884,1436,352,3968.0,2874.91
INV_102306,WH_09,PROD_0059,13/05/2024,2093,1409,453,3049.0,1619.65
INV_102307,WH_09,PROD_0206,28/12/2024,1194,1156,673,1677.0,2344.66
INV_102308,WH_10,PROD_0219,14/01/2024,2030,393,508,1915.0,1616.98
INV_102309,WH_12,PROD_0082,02/06/2024,2188,1473,1253,2408.0,3148.43
INV_102310,WH_03,PROD_0149,22/09/2024,4525,761,686,4600.0,6108.43
INV_102311,WH_13,PROD_0145,21/03/2024,1427,413,951,889.0,1124.68
INV_102312,WH_02,PROD_0150,16/01/2024,4253,403,647,4009.0,4048.79
INV_102313,WH_09,PROD_0083,25/10/2024,3834,919,597,4156.0,2096.41
INV_102314,WH_01,PROD_0036,02/06/2024,3148,612,706,3054.0,1565.79
INV_102315,WH_12,PROD_0031,19/04/2024,3212,387,771,2828.0,1534.51
INV_102316,WH_14,PROD_0200,09/05/2024,908,915,1389,434.0,519.98
INV_102317,WH_06,PROD_0277,17/01/2024,4577,608,294,4891.0,5370.55
INV_102318,WH_03,PROD_0195,27/09/2024,2849,803,894,2758.0,1607.83
INV_102319,WH_06,PROD_0040,19/08/2024,1309,152,692,769.0,1075.56
INV_102320,WH_07,PROD_0103,29/06/2024,986,944,637,1293.0,1872.49
INV_102321,WH_01,PROD_0049,03/11/2024,1194,271,685,780.0,429.98
INV_102322,WH_15,PROD_0125,02/02/2024,2988,1250,825,3413.0,2446.12
INV_102323,WH_08,PROD_0156,01/05/2024,3084,863,1000,2947.0,2686.55
INV_102324,WH_08,PROD_0118,09/04/2024,3176,552,380,3348.0,3205.37
INV_102325,WH_06,PROD_0023,18/11/2024,1489,1186,122,2553.0,3482.74
INV_102326,WH_09,PROD_0088,25/07/2024,1756,976,910,1822.0,1431.3
INV_102327,WH_03,PROD_0076,10/05/2024,4978,310,610,4678.0,3357.56
INV_102328,WH_06,PROD_0222,12/12/2024,2653,1283,1410,2526.0,2014.01
INV_102329,WH_03,PROD_0090,30/01/2024,2807,1472,274,4005.0,5551.69
INV_102330,WH_05,PROD_0076,29/06/2024,4453,245,180,4518.0,3975.52
INV_102331,WH_14,PROD_0266,26/12/2024,1766,1213,678,2301.0,1416.78
INV_102332,WH_12,PROD_0033,23/10/2024,3392,1341,225,4508.0,2839.78
INV_102333,WH_03,PROD_0204,06/06/2024,1770,453,251,1972.0,2008.7
INV_102334,WH_14,PROD_0121,10/02/2024,4278,957,635,4600.0,6647.71
INV_102335,WH_11,PROD_0249,02/10/2024,1299,222,1138,383.0,276.72
INV_102336,WH_05,PROD_0180,03/04/2024,3011,928,300,3639.0,2734.25
INV_102337,WH_03,PROD_0153,26/04/2024,2867,1498,1485,2880.0,4285.34
INV_102338,WH_15,PROD_0029,09/10/2024,3783,1144,110,4817.0,3400.87
INV_102339,WH_01,PROD_0140,18/12/2024,4287,1286,1062,4511.0,2295.81
INV_102340,WH_08,PROD_0182,24/08/2024,3228,499,468,3259.0,2794.72
INV_102341,WH_07,PROD_0007,10/09/2024,2849,927,1359,2417.0,2183.92
INV_102342,WH_15,PROD_0150,06/07/2024,4860,393,501,4752.0,4494.88
INV_102343,WH_03,PROD_0182,13/02/2024,1467,330,209,1588.0,1262.34
INV_102344,WH_15,PROD_0045,25/04/2024,3813,671,1208,3276.0,4408.78
INV_102345,WH_02,PROD_0248,02/12/2024,1872,971,1336,1507.0,1760.06
INV_102346,WH_09,PROD_0208,19/05/2024,2423,453,1202,1674.0,2471.94
INV_102347,WH_14,PROD_0230,19/01/2024,4491,237,1428,3300.0,2014.86
INV_102348,WH_07,PROD_0208,11/06/2024,2477,1338,702,3113.0,1874.08
INV_102349,WH_08,PROD_0106,05/02/2024,1538,1461,356,2643.0,2917.14
INV_102350,WH_02,PROD_0179,09/03/2024,4454,689,148,4995.0,5905.26
INV_102351,WH_06,PROD_0173,25/07/2024,2502,1208,276,3434.0,3652.38
INV_102352,WH_13,PROD_0256,03/07/2024,3036,859,1020,2875.0,1925.62
INV_102353,WH_01,PROD_0226,02/11/2024,1263,657,421,1499.0,1502.05
INV_102354,WH_14,PROD_0078,16/03/2024,1915,1104,554,,0.0
INV_102355,WH_13,PROD_0090,03/01/2024,4238,139,830,3547.0,4557.7
INV_102356,WH_10,PROD_0194,22/01/2024,1765,978,566,2177.0,2153.48
INV_102357,WH_05,PROD_0042,26/03/2024,4747,1423,773,5397.0,3167.41
INV_102358,WH_04,PROD_0284,07/04/2024,815,560,350,1025.0,625.64
INV_102359,WH_10,PROD_0021,22/09/2024,1466,825,593,1698.0,1192.04
INV_102360,WH_13,PROD_0246,05/11/2024,1830,429,524,1735.0,1578.21
INV_102361,WH_13,PROD_0048,30/03/2024,2679,514,1375,1818.0,919.85
INV_102362,WH_13,PROD_0058,05/09/2024,1535,564,1476,623.0,830.78
INV_102363,WH_08,PROD_0037,24/10/2024,2293,846,677,2462.0,2768.8
INV_102364,WH_05,PROD_0031,02/09/2024,2420,349,1370,1399.0,1235.52
INV_102365,WH_05,PROD_0113,25/09/2024,1114,753,1489,,0.0
INV_102366,WH_05,PROD_0057,16/04/2024,1985,1163,959,2189.0,3069.7
INV_102367,WH_13,PROD_0054,12/08/2024,4467,151,722,3896.0,4224.83
INV_102368,WH_13,PROD_0053,03/03/2024,2036,179,485,1730.0,948.07
INV_102369,WH_15,PROD_0046,02/04/2024,2183,1143,1065,2261.0,2725.66
INV_102370,WH_04,PROD_0187,25/10/2024,3472,897,744,3625.0,3580.16
INV_102371,WH_04,PROD_0217,16/09/2024,2242,245,475,2012.0,2195.46
INV_102372,WH_06,PROD_0221,26/10/2024,1997,1374,1089,2282.0,3021.75
INV_102373,WH_12,PROD_0038,21/11/2024,4734,1218,916,5036.0,3938.48
INV_102374,WH_07,PROD_0292,25/03/2024,2586,1339,996,2929.0,4233.95
INV_102375,WH_10,PROD_0157,04/05/2024,4251,913,149,5015.0,3826.76
INV_102376,WH_12,PROD_0008,17/05/2024,2344,531,1112,1763.0,1824.73
INV_102377,WH_14,PROD_0108,25/02/2024,512,1016,394,1134.0,1394.94
INV_102378,WH_06,PROD_0047,13/03/2024,1752,1127,885,1994.0,2619.7
INV_102379,WH_04,PROD_0155,03/06/2024,2580,1488,425,3643.0,2519.15
INV_102380,WH_07,PROD_0300,14/01/2024,1025,476,345,1156.0,1256.45
INV_102381,WH_13,PROD_0200,15/10/2024,4277,1296,502,5071.0,7461.43
INV_102382,WH_15,PROD_0079,07/10/2024,741,909,1397,253.0,242.82
INV_102383,WH_06,PROD_0296,08/11/2024,667,134,1085,-284.0,-403.61
INV_102384,WH_03,PROD_0198,10/02/2024,3838,467,321,3984.0,5420.56
INV_102385,WH_05,PROD_0262,29/07/2024,2823,435,831,2427.0,2884.24
INV_102386,WH_07,PROD_0106,13/04/2024,3271,883,1489,2665.0,1997.59
INV_102387,WH_13,PROD_0278,30/03/2024,1197,1319,610,1906.0,2448.82
INV_102388,WH_10,PROD_0099,05/09/2024,2951,878,888,,0.0
INV_102389,WH_01,PROD_0059,11/06/2024,1600,1231,433,2398.0,3546.2
INV_102390,WH_03,PROD_0010,02/03/2024,901,994,1121,774.0,942.96
INV_102391,WH_03,PROD_0059,05/06/2024,4819,953,179,5593.0,4517.58
INV_102392,WH_10,PROD_0272,29/12/2024,3788,753,625,3916.0,5347.23
INV_102393,WH_08,PROD_0083,30/01/2024,774,901,799,876.0,703.92
INV_102394,WH_02,PROD_0078,03/02/2024,4803,1462,256,6009.0,4672.2
INV_102395,WH_05,PROD_0186,31/08/2024,3479,784,961,3302.0,3864.71
INV_102396,WH_01,PROD_0192,10/01/2024,1725,199,107,1817.0,2656.05
INV_102397,WH_10,PROD_0184,21/05/2024,4722,190,633,4279.0,2793.96
INV_102398,WH_09,PROD_0267,09/04/2024,3249,473,536,3186.0,3738.79
INV_102399,WH_10,PROD_0226,17/04/2024,1678,715,434,1959.0,2030.98
INV_102400,WH_01,PROD_0039,17/01/2024,3932,913,231,4614.0,4467.76
INV_102401,WH_10,PROD_0280,29/06/2024,3044,1486,804,3726.0,2827.89
INV_102402,WH_06,PROD_0208,02/02/2024,1228,836,1065,999.0,1488.71
INV_102403,WH_12,PROD_0247,22/09/2024,3149,1063,478,3734.0,5560.16
INV_102404,WH_12,PROD_0205,05/12/2024,2684,110,418,2376.0,3036.64
INV_102405,WH_09,PROD_0259,16/06/2024,4510,928,740,4698.0,3240.52
INV_102406,WH_04,PROD_0135,19/04/2024,4658,178,760,4076.0,2664.73
INV_102407,WH_08,PROD_0210,16/09/2024,3264,1426,1133,3557.0,3678.21
INV_102408,WH_06,PROD_0026,25/01/2024,3375,126,1395,2106.0,1403.77
INV_102409,WH_15,PROD_0277,12/03/2024,932,1093,1015,1010.0,1426.1
INV_102410,WH_08,PROD_0124,09/07/2024,931,1412,1041,1302.0,1359.31
INV_102411,WH_01,PROD_0174,24/09/2024,4121,711,389,4443.0,4560.78
INV_102412,WH_04,PROD_0002,17/10/2024,1368,780,165,1983.0,2542.33
INV_102413,WH_03,PROD_0274,02/05/2024,2430,1062,269,3223.0,3200.01
INV_102414,WH_04,PROD_0220,24/04/2024,812,191,140,863.0,1108.8
INV_102415,WH_13,PROD_0297,25/05/2024,2321,800,1219,1902.0,2661.47
INV_102416,WH_06,PROD_0260,08/05/2024,1246,631,591,1286.0,1390.9
INV_102417,WH_09,PROD_0290,13/03/2024,1395,1314,386,2323.0,2941.59
INV_102418,WH_15,PROD_0141,19/12/2024,3234,164,458,2940.0,3221.17
INV_102419,WH_01,PROD_0201,17/08/2024,2650,205,945,1910.0,2561.87
INV_102420,WH_01,PROD_0117,12/11/2024,4785,584,1048,4321.0,3016.39
INV_102421,WH_15,PROD_0235,20/02/2024,3658,1238,1109,3787.0,2553.79
INV_102422,WH_15,PROD_0081,19/01/2024,2086,1036,563,2559.0,1814.84
INV_102423,WH_11,PROD_0186,31/08/2024,952,1055,863,,0.0
INV_102424,WH_14,PROD_0290,19/01/2024,3965,973,183,4755.0,6906.36
INV_102425,WH_02,PROD_0083,07/12/2024,4783,183,1043,3923.0,2274.79
INV_102426,WH_13,PROD_0288,28/11/2024,706,729,1294,,0.0
INV_102427,WH_04,PROD_0289,03/02/2024,1842,956,788,2010.0,1733.06
INV_102428,WH_15,PROD_0231,21/02/2024,4976,506,732,4750.0,6224.77
INV_102429,WH_04,PROD_0181,26/12/2024,1469,525,745,1249.0,1868.11
INV_102430,WH_02,PROD_0217,18/03/2024,1705,1108,632,2181.0,1100.2
INV_102431,WH_15,PROD_0111,15/08/2024,4059,1162,1131,4090.0,5484.3
INV_102432,WH_05,PROD_0011,26/07/2024,3369,1086,288,4167.0,4604.8
INV_102433,WH_04,PROD_0174,19/02/2024,2940,1114,346,3708.0,3575.31
INV_102434,WH_03,PROD_0159,27/05/2024,3273,1274,774,3773.0,4743.73
INV_102435,WH_04,PROD_0035,13/04/2024,2077,1034,895,2216.0,1280.95
INV_102436,WH_01,PROD_0160,25/10/2024,4941,856,1407,4390.0,4762.6
INV_102437,WH_11,PROD_0155,05/02/2024,4543,910,809,4644.0,4409.28
INV_102438,WH_02,PROD_0219,19/06/2024,4101,856,1201,3756.0,5438.74
INV_102439,WH_14,PROD_0092,07/08/2024,3933,652,1041,3544.0,1869.9
INV_102440,WH_08,PROD_0137,11/04/2024,4031,1221,190,5062.0,4612.88
INV_102441,WH_05,PROD_0205,27/04/2024,2859,882,1247,2494.0,2087.26
INV_102442,WH_06,PROD_0098,02/12/2024,2742,275,766,2251.0,2313.3
INV_102443,WH_04,PROD_0083,16/10/2024,2483,1082,1051,2514.0,1420.76
INV_102444,WH_06,PROD_0040,13/03/2024,2995,990,1349,2636.0,3539.32
INV_102445,WH_09,PROD_0221,28/10/2024,4481,563,1305,,0.0
INV_102446,WH_04,PROD_0250,08/05/2024,2602,1464,570,3496.0,1893.11
INV_102447,WH_13,PROD_0273,18/05/2024,1782,846,771,1857.0,2237.75
INV_102448,WH_03,PROD_0137,25/05/2024,978,553,1393,138.0,113.17
INV_102449,WH_14,PROD_0127,17/04/2024,3855,1125,1191,3789.0,3110.64
INV_102450,WH_04,PROD_0268,07/08/2024,3702,912,178,4436.0,3959.81
INV_102451,WH_15,PROD_0210,26/12/2024,4223,492,1050,3665.0,3827.98
INV_102452,WH_12,PROD_0234,23/02/2024,3662,1024,316,4370.0,5341.14
INV_102453,WH_04,PROD_0095,29/07/2024,2017,124,1342,799.0,789.85
INV_102454,WH_07,PROD_0255,16/03/2024,4379,455,431,4403.0,3182.76
INV_102455,WH_15,PROD_0004,24/08/2024,2256,442,1273,1425.0,1193.14
INV_102456,WH_09,PROD_0037,18/10/2024,4041,1183,339,4885.0,4174.11
INV_102457,WH_08,PROD_0198,23/12/2024,4361,1012,677,4696.0,5184.35
INV_102458,WH_10,PROD_0090,08/02/2024,1325,1376,177,2524.0,1323.77
INV_102459,WH_03,PROD_0149,01/07/2024,4903,592,222,5273.0,2882.86
INV_102460,WH_08,PROD_0027,24/09/2024,534,730,1374,-110.0,-118.11
INV_102461,WH_13,PROD_0065,24/03/2024,4063,303,906,3460.0,2299.43
INV_102462,WH_07,PROD_0224,19/10/2024,939,192,463,668.0,568.45
INV_102463,WH_01,PROD_0200,02/12/2024,2933,552,469,3016.0,2290.23
INV_102464,WH_13,PROD_0182,01/03/2024,694,159,286,567.0,509.37
INV_102465,WH_10,PROD_0275,26/11/2024,557,1071,466,1162.0,1031.36
INV_102466,WH_09,PROD_0115,11/08/2024,4707,567,196,5078.0,4673.4
INV_102467,WH_13,PROD_0243,18/07/2024,2990,290,950,2330.0,2016.87
INV_102468,WH_06,PROD_0235,07/07/2024,4438,589,1200,3827.0,2163.21
INV_102469,WH_03,PROD_0159,05/02/2024,4158,282,682,3758.0,4944.77
INV_102470,WH_13,PROD_0012,17/11/2024,1448,1420,214,2654.0,2185.48
INV_102471,WH_01,PROD_0138,28/05/2024,2240,1274,145,3369.0,2561.93
INV_102472,WH_04,PROD_0176,30/01/2024,1430,1045,966,1509.0,1590.96
INV_102473,WH_13,PROD_0201,09/06/2024,2288,1063,1399,,0.0
INV_102474,WH_03,PROD_0108,25/04/2024,4662,1492,1420,4734.0,7011.83
INV_102475,WH_04,PROD_0276,14/01/2024,4481,1335,390,,0.0
INV_102476,WH_08,PROD_0080,01/11/2024,3725,1298,938,4085.0,2171.39
INV_102477,WH_11,PROD_0287,06/12/2024,964,868,653,1179.0,1639.9
INV_102478,WH_10,PROD_0219,28/04/2024,3044,417,1163,2298.0,2495.9
INV_102479,WH_14,PROD_0259,23/11/2024,3808,587,1207,3188.0,3233.11
INV_102480,WH_09,PROD_0102,19/08/2024,656,752,371,1037.0,1527.35
INV_102481,WH_14,PROD_0200,25/07/2024,2510,777,642,2645.0,3947.67
INV_102482,WH_15,PROD_0169,06/06/2024,1274,680,372,1582.0,1016.52
INV_102483,WH_03,PROD_0267,24/06/2024,3128,807,1486,2449.0,3615.91
INV_102484,WH_08,PROD_0206,14/06/2024,2441,509,1482,1468.0,1666.09
INV_102485,WH_01,PROD_0284,26/04/2024,4424,864,1238,4050.0,3092.98
INV_102486,WH_10,PROD_0098,18/07/2024,3411,1147,801,3757.0,3387.72
INV_102487,WH_08,PROD_0263,22/03/2024,3216,855,1459,2612.0,3699.88
INV_102488,WH_14,PROD_0239,21/02/2024,1332,769,1266,835.0,772.37
INV_102489,WH_05,PROD_0076,19/10/2024,4233,1131,862,4502.0,2442.61
INV_102490,WH_09,PROD_0136,19/03/2024,4405,1174,1289,4290.0,6280.66
INV_102491,WH_13,PROD_0235,23/03/2024,3200,465,681,2984.0,2613.67
INV_102492,WH_14,PROD_0091,09/04/2024,3639,282,1326,2595.0,3380.79
INV_102493,WH_13,PROD_0128,24/04/2024,4964,127,781,,0.0
INV_102494,WH_11,PROD_0183,23/12/2024,3057,440,813,2684.0,3365.78
INV_102495,WH_02,PROD_0035,12/11/2024,3746,1132,493,4385.0,2446.31
INV_102496,WH_14,PROD_0289,10/04/2024,2164,1443,824,2783.0,2633.37
INV_102497,WH_06,PROD_0200,03/10/2024,3467,922,585,3804.0,5594.27
INV_102498,WH_10,PROD_0122,26/06/2024,2468,1491,279,3680.0,5227.16
INV_102499,WH_03,PROD_0069,30/08/2024,3988,1441,718,4711.0,6926.37
INV_102500,WH_15,PROD_0206,10/10/2024,4215,1193,466,4942.0,2816.11
INV_102501,WH_03,PROD_0002,08/05/2024,2458,261,656,2063.0,1382.27
INV_102502,WH_10,PROD_0233,08/08/2024,3053,1362,560,3855.0,3959.56
INV_102503,WH_15,PROD_0008,11/07/2024,4727,614,1350,,0.0
INV_102504,WH_03,PROD_0194,24/10/2024,844,1393,497,1740.0,1842.32
INV_102505,WH_12,PROD_0220,20/03/2024,2213,335,731,1817.0,1493.42
INV_102506,WH_06,PROD_0053,19/11/2024,4845,454,1396,3903.0,3440.3
INV_102507,WH_02,PROD_0097,02/10/2024,3625,779,559,3845.0,5656.6
INV_102508,WH_12,PROD_0232,29/12/2024,2603,154,725,2032.0,3017.39
INV_102509,WH_06,PROD_0212,15/07/2024,3414,282,837,2859.0,1945.92
INV_102510,WH_04,PROD_0024,31/03/2024,4732,745,413,5064.0,6987.56
INV_102511,WH_14,PROD_0002,04/06/2024,3840,1085,498,4427.0,6141.0
INV_102512,WH_11,PROD_0126,07/11/2024,3860,1027,1069,3818.0,2117.89
INV_102513,WH_05,PROD_0030,26/04/2024,4622,527,1180,3969.0,4722.41
INV_102514,WH_05,PROD_0027,05/04/2024,954,296,204,1046.0,710.71
INV_102515,WH_07,PROD_0035,26/09/2024,3194,783,1326,2651.0,2800.99
INV_102516,WH_11,PROD_0182,30/11/2024,4374,385,358,4401.0,3229.8
INV_102517,WH_10,PROD_0281,05/05/2024,897,558,552,903.0,606.46
INV_102518,WH_03,PROD_0197,27/11/2024,1314,894,955,1253.0,1282.31
INV_102519,WH_03,PROD_0158,21/10/2024,1383,324,1384,323.0,386.47
INV_102520,WH_11,PROD_0109,22/03/2024,2076,411,1226,1261.0,1046.16
INV_102521,WH_06,PROD_0215,24/10/2024,4231,1434,696,4969.0,3664.67
INV_102522,WH_01,PROD_0102,25/03/2024,4884,563,865,4582.0,5654.96
INV_102523,WH_14,PROD_0217,26/12/2024,4286,1232,1224,4294.0,3952.8
INV_102524,WH_05,PROD_0146,02/06/2024,1520,585,104,2001.0,1579.44
INV_102525,WH_07,PROD_0272,13/11/2024,896,728,1250,374.0,535.05
INV_102526,WH_07,PROD_0036,15/05/2024,3992,554,1036,3510.0,2648.87
INV_102527,WH_10,PROD_0118,20/08/2024,4847,1315,210,5952.0,8419.31
INV_102528,WH_15,PROD_0052,31/01/2024,2351,103,229,2225.0,1855.29
INV_102529,WH_10,PROD_0156,25/04/2024,4264,322,982,3604.0,3835.5
INV_102530,WH_13,PROD_0200,14/10/2024,1211,1177,770,1618.0,1513.13
INV_102531,WH_05,PROD_0230,18/06/2024,4371,712,1434,3649.0,3719.29
INV_102532,WH_05,PROD_0011,23/11/2024,1690,291,1173,808.0,751.29
INV_102533,WH_14,PROD_0079,30/05/2024,3092,1094,113,4073.0,3403.84
INV_102534,WH_02,PROD_0121,07/01/2024,3330,414,1032,2712.0,3117.1
INV_102535,WH_11,PROD_0020,28/02/2024,4351,974,322,5003.0,4334.58
INV_102536,WH_15,PROD_0051,27/03/2024,3556,354,528,3382.0,2357.06
INV_102537,WH_04,PROD_0127,30/08/2024,1020,835,203,1652.0,2212.33
INV_102538,WH_13,PROD_0131,28/08/2024,4475,1090,1460,4105.0,5679.0
INV_102539,WH_12,PROD_0266,06/11/2024,2935,991,1069,2857.0,2611.7
INV_102540,WH_03,PROD_0017,11/07/2024,668,116,198,586.0,525.05
INV_102541,WH_12,PROD_0244,16/12/2024,2382,255,1388,1249.0,1207.26
INV_102542,WH_13,PROD_0283,26/01/2024,1428,371,412,1387.0,1105.48
INV_102543,WH_02,PROD_0196,03/08/2024,2828,357,672,2513.0,3399.7
INV_102544,WH_12,PROD_0264,28/10/2024,857,1097,450,1504.0,1283.11
INV_102545,WH_07,PROD_0272,25/04/2024,2077,685,772,1990.0,1583.5
INV_102546,WH_08,PROD_0270,02/11/2024,4822,468,1426,3864.0,2706.32
INV_102547,WH_15,PROD_0112,09/04/2024,4800,614,1407,4007.0,3616.3
INV_102548,WH_13,PROD_0003,11/01/2024,2690,1141,1272,2559.0,3386.55
INV_102549,WH_13,PROD_0209,11/12/2024,736,1280,520,1496.0,1735.53
INV_102550,WH_08,PROD_0098,16/04/2024,1186,1386,1455,1117.0,762.39
INV_102551,WH_11,PROD_0103,22/11/2024,1528,225,1470,283.0,204.95
INV_102552,WH_01,PROD_0121,12/05/2024,3563,1451,563,4451.0,5425.43
INV_102553,WH_05,PROD_0173,14/04/2024,3417,815,806,3426.0,1906.5
INV_102554,WH_13,PROD_0027,16/01/2024,4478,1458,1434,4502.0,3036.04
INV_102555,WH_04,PROD_0246,03/12/2024,528,211,1475,-736.0,-853.39
INV_102556,WH_13,PROD_0148,05/06/2024,4051,771,864,3958.0,4873.2
INV_102557,WH_01,PROD_0099,23/07/2024,3722,479,453,3748.0,4131.2
INV_102558,WH_09,PROD_0023,24/11/2024,3243,1070,810,3503.0,2378.27
INV_102559,WH_09,PROD_0027,23/03/2024,1353,480,1398,,0.0
INV_102560,WH_02,PROD_0055,20/07/2024,1909,927,661,2175.0,3115.57
INV_102561,WH_08,PROD_0294,27/11/2024,1643,1152,1365,1430.0,1694.44
INV_102562,WH_11,PROD_0184,16/06/2024,1011,1204,291,1924.0,1642.17
INV_102563,WH_12,PROD_0128,13/12/2024,4336,1236,970,4602.0,2523.72
INV_102564,WH_01,PROD_0060,17/12/2024,3177,1151,839,,0.0
INV_102565,WH_12,PROD_0299,13/11/2024,3989,1278,448,4819.0,6319.66
INV_102566,WH_08,PROD_0280,01/01/2024,865,1048,423,1490.0,2090.05
INV_102567,WH_14,PROD_0073,23/06/2024,604,1420,1140,884.0,1210.91
INV_102568,WH_09,PROD_0294,07/08/2024,2865,940,504,,0.0
INV_102569,WH_13,PROD_0142,26/02/2024,3588,477,691,3374.0,2490.31
INV_102570,WH_06,PROD_0293,08/07/2024,1690,787,832,1645.0,2246.65
INV_102571,WH_03,PROD_0067,25/12/2024,1778,287,980,1085.0,1348.72
INV_102572,WH_09,PROD_0235,28/10/2024,2989,163,464,2688.0,3114.1
INV_102573,WH_04,PROD_0234,09/06/2024,3453,1038,489,4002.0,4421.46
INV_102574,WH_12,PROD_0196,15/07/2024,3159,551,373,3337.0,3508.96
INV_102575,WH_02,PROD_0111,27/07/2024,3794,1111,880,4025.0,2347.03
INV_102576,WH_06,PROD_0131,29/01/2024,2356,932,1259,2029.0,2292.72
INV_102577,WH_14,PROD_0264,22/08/2024,2143,758,981,1920.0,2401.33
INV_102578,WH_12,PROD_0103,09/01/2024,1597,1362,258,2701.0,2138.18
INV_102579,WH_01,PROD_0048,15/03/2024,1206,266,1491,-19.0,-24.17
INV_102580,WH_08,PROD_0293,24/03/2024,3413,845,190,,0.0
INV_102581,WH_02,PROD_0270,01/09/2024,4017,947,1434,3530.0,5217.74
INV_102582,WH_13,PROD_0282,07/10/2024,2675,411,1335,1751.0,2344.63
INV_102583,WH_11,PROD_0024,20/07/2024,3609,674,1404,2879.0,2934.41
INV_102584,WH_11,PROD_0197,20/12/2024,3186,1219,119,4286.0,4697.78
INV_102585,WH_14,PROD_0186,04/11/2024,2690,584,713,2561.0,3468.93
INV_102586,WH_04,PROD_0077,01/06/2024,3405,1157,441,4121.0,3997.91
INV_102587,WH_11,PROD_0229,30/08/2024,1064,289,656,697.0,449.16
INV_102588,WH_11,PROD_0153,06/10/2024,506,1218,1479,245.0,317.94
INV_102589,WH_02,PROD_0008,21/07/2024,3116,856,495,3477.0,3238.66
INV_102590,WH_02,PROD_0195,21/05/2024,3744,276,463,3557.0,2213.36
INV_102591,WH_13,PROD_0204,14/04/2024,2006,155,1262,899.0,1227.8
INV_102592,WH_10,PROD_0079,07/02/2024,3121,1213,1034,3300.0,2120.66
INV_102593,WH_01,PROD_0120,17/10/2024,3193,1358,279,4272.0,4679.39
INV_102594,WH_14,PROD_0014,04/07/2024,4993,1317,1463,4847.0,5540.25
INV_102595,WH_15,PROD_0244,31/05/2024,1327,792,373,1746.0,1068.94
INV_102596,WH_04,PROD_0137,16/11/2024,1996,408,1286,1118.0,1043.99
INV_102597,WH_09,PROD_0235,17/06/2024,1214,1316,1199,1331.0,1408.84
INV_102598,WH_03,PROD_0105,29/03/2024,4153,497,785,3865.0,3433.06
INV_102599,WH_01,PROD_0103,03/03/2024,763,120,472,411.0,489.45
INV_102600,WH_12,PROD_0057,30/01/2024,2999,715,422,3292.0,4079.62
INV_102601,WH_10,PROD_0005,02/01/2024,1396,1481,278,,0.0
INV_102602,WH_11,PROD_0290,17/09/2024,2194,1381,1000,,0.0
INV_102603,WH_03,PROD_0279,21/09/2024,1482,1081,362,2201.0,1571.23
INV_102604,WH_09,PROD_0128,07/09/2024,1573,1437,1286,1724.0,1371.83
INV_102605,WH_01,PROD_0232,14/04/2024,1135,452,447,,0.0
INV_102606,WH_08,PROD_0204,03/04/2024,4502,232,1079,3655.0,3708.89
INV_102607,WH_15,PROD_0196,23/07/2024,4098,1337,874,4561.0,3285.71
INV_102608,WH_08,PROD_0103,09/04/2024,4223,908,582,4549.0,6245.96
INV_102609,WH_12,PROD_0143,16/01/2024,3239,619,1052,2806.0,1588.81
INV_102610,WH_02,PROD_0005,12/10/2024,1045,839,1376,508.0,602.69
INV_102611,WH_07,PROD_0058,17/06/2024,3905,1401,1194,4112.0,5490.69
INV_102612,WH_02,PROD_0122,14/06/2024,3534,856,495,3895.0,4580.98
INV_102613,WH_08,PROD_0267,21/12/2024,1842,222,1042,1022.0,1044.15
INV_102614,WH_15,PROD_0254,17/06/2024,3840,1140,625,4355.0,5436.7
INV_102615,WH_07,PROD_0066,10/04/2024,2897,1483,1392,2988.0,2401.85
INV_102616,WH_08,PROD_0199,12/02/2024,3733,473,373,3833.0,4877.62
INV_102617,WH_09,PROD_0062,01/02/2024,4442,114,818,3738.0,4034.68
INV_102618,WH_03,PROD_0300,02/08/2024,2200,720,507,2413.0,2219.62
INV_102619,WH_11,PROD_0279,14/06/2024,2235,292,414,2113.0,1293.82
INV_102620,WH_13,PROD_0076,25/01/2024,1746,278,1444,580.0,769.44
INV_102621,WH_09,PROD_0229,10/12/2024,920,1338,103,2155.0,2529.37
INV_102622,WH_13,PROD_0003,08/11/2024,3617,1327,1003,3941.0,5870.74
INV_102623,WH_13,PROD_0011,20/02/2024,3518,1024,1181,3361.0,4617.82
INV_102624,WH_05,PROD_0270,12/05/2024,2445,856,608,2693.0,2639.33
INV_102625,WH_14,PROD_0208,29/05/2024,4582,488,1329,3741.0,3685.5
INV_102626,WH_12,PROD_0073,05/05/2024,573,1375,1109,839.0,1155.24
INV_102627,WH_11,PROD_0116,30/11/2024,795,439,1265,-31.0,-36.67
INV_102628,WH_14,PROD_0292,05/02/2024,2029,544,1285,1288.0,1026.77
INV_102629,WH_02,PROD_0022,25/07/2024,4009,1049,581,4477.0,2338.72
INV_102630,WH_11,PROD_0139,03/10/2024,3748,419,281,3886.0,2073.71
INV_102631,WH_10,PROD_0165,12/07/2024,4742,990,1303,4429.0,3280.54
INV_102632,WH_06,PROD_0055,19/07/2024,2141,1402,1128,2415.0,1291.37
INV_102633,WH_02,PROD_0083,09/11/2024,4867,1391,926,5332.0,2941.82
INV_102634,WH_02,PROD_0051,23/04/2024,3199,1203,465,3937.0,3356.78
INV_102635,WH_07,PROD_0178,07/09/2024,1502,1389,915,1976.0,1018.41
INV_102636,WH_03,PROD_0086,09/11/2024,3145,1294,693,3746.0,3833.55
INV_102637,WH_02,PROD_0209,27/10/2024,4215,1227,497,4945.0,3592.47
INV_102638,WH_06,PROD_0290,24/01/2024,2478,514,1426,1566.0,2274.04
INV_102639,WH_15,PROD_0246,05/02/2024,4266,469,995,3740.0,3410.8
INV_102640,WH_07,PROD_0183,02/09/2024,3079,890,413,3556.0,5054.83
INV_102641,WH_05,PROD_0192,19/09/2024,1343,890,855,1378.0,719.23
INV_102642,WH_01,PROD_0071,17/12/2024,4619,1412,366,5665.0,6981.09
INV_102643,WH_03,PROD_0098,26/08/2024,762,268,1312,-282.0,-154.41
INV_102644,WH_14,PROD_0060,06/07/2024,3942,901,1272,3571.0,3523.77
INV_102645,WH_11,PROD_0050,19/12/2024,3698,796,424,4070.0,2878.98
INV_102646,WH_04,PROD_0291,01/06/2024,3321,1498,427,4392.0,3095.8
INV_102647,WH_05,PROD_0011,20/01/2024,3224,975,1420,2779.0,2507.68
INV_102648,WH_14,PROD_0260,08/05/2024,3316,1203,878,3641.0,4615.26
INV_102649,WH_05,PROD_0033,14/12/2024,3297,1246,1436,3107.0,3119.31
INV_102650,WH_15,PROD_0224,26/12/2024,4837,1400,393,5844.0,8035.45
INV_102651,WH_14,PROD_0200,30/07/2024,3411,1478,1236,,0.0
INV_102652,WH_02,PROD_0006,25/03/2024,4498,1115,275,5338.0,7512.07
INV_102653,WH_13,PROD_0046,29/01/2024,4504,723,601,4626.0,3894.3
INV_102654,WH_14,PROD_0137,08/07/2024,757,343,1007,93.0,71.81
INV_102655,WH_06,PROD_0037,17/08/2024,1468,292,466,1294.0,924.89
INV_102656,WH_08,PROD_0192,16/01/2024,4732,1421,669,5484.0,6349.95
INV_102657,WH_02,PROD_0063,18/07/2024,1671,1088,1215,1544.0,1659.12
INV_102658,WH_10,PROD_0100,15/10/2024,1699,608,847,1460.0,979.46
INV_102659,WH_04,PROD_0083,21/05/2024,1895,212,1289,818.0,459.85
INV_102660,WH_13,PROD_0056,09/03/2024,727,1026,437,1316.0,792.48
INV_102661,WH_03,PROD_0245,01/01/2024,4197,1225,758,4664.0,3151.49
INV_102662,WH_12,PROD_0218,10/04/2024,2954,764,800,2918.0,4012.61
INV_102663,WH_02,PROD_0218,12/10/2024,671,696,594,773.0,498.7
INV_102664,WH_13,PROD_0231,19/06/2024,4244,1002,1169,4077.0,3052.34
INV_102665,WH_04,PROD_0154,02/03/2024,805,902,1415,292.0,411.77
INV_102666,WH_10,PROD_0233,04/12/2024,1845,1037,321,2561.0,1945.12
INV_102667,WH_05,PROD_0185,01/05/2024,3275,165,432,3008.0,1824.66
INV_102668,WH_08,PROD_0285,22/11/2024,3517,1262,1070,3709.0,3469.85
INV_102669,WH_04,PROD_0095,24/07/2024,3901,679,507,4073.0,2323.24
INV_102670,WH_06,PROD_0142,02/01/2024,3501,790,213,4078.0,4184.54
INV_102671,WH_10,PROD_0049,29/11/2024,2396,716,813,2299.0,2579.36
INV_102672,WH_10,PROD_0175,29/03/2024,3129,1207,1409,2927.0,2725.37
INV_102673,WH_03,PROD_0071,14/06/2024,3597,1418,477,4538.0,4820.58
INV_102674,WH_06,PROD_0014,20/03/2024,2266,1280,952,2594.0,3890.59
INV_102675,WH_14,PROD_0174,17/06/2024,4843,541,1494,3890.0,3811.33
INV_102676,WH_08,PROD_0135,19/08/2024,516,1391,1180,727.0,663.05
INV_102677,WH_04,PROD_0280,12/05/2024,3177,383,1175,2385.0,1674.11
INV_102678,WH_02,PROD_0035,08/06/2024,2743,1080,1412,2411.0,1751.52
INV_102679,WH_01,PROD_0209,25/09/2024,2311,1146,549,2908.0,3106.76
INV_102680,WH_14,PROD_0287,08/12/2024,2802,704,1479,2027.0,2570.85
INV_102681,WH_10,PROD_0167,10/06/2024,1515,1018,665,1868.0,1229.63
INV_102682,WH_15,PROD_0217,26/12/2024,4950,112,1020,4042.0,3485.14
INV_102683,WH_10,PROD_0059,25/02/2024,1980,231,997,1214.0,1206.85
INV_102684,WH_14,PROD_0148,04/11/2024,4373,1426,1218,4581.0,6109.48
INV_102685,WH_09,PROD_0263,10/11/2024,3731,735,876,3590.0,4602.6
INV_102686,WH_05,PROD_0254,09/07/2024,2976,1337,390,3923.0,4075.01
INV_102687,WH_13,PROD_0082,21/07/2024,4137,220,614,,0.0
INV_102688,WH_03,PROD_0191,21/09/2024,2217,915,1363,1769.0,1437.7
INV_102689,WH_07,PROD_0061,14/03/2024,3193,470,819,2844.0,3753.02
INV_102690,WH_10,PROD_0190,04/07/2024,3124,678,157,3645.0,5173.62
INV_102691,WH_05,PROD_0099,02/09/2024,4769,1408,1340,4837.0,2633.1
INV_102692,WH_09,PROD_0122,05/07/2024,2852,240,191,2901.0,3229.16
INV_102693,WH_13,PROD_0118,13/08/2024,2485,514,221,,0.0
INV_102694,WH_08,PROD_0040,08/05/2024,1465,1121,459,2127.0,2875.0
INV_102695,WH_07,PROD_0007,05/04/2024,4440,1042,1226,,0.0
INV_102696,WH_13,PROD_0096,19/11/2024,905,253,829,329.0,334.19
INV_102697,WH_10,PROD_0098,06/03/2024,4357,206,700,3863.0,2012.62
INV_102698,WH_11,PROD_0106,21/07/2024,629,369,675,323.0,240.75
INV_102699,WH_09,PROD_0143,23/08/2024,1978,915,246,2647.0,2478.56
INV_102700,WH_04,PROD_0255,22/02/2024,585,880,1319,146.0,173.89
INV_102701,WH_06,PROD_0105,03/10/2024,1884,310,1221,973.0,757.67
INV_102702,WH_07,PROD_0100,14/10/2024,1925,1000,551,2374.0,3512.62
INV_102703,WH_01,PROD_0143,28/10/2024,1268,776,355,1689.0,2505.71
INV_102704,WH_11,PROD_0087,11/09/2024,4031,541,1068,3504.0,5163.86
INV_102705,WH_14,PROD_0003,15/01/2024,739,1394,457,1676.0,1945.03
INV_102706,WH_14,PROD_0272,28/03/2024,3291,1224,161,4354.0,6524.28
INV_102707,WH_07,PROD_0285,19/01/2024,1838,976,933,1881.0,2564.75
INV_102708,WH_09,PROD_0278,07/07/2024,1687,1215,833,,0.0
INV_102709,WH_15,PROD_0037,21/08/2024,2341,990,1066,2265.0,2014.95
INV_102710,WH_04,PROD_0187,31/03/2024,2227,656,1072,1811.0,2092.48
INV_102711,WH_09,PROD_0017,01/12/2024,2922,1402,236,4088.0,5422.18
INV_102712,WH_01,PROD_0120,28/12/2024,4289,317,1153,3453.0,4104.94
INV_102713,WH_14,PROD_0086,25/08/2024,775,316,260,831.0,632.19
INV_102714,WH_11,PROD_0270,16/06/2024,784,1453,743,1494.0,1691.9
INV_102715,WH_03,PROD_0044,09/07/2024,3726,1037,180,4583.0,3453.97
INV_102716,WH_08,PROD_0205,24/02/2024,3714,700,1077,3337.0,3487.37
INV_102717,WH_15,PROD_0224,28/07/2024,4423,1393,698,5118.0,7361.55
INV_102718,WH_09,PROD_0144,14/06/2024,3433,201,450,3184.0,1868.84
INV_102719,WH_09,PROD_0035,30/11/2024,1177,1132,798,1511.0,1025.15
INV_102720,WH_02,PROD_0139,24/02/2024,2500,1249,511,3238.0,1630.73
INV_102721,WH_10,PROD_0137,12/12/2024,3327,1053,1185,3195.0,1881.75
INV_102722,WH_14,PROD_0027,02/12/2024,4340,930,751,4519.0,6751.29
INV_102723,WH_02,PROD_0173,27/06/2024,4793,435,1030,4198.0,2295.64
INV_102724,WH_09,PROD_0014,04/03/2024,2055,1308,1406,1957.0,1115.57
INV_102725,WH_08,PROD_0131,19/01/2024,1703,255,1206,752.0,1032.54
INV_102726,WH_01,PROD_0232,07/05/2024,2610,1264,416,3458.0,4451.06
INV_102727,WH_11,PROD_0065,26/10/2024,3531,904,361,,0.0
INV_102728,WH_02,PROD_0278,23/10/2024,2812,858,296,3374.0,2613.04
INV_102729,WH_12,PROD_0022,27/12/2024,4807,733,1085,4455.0,4323.44
INV_102730,WH_02,PROD_0183,25/07/2024,4556,592,137,5011.0,6117.42
INV_102731,WH_15,PROD_0242,26/07/2024,1355,519,1302,572.0,479.46
INV_102732,WH_03,PROD_0035,25/12/2024,4675,670,817,4528.0,5099.07
INV_102733,WH_02,PROD_0007,30/12/2024,3079,424,162,3341.0,3069.3
INV_102734,WH_08,PROD_0125,12/12/2024,3949,311,498,3762.0,5255.45
INV_102735,WH_14,PROD_0040,22/12/2024,2849,560,762,2647.0,1569.17
INV_102736,WH_08,PROD_0026,23/05/2024,669,356,568,457.0,443.25
INV_102737,WH_03,PROD_0099,22/09/2024,1611,1460,1271,1800.0,2668.65
INV_102738,WH_12,PROD_0111,16/08/2024,1292,1428,543,2177.0,1379.48
INV_102739,WH_04,PROD_0086,17/03/2024,4958,337,1242,4053.0,5693.88
INV_102740,WH_02,PROD_0143,14/05/2024,1327,202,1174,355.0,193.42
INV_102741,WH_10,PROD_0140,06/10/2024,2252,145,945,1452.0,977.79
INV_102742,WH_14,PROD_0260,26/05/2024,4453,365,1462,3356.0,2979.86
INV_102743,WH_08,PROD_0047,10/05/2024,2894,914,458,3350.0,4271.1
INV_102744,WH_13,PROD_0198,14/12/2024,1783,819,718,1884.0,2537.14
INV_102745,WH_08,PROD_0109,03/02/2024,2494,573,204,2863.0,1816.34
INV_102746,WH_13,PROD_0200,16/07/2024,3302,987,1264,3025.0,1800.16
INV_102747,WH_07,PROD_0057,11/05/2024,2840,900,1341,2399.0,3496.76
INV_102748,WH_11,PROD_0032,09/06/2024,3715,949,1420,3244.0,2366.26
INV_102749,WH_01,PROD_0009,02/11/2024,1892,117,525,1484.0,1533.2
INV_102750,WH_13,PROD_0059,18/06/2024,4892,1359,521,5730.0,5648.54
INV_102751,WH_09,PROD_0049,26/11/2024,2871,557,639,2789.0,3704.89
INV_102752,WH_14,PROD_0093,26/10/2024,1508,1144,731,1921.0,1929.77
INV_102753,WH_08,PROD_0065,01/04/2024,1933,128,327,1734.0,2011.14
INV_102754,WH_05,PROD_0272,21/09/2024,4312,336,263,4385.0,5065.22
INV_102755,WH_14,PROD_0120,25/04/2024,4484,1225,1491,4218.0,4833.3
INV_102756,WH_06,PROD_0108,18/06/2024,2361,472,163,2670.0,1952.0
INV_102757,WH_01,PROD_0089,23/12/2024,3898,746,1460,3184.0,3079.14
INV_102758,WH_13,PROD_0214,22/01/2024,4866,943,774,5035.0,5004.46
INV_102759,WH_02,PROD_0039,27/04/2024,1105,956,1197,864.0,1128.76
INV_102760,WH_10,PROD_0284,21/06/2024,3855,1253,1160,3948.0,3426.04
INV_102761,WH_02,PROD_0251,24/06/2024,2107,1182,1272,2017.0,2903.17
INV_102762,WH_10,PROD_0172,28/07/2024,962,1391,126,2227.0,2520.87
INV_102763,WH_11,PROD_0039,28/10/2024,2615,1244,1191,,0.0
INV_102764,WH_09,PROD_0245,10/02/2024,2740,515,692,2563.0,1879.88
INV_102765,WH_06,PROD_0109,27/11/2024,2565,712,595,2682.0,3579.93
INV_102766,WH_05,PROD_0224,05/06/2024,4587,822,578,4831.0,3954.75
INV_102767,WH_15,PROD_0062,23/11/2024,3416,473,978,2911.0,3294.74
INV_102768,WH_13,PROD_0207,04/01/2024,2228,1235,1471,1992.0,1282.3
INV_102769,WH_09,PROD_0128,27/01/2024,3025,337,761,2601.0,1592.03
INV_102770,WH_07,PROD_0116,04/03/2024,1291,945,707,1529.0,1046.16
INV_102771,WH_04,PROD_0042,01/01/2024,1726,1193,609,2310.0,2785.66
INV_102772,WH_10,PROD_0076,27/10/2024,904,1424,909,1419.0,1155.44
INV_102773,WH_11,PROD_0007,30/10/2024,1452,387,1406,433.0,293.55
INV_102774,WH_13,PROD_0022,01/02/2024,1056,1170,1339,887.0,1034.76
INV_102775,WH_04,PROD_0038,22/02/2024,1047,601,365,1283.0,832.99
INV_102776,WH_03,PROD_0238,07/01/2024,900,623,1048,475.0,243.79
INV_102777,WH_14,PROD_0088,05/07/2024,1346,1138,832,1652.0,1930.08
INV_102778,WH_04,PROD_0133,25/07/2024,713,843,595,961.0,803.6
INV_102779,WH_13,PROD_0092,24/05/2024,3124,846,841,3129.0,2294.01
INV_102780,WH_14,PROD_0018,05/05/2024,4066,168,730,3504.0,3301.68
INV_102781,WH_13,PROD_0026,25/01/2024,2568,184,1251,1501.0,1194.52
INV_102782,WH_15,PROD_0217,17/05/2024,3170,352,383,3139.0,3437.16
INV_102783,WH_11,PROD_0114,04/09/2024,4435,1237,657,5015.0,6143.62
INV_102784,WH_06,PROD_0291,22/05/2024,1451,172,1289,334.0,262.48
INV_102785,WH_11,PROD_0056,17/05/2024,1784,1191,1007,1968.0,2012.67
INV_102786,WH_02,PROD_0192,06/09/2024,1092,1455,526,2021.0,2478.53
INV_102787,WH_03,PROD_0217,11/10/2024,1327,1354,386,2295.0,1763.02
INV_102788,WH_02,PROD_0020,21/01/2024,1400,893,1392,901.0,857.17
INV_102789,WH_14,PROD_0054,02/10/2024,3411,257,1279,2389.0,1334.66
INV_102790,WH_03,PROD_0251,01/03/2024,2455,1288,1311,2432.0,2300.34
INV_102791,WH_08,PROD_0189,13/03/2024,2114,626,544,2196.0,1591.28
INV_102792,WH_07,PROD_0005,05/04/2024,761,511,859,413.0,581.98
INV_102793,WH_07,PROD_0123,04/12/2024,2742,1131,982,2891.0,2448.24
INV_102794,WH_07,PROD_0074,29/04/2024,4566,500,737,4329.0,2959.84
INV_102795,WH_03,PROD_0148,20/02/2024,1207,911,1182,936.0,1014.61
INV_102796,WH_09,PROD_0143,17/01/2024,3197,610,535,3272.0,3551.94
INV_102797,WH_04,PROD_0187,16/01/2024,2312,1333,626,3019.0,2143.57
INV_102798,WH_07,PROD_0141,15/02/2024,2043,964,767,2240.0,2330.89
INV_102799,WH_15,PROD_0085,19/08/2024,1518,886,415,1989.0,1075.81
INV_102800,WH_09,PROD_0042,23/01/2024,4686,1401,1485,4602.0,5879.22
INV_102801,WH_13,PROD_0093,11/05/2024,584,1246,1051,779.0,999.28
INV_102802,WH_13,PROD_0293,02/08/2024,889,876,511,1254.0,1240.44
INV_102803,WH_04,PROD_0094,23/11/2024,2334,1324,463,3195.0,2664.78
INV_102804,WH_11,PROD_0110,03/05/2024,1512,443,949,1006.0,1290.79
INV_102805,WH_08,PROD_0038,18/10/2024,4136,677,568,,0.0
INV_102806,WH_12,PROD_0241,03/06/2024,1071,190,933,328.0,275.67
INV_102807,WH_14,PROD_0044,04/08/2024,829,1359,1346,842.0,659.74
INV_102808,WH_15,PROD_0177,26/10/2024,1936,1019,564,,0.0
INV_102809,WH_15,PROD_0211,29/01/2024,1443,1356,687,2112.0,2392.88
INV_102810,WH_10,PROD_0187,30/11/2024,1348,1232,293,2287.0,2207.35
INV_102811,WH_01,PROD_0019,15/12/2024,4712,827,1226,4313.0,2479.46
INV_102812,WH_08,PROD_0105,07/11/2024,4207,1248,132,5323.0,4465.28
INV_102813,WH_14,PROD_0278,19/02/2024,3783,1397,399,4781.0,6116.48
INV_102814,WH_13,PROD_0026,27/02/2024,4345,1497,1115,4727.0,6911.16
INV_102815,WH_11,PROD_0229,07/06/2024,4618,1361,1091,4888.0,5072.46
INV_102816,WH_03,PROD_0211,31/03/2024,3619,264,551,3332.0,3537.64
INV_102817,WH_07,PROD_0068,14/02/2024,2053,704,677,2080.0,2215.73
INV_102818,WH_03,PROD_0052,09/09/2024,4787,370,253,4904.0,6576.42
INV_102819,WH_02,PROD_0069,26/07/2024,3253,1306,121,4438.0,5165.54
INV_102820,WH_05,PROD_0283,28/05/2024,1703,752,546,1909.0,985.14
INV_102821,WH_10,PROD_0077,22/07/2024,1476,622,1120,978.0,1398.58
INV_102822,WH_14,PROD_0077,12/04/2024,954,873,666,1161.0,1363.14
INV_102823,WH_09,PROD_0093,27/07/2024,3577,293,552,3318.0,4105.45
INV_102824,WH_05,PROD_0042,08/02/2024,1200,1245,497,1948.0,1151.87
INV_102825,WH_11,PROD_0269,05/11/2024,3868,1183,965,4086.0,6070.7
INV_102826,WH_14,PROD_0179,26/12/2024,713,1257,732,1238.0,713.57
INV_102827,WH_01,PROD_0086,28/12/2024,4676,204,712,,0.0
INV_102828,WH_07,PROD_0128,26/05/2024,4512,1024,445,5091.0,4340.46
INV_102829,WH_08,PROD_0024,22/04/2024,2384,164,118,2430.0,3135.42
INV_102830,WH_12,PROD_0140,13/05/2024,2813,317,879,2251.0,3265.12
INV_102831,WH_05,PROD_0096,03/06/2024,2363,769,1225,1907.0,1775.12
INV_102832,WH_06,PROD_0007,20/05/2024,975,1226,663,1538.0,1132.99
INV_102833,WH_06,PROD_0204,21/10/2024,2121,1089,241,2969.0,3633.16
INV_102834,WH_05,PROD_0241,23/11/2024,4967,272,301,,0.0
INV_102835,WH_09,PROD_0066,03/06/2024,4909,793,585,5117.0,6119.8
INV_102836,WH_09,PROD_0051,28/04/2024,4367,223,308,4282.0,6024.67
INV_102837,WH_02,PROD_0274,07/02/2024,3428,1384,640,4172.0,5517.96
INV_102838,WH_15,PROD_0234,09/11/2024,3944,695,329,4310.0,3570.34
INV_102839,WH_07,PROD_0292,05/02/2024,4511,838,1398,3951.0,5265.67
INV_102840,WH_06,PROD_0261,20/04/2024,1967,194,314,1847.0,1458.62
INV_102841,WH_07,PROD_0210,19/02/2024,1674,1271,1140,1805.0,1973.38
INV_102842,WH_06,PROD_0269,13/08/2024,3139,1382,448,4073.0,2608.55
INV_102843,WH_03,PROD_0226,05/08/2024,1316,494,983,827.0,799.48
INV_102844,WH_11,PROD_0173,11/05/2024,1897,1015,1277,,0.0
INV_102845,WH_12,PROD_0145,07/08/2024,2230,484,338,2376.0,1552.54
INV_102846,WH_04,PROD_0210,22/10/2024,4835,594,1500,3929.0,5321.75
INV_102847,WH_05,PROD_0140,18/02/2024,3307,102,1094,2315.0,1484.33
INV_102848,WH_10,PROD_0169,02/04/2024,2888,999,710,3177.0,4706.45
INV_102849,WH_12,PROD_0074,13/02/2024,3805,1392,1430,3767.0,4768.73
INV_102850,WH_01,PROD_0266,01/01/2024,3694,140,527,3307.0,3128.47
INV_102851,WH_02,PROD_0044,17/04/2024,3724,1412,1459,3677.0,2557.35
INV_102852,WH_11,PROD_0191,21/01/2024,4265,644,642,4267.0,2643.74
INV_102853,WH_13,PROD_0047,13/09/2024,2999,1172,481,3690.0,3814.75
INV_102854,WH_02,PROD_0139,04/05/2024,4109,1353,171,5291.0,7234.32
INV_102855,WH_01,PROD_0006,21/11/2024,4540,608,843,4305.0,2586.58
INV_102856,WH_04,PROD_0025,14/01/2024,1589,419,978,1030.0,1291.52
INV_102857,WH_09,PROD_0022,15/11/2024,1845,1308,1244,1909.0,2593.28
INV_102858,WH_06,PROD_0169,13/01/2024,4703,365,175,,0.0
INV_102859,WH_14,PROD_0189,09/11/2024,3734,1356,286,4804.0,5456.15
INV_102860,WH_04,PROD_0086,17/03/2024,2675,874,481,3068.0,1854.62
INV_102861,WH_11,PROD_0288,11/02/2024,4820,471,1188,,0.0
INV_102862,WH_01,PROD_0082,20/08/2024,1280,1067,591,1756.0,1000.56
INV_102863,WH_06,PROD_0126,02/10/2024,2428,687,995,2120.0,1645.33
INV_102864,WH_03,PROD_0030,10/05/2024,2304,987,984,2307.0,1398.16
INV_102865,WH_04,PROD_0017,21/11/2024,1946,921,1162,,0.0
INV_102866,WH_01,PROD_0287,26/08/2024,4235,882,1351,3766.0,2529.2
INV_102867,WH_02,PROD_0244,01/10/2024,2460,520,1259,1721.0,2073.87
INV_102868,WH_04,PROD_0040,30/03/2024,653,232,634,251.0,323.66
INV_102869,WH_02,PROD_0284,07/03/2024,1738,378,1198,918.0,1173.0
INV_102870,WH_07,PROD_0077,23/05/2024,2831,358,817,2372.0,1842.33
INV_102871,WH_09,PROD_0225,28/08/2024,4808,903,490,5221.0,6327.13
INV_102872,WH_13,PROD_0024,01/03/2024,3083,871,774,3180.0,3254.38
INV_102873,WH_12,PROD_0077,14/02/2024,2402,740,979,2163.0,1797.85
INV_102874,WH_12,PROD_0274,30/04/2024,2783,146,1278,1651.0,2225.05
INV_102875,WH_02,PROD_0231,11/02/2024,1591,1119,749,1961.0,2272.45
INV_102876,WH_08,PROD_0068,25/08/2024,4265,1497,1359,4403.0,4163.19
INV_102877,WH_07,PROD_0080,15/05/2024,2698,262,474,2486.0,3367.41
INV_102878,WH_10,PROD_0104,01/07/2024,4678,1023,1166,4535.0,5804.07
INV_102879,WH_08,PROD_0005,23/01/2024,1848,824,944,1728.0,1741.08
INV_102880,WH_13,PROD_0033,30/10/2024,3114,342,424,3032.0,2703.4
INV_102881,WH_07,PROD_0180,18/04/2024,2033,971,515,2489.0,2930.72
INV_102882,WH_04,PROD_0198,23/03/2024,2758,1093,1045,2806.0,4185.42
INV_102883,WH_11,PROD_0077,02/10/2024,2822,464,1381,1905.0,2089.33
INV_102884,WH_12,PROD_0173,21/04/2024,3976,100,924,3152.0,2066.48
INV_102885,WH_05,PROD_0011,18/08/2024,3413,1043,519,3937.0,4292.22
INV_102886,WH_14,PROD_0260,01/11/2024,2068,870,780,2158.0,3006.88
INV_102887,WH_11,PROD_0168,21/01/2024,4636,1209,842,5003.0,6886.29
INV_102888,WH_15,PROD_0105,06/05/2024,1824,1493,184,3133.0,3092.46
INV_102889,WH_02,PROD_0015,20/05/2024,3670,1426,1033,4063.0,2581.35
INV_102890,WH_09,PROD_0246,12/04/2024,3171,744,1095,2820.0,3435.96
INV_102891,WH_09,PROD_0092,18/04/2024,1725,345,921,1149.0,608.17
INV_102892,WH_12,PROD_0119,06/07/2024,4884,1191,1465,,0.0
INV_102893,WH_03,PROD_0064,10/11/2024,4162,278,640,3800.0,2538.62
INV_102894,WH_01,PROD_0145,20/12/2024,3991,635,892,3734.0,3242.53
INV_102895,WH_09,PROD_0138,25/04/2024,2550,784,606,2728.0,2360.97
INV_102896,WH_12,PROD_0058,09/07/2024,4678,1180,637,5221.0,6221.41
INV_102897,WH_01,PROD_0181,10/05/2024,2780,328,837,2271.0,2900.63
INV_102898,WH_05,PROD_0183,27/11/2024,2301,725,818,2208.0,1606.47
INV_102899,WH_14,PROD_0234,16/03/2024,3077,992,961,3108.0,2877.58
INV_102900,WH_13,PROD_0184,02/10/2024,2026,825,945,1906.0,1587.05
INV_102901,WH_07,PROD_0023,17/09/2024,3681,402,1452,2631.0,1553.08
INV_102902,WH_01,PROD_0005,05/06/2024,3139,1004,1234,2909.0,2477.52
INV_102903,WH_02,PROD_0203,02/02/2024,4613,1147,1296,4464.0,4227.5
INV_102904,WH_10,PROD_0003,28/08/2024,3866,690,647,3909.0,3546.41
INV_102905,WH_10,PROD_0261,05/09/2024,1586,612,686,1512.0,2119.06
INV_102906,WH_05,PROD_0276,29/06/2024,2704,1262,1250,2716.0,1513.4
INV_102907,WH_05,PROD_0151,10/08/2024,4302,1471,1151,4622.0,6177.53
INV_102908,WH_05,PROD_0181,29/10/2024,2684,1489,1295,2878.0,3150.98
INV_102909,WH_13,PROD_0063,22/01/2024,2648,1221,1426,2443.0,2284.57
INV_102910,WH_04,PROD_0119,25/07/2024,3316,1456,566,4206.0,3726.12
INV_102911,WH_12,PROD_0272,10/02/2024,1349,1473,458,2364.0,3472.23
INV_102912,WH_13,PROD_0268,09/05/2024,889,999,1272,616.0,814.14
INV_102913,WH_10,PROD_0145,11/07/2024,4689,376,719,4346.0,5136.51
INV_102914,WH_07,PROD_0085,08/11/2024,3561,478,470,3569.0,3087.73
INV_102915,WH_15,PROD_0004,25/06/2024,2199,106,847,1458.0,853.93
INV_102916,WH_08,PROD_0095,15/06/2024,2418,460,1112,,0.0
INV_102917,WH_04,PROD_0021,04/10/2024,2972,920,913,2979.0,3021.83
INV_102918,WH_13,PROD_0292,23/03/2024,1445,785,1160,1070.0,889.33
INV_102919,WH_10,PROD_0174,03/11/2024,4398,286,486,4198.0,4972.24
INV_102920,WH_06,PROD_0233,23/10/2024,3103,362,543,2922.0,2583.01
INV_102921,WH_12,PROD_0236,28/01/2024,2211,266,726,1751.0,1684.23
INV_102922,WH_01,PROD_0113,17/07/2024,3434,1426,1058,3802.0,5248.28
INV_102923,WH_02,PROD_0045,30/10/2024,528,471,722,277.0,259.72
INV_102924,WH_07,PROD_0073,21/04/2024,757,375,752,380.0,334.21
INV_102925,WH_04,PROD_0218,06/01/2024,873,938,523,1288.0,1827.6
INV_102926,WH_13,PROD_0226,30/07/2024,4453,712,1070,4095.0,6002.78
INV_102927,WH_12,PROD_0169,02/03/2024,908,607,275,,0.0
INV_102928,WH_02,PROD_0104,17/09/2024,1907,1103,1034,1976.0,1790.0
INV_102929,WH_11,PROD_0286,30/11/2024,4226,393,1292,3327.0,4127.31
INV_102930,WH_15,PROD_0221,24/06/2024,2140,1492,1465,2167.0,1864.8
INV_102931,WH_15,PROD_0168,20/06/2024,1042,367,1139,270.0,143.92
INV_102932,WH_14,PROD_0116,03/01/2024,3170,985,609,3546.0,4213.35
INV_102933,WH_05,PROD_0038,09/02/2024,4118,1171,1003,4286.0,2244.49
INV_102934,WH_10,PROD_0141,12/07/2024,4099,510,1456,3153.0,3995.55
INV_102935,WH_02,PROD_0119,17/10/2024,1135,290,1101,324.0,223.93
INV_102936,WH_09,PROD_0186,14/09/2024,3701,540,214,4027.0,2561.68
INV_102937,WH_03,PROD_0268,01/03/2024,3369,1282,394,4257.0,2825.09
INV_102938,WH_11,PROD_0273,25/03/2024,4765,232,979,4018.0,5660.22
INV_102939,WH_11,PROD_0059,21/10/2024,2239,520,437,2322.0,3260.86
INV_102940,WH_09,PROD_0170,25/02/2024,3659,104,109,3654.0,3739.34
INV_102941,WH_06,PROD_0018,18/05/2024,1366,771,1031,1106.0,648.45
INV_102942,WH_04,PROD_0060,28/03/2024,615,769,113,1271.0,1137.31
INV_102943,WH_07,PROD_0210,06/10/2024,1882,380,505,1757.0,2533.24
INV_102944,WH_13,PROD_0064,02/09/2024,1568,1291,529,2330.0,2359.85
INV_102945,WH_12,PROD_0268,13/10/2024,4973,216,1225,3964.0,2487.77
INV_102946,WH_15,PROD_0182,15/03/2024,2244,1354,213,3385.0,2223.04
INV_102947,WH_02,PROD_0083,22/11/2024,4692,1272,426,5538.0,4829.85
INV_102948,WH_15,PROD_0208,13/03/2024,3933,498,1041,3390.0,3163.33
INV_102949,WH_12,PROD_0256,23/12/2024,1050,1145,713,1482.0,811.37
INV_102950,WH_08,PROD_0035,19/02/2024,4912,1109,1469,4552.0,4014.89
INV_102951,WH_12,PROD_0080,17/08/2024,4512,624,343,4793.0,2421.48
INV_102952,WH_14,PROD_0110,03/04/2024,646,1180,1074,752.0,588.81
INV_102953,WH_04,PROD_0141,10/09/2024,4462,323,958,3827.0,3208.22
INV_102954,WH_15,PROD_0076,08/11/2024,4875,141,110,4906.0,2905.41
INV_102955,WH_01,PROD_0277,11/10/2024,4041,1117,437,4721.0,4348.62
INV_102956,WH_03,PROD_0093,16/04/2024,1132,898,151,1879.0,1904.02
INV_102957,WH_10,PROD_0174,14/03/2024,4156,175,1215,3116.0,3816.17
INV_102958,WH_12,PROD_0263,24/02/2024,832,1382,1487,727.0,908.22
INV_102959,WH_01,PROD_0048,08/10/2024,3024,1368,203,4189.0,3975.44
INV_102960,WH_11,PROD_0215,28/11/2024,1227,222,1337,112.0,105.16
INV_102961,WH_03,PROD_0269,21/12/2024,1096,1215,338,1973.0,2345.86
INV_102962,WH_04,PROD_0286,16/11/2024,1204,131,521,814.0,935.83
INV_102963,WH_08,PROD_0160,28/02/2024,613,1500,595,1518.0,1037.11
INV_102964,WH_01,PROD_0250,25/04/2024,1013,772,1449,336.0,246.71
INV_102965,WH_09,PROD_0251,19/11/2024,524,253,1396,-619.0,-707.4
INV_102966,WH_04,PROD_0048,15/07/2024,1077,606,325,1358.0,942.52
INV_102967,WH_12,PROD_0028,13/09/2024,692,1394,1327,759.0,700.45
INV_102968,WH_13,PROD_0145,06/12/2024,832,1319,1384,767.0,625.28
INV_102969,WH_05,PROD_0020,12/08/2024,3288,977,1311,2954.0,2964.99
INV_102970,WH_12,PROD_0274,03/11/2024,3166,1197,958,3405.0,2552.1
INV_102971,WH_02,PROD_0297,21/12/2024,1479,1257,418,2318.0,2339.4
INV_102972,WH_06,PROD_0292,12/05/2024,4003,1433,531,,0.0
INV_102973,WH_13,PROD_0218,20/07/2024,1387,417,567,1237.0,664.98
INV_102974,WH_10,PROD_0008,23/12/2024,2304,611,1256,1659.0,2451.96
INV_102975,WH_15,PROD_0174,02/08/2024,4821,1125,936,5010.0,6027.92
INV_102976,WH_04,PROD_0152,09/02/2024,3220,508,1431,2297.0,1908.88
INV_102977,WH_05,PROD_0138,04/03/2024,4410,795,113,5092.0,6827.38
INV_102978,WH_12,PROD_0041,25/03/2024,2311,179,1021,1469.0,1026.14
INV_102979,WH_14,PROD_0020,20/10/2024,1467,442,999,910.0,1145.67
INV_102980,WH_11,PROD_0105,04/09/2024,1640,658,700,1598.0,1094.61
INV_102981,WH_11,PROD_0048,15/06/2024,1711,1037,1069,1679.0,1449.49
INV_102982,WH_13,PROD_0252,04/08/2024,794,209,1495,-492.0,-564.78
INV_102983,WH_07,PROD_0225,07/09/2024,2365,165,1241,1289.0,1501.8
INV_102984,WH_07,PROD_0139,22/10/2024,1545,150,1130,,0.0
INV_102985,WH_12,PROD_0215,21/10/2024,4448,299,879,3868.0,2398.18
INV_102986,WH_04,PROD_0108,17/05/2024,3664,199,1254,2609.0,2881.37
INV_102987,WH_05,PROD_0214,19/08/2024,2245,110,907,1448.0,1032.43
INV_102988,WH_11,PROD_0296,02/10/2024,1026,899,1086,839.0,1057.33
INV_102989,WH_02,PROD_0119,03/05/2024,4979,727,907,4799.0,5942.2
INV_102990,WH_02,PROD_0266,10/04/2024,1605,956,406,2155.0,2659.06
INV_102991,WH_05,PROD_0069,26/11/2024,4917,1371,788,5500.0,6677.63
INV_102992,WH_03,PROD_0183,09/03/2024,3511,1468,616,4363.0,3290.31
INV_102993,WH_14,PROD_0199,04/05/2024,3627,256,892,2991.0,2997.28
INV_102994,WH_02,PROD_0248,18/12/2024,2006,581,1266,1321.0,1016.3
INV_102995,WH_02,PROD_0121,16/03/2024,1060,1188,644,1604.0,1995.84
INV_102996,WH_04,PROD_0129,26/05/2024,4045,1048,1424,3669.0,4993.47
INV_102997,WH_14,PROD_0075,21/07/2024,3946,1208,525,4629.0,3986.61
INV_102998,WH_08,PROD_0058,15/12/2024,3476,425,1105,2796.0,3181.46
INV_102999,WH_02,PROD_0115,29/04/2024,2157,455,162,2450.0,1498.6
INV_103000,WH_12,PROD_0119,15/07/2024,2511,531,1026,2016.0,1187.55
INV_103001,WH_02,PROD_0221,03/11/2024,1134,544,733,945.0,1387.31
INV_103002,WH_15,PROD_0274,29/09/2024,1459,1082,545,1996.0,1473.46
INV_103003,WH_09,PROD_0189,19/03/2024,3327,757,209,3875.0,4049.38
INV_103004,WH_03,PROD_0170,13/04/2024,4496,898,1476,3918.0,5154.08
INV_103005,WH_12,PROD_0218,01/01/2024,783,1062,1055,790.0,472.33
INV_103006,WH_02,PROD_0041,16/11/2024,1876,951,1198,1629.0,1262.27
INV_103007,WH_08,PROD_0126,30/03/2024,614,961,188,1387.0,1981.03
INV_103008,WH_04,PROD_0214,31/12/2024,2095,940,1066,,0.0
INV_103009,WH_11,PROD_0189,17/02/2024,655,787,334,1108.0,1360.16
INV_103010,WH_15,PROD_0235,15/03/2024,2127,634,1362,1399.0,1441.2
INV_103011,WH_05,PROD_0198,23/11/2024,1889,820,781,1928.0,2061.26
INV_103012,WH_11,PROD_0122,08/04/2024,864,933,291,1506.0,1841.97
INV_103013,WH_08,PROD_0093,19/06/2024,3721,332,494,3559.0,2496.45
INV_103014,WH_14,PROD_0032,18/03/2024,4575,1410,335,5650.0,8472.66
INV_103015,WH_14,PROD_0143,06/10/2024,1637,1434,542,2529.0,1930.38
INV_103016,WH_01,PROD_0108,01/01/2024,4077,138,226,3989.0,5126.98
INV_103017,WH_09,PROD_0214,13/05/2024,578,1195,892,881.0,958.21
INV_103018,WH_03,PROD_0270,15/12/2024,1886,1118,1362,1642.0,1819.26
INV_103019,WH_07,PROD_0027,05/11/2024,1336,1124,859,1601.0,2312.89
INV_103020,WH_05,PROD_0134,01/04/2024,1361,1497,1212,1646.0,865.74
INV_103021,WH_03,PROD_0054,23/10/2024,1627,1405,840,2192.0,1539.58
INV_103022,WH_02,PROD_0133,22/08/2024,3546,873,1089,3330.0,2253.27
INV_103023,WH_01,PROD_0143,11/05/2024,3986,1120,1219,3887.0,2599.96
INV_103024,WH_09,PROD_0287,08/05/2024,626,1371,997,1000.0,1012.21
INV_103025,WH_02,PROD_0237,22/12/2024,1273,1297,144,2426.0,1476.47
INV_103026,WH_06,PROD_0055,07/08/2024,4729,186,490,4425.0,3369.45
INV_103027,WH_13,PROD_0113,25/04/2024,3474,624,908,3190.0,3551.78
INV_103028,WH_08,PROD_0106,18/12/2024,1088,913,155,1846.0,1124.39
INV_103029,WH_12,PROD_0230,15/04/2024,1946,860,1444,1362.0,1896.31
INV_103030,WH_13,PROD_0042,04/04/2024,2110,1064,1109,2065.0,1670.6
INV_103031,WH_06,PROD_0157,29/06/2024,1571,165,1154,582.0,649.97
INV_103032,WH_01,PROD_0252,10/07/2024,602,702,272,1032.0,801.86
INV_103033,WH_01,PROD_0297,15/09/2024,2532,1201,1425,2308.0,2668.76
INV_103034,WH_10,PROD_0277,10/01/2024,4560,1222,545,5237.0,2729.27
INV_103035,WH_14,PROD_0029,02/05/2024,2353,1002,558,2797.0,2083.03
INV_103036,WH_03,PROD_0251,16/10/2024,2411,1073,353,3131.0,1688.7
INV_103037,WH_06,PROD_0109,18/11/2024,2205,574,442,2337.0,3016.77
INV_103038,WH_02,PROD_0018,12/01/2024,871,708,1341,238.0,245.6
INV_103039,WH_06,PROD_0261,18/12/2024,1426,691,1460,657.0,431.51
INV_103040,WH_07,PROD_0011,16/07/2024,2157,149,1474,832.0,664.55
INV_103041,WH_10,PROD_0143,07/09/2024,1729,1012,1080,1661.0,1133.15
INV_103042,WH_01,PROD_0086,16/11/2024,2872,308,469,2711.0,1738.56
INV_103043,WH_14,PROD_0069,05/10/2024,3321,1459,1453,3327.0,2916.8
INV_103044,WH_08,PROD_0204,19/08/2024,3243,1354,154,4443.0,5969.38
INV_103045,WH_09,PROD_0032,13/10/2024,1441,1428,936,1933.0,1524.02
INV_103046,WH_03,PROD_0262,22/07/2024,4776,1347,325,5798.0,8694.76
INV_103047,WH_15,PROD_0033,25/05/2024,3515,810,264,4061.0,4782.33
INV_103048,WH_09,PROD_0080,13/11/2024,1024,502,590,936.0,550.15
INV_103049,WH_08,PROD_0100,29/01/2024,1134,1383,1061,1456.0,1829.19
INV_103050,WH_14,PROD_0056,20/11/2024,3296,1450,866,3880.0,5338.71
INV_103051,WH_02,PROD_0139,05/08/2024,2515,1292,1250,2557.0,1968.65
INV_103052,WH_05,PROD_0072,08/05/2024,1237,494,1347,384.0,326.78
INV_103053,WH_14,PROD_0226,13/12/2024,4894,1489,1169,5214.0,2898.16
INV_103054,WH_14,PROD_0116,31/03/2024,4533,549,629,4453.0,4411.28
INV_103055,WH_04,PROD_0027,05/12/2024,1776,366,358,,0.0
INV_103056,WH_03,PROD_0168,24/05/2024,4287,880,1444,3723.0,5499.33
INV_103057,WH_14,PROD_0085,10/03/2024,3030,1298,315,4013.0,4152.08
INV_103058,WH_06,PROD_0282,21/07/2024,2236,865,318,2783.0,1740.65
INV_103059,WH_10,PROD_0223,27/02/2024,4255,765,1041,3979.0,3649.51
INV_103060,WH_06,PROD_0218,24/05/2024,3633,482,996,3119.0,4395.42
INV_103061,WH_08,PROD_0081,03/07/2024,2778,894,1245,2427.0,1425.42
INV_103062,WH_11,PROD_0221,29/09/2024,2670,532,614,2588.0,1963.76
INV_103063,WH_11,PROD_0001,01/06/2024,3871,1240,910,,0.0
INV_103064,WH_02,PROD_0123,22/11/2024,2615,1368,1255,2728.0,1977.28
INV_103065,WH_13,PROD_0016,13/05/2024,4287,155,1153,3289.0,4258.81
INV_103066,WH_07,PROD_0247,27/04/2024,762,658,844,576.0,830.89
INV_103067,WH_12,PROD_0095,08/01/2024,2104,449,1478,1075.0,762.14
INV_103068,WH_03,PROD_0017,05/02/2024,3647,1015,330,4332.0,5374.13
INV_103069,WH_03,PROD_0258,24/12/2024,4000,1422,775,4647.0,3784.79
INV_103070,WH_09,PROD_0037,03/12/2024,4513,1114,1013,4614.0,3323.58
INV_103071,WH_08,PROD_0063,28/07/2024,2822,344,944,2222.0,2817.1
INV_103072,WH_03,PROD_0274,07/12/2024,4420,247,1358,3309.0,4385.04
INV_103073,WH_08,PROD_0277,05/07/2024,2549,700,510,2739.0,3207.42
INV_103074,WH_08,PROD_0142,06/10/2024,3593,1154,575,4172.0,2755.57
INV_103075,WH_01,PROD_0037,31/05/2024,3595,1234,347,4482.0,5025.03
INV_103076,WH_11,PROD_0002,14/08/2024,1578,110,401,1287.0,1323.32
INV_103077,WH_13,PROD_0273,09/07/2024,3193,934,830,3297.0,1903.42
INV_103078,WH_11,PROD_0079,03/07/2024,3605,1489,500,4594.0,3800.57
INV_103079,WH_02,PROD_0250,04/01/2024,2099,1292,1491,1900.0,2625.16
INV_103080,WH_13,PROD_0009,11/02/2024,3280,469,1182,2567.0,3679.7
INV_103081,WH_03,PROD_0145,22/11/2024,2711,886,1231,2366.0,2726.46
INV_103082,WH_04,PROD_0035,25/12/2024,2185,1457,405,,0.0
INV_103083,WH_01,PROD_0070,04/12/2024,4318,543,1205,3656.0,2294.94
INV_103084,WH_03,PROD_0077,05/11/2024,1665,1117,1143,1639.0,1082.55
INV_103085,WH_12,PROD_0049,07/11/2024,797,184,609,372.0,216.31
INV_103086,WH_05,PROD_0065,03/02/2024,1788,971,1431,1328.0,1067.96
INV_103087,WH_11,PROD_0132,02/09/2024,4560,977,312,5225.0,3386.59
INV_103088,WH_11,PROD_0132,29/03/2024,3282,606,1373,2515.0,2202.26
INV_103089,WH_13,PROD_0246,16/12/2024,2838,214,178,2874.0,3828.97
INV_103090,WH_01,PROD_0241,06/07/2024,1168,1012,715,1465.0,995.28
INV_103091,WH_04,PROD_0272,08/12/2024,3174,868,609,3433.0,1753.86
INV_103092,WH_14,PROD_0047,22/04/2024,2082,239,138,2183.0,2612.32
INV_103093,WH_11,PROD_0213,19/07/2024,952,1262,1344,870.0,577.53
INV_103094,WH_13,PROD_0247,24/12/2024,537,950,575,912.0,461.29
INV_103095,WH_03,PROD_0254,07/12/2024,2454,922,579,2797.0,3837.92
INV_103096,WH_07,PROD_0141,31/10/2024,4402,944,666,4680.0,6993.11
INV_103097,WH_04,PROD_0067,04/11/2024,977,1417,1002,1392.0,1696.96
INV_103098,WH_12,PROD_0118,22/06/2024,4446,792,591,4647.0,4575.38
INV_103099,WH_14,PROD_0002,01/10/2024,3615,344,196,3763.0,4914.18
INV_103100,WH_05,PROD_0107,28/06/2024,2627,196,876,1947.0,1145.11
INV_103101,WH_06,PROD_0282,07/07/2024,3911,1234,599,4546.0,2728.18
INV_103102,WH_02,PROD_0172,22/11/2024,681,949,822,,0.0
INV_103103,WH_07,PROD_0031,02/11/2024,1856,1387,1231,2012.0,1697.43
INV_103104,WH_09,PROD_0110,01/12/2024,3577,453,820,3210.0,2531.89
INV_103105,WH_07,PROD_0111,03/09/2024,3488,917,956,3449.0,2322.03
INV_103106,WH_11,PROD_0257,18/01/2024,2397,1207,197,3407.0,3898.24
INV_103107,WH_11,PROD_0014,04/09/2024,2070,1015,947,2138.0,2162.56
INV_103108,WH_09,PROD_0108,23/05/2024,2996,599,620,2975.0,3710.11
INV_103109,WH_02,PROD_0087,20/06/2024,4805,543,101,5247.0,6758.38
INV_103110,WH_02,PROD_0112,06/09/2024,2845,828,702,2971.0,3772.91
INV_103111,WH_14,PROD_0278,08/03/2024,2781,480,223,3038.0,3074.89
INV_103112,WH_13,PROD_0157,01/05/2024,815,1150,1229,736.0,1001.81
INV_103113,WH_11,PROD_0047,26/12/2024,4910,597,459,5048.0,3487.61
INV_103114,WH_15,PROD_0036,12/01/2024,1155,601,1434,322.0,365.05
INV_103115,WH_08,PROD_0287,12/11/2024,4328,842,482,4688.0,5869.0
INV_103116,WH_08,PROD_0259,14/12/2024,1710,1183,1206,1687.0,1049.64
INV_103117,WH_09,PROD_0180,06/11/2024,3272,1177,1309,3140.0,2358.71
INV_103118,WH_12,PROD_0019,19/09/2024,1262,1092,1380,974.0,639.94
INV_103119,WH_03,PROD_0290,24/03/2024,2227,1387,755,2859.0,3397.77
INV_103120,WH_09,PROD_0148,27/07/2024,2376,348,117,2607.0,2442.75
INV_103121,WH_12,PROD_0046,02/10/2024,3295,878,308,3865.0,5796.25
INV_103122,WH_09,PROD_0067,01/12/2024,2271,444,1114,1601.0,1555.14
INV_103123,WH_11,PROD_0225,27/04/2024,4360,660,271,4749.0,6297.24
INV_103124,WH_06,PROD_0220,25/02/2024,4587,1112,115,5584.0,4494.67
INV_103125,WH_09,PROD_0150,06/07/2024,798,681,1482,-3.0,-3.49
INV_103126,WH_05,PROD_0142,15/04/2024,1430,243,422,1251.0,1830.73
INV_103127,WH_12,PROD_0045,22/11/2024,2684,152,221,2615.0,3891.42
INV_103128,WH_02,PROD_0011,08/11/2024,4578,670,1193,4055.0,3594.88
INV_103129,WH_14,PROD_0182,02/08/2024,4517,912,216,5213.0,4463.82
INV_103130,WH_12,PROD_0178,29/08/2024,1418,892,602,1708.0,1279.53
INV_103131,WH_01,PROD_0283,22/02/2024,3866,1193,707,4352.0,3357.25
INV_103132,WH_03,PROD_0112,16/08/2024,3431,176,1136,2471.0,2997.78
INV_103133,WH_13,PROD_0194,14/04/2024,2460,1131,843,2748.0,3282.47
INV_103134,WH_15,PROD_0176,04/10/2024,2119,429,805,1743.0,2229.01
INV_103135,WH_04,PROD_0017,30/10/2024,2247,1486,341,3392.0,1709.55
INV_103136,WH_09,PROD_0006,27/01/2024,1104,559,718,945.0,1114.83
INV_103137,WH_05,PROD_0076,07/08/2024,3890,1377,287,4980.0,2771.28
INV_103138,WH_02,PROD_0174,14/02/2024,4067,1105,910,4262.0,4523.83
INV_103139,WH_11,PROD_0025,19/05/2024,1027,1299,597,1729.0,1264.44
INV_103140,WH_10,PROD_0046,19/04/2024,2548,1039,664,2923.0,1733.34
INV_103141,WH_09,PROD_0278,27/07/2024,2085,1141,289,2937.0,4293.42
INV_103142,WH_03,PROD_0156,09/10/2024,2800,1300,1197,,0.0
INV_103143,WH_05,PROD_0294,29/10/2024,3254,635,825,3064.0,3242.49
INV_103144,WH_09,PROD_0031,05/12/2024,2689,1042,592,3139.0,3984.86
INV_103145,WH_09,PROD_0214,14/11/2024,3422,723,634,3511.0,3849.03
INV_103146,WH_11,PROD_0163,12/07/2024,4460,998,815,4643.0,5825.94
INV_103147,WH_15,PROD_0138,18/10/2024,4388,1340,618,5110.0,7339.99
INV_103148,WH_11,PROD_0149,08/05/2024,581,1367,858,1090.0,878.05
INV_103149,WH_11,PROD_0179,05/02/2024,1009,836,984,861.0,960.68
INV_103150,WH_13,PROD_0071,26/04/2024,1416,1106,292,2230.0,3285.89
INV_103151,WH_08,PROD_0273,04/03/2024,1512,496,1471,,0.0
INV_103152,WH_09,PROD_0249,25/01/2024,3489,385,1098,2776.0,1856.98
INV_103153,WH_05,PROD_0030,07/03/2024,3605,1417,1186,3836.0,3777.95
INV_103154,WH_10,PROD_0032,25/12/2024,1569,564,648,1485.0,953.2
INV_103155,WH_10,PROD_0286,30/10/2024,1773,316,1249,840.0,551.66
INV_103156,WH_09,PROD_0217,16/06/2024,2955,156,1435,1676.0,1966.08
INV_103157,WH_05,PROD_0161,30/09/2024,3697,1414,582,4529.0,5276.66
INV_103158,WH_12,PROD_0219,30/08/2024,3072,653,1373,2352.0,1438.6
INV_103159,WH_07,PROD_0142,30/08/2024,3796,138,1186,2748.0,3613.27
INV_103160,WH_03,PROD_0042,22/04/2024,1717,717,1452,982.0,1241.85
INV_103161,WH_10,PROD_0025,24/03/2024,3105,780,157,3728.0,2568.87
INV_103162,WH_01,PROD_0133,19/12/2024,503,1024,824,703.0,775.64
INV_103163,WH_01,PROD_0129,01/01/2024,3880,1220,693,4407.0,4545.2
INV_103164,WH_07,PROD_0177,17/10/2024,4295,832,580,4547.0,4799.34
INV_103165,WH_13,PROD_0153,16/10/2024,3802,722,597,3927.0,2164.23
INV_103166,WH_04,PROD_0173,02/06/2024,1060,1031,1285,806.0,777.72
INV_103167,WH_04,PROD_0071,05/12/2024,2926,222,1170,1978.0,1993.79
INV_103168,WH_07,PROD_0222,22/05/2024,2478,1188,480,3186.0,2877.65
INV_103169,WH_11,PROD_0289,06/06/2024,1145,476,1368,253.0,333.77
INV_103170,WH_09,PROD_0135,04/12/2024,3167,211,1072,2306.0,3034.65
INV_103171,WH_10,PROD_0042,03/09/2024,520,375,1371,-476.0,-670.94
INV_103172,WH_01,PROD_0003,22/03/2024,1161,361,298,1224.0,1716.79
INV_103173,WH_11,PROD_0266,30/07/2024,2239,192,886,1545.0,1846.41
INV_103174,WH_08,PROD_0177,01/10/2024,2420,1139,320,3239.0,2620.74
INV_103175,WH_13,PROD_0140,27/02/2024,708,1383,1166,925.0,716.76
INV_103176,WH_10,PROD_0260,18/08/2024,1349,569,972,946.0,1031.9
INV_103177,WH_14,PROD_0098,10/09/2024,2610,841,726,2725.0,3389.46
INV_103178,WH_05,PROD_0253,16/11/2024,4831,281,929,4183.0,5638.36
INV_103179,WH_12,PROD_0169,12/02/2024,1833,1117,882,2068.0,1648.03
INV_103180,WH_15,PROD_0150,30/05/2024,3617,298,415,3500.0,4578.61
INV_103181,WH_07,PROD_0281,20/03/2024,3408,1131,114,4425.0,2698.78
INV_103182,WH_03,PROD_0198,06/06/2024,1401,488,783,1106.0,717.38
INV_103183,WH_12,PROD_0149,12/04/2024,3381,1355,311,4425.0,3078.6
INV_103184,WH_01,PROD_0276,26/12/2024,4392,632,1201,3823.0,4615.14
INV_103185,WH_07,PROD_0038,09/12/2024,4594,1002,112,5484.0,5488.79
INV_103186,WH_02,PROD_0252,20/10/2024,2342,703,794,2251.0,2625.96
INV_103187,WH_08,PROD_0069,16/10/2024,1952,1265,941,2276.0,1282.31
INV_103188,WH_08,PROD_0197,13/07/2024,4789,703,630,4862.0,6107.89
INV_103189,WH_07,PROD_0149,11/01/2024,4281,1055,397,4939.0,5597.15
INV_103190,WH_10,PROD_0073,04/08/2024,2241,400,431,2210.0,2894.63
INV_103191,WH_13,PROD_0046,25/02/2024,1367,546,395,1518.0,2212.54
INV_103192,WH_03,PROD_0200,21/06/2024,4671,549,391,4829.0,4262.3
INV_103193,WH_09,PROD_0234,07/08/2024,1841,1180,727,,0.0
INV_103194,WH_06,PROD_0182,19/10/2024,4494,711,1341,3864.0,4815.06
INV_103195,WH_10,PROD_0269,21/06/2024,1000,199,992,207.0,219.49
INV_103196,WH_02,PROD_0052,28/09/2024,4087,346,536,3897.0,3087.37
INV_103197,WH_15,PROD_0164,19/01/2024,1905,503,564,1844.0,1865.43
INV_103198,WH_04,PROD_0017,23/02/2024,3533,611,614,3530.0,3155.76
INV_103199,WH_14,PROD_0116,20/11/2024,1897,777,193,2481.0,2658.84
INV_103200,WH_15,PROD_0049,25/06/2024,1097,1171,485,1783.0,2189.7
INV_103201,WH_12,PROD_0247,08/12/2024,1697,525,1182,1040.0,1332.85
INV_103202,WH_03,PROD_0137,18/12/2024,2255,517,989,1783.0,2466.25
INV_103203,WH_13,PROD_0196,06/07/2024,3044,1018,409,3653.0,4585.23
INV_103204,WH_01,PROD_0190,06/05/2024,1426,1431,1160,1697.0,1477.55
INV_103205,WH_07,PROD_0091,26/12/2024,3496,448,841,3103.0,4156.5
INV_103206,WH_02,PROD_0133,19/02/2024,735,1300,533,1502.0,2037.87
INV_103207,WH_08,PROD_0084,06/07/2024,3100,1185,1399,2886.0,2214.48
INV_103208,WH_12,PROD_0265,17/11/2024,843,1056,647,1252.0,1626.97
INV_103209,WH_03,PROD_0100,02/03/2024,1526,906,749,1683.0,1822.11
INV_103210,WH_12,PROD_0028,21/11/2024,1752,100,236,1616.0,1935.24
INV_103211,WH_07,PROD_0279,25/05/2024,1173,378,286,1265.0,1573.38
INV_103212,WH_05,PROD_0298,09/07/2024,1795,1425,1460,1760.0,1088.66
INV_103213,WH_13,PROD_0091,20/03/2024,2035,1314,643,2706.0,2454.09
INV_103214,WH_14,PROD_0212,11/05/2024,1410,1286,1128,1568.0,799.52
INV_103215,WH_06,PROD_0023,02/12/2024,1617,1153,446,2324.0,3427.99
INV_103216,WH_03,PROD_0246,28/02/2024,2443,667,1158,1952.0,1964.93
INV_103217,WH_08,PROD_0075,16/08/2024,3823,1387,1112,4098.0,2668.97
INV_103218,WH_14,PROD_0039,30/03/2024,4480,733,1436,3777.0,4423.07
INV_103219,WH_07,PROD_0010,13/12/2024,1060,989,229,,0.0
INV_103220,WH_09,PROD_0143,03/01/2024,3312,1197,1307,3202.0,3984.64
INV_103221,WH_03,PROD_0087,08/02/2024,3642,1273,1440,3475.0,3592.34
INV_103222,WH_01,PROD_0166,02/11/2024,1140,560,620,1080.0,1069.26
INV_103223,WH_11,PROD_0211,04/04/2024,4847,1181,259,5769.0,8639.75
INV_103224,WH_14,PROD_0223,04/02/2024,2915,838,365,3388.0,1752.39
INV_103225,WH_03,PROD_0267,30/01/2024,3191,160,1478,1873.0,2581.79
INV_103226,WH_10,PROD_0100,30/05/2024,516,1249,1173,592.0,714.59
INV_103227,WH_12,PROD_0296,12/11/2024,2907,1078,481,3504.0,2281.1
INV_103228,WH_05,PROD_0121,23/09/2024,2143,779,507,2415.0,3240.13
INV_103229,WH_14,PROD_0093,15/06/2024,1214,179,595,798.0,725.96
INV_103230,WH_05,PROD_0111,02/09/2024,2921,1159,519,3561.0,5102.32
INV_103231,WH_02,PROD_0065,21/10/2024,4010,691,175,4526.0,3409.09
INV_103232,WH_02,PROD_0240,04/09/2024,3363,334,100,3597.0,4666.33
INV_103233,WH_12,PROD_0181,26/02/2024,3198,1105,782,3521.0,2922.91
INV_103234,WH_03,PROD_0080,26/03/2024,3547,1387,973,3961.0,5899.51
INV_103235,WH_04,PROD_0220,11/09/2024,4928,307,116,5119.0,3521.42
INV_103236,WH_03,PROD_0089,03/06/2024,2370,486,1327,1529.0,1349.07
INV_103237,WH_02,PROD_0054,01/01/2024,1784,1072,343,2513.0,1398.92
INV_103238,WH_08,PROD_0013,03/09/2024,4360,301,1113,3548.0,3953.6
INV_103239,WH_01,PROD_0068,26/09/2024,2381,978,1247,2112.0,2590.43
INV_103240,WH_11,PROD_0207,28/08/2024,4482,1050,1090,4442.0,3832.62
INV_103241,WH_08,PROD_0165,23/12/2024,905,779,975,709.0,519.61
INV_103242,WH_01,PROD_0100,16/07/2024,3535,366,1102,2799.0,1997.28
INV_103243,WH_09,PROD_0134,12/06/2024,3296,501,473,3324.0,3184.15
INV_103244,WH_15,PROD_0029,27/11/2024,1278,887,488,1677.0,2242.84
INV_103245,WH_14,PROD_0257,11/04/2024,2489,1276,812,2953.0,4326.76
INV_103246,WH_07,PROD_0229,20/10/2024,3044,1268,411,3901.0,5612.72
INV_103247,WH_08,PROD_0077,30/10/2024,4852,429,305,4976.0,3505.1
INV_103248,WH_03,PROD_0230,27/07/2024,2562,343,712,2193.0,1193.88
INV_103249,WH_12,PROD_0011,20/07/2024,503,1498,722,1279.0,1582.6
INV_103250,WH_09,PROD_0033,31/08/2024,2428,1141,234,3335.0,4667.27
INV_103251,WH_06,PROD_0040,13/09/2024,2188,1495,291,3392.0,3866.36
INV_103252,WH_11,PROD_0195,08/09/2024,1217,972,1208,981.0,576.41
INV_103253,WH_07,PROD_0086,15/11/2024,2373,356,826,1903.0,1228.45
INV_103254,WH_08,PROD_0033,29/11/2024,4806,1301,373,5734.0,7979.64
INV_103255,WH_14,PROD_0149,01/11/2024,3722,103,548,3277.0,2172.46
INV_103256,WH_14,PROD_0296,03/03/2024,3090,1234,542,3782.0,3861.37
INV_103257,WH_10,PROD_0288,16/01/2024,4471,577,373,,0.0
INV_103258,WH_09,PROD_0158,17/12/2024,4292,265,612,3945.0,3605.73
INV_103259,WH_03,PROD_0139,27/12/2024,678,973,279,1372.0,727.5
INV_103260,WH_10,PROD_0131,28/08/2024,3826,1129,1056,3899.0,3151.61
INV_103261,WH_06,PROD_0132,16/12/2024,2188,1463,111,3540.0,4123.78
INV_103262,WH_11,PROD_0244,22/10/2024,2295,1261,869,,0.0
INV_103263,WH_14,PROD_0085,21/08/2024,3463,828,473,3818.0,3848.93
INV_103264,WH_01,PROD_0022,02/09/2024,3502,350,416,3436.0,4908.7
INV_103265,WH_09,PROD_0132,11/02/2024,871,1320,1396,795.0,790.36
INV_103266,WH_06,PROD_0110,14/12/2024,3641,400,1130,2911.0,4085.16
INV_103267,WH_01,PROD_0149,26/07/2024,1663,719,494,1888.0,2124.25
INV_103268,WH_10,PROD_0201,28/12/2024,4412,807,1390,3829.0,3989.81
INV_103269,WH_01,PROD_0143,29/04/2024,1400,1015,950,1465.0,1627.9
INV_103270,WH_13,PROD_0219,11/09/2024,1303,532,374,1461.0,1880.56
INV_103271,WH_08,PROD_0297,19/10/2024,3167,1138,266,4039.0,3177.67
INV_103272,WH_15,PROD_0267,20/08/2024,3096,629,804,2921.0,3519.49
INV_103273,WH_02,PROD_0160,08/02/2024,1741,776,557,1960.0,2323.06
INV_103274,WH_09,PROD_0230,16/05/2024,1019,383,673,729.0,784.68
INV_103275,WH_04,PROD_0245,27/09/2024,4803,896,1001,4698.0,2679.71
INV_103276,WH_02,PROD_0264,20/05/2024,2851,234,306,2779.0,1536.87
INV_103277,WH_08,PROD_0286,03/08/2024,2200,765,165,2800.0,3452.57
INV_103278,WH_10,PROD_0179,23/04/2024,4086,1163,989,4260.0,4808.14
INV_103279,WH_11,PROD_0161,02/11/2024,3134,789,1099,,0.0
INV_103280,WH_10,PROD_0097,01/08/2024,2416,501,1337,1580.0,1509.88
INV_103281,WH_04,PROD_0222,08/10/2024,700,1013,1206,507.0,634.76
INV_103282,WH_12,PROD_0283,29/11/2024,3006,152,492,2666.0,3980.09
INV_103283,WH_10,PROD_0053,28/07/2024,2285,712,930,2067.0,1320.3
INV_103284,WH_11,PROD_0046,22/03/2024,2355,1484,168,3671.0,4208.71
INV_103285,WH_06,PROD_0068,15/08/2024,3822,1096,230,4688.0,6997.51
INV_103286,WH_02,PROD_0142,10/02/2024,1570,1465,954,2081.0,1203.96
INV_103287,WH_09,PROD_0108,26/05/2024,1670,602,987,1285.0,1060.11
INV_103288,WH_12,PROD_0216,20/03/2024,1742,1091,205,2628.0,3276.87
INV_103289,WH_06,PROD_0121,20/04/2024,2510,603,921,2192.0,3207.12
INV_103290,WH_07,PROD_0189,11/12/2024,620,1478,422,1676.0,991.2
INV_103291,WH_04,PROD_0198,23/03/2024,4031,477,346,4162.0,2537.07
INV_103292,WH_06,PROD_0203,26/04/2024,3899,1262,815,4346.0,4644.37
INV_103293,WH_05,PROD_0262,19/03/2024,626,552,1408,-230.0,-209.28
INV_103294,WH_13,PROD_0014,22/06/2024,3232,461,661,3032.0,4521.94
INV_103295,WH_11,PROD_0246,18/10/2024,2256,835,1103,1988.0,1639.3
INV_103296,WH_02,PROD_0165,26/03/2024,4282,156,1051,3387.0,4019.92
INV_103297,WH_11,PROD_0124,28/09/2024,888,1500,1274,1114.0,570.54
INV_103298,WH_12,PROD_0213,20/11/2024,4460,498,851,4107.0,3992.9
INV_103299,WH_13,PROD_0058,22/09/2024,3451,1059,930,3580.0,3800.79
INV_103300,WH_11,PROD_0209,18/06/2024,3835,1472,1108,4199.0,2403.33
INV_103301,WH_10,PROD_0127,27/06/2024,527,1434,829,1132.0,632.51
INV_103302,WH_13,PROD_0054,24/02/2024,2299,1358,1052,2605.0,3688.48
INV_103303,WH_07,PROD_0265,29/05/2024,2797,1016,1047,2766.0,2329.57
INV_103304,WH_08,PROD_0070,29/12/2024,2622,1472,1411,2683.0,1842.6
INV_103305,WH_11,PROD_0105,03/10/2024,2606,652,738,2520.0,2450.29
INV_103306,WH_02,PROD_0200,31/03/2024,3001,1105,791,3315.0,2835.69
INV_103307,WH_03,PROD_0298,14/11/2024,4288,1406,311,5383.0,3808.71
INV_103308,WH_11,PROD_0051,08/06/2024,4894,1365,1254,5005.0,5442.91
INV_103309,WH_02,PROD_0203,03/01/2024,1949,1338,389,2898.0,3544.69
INV_103310,WH_05,PROD_0055,19/06/2024,1520,1026,961,1585.0,896.72
INV_103311,WH_13,PROD_0200,21/12/2024,834,161,139,856.0,562.66
INV_103312,WH_13,PROD_0158,06/06/2024,4704,801,809,,0.0
INV_103313,WH_14,PROD_0081,08/03/2024,572,330,980,-78.0,-46.18
INV_103314,WH_08,PROD_0263,26/07/2024,3996,987,798,4185.0,4938.9
INV_103315,WH_13,PROD_0181,10/11/2024,3807,800,1209,3398.0,4828.35
INV_103316,WH_08,PROD_0011,08/07/2024,3757,1250,683,4324.0,3824.39
INV_103317,WH_08,PROD_0187,16/10/2024,1794,755,710,1839.0,2189.07
INV_103318,WH_14,PROD_0164,26/08/2024,4610,578,760,4428.0,4572.66
INV_103319,WH_03,PROD_0171,19/10/2024,583,926,960,549.0,788.65
INV_103320,WH_02,PROD_0132,15/04/2024,3207,1159,398,3968.0,2155.87
INV_103321,WH_02,PROD_0250,20/05/2024,4080,890,1261,3709.0,4851.62
INV_103322,WH_12,PROD_0087,30/06/2024,1668,1048,1272,1444.0,1981.3
INV_103323,WH_14,PROD_0091,27/10/2024,3882,473,1050,3305.0,1956.82
INV_103324,WH_15,PROD_0156,12/06/2024,3198,1204,240,4162.0,5471.82
INV_103325,WH_14,PROD_0231,29/06/2024,2520,1089,625,2984.0,1705.67
INV_103326,WH_15,PROD_0007,27/02/2024,1384,166,294,1256.0,697.1
INV_103327,WH_04,PROD_0038,29/02/2024,4372,332,954,3750.0,2614.55
INV_103328,WH_02,PROD_0038,27/04/2024,3911,1037,1039,3909.0,2833.87
INV_103329,WH_08,PROD_0005,27/04/2024,1587,218,630,1175.0,1259.85
INV_103330,WH_07,PROD_0073,10/01/2024,3577,607,578,3606.0,3140.55
INV_103331,WH_12,PROD_0296,22/07/2024,3502,877,413,3966.0,3304.0
INV_103332,WH_03,PROD_0263,31/01/2024,3270,584,1434,2420.0,2227.84
INV_103333,WH_02,PROD_0198,13/10/2024,1249,821,1269,801.0,738.85
INV_103334,WH_06,PROD_0030,23/03/2024,1435,360,1194,601.0,640.08
INV_103335,WH_09,PROD_0270,12/03/2024,808,947,410,1345.0,1717.96
INV_103336,WH_15,PROD_0055,05/06/2024,773,648,408,1013.0,1120.71
INV_103337,WH_10,PROD_0233,09/06/2024,2673,937,525,3085.0,2252.45
INV_103338,WH_06,PROD_0065,09/07/2024,2489,1036,679,2846.0,1953.8
INV_103339,WH_05,PROD_0251,16/12/2024,3293,982,126,4149.0,4808.54
INV_103340,WH_15,PROD_0202,16/04/2024,4482,1430,277,5635.0,7278.87
INV_103341,WH_11,PROD_0034,07/07/2024,4048,875,306,4617.0,2613.98
INV_103342,WH_15,PROD_0046,02/04/2024,2913,1079,396,3596.0,3848.26
INV_103343,WH_13,PROD_0108,11/01/2024,3123,1157,842,3438.0,1796.82
INV_103344,WH_08,PROD_0202,15/01/2024,2218,923,487,2654.0,3651.6
INV_103345,WH_06,PROD_0040,28/07/2024,3270,1149,1322,3097.0,1644.68
INV_103346,WH_13,PROD_0143,08/11/2024,1061,268,1049,280.0,348.1
INV_103347,WH_09,PROD_0232,18/02/2024,4789,458,494,4753.0,4041.34
INV_103348,WH_08,PROD_0176,01/10/2024,3347,825,625,3547.0,2845.69
INV_103349,WH_08,PROD_0270,08/10/2024,4102,200,253,4049.0,2447.87
INV_103350,WH_01,PROD_0157,12/04/2024,763,1285,153,1895.0,1418.7
INV_103351,WH_14,PROD_0230,04/10/2024,994,882,248,1628.0,1539.66
INV_103352,WH_08,PROD_0247,13/11/2024,1918,1419,299,3038.0,4093.06
INV_103353,WH_07,PROD_0046,26/02/2024,2441,554,907,2088.0,2461.03
INV_103354,WH_08,PROD_0221,11/07/2024,3924,337,934,3327.0,3244.66
INV_103355,WH_13,PROD_0266,23/08/2024,1362,831,1064,1129.0,699.85
INV_103356,WH_14,PROD_0263,29/04/2024,1662,193,348,1507.0,1485.1
INV_103357,WH_10,PROD_0193,13/02/2024,4989,1103,769,5323.0,7388.07
INV_103358,WH_10,PROD_0126,01/06/2024,891,423,445,869.0,1047.24
INV_103359,WH_06,PROD_0059,05/10/2024,4367,719,1166,3920.0,3958.78
INV_103360,WH_15,PROD_0083,09/02/2024,1218,484,885,817.0,583.21
INV_103361,WH_02,PROD_0252,02/09/2024,3724,1351,515,4560.0,5864.05
INV_103362,WH_04,PROD_0195,18/10/2024,3079,801,810,3070.0,2174.67
INV_103363,WH_05,PROD_0129,26/01/2024,2600,1084,1270,2414.0,2903.48
INV_103364,WH_01,PROD_0087,16/07/2024,2181,599,955,1825.0,1098.47
INV_103365,WH_14,PROD_0115,13/06/2024,2155,1122,909,2368.0,1615.82
INV_103366,WH_12,PROD_0089,29/10/2024,2259,266,1331,,0.0
INV_103367,WH_04,PROD_0264,17/10/2024,1459,166,610,1015.0,816.64
INV_103368,WH_02,PROD_0003,10/02/2024,685,587,1073,199.0,208.27
INV_103369,WH_07,PROD_0007,10/12/2024,1444,1340,969,1815.0,2430.08
INV_103370,WH_15,PROD_0284,06/07/2024,1198,1288,793,1693.0,1029.57
INV_103371,WH_08,PROD_0154,19/10/2024,4082,1022,895,4209.0,4780.51
INV_103372,WH_09,PROD_0176,15/11/2024,1407,540,654,1293.0,1337.94
INV_103373,WH_04,PROD_0235,16/08/2024,1626,1038,1396,1268.0,1167.83
INV_103374,WH_13,PROD_0206,29/03/2024,2292,437,931,1798.0,1117.49
INV_103375,WH_01,PROD_0200,23/06/2024,2801,888,340,3349.0,1706.71
INV_103376,WH_03,PROD_0203,08/11/2024,4903,467,815,4555.0,4201.71
INV_103377,WH_11,PROD_0259,27/10/2024,4370,686,778,4278.0,4553.67
INV_103378,WH_07,PROD_0104,09/05/2024,522,609,1436,-305.0,-320.56
INV_103379,WH_04,PROD_0218,30/10/2024,4138,1378,864,4652.0,5603.58
INV_103380,WH_06,PROD_0003,27/04/2024,4207,290,1015,3482.0,5181.01
INV_103381,WH_08,PROD_0076,30/07/2024,3265,1107,268,4104.0,5760.74
INV_103382,WH_03,PROD_0093,01/02/2024,1294,902,677,1519.0,1277.03
INV_103383,WH_09,PROD_0018,24/11/2024,3938,328,825,3441.0,4542.36
INV_103384,WH_12,PROD_0030,30/12/2024,4534,851,400,4985.0,3651.6
INV_103385,WH_07,PROD_0129,11/04/2024,2203,257,292,,0.0
INV_103386,WH_11,PROD_0273,14/03/2024,1395,1090,1333,1152.0,1401.94
INV_103387,WH_10,PROD_0290,04/02/2024,3351,394,468,3277.0,4810.04
INV_103388,WH_13,PROD_0027,03/01/2024,1430,1467,1194,1703.0,2226.0
INV_103389,WH_14,PROD_0099,26/05/2024,3451,401,164,3688.0,3446.88
INV_103390,WH_12,PROD_0270,11/05/2024,4887,1428,355,5960.0,3744.35
INV_103391,WH_10,PROD_0237,30/04/2024,3430,914,540,3804.0,3951.61
INV_103392,WH_06,PROD_0003,11/11/2024,671,827,444,1054.0,1289.53
INV_103393,WH_06,PROD_0059,05/10/2024,3841,812,909,3744.0,4205.13
INV_103394,WH_03,PROD_0113,25/03/2024,1530,1476,692,2314.0,3253.74
INV_103395,WH_07,PROD_0295,29/04/2024,4742,1190,1021,4911.0,5350.46
INV_103396,WH_02,PROD_0110,16/03/2024,4726,216,905,4037.0,6010.88
INV_103397,WH_02,PROD_0186,22/10/2024,3191,253,1032,,0.0
INV_103398,WH_04,PROD_0238,03/10/2024,1042,895,695,1242.0,695.29
INV_103399,WH_01,PROD_0016,28/09/2024,3429,149,1061,2517.0,2850.51
INV_103400,WH_15,PROD_0074,18/02/2024,2611,241,768,2084.0,3092.94
INV_103401,WH_15,PROD_0051,09/12/2024,3949,1360,498,4811.0,2455.89
INV_103402,WH_02,PROD_0268,11/06/2024,1878,348,149,2077.0,2114.77
INV_103403,WH_13,PROD_0188,13/10/2024,2368,1075,1333,2110.0,1606.29
INV_103404,WH_13,PROD_0247,22/03/2024,4024,1042,1160,3906.0,2267.55
INV_103405,WH_14,PROD_0080,24/06/2024,4184,1410,1334,4260.0,5759.98
INV_103406,WH_11,PROD_0274,10/02/2024,4284,778,553,4509.0,3666.72
INV_103407,WH_01,PROD_0061,02/12/2024,2318,1398,1064,2652.0,3572.28
INV_103408,WH_07,PROD_0169,16/04/2024,2409,832,1047,2194.0,2862.93
INV_103409,WH_12,PROD_0176,05/05/2024,3928,856,426,4358.0,4664.86
INV_103410,WH_09,PROD_0007,24/05/2024,3559,194,648,3105.0,2961.46
INV_103411,WH_04,PROD_0025,11/06/2024,1806,1207,1209,1804.0,1955.67
INV_103412,WH_13,PROD_0034,08/03/2024,4125,837,746,4216.0,2428.57
INV_103413,WH_10,PROD_0280,19/03/2024,1892,1124,922,2094.0,2711.29
INV_103414,WH_01,PROD_0010,24/04/2024,827,447,840,434.0,254.07
INV_103415,WH_02,PROD_0176,22/07/2024,682,1114,1128,668.0,390.0
INV_103416,WH_11,PROD_0279,20/05/2024,2569,1446,343,3672.0,3684.22
INV_103417,WH_02,PROD_0146,05/03/2024,798,510,365,943.0,929.63
INV_103418,WH_15,PROD_0218,03/10/2024,4967,262,171,5058.0,7054.43
INV_103419,WH_09,PROD_0110,21/02/2024,1687,783,321,2149.0,1114.79
INV_103420,WH_11,PROD_0136,17/11/2024,4987,707,912,4782.0,5794.59
INV_103421,WH_14,PROD_0190,08/05/2024,2082,461,734,1809.0,2571.04
INV_103422,WH_13,PROD_0174,31/05/2024,2589,276,1343,1522.0,1323.2
INV_103423,WH_07,PROD_0058,07/10/2024,3010,477,482,3005.0,4072.7
INV_103424,WH_10,PROD_0103,30/06/2024,1667,1177,730,2114.0,2254.34
INV_103425,WH_02,PROD_0234,28/08/2024,4620,864,329,5155.0,2918.31
INV_103426,WH_07,PROD_0162,28/08/2024,2779,986,1017,2748.0,3033.53
INV_103427,WH_08,PROD_0249,29/11/2024,4593,462,313,4742.0,3547.78
INV_103428,WH_15,PROD_0115,13/07/2024,3450,118,1138,2430.0,1915.22
INV_103429,WH_08,PROD_0157,03/01/2024,3619,1351,931,,0.0
INV_103430,WH_05,PROD_0213,05/03/2024,3586,967,475,4078.0,4378.93
INV_103431,WH_12,PROD_0135,08/04/2024,4194,1319,331,5182.0,2727.24
INV_103432,WH_09,PROD_0282,30/12/2024,1112,1117,1016,1213.0,1702.47
INV_103433,WH_10,PROD_0042,17/11/2024,3907,107,113,3901.0,3615.0
INV_103434,WH_07,PROD_0129,30/10/2024,4556,1207,974,4789.0,4109.11
INV_103435,WH_13,PROD_0104,02/12/2024,2718,269,976,2011.0,2057.61
INV_103436,WH_01,PROD_0135,12/03/2024,1599,1319,1495,1423.0,1753.92
INV_103437,WH_08,PROD_0160,20/09/2024,2812,215,1172,,0.0
INV_103438,WH_12,PROD_0265,02/03/2024,4803,545,971,4377.0,3148.47
INV_103439,WH_09,PROD_0031,10/09/2024,4269,1417,687,4999.0,3589.92
INV_103440,WH_08,PROD_0158,22/08/2024,521,680,948,253.0,214.39
INV_103441,WH_15,PROD_0211,04/01/2024,2666,1475,514,3627.0,3159.69
INV_103442,WH_06,PROD_0127,01/11/2024,948,277,862,,0.0
INV_103443,WH_11,PROD_0143,01/03/2024,2058,496,1164,1390.0,1738.16
INV_103444,WH_04,PROD_0251,07/10/2024,2969,1290,757,3502.0,1950.95
INV_103445,WH_15,PROD_0288,23/07/2024,2806,846,238,3414.0,3975.65
INV_103446,WH_10,PROD_0289,03/10/2024,4141,573,266,4448.0,5483.29
INV_103447,WH_03,PROD_0052,28/03/2024,3471,304,705,3070.0,2080.79
INV_103448,WH_07,PROD_0049,29/07/2024,3671,929,797,3803.0,3464.24
INV_103449,WH_01,PROD_0199,30/04/2024,1221,1411,1330,1302.0,1159.82
INV_103450,WH_02,PROD_0005,11/03/2024,2054,201,666,1589.0,1142.61
INV_103451,WH_02,PROD_0273,20/10/2024,4850,1403,1311,4942.0,3297.07
INV_103452,WH_08,PROD_0007,30/11/2024,4344,1499,1095,4748.0,6239.8
INV_103453,WH_01,PROD_0291,06/11/2024,3632,113,495,3250.0,1915.92
INV_103454,WH_06,PROD_0193,15/05/2024,3267,426,262,3431.0,3018.74
INV_103455,WH_06,PROD_0181,08/04/2024,803,1299,390,1712.0,1164.62
INV_103456,WH_05,PROD_0057,13/05/2024,1843,468,1130,1181.0,1668.93
INV_103457,WH_07,PROD_0295,20/06/2024,2162,1263,640,2785.0,3590.67
INV_103458,WH_05,PROD_0116,15/07/2024,692,1137,683,1146.0,1381.11
INV_103459,WH_10,PROD_0100,07/03/2024,3605,719,488,3836.0,3600.76
INV_103460,WH_04,PROD_0150,11/01/2024,3059,527,838,,0.0
INV_103461,WH_01,PROD_0149,26/01/2024,2360,150,1211,1299.0,1432.53
INV_103462,WH_09,PROD_0130,15/05/2024,3305,971,374,3902.0,4936.73
INV_103463,WH_01,PROD_0190,27/06/2024,3259,764,514,3509.0,3905.87
INV_103464,WH_06,PROD_0127,07/06/2024,4893,268,1125,4036.0,3043.24
INV_103465,WH_10,PROD_0013,14/01/2024,2884,1251,863,3272.0,3156.92
INV_103466,WH_06,PROD_0291,07/02/2024,4399,1402,663,5138.0,4671.91
INV_103467,WH_05,PROD_0052,07/02/2024,4083,121,1421,2783.0,1674.89
INV_103468,WH_11,PROD_0244,08/06/2024,2935,669,1441,2163.0,1146.01
INV_103469,WH_03,PROD_0184,28/10/2024,1920,407,831,1496.0,861.15
INV_103470,WH_14,PROD_0108,02/12/2024,2461,138,121,,0.0
INV_103471,WH_13,PROD_0165,19/06/2024,3221,461,1277,2405.0,2462.61
INV_103472,WH_07,PROD_0081,24/04/2024,4187,762,570,4379.0,5427.97
INV_103473,WH_06,PROD_0061,04/11/2024,4254,232,475,4011.0,4961.9
INV_103474,WH_12,PROD_0147,21/02/2024,2448,983,1352,2079.0,1919.64
INV_103475,WH_14,PROD_0300,10/07/2024,2198,748,1282,1664.0,2195.88
INV_103476,WH_10,PROD_0007,04/02/2024,3807,252,810,3249.0,1744.68
INV_103477,WH_09,PROD_0226,10/11/2024,1645,1244,627,2262.0,1674.37
INV_103478,WH_11,PROD_0233,15/07/2024,4445,665,1196,3914.0,4102.8
INV_103479,WH_14,PROD_0144,01/09/2024,1430,164,592,1002.0,1492.67
INV_103480,WH_07,PROD_0167,01/10/2024,1245,1024,550,1719.0,1584.04
INV_103481,WH_04,PROD_0172,28/02/2024,772,1160,1231,701.0,635.34
INV_103482,WH_08,PROD_0228,27/04/2024,914,1308,433,1789.0,1439.68
INV_103483,WH_02,PROD_0204,04/03/2024,3112,1182,1328,2966.0,3658.18
INV_103484,WH_08,PROD_0041,17/09/2024,4533,432,504,4461.0,3223.74
INV_103485,WH_10,PROD_0274,28/08/2024,2192,744,480,2456.0,2245.51
INV_103486,WH_15,PROD_0005,16/07/2024,1522,999,634,1887.0,1639.05
INV_103487,WH_05,PROD_0087,16/03/2024,4105,1329,991,4443.0,5401.36
INV_103488,WH_01,PROD_0052,09/12/2024,2119,1332,385,3066.0,2689.14
INV_103489,WH_02,PROD_0242,23/07/2024,3028,1126,275,3879.0,5402.28
INV_103490,WH_07,PROD_0104,08/01/2024,2616,745,1463,1898.0,2108.57
INV_103491,WH_05,PROD_0018,24/02/2024,3954,860,181,,0.0
INV_103492,WH_13,PROD_0231,19/11/2024,2928,819,1173,2574.0,3162.92
INV_103493,WH_05,PROD_0063,20/05/2024,4198,1164,365,4997.0,2595.69
INV_103494,WH_05,PROD_0078,12/05/2024,1201,413,516,1098.0,1567.27
INV_103495,WH_08,PROD_0228,25/04/2024,2431,145,589,1987.0,2548.08
INV_103496,WH_08,PROD_0169,30/05/2024,1823,889,812,,0.0
INV_103497,WH_06,PROD_0177,17/11/2024,2378,321,363,2336.0,1946.55
INV_103498,WH_07,PROD_0110,20/02/2024,1291,351,1276,366.0,344.03
INV_103499,WH_14,PROD_0188,24/11/2024,1910,1006,383,,0.0
INV_103500,WH_08,PROD_0108,15/09/2024,1485,1377,706,2156.0,1959.96
INV_103501,WH_02,PROD_0103,12/10/2024,3978,393,209,4162.0,5689.3
INV_103502,WH_06,PROD_0093,03/12/2024,4403,1442,398,5447.0,5698.22
INV_103503,WH_13,PROD_0017,31/12/2024,2053,328,1234,1147.0,901.76
INV_103504,WH_13,PROD_0150,28/01/2024,966,500,1118,348.0,253.42
INV_103505,WH_12,PROD_0155,20/08/2024,2576,1079,874,2781.0,3684.65
INV_103506,WH_02,PROD_0223,04/11/2024,2947,1322,525,3744.0,3405.3
INV_103507,WH_11,PROD_0010,11/06/2024,707,569,1244,32.0,20.95
INV_103508,WH_07,PROD_0238,25/07/2024,974,118,1468,,0.0
INV_103509,WH_12,PROD_0142,09/12/2024,2437,947,1373,2011.0,2507.33
INV_103510,WH_15,PROD_0178,02/03/2024,4839,479,741,4577.0,6258.71
INV_103511,WH_14,PROD_0293,04/03/2024,1375,258,131,1502.0,921.5
INV_103512,WH_08,PROD_0261,28/04/2024,3200,1273,604,,0.0
INV_103513,WH_09,PROD_0168,21/08/2024,1389,931,458,1862.0,1824.64
INV_103514,WH_12,PROD_0237,29/06/2024,2987,1198,537,,0.0
INV_103515,WH_13,PROD_0175,15/10/2024,3442,1187,735,3894.0,5705.87
INV_103516,WH_01,PROD_0133,21/11/2024,2285,345,589,2041.0,2788.91
INV_103517,WH_01,PROD_0228,23/09/2024,3550,355,768,3137.0,2954.41
INV_103518,WH_02,PROD_0149,16/12/2024,1767,538,766,1539.0,840.0
INV_103519,WH_06,PROD_0041,08/02/2024,1824,1386,933,2277.0,2744.38
INV_103520,WH_15,PROD_0048,24/06/2024,1628,151,735,1044.0,1270.22
INV_103521,WH_13,PROD_0120,24/10/2024,4301,1412,160,5553.0,6630.09
INV_103522,WH_06,PROD_0222,01/09/2024,933,649,923,659.0,693.24
INV_103523,WH_01,PROD_0111,02/12/2024,4554,823,699,4678.0,2445.51
INV_103524,WH_15,PROD_0195,21/04/2024,2502,1048,459,3091.0,3336.25
INV_103525,WH_04,PROD_0093,17/12/2024,3311,1356,1293,3374.0,3856.44
INV_103526,WH_10,PROD_0021,28/09/2024,3906,1234,1282,3858.0,4567.7
INV_103527,WH_08,PROD_0107,21/08/2024,591,747,1196,142.0,115.14
INV_103528,WH_11,PROD_0076,15/02/2024,3225,1375,337,4263.0,2148.11
INV_103529,WH_15,PROD_0208,31/12/2024,1476,669,1335,810.0,928.36
INV_103530,WH_08,PROD_0136,26/10/2024,4919,1123,759,5283.0,3521.02
INV_103531,WH_09,PROD_0135,12/05/2024,1572,185,115,1642.0,2266.06
INV_103532,WH_14,PROD_0238,13/05/2024,3628,1248,973,3903.0,5772.55
INV_103533,WH_10,PROD_0034,13/06/2024,3621,963,1068,3516.0,3032.39
INV_103534,WH_10,PROD_0091,30/05/2024,4676,1077,374,5379.0,6273.05
INV_103535,WH_13,PROD_0209,21/08/2024,4453,563,1023,3993.0,4381.07
INV_103536,WH_09,PROD_0069,16/05/2024,2734,1115,779,,0.0
INV_103537,WH_08,PROD_0017,27/01/2024,2032,325,989,1368.0,1548.44
INV_103538,WH_12,PROD_0118,03/04/2024,2208,298,231,2275.0,2216.61
INV_103539,WH_06,PROD_0176,25/11/2024,2027,595,243,2379.0,2865.04
INV_103540,WH_08,PROD_0206,28/12/2024,1422,563,678,1307.0,1232.03
INV_103541,WH_15,PROD_0153,16/02/2024,4058,1279,1408,3929.0,5851.51
INV_103542,WH_10,PROD_0219,20/04/2024,4411,116,1082,3445.0,3766.11
INV_103543,WH_09,PROD_0069,11/12/2024,4195,948,670,,0.0
INV_103544,WH_02,PROD_0122,22/11/2024,2483,902,916,2469.0,2002.18
INV_103545,WH_11,PROD_0040,03/10/2024,3518,190,394,3314.0,3123.28
INV_103546,WH_07,PROD_0293,06/08/2024,2034,548,1192,1390.0,2059.9
INV_103547,WH_10,PROD_0087,15/01/2024,4792,936,246,5482.0,5006.86
INV_103548,WH_13,PROD_0061,12/10/2024,3030,445,499,2976.0,1641.67
INV_103549,WH_07,PROD_0276,15/01/2024,1403,1425,337,2491.0,2773.73
INV_103550,WH_15,PROD_0124,11/11/2024,3041,1487,1167,3361.0,3939.99
INV_103551,WH_13,PROD_0232,26/12/2024,1739,408,497,1650.0,1101.91
INV_103552,WH_12,PROD_0128,09/05/2024,4190,1269,126,5333.0,6283.22
INV_103553,WH_05,PROD_0094,08/11/2024,4487,184,1180,,0.0
INV_103554,WH_14,PROD_0133,03/11/2024,876,473,170,1179.0,884.06
INV_103555,WH_12,PROD_0197,13/09/2024,1997,604,532,,0.0
INV_103556,WH_13,PROD_0094,15/04/2024,1510,1401,353,2558.0,1446.9
INV_103557,WH_09,PROD_0199,04/11/2024,2424,1494,1216,2702.0,1533.04
INV_103558,WH_04,PROD_0099,13/07/2024,2111,964,681,2394.0,3236.9
INV_103559,WH_03,PROD_0175,05/09/2024,885,365,431,819.0,1195.8
INV_103560,WH_07,PROD_0090,30/04/2024,1218,190,197,1211.0,1584.39
INV_103561,WH_12,PROD_0167,23/11/2024,1223,359,914,668.0,972.5
INV_103562,WH_08,PROD_0257,16/05/2024,3810,382,731,3461.0,3488.71
INV_103563,WH_15,PROD_0152,25/10/2024,3745,352,425,3672.0,4064.77
INV_103564,WH_04,PROD_0163,30/06/2024,4357,907,188,5076.0,3851.52
INV_103565,WH_11,PROD_0105,06/10/2024,706,306,332,680.0,744.88
INV_103566,WH_02,PROD_0045,25/10/2024,1530,286,671,1145.0,714.02
INV_103567,WH_14,PROD_0112,30/05/2024,4689,515,1271,3933.0,2626.32
INV_103568,WH_07,PROD_0052,02/01/2024,2361,341,769,1933.0,1991.36
INV_103569,WH_11,PROD_0057,08/12/2024,2143,425,600,1968.0,1292.06
INV_103570,WH_04,PROD_0180,28/05/2024,1146,717,1181,682.0,533.54
INV_103571,WH_10,PROD_0231,06/12/2024,3641,390,867,3164.0,2468.6
INV_103572,WH_11,PROD_0064,31/05/2024,636,347,745,238.0,284.61
INV_103573,WH_06,PROD_0035,04/07/2024,3440,915,406,3949.0,5218.98
INV_103574,WH_04,PROD_0023,02/03/2024,657,1247,592,1312.0,1028.32
INV_103575,WH_10,PROD_0276,07/12/2024,3357,308,926,2739.0,3819.46
INV_103576,WH_09,PROD_0142,20/08/2024,4484,951,1030,4405.0,6190.39
INV_103577,WH_13,PROD_0037,29/05/2024,913,928,368,1473.0,1269.77
INV_103578,WH_15,PROD_0145,13/12/2024,2277,156,1379,1054.0,1509.44
INV_103579,WH_02,PROD_0012,09/09/2024,4721,427,626,4522.0,6690.61
INV_103580,WH_02,PROD_0298,11/06/2024,1592,1209,1170,1631.0,1449.39
INV_103581,WH_15,PROD_0135,13/11/2024,2126,561,869,1818.0,2332.57
INV_103582,WH_04,PROD_0052,06/06/2024,3084,136,1254,1966.0,2508.98
INV_103583,WH_06,PROD_0045,05/12/2024,4885,264,1224,3925.0,3512.5
INV_103584,WH_03,PROD_0076,27/08/2024,3565,235,159,3641.0,5439.88
INV_103585,WH_01,PROD_0085,25/03/2024,3032,294,720,2606.0,1606.44
INV_103586,WH_02,PROD_0061,02/03/2024,1339,1492,225,2606.0,2825.87
INV_103587,WH_01,PROD_0059,16/10/2024,1442,841,404,,0.0
INV_103588,WH_07,PROD_0271,11/04/2024,3971,1146,756,4361.0,3516.91
INV_103589,WH_02,PROD_0093,02/09/2024,4369,1152,1328,4193.0,5716.45
INV_103590,WH_12,PROD_0017,16/11/2024,3752,1056,471,4337.0,4013.58
INV_103591,WH_07,PROD_0280,06/04/2024,4718,1131,799,5050.0,6345.67
INV_103592,WH_15,PROD_0207,20/03/2024,1110,896,1177,829.0,566.65
INV_103593,WH_12,PROD_0242,25/08/2024,4375,1412,937,4850.0,3685.57
INV_103594,WH_14,PROD_0244,31/03/2024,2922,400,155,3167.0,2285.38
INV_103595,WH_09,PROD_0142,23/07/2024,3904,747,1127,3524.0,3408.33
INV_103596,WH_01,PROD_0278,19/11/2024,3818,1314,309,4823.0,6438.34
INV_103597,WH_01,PROD_0071,12/02/2024,1692,723,298,,0.0
INV_103598,WH_12,PROD_0232,16/09/2024,4054,1487,176,5365.0,7492.38
INV_103599,WH_01,PROD_0079,13/08/2024,2420,1480,1239,2661.0,2135.89
INV_103600,WH_09,PROD_0250,20/03/2024,546,1270,1495,321.0,179.29
INV_103601,WH_14,PROD_0294,10/01/2024,4518,894,1400,4012.0,4244.49
INV_103602,WH_01,PROD_0220,24/05/2024,1965,818,212,2571.0,3819.49
INV_103603,WH_01,PROD_0105,23/12/2024,4589,1210,409,5390.0,7332.64
INV_103604,WH_05,PROD_0169,05/07/2024,2772,307,1009,2070.0,1475.13
INV_103605,WH_02,PROD_0145,27/04/2024,2170,612,848,1934.0,1386.34
INV_103606,WH_06,PROD_0229,18/03/2024,4322,667,238,4751.0,4892.71
INV_103607,WH_09,PROD_0227,06/06/2024,1937,389,938,1388.0,1888.92
INV_103608,WH_15,PROD_0134,16/03/2024,4090,871,490,4471.0,6012.98
INV_103609,WH_10,PROD_0124,30/12/2024,2766,1102,721,3147.0,3263.19
INV_103610,WH_02,PROD_0001,26/02/2024,1777,1044,1280,1541.0,1015.0
INV_103611,WH_03,PROD_0132,15/11/2024,2852,535,851,2536.0,2156.48
INV_103612,WH_05,PROD_0214,30/10/2024,1742,927,1421,1248.0,952.35
INV_103613,WH_08,PROD_0057,11/04/2024,4974,608,556,5026.0,7085.09
INV_103614,WH_06,PROD_0286,09/10/2024,1018,954,1343,629.0,368.47
INV_103615,WH_02,PROD_0259,30/05/2024,4030,940,810,4160.0,3979.17
INV_103616,WH_09,PROD_0189,10/06/2024,804,1107,249,,0.0
INV_103617,WH_08,PROD_0140,06/04/2024,2622,221,1474,1369.0,1867.89
INV_103618,WH_02,PROD_0286,12/04/2024,2894,1197,970,3121.0,3488.81
INV_103619,WH_05,PROD_0034,23/07/2024,3741,610,1436,2915.0,1894.88
INV_103620,WH_08,PROD_0297,10/11/2024,4154,876,477,4553.0,2596.79
INV_103621,WH_07,PROD_0045,15/09/2024,1387,1407,912,1882.0,2195.85
INV_103622,WH_08,PROD_0141,24/02/2024,4925,581,1500,4006.0,2099.69
INV_103623,WH_03,PROD_0210,14/01/2024,3013,504,503,3014.0,3027.1
INV_103624,WH_09,PROD_0270,01/09/2024,1966,412,953,1425.0,724.05
INV_103625,WH_14,PROD_0199,28/11/2024,698,348,176,870.0,650.01
INV_103626,WH_13,PROD_0154,19/11/2024,4014,169,144,4039.0,4738.46
INV_103627,WH_01,PROD_0001,16/04/2024,2104,1239,504,2839.0,2843.87
INV_103628,WH_03,PROD_0172,22/02/2024,1246,836,1185,897.0,502.54
INV_103629,WH_15,PROD_0182,14/06/2024,1474,570,443,1601.0,1558.04
INV_103630,WH_01,PROD_0242,28/01/2024,2114,364,1068,1410.0,1784.41
INV_103631,WH_15,PROD_0272,10/03/2024,1281,674,775,1180.0,799.6
INV_103632,WH_10,PROD_0014,03/11/2024,2253,1062,184,3131.0,2704.75
INV_103633,WH_13,PROD_0054,14/12/2024,4927,104,1498,3533.0,1807.39
INV_103634,WH_02,PROD_0298,08/10/2024,3403,1345,778,3970.0,5028.83
INV_103635,WH_13,PROD_0110,27/08/2024,3173,1259,1067,3365.0,2220.75
INV_103636,WH_13,PROD_0184,03/12/2024,2735,116,1163,1688.0,1859.25
INV_103637,WH_14,PROD_0145,29/02/2024,2832,961,127,3666.0,3969.8
INV_103638,WH_06,PROD_0083,02/02/2024,2471,548,1016,2003.0,1724.54
INV_103639,WH_08,PROD_0058,06/04/2024,962,1435,448,1949.0,1735.76
INV_103640,WH_09,PROD_0140,06/11/2024,4424,235,1271,3388.0,2773.1
INV_103641,WH_07,PROD_0111,20/04/2024,2232,656,290,2598.0,2348.9
INV_103642,WH_10,PROD_0101,30/10/2024,4939,1130,509,5560.0,6604.07
INV_103643,WH_07,PROD_0034,08/07/2024,2411,116,622,1905.0,1661.52
INV_103644,WH_03,PROD_0236,12/09/2024,3595,541,1119,3017.0,1629.79
INV_103645,WH_14,PROD_0179,22/03/2024,3161,611,1124,2648.0,2731.06
INV_103646,WH_05,PROD_0244,29/05/2024,4245,971,314,4902.0,4302.53
INV_103647,WH_01,PROD_0104,03/08/2024,1934,996,781,,0.0
INV_103648,WH_01,PROD_0040,06/09/2024,2061,893,334,2620.0,2417.71
INV_103649,WH_01,PROD_0236,16/12/2024,759,353,461,651.0,781.8
INV_103650,WH_14,PROD_0066,28/08/2024,1818,285,419,1684.0,1573.4
INV_103651,WH_03,PROD_0219,14/08/2024,1737,802,260,2279.0,2775.54
INV_103652,WH_04,PROD_0061,31/03/2024,660,1498,618,1540.0,978.49
INV_103653,WH_12,PROD_0207,09/11/2024,2799,909,295,3413.0,4702.32
INV_103654,WH_07,PROD_0008,15/04/2024,4013,1074,287,4800.0,5730.02
INV_103655,WH_15,PROD_0173,28/05/2024,3999,1299,949,4349.0,3905.63
INV_103656,WH_13,PROD_0063,06/06/2024,1851,1157,1193,1815.0,2536.3
INV_103657,WH_08,PROD_0187,13/07/2024,1275,443,1342,376.0,327.63
INV_103658,WH_13,PROD_0181,02/10/2024,1324,263,1371,216.0,299.33
INV_103659,WH_06,PROD_0029,24/07/2024,887,267,517,637.0,617.39
INV_103660,WH_03,PROD_0099,28/06/2024,3754,664,1460,2958.0,3302.44
INV_103661,WH_08,PROD_0249,06/02/2024,2150,840,929,2061.0,3017.03
INV_103662,WH_08,PROD_0114,25/01/2024,2980,362,1052,2290.0,2240.66
INV_103663,WH_10,PROD_0200,04/11/2024,3114,1072,655,3531.0,2468.12
INV_103664,WH_12,PROD_0044,15/01/2024,2962,814,1445,2331.0,1899.57
INV_103665,WH_06,PROD_0177,27/02/2024,2089,1217,268,,0.0
INV_103666,WH_06,PROD_0170,02/03/2024,2435,736,252,2919.0,1834.12
INV_103667,WH_13,PROD_0216,20/05/2024,2864,439,473,2830.0,1877.57
INV_103668,WH_14,PROD_0220,12/01/2024,1874,341,963,1252.0,1698.68
INV_103669,WH_06,PROD_0003,24/08/2024,545,1022,633,934.0,1344.05
INV_103670,WH_10,PROD_0174,29/05/2024,2340,1171,1440,2071.0,1378.64
INV_103671,WH_12,PROD_0127,10/01/2024,4117,770,1129,3758.0,5021.84
INV_103672,WH_15,PROD_0041,07/01/2024,2863,406,1419,,0.0
INV_103673,WH_07,PROD_0178,23/04/2024,2723,414,354,2783.0,3546.21
INV_103674,WH_10,PROD_0169,12/11/2024,766,572,1320,18.0,16.3
INV_103675,WH_05,PROD_0148,28/06/2024,936,1408,591,1753.0,1735.58
INV_103676,WH_11,PROD_0125,29/06/2024,811,741,740,812.0,466.29
INV_103677,WH_15,PROD_0182,28/07/2024,4284,803,138,,0.0
INV_103678,WH_04,PROD_0138,21/04/2024,3608,868,669,3807.0,2419.44
INV_103679,WH_04,PROD_0278,22/09/2024,2930,1335,471,3794.0,5189.35
INV_103680,WH_12,PROD_0006,06/01/2024,1853,833,128,2558.0,2051.44
INV_103681,WH_05,PROD_0174,29/11/2024,2250,939,1056,2133.0,2805.68
INV_103682,WH_03,PROD_0026,06/08/2024,4666,1388,1284,4770.0,4565.5
INV_103683,WH_02,PROD_0214,30/12/2024,1296,839,141,1994.0,1268.13
INV_103684,WH_15,PROD_0167,06/04/2024,1545,440,430,1555.0,2022.26
INV_103685,WH_06,PROD_0005,22/01/2024,4716,557,233,5040.0,4883.9
INV_103686,WH_01,PROD_0131,03/04/2024,4361,884,537,4708.0,4144.3
INV_103687,WH_06,PROD_0201,19/09/2024,4833,815,1033,4615.0,5517.16
INV_103688,WH_02,PROD_0096,02/02/2024,3857,1345,925,4277.0,4366.96
INV_103689,WH_11,PROD_0040,04/08/2024,977,398,698,,0.0
INV_103690,WH_02,PROD_0190,06/11/2024,2834,592,403,3023.0,2103.02
INV_103691,WH_14,PROD_0139,19/07/2024,4985,348,1272,,0.0
INV_103692,WH_08,PROD_0298,12/01/2024,928,413,1137,204.0,131.77
INV_103693,WH_06,PROD_0050,26/12/2024,1500,632,1273,859.0,825.71
INV_103694,WH_01,PROD_0065,02/05/2024,3427,893,865,3455.0,2015.8
INV_103695,WH_10,PROD_0274,02/12/2024,1789,1206,553,2442.0,1778.04
INV_103696,WH_11,PROD_0183,10/03/2024,1929,602,791,1740.0,2202.49
INV_103697,WH_10,PROD_0237,10/11/2024,897,1211,1456,652.0,635.93
INV_103698,WH_09,PROD_0010,16/09/2024,3275,146,1104,2317.0,2010.5
INV_103699,WH_09,PROD_0267,07/12/2024,4467,582,851,4198.0,2683.1
INV_103700,WH_07,PROD_0246,08/03/2024,2774,1411,703,3482.0,3795.67
INV_103701,WH_15,PROD_0138,20/01/2024,4623,239,564,4298.0,6083.71
INV_103702,WH_06,PROD_0230,27/05/2024,2362,821,1047,2136.0,3016.72
INV_103703,WH_13,PROD_0260,02/12/2024,2137,901,1010,2028.0,1054.46
INV_103704,WH_15,PROD_0131,29/12/2024,3120,444,172,3392.0,4395.06
INV_103705,WH_08,PROD_0215,07/01/2024,4226,1288,1120,4394.0,6447.45
INV_103706,WH_15,PROD_0258,06/07/2024,1108,1438,118,2428.0,1578.55
INV_103707,WH_05,PROD_0198,21/11/2024,4952,240,1271,3921.0,3199.38
INV_103708,WH_13,PROD_0195,06/02/2024,3023,111,391,2743.0,2128.02
INV_103709,WH_02,PROD_0094,08/07/2024,2433,1065,147,3351.0,2968.26
INV_103710,WH_04,PROD_0041,09/09/2024,3515,400,743,3172.0,2894.34
INV_103711,WH_12,PROD_0136,22/09/2024,3754,1109,732,4131.0,5862.18
INV_103712,WH_02,PROD_0184,11/03/2024,1315,784,1042,1057.0,968.82
INV_103713,WH_01,PROD_0115,08/10/2024,3740,739,617,3862.0,4297.96
INV_103714,WH_05,PROD_0134,11/07/2024,843,1020,1378,485.0,459.14
INV_103715,WH_02,PROD_0156,08/09/2024,3481,1355,993,3843.0,5469.43
INV_103716,WH_14,PROD_0222,22/10/2024,4327,1206,282,5251.0,6056.43
INV_103717,WH_06,PROD_0086,10/02/2024,1764,609,607,,0.0
INV_103718,WH_12,PROD_0079,12/03/2024,3485,1398,1216,3667.0,1875.19
INV_103719,WH_11,PROD_0065,06/02/2024,4454,1023,687,4790.0,5645.35
INV_103720,WH_07,PROD_0182,13/10/2024,3567,1110,171,4506.0,2349.81
INV_103721,WH_07,PROD_0107,22/09/2024,1352,1028,735,1645.0,2308.41
INV_103722,WH_09,PROD_0024,21/07/2024,4800,793,485,5108.0,4926.85
INV_103723,WH_07,PROD_0211,29/09/2024,1593,618,1205,1006.0,810.52
INV_103724,WH_13,PROD_0040,29/03/2024,1754,1324,399,2679.0,1795.18
INV_103725,WH_10,PROD_0242,02/07/2024,3193,931,538,3586.0,4176.29
INV_103726,WH_07,PROD_0108,17/09/2024,3456,1323,1094,3685.0,4587.64
INV_103727,WH_14,PROD_0294,17/02/2024,3797,253,1013,3037.0,1873.83
INV_103728,WH_15,PROD_0091,04/06/2024,4719,1466,500,5685.0,6970.63
INV_103729,WH_13,PROD_0283,24/09/2024,4756,1428,397,5787.0,7450.78
INV_103730,WH_03,PROD_0299,26/09/2024,2191,240,401,2030.0,1512.58
INV_103731,WH_01,PROD_0265,15/04/2024,1654,125,650,1129.0,1526.88
INV_103732,WH_07,PROD_0276,08/11/2024,3004,1096,689,3411.0,3929.95
INV_103733,WH_03,PROD_0200,23/12/2024,2346,1338,451,3233.0,4485.07
INV_103734,WH_09,PROD_0053,07/06/2024,1487,494,634,1347.0,1723.76
INV_103735,WH_13,PROD_0110,15/05/2024,4772,706,661,4817.0,5714.65
INV_103736,WH_07,PROD_0248,01/02/2024,1708,540,1190,1058.0,1382.7
INV_103737,WH_12,PROD_0087,13/07/2024,2099,949,1269,,0.0
INV_103738,WH_02,PROD_0209,13/09/2024,805,851,1061,595.0,460.22
INV_103739,WH_05,PROD_0216,12/10/2024,4216,1447,611,5052.0,6969.37
INV_103740,WH_06,PROD_0215,04/05/2024,3349,1122,1499,2972.0,2002.77
INV_103741,WH_15,PROD_0182,14/03/2024,702,543,1029,216.0,276.66
INV_103742,WH_01,PROD_0285,10/02/2024,1320,669,1107,882.0,745.71
INV_103743,WH_10,PROD_0087,24/03/2024,2272,1254,387,3139.0,3905.4
INV_103744,WH_05,PROD_0079,10/03/2024,4261,266,1000,3527.0,2602.56
INV_103745,WH_08,PROD_0294,03/02/2024,2493,855,1393,1955.0,2752.54
INV_103746,WH_04,PROD_0030,10/01/2024,790,204,807,187.0,161.41
INV_103747,WH_04,PROD_0271,24/12/2024,3771,579,1478,2872.0,3616.58
INV_103748,WH_10,PROD_0003,06/02/2024,766,1301,1293,774.0,387.69
INV_103749,WH_13,PROD_0234,01/10/2024,3226,1294,991,3529.0,3739.64
INV_103750,WH_10,PROD_0046,16/09/2024,4048,395,742,3701.0,3492.81
INV_103751,WH_03,PROD_0026,20/04/2024,4103,531,641,3993.0,3911.52
INV_103752,WH_02,PROD_0244,06/01/2024,800,609,400,1009.0,1224.32
INV_103753,WH_06,PROD_0256,25/08/2024,3867,1004,1040,3831.0,1920.32
INV_103754,WH_02,PROD_0187,19/11/2024,4809,1464,593,5680.0,5251.55
INV_103755,WH_10,PROD_0034,30/03/2024,1641,611,1011,1241.0,1521.87
INV_103756,WH_14,PROD_0021,04/09/2024,3824,993,406,4411.0,6112.06
INV_103757,WH_11,PROD_0217,13/09/2024,3579,488,336,3731.0,2330.0
INV_103758,WH_11,PROD_0144,16/05/2024,3153,736,612,3277.0,3812.37
INV_103759,WH_14,PROD_0099,13/08/2024,1670,1436,1381,1725.0,2281.16
INV_103760,WH_02,PROD_0287,29/10/2024,4019,726,901,3844.0,3827.42
INV_103761,WH_15,PROD_0192,05/08/2024,1657,815,321,2151.0,1824.52
INV_103762,WH_10,PROD_0078,16/04/2024,2979,614,637,2956.0,1510.7
INV_103763,WH_12,PROD_0251,07/01/2024,1461,567,437,1591.0,1593.33
INV_103764,WH_05,PROD_0076,31/05/2024,2266,174,193,2247.0,1811.01
INV_103765,WH_08,PROD_0012,11/05/2024,4241,903,300,4844.0,3970.77
INV_103766,WH_03,PROD_0132,19/11/2024,3937,857,1374,3420.0,2573.28
INV_103767,WH_10,PROD_0106,04/01/2024,3664,210,392,3482.0,2680.11
INV_103768,WH_08,PROD_0003,05/10/2024,1872,278,494,1656.0,1296.37
INV_103769,WH_05,PROD_0291,28/02/2024,4418,669,1246,3841.0,5522.55
INV_103770,WH_08,PROD_0137,21/10/2024,4371,623,1019,3975.0,2674.27
INV_103771,WH_03,PROD_0025,26/09/2024,4195,327,1413,3109.0,3348.67
INV_103772,WH_14,PROD_0185,01/09/2024,4978,632,343,5267.0,3032.65
INV_103773,WH_02,PROD_0036,24/01/2024,4712,552,728,4536.0,5825.86
INV_103774,WH_09,PROD_0091,17/09/2024,3563,1224,1187,3600.0,4824.96
INV_103775,WH_14,PROD_0209,07/12/2024,4375,389,630,4134.0,5756.55
INV_103776,WH_07,PROD_0282,29/05/2024,3710,1454,934,4230.0,5007.14
INV_103777,WH_12,PROD_0093,09/08/2024,2295,1209,130,3374.0,3059.26
INV_103778,WH_05,PROD_0031,10/11/2024,1404,1134,532,2006.0,2835.48
INV_103779,WH_06,PROD_0015,09/03/2024,2151,431,826,1756.0,978.03
INV_103780,WH_05,PROD_0122,28/02/2024,749,1476,851,1374.0,706.48
INV_103781,WH_03,PROD_0230,16/09/2024,995,315,638,672.0,353.53
INV_103782,WH_10,PROD_0028,18/07/2024,4411,430,1151,3690.0,5261.17
INV_103783,WH_01,PROD_0224,02/05/2024,516,606,421,701.0,527.36
INV_103784,WH_10,PROD_0300,22/01/2024,2764,599,973,2390.0,3536.65
INV_103785,WH_02,PROD_0081,21/10/2024,2916,1208,338,3786.0,3714.21
INV_103786,WH_03,PROD_0023,29/11/2024,3958,618,115,4461.0,3738.2
INV_103787,WH_14,PROD_0033,12/12/2024,3214,1195,853,3556.0,2906.71
INV_103788,WH_07,PROD_0282,05/10/2024,1207,1261,618,1850.0,2399.7
INV_103789,WH_14,PROD_0269,24/04/2024,2114,173,310,,0.0
INV_103790,WH_10,PROD_0029,30/04/2024,4833,959,1208,4584.0,4167.41
INV_103791,WH_13,PROD_0211,16/02/2024,4266,157,544,3879.0,3606.75
INV_103792,WH_07,PROD_0202,20/03/2024,1660,571,792,1439.0,1544.3
INV_103793,WH_09,PROD_0011,06/03/2024,4547,645,119,5073.0,6626.67
INV_103794,WH_03,PROD_0191,31/05/2024,869,1141,772,1238.0,1009.19
INV_103795,WH_10,PROD_0049,03/09/2024,3970,1181,700,4451.0,2947.31
INV_103796,WH_13,PROD_0233,25/03/2024,4731,154,464,4421.0,3326.54
INV_103797,WH_13,PROD_0079,22/06/2024,4800,1033,853,4980.0,4661.34
INV_103798,WH_03,PROD_0198,01/09/2024,2492,726,383,2835.0,2824.03
INV_103799,WH_13,PROD_0038,05/12/2024,4809,1454,998,5265.0,2770.69
INV_103800,WH_13,PROD_0258,24/11/2024,4434,1003,590,,0.0
INV_103801,WH_04,PROD_0024,10/06/2024,3500,1222,436,4286.0,3714.79
INV_103802,WH_09,PROD_0067,10/07/2024,4622,265,1158,3729.0,2914.54
INV_103803,WH_02,PROD_0003,01/09/2024,3739,820,1266,3293.0,2859.52
INV_103804,WH_07,PROD_0287,08/06/2024,1589,911,1353,1147.0,750.61
INV_103805,WH_07,PROD_0029,21/06/2024,1673,460,1424,709.0,691.99
INV_103806,WH_03,PROD_0119,10/09/2024,4221,1352,431,5142.0,5820.59
INV_103807,WH_04,PROD_0083,14/03/2024,3181,501,636,3046.0,3768.52
INV_103808,WH_05,PROD_0143,09/07/2024,2623,1057,938,2742.0,2618.71
INV_103809,WH_07,PROD_0243,26/10/2024,1796,894,333,2357.0,2131.35
INV_103810,WH_10,PROD_0260,25/05/2024,1895,1105,364,2636.0,2905.08
INV_103811,WH_06,PROD_0187,10/08/2024,3614,107,265,3456.0,2247.72
INV_103812,WH_08,PROD_0135,29/11/2024,1515,1012,244,2283.0,3130.58
INV_103813,WH_06,PROD_0272,11/04/2024,4923,1207,147,5983.0,8520.72
INV_103814,WH_11,PROD_0261,12/11/2024,1486,665,929,1222.0,962.16
INV_103815,WH_06,PROD_0269,15/02/2024,1306,1081,1262,1125.0,1282.18
INV_103816,WH_11,PROD_0011,22/08/2024,3754,554,979,3329.0,2989.77
INV_103817,WH_13,PROD_0236,12/04/2024,2124,1464,990,2598.0,1681.29
INV_103818,WH_13,PROD_0109,18/10/2024,4353,307,719,3941.0,5176.07
INV_103819,WH_13,PROD_0167,06/02/2024,4928,1459,1045,5342.0,4109.37
INV_103820,WH_01,PROD_0239,08/08/2024,2835,954,136,3653.0,2795.38
INV_103821,WH_02,PROD_0265,07/11/2024,703,553,1067,189.0,153.48
INV_103822,WH_13,PROD_0173,28/12/2024,4557,176,1039,,0.0
INV_103823,WH_11,PROD_0145,17/12/2024,1937,351,581,1707.0,2471.98
INV_103824,WH_14,PROD_0098,09/07/2024,4396,827,1255,3968.0,2768.83
INV_103825,WH_03,PROD_0176,16/06/2024,3020,1253,959,3314.0,2787.62
INV_103826,WH_07,PROD_0102,24/11/2024,1965,481,250,2196.0,3112.49
INV_103827,WH_12,PROD_0064,08/02/2024,1585,1198,1061,1722.0,1589.99
INV_103828,WH_11,PROD_0119,29/11/2024,3152,1403,1332,3223.0,4074.9
INV_103829,WH_14,PROD_0125,21/03/2024,1346,547,813,1080.0,1524.8
INV_103830,WH_10,PROD_0041,29/07/2024,2139,399,566,1972.0,2240.09
INV_103831,WH_05,PROD_0197,28/05/2024,1343,212,1056,499.0,625.04
INV_103832,WH_01,PROD_0219,03/03/2024,2229,1356,1375,2210.0,2863.9
INV_103833,WH_07,PROD_0165,10/09/2024,957,650,1456,151.0,156.38
INV_103834,WH_08,PROD_0246,19/06/2024,3075,1034,1188,2921.0,2413.55
INV_103835,WH_01,PROD_0092,10/07/2024,4238,315,1154,3399.0,2860.48
INV_103836,WH_04,PROD_0084,11/04/2024,823,1210,714,1319.0,1043.08
INV_103837,WH_11,PROD_0189,15/06/2024,4311,421,1105,3627.0,3372.1
INV_103838,WH_12,PROD_0214,08/02/2024,1003,1090,226,1867.0,1833.67
INV_103839,WH_05,PROD_0178,21/07/2024,4866,666,991,,0.0
INV_103840,WH_15,PROD_0280,21/04/2024,663,1423,1291,795.0,941.22
INV_103841,WH_06,PROD_0294,22/01/2024,1042,513,510,1045.0,1009.14
INV_103842,WH_09,PROD_0098,19/03/2024,3256,706,275,3687.0,2889.91
INV_103843,WH_01,PROD_0194,24/04/2024,665,368,659,374.0,296.11
INV_103844,WH_11,PROD_0129,02/02/2024,4793,1402,1403,4792.0,5307.67
INV_103845,WH_01,PROD_0073,31/05/2024,1649,841,288,2202.0,3146.45
INV_103846,WH_07,PROD_0240,11/03/2024,1152,486,905,733.0,1002.12
INV_103847,WH_14,PROD_0094,01/01/2024,4788,1438,1076,5150.0,6451.29
INV_103848,WH_05,PROD_0277,21/04/2024,4559,1248,608,5199.0,4446.18
INV_103849,WH_11,PROD_0063,18/08/2024,1428,305,895,838.0,604.8
INV_103850,WH_09,PROD_0123,16/09/2024,4701,1057,285,5473.0,8121.52
INV_103851,WH_08,PROD_0210,19/04/2024,2484,484,450,2518.0,2392.87
INV_103852,WH_04,PROD_0203,23/12/2024,2463,218,915,,0.0
INV_103853,WH_15,PROD_0158,16/08/2024,1586,1162,963,,0.0
INV_103854,WH_06,PROD_0093,25/09/2024,2448,364,1092,1720.0,1947.37
INV_103855,WH_01,PROD_0239,05/06/2024,4732,417,121,5028.0,6727.37
INV_103856,WH_09,PROD_0241,31/01/2024,534,776,1138,,0.0
INV_103857,WH_06,PROD_0270,10/10/2024,1065,1328,284,2109.0,1513.06
INV_103858,WH_06,PROD_0142,27/07/2024,2580,832,474,2938.0,2835.37
INV_103859,WH_09,PROD_0093,22/02/2024,4488,788,406,4870.0,5307.23
INV_103860,WH_01,PROD_0090,13/01/2024,2813,539,1490,1862.0,2715.11
INV_103861,WH_02,PROD_0055,27/07/2024,3885,1087,333,4639.0,2549.57
INV_103862,WH_08,PROD_0174,03/05/2024,1450,376,894,932.0,1008.33
INV_103863,WH_15,PROD_0087,04/09/2024,3156,545,369,3332.0,1749.61
INV_103864,WH_02,PROD_0108,31/12/2024,4049,805,1137,3717.0,2738.67
INV_103865,WH_06,PROD_0064,29/10/2024,3890,1086,982,3994.0,3198.36
INV_103866,WH_12,PROD_0152,22/11/2024,1505,1274,1254,1525.0,1558.08
INV_103867,WH_06,PROD_0253,11/09/2024,1501,1355,341,2515.0,3708.57
INV_103868,WH_15,PROD_0286,11/11/2024,1163,617,910,870.0,832.69
INV_103869,WH_08,PROD_0011,03/01/2024,2212,1033,835,2410.0,2366.66
INV_103870,WH_12,PROD_0255,19/06/2024,4773,455,1164,4064.0,4475.52
INV_103871,WH_05,PROD_0212,24/06/2024,1566,1399,489,2476.0,3447.77
INV_103872,WH_04,PROD_0047,02/04/2024,4860,1134,980,5014.0,6701.61
INV_103873,WH_12,PROD_0242,03/04/2024,4927,1013,1457,4483.0,6456.22
INV_103874,WH_02,PROD_0152,25/08/2024,3793,1176,1193,3776.0,4154.89
INV_103875,WH_02,PROD_0092,22/07/2024,4648,692,487,4853.0,7030.65
INV_103876,WH_14,PROD_0224,24/09/2024,4440,606,1240,3806.0,3856.55
INV_103877,WH_02,PROD_0266,08/12/2024,1348,357,937,768.0,386.63
INV_103878,WH_05,PROD_0266,27/06/2024,804,193,1003,-6.0,-3.64
INV_103879,WH_06,PROD_0055,10/08/2024,757,256,1027,-14.0,-18.99
INV_103880,WH_13,PROD_0066,13/07/2024,3640,1446,1223,3863.0,5549.32
INV_103881,WH_02,PROD_0028,16/02/2024,520,599,847,272.0,393.81
INV_103882,WH_04,PROD_0262,15/09/2024,1229,758,446,,0.0
INV_103883,WH_02,PROD_0206,15/03/2024,1809,940,775,1974.0,1140.41
INV_103884,WH_05,PROD_0264,10/10/2024,594,635,685,544.0,791.47
INV_103885,WH_02,PROD_0004,28/11/2024,4102,694,902,3894.0,3199.89
INV_103886,WH_07,PROD_0241,31/08/2024,1043,454,598,899.0,571.46
INV_103887,WH_12,PROD_0224,26/06/2024,767,766,1029,504.0,424.28
INV_103888,WH_09,PROD_0112,23/08/2024,1761,108,768,1101.0,1437.56
INV_103889,WH_01,PROD_0218,03/06/2024,3028,919,1341,2606.0,2598.58
INV_103890,WH_01,PROD_0147,15/05/2024,3888,615,223,4280.0,2195.95
INV_103891,WH_03,PROD_0039,19/06/2024,2540,486,898,2128.0,2850.15
INV_103892,WH_07,PROD_0153,06/06/2024,1625,937,183,2379.0,2785.84
INV_103893,WH_05,PROD_0193,02/10/2024,3969,385,479,,0.0
INV_103894,WH_06,PROD_0129,11/09/2024,2381,1171,1469,2083.0,1972.63
INV_103895,WH_13,PROD_0017,14/05/2024,1138,1420,888,1670.0,1715.13
INV_103896,WH_09,PROD_0135,15/05/2024,3508,1059,581,3986.0,3366.92
INV_103897,WH_11,PROD_0167,23/08/2024,1513,358,738,1133.0,617.67
INV_103898,WH_01,PROD_0270,17/10/2024,4869,369,1075,4163.0,2790.22
INV_103899,WH_09,PROD_0055,06/04/2024,746,532,345,933.0,802.85
INV_103900,WH_11,PROD_0115,18/10/2024,4945,1435,294,,0.0
INV_103901,WH_03,PROD_0184,31/05/2024,4888,1184,107,5965.0,8682.79
INV_103902,WH_14,PROD_0136,10/05/2024,4634,976,713,4897.0,6663.97
INV_103903,WH_11,PROD_0221,01/12/2024,2919,1088,929,3078.0,1814.85
INV_103904,WH_08,PROD_0124,04/06/2024,2929,473,779,2623.0,2517.42
INV_103905,WH_05,PROD_0038,26/11/2024,4144,815,289,4670.0,6263.79
INV_103906,WH_10,PROD_0072,24/01/2024,3030,462,688,2804.0,2073.91
INV_103907,WH_03,PROD_0277,23/06/2024,1207,1378,817,1768.0,2651.77
INV_103908,WH_03,PROD_0254,12/07/2024,1700,715,1038,1377.0,1025.06
INV_103909,WH_01,PROD_0300,09/10/2024,3662,877,1174,3365.0,3649.28
INV_103910,WH_13,PROD_0129,29/08/2024,2836,827,185,3478.0,2366.62
INV_103911,WH_15,PROD_0103,23/07/2024,942,1048,961,1029.0,1072.58
INV_103912,WH_11,PROD_0260,27/08/2024,1736,481,439,1778.0,1818.32
INV_103913,WH_04,PROD_0208,26/08/2024,1985,885,1285,1585.0,1358.12
INV_103914,WH_06,PROD_0089,08/10/2024,4607,1173,231,5549.0,6522.05
INV_103915,WH_07,PROD_0183,01/11/2024,3376,1368,160,4584.0,5775.65
INV_103916,WH_10,PROD_0182,19/04/2024,3418,749,1257,2910.0,3139.05
INV_103917,WH_08,PROD_0005,31/05/2024,4671,701,1415,3957.0,5853.73
INV_103918,WH_01,PROD_0172,09/03/2024,4372,227,553,4046.0,4794.72
INV_103919,WH_14,PROD_0145,19/06/2024,2681,241,1290,1632.0,2346.58
INV_103920,WH_09,PROD_0087,25/11/2024,1930,1379,1026,,0.0
INV_103921,WH_13,PROD_0208,19/04/2024,767,933,1251,,0.0
INV_103922,WH_12,PROD_0056,27/04/2024,3998,422,1423,2997.0,1619.26
INV_103923,WH_02,PROD_0181,22/07/2024,1135,933,1318,750.0,889.69
INV_103924,WH_04,PROD_0170,06/12/2024,3376,881,1285,2972.0,1895.38
INV_103925,WH_09,PROD_0250,03/07/2024,1010,1259,184,2085.0,1660.82
INV_103926,WH_05,PROD_0251,19/06/2024,2772,270,322,2720.0,3513.51
INV_103927,WH_08,PROD_0117,20/04/2024,2383,587,1154,1816.0,1239.93
INV_103928,WH_02,PROD_0027,20/08/2024,3341,929,1360,2910.0,1759.71
INV_103929,WH_06,PROD_0194,04/04/2024,4568,409,1386,3591.0,3933.53
INV_103930,WH_07,PROD_0152,15/04/2024,1289,380,381,1288.0,1239.06
INV_103931,WH_07,PROD_0139,23/09/2024,3616,386,996,3006.0,2973.11
INV_103932,WH_08,PROD_0119,14/06/2024,1646,1040,1441,1245.0,1651.45
INV_103933,WH_06,PROD_0284,02/04/2024,4943,1493,960,5476.0,3886.28
INV_103934,WH_07,PROD_0067,19/08/2024,3581,491,168,3904.0,3728.4
INV_103935,WH_09,PROD_0278,20/02/2024,4665,1327,471,5521.0,3607.21
INV_103936,WH_02,PROD_0042,11/07/2024,4885,745,893,4737.0,4134.31
INV_103937,WH_03,PROD_0209,06/09/2024,4029,1322,853,4498.0,4788.0
INV_103938,WH_07,PROD_0135,25/07/2024,1061,1021,1260,822.0,905.56
INV_103939,WH_06,PROD_0206,17/08/2024,4904,1092,293,5703.0,4199.25
INV_103940,WH_05,PROD_0098,27/06/2024,4958,869,364,5463.0,7339.72
INV_103941,WH_15,PROD_0211,18/03/2024,4058,801,1361,3498.0,2027.66
INV_103942,WH_15,PROD_0074,15/05/2024,4696,563,798,4461.0,4811.9
INV_103943,WH_03,PROD_0203,31/07/2024,3611,315,890,3036.0,3100.2
INV_103944,WH_15,PROD_0132,30/06/2024,4730,365,557,4538.0,4370.93
INV_103945,WH_11,PROD_0094,06/11/2024,2943,1295,440,3798.0,2555.37
INV_103946,WH_13,PROD_0127,06/10/2024,3654,1007,1374,3287.0,2851.9
INV_103947,WH_05,PROD_0018,11/06/2024,2112,837,1332,1617.0,1167.33
INV_103948,WH_14,PROD_0008,20/07/2024,4003,777,833,3947.0,2351.12
INV_103949,WH_05,PROD_0138,23/10/2024,4049,586,1251,3384.0,4386.86
INV_103950,WH_14,PROD_0091,27/05/2024,3024,337,602,2759.0,3720.43
INV_103951,WH_13,PROD_0218,20/02/2024,2170,1044,378,2836.0,1945.99
INV_103952,WH_06,PROD_0109,25/03/2024,4817,385,432,4770.0,5761.65
INV_103953,WH_15,PROD_0096,17/01/2024,3888,430,906,3412.0,4397.49
INV_103954,WH_08,PROD_0204,02/06/2024,4062,1287,196,5153.0,4965.56
INV_103955,WH_05,PROD_0178,01/06/2024,4192,372,1395,3169.0,3235.52
INV_103956,WH_05,PROD_0257,24/04/2024,3749,971,492,,0.0
INV_103957,WH_03,PROD_0097,01/05/2024,1247,502,400,1349.0,1031.31
INV_103958,WH_13,PROD_0188,07/01/2024,3257,1472,597,4132.0,2683.93
INV_103959,WH_05,PROD_0129,19/02/2024,1331,1375,101,2605.0,3697.46
INV_103960,WH_03,PROD_0135,22/12/2024,2442,570,402,2610.0,2159.38
INV_103961,WH_08,PROD_0127,01/09/2024,4454,1238,535,5157.0,2596.99
INV_103962,WH_10,PROD_0278,06/10/2024,3756,505,1149,3112.0,4549.49
INV_103963,WH_07,PROD_0233,31/03/2024,1590,676,1425,841.0,494.73
INV_103964,WH_02,PROD_0166,09/05/2024,1272,515,457,,0.0
INV_103965,WH_13,PROD_0221,20/09/2024,3402,140,131,3411.0,2741.09
INV_103966,WH_13,PROD_0171,07/08/2024,4000,1206,1078,4128.0,5474.07
INV_103967,WH_12,PROD_0100,20/11/2024,3931,1240,348,4823.0,4652.21
INV_103968,WH_02,PROD_0157,25/01/2024,3352,617,1049,2920.0,2546.64
INV_103969,WH_07,PROD_0120,06/07/2024,1601,792,638,1755.0,2366.5
INV_103970,WH_07,PROD_0031,02/05/2024,928,1352,455,1825.0,2620.94
INV_103971,WH_13,PROD_0197,30/04/2024,4984,196,1032,4148.0,2186.25
INV_103972,WH_12,PROD_0130,18/04/2024,2351,462,1111,1702.0,1776.0
INV_103973,WH_01,PROD_0227,28/11/2024,2489,407,1033,1863.0,1008.64
INV_103974,WH_03,PROD_0237,25/07/2024,3874,133,693,3314.0,1674.44
INV_103975,WH_02,PROD_0256,04/05/2024,2250,620,964,1906.0,1988.47
INV_103976,WH_15,PROD_0104,18/02/2024,2179,817,788,2208.0,3223.03
INV_103977,WH_04,PROD_0014,02/06/2024,3093,1394,1354,3133.0,1809.68
INV_103978,WH_14,PROD_0247,01/12/2024,4767,886,285,5368.0,7790.65
INV_103979,WH_10,PROD_0172,26/01/2024,3608,1046,467,4187.0,5965.81
INV_103980,WH_03,PROD_0017,27/12/2024,2376,1025,242,3159.0,4280.59
INV_103981,WH_14,PROD_0290,04/02/2024,2436,353,644,2145.0,1735.85
INV_103982,WH_08,PROD_0255,01/12/2024,2645,393,782,2256.0,1917.18
INV_103983,WH_11,PROD_0092,11/12/2024,1207,545,1165,587.0,798.51
INV_103984,WH_10,PROD_0120,08/05/2024,2853,686,716,2823.0,3681.22
INV_103985,WH_13,PROD_0213,12/12/2024,3156,636,935,2857.0,3614.23
INV_103986,WH_01,PROD_0047,25/08/2024,3838,860,1060,3638.0,5046.95
INV_103987,WH_04,PROD_0025,17/03/2024,859,1343,733,1469.0,1954.3
INV_103988,WH_03,PROD_0057,08/06/2024,3140,826,1333,2633.0,1595.29
INV_103989,WH_04,PROD_0099,10/03/2024,3898,1063,1288,3673.0,2048.15
INV_103990,WH_01,PROD_0202,25/11/2024,2321,350,1384,,0.0
INV_103991,WH_03,PROD_0127,08/01/2024,2077,412,233,2256.0,1770.14
INV_103992,WH_05,PROD_0294,22/02/2024,1862,726,731,1857.0,1769.47
INV_103993,WH_04,PROD_0116,10/11/2024,4563,1291,480,5374.0,5836.62
INV_103994,WH_09,PROD_0054,20/07/2024,3536,511,855,3192.0,4613.46
INV_103995,WH_09,PROD_0141,28/02/2024,1871,132,494,1509.0,1871.89
INV_103996,WH_10,PROD_0043,05/12/2024,961,1039,830,1170.0,1555.46
INV_103997,WH_02,PROD_0247,14/02/2024,4027,401,927,3501.0,4102.63
INV_103998,WH_02,PROD_0219,14/09/2024,1647,436,497,1586.0,1654.96
INV_103999,WH_04,PROD_0076,26/08/2024,3506,345,1484,2367.0,1418.6
INV_104000,WH_08,PROD_0209,16/11/2024,2982,1477,1371,3088.0,2511.25
INV_104001,WH_01,PROD_0264,26/12/2024,3709,182,532,3359.0,4483.23
INV_104002,WH_07,PROD_0070,08/07/2024,3785,1282,1075,3992.0,3732.71
INV_104003,WH_05,PROD_0111,06/12/2024,2067,373,164,2276.0,3338.3
INV_104004,WH_14,PROD_0121,25/05/2024,2692,139,1257,1574.0,1264.88
INV_104005,WH_11,PROD_0008,25/01/2024,4270,1217,1136,4351.0,5835.52
INV_104006,WH_14,PROD_0232,22/02/2024,1073,1347,476,1944.0,1463.1
INV_104007,WH_15,PROD_0274,31/07/2024,1124,1212,406,1930.0,2234.77
INV_104008,WH_02,PROD_0293,28/01/2024,2653,417,1494,1576.0,2218.34
INV_104009,WH_05,PROD_0254,30/04/2024,3905,1347,762,4490.0,4923.76
INV_104010,WH_09,PROD_0058,19/09/2024,987,878,279,1586.0,1601.65
INV_104011,WH_06,PROD_0242,20/08/2024,4607,1037,660,4984.0,5782.72
INV_104012,WH_03,PROD_0043,11/04/2024,1805,515,1231,1089.0,736.15
INV_104013,WH_10,PROD_0155,31/08/2024,1070,177,927,320.0,266.82
INV_104014,WH_06,PROD_0234,07/04/2024,2500,1026,1064,2462.0,1373.03
INV_104015,WH_13,PROD_0006,09/05/2024,3670,388,254,3804.0,3736.71
INV_104016,WH_14,PROD_0250,26/03/2024,4425,315,978,3762.0,5636.05
INV_104017,WH_14,PROD_0154,04/10/2024,2387,595,381,2601.0,1719.85
INV_104018,WH_07,PROD_0277,09/04/2024,1569,345,171,1743.0,956.82
INV_104019,WH_06,PROD_0180,03/07/2024,1548,909,173,2284.0,3221.55
INV_104020,WH_13,PROD_0109,18/09/2024,1227,843,760,1310.0,1871.06
INV_104021,WH_05,PROD_0262,12/07/2024,2202,327,1384,1145.0,1324.81
INV_104022,WH_10,PROD_0208,16/12/2024,3016,1107,1467,2656.0,1975.37
INV_104023,WH_10,PROD_0038,20/06/2024,2753,351,1007,2097.0,2661.76
INV_104024,WH_15,PROD_0003,08/01/2024,4120,1343,471,4992.0,7130.96
INV_104025,WH_05,PROD_0064,03/11/2024,4059,1127,1021,4165.0,5205.54
INV_104026,WH_04,PROD_0224,02/12/2024,1486,1285,1042,1729.0,1166.71
INV_104027,WH_15,PROD_0243,22/02/2024,4206,271,409,4068.0,3247.72
INV_104028,WH_08,PROD_0297,14/09/2024,1223,1355,510,2068.0,1683.37
INV_104029,WH_15,PROD_0033,27/03/2024,2834,251,930,2155.0,2727.49
INV_104030,WH_10,PROD_0056,23/01/2024,1052,780,1464,368.0,414.33
INV_104031,WH_14,PROD_0227,04/08/2024,3243,306,1494,2055.0,2362.12
INV_104032,WH_14,PROD_0043,21/10/2024,2798,1353,923,3228.0,2961.22
INV_104033,WH_15,PROD_0196,16/09/2024,2913,179,200,2892.0,3733.25
INV_104034,WH_04,PROD_0202,20/08/2024,3252,1004,1409,2847.0,4190.7
INV_104035,WH_04,PROD_0077,06/08/2024,1415,779,377,1817.0,1424.71
INV_104036,WH_07,PROD_0214,01/06/2024,1786,984,1355,1415.0,713.17
INV_104037,WH_03,PROD_0179,09/08/2024,1075,635,310,1400.0,1695.63
INV_104038,WH_01,PROD_0035,23/10/2024,2080,418,106,2392.0,1305.75
INV_104039,WH_07,PROD_0186,25/10/2024,2765,773,1330,2208.0,1441.59
INV_104040,WH_12,PROD_0201,06/04/2024,3750,928,1118,3560.0,3938.45
INV_104041,WH_05,PROD_0291,13/05/2024,4061,1150,728,4483.0,6655.53
INV_104042,WH_04,PROD_0005,04/09/2024,1585,811,328,2068.0,2417.11
INV_104043,WH_11,PROD_0201,05/05/2024,4541,1246,833,4954.0,6830.19
INV_104044,WH_11,PROD_0021,08/01/2024,594,1335,1135,794.0,544.78
INV_104045,WH_01,PROD_0290,29/01/2024,3656,838,171,4323.0,3560.23
INV_104046,WH_13,PROD_0166,15/11/2024,3086,1245,1489,2842.0,3349.35
INV_104047,WH_13,PROD_0097,26/09/2024,2296,1436,833,2899.0,2762.19
INV_104048,WH_15,PROD_0009,16/01/2024,1975,295,683,1587.0,2216.44
INV_104049,WH_07,PROD_0110,25/10/2024,4658,375,1156,3877.0,1984.55
INV_104050,WH_13,PROD_0220,09/05/2024,526,519,939,106.0,102.03
INV_104051,WH_15,PROD_0075,07/09/2024,4029,1140,446,4723.0,6307.27
INV_104052,WH_04,PROD_0021,28/02/2024,4300,967,741,4526.0,4456.22
INV_104053,WH_11,PROD_0120,16/05/2024,842,216,1498,-440.0,-378.69
INV_104054,WH_12,PROD_0125,22/03/2024,4361,662,988,4035.0,2159.55
INV_104055,WH_02,PROD_0116,22/04/2024,782,463,1490,-245.0,-170.97
INV_104056,WH_01,PROD_0141,16/01/2024,3642,857,1086,3413.0,4837.31
INV_104057,WH_06,PROD_0063,23/04/2024,3312,1204,1079,3437.0,3684.21
INV_104058,WH_07,PROD_0278,10/08/2024,1616,505,716,1405.0,1749.06
INV_104059,WH_10,PROD_0031,10/06/2024,4155,657,478,4334.0,3884.97
INV_104060,WH_06,PROD_0029,03/07/2024,2899,229,986,2142.0,2932.24
INV_104061,WH_08,PROD_0134,20/09/2024,1040,1428,711,1757.0,2198.64
INV_104062,WH_05,PROD_0175,26/04/2024,1947,418,1393,972.0,982.17
INV_104063,WH_07,PROD_0195,26/07/2024,510,111,879,-258.0,-254.39
INV_104064,WH_13,PROD_0233,14/02/2024,608,715,126,1197.0,1503.29
INV_104065,WH_15,PROD_0078,19/11/2024,4810,964,930,4844.0,4499.02
INV_104066,WH_12,PROD_0085,14/06/2024,4687,1332,788,5231.0,3314.35
INV_104067,WH_02,PROD_0052,13/12/2024,768,477,492,753.0,508.95
INV_104068,WH_10,PROD_0272,01/10/2024,4632,1422,992,5062.0,3401.32
INV_104069,WH_14,PROD_0025,23/11/2024,3963,631,496,4098.0,2741.96
INV_104070,WH_14,PROD_0045,29/03/2024,2217,1093,362,2948.0,2808.6
INV_104071,WH_03,PROD_0077,29/04/2024,2140,896,630,2406.0,2000.29
INV_104072,WH_09,PROD_0067,25/09/2024,2334,1336,425,3245.0,3776.42
INV_104073,WH_04,PROD_0280,31/08/2024,2171,689,1268,1592.0,1439.37
INV_104074,WH_10,PROD_0299,25/02/2024,958,587,386,1159.0,1593.13
INV_104075,WH_12,PROD_0143,18/03/2024,4641,1321,198,5764.0,7155.44
INV_104076,WH_10,PROD_0195,16/07/2024,2176,1370,753,2793.0,2999.04
INV_104077,WH_02,PROD_0105,16/03/2024,3097,858,1176,2779.0,2139.58
INV_104078,WH_08,PROD_0039,22/07/2024,2359,567,899,2027.0,2430.98
INV_104079,WH_08,PROD_0118,06/05/2024,2240,177,1406,1011.0,591.99
INV_104080,WH_14,PROD_0278,02/04/2024,4858,676,1448,4086.0,3660.53
INV_104081,WH_10,PROD_0054,17/12/2024,2943,1429,1185,3187.0,4756.87
INV_104082,WH_09,PROD_0279,02/11/2024,2323,295,608,,0.0
INV_104083,WH_07,PROD_0228,02/11/2024,3203,809,1329,2683.0,1674.23
INV_104084,WH_07,PROD_0147,23/07/2024,3640,462,162,3940.0,5277.16
INV_104085,WH_08,PROD_0245,23/08/2024,768,175,1276,-333.0,-463.06
INV_104086,WH_09,PROD_0136,25/11/2024,3422,932,652,3702.0,3904.49
INV_104087,WH_09,PROD_0267,01/08/2024,4960,1357,1288,5029.0,2797.32
INV_104088,WH_13,PROD_0138,13/12/2024,4139,1364,195,5308.0,4617.66
INV_104089,WH_13,PROD_0296,09/08/2024,2628,928,913,2643.0,3788.14
INV_104090,WH_13,PROD_0162,02/03/2024,4832,617,1078,4371.0,3824.42
INV_104091,WH_12,PROD_0256,10/06/2024,3893,216,219,3890.0,4397.99
INV_104092,WH_10,PROD_0100,30/06/2024,2095,1042,1418,1719.0,2032.04
INV_104093,WH_11,PROD_0135,02/10/2024,976,757,1034,699.0,436.03
INV_104094,WH_07,PROD_0120,09/10/2024,4444,525,1117,3852.0,3394.31
INV_104095,WH_08,PROD_0224,30/05/2024,1061,138,172,1027.0,1073.63
INV_104096,WH_05,PROD_0117,30/04/2024,2628,732,245,3115.0,3029.65
INV_104097,WH_10,PROD_0045,07/08/2024,3901,969,1258,3612.0,5378.4
INV_104098,WH_10,PROD_0247,28/07/2024,4149,374,384,4139.0,2739.85
INV_104099,WH_15,PROD_0042,28/11/2024,2445,1325,1075,2695.0,1546.03
INV_104100,WH_09,PROD_0042,20/09/2024,1443,761,137,2067.0,1674.11
INV_104101,WH_05,PROD_0018,30/05/2024,3617,1023,849,3791.0,2946.4
INV_104102,WH_06,PROD_0024,07/09/2024,1278,348,444,1182.0,1491.42
INV_104103,WH_07,PROD_0013,26/11/2024,3823,1309,285,4847.0,3811.76
INV_104104,WH_07,PROD_0035,05/09/2024,1994,1459,1212,2241.0,2323.08
INV_104105,WH_15,PROD_0105,30/08/2024,725,739,317,1147.0,1583.77
INV_104106,WH_06,PROD_0170,20/06/2024,914,329,635,608.0,339.55
INV_104107,WH_10,PROD_0172,16/03/2024,3225,650,721,3154.0,3646.45
INV_104108,WH_12,PROD_0300,24/12/2024,3126,1285,1191,3220.0,3798.77
INV_104109,WH_11,PROD_0068,22/12/2024,2779,643,1326,2096.0,3081.87
INV_104110,WH_14,PROD_0211,13/05/2024,2291,1061,639,2713.0,2849.23
INV_104111,WH_03,PROD_0188,18/10/2024,4137,747,178,4706.0,3814.03
INV_104112,WH_10,PROD_0299,27/06/2024,2630,186,811,2005.0,2425.06
INV_104113,WH_02,PROD_0098,04/03/2024,3070,1317,900,3487.0,2343.62
INV_104114,WH_14,PROD_0180,27/02/2024,4837,171,292,4716.0,2810.6
INV_104115,WH_07,PROD_0022,11/04/2024,2224,1186,845,2565.0,2674.73
INV_104116,WH_08,PROD_0142,21/11/2024,3907,1069,854,4122.0,2562.52
INV_104117,WH_10,PROD_0135,02/02/2024,1940,637,881,1696.0,1400.34
INV_104118,WH_12,PROD_0088,12/03/2024,4631,259,396,4494.0,5409.03
INV_104119,WH_01,PROD_0087,23/03/2024,1004,1337,800,1541.0,2254.7
INV_104120,WH_13,PROD_0213,25/11/2024,1095,1337,1105,1327.0,1767.37
INV_104121,WH_15,PROD_0090,14/09/2024,2226,499,1027,1698.0,1544.17
INV_104122,WH_03,PROD_0290,27/11/2024,4102,1171,1394,3879.0,3659.61
INV_104123,WH_06,PROD_0192,24/06/2024,1090,467,1132,425.0,324.72
INV_104124,WH_08,PROD_0081,04/11/2024,1763,587,364,1986.0,1928.77
INV_104125,WH_05,PROD_0297,27/02/2024,2004,1066,1190,1880.0,1370.06
INV_104126,WH_02,PROD_0148,02/07/2024,2381,337,910,1808.0,2605.11
INV_104127,WH_15,PROD_0057,12/06/2024,4906,1431,999,5338.0,4437.11
INV_104128,WH_03,PROD_0222,24/05/2024,2014,822,662,2174.0,2694.73
INV_104129,WH_07,PROD_0136,26/02/2024,4266,1492,285,5473.0,4286.23
INV_104130,WH_04,PROD_0224,27/09/2024,3501,609,1098,3012.0,2640.28
INV_104131,WH_13,PROD_0065,28/06/2024,1792,170,616,,0.0
INV_104132,WH_13,PROD_0193,22/05/2024,2709,805,1052,2462.0,2569.15
INV_104133,WH_02,PROD_0134,26/02/2024,4675,1056,317,5414.0,7913.05
INV_104134,WH_07,PROD_0043,24/07/2024,754,286,644,396.0,518.31
INV_104135,WH_12,PROD_0292,23/02/2024,1117,778,188,1707.0,2375.22
INV_104136,WH_15,PROD_0056,18/05/2024,3939,226,1414,2751.0,3939.47
INV_104137,WH_03,PROD_0242,23/08/2024,2889,1152,377,3664.0,3172.92
INV_104138,WH_04,PROD_0175,25/09/2024,2686,308,164,2830.0,2439.26
INV_104139,WH_02,PROD_0208,08/05/2024,1575,1023,673,1925.0,2615.04
INV_104140,WH_03,PROD_0264,04/02/2024,1064,1257,1322,999.0,1131.32
INV_104141,WH_14,PROD_0048,16/07/2024,4836,1481,781,5536.0,7880.0
INV_104142,WH_01,PROD_0109,09/04/2024,1109,186,555,,0.0
INV_104143,WH_13,PROD_0054,10/07/2024,4499,102,548,4053.0,3508.72
INV_104144,WH_03,PROD_0035,16/04/2024,3279,576,926,2929.0,3452.81
INV_104145,WH_10,PROD_0231,13/02/2024,1043,325,746,622.0,921.48
INV_104146,WH_07,PROD_0215,12/11/2024,782,1250,628,,0.0
INV_104147,WH_05,PROD_0203,09/12/2024,1384,1079,1187,1276.0,1649.03
INV_104148,WH_01,PROD_0111,02/08/2024,2491,1128,1460,2159.0,3227.08
INV_104149,WH_01,PROD_0240,09/11/2024,4306,1418,393,5331.0,3242.83
INV_104150,WH_07,PROD_0004,19/02/2024,2558,870,1444,1984.0,1667.57
INV_104151,WH_03,PROD_0094,05/01/2024,4696,421,1020,4097.0,2116.11
INV_104152,WH_05,PROD_0273,16/10/2024,4337,1124,1092,4369.0,4956.02
INV_104153,WH_14,PROD_0206,08/05/2024,938,217,1446,-291.0,-270.38
INV_104154,WH_06,PROD_0146,02/04/2024,3423,470,1224,,0.0
INV_104155,WH_13,PROD_0211,18/10/2024,1333,738,453,1618.0,1756.5
INV_104156,WH_12,PROD_0112,03/10/2024,4961,803,1045,4719.0,5575.11
INV_104157,WH_02,PROD_0113,11/11/2024,2326,652,354,2624.0,1609.24
INV_104158,WH_09,PROD_0049,22/03/2024,715,850,667,898.0,1095.02
INV_104159,WH_02,PROD_0279,07/11/2024,3173,1368,1407,3134.0,3644.33
INV_104160,WH_11,PROD_0259,14/03/2024,4633,143,864,3912.0,5368.31
INV_104161,WH_02,PROD_0281,17/06/2024,4468,376,528,4316.0,4119.77
INV_104162,WH_02,PROD_0081,05/12/2024,4541,1098,1311,4328.0,3442.22
INV_104163,WH_11,PROD_0283,15/05/2024,1213,1090,1483,820.0,588.61
INV_104164,WH_02,PROD_0020,03/06/2024,2273,1447,1311,2409.0,2908.35
INV_104165,WH_03,PROD_0144,04/07/2024,1417,1277,441,2253.0,1154.1
INV_104166,WH_13,PROD_0159,03/03/2024,3705,621,650,3676.0,3375.36
INV_104167,WH_02,PROD_0201,06/09/2024,4209,164,446,3927.0,3276.31
INV_104168,WH_10,PROD_0091,11/05/2024,794,363,400,,0.0
INV_104169,WH_07,PROD_0106,20/03/2024,926,1046,953,1019.0,967.3
INV_104170,WH_09,PROD_0166,30/04/2024,1621,806,871,1556.0,1689.58
INV_104171,WH_03,PROD_0026,21/01/2024,2506,520,339,2687.0,2854.68
INV_104172,WH_11,PROD_0228,11/07/2024,843,856,1220,479.0,524.43
INV_104173,WH_01,PROD_0066,04/11/2024,4942,277,1494,3725.0,2241.03
INV_104174,WH_06,PROD_0240,17/07/2024,3965,332,968,3329.0,2179.41
INV_104175,WH_11,PROD_0281,19/12/2024,4562,410,1071,3901.0,2267.93
INV_104176,WH_05,PROD_0265,23/06/2024,813,1162,276,1699.0,2184.47
INV_104177,WH_02,PROD_0026,11/10/2024,887,1421,163,2145.0,1411.36
INV_104178,WH_15,PROD_0009,25/10/2024,4158,601,326,4433.0,6046.91
INV_104179,WH_15,PROD_0012,09/01/2024,3186,852,869,3169.0,4692.57
INV_104180,WH_10,PROD_0137,17/09/2024,653,506,680,,0.0
INV_104181,WH_13,PROD_0135,22/11/2024,2967,730,1193,2504.0,2353.13
INV_104182,WH_14,PROD_0236,10/10/2024,1159,1262,1062,1359.0,1792.17
INV_104183,WH_13,PROD_0268,04/04/2024,2214,507,1255,1466.0,1069.05
INV_104184,WH_08,PROD_0191,18/12/2024,1114,252,1466,-100.0,-97.67
INV_104185,WH_11,PROD_0078,14/02/2024,2295,1425,1308,2412.0,1460.0
INV_104186,WH_14,PROD_0246,04/06/2024,1266,539,170,1635.0,2016.99
INV_104187,WH_10,PROD_0168,10/11/2024,3703,719,1338,3084.0,3636.91
INV_104188,WH_02,PROD_0135,29/04/2024,3929,410,1150,3189.0,2487.13
INV_104189,WH_10,PROD_0080,25/12/2024,4718,985,955,4748.0,6688.34
INV_104190,WH_12,PROD_0299,09/06/2024,1427,121,458,1090.0,1081.22
INV_104191,WH_04,PROD_0104,27/12/2024,1708,1354,493,2569.0,2351.41
INV_104192,WH_07,PROD_0263,27/06/2024,615,1435,1445,605.0,874.4
INV_104193,WH_03,PROD_0108,13/10/2024,852,676,599,,0.0
INV_104194,WH_02,PROD_0282,25/02/2024,2945,753,235,3463.0,2731.79
INV_104195,WH_13,PROD_0001,17/11/2024,1593,1479,368,2704.0,3463.28
INV_104196,WH_04,PROD_0239,12/09/2024,875,207,214,868.0,648.77
INV_104197,WH_05,PROD_0035,03/04/2024,684,1226,1009,901.0,774.98
INV_104198,WH_08,PROD_0144,06/08/2024,2437,1198,530,3105.0,3815.86
INV_104199,WH_08,PROD_0166,03/07/2024,3492,1322,986,3828.0,3940.23
INV_104200,WH_05,PROD_0123,11/07/2024,1620,436,178,1878.0,1436.13
INV_104201,WH_04,PROD_0021,21/10/2024,2324,137,1446,1015.0,1183.39
INV_104202,WH_14,PROD_0226,22/04/2024,628,855,1427,56.0,42.87
INV_104203,WH_03,PROD_0067,29/05/2024,1294,1125,1272,,0.0
INV_104204,WH_01,PROD_0235,18/12/2024,2886,1278,564,3600.0,4670.52
INV_104205,WH_15,PROD_0016,06/10/2024,4565,667,648,4584.0,3552.82
INV_104206,WH_08,PROD_0044,29/01/2024,2870,650,165,3355.0,4510.25
INV_104207,WH_06,PROD_0233,12/02/2024,2320,1118,1266,2172.0,2519.08
INV_104208,WH_14,PROD_0106,04/07/2024,1857,1205,414,2648.0,1822.1
INV_104209,WH_02,PROD_0198,31/07/2024,2653,850,1183,2320.0,2904.51
INV_104210,WH_08,PROD_0026,29/09/2024,3221,1030,1367,2884.0,1785.09
INV_104211,WH_10,PROD_0172,23/02/2024,3608,720,572,3756.0,2372.83
INV_104212,WH_03,PROD_0118,05/09/2024,2383,940,985,2338.0,1802.28
INV_104213,WH_05,PROD_0166,31/08/2024,2560,168,922,1806.0,1518.24
INV_104214,WH_11,PROD_0237,26/08/2024,4225,249,831,3643.0,1887.1
INV_104215,WH_02,PROD_0236,11/05/2024,810,868,1295,383.0,474.18
INV_104216,WH_09,PROD_0096,13/03/2024,1968,929,1217,1680.0,1241.6
INV_104217,WH_12,PROD_0112,30/06/2024,3281,350,446,3185.0,4039.22
INV_104218,WH_08,PROD_0187,06/02/2024,1175,1243,742,1676.0,2113.46
INV_104219,WH_13,PROD_0065,11/05/2024,3218,696,1013,2901.0,3661.77
INV_104220,WH_01,PROD_0255,14/03/2024,2722,531,834,2419.0,3570.72
INV_104221,WH_05,PROD_0022,09/12/2024,1140,1431,1108,1463.0,890.05
INV_104222,WH_08,PROD_0300,23/04/2024,1685,1160,201,2644.0,3119.12
INV_104223,WH_11,PROD_0252,19/08/2024,2607,401,109,2899.0,2987.08
INV_104224,WH_04,PROD_0032,14/03/2024,3074,464,886,2652.0,1916.36
INV_104225,WH_04,PROD_0042,11/06/2024,3298,492,488,3302.0,3301.55
INV_104226,WH_02,PROD_0166,03/01/2024,859,478,1321,16.0,17.13
INV_104227,WH_04,PROD_0105,07/09/2024,1607,938,294,2251.0,1650.68
INV_104228,WH_02,PROD_0132,12/01/2024,1675,103,314,1464.0,1167.11
INV_104229,WH_14,PROD_0229,11/07/2024,2351,210,633,1928.0,2253.86
INV_104230,WH_15,PROD_0082,17/07/2024,1603,517,364,1756.0,2111.85
INV_104231,WH_02,PROD_0030,26/09/2024,746,1339,231,1854.0,1014.41
INV_104232,WH_05,PROD_0288,25/03/2024,2825,857,225,3457.0,4465.06
INV_104233,WH_02,PROD_0192,12/06/2024,4345,1424,696,5073.0,6956.42
INV_104234,WH_01,PROD_0119,05/01/2024,2403,1007,738,2672.0,1657.62
INV_104235,WH_10,PROD_0077,13/03/2024,1290,1455,547,2198.0,2129.12
INV_104236,WH_12,PROD_0201,07/11/2024,1040,861,1343,558.0,511.5
INV_104237,WH_11,PROD_0004,25/04/2024,2149,776,681,2244.0,2026.98
INV_104238,WH_15,PROD_0082,27/04/2024,2926,178,1197,1907.0,997.62
INV_104239,WH_02,PROD_0017,20/01/2024,4245,278,661,3862.0,3894.76
INV_104240,WH_12,PROD_0174,06/11/2024,1736,665,820,,0.0
INV_104241,WH_05,PROD_0175,10/02/2024,4745,1074,542,5277.0,4071.62
INV_104242,WH_06,PROD_0219,14/02/2024,2525,314,1209,1630.0,1442.9
INV_104243,WH_03,PROD_0158,13/05/2024,4432,300,1494,3238.0,2546.18
INV_104244,WH_06,PROD_0145,05/07/2024,2330,1244,373,3201.0,3352.28
INV_104245,WH_09,PROD_0287,20/03/2024,3783,478,1049,3212.0,4167.34
INV_104246,WH_01,PROD_0096,26/02/2024,3828,334,284,3878.0,3745.43
INV_104247,WH_05,PROD_0129,28/06/2024,4545,221,563,4203.0,4845.81
INV_104248,WH_06,PROD_0064,12/03/2024,2842,132,917,2057.0,1699.36
INV_104249,WH_05,PROD_0076,01/04/2024,1360,1382,715,2027.0,1114.35
INV_104250,WH_12,PROD_0156,01/01/2024,2524,683,140,3067.0,1911.59
INV_104251,WH_07,PROD_0081,11/03/2024,2285,734,1335,1684.0,1275.08
INV_104252,WH_14,PROD_0051,02/12/2024,3631,1230,1104,3757.0,5058.94
INV_104253,WH_15,PROD_0145,12/08/2024,703,753,681,775.0,775.9
INV_104254,WH_09,PROD_0097,07/11/2024,3016,1385,494,3907.0,2470.04
INV_104255,WH_15,PROD_0004,21/04/2024,3195,1441,556,4080.0,4063.3
INV_104256,WH_03,PROD_0251,26/10/2024,606,1467,1028,1045.0,1127.94
INV_104257,WH_02,PROD_0060,12/08/2024,4609,1452,299,,0.0
INV_104258,WH_08,PROD_0261,13/11/2024,1553,888,1415,1026.0,701.33
INV_104259,WH_14,PROD_0048,23/10/2024,578,181,293,466.0,376.69
INV_104260,WH_04,PROD_0144,05/11/2024,2067,946,1126,1887.0,1954.69
INV_104261,WH_11,PROD_0294,12/12/2024,4553,511,657,4407.0,3564.22
INV_104262,WH_12,PROD_0140,24/05/2024,3897,1449,641,4705.0,6441.66
INV_104263,WH_09,PROD_0036,06/01/2024,4381,1175,169,5387.0,5938.06
INV_104264,WH_07,PROD_0119,31/07/2024,908,811,968,751.0,568.83
INV_104265,WH_15,PROD_0191,05/07/2024,3844,939,1403,3380.0,3862.0
INV_104266,WH_08,PROD_0057,26/01/2024,2332,958,1400,1890.0,2630.86
INV_104267,WH_01,PROD_0041,18/09/2024,4430,117,352,4195.0,2511.49
INV_104268,WH_11,PROD_0214,14/07/2024,1999,562,646,1915.0,1595.96
INV_104269,WH_08,PROD_0043,29/10/2024,1044,467,511,1000.0,954.46
INV_104270,WH_08,PROD_0267,23/05/2024,4217,913,1347,3783.0,5188.4
INV_104271,WH_06,PROD_0193,24/02/2024,1754,611,330,2035.0,1155.66
INV_104272,WH_05,PROD_0205,23/04/2024,2346,548,672,2222.0,2820.85
INV_104273,WH_05,PROD_0212,18/05/2024,962,1478,183,2257.0,2851.5
INV_104274,WH_11,PROD_0008,27/09/2024,1280,1284,1189,1375.0,2059.68
INV_104275,WH_10,PROD_0087,19/02/2024,3463,884,737,3610.0,2183.09
INV_104276,WH_10,PROD_0057,08/11/2024,2004,308,523,1789.0,2134.34
INV_104277,WH_09,PROD_0027,13/04/2024,3666,1101,1007,3760.0,4871.68
INV_104278,WH_07,PROD_0064,16/02/2024,505,1073,1411,167.0,120.14
INV_104279,WH_15,PROD_0031,28/07/2024,838,1465,1463,840.0,542.3
INV_104280,WH_05,PROD_0186,13/06/2024,4499,719,1306,3912.0,3084.54
INV_104281,WH_06,PROD_0226,22/07/2024,4715,263,792,4186.0,4688.91
INV_104282,WH_11,PROD_0194,09/04/2024,1831,822,1149,1504.0,1856.77
INV_104283,WH_15,PROD_0198,19/02/2024,2563,1288,985,2866.0,2956.48
INV_104284,WH_14,PROD_0182,19/04/2024,978,566,407,1137.0,1394.74
INV_104285,WH_06,PROD_0259,24/12/2024,3643,728,1257,,0.0
INV_104286,WH_01,PROD_0265,20/04/2024,2618,286,710,2194.0,1164.01
INV_104287,WH_14,PROD_0235,03/08/2024,2719,1231,1193,2757.0,2191.61
INV_104288,WH_10,PROD_0265,09/10/2024,3666,290,273,3683.0,2620.71
INV_104289,WH_12,PROD_0031,11/01/2024,2293,973,351,2915.0,4023.41
INV_104290,WH_06,PROD_0262,14/01/2024,1021,261,1081,201.0,274.1
INV_104291,WH_05,PROD_0091,05/12/2024,1356,1196,1177,1375.0,1992.87
INV_104292,WH_10,PROD_0189,16/02/2024,776,537,1190,,0.0
INV_104293,WH_10,PROD_0115,24/02/2024,1415,280,1106,589.0,807.34
INV_104294,WH_01,PROD_0010,27/03/2024,774,563,323,1014.0,1400.78
INV_104295,WH_12,PROD_0238,17/01/2024,4386,1320,1262,4444.0,2714.5
INV_104296,WH_11,PROD_0299,30/08/2024,4166,988,527,4627.0,6717.95
INV_104297,WH_11,PROD_0293,01/02/2024,1090,504,1171,423.0,625.02
INV_104298,WH_14,PROD_0156,24/03/2024,3599,140,338,3401.0,3758.03
INV_104299,WH_05,PROD_0166,17/02/2024,3680,365,1296,2749.0,1490.86
INV_104300,WH_05,PROD_0297,16/01/2024,3599,362,809,3152.0,3304.79
INV_104301,WH_09,PROD_0262,14/05/2024,4453,1240,191,5502.0,8208.71
INV_104302,WH_01,PROD_0035,11/03/2024,685,314,617,382.0,447.61
INV_104303,WH_05,PROD_0171,29/01/2024,3203,125,562,2766.0,2406.79
INV_104304,WH_06,PROD_0190,07/12/2024,865,1468,1246,1087.0,883.87
INV_104305,WH_04,PROD_0131,08/09/2024,1208,613,1364,,0.0
INV_104306,WH_07,PROD_0114,10/09/2024,2875,1073,1035,2913.0,2853.27
INV_104307,WH_06,PROD_0043,29/11/2024,1714,379,1110,983.0,1277.87
INV_104308,WH_05,PROD_0122,02/02/2024,4210,901,592,4519.0,6643.17
INV_104309,WH_02,PROD_0070,27/11/2024,3258,498,334,3422.0,2546.26
INV_104310,WH_09,PROD_0112,22/07/2024,2420,324,1064,1680.0,1892.23
INV_104311,WH_06,PROD_0165,10/02/2024,1535,1387,1140,1782.0,1455.64
INV_104312,WH_12,PROD_0244,11/09/2024,957,970,493,1434.0,1059.82
INV_104313,WH_10,PROD_0101,10/12/2024,1339,1225,118,2446.0,1715.46
INV_104314,WH_04,PROD_0259,15/12/2024,1752,1196,267,2681.0,3773.99
INV_104315,WH_15,PROD_0218,05/06/2024,2984,156,544,2596.0,1715.97
INV_104316,WH_10,PROD_0006,25/09/2024,1034,284,1019,299.0,390.93
INV_104317,WH_14,PROD_0253,22/11/2024,4263,771,1101,3933.0,3793.13
INV_104318,WH_07,PROD_0002,27/11/2024,3026,891,447,3470.0,3775.59
INV_104319,WH_10,PROD_0182,05/10/2024,1158,107,216,1049.0,1329.19
INV_104320,WH_06,PROD_0104,18/03/2024,541,1276,279,1538.0,1853.67
INV_104321,WH_01,PROD_0107,05/06/2024,4427,888,1426,3889.0,4076.47
INV_104322,WH_13,PROD_0007,14/05/2024,4203,1187,1136,,0.0
INV_104323,WH_11,PROD_0204,09/09/2024,2604,857,1082,2379.0,2300.94
INV_104324,WH_15,PROD_0088,27/01/2024,4827,114,1011,3930.0,2160.57
INV_104325,WH_07,PROD_0194,29/12/2024,940,231,811,360.0,530.48
INV_104326,WH_09,PROD_0135,31/03/2024,799,1096,1329,566.0,639.47
INV_104327,WH_02,PROD_0043,25/07/2024,3085,525,1284,2326.0,2971.91
INV_104328,WH_01,PROD_0182,31/08/2024,2824,1002,1147,,0.0
INV_104329,WH_08,PROD_0155,18/02/2024,2841,1403,793,3451.0,3785.06
INV_104330,WH_08,PROD_0103,04/11/2024,2680,781,507,2954.0,3886.72
INV_104331,WH_01,PROD_0186,01/10/2024,2595,379,874,2100.0,2710.28
INV_104332,WH_10,PROD_0281,15/02/2024,2459,110,850,1719.0,1993.91
INV_104333,WH_10,PROD_0295,20/03/2024,2131,1023,352,2802.0,3798.47
INV_104334,WH_08,PROD_0100,28/05/2024,4512,234,253,4493.0,3615.95
INV_104335,WH_12,PROD_0299,08/06/2024,2224,903,945,2182.0,1443.92
INV_104336,WH_11,PROD_0230,20/09/2024,1619,594,885,1328.0,1484.8
INV_104337,WH_10,PROD_0141,25/05/2024,3589,1405,281,4713.0,4401.44
INV_104338,WH_04,PROD_0234,13/01/2024,4039,690,729,4000.0,4599.47
INV_104339,WH_06,PROD_0021,21/10/2024,3523,443,377,3589.0,2591.63
INV_104340,WH_08,PROD_0014,24/11/2024,2016,140,877,1279.0,847.23
INV_104341,WH_05,PROD_0268,27/11/2024,2486,1119,916,2689.0,1590.04
INV_104342,WH_10,PROD_0297,07/10/2024,1229,1089,1339,979.0,1063.32
INV_104343,WH_10,PROD_0029,02/08/2024,4643,1146,595,5194.0,6173.28
INV_104344,WH_15,PROD_0212,26/03/2024,4062,1007,465,4604.0,6483.13
INV_104345,WH_13,PROD_0034,23/01/2024,4154,1492,1443,4203.0,2636.13
INV_104346,WH_14,PROD_0007,05/07/2024,1032,648,755,925.0,1290.97
INV_104347,WH_03,PROD_0275,16/10/2024,2757,1339,1338,2758.0,4076.7
INV_104348,WH_06,PROD_0260,03/06/2024,1573,260,653,1180.0,1693.82
INV_104349,WH_08,PROD_0140,04/09/2024,1444,826,505,1765.0,2437.26
INV_104350,WH_01,PROD_0263,25/12/2024,3424,1266,1444,3246.0,2749.68
INV_104351,WH_15,PROD_0012,26/05/2024,3885,732,254,4363.0,5646.09
INV_104352,WH_02,PROD_0157,07/03/2024,3504,1201,660,4045.0,2551.57
INV_104353,WH_10,PROD_0030,02/09/2024,1646,305,460,1491.0,1795.71
INV_104354,WH_06,PROD_0235,03/09/2024,3945,305,933,3317.0,1895.07
INV_104355,WH_12,PROD_0241,28/11/2024,1861,1328,192,2997.0,1584.25
INV_104356,WH_11,PROD_0258,09/03/2024,2017,1166,811,2372.0,3139.39
INV_104357,WH_02,PROD_0205,29/01/2024,1878,566,1142,1302.0,1799.67
INV_104358,WH_08,PROD_0047,15/08/2024,537,604,587,554.0,801.22
INV_104359,WH_02,PROD_0220,17/04/2024,3654,979,879,3754.0,3004.9
INV_104360,WH_09,PROD_0063,29/02/2024,2179,164,1385,958.0,1376.49
INV_104361,WH_09,PROD_0277,22/01/2024,2630,832,632,2830.0,2945.21
INV_104362,WH_11,PROD_0216,22/02/2024,4436,571,892,4115.0,2791.84
INV_104363,WH_04,PROD_0192,31/01/2024,3810,495,1276,3029.0,2303.64
INV_104364,WH_07,PROD_0109,07/11/2024,2308,892,1068,2132.0,2212.26
INV_104365,WH_01,PROD_0192,04/08/2024,4369,370,994,3745.0,2130.68
INV_104366,WH_05,PROD_0034,18/11/2024,1462,1239,1360,1341.0,1667.24
INV_104367,WH_15,PROD_0085,17/10/2024,1220,1289,1398,1111.0,1321.86
INV_104368,WH_14,PROD_0079,19/06/2024,1866,1186,1472,1580.0,867.66
INV_104369,WH_13,PROD_0049,09/11/2024,4466,956,577,4845.0,5821.62
INV_104370,WH_09,PROD_0294,24/03/2024,1436,167,590,1013.0,1052.41
INV_104371,WH_05,PROD_0064,15/11/2024,600,1121,1341,380.0,367.39
INV_104372,WH_05,PROD_0171,06/02/2024,1152,148,417,883.0,952.61
INV_104373,WH_04,PROD_0036,01/08/2024,1397,1078,572,1903.0,2049.6
INV_104374,WH_03,PROD_0237,19/10/2024,2649,1444,952,3141.0,3302.05
INV_104375,WH_10,PROD_0019,20/10/2024,4952,1016,1046,4922.0,6196.63
INV_104376,WH_13,PROD_0150,13/12/2024,1227,1131,445,1913.0,2061.67
INV_104377,WH_06,PROD_0106,01/05/2024,780,890,1027,643.0,828.16
INV_104378,WH_11,PROD_0219,03/07/2024,2335,597,146,2786.0,2616.52
INV_104379,WH_13,PROD_0195,28/09/2024,2966,959,1051,2874.0,3819.52
INV_104380,WH_03,PROD_0214,04/02/2024,3488,170,303,3355.0,3950.18
INV_104381,WH_12,PROD_0062,07/05/2024,2764,1149,331,3582.0,4840.83
INV_104382,WH_11,PROD_0037,05/09/2024,915,458,462,911.0,780.59
INV_104383,WH_02,PROD_0172,02/01/2024,900,1357,664,1593.0,1334.69
INV_104384,WH_06,PROD_0009,15/12/2024,4571,618,649,4540.0,2517.59
INV_104385,WH_10,PROD_0033,07/10/2024,4971,873,301,5543.0,5832.83
INV_104386,WH_06,PROD_0235,22/08/2024,1631,742,665,1708.0,2480.55
INV_104387,WH_06,PROD_0166,08/06/2024,4460,1467,1371,,0.0
INV_104388,WH_13,PROD_0261,23/10/2024,760,324,749,335.0,388.22
INV_104389,WH_14,PROD_0286,12/10/2024,1785,1114,169,2730.0,3743.69
INV_104390,WH_06,PROD_0213,11/06/2024,2649,597,568,2678.0,3158.83
INV_104391,WH_09,PROD_0276,22/05/2024,3507,1276,695,4088.0,4029.22
INV_104392,WH_12,PROD_0096,12/07/2024,3217,852,628,3441.0,4537.67
INV_104393,WH_13,PROD_0161,19/03/2024,2917,1325,699,3543.0,3968.41
INV_104394,WH_02,PROD_0051,29/06/2024,2537,219,1428,1328.0,897.45
INV_104395,WH_03,PROD_0002,15/03/2024,1679,1096,1025,1750.0,2108.44
INV_104396,WH_14,PROD_0212,30/06/2024,3777,626,154,4249.0,6286.12
INV_104397,WH_09,PROD_0169,24/12/2024,3317,1218,173,4362.0,4393.09
INV_104398,WH_01,PROD_0008,04/01/2024,4101,441,1417,,0.0
INV_104399,WH_03,PROD_0103,26/06/2024,2168,686,280,2574.0,1839.35
INV_104400,WH_06,PROD_0056,28/05/2024,3539,822,1394,2967.0,3685.12
INV_104401,WH_04,PROD_0117,04/09/2024,634,565,594,605.0,664.23
INV_104402,WH_12,PROD_0121,31/07/2024,4675,648,876,,0.0
INV_104403,WH_05,PROD_0164,21/12/2024,4118,743,1144,3717.0,3691.4
INV_104404,WH_14,PROD_0161,07/10/2024,4034,1287,724,4597.0,4193.5
INV_104405,WH_02,PROD_0052,16/11/2024,4293,1444,961,4776.0,2786.38
INV_104406,WH_02,PROD_0089,02/11/2024,4485,256,321,4420.0,4451.77
INV_104407,WH_06,PROD_0176,03/07/2024,4583,240,880,3943.0,5218.96
INV_104408,WH_03,PROD_0148,24/05/2024,2774,1188,298,3664.0,2728.12
INV_104409,WH_15,PROD_0012,24/12/2024,1824,438,1461,801.0,1174.66
INV_104410,WH_05,PROD_0206,06/12/2024,4835,1096,1024,4907.0,5870.9
INV_104411,WH_08,PROD_0089,17/02/2024,3572,1319,547,4344.0,5824.14
INV_104412,WH_02,PROD_0130,25/06/2024,3231,159,1185,2205.0,1260.13
INV_104413,WH_15,PROD_0107,15/06/2024,891,172,1326,-263.0,-177.96
INV_104414,WH_04,PROD_0125,12/10/2024,802,172,897,77.0,89.29
INV_104415,WH_15,PROD_0022,07/09/2024,4930,1060,116,5874.0,7781.66
INV_104416,WH_10,PROD_0286,10/07/2024,941,271,533,679.0,893.87
INV_104417,WH_01,PROD_0178,18/12/2024,1004,674,863,815.0,951.48
INV_104418,WH_05,PROD_0047,05/10/2024,1302,1212,1047,1467.0,1253.28
INV_104419,WH_05,PROD_0198,26/09/2024,1496,1370,826,2040.0,1561.1
INV_104420,WH_06,PROD_0015,15/11/2024,2534,607,1117,2024.0,2710.4
INV_104421,WH_05,PROD_0071,19/09/2024,4420,1472,1421,4471.0,5195.12
INV_104422,WH_08,PROD_0145,23/08/2024,2172,365,450,2087.0,2877.84
INV_104423,WH_04,PROD_0159,13/09/2024,4278,408,205,4481.0,5544.26
INV_104424,WH_12,PROD_0274,23/03/2024,4758,1357,1371,4744.0,4672.66
INV_104425,WH_12,PROD_0214,12/01/2024,4293,457,438,4312.0,5766.79
INV_104426,WH_01,PROD_0287,10/05/2024,1422,1447,1311,1558.0,1188.45
INV_104427,WH_03,PROD_0077,15/06/2024,4286,118,1281,3123.0,2289.04
INV_104428,WH_05,PROD_0254,29/07/2024,3944,334,1466,2812.0,3727.85
INV_104429,WH_09,PROD_0283,08/10/2024,2854,436,1194,2096.0,1456.68
INV_104430,WH_05,PROD_0238,03/01/2024,1114,864,705,1273.0,1037.21
INV_104431,WH_11,PROD_0086,19/12/2024,2994,553,615,2932.0,3178.07
INV_104432,WH_04,PROD_0078,02/02/2024,4354,1248,896,4706.0,2657.69
INV_104433,WH_11,PROD_0121,25/11/2024,4704,785,243,5246.0,3863.4
INV_104434,WH_14,PROD_0103,16/12/2024,2289,1264,1221,2332.0,2284.57
INV_104435,WH_15,PROD_0272,20/04/2024,2678,750,607,2821.0,3584.95
INV_104436,WH_06,PROD_0211,19/02/2024,2923,1135,512,3546.0,3962.47
INV_104437,WH_12,PROD_0121,31/01/2024,503,600,1158,-55.0,-72.35
INV_104438,WH_10,PROD_0272,06/11/2024,1736,311,200,1847.0,1387.7
INV_104439,WH_15,PROD_0164,25/12/2024,3509,115,880,2744.0,1457.75
INV_104440,WH_04,PROD_0138,31/05/2024,4223,976,1207,3992.0,2807.92
INV_104441,WH_09,PROD_0024,20/03/2024,2945,897,1064,2778.0,3980.83
INV_104442,WH_11,PROD_0084,21/06/2024,1752,806,1324,1234.0,1804.65
INV_104443,WH_12,PROD_0264,17/07/2024,1259,716,1065,910.0,1203.34
INV_104444,WH_09,PROD_0095,02/08/2024,1662,623,1273,1012.0,1436.33
INV_104445,WH_04,PROD_0294,10/04/2024,4526,1091,864,4753.0,2445.13
INV_104446,WH_05,PROD_0201,18/05/2024,611,537,1477,-329.0,-326.43
INV_104447,WH_14,PROD_0079,22/05/2024,1434,1390,303,2521.0,2959.06
INV_104448,WH_01,PROD_0009,07/07/2024,2563,1059,1383,2239.0,2034.27
INV_104449,WH_05,PROD_0270,13/08/2024,3823,319,1172,2970.0,1516.13
INV_104450,WH_09,PROD_0294,27/07/2024,4098,1386,209,5275.0,6814.24
INV_104451,WH_03,PROD_0219,29/11/2024,4840,865,426,5279.0,3604.31
INV_104452,WH_01,PROD_0058,07/01/2024,2311,639,1410,1540.0,1172.71
INV_104453,WH_06,PROD_0015,15/07/2024,1862,520,1199,1183.0,1007.33
INV_104454,WH_01,PROD_0198,17/01/2024,833,1336,698,1471.0,1140.4
INV_104455,WH_08,PROD_0093,02/05/2024,3796,1256,498,4554.0,5798.48
INV_104456,WH_05,PROD_0205,24/10/2024,4270,1273,1447,4096.0,5451.53
INV_104457,WH_09,PROD_0167,17/10/2024,598,109,1361,-654.0,-702.43
INV_104458,WH_07,PROD_0071,28/07/2024,1310,547,904,953.0,1115.04
INV_104459,WH_08,PROD_0098,25/07/2024,2135,1422,484,3073.0,1911.72
INV_104460,WH_08,PROD_0135,02/08/2024,2013,534,1094,1453.0,1779.51
INV_104461,WH_03,PROD_0134,19/10/2024,4843,1115,386,5572.0,6865.92
INV_104462,WH_11,PROD_0124,24/09/2024,3273,1236,696,3813.0,4656.19
INV_104463,WH_11,PROD_0167,25/05/2024,2154,976,794,2336.0,1717.3
INV_104464,WH_09,PROD_0184,11/05/2024,635,746,1497,-116.0,-100.43
INV_104465,WH_15,PROD_0241,18/08/2024,1278,476,1477,277.0,174.65
INV_104466,WH_08,PROD_0173,18/10/2024,4612,558,188,4982.0,4892.99
INV_104467,WH_03,PROD_0046,08/04/2024,3332,536,1385,2483.0,1675.22
INV_104468,WH_03,PROD_0090,28/10/2024,1152,632,193,1591.0,901.96
INV_104469,WH_07,PROD_0175,17/09/2024,2726,903,1055,2574.0,2288.18
INV_104470,WH_10,PROD_0126,26/11/2024,3324,1388,597,4115.0,2663.27
INV_104471,WH_07,PROD_0259,27/04/2024,4808,483,1216,4075.0,2964.34
INV_104472,WH_01,PROD_0266,09/05/2024,3690,744,413,4021.0,3958.59
INV_104473,WH_08,PROD_0092,22/07/2024,3548,698,1421,,0.0
INV_104474,WH_04,PROD_0047,20/12/2024,639,450,1059,30.0,18.3
INV_104475,WH_07,PROD_0205,14/12/2024,4101,728,1274,3555.0,2332.4
INV_104476,WH_12,PROD_0143,05/06/2024,2868,564,389,3043.0,3683.82
INV_104477,WH_08,PROD_0229,24/11/2024,3549,1287,912,3924.0,3636.34
INV_104478,WH_13,PROD_0060,03/12/2024,4073,289,857,3505.0,4928.32
INV_104479,WH_05,PROD_0192,16/07/2024,1884,310,1286,908.0,874.19
INV_104480,WH_02,PROD_0184,30/01/2024,1429,129,876,682.0,868.44
INV_104481,WH_10,PROD_0010,14/08/2024,1640,316,1047,909.0,492.68
INV_104482,WH_11,PROD_0142,08/06/2024,1314,886,208,1992.0,1965.48
INV_104483,WH_09,PROD_0004,24/09/2024,3951,285,138,4098.0,4807.9
INV_104484,WH_03,PROD_0194,30/07/2024,1167,158,383,942.0,1049.31
INV_104485,WH_13,PROD_0124,18/10/2024,1661,1332,806,,0.0
INV_104486,WH_05,PROD_0151,01/05/2024,1689,128,118,1699.0,975.95
INV_104487,WH_08,PROD_0050,12/04/2024,2457,367,186,2638.0,3304.83
INV_104488,WH_12,PROD_0204,02/05/2024,1942,673,569,2046.0,1855.12
INV_104489,WH_01,PROD_0205,26/01/2024,4363,993,1279,4077.0,5319.17
INV_104490,WH_02,PROD_0085,12/01/2024,1604,1416,814,2206.0,1706.15
INV_104491,WH_10,PROD_0226,15/01/2024,4563,287,1038,3812.0,2679.79
INV_104492,WH_03,PROD_0108,02/09/2024,2941,622,792,2771.0,1819.21
INV_104493,WH_13,PROD_0275,06/03/2024,2058,1296,1031,2323.0,1332.72
INV_104494,WH_05,PROD_0080,11/10/2024,4918,129,301,4746.0,5336.4
INV_104495,WH_04,PROD_0285,28/02/2024,4335,1193,453,5075.0,6228.55
INV_104496,WH_03,PROD_0003,21/05/2024,1771,381,1156,996.0,1142.42
INV_104497,WH_01,PROD_0063,25/04/2024,4347,1087,908,4526.0,4093.9
INV_104498,WH_11,PROD_0264,27/12/2024,4760,626,956,4430.0,3452.36
INV_104499,WH_03,PROD_0235,15/07/2024,987,911,1375,523.0,739.95
INV_104500,WH_12,PROD_0289,15/02/2024,2601,280,1281,1600.0,2390.16
INV_104501,WH_09,PROD_0060,11/12/2024,1383,1266,220,2429.0,3608.18
INV_104502,WH_10,PROD_0245,27/04/2024,4108,1489,321,5276.0,6494.66
INV_104503,WH_07,PROD_0005,27/08/2024,3528,342,251,3619.0,3663.04
INV_104504,WH_06,PROD_0166,16/10/2024,3911,1452,237,5126.0,7147.4
INV_104505,WH_02,PROD_0076,01/09/2024,4603,466,299,4770.0,3864.2
INV_104506,WH_09,PROD_0118,11/01/2024,1734,829,1030,1533.0,1279.65
INV_104507,WH_12,PROD_0211,24/07/2024,817,649,648,818.0,1220.73
INV_104508,WH_02,PROD_0247,09/09/2024,4501,606,1349,3758.0,1931.0
INV_104509,WH_02,PROD_0027,01/08/2024,1063,368,1082,349.0,510.35
INV_104510,WH_02,PROD_0076,30/06/2024,3328,300,1063,2565.0,2621.55
INV_104511,WH_10,PROD_0054,01/06/2024,623,281,170,734.0,1059.83
INV_104512,WH_09,PROD_0141,04/07/2024,3672,879,1008,3543.0,4492.1
INV_104513,WH_10,PROD_0182,15/12/2024,2446,1236,306,3376.0,3201.61
INV_104514,WH_02,PROD_0053,28/10/2024,4045,1015,420,4640.0,4307.4
INV_104515,WH_14,PROD_0275,29/08/2024,640,1497,990,1147.0,1564.73
INV_104516,WH_09,PROD_0257,14/05/2024,1277,416,1470,223.0,248.42
INV_104517,WH_02,PROD_0181,02/01/2024,2622,181,784,2019.0,1793.02
INV_104518,WH_10,PROD_0044,05/09/2024,2912,944,704,3152.0,3129.44
INV_104519,WH_07,PROD_0070,16/08/2024,1420,1469,994,1895.0,1523.55
INV_104520,WH_03,PROD_0009,05/02/2024,2492,404,1364,1532.0,1912.52
INV_104521,WH_14,PROD_0136,21/06/2024,2776,820,1385,2211.0,2972.27
INV_104522,WH_07,PROD_0153,08/05/2024,1075,364,756,683.0,787.27
INV_104523,WH_02,PROD_0069,29/05/2024,2794,1229,1494,2529.0,2405.28
INV_104524,WH_01,PROD_0296,08/12/2024,3393,599,169,3823.0,2424.01
INV_104525,WH_01,PROD_0042,22/02/2024,2988,625,1334,2279.0,1139.77
INV_104526,WH_12,PROD_0013,27/03/2024,3962,624,1098,3488.0,1780.11
INV_104527,WH_05,PROD_0292,21/09/2024,3129,796,1370,2555.0,2444.93
INV_104528,WH_02,PROD_0204,13/06/2024,1951,474,1343,1082.0,704.52
INV_104529,WH_14,PROD_0032,21/08/2024,704,1327,176,1855.0,2655.42
INV_104530,WH_03,PROD_0199,20/05/2024,4043,979,1096,,0.0
INV_104531,WH_01,PROD_0200,21/07/2024,4407,204,867,3744.0,2924.25
INV_104532,WH_11,PROD_0052,16/12/2024,630,182,421,391.0,493.88
INV_104533,WH_05,PROD_0190,05/07/2024,3771,676,459,3988.0,3539.34
INV_104534,WH_06,PROD_0013,27/07/2024,3415,628,379,3664.0,2647.74
INV_104535,WH_14,PROD_0239,29/11/2024,2981,618,291,3308.0,2226.61
INV_104536,WH_13,PROD_0186,24/11/2024,2888,1292,728,3452.0,2195.9
INV_104537,WH_02,PROD_0017,29/04/2024,3203,934,1419,2718.0,2382.72
INV_104538,WH_13,PROD_0281,15/08/2024,1313,930,1478,765.0,645.72
INV_104539,WH_01,PROD_0212,31/03/2024,4831,980,829,4982.0,7387.04
INV_104540,WH_03,PROD_0108,18/11/2024,4666,760,1438,3988.0,2548.73
INV_104541,WH_10,PROD_0058,01/01/2024,4505,863,120,5248.0,4687.63
INV_104542,WH_15,PROD_0150,22/10/2024,4495,642,599,4538.0,4031.38
INV_104543,WH_10,PROD_0216,06/10/2024,4530,520,268,4782.0,6952.63
INV_104544,WH_03,PROD_0038,10/10/2024,1746,734,165,2315.0,1356.04
INV_104545,WH_13,PROD_0292,20/05/2024,1470,762,281,1951.0,1945.61
INV_104546,WH_02,PROD_0021,25/12/2024,1631,1178,1160,1649.0,890.2
INV_104547,WH_10,PROD_0088,25/01/2024,3853,608,1285,3176.0,1861.83
INV_104548,WH_03,PROD_0108,14/05/2024,4394,1081,946,4529.0,6401.0
INV_104549,WH_13,PROD_0141,26/06/2024,2509,283,805,1987.0,2460.9
INV_104550,WH_07,PROD_0027,28/12/2024,1192,567,657,1102.0,1592.84
INV_104551,WH_11,PROD_0064,15/04/2024,3618,119,1096,2641.0,1503.52
INV_104552,WH_04,PROD_0065,19/06/2024,1153,616,511,1258.0,1667.88
INV_104553,WH_11,PROD_0170,09/11/2024,2338,555,1026,1867.0,1259.75
INV_104554,WH_01,PROD_0105,12/02/2024,3741,975,1028,3688.0,5360.8
INV_104555,WH_01,PROD_0252,30/07/2024,1154,123,553,,0.0
INV_104556,WH_04,PROD_0073,12/09/2024,886,185,133,938.0,631.79
INV_104557,WH_01,PROD_0174,22/11/2024,2719,359,151,2927.0,1701.62
INV_104558,WH_03,PROD_0248,21/06/2024,2807,1046,620,3233.0,3888.83
INV_104559,WH_03,PROD_0208,28/10/2024,2424,916,866,2474.0,3574.95
INV_104560,WH_09,PROD_0110,27/08/2024,4598,613,790,,0.0
INV_104561,WH_13,PROD_0179,06/08/2024,4125,968,1369,3724.0,1934.76
INV_104562,WH_01,PROD_0055,12/01/2024,1979,707,1121,1565.0,869.59
INV_104563,WH_06,PROD_0263,09/07/2024,1987,441,103,2325.0,2950.98
INV_104564,WH_06,PROD_0293,22/03/2024,3875,781,635,4021.0,5510.27
INV_104565,WH_12,PROD_0215,31/05/2024,3577,835,582,3830.0,2455.98
INV_104566,WH_08,PROD_0133,08/04/2024,2316,663,311,2668.0,2843.34
INV_104567,WH_02,PROD_0153,11/04/2024,1463,340,995,808.0,568.78
INV_104568,WH_13,PROD_0111,25/05/2024,2491,1439,230,3700.0,5094.54
INV_104569,WH_06,PROD_0101,31/05/2024,4681,541,1383,3839.0,2498.84
INV_104570,WH_14,PROD_0239,24/10/2024,2067,169,289,1947.0,1500.86
INV_104571,WH_12,PROD_0210,01/11/2024,594,764,1405,-47.0,-24.29
INV_104572,WH_13,PROD_0002,29/08/2024,4264,236,534,3966.0,5781.34
INV_104573,WH_03,PROD_0100,26/07/2024,4623,611,1218,4016.0,2447.35
INV_104574,WH_11,PROD_0246,20/10/2024,1150,333,531,952.0,674.58
INV_104575,WH_13,PROD_0024,18/02/2024,708,905,250,1363.0,1697.4
INV_104576,WH_10,PROD_0280,29/08/2024,3346,375,786,2935.0,2745.36
INV_104577,WH_05,PROD_0077,08/02/2024,2956,1152,1153,2955.0,2066.5
INV_104578,WH_09,PROD_0299,29/06/2024,4237,204,848,3593.0,2589.67
INV_104579,WH_08,PROD_0230,15/07/2024,4046,718,832,3932.0,4902.54
INV_104580,WH_04,PROD_0031,19/06/2024,2415,219,860,1774.0,2329.09
INV_104581,WH_02,PROD_0007,28/03/2024,1412,209,218,1403.0,1148.3
INV_104582,WH_10,PROD_0213,09/04/2024,1950,828,1199,1579.0,2254.9
INV_104583,WH_13,PROD_0215,22/04/2024,2352,306,1061,1597.0,1184.08
INV_104584,WH_02,PROD_0149,21/07/2024,983,1383,1041,1325.0,1338.7
INV_104585,WH_03,PROD_0184,27/05/2024,4625,1220,288,5557.0,4365.41
INV_104586,WH_12,PROD_0039,24/08/2024,4991,541,203,5329.0,3972.51
INV_104587,WH_15,PROD_0190,03/02/2024,1865,453,579,,0.0
INV_104588,WH_13,PROD_0050,14/02/2024,4252,1254,462,5044.0,4996.96
INV_104589,WH_11,PROD_0263,03/02/2024,2304,1169,717,2756.0,2714.64
INV_104590,WH_06,PROD_0095,14/06/2024,4528,1282,231,5579.0,7508.19
INV_104591,WH_10,PROD_0117,13/12/2024,1006,1464,608,1862.0,1407.27
INV_104592,WH_02,PROD_0274,28/09/2024,1100,606,820,886.0,1021.66
INV_104593,WH_08,PROD_0058,20/11/2024,848,339,1038,149.0,192.74
INV_104594,WH_05,PROD_0027,22/06/2024,4315,1332,1381,4266.0,6163.09
INV_104595,WH_08,PROD_0105,08/07/2024,1124,699,1324,499.0,573.79
INV_104596,WH_03,PROD_0225,06/06/2024,3510,428,368,3570.0,2248.36
INV_104597,WH_03,PROD_0125,06/03/2024,2128,444,682,1890.0,1037.43
INV_104598,WH_01,PROD_0029,25/09/2024,917,920,1181,656.0,837.49
INV_104599,WH_04,PROD_0008,24/02/2024,3280,190,1376,,0.0
INV_104600,WH_11,PROD_0271,31/05/2024,3813,1423,385,,0.0
INV_104601,WH_02,PROD_0046,12/10/2024,3425,613,363,3675.0,3796.41
INV_104602,WH_03,PROD_0243,19/07/2024,1631,938,1366,1203.0,1427.01
INV_104603,WH_15,PROD_0151,25/01/2024,4215,420,908,3727.0,5142.38
INV_104604,WH_06,PROD_0197,23/04/2024,4731,1193,486,5438.0,3939.68
INV_104605,WH_12,PROD_0261,15/10/2024,1413,666,715,1364.0,1916.48
INV_104606,WH_12,PROD_0002,08/07/2024,3963,851,1364,3450.0,2333.5
INV_104607,WH_05,PROD_0123,21/09/2024,2288,589,1173,1704.0,2365.31
INV_104608,WH_14,PROD_0274,26/02/2024,3762,563,542,3783.0,5208.79
INV_104609,WH_07,PROD_0146,01/07/2024,2699,279,931,2047.0,2961.85
INV_104610,WH_10,PROD_0234,08/09/2024,4098,1192,965,4325.0,4071.02
INV_104611,WH_12,PROD_0157,29/03/2024,4306,653,1100,3859.0,2422.95
INV_104612,WH_02,PROD_0041,12/11/2024,1833,669,630,1872.0,1980.44
INV_104613,WH_09,PROD_0056,06/05/2024,3609,442,519,3532.0,3173.56
INV_104614,WH_12,PROD_0236,20/12/2024,3426,1378,713,4091.0,5985.94
INV_104615,WH_06,PROD_0147,29/01/2024,4451,528,1344,3635.0,4820.44
INV_104616,WH_06,PROD_0062,15/05/2024,1603,1105,220,2488.0,3296.44
INV_104617,WH_12,PROD_0051,02/05/2024,4176,257,975,3458.0,2204.11
INV_104618,WH_10,PROD_0025,04/09/2024,3051,1346,1499,2898.0,3867.8
INV_104619,WH_11,PROD_0141,15/06/2024,676,361,647,390.0,428.94
INV_104620,WH_01,PROD_0206,12/04/2024,2925,1008,1232,2701.0,1636.61
INV_104621,WH_09,PROD_0180,31/12/2024,3379,1229,882,3726.0,2719.25
INV_104622,WH_15,PROD_0042,23/07/2024,2498,542,270,2770.0,2187.51
INV_104623,WH_08,PROD_0202,15/10/2024,2676,990,1085,2581.0,2618.03
INV_104624,WH_14,PROD_0148,26/03/2024,1659,613,181,2091.0,1282.67
INV_104625,WH_04,PROD_0111,21/04/2024,1731,172,432,1471.0,1520.03
INV_104626,WH_05,PROD_0156,22/03/2024,719,508,1487,-260.0,-219.0
INV_104627,WH_10,PROD_0300,04/09/2024,3891,900,404,4387.0,4461.91
INV_104628,WH_13,PROD_0082,29/03/2024,2283,326,870,1739.0,1318.72
INV_104629,WH_09,PROD_0168,07/09/2024,4746,933,110,5569.0,5322.38
INV_104630,WH_09,PROD_0151,28/04/2024,2773,143,1398,1518.0,2198.28
INV_104631,WH_10,PROD_0091,30/10/2024,1454,274,190,1538.0,1273.2
INV_104632,WH_08,PROD_0300,15/03/2024,4727,1377,841,5263.0,3448.78
INV_104633,WH_12,PROD_0282,02/08/2024,4448,169,1298,3319.0,4533.65
INV_104634,WH_15,PROD_0001,31/08/2024,534,203,808,-71.0,-61.44
INV_104635,WH_10,PROD_0215,30/11/2024,4171,972,479,4664.0,2773.74
INV_104636,WH_03,PROD_0091,21/03/2024,1879,1213,986,2106.0,1117.28
INV_104637,WH_06,PROD_0249,01/09/2024,2894,399,1297,1996.0,2104.44
INV_104638,WH_15,PROD_0245,01/08/2024,4920,472,1495,3897.0,4407.7
INV_104639,WH_05,PROD_0022,05/08/2024,4515,194,1016,3693.0,5350.09
INV_104640,WH_13,PROD_0197,26/04/2024,1107,1112,613,,0.0
INV_104641,WH_03,PROD_0156,24/02/2024,3255,375,729,2901.0,4228.99
INV_104642,WH_11,PROD_0020,09/06/2024,1318,1415,237,2496.0,2721.15
INV_104643,WH_06,PROD_0197,25/12/2024,2458,957,350,3065.0,4498.79
INV_104644,WH_02,PROD_0153,21/11/2024,605,290,1196,-301.0,-246.5
INV_104645,WH_12,PROD_0071,31/07/2024,3659,1064,364,4359.0,3726.33
INV_104646,WH_01,PROD_0092,25/04/2024,3573,328,970,2931.0,1897.46
INV_104647,WH_06,PROD_0153,30/09/2024,1017,634,423,1228.0,662.5
INV_104648,WH_10,PROD_0051,17/12/2024,1056,650,1359,347.0,279.18
INV_104649,WH_01,PROD_0163,05/12/2024,4320,1167,830,4657.0,4462.24
INV_104650,WH_04,PROD_0117,07/03/2024,2784,233,257,2760.0,3961.81
INV_104651,WH_01,PROD_0298,13/04/2024,2308,649,1236,1721.0,2350.46
INV_104652,WH_03,PROD_0009,03/03/2024,1112,1199,726,1585.0,2227.19
INV_104653,WH_14,PROD_0132,01/07/2024,4896,844,958,4782.0,3417.73
INV_104654,WH_06,PROD_0254,01/01/2024,3040,427,970,2497.0,3105.04
INV_104655,WH_03,PROD_0280,23/12/2024,2088,1404,730,2762.0,1807.38
INV_104656,WH_04,PROD_0039,09/03/2024,2737,701,872,2566.0,2896.84
INV_104657,WH_10,PROD_0120,03/03/2024,1248,1458,533,2173.0,1680.26
INV_104658,WH_04,PROD_0152,28/10/2024,1689,1116,1060,1745.0,1036.84
INV_104659,WH_04,PROD_0093,30/12/2024,3287,605,722,3170.0,3398.41
INV_104660,WH_08,PROD_0104,26/05/2024,4240,372,983,3629.0,4897.99
INV_104661,WH_15,PROD_0175,08/11/2024,3952,1225,268,4909.0,3645.23
INV_104662,WH_12,PROD_0273,26/04/2024,862,143,414,591.0,749.79
INV_104663,WH_12,PROD_0063,06/10/2024,3822,150,909,3063.0,1783.16
INV_104664,WH_12,PROD_0096,16/11/2024,2322,1156,469,3009.0,2327.13
INV_104665,WH_03,PROD_0147,22/11/2024,1540,674,732,1482.0,1612.62
INV_104666,WH_14,PROD_0221,06/05/2024,4754,632,882,4504.0,4396.57
INV_104667,WH_07,PROD_0040,02/04/2024,3146,941,433,3654.0,2230.23
INV_104668,WH_02,PROD_0252,03/10/2024,2492,943,404,3031.0,4367.43
INV_104669,WH_05,PROD_0241,21/08/2024,3865,704,1398,3171.0,2064.92
INV_104670,WH_14,PROD_0168,16/11/2024,4323,1486,1266,4543.0,2939.14
INV_104671,WH_07,PROD_0101,29/12/2024,1654,1232,1054,1832.0,2451.17
INV_104672,WH_12,PROD_0064,21/04/2024,1598,1482,563,2517.0,3244.65
INV_104673,WH_03,PROD_0078,26/03/2024,4069,1217,1215,4071.0,3487.04
INV_104674,WH_05,PROD_0152,02/08/2024,2820,388,511,2697.0,4016.65
INV_104675,WH_02,PROD_0041,07/05/2024,726,1421,1491,656.0,738.96
INV_104676,WH_02,PROD_0111,26/06/2024,2536,766,141,3161.0,1891.09
INV_104677,WH_06,PROD_0027,30/03/2024,2971,1177,1468,2680.0,3715.68
INV_104678,WH_08,PROD_0016,01/10/2024,2378,1457,935,2900.0,3304.87
INV_104679,WH_12,PROD_0032,11/03/2024,2973,462,168,3267.0,3730.52
INV_104680,WH_06,PROD_0120,03/01/2024,1654,1158,1086,1726.0,1217.74
INV_104681,WH_10,PROD_0100,06/12/2024,1250,895,786,1359.0,1011.21
INV_104682,WH_10,PROD_0035,20/04/2024,1151,454,276,1329.0,1532.1
INV_104683,WH_13,PROD_0011,16/09/2024,4841,1453,832,5462.0,5566.47
INV_104684,WH_05,PROD_0253,28/01/2024,2676,847,1122,2401.0,2134.21
INV_104685,WH_09,PROD_0203,23/12/2024,539,811,102,,0.0
INV_104686,WH_11,PROD_0070,01/01/2024,4173,550,1118,3605.0,5170.15
INV_104687,WH_11,PROD_0193,07/09/2024,913,951,628,1236.0,1818.62
INV_104688,WH_06,PROD_0099,12/02/2024,4429,776,721,4484.0,4978.66
INV_104689,WH_15,PROD_0140,04/11/2024,807,1362,879,1290.0,1682.69
INV_104690,WH_12,PROD_0073,23/05/2024,3485,1309,551,4243.0,6318.63
INV_104691,WH_01,PROD_0092,06/02/2024,2434,690,491,2633.0,3180.44
INV_104692,WH_06,PROD_0221,11/08/2024,2081,146,1450,777.0,1099.67
INV_104693,WH_13,PROD_0143,11/05/2024,3659,591,292,3958.0,2930.66
INV_104694,WH_01,PROD_0099,28/02/2024,4004,193,1085,3112.0,4368.04
INV_104695,WH_10,PROD_0060,25/02/2024,4066,574,1256,3384.0,4719.91
INV_104696,WH_04,PROD_0108,27/03/2024,3665,277,1181,2761.0,2756.72
INV_104697,WH_01,PROD_0026,11/08/2024,2165,192,1107,1250.0,1126.35
INV_104698,WH_08,PROD_0075,21/03/2024,2080,550,853,1777.0,1405.97
INV_104699,WH_09,PROD_0297,26/03/2024,4869,523,1374,4018.0,5831.44
INV_104700,WH_12,PROD_0207,08/01/2024,943,1268,346,1865.0,2084.6
INV_104701,WH_10,PROD_0297,24/07/2024,2911,809,525,,0.0
INV_104702,WH_12,PROD_0021,21/06/2024,2074,292,1027,1339.0,1521.75
INV_104703,WH_15,PROD_0017,30/11/2024,4539,883,1332,4090.0,2242.98
INV_104704,WH_15,PROD_0013,13/01/2024,738,1043,513,1268.0,1232.44
INV_104705,WH_07,PROD_0197,13/07/2024,933,336,1405,-136.0,-197.78
INV_104706,WH_14,PROD_0270,29/03/2024,2965,1290,416,3839.0,2096.61
INV_104707,WH_08,PROD_0040,16/09/2024,3890,597,887,3600.0,3412.43
INV_104708,WH_03,PROD_0295,29/10/2024,4703,1268,637,5334.0,2776.28
INV_104709,WH_03,PROD_0030,21/07/2024,2233,969,1007,2195.0,1281.13
INV_104710,WH_08,PROD_0269,02/08/2024,3145,924,1425,2644.0,3605.33
INV_104711,WH_08,PROD_0077,08/06/2024,2135,921,1000,2056.0,1270.19
INV_104712,WH_06,PROD_0103,28/08/2024,2045,716,1457,1304.0,1190.48
INV_104713,WH_07,PROD_0077,29/03/2024,4369,1065,774,4660.0,6354.05
INV_104714,WH_11,PROD_0088,15/08/2024,1952,527,1074,1405.0,2055.89
INV_104715,WH_01,PROD_0222,24/05/2024,4143,745,1175,3713.0,4744.36
INV_104716,WH_13,PROD_0070,22/04/2024,1098,575,437,1236.0,1222.27
INV_104717,WH_08,PROD_0201,22/08/2024,3130,1411,859,3682.0,3262.81
INV_104718,WH_12,PROD_0038,10/11/2024,1432,1014,448,1998.0,2085.53
INV_104719,WH_10,PROD_0224,06/03/2024,1084,1265,1125,1224.0,1651.3
INV_104720,WH_08,PROD_0213,14/09/2024,1206,988,797,1397.0,1706.39
INV_104721,WH_11,PROD_0113,17/08/2024,4678,1244,1452,4470.0,3838.5
INV_104722,WH_03,PROD_0042,13/12/2024,3739,1380,261,4858.0,6626.77
INV_104723,WH_08,PROD_0260,05/02/2024,557,1464,786,1235.0,1007.57
INV_104724,WH_15,PROD_0162,25/04/2024,2318,1140,445,3013.0,4404.38
INV_104725,WH_06,PROD_0017,28/01/2024,3846,265,1396,2715.0,2276.34
INV_104726,WH_01,PROD_0157,01/07/2024,600,458,790,268.0,257.78
INV_104727,WH_09,PROD_0044,16/07/2024,2777,1034,1447,2364.0,3401.25
INV_104728,WH_10,PROD_0195,11/09/2024,3744,295,996,3043.0,1743.28
INV_104729,WH_15,PROD_0140,04/11/2024,4975,627,816,4786.0,3389.07
INV_104730,WH_08,PROD_0245,11/03/2024,2983,687,732,2938.0,2225.61
INV_104731,WH_15,PROD_0148,17/05/2024,2167,798,658,2307.0,2888.97
INV_104732,WH_03,PROD_0281,06/09/2024,2389,1296,151,3534.0,3770.22
INV_104733,WH_15,PROD_0126,09/08/2024,3382,419,948,2853.0,3993.47
INV_104734,WH_10,PROD_0262,14/11/2024,4985,413,1349,4049.0,5268.68
INV_104735,WH_14,PROD_0017,22/04/2024,4544,251,610,4185.0,5888.68
INV_104736,WH_11,PROD_0280,13/03/2024,2050,814,1353,1511.0,1747.4
INV_104737,WH_06,PROD_0238,25/02/2024,4714,621,471,4864.0,4935.39
INV_104738,WH_10,PROD_0075,19/06/2024,3585,404,176,3813.0,4053.59
INV_104739,WH_10,PROD_0199,30/05/2024,2480,624,980,2124.0,2252.66
INV_104740,WH_04,PROD_0289,25/04/2024,4937,863,279,5521.0,3015.04
INV_104741,WH_01,PROD_0070,24/08/2024,2023,1043,454,2612.0,3548.46
INV_104742,WH_07,PROD_0099,03/11/2024,4555,484,198,4841.0,5152.11
INV_104743,WH_10,PROD_0026,01/07/2024,4954,1338,354,5938.0,6095.8
INV_104744,WH_12,PROD_0299,06/09/2024,1521,492,588,1425.0,1092.97
INV_104745,WH_02,PROD_0262,21/12/2024,685,284,193,776.0,1033.13
INV_104746,WH_13,PROD_0299,09/01/2024,1012,394,222,1184.0,1463.18
INV_104747,WH_12,PROD_0177,18/10/2024,4889,1403,1218,5074.0,7136.05
INV_104748,WH_11,PROD_0109,02/09/2024,737,456,922,271.0,340.12
INV_104749,WH_13,PROD_0106,23/10/2024,4270,1054,741,4583.0,4239.86
INV_104750,WH_15,PROD_0137,06/10/2024,4542,1061,361,5242.0,6713.99
INV_104751,WH_07,PROD_0112,02/08/2024,3186,198,1473,1911.0,1177.34
INV_104752,WH_03,PROD_0130,20/11/2024,2594,102,1040,1656.0,2206.44
INV_104753,WH_10,PROD_0165,19/02/2024,4853,433,631,4655.0,5844.62
INV_104754,WH_09,PROD_0160,30/05/2024,2393,806,569,2630.0,2579.57
INV_104755,WH_05,PROD_0046,01/09/2024,1414,601,1249,766.0,881.14
INV_104756,WH_09,PROD_0142,02/04/2024,4425,645,300,4770.0,5616.66
INV_104757,WH_05,PROD_0271,15/08/2024,4244,1064,596,4712.0,4470.44
INV_104758,WH_13,PROD_0027,06/01/2024,3133,519,427,,0.0
INV_104759,WH_05,PROD_0246,04/03/2024,4278,1219,283,5214.0,7413.29
INV_104760,WH_08,PROD_0227,07/04/2024,4890,1380,849,5421.0,4381.52
INV_104761,WH_14,PROD_0216,22/03/2024,926,379,1499,-194.0,-192.57
INV_104762,WH_06,PROD_0147,11/01/2024,2155,1055,204,3006.0,2506.87
INV_104763,WH_04,PROD_0232,08/04/2024,2570,730,628,2672.0,1576.66
INV_104764,WH_14,PROD_0266,08/11/2024,2124,1391,369,3146.0,2389.87
INV_104765,WH_08,PROD_0211,10/07/2024,1790,1362,1201,1951.0,2407.0
INV_104766,WH_09,PROD_0276,06/06/2024,2497,776,739,2534.0,3046.25
INV_104767,WH_11,PROD_0252,30/08/2024,754,1454,1233,975.0,898.47
INV_104768,WH_13,PROD_0046,04/07/2024,1964,1452,1091,2325.0,2342.56
INV_104769,WH_03,PROD_0245,05/09/2024,1109,1429,305,2233.0,1259.51
INV_104770,WH_08,PROD_0053,27/05/2024,4417,220,1303,3334.0,2935.88
INV_104771,WH_02,PROD_0041,09/10/2024,1955,1133,322,2766.0,2623.6
INV_104772,WH_03,PROD_0003,01/10/2024,3749,314,1370,2693.0,3974.34
INV_104773,WH_11,PROD_0210,11/12/2024,3168,139,231,,0.0
INV_104774,WH_15,PROD_0179,26/01/2024,2185,1345,346,3184.0,4151.8
INV_104775,WH_12,PROD_0252,11/09/2024,4679,1087,216,5550.0,4485.25
INV_104776,WH_01,PROD_0056,21/08/2024,4612,754,708,4658.0,2544.39
INV_104777,WH_10,PROD_0108,29/05/2024,4118,1424,1418,4124.0,4806.61
INV_104778,WH_03,PROD_0229,15/08/2024,3036,1441,886,3591.0,5064.91
INV_104779,WH_12,PROD_0052,18/09/2024,3471,635,806,3300.0,2375.45
INV_104780,WH_02,PROD_0095,18/12/2024,4236,1325,569,4992.0,4904.16
INV_104781,WH_05,PROD_0221,09/12/2024,2612,1164,786,2990.0,1935.49
INV_104782,WH_11,PROD_0107,25/06/2024,3483,826,981,3328.0,3109.05
INV_104783,WH_01,PROD_0185,30/03/2024,3418,1196,418,4196.0,5410.6
INV_104784,WH_14,PROD_0230,25/04/2024,3730,1414,1064,4080.0,2826.42
INV_104785,WH_02,PROD_0174,08/07/2024,4782,889,392,5279.0,4826.17
INV_104786,WH_05,PROD_0143,21/08/2024,1267,803,517,1553.0,802.38
INV_104787,WH_04,PROD_0007,14/06/2024,2481,508,1476,1513.0,978.12
INV_104788,WH_09,PROD_0036,01/05/2024,1607,761,404,1964.0,1635.9
INV_104789,WH_13,PROD_0093,28/07/2024,3091,941,1446,2586.0,2979.42
INV_104790,WH_01,PROD_0236,07/01/2024,2078,400,1229,1249.0,1119.14
INV_104791,WH_08,PROD_0282,21/02/2024,2014,198,1467,745.0,658.39
INV_104792,WH_11,PROD_0015,07/11/2024,1460,263,1472,251.0,288.85
INV_104793,WH_10,PROD_0161,22/03/2024,2285,1060,125,3220.0,1974.47
INV_104794,WH_10,PROD_0096,11/02/2024,1946,1413,293,3066.0,2383.18
INV_104795,WH_07,PROD_0082,02/11/2024,3171,855,1184,2842.0,3112.39
INV_104796,WH_03,PROD_0283,12/03/2024,4206,136,553,3789.0,4299.78
INV_104797,WH_15,PROD_0261,18/06/2024,1568,657,138,2087.0,2602.25
INV_104798,WH_05,PROD_0296,04/02/2024,2579,588,284,2883.0,2142.94
INV_104799,WH_13,PROD_0195,10/04/2024,2885,669,127,3427.0,2592.35
INV_104800,WH_07,PROD_0209,12/09/2024,4620,924,1304,4240.0,3955.87
INV_104801,WH_01,PROD_0287,10/06/2024,2888,654,854,2688.0,2533.04
INV_104802,WH_07,PROD_0266,09/09/2024,2621,292,420,2493.0,1416.55
INV_104803,WH_06,PROD_0294,17/01/2024,2173,1348,1479,2042.0,2481.22
INV_104804,WH_11,PROD_0132,11/07/2024,4474,885,386,4973.0,3724.9
INV_104805,WH_03,PROD_0070,02/11/2024,4168,1066,406,4828.0,3260.6
INV_104806,WH_15,PROD_0266,19/04/2024,2661,1361,1169,2853.0,1445.6
INV_104807,WH_08,PROD_0079,27/11/2024,4631,805,135,5301.0,2852.16
INV_104808,WH_15,PROD_0057,10/04/2024,897,245,269,873.0,1056.33
INV_104809,WH_10,PROD_0082,10/05/2024,4252,698,490,4460.0,4514.91
INV_104810,WH_09,PROD_0231,21/09/2024,509,477,1433,-447.0,-420.03
INV_104811,WH_15,PROD_0192,12/11/2024,2827,636,1196,2267.0,2727.87
INV_104812,WH_09,PROD_0252,19/05/2024,3732,491,606,3617.0,3370.79
INV_104813,WH_13,PROD_0110,17/02/2024,1476,1431,1280,1627.0,1413.31
INV_104814,WH_14,PROD_0134,17/03/2024,3032,370,796,2606.0,3292.08
INV_104815,WH_02,PROD_0162,01/11/2024,2311,1232,575,2968.0,3704.87
INV_104816,WH_02,PROD_0167,29/10/2024,2781,1069,175,3675.0,3772.16
INV_104817,WH_11,PROD_0154,17/08/2024,4203,482,1174,3511.0,5036.73
INV_104818,WH_08,PROD_0253,12/03/2024,3045,246,150,3141.0,4267.39
INV_104819,WH_12,PROD_0203,01/12/2024,4377,268,573,,0.0
INV_104820,WH_11,PROD_0061,29/03/2024,3947,1053,1261,3739.0,5316.43
INV_104821,WH_10,PROD_0279,04/10/2024,3936,1064,804,4196.0,2741.0
INV_104822,WH_02,PROD_0221,02/12/2024,1787,1372,1066,2093.0,2595.63
INV_104823,WH_09,PROD_0224,22/06/2024,4796,1045,1021,4820.0,5649.46
INV_104824,WH_10,PROD_0267,03/02/2024,3058,1133,914,3277.0,3326.88
INV_104825,WH_10,PROD_0074,29/05/2024,3203,1223,462,3964.0,2847.59
INV_104826,WH_01,PROD_0018,25/09/2024,2360,742,1306,1796.0,1269.35
INV_104827,WH_14,PROD_0228,22/10/2024,4388,1106,1024,4470.0,5003.27
INV_104828,WH_07,PROD_0261,24/04/2024,2365,1465,1259,2571.0,3322.71
INV_104829,WH_06,PROD_0117,29/03/2024,660,1459,1312,807.0,865.64
INV_104830,WH_10,PROD_0042,16/11/2024,3641,311,225,3727.0,4447.58
INV_104831,WH_04,PROD_0251,13/04/2024,4346,1428,821,4953.0,5936.95
INV_104832,WH_08,PROD_0215,19/05/2024,2389,115,1430,1074.0,1385.14
INV_104833,WH_12,PROD_0035,21/12/2024,1012,480,1117,375.0,306.98
INV_104834,WH_10,PROD_0263,19/06/2024,4232,814,1304,3742.0,4237.61
INV_104835,WH_03,PROD_0101,06/03/2024,948,480,1109,319.0,342.7
INV_104836,WH_01,PROD_0128,07/02/2024,3579,323,390,3512.0,3186.54
INV_104837,WH_09,PROD_0027,31/08/2024,712,1210,934,988.0,1137.17
INV_104838,WH_11,PROD_0277,09/06/2024,4280,1039,312,5007.0,5209.48
INV_104839,WH_15,PROD_0132,04/07/2024,3996,1442,964,4474.0,3822.63
INV_104840,WH_01,PROD_0047,20/08/2024,3061,1378,765,3674.0,3423.1
INV_104841,WH_07,PROD_0297,17/08/2024,4541,1143,695,4989.0,5417.4
INV_104842,WH_09,PROD_0236,28/09/2024,2299,886,1146,2039.0,2784.84
INV_104843,WH_13,PROD_0127,06/12/2024,4625,1038,650,5013.0,6268.6
INV_104844,WH_01,PROD_0171,09/08/2024,4570,262,1206,3626.0,4947.42
INV_104845,WH_14,PROD_0035,18/10/2024,3841,641,1086,3396.0,3103.36
INV_104846,WH_15,PROD_0111,05/07/2024,1250,742,243,1749.0,1943.94
INV_104847,WH_11,PROD_0088,01/07/2024,2738,904,1102,2540.0,2104.27
INV_104848,WH_03,PROD_0267,12/09/2024,1679,1173,1077,1775.0,1798.27
INV_104849,WH_07,PROD_0135,13/04/2024,2766,1064,487,3343.0,2863.0
INV_104850,WH_04,PROD_0247,17/12/2024,2976,1107,273,3810.0,5229.46
INV_104851,WH_02,PROD_0094,06/06/2024,1247,1414,757,1904.0,1716.93
INV_104852,WH_15,PROD_0253,01/02/2024,3375,571,295,3651.0,4307.63
INV_104853,WH_13,PROD_0097,12/02/2024,1989,1421,698,2712.0,2652.76
INV_104854,WH_04,PROD_0263,12/02/2024,4894,226,105,5015.0,4320.46
INV_104855,WH_05,PROD_0148,24/12/2024,1127,149,969,307.0,402.77
INV_104856,WH_02,PROD_0229,07/03/2024,4878,249,342,4785.0,2555.07
INV_104857,WH_10,PROD_0211,22/01/2024,1588,1093,1392,1289.0,805.68
INV_104858,WH_10,PROD_0183,05/04/2024,3459,217,571,3105.0,1688.48
INV_104859,WH_05,PROD_0120,12/04/2024,4697,233,370,4560.0,6780.13
INV_104860,WH_10,PROD_0042,13/06/2024,4455,222,765,3912.0,4805.65
INV_104861,WH_04,PROD_0244,03/04/2024,1870,596,340,2126.0,2314.54
INV_104862,WH_02,PROD_0020,04/12/2024,4251,191,860,3582.0,1891.46
INV_104863,WH_12,PROD_0293,06/01/2024,2953,257,1222,1988.0,2447.37
INV_104864,WH_03,PROD_0103,29/08/2024,2350,1498,538,3310.0,3404.5
INV_104865,WH_03,PROD_0039,18/11/2024,4011,603,109,4505.0,2677.8
INV_104866,WH_09,PROD_0259,29/11/2024,4451,1078,537,4992.0,3798.79
INV_104867,WH_01,PROD_0251,22/02/2024,3211,657,136,3732.0,3142.76
INV_104868,WH_01,PROD_0130,14/08/2024,2768,237,122,2883.0,3289.01
INV_104869,WH_12,PROD_0174,06/01/2024,2901,1421,329,,0.0
INV_104870,WH_13,PROD_0195,26/01/2024,1577,129,938,768.0,731.2
INV_104871,WH_11,PROD_0199,10/03/2024,1729,1003,1044,1688.0,888.77
INV_104872,WH_09,PROD_0028,04/04/2024,768,227,601,394.0,383.83
INV_104873,WH_10,PROD_0037,25/09/2024,2662,1410,894,3178.0,3158.8
INV_104874,WH_07,PROD_0050,29/12/2024,1697,1048,848,1897.0,2711.67
INV_104875,WH_12,PROD_0193,30/04/2024,2235,1168,618,2785.0,2707.48
INV_104876,WH_14,PROD_0199,21/04/2024,3932,878,1213,3597.0,4041.31
INV_104877,WH_14,PROD_0150,21/08/2024,1157,456,343,1270.0,1218.79
INV_104878,WH_11,PROD_0154,20/08/2024,1821,1444,215,3050.0,1682.34
INV_104879,WH_12,PROD_0144,23/09/2024,2007,687,359,2335.0,2326.28
INV_104880,WH_07,PROD_0143,02/09/2024,3975,1485,1259,4201.0,3817.87
INV_104881,WH_13,PROD_0156,12/02/2024,2246,911,378,2779.0,3664.94
INV_104882,WH_08,PROD_0194,10/12/2024,3021,230,465,2786.0,2343.05
INV_104883,WH_09,PROD_0008,27/12/2024,2539,809,1195,2153.0,1400.41
INV_104884,WH_14,PROD_0250,10/10/2024,2788,223,674,2337.0,2793.86
INV_104885,WH_01,PROD_0136,13/11/2024,3050,478,111,3417.0,3269.86
INV_104886,WH_08,PROD_0138,23/11/2024,2142,926,395,2673.0,2304.37
INV_104887,WH_02,PROD_0259,13/03/2024,3488,500,895,3093.0,3629.84
INV_104888,WH_12,PROD_0187,17/06/2024,1600,804,1186,1218.0,786.57
INV_104889,WH_13,PROD_0113,03/11/2024,1106,281,615,772.0,748.8
INV_104890,WH_01,PROD_0207,12/01/2024,3104,864,441,3527.0,4924.58
INV_104891,WH_03,PROD_0168,30/09/2024,4401,1477,1426,4452.0,6509.8
INV_104892,WH_01,PROD_0189,28/06/2024,4300,566,621,4245.0,2421.0
INV_104893,WH_14,PROD_0055,04/10/2024,3528,217,1319,2426.0,1523.53
INV_104894,WH_11,PROD_0013,17/06/2024,4791,258,493,4556.0,6169.07
INV_104895,WH_07,PROD_0180,25/08/2024,3660,792,668,3784.0,3116.15
INV_104896,WH_05,PROD_0297,10/06/2024,3183,1082,772,3493.0,4232.63
INV_104897,WH_13,PROD_0128,27/09/2024,846,252,1196,-98.0,-131.28
INV_104898,WH_04,PROD_0235,08/11/2024,4428,516,1087,3857.0,3836.93
INV_104899,WH_03,PROD_0238,04/11/2024,4699,1036,516,5219.0,4128.89
INV_104900,WH_01,PROD_0277,20/04/2024,4487,1434,159,5762.0,5055.06
INV_104901,WH_05,PROD_0188,07/05/2024,4519,853,703,4669.0,5168.93
INV_104902,WH_10,PROD_0185,06/10/2024,1792,1014,1101,1705.0,2298.04
INV_104903,WH_03,PROD_0201,16/02/2024,2538,594,996,2136.0,2924.04
INV_104904,WH_13,PROD_0242,09/10/2024,2709,911,1302,2318.0,1381.57
INV_104905,WH_01,PROD_0234,07/12/2024,2919,869,607,3181.0,2290.69
INV_104906,WH_13,PROD_0053,16/09/2024,1061,855,150,1766.0,1119.55
INV_104907,WH_13,PROD_0078,20/08/2024,963,1190,1305,848.0,1125.13
INV_104908,WH_08,PROD_0097,20/12/2024,4293,1222,1430,4085.0,4075.59
INV_104909,WH_10,PROD_0053,20/09/2024,2012,548,1191,1369.0,693.5
INV_104910,WH_10,PROD_0300,25/01/2024,986,658,917,727.0,602.84
INV_104911,WH_12,PROD_0223,20/07/2024,989,808,526,1271.0,1031.81
INV_104912,WH_03,PROD_0039,27/06/2024,4127,1104,660,4571.0,5212.1
INV_104913,WH_03,PROD_0033,23/07/2024,1753,1284,1307,1730.0,952.78
INV_104914,WH_09,PROD_0064,22/04/2024,4693,226,444,4475.0,3673.25
INV_104915,WH_14,PROD_0210,21/04/2024,4612,395,1441,3566.0,1952.09
INV_104916,WH_14,PROD_0178,10/11/2024,1309,1274,920,1663.0,1679.52
INV_104917,WH_06,PROD_0196,13/04/2024,3001,442,1108,2335.0,2808.56
INV_104918,WH_03,PROD_0144,02/08/2024,3273,697,189,3781.0,2833.66
INV_104919,WH_14,PROD_0041,02/06/2024,3544,729,740,3533.0,3285.88
INV_104920,WH_06,PROD_0272,25/06/2024,1673,1334,1143,1864.0,2224.38
INV_104921,WH_15,PROD_0049,02/04/2024,2526,513,654,2385.0,2008.09
INV_104922,WH_12,PROD_0299,18/04/2024,4212,1364,342,5234.0,4922.47
INV_104923,WH_05,PROD_0030,29/03/2024,663,1200,1476,387.0,472.94
INV_104924,WH_14,PROD_0025,09/08/2024,3235,1267,1011,3491.0,2920.18
INV_104925,WH_11,PROD_0281,20/12/2024,537,1188,763,962.0,787.49
INV_104926,WH_12,PROD_0165,06/03/2024,3039,284,1249,2074.0,2072.85
INV_104927,WH_05,PROD_0100,28/09/2024,1091,1235,477,1849.0,2722.4
INV_104928,WH_05,PROD_0068,18/02/2024,2295,1404,672,3027.0,1763.82
INV_104929,WH_14,PROD_0214,30/03/2024,2795,637,950,2482.0,2203.85
INV_104930,WH_03,PROD_0207,24/06/2024,2306,1314,1500,2120.0,2030.8
INV_104931,WH_11,PROD_0060,21/03/2024,4743,795,402,5136.0,6483.6
INV_104932,WH_08,PROD_0063,24/05/2024,529,294,287,536.0,712.9
INV_104933,WH_14,PROD_0226,14/12/2024,4633,1082,397,5318.0,4976.1
INV_104934,WH_08,PROD_0163,14/11/2024,4817,1330,579,5568.0,5594.86
INV_104935,WH_02,PROD_0072,10/11/2024,3819,731,371,4179.0,5840.71
INV_104936,WH_11,PROD_0228,12/04/2024,2046,943,1013,1976.0,1201.13
INV_104937,WH_01,PROD_0059,29/03/2024,2229,1034,1304,1959.0,2875.76
INV_104938,WH_01,PROD_0159,24/07/2024,4085,1134,672,4547.0,4379.73
INV_104939,WH_02,PROD_0110,26/06/2024,3251,850,955,3146.0,1777.77
INV_104940,WH_14,PROD_0132,28/03/2024,1040,571,375,1236.0,1584.84
INV_104941,WH_11,PROD_0206,13/05/2024,4218,1431,408,5241.0,5608.44
INV_104942,WH_08,PROD_0117,22/11/2024,4240,927,640,4527.0,2797.48
INV_104943,WH_06,PROD_0044,26/11/2024,1465,1026,284,2207.0,2258.42
INV_104944,WH_14,PROD_0230,08/08/2024,1382,1319,1310,1391.0,2021.71
INV_104945,WH_05,PROD_0121,16/02/2024,1382,1212,899,1695.0,1168.11
INV_104946,WH_08,PROD_0235,01/03/2024,4197,451,295,4353.0,3586.27
INV_104947,WH_02,PROD_0034,08/01/2024,914,103,1316,-299.0,-438.51
INV_104948,WH_05,PROD_0132,05/04/2024,2139,1447,1241,2345.0,3291.59
INV_104949,WH_15,PROD_0242,24/02/2024,4813,1364,941,5236.0,6910.3
INV_104950,WH_01,PROD_0194,25/08/2024,1670,782,727,1725.0,1525.1
INV_104951,WH_02,PROD_0034,12/01/2024,4830,892,1202,,0.0
INV_104952,WH_10,PROD_0036,21/03/2024,4324,1290,1357,4257.0,3193.81
INV_104953,WH_09,PROD_0088,27/09/2024,3822,1246,1378,3690.0,3397.44
INV_104954,WH_04,PROD_0068,15/11/2024,4876,1044,1309,4611.0,3422.58
INV_104955,WH_02,PROD_0069,06/02/2024,587,803,1314,76.0,88.22
INV_104956,WH_03,PROD_0142,19/03/2024,2893,1319,366,3846.0,4298.57
INV_104957,WH_11,PROD_0139,29/05/2024,4748,287,274,4761.0,2782.88
INV_104958,WH_07,PROD_0075,09/01/2024,4700,692,1047,4345.0,3400.16
INV_104959,WH_05,PROD_0137,17/05/2024,1844,824,278,2390.0,3521.11
INV_104960,WH_10,PROD_0091,15/05/2024,3608,595,965,3238.0,4012.53
INV_104961,WH_14,PROD_0287,19/10/2024,3196,423,932,2687.0,2274.22
INV_104962,WH_03,PROD_0084,22/06/2024,2344,1169,551,2962.0,2175.23
INV_104963,WH_09,PROD_0046,06/01/2024,1005,646,239,1412.0,1217.05
INV_104964,WH_04,PROD_0297,28/05/2024,1995,716,1280,,0.0
INV_104965,WH_09,PROD_0158,28/06/2024,4903,448,1231,4120.0,4081.41
INV_104966,WH_14,PROD_0280,12/01/2024,4354,647,453,4548.0,2776.33
INV_104967,WH_03,PROD_0105,21/12/2024,2609,1221,299,3531.0,2309.04
INV_104968,WH_02,PROD_0105,12/08/2024,880,180,1428,-368.0,-370.94
INV_104969,WH_02,PROD_0102,07/11/2024,4560,164,1469,3255.0,4025.81
INV_104970,WH_04,PROD_0133,05/05/2024,4605,345,918,4032.0,5557.42
INV_104971,WH_01,PROD_0152,25/12/2024,3362,1406,275,4493.0,3467.18
INV_104972,WH_13,PROD_0224,14/12/2024,4584,643,353,4874.0,3976.88
INV_104973,WH_06,PROD_0283,12/02/2024,1840,169,1136,873.0,1015.13
INV_104974,WH_11,PROD_0285,21/09/2024,2028,368,481,1915.0,1008.49
INV_104975,WH_06,PROD_0195,12/01/2024,2651,1202,664,,0.0
INV_104976,WH_11,PROD_0262,03/11/2024,3653,635,465,3823.0,4502.78
INV_104977,WH_15,PROD_0162,22/09/2024,1708,592,500,1800.0,2475.89
INV_104978,WH_05,PROD_0101,03/03/2024,3729,906,1455,3180.0,2492.62
INV_104979,WH_14,PROD_0281,03/11/2024,4684,293,1280,3697.0,3448.88
INV_104980,WH_05,PROD_0059,27/04/2024,4501,869,923,4447.0,4045.84
INV_104981,WH_03,PROD_0292,22/04/2024,4512,385,953,3944.0,4498.79
INV_104982,WH_05,PROD_0021,27/11/2024,2353,1101,367,3087.0,4580.58
INV_104983,WH_13,PROD_0252,08/03/2024,3626,771,816,3581.0,3392.64
INV_104984,WH_03,PROD_0183,14/05/2024,1203,1315,460,2058.0,1393.31
INV_104985,WH_14,PROD_0121,25/08/2024,760,1314,1144,930.0,1015.74
INV_104986,WH_06,PROD_0011,04/11/2024,4765,793,647,4911.0,3223.02
INV_104987,WH_07,PROD_0018,03/06/2024,2143,168,1405,906.0,542.94
INV_104988,WH_03,PROD_0023,18/01/2024,2880,721,1285,2316.0,2997.32
INV_104989,WH_10,PROD_0083,23/11/2024,2969,569,825,2713.0,2265.57
INV_104990,WH_03,PROD_0081,21/09/2024,4011,1419,1424,4006.0,3719.37
INV_104991,WH_04,PROD_0137,05/11/2024,4990,1205,760,5435.0,6543.7
INV_104992,WH_06,PROD_0076,27/10/2024,4690,667,280,5077.0,4748.91
INV_104993,WH_08,PROD_0157,25/02/2024,2751,1430,271,3910.0,2334.93
INV_104994,WH_09,PROD_0206,27/02/2024,1118,1490,825,1783.0,1474.92
INV_104995,WH_12,PROD_0064,04/06/2024,2184,729,1437,1476.0,1093.48
INV_104996,WH_06,PROD_0195,13/08/2024,4136,359,1358,3137.0,2927.59
INV_104997,WH_13,PROD_0245,11/02/2024,2740,187,516,2411.0,1857.05
INV_104998,WH_13,PROD_0134,15/09/2024,4574,1257,142,5689.0,5100.62
INV_104999,WH_09,PROD_0253,23/01/2024,2327,505,1495,1337.0,1830.0
INV_105000,WH_03,PROD_0280,01/04/2024,982,981,235,,0.0
INV_105001,WH_07,PROD_0167,11/08/2024,4525,996,1088,4433.0,6264.6
INV_105002,WH_14,PROD_0228,13/01/2024,2570,1090,1461,2199.0,2758.43
INV_105003,WH_07,PROD_0024,29/07/2024,2408,860,887,2381.0,2740.52
INV_105004,WH_04,PROD_0220,29/06/2024,898,635,324,1209.0,1723.59
INV_105005,WH_08,PROD_0056,06/07/2024,706,704,1365,45.0,36.21
INV_105006,WH_10,PROD_0225,28/02/2024,3174,231,1136,2269.0,3165.57
INV_105007,WH_03,PROD_0195,09/02/2024,4121,1056,1083,4094.0,3026.73
INV_105008,WH_13,PROD_0291,02/03/2024,1231,589,1117,703.0,1008.09
INV_105009,WH_03,PROD_0137,29/03/2024,4380,763,872,4271.0,4130.64
INV_105010,WH_15,PROD_0275,03/09/2024,797,434,696,535.0,285.45
INV_105011,WH_11,PROD_0068,14/08/2024,523,1147,745,925.0,1018.1
INV_105012,WH_11,PROD_0224,08/06/2024,2690,948,743,2895.0,1683.64
INV_105013,WH_04,PROD_0211,13/04/2024,1955,284,930,1309.0,718.06
INV_105014,WH_13,PROD_0053,05/05/2024,3241,1107,1127,3221.0,3282.54
INV_105015,WH_06,PROD_0113,23/11/2024,4357,172,528,,0.0
INV_105016,WH_03,PROD_0048,07/01/2024,2395,1242,1283,2354.0,1866.23
INV_105017,WH_11,PROD_0143,06/10/2024,3042,123,580,2585.0,3026.64
INV_105018,WH_03,PROD_0178,27/07/2024,528,208,775,-39.0,-22.88
INV_105019,WH_04,PROD_0090,20/12/2024,685,1369,1061,993.0,561.66
INV_105020,WH_07,PROD_0176,14/08/2024,4234,655,157,4732.0,6573.81
INV_105021,WH_04,PROD_0070,30/03/2024,3921,317,925,3313.0,4715.24
INV_105022,WH_02,PROD_0033,08/04/2024,1298,766,735,1329.0,1586.13
INV_105023,WH_10,PROD_0189,18/10/2024,596,386,572,410.0,475.56
INV_105024,WH_12,PROD_0059,13/11/2024,1751,1120,1242,1629.0,974.76
INV_105025,WH_03,PROD_0177,27/01/2024,3308,741,312,3737.0,5033.66
INV_105026,WH_08,PROD_0291,16/06/2024,1284,1102,351,2035.0,1210.88
INV_105027,WH_03,PROD_0189,28/08/2024,2502,815,1348,1969.0,2350.99
INV_105028,WH_06,PROD_0167,20/01/2024,2286,313,163,2436.0,1730.63
INV_105029,WH_09,PROD_0001,01/11/2024,2853,1351,145,4059.0,4491.26
INV_105030,WH_11,PROD_0220,20/02/2024,3876,1003,512,4367.0,4271.17
INV_105031,WH_02,PROD_0217,16/11/2024,2072,255,786,1541.0,1376.28
INV_105032,WH_15,PROD_0102,15/04/2024,679,896,623,952.0,872.26
INV_105033,WH_03,PROD_0249,19/12/2024,4356,1367,1474,4249.0,3336.08
INV_105034,WH_11,PROD_0064,17/10/2024,3414,258,275,3397.0,1780.71
INV_105035,WH_14,PROD_0142,01/05/2024,3985,416,662,3739.0,4274.38
INV_105036,WH_09,PROD_0125,26/08/2024,2354,1203,295,3262.0,2229.0
INV_105037,WH_08,PROD_0073,28/11/2024,4136,1392,208,5320.0,7779.5
INV_105038,WH_09,PROD_0007,13/01/2024,725,263,653,335.0,353.59
INV_105039,WH_07,PROD_0181,09/09/2024,642,885,944,,0.0
INV_105040,WH_04,PROD_0194,20/02/2024,4804,1177,620,5361.0,2961.53
INV_105041,WH_05,PROD_0021,19/02/2024,738,393,1181,,0.0
INV_105042,WH_10,PROD_0143,30/07/2024,1499,761,1154,1106.0,1072.96
INV_105043,WH_08,PROD_0278,29/10/2024,3584,753,226,4111.0,3480.75
INV_105044,WH_07,PROD_0254,21/03/2024,1803,784,372,2215.0,2890.26
INV_105045,WH_05,PROD_0120,11/08/2024,656,905,1451,110.0,74.15
INV_105046,WH_06,PROD_0015,14/05/2024,2817,1069,512,3374.0,4693.88
INV_105047,WH_04,PROD_0136,12/03/2024,985,580,461,1104.0,1461.64
INV_105048,WH_11,PROD_0048,16/10/2024,2348,540,855,2033.0,1926.49
INV_105049,WH_12,PROD_0023,01/05/2024,4446,578,1462,3562.0,2902.34
INV_105050,WH_15,PROD_0171,04/06/2024,4683,268,759,4192.0,4819.28
INV_105051,WH_01,PROD_0144,30/05/2024,4679,1012,998,4693.0,5251.0
INV_105052,WH_15,PROD_0290,26/11/2024,4213,1265,1199,4279.0,2730.71
INV_105053,WH_04,PROD_0065,15/10/2024,3370,1499,864,4005.0,2205.75
INV_105054,WH_01,PROD_0064,23/03/2024,3621,887,1333,3175.0,2631.43
INV_105055,WH_06,PROD_0137,08/07/2024,1083,994,120,1957.0,1886.16
INV_105056,WH_15,PROD_0274,02/10/2024,3761,755,793,3723.0,4841.67
INV_105057,WH_10,PROD_0183,19/10/2024,4215,1288,1049,4454.0,6147.15
INV_105058,WH_10,PROD_0235,20/09/2024,2697,1301,1466,2532.0,1627.19
INV_105059,WH_04,PROD_0164,21/01/2024,973,720,487,1206.0,811.42
INV_105060,WH_02,PROD_0270,02/08/2024,4911,123,1283,3751.0,5493.89
INV_105061,WH_15,PROD_0226,20/10/2024,3769,1021,516,4274.0,2987.49
INV_105062,WH_08,PROD_0010,11/11/2024,2868,1214,1289,2793.0,3758.14
INV_105063,WH_05,PROD_0058,20/03/2024,505,722,1321,-94.0,-106.95
INV_105064,WH_10,PROD_0169,27/08/2024,888,654,1243,299.0,305.87
INV_105065,WH_10,PROD_0070,27/03/2024,2516,351,907,1960.0,1463.93
INV_105066,WH_06,PROD_0260,10/03/2024,4583,791,413,4961.0,6092.43
INV_105067,WH_14,PROD_0083,12/01/2024,4762,191,972,3981.0,3227.85
INV_105068,WH_03,PROD_0053,21/05/2024,2070,610,988,1692.0,1877.85
INV_105069,WH_14,PROD_0265,25/04/2024,2854,176,987,2043.0,1728.13
INV_105070,WH_07,PROD_0265,04/09/2024,572,149,1046,-325.0,-428.65
INV_105071,WH_14,PROD_0049,23/05/2024,1972,174,562,1584.0,2106.63
INV_105072,WH_02,PROD_0288,10/03/2024,3453,1388,783,4058.0,2545.4
INV_105073,WH_04,PROD_0078,13/06/2024,3972,1123,465,4630.0,2580.74
INV_105074,WH_03,PROD_0250,07/02/2024,2036,449,740,,0.0
INV_105075,WH_10,PROD_0252,02/11/2024,4825,624,958,4491.0,3156.72
INV_105076,WH_13,PROD_0023,26/03/2024,4900,399,1187,4112.0,3407.5
INV_105077,WH_13,PROD_0227,22/07/2024,1602,918,359,2161.0,3202.48
INV_105078,WH_08,PROD_0148,25/12/2024,3583,761,748,3596.0,4794.33
INV_105079,WH_06,PROD_0259,14/07/2024,1763,659,633,1789.0,1335.64
INV_105080,WH_04,PROD_0093,26/07/2024,3008,657,1103,2562.0,3002.27
INV_105081,WH_05,PROD_0099,31/01/2024,2621,1335,1327,2629.0,1517.19
INV_105082,WH_04,PROD_0205,04/06/2024,2072,1235,1112,2195.0,2105.54
INV_105083,WH_08,PROD_0160,17/11/2024,3023,592,1276,,0.0
INV_105084,WH_04,PROD_0110,26/04/2024,3328,1253,1402,3179.0,2974.37
INV_105085,WH_10,PROD_0107,21/08/2024,2561,1438,267,3732.0,1879.34
INV_105086,WH_01,PROD_0201,07/02/2024,537,806,119,1224.0,732.17
INV_105087,WH_07,PROD_0293,22/08/2024,4884,1349,783,5450.0,5566.04
INV_105088,WH_08,PROD_0069,24/01/2024,1292,986,1140,1138.0,1587.53
INV_105089,WH_03,PROD_0106,17/02/2024,1128,1039,359,1808.0,1566.65
INV_105090,WH_04,PROD_0071,05/10/2024,3596,1159,1067,3688.0,2265.74
INV_105091,WH_05,PROD_0152,10/06/2024,4785,487,313,4959.0,7224.77
INV_105092,WH_03,PROD_0065,06/12/2024,2807,393,851,2349.0,2064.0
INV_105093,WH_01,PROD_0229,11/02/2024,4329,1500,252,5577.0,4451.37
INV_105094,WH_09,PROD_0054,04/07/2024,1449,1057,1402,1104.0,717.53
INV_105095,WH_05,PROD_0234,11/10/2024,2812,251,1235,1828.0,1691.68
INV_105096,WH_04,PROD_0026,29/07/2024,1383,1142,162,2363.0,2465.88
INV_105097,WH_04,PROD_0224,24/06/2024,3515,1082,797,3800.0,4681.94
INV_105098,WH_11,PROD_0212,22/12/2024,4862,1262,1448,4676.0,3049.98
INV_105099,WH_08,PROD_0151,28/08/2024,751,279,354,676.0,969.4
INV_105100,WH_01,PROD_0091,26/05/2024,4081,575,1097,3559.0,3804.74
INV_105101,WH_10,PROD_0031,05/10/2024,1578,1205,402,2381.0,1999.63
INV_105102,WH_10,PROD_0046,03/07/2024,2567,671,523,,0.0
INV_105103,WH_06,PROD_0249,08/07/2024,3605,223,1150,2678.0,2300.55
INV_105104,WH_02,PROD_0021,16/05/2024,739,640,617,762.0,1041.53
INV_105105,WH_03,PROD_0235,26/09/2024,3313,456,721,3048.0,2424.18
INV_105106,WH_06,PROD_0181,24/05/2024,1467,1259,442,2284.0,3033.4
INV_105107,WH_03,PROD_0289,12/03/2024,2362,629,1362,1629.0,1600.82
INV_105108,WH_06,PROD_0292,14/05/2024,3457,690,381,,0.0
INV_105109,WH_15,PROD_0168,02/07/2024,3420,1055,431,4044.0,6022.26
INV_105110,WH_12,PROD_0085,31/05/2024,4318,795,524,4589.0,5941.38
INV_105111,WH_12,PROD_0216,24/03/2024,2905,390,104,3191.0,2634.43
INV_105112,WH_14,PROD_0084,09/05/2024,4580,1393,607,5366.0,7349.4
INV_105113,WH_12,PROD_0188,26/10/2024,2196,1441,1402,2235.0,3013.93
INV_105114,WH_07,PROD_0035,17/10/2024,3788,870,953,3705.0,4642.73
INV_105115,WH_14,PROD_0115,09/03/2024,3938,914,503,4349.0,4396.92
INV_105116,WH_05,PROD_0068,04/12/2024,4630,914,415,5129.0,2590.11
INV_105117,WH_05,PROD_0159,11/03/2024,1949,488,622,1815.0,1199.76
INV_105118,WH_05,PROD_0014,04/02/2024,1303,1034,356,1981.0,2783.48
INV_105119,WH_03,PROD_0091,01/06/2024,4586,407,1421,3572.0,4888.91
INV_105120,WH_06,PROD_0282,20/02/2024,2318,1390,130,3578.0,3706.82
INV_105121,WH_05,PROD_0244,02/12/2024,1276,853,223,1906.0,1967.72
INV_105122,WH_02,PROD_0279,20/06/2024,2509,648,891,2266.0,2227.43
INV_105123,WH_03,PROD_0113,15/11/2024,1671,681,1170,1182.0,1251.57
INV_105124,WH_03,PROD_0015,16/02/2024,4279,1396,1472,4203.0,3812.8
INV_105125,WH_02,PROD_0020,19/01/2024,1457,836,1300,993.0,904.81
INV_105126,WH_08,PROD_0190,23/03/2024,2306,1500,1201,2605.0,2725.84
INV_105127,WH_12,PROD_0147,30/06/2024,4548,1079,1066,4561.0,2714.29
INV_105128,WH_02,PROD_0199,17/05/2024,997,1035,699,1333.0,1255.81
INV_105129,WH_05,PROD_0065,06/06/2024,608,492,682,418.0,400.38
INV_105130,WH_15,PROD_0213,03/03/2024,2279,1476,1338,2417.0,2602.16
INV_105131,WH_10,PROD_0129,27/10/2024,4399,1099,774,4724.0,3927.79
INV_105132,WH_14,PROD_0050,16/05/2024,2167,553,1272,,0.0
INV_105133,WH_06,PROD_0242,05/01/2024,1279,1190,1051,1418.0,943.45
INV_105134,WH_03,PROD_0145,13/05/2024,3864,996,1130,3730.0,2572.01
INV_105135,WH_08,PROD_0129,31/08/2024,4173,132,1472,2833.0,4030.08
INV_105136,WH_07,PROD_0283,02/08/2024,4062,1350,801,4611.0,2557.1
INV_105137,WH_15,PROD_0250,11/09/2024,4554,1044,1219,4379.0,3321.77
INV_105138,WH_14,PROD_0282,09/07/2024,1515,777,985,1307.0,849.49
INV_105139,WH_01,PROD_0027,28/08/2024,4032,129,1200,2961.0,2371.53
INV_105140,WH_05,PROD_0005,19/12/2024,3655,357,1337,2675.0,2399.34
INV_105141,WH_13,PROD_0134,26/07/2024,2998,364,629,2733.0,2493.24
INV_105142,WH_12,PROD_0072,26/03/2024,1307,1218,1223,1302.0,1646.77
INV_105143,WH_08,PROD_0217,28/10/2024,3978,244,828,3394.0,3069.5
INV_105144,WH_03,PROD_0176,13/05/2024,2843,1313,1380,2776.0,1680.32
INV_105145,WH_01,PROD_0287,12/05/2024,734,1304,1471,567.0,396.35
INV_105146,WH_03,PROD_0127,06/02/2024,1682,603,1083,1202.0,1329.96
INV_105147,WH_03,PROD_0052,31/12/2024,2107,316,1370,1053.0,566.81
INV_105148,WH_09,PROD_0039,13/12/2024,3032,482,1497,2017.0,2747.92
INV_105149,WH_10,PROD_0277,22/01/2024,1468,1416,1314,1570.0,1359.47
INV_105150,WH_04,PROD_0013,14/01/2024,2257,192,632,1817.0,1392.46
INV_105151,WH_10,PROD_0175,27/09/2024,1374,1264,1399,1239.0,650.65
INV_105152,WH_10,PROD_0252,14/07/2024,3155,404,948,2611.0,1434.18
INV_105153,WH_08,PROD_0067,18/01/2024,3004,343,871,2476.0,1428.67
INV_105154,WH_12,PROD_0061,14/08/2024,676,1082,933,825.0,517.02
INV_105155,WH_09,PROD_0178,30/07/2024,1189,182,442,929.0,655.66
INV_105156,WH_09,PROD_0091,19/06/2024,4090,305,574,3821.0,3895.55
INV_105157,WH_05,PROD_0040,01/08/2024,968,1418,337,2049.0,2460.64
INV_105158,WH_13,PROD_0089,22/01/2024,3667,1025,1085,3607.0,3152.66
INV_105159,WH_08,PROD_0198,17/02/2024,2096,1160,150,3106.0,2528.01
INV_105160,WH_08,PROD_0195,26/06/2024,3575,305,273,3607.0,2727.52
INV_105161,WH_15,PROD_0098,12/10/2024,2207,127,648,1686.0,2139.28
INV_105162,WH_13,PROD_0176,12/05/2024,4578,148,240,4486.0,4575.95
INV_105163,WH_11,PROD_0284,21/02/2024,683,1406,1384,705.0,903.59
INV_105164,WH_01,PROD_0097,09/04/2024,3250,1018,1225,3043.0,2450.71
INV_105165,WH_12,PROD_0285,14/07/2024,4814,160,713,4261.0,6160.33
INV_105166,WH_03,PROD_0096,17/12/2024,680,1338,629,1389.0,899.95
INV_105167,WH_07,PROD_0071,16/06/2024,3738,475,1192,3021.0,2041.79
INV_105168,WH_13,PROD_0160,20/11/2024,4382,805,521,4666.0,5398.96
INV_105169,WH_04,PROD_0250,01/06/2024,978,1127,906,,0.0
INV_105170,WH_09,PROD_0297,19/08/2024,4132,206,286,4052.0,2465.67
INV_105171,WH_10,PROD_0050,21/05/2024,717,1003,296,1424.0,778.2
INV_105172,WH_06,PROD_0165,06/01/2024,2640,607,897,2350.0,2232.44
INV_105173,WH_09,PROD_0064,15/09/2024,2282,425,1370,1337.0,1267.75
INV_105174,WH_03,PROD_0237,01/06/2024,2919,261,1036,2144.0,1566.36
INV_105175,WH_01,PROD_0160,01/02/2024,4652,335,186,4801.0,3676.9
INV_105176,WH_13,PROD_0049,16/05/2024,4421,540,299,4662.0,4897.75
INV_105177,WH_13,PROD_0299,24/01/2024,3056,437,628,2865.0,1649.86
INV_105178,WH_15,PROD_0164,07/12/2024,1002,523,1378,147.0,102.59
INV_105179,WH_11,PROD_0246,09/05/2024,1229,452,195,1486.0,911.75
INV_105180,WH_09,PROD_0137,23/03/2024,1290,497,1423,364.0,430.31
INV_105181,WH_01,PROD_0002,26/10/2024,4949,1487,954,5482.0,7924.11
INV_105182,WH_03,PROD_0014,25/07/2024,1524,1379,883,2020.0,2181.97
INV_105183,WH_09,PROD_0059,17/04/2024,1620,1062,758,1924.0,2376.41
INV_105184,WH_13,PROD_0136,06/07/2024,592,702,1145,149.0,126.54
INV_105185,WH_12,PROD_0240,05/02/2024,714,1479,429,1764.0,1714.07
INV_105186,WH_05,PROD_0193,15/03/2024,3733,152,294,3591.0,2032.81
INV_105187,WH_07,PROD_0034,20/06/2024,2888,839,868,2859.0,3568.39
INV_105188,WH_10,PROD_0096,14/10/2024,1152,686,1474,,0.0
INV_105189,WH_01,PROD_0032,13/07/2024,4323,1499,1267,4555.0,3013.87
INV_105190,WH_04,PROD_0034,27/03/2024,2745,804,377,3172.0,1795.05
INV_105191,WH_11,PROD_0202,11/05/2024,2379,259,1285,1353.0,945.47
INV_105192,WH_13,PROD_0044,30/03/2024,4346,1222,1224,4344.0,4353.85
INV_105193,WH_05,PROD_0192,06/11/2024,3590,1301,224,4667.0,5583.33
INV_105194,WH_14,PROD_0138,13/07/2024,602,1171,1144,629.0,750.29
INV_105195,WH_09,PROD_0162,05/11/2024,4150,707,729,4128.0,4264.11
INV_105196,WH_09,PROD_0209,24/01/2024,1514,110,1080,544.0,556.28
INV_105197,WH_07,PROD_0193,07/12/2024,3905,1186,218,4873.0,4567.94
INV_105198,WH_06,PROD_0182,24/07/2024,2359,438,183,2614.0,2867.91
INV_105199,WH_08,PROD_0172,25/04/2024,594,871,850,615.0,616.43
INV_105200,WH_10,PROD_0280,01/01/2024,3599,593,746,3446.0,3044.89
INV_105201,WH_07,PROD_0103,11/07/2024,3692,1463,1386,3769.0,4563.32
INV_105202,WH_03,PROD_0172,05/01/2024,575,149,289,435.0,381.89
INV_105203,WH_08,PROD_0171,31/12/2024,541,1095,367,1269.0,1616.38
INV_105204,WH_11,PROD_0012,08/06/2024,3379,688,1471,2596.0,1960.45
INV_105205,WH_05,PROD_0041,08/12/2024,2091,1317,953,2455.0,2003.73
INV_105206,WH_07,PROD_0069,23/02/2024,1112,651,359,1404.0,1528.8
INV_105207,WH_12,PROD_0199,14/12/2024,2510,689,724,2475.0,1441.66
INV_105208,WH_09,PROD_0089,08/09/2024,2568,1479,632,3415.0,3094.71
INV_105209,WH_12,PROD_0174,18/01/2024,1089,596,275,1410.0,1602.79
INV_105210,WH_07,PROD_0018,08/01/2024,555,1196,124,,0.0
INV_105211,WH_10,PROD_0129,14/04/2024,897,1382,479,1800.0,1342.16
INV_105212,WH_06,PROD_0173,20/08/2024,2052,479,480,2051.0,1063.41
INV_105213,WH_15,PROD_0151,08/12/2024,3644,828,195,4277.0,2166.36
INV_105214,WH_05,PROD_0252,05/11/2024,3015,1428,1180,3263.0,2195.02
INV_105215,WH_11,PROD_0117,12/10/2024,3744,739,682,3801.0,5300.85
INV_105216,WH_02,PROD_0089,28/06/2024,2367,202,498,2071.0,1199.6
INV_105217,WH_05,PROD_0120,23/11/2024,1303,1093,754,1642.0,990.09
INV_105218,WH_09,PROD_0091,16/04/2024,3831,367,1353,2845.0,3990.81
INV_105219,WH_12,PROD_0279,24/04/2024,1764,676,554,,0.0
INV_105220,WH_14,PROD_0154,19/10/2024,2330,1356,368,3318.0,2371.1
INV_105221,WH_05,PROD_0082,19/06/2024,2501,1349,1356,2494.0,3252.46
INV_105222,WH_14,PROD_0010,01/03/2024,4902,1137,1039,5000.0,3785.95
INV_105223,WH_13,PROD_0263,30/11/2024,4296,587,1245,3638.0,5452.46
INV_105224,WH_04,PROD_0062,19/08/2024,525,1286,1002,809.0,1069.41
INV_105225,WH_07,PROD_0293,08/11/2024,4476,1257,252,5481.0,5097.92
INV_105226,WH_05,PROD_0212,20/02/2024,684,1072,253,1503.0,1420.12
INV_105227,WH_09,PROD_0227,25/10/2024,2132,417,872,1677.0,2367.05
INV_105228,WH_14,PROD_0133,24/10/2024,3783,944,1459,3268.0,2001.86
INV_105229,WH_05,PROD_0130,05/05/2024,1911,882,1390,1403.0,2068.26
INV_105230,WH_05,PROD_0151,29/08/2024,3317,961,1271,3007.0,1552.5
INV_105231,WH_06,PROD_0263,02/01/2024,1699,1155,1214,1640.0,903.43
INV_105232,WH_07,PROD_0085,17/11/2024,2687,732,1435,1984.0,1339.35
INV_105233,WH_10,PROD_0197,02/07/2024,4882,330,1282,3930.0,2029.83
INV_105234,WH_02,PROD_0265,30/06/2024,4754,712,1171,4295.0,4469.8
INV_105235,WH_10,PROD_0120,29/11/2024,2954,720,1349,2325.0,1969.13
INV_105236,WH_05,PROD_0013,11/08/2024,3696,403,422,3677.0,3572.81
INV_105237,WH_12,PROD_0229,14/04/2024,1719,899,1416,1202.0,1384.87
INV_105238,WH_05,PROD_0103,23/04/2024,3124,482,1005,2601.0,3632.42
INV_105239,WH_07,PROD_0019,05/05/2024,4469,1383,394,5458.0,6964.95
INV_105240,WH_07,PROD_0270,19/01/2024,1539,104,1188,,0.0
INV_105241,WH_02,PROD_0231,16/05/2024,4804,854,520,5138.0,4137.43
INV_105242,WH_03,PROD_0259,03/07/2024,2830,1346,256,3920.0,2084.18
INV_105243,WH_01,PROD_0145,26/08/2024,897,942,283,1556.0,966.75
INV_105244,WH_15,PROD_0116,30/12/2024,4805,900,353,5352.0,6095.58
INV_105245,WH_12,PROD_0140,13/01/2024,2618,620,414,2824.0,3579.23
INV_105246,WH_13,PROD_0244,30/09/2024,4050,201,623,3628.0,2345.38
INV_105247,WH_02,PROD_0243,23/03/2024,1803,317,1016,1104.0,1563.49
INV_105248,WH_01,PROD_0208,15/08/2024,2055,204,837,1422.0,1210.81
INV_105249,WH_13,PROD_0201,09/08/2024,1655,803,1408,1050.0,985.98
INV_105250,WH_10,PROD_0026,10/01/2024,2191,690,1284,1597.0,1241.72
INV_105251,WH_15,PROD_0033,21/07/2024,4124,1113,1306,3931.0,4573.66
INV_105252,WH_02,PROD_0243,08/08/2024,3642,1086,944,3784.0,3618.94
INV_105253,WH_08,PROD_0222,15/09/2024,4199,969,998,4170.0,2521.04
INV_105254,WH_08,PROD_0124,08/08/2024,3019,491,906,2604.0,1940.87
INV_105255,WH_09,PROD_0289,04/04/2024,2372,585,686,2271.0,1189.62
INV_105256,WH_11,PROD_0198,10/07/2024,1100,704,702,1102.0,1194.44
INV_105257,WH_05,PROD_0028,01/01/2024,4476,333,291,4518.0,2361.36
INV_105258,WH_13,PROD_0278,10/09/2024,4125,746,730,4141.0,2970.73
INV_105259,WH_09,PROD_0132,16/12/2024,4878,782,857,4803.0,4445.61
INV_105260,WH_02,PROD_0169,14/10/2024,3453,443,1159,2737.0,2152.9
INV_105261,WH_15,PROD_0187,29/12/2024,1492,1267,740,2019.0,1208.92
INV_105262,WH_06,PROD_0121,25/01/2024,1590,100,264,1426.0,1498.29
INV_105263,WH_01,PROD_0292,23/05/2024,4160,294,607,3847.0,3563.58
INV_105264,WH_15,PROD_0082,11/01/2024,1856,929,1339,1446.0,892.92
INV_105265,WH_03,PROD_0183,14/01/2024,1584,121,378,1327.0,814.23
INV_105266,WH_12,PROD_0196,25/10/2024,518,740,791,467.0,443.87
INV_105267,WH_01,PROD_0204,20/08/2024,2190,1069,703,2556.0,3102.39
INV_105268,WH_15,PROD_0235,31/07/2024,2366,830,270,2926.0,3501.18
INV_105269,WH_02,PROD_0213,01/12/2024,1947,1133,951,2129.0,1299.44
INV_105270,WH_09,PROD_0147,31/12/2024,2897,207,828,2276.0,2773.17
INV_105271,WH_09,PROD_0124,12/06/2024,1895,1259,876,2278.0,3136.93
INV_105272,WH_15,PROD_0192,29/06/2024,3366,841,856,3351.0,2341.96
INV_105273,WH_03,PROD_0128,25/03/2024,3804,1311,1490,3625.0,4686.49
INV_105274,WH_02,PROD_0263,06/04/2024,3680,707,266,4121.0,5326.62
INV_105275,WH_01,PROD_0014,05/03/2024,2698,1430,997,3131.0,4661.7
INV_105276,WH_07,PROD_0284,16/12/2024,2098,1302,621,2779.0,3408.67
INV_105277,WH_14,PROD_0026,19/11/2024,3529,1437,1268,3698.0,5214.25
INV_105278,WH_09,PROD_0226,13/08/2024,4912,1368,760,5520.0,3695.33
INV_105279,WH_12,PROD_0155,15/01/2024,3049,457,1212,2294.0,2237.81
INV_105280,WH_09,PROD_0246,24/11/2024,4619,153,355,4417.0,3920.05
INV_105281,WH_09,PROD_0253,02/09/2024,3344,190,1007,2527.0,2011.8
INV_105282,WH_07,PROD_0287,21/05/2024,523,683,540,666.0,766.24
INV_105283,WH_09,PROD_0052,27/04/2024,4282,213,544,3951.0,5807.9
INV_105284,WH_12,PROD_0181,06/02/2024,1363,1227,661,1929.0,1492.7
INV_105285,WH_14,PROD_0035,25/03/2024,2247,112,1459,900.0,1066.25
INV_105286,WH_09,PROD_0246,18/07/2024,4840,922,1350,4412.0,5984.89
INV_105287,WH_10,PROD_0025,03/07/2024,1480,622,852,1250.0,1699.24
INV_105288,WH_05,PROD_0201,10/02/2024,3246,1495,212,4529.0,4475.57
INV_105289,WH_10,PROD_0208,20/01/2024,4737,428,929,4236.0,2858.25
INV_105290,WH_12,PROD_0208,24/08/2024,4297,909,558,4648.0,3049.1
INV_105291,WH_09,PROD_0141,11/12/2024,2139,1080,637,2582.0,3562.63
INV_105292,WH_01,PROD_0058,05/07/2024,1650,1064,390,2324.0,2606.17
INV_105293,WH_12,PROD_0060,10/04/2024,4686,1255,106,5835.0,6680.13
INV_105294,WH_11,PROD_0185,30/10/2024,3237,707,1206,2738.0,1553.3
INV_105295,WH_04,PROD_0023,26/09/2024,3299,1282,1440,3141.0,3407.75
INV_105296,WH_04,PROD_0187,06/12/2024,4084,1232,1049,4267.0,4892.07
INV_105297,WH_01,PROD_0247,17/01/2024,773,773,771,775.0,544.45
INV_105298,WH_14,PROD_0179,23/05/2024,662,146,1454,-646.0,-912.45
INV_105299,WH_01,PROD_0170,13/03/2024,2237,191,595,1833.0,2111.08
INV_105300,WH_05,PROD_0156,02/05/2024,1778,886,511,2153.0,1489.86
INV_105301,WH_02,PROD_0178,17/12/2024,3799,1102,328,4573.0,2643.77
INV_105302,WH_02,PROD_0080,20/05/2024,1115,1218,672,1661.0,1221.74
INV_105303,WH_06,PROD_0233,07/07/2024,1145,370,1023,492.0,442.32
INV_105304,WH_15,PROD_0248,27/01/2024,4097,1294,593,4798.0,6541.17
INV_105305,WH_09,PROD_0228,19/10/2024,3739,981,306,4414.0,5130.03
INV_105306,WH_04,PROD_0276,03/07/2024,4091,1261,1325,4027.0,3046.17
INV_105307,WH_11,PROD_0167,16/06/2024,3426,1278,1393,3311.0,4027.44
INV_105308,WH_02,PROD_0152,16/10/2024,3982,800,1408,3374.0,2666.68
INV_105309,WH_01,PROD_0136,08/08/2024,4072,1190,177,5085.0,6967.94
INV_105310,WH_10,PROD_0064,29/11/2024,3006,853,1057,2802.0,3034.09
INV_105311,WH_11,PROD_0273,01/05/2024,2224,1126,514,2836.0,2230.24
INV_105312,WH_07,PROD_0199,28/04/2024,4778,1189,696,5271.0,7808.75
INV_105313,WH_01,PROD_0105,20/08/2024,4792,1251,1162,4881.0,6168.13
INV_105314,WH_13,PROD_0271,16/05/2024,3220,1223,758,3685.0,5327.35
INV_105315,WH_14,PROD_0217,11/08/2024,2899,532,306,3125.0,2846.18
INV_105316,WH_05,PROD_0035,19/11/2024,2995,401,388,3008.0,2974.77
INV_105317,WH_12,PROD_0084,12/01/2024,1981,156,1211,926.0,1085.26
INV_105318,WH_03,PROD_0067,26/05/2024,4572,1146,842,4876.0,6648.66
INV_105319,WH_04,PROD_0157,13/11/2024,3416,144,263,3297.0,3409.65
INV_105320,WH_07,PROD_0175,05/03/2024,3833,535,424,3944.0,2129.65
INV_105321,WH_13,PROD_0277,12/09/2024,3025,337,596,2766.0,3860.01
INV_105322,WH_11,PROD_0005,14/06/2024,4134,1287,781,4640.0,5334.09
INV_105323,WH_05,PROD_0290,04/09/2024,1461,148,751,,0.0
INV_105324,WH_14,PROD_0276,27/03/2024,3567,720,212,4075.0,4551.93
INV_105325,WH_04,PROD_0087,20/01/2024,4742,1500,449,5793.0,4551.38
INV_105326,WH_01,PROD_0071,17/08/2024,1425,679,799,1305.0,1949.14
INV_105327,WH_06,PROD_0065,07/06/2024,4913,1390,1486,4817.0,6732.44
INV_105328,WH_07,PROD_0065,29/09/2024,3938,294,872,3360.0,3758.78
INV_105329,WH_14,PROD_0119,13/02/2024,711,934,1316,329.0,244.83
INV_105330,WH_08,PROD_0274,31/07/2024,718,1450,1297,871.0,1158.75
INV_105331,WH_03,PROD_0033,07/04/2024,4154,1321,365,5110.0,2713.45
INV_105332,WH_11,PROD_0121,08/11/2024,1092,1067,463,1696.0,1313.42
INV_105333,WH_03,PROD_0032,06/08/2024,2872,1389,441,3820.0,5339.26
INV_105334,WH_06,PROD_0090,16/09/2024,1791,1409,752,2448.0,3061.56
INV_105335,WH_02,PROD_0032,26/10/2024,1354,1224,476,2102.0,3124.41
INV_105336,WH_05,PROD_0063,16/05/2024,690,747,791,646.0,394.11
INV_105337,WH_05,PROD_0069,21/08/2024,4385,1252,1160,4477.0,5029.78
INV_105338,WH_13,PROD_0164,05/05/2024,1396,773,553,1616.0,2316.46
INV_105339,WH_10,PROD_0218,11/08/2024,998,540,541,997.0,1416.35
INV_105340,WH_11,PROD_0092,20/06/2024,4951,1097,856,5192.0,7658.42
INV_105341,WH_02,PROD_0166,09/10/2024,4039,234,1154,,0.0
INV_105342,WH_06,PROD_0080,01/09/2024,2397,1344,225,3516.0,3531.27
INV_105343,WH_11,PROD_0277,14/04/2024,2530,1484,1456,2558.0,1590.38
INV_105344,WH_05,PROD_0136,28/09/2024,3791,118,449,3460.0,3409.57
INV_105345,WH_08,PROD_0300,24/12/2024,1218,256,232,1242.0,1620.74
INV_105346,WH_04,PROD_0095,11/07/2024,3407,444,728,3123.0,2566.91
INV_105347,WH_07,PROD_0225,06/06/2024,2681,531,692,2520.0,1333.34
INV_105348,WH_13,PROD_0255,29/03/2024,1168,536,662,1042.0,1550.93
INV_105349,WH_07,PROD_0034,20/02/2024,1961,319,479,1801.0,1138.88
INV_105350,WH_07,PROD_0015,10/02/2024,4647,653,1484,3816.0,2754.34
INV_105351,WH_03,PROD_0136,16/04/2024,4485,619,1021,4083.0,5492.0
INV_105352,WH_09,PROD_0204,04/04/2024,1924,571,1453,1042.0,1501.66
INV_105353,WH_05,PROD_0230,29/05/2024,4325,1097,491,4931.0,5379.21
INV_105354,WH_04,PROD_0220,05/01/2024,1853,1163,843,,0.0
INV_105355,WH_01,PROD_0170,19/04/2024,4798,588,1246,4140.0,2823.47
INV_105356,WH_15,PROD_0207,05/01/2024,4070,831,1021,3880.0,3771.54
INV_105357,WH_04,PROD_0102,03/06/2024,4042,631,1188,3485.0,3838.83
INV_105358,WH_05,PROD_0040,15/10/2024,1288,556,1143,701.0,756.96
INV_105359,WH_03,PROD_0219,13/09/2024,1754,1243,1179,1818.0,1638.2
INV_105360,WH_14,PROD_0050,04/09/2024,3304,837,1105,,0.0
INV_105361,WH_05,PROD_0029,10/05/2024,1020,1410,1344,1086.0,935.41
INV_105362,WH_08,PROD_0180,30/05/2024,2534,1163,1029,2668.0,2742.83
INV_105363,WH_13,PROD_0078,20/12/2024,1908,157,888,1177.0,1025.85
INV_105364,WH_05,PROD_0106,20/07/2024,2319,405,702,2022.0,1181.77
INV_105365,WH_07,PROD_0158,05/08/2024,3166,1136,692,3610.0,2576.16
INV_105366,WH_12,PROD_0226,29/09/2024,4349,266,1094,3521.0,3609.34
INV_105367,WH_13,PROD_0252,02/01/2024,765,936,1031,670.0,488.54
INV_105368,WH_03,PROD_0234,13/05/2024,2403,206,977,1632.0,2273.64
INV_105369,WH_08,PROD_0151,12/02/2024,4552,950,1166,4336.0,4965.55
INV_105370,WH_02,PROD_0105,26/09/2024,690,426,161,955.0,704.95
INV_105371,WH_09,PROD_0090,10/07/2024,2508,1270,764,3014.0,1608.65
INV_105372,WH_08,PROD_0083,07/07/2024,994,488,1385,97.0,95.85
INV_105373,WH_07,PROD_0115,07/10/2024,2916,162,1277,,0.0
INV_105374,WH_04,PROD_0247,29/01/2024,556,348,1479,-575.0,-609.53
INV_105375,WH_02,PROD_0294,27/11/2024,4519,1281,1394,4406.0,6234.84
INV_105376,WH_03,PROD_0141,07/05/2024,679,1389,214,1854.0,1098.88
INV_105377,WH_15,PROD_0060,13/11/2024,2321,640,200,2761.0,3621.84
INV_105378,WH_15,PROD_0062,15/09/2024,2650,763,1369,2044.0,1763.21
INV_105379,WH_03,PROD_0046,08/05/2024,2789,1405,727,3467.0,3403.25
INV_105380,WH_04,PROD_0264,09/01/2024,2707,1129,634,3202.0,2482.39
INV_105381,WH_01,PROD_0161,06/01/2024,1990,1017,442,2565.0,3009.59
INV_105382,WH_03,PROD_0116,05/08/2024,1127,1401,667,1861.0,2633.51
INV_105383,WH_13,PROD_0127,15/06/2024,1346,871,545,1672.0,1028.17
INV_105384,WH_10,PROD_0089,03/04/2024,2510,962,1457,2015.0,1159.01
INV_105385,WH_09,PROD_0091,23/08/2024,3105,434,1416,,0.0
INV_105386,WH_04,PROD_0005,06/11/2024,4718,268,223,4763.0,3791.81
INV_105387,WH_13,PROD_0260,14/05/2024,4713,700,1468,3945.0,3075.07
INV_105388,WH_14,PROD_0241,09/06/2024,3213,1155,651,3717.0,3756.98
INV_105389,WH_12,PROD_0040,11/06/2024,2650,1330,326,3654.0,3949.15
INV_105390,WH_05,PROD_0209,22/07/2024,2360,1173,1160,2373.0,1747.92
INV_105391,WH_04,PROD_0154,22/01/2024,3628,455,523,3560.0,5212.82
INV_105392,WH_04,PROD_0247,05/08/2024,1154,1233,1093,1294.0,922.39
INV_105393,WH_02,PROD_0254,19/11/2024,3188,118,364,2942.0,3770.3
INV_105394,WH_04,PROD_0107,20/02/2024,1848,278,1011,1115.0,863.42
INV_105395,WH_01,PROD_0276,16/02/2024,2486,475,281,2680.0,2127.48
INV_105396,WH_10,PROD_0195,10/11/2024,2198,458,207,2449.0,2373.11
INV_105397,WH_01,PROD_0202,21/03/2024,3040,463,945,,0.0
INV_105398,WH_08,PROD_0168,31/01/2024,2360,501,833,2028.0,2406.71
INV_105399,WH_10,PROD_0127,29/07/2024,1247,912,690,1469.0,1590.19
INV_105400,WH_11,PROD_0087,13/04/2024,1944,910,1218,1636.0,1314.09
INV_105401,WH_15,PROD_0126,09/02/2024,958,128,1214,-128.0,-189.27
INV_105402,WH_14,PROD_0246,14/02/2024,1587,1140,193,2534.0,3227.34
INV_105403,WH_15,PROD_0078,14/11/2024,4042,1207,606,4643.0,6260.82
INV_105404,WH_13,PROD_0145,27/12/2024,4331,234,978,3587.0,2711.84
INV_105405,WH_11,PROD_0185,12/01/2024,3051,1433,1390,3094.0,3670.09
INV_105406,WH_11,PROD_0215,10/05/2024,3776,348,1068,,0.0
INV_105407,WH_12,PROD_0193,22/08/2024,3800,1131,1432,3499.0,1866.55
INV_105408,WH_04,PROD_0187,16/07/2024,3633,398,959,3072.0,1699.76
INV_105409,WH_07,PROD_0154,25/07/2024,2528,130,1261,1397.0,1328.13
INV_105410,WH_05,PROD_0087,17/05/2024,4699,1070,699,5070.0,6559.02
INV_105411,WH_07,PROD_0300,22/11/2024,3369,554,621,3302.0,3130.28
INV_105412,WH_01,PROD_0280,29/02/2024,1182,316,1236,262.0,296.13
INV_105413,WH_06,PROD_0049,07/04/2024,4365,1040,1318,4087.0,2838.59
INV_105414,WH_12,PROD_0168,13/04/2024,2633,767,535,2865.0,3852.73
INV_105415,WH_02,PROD_0277,17/11/2024,1838,284,436,1686.0,996.78
INV_105416,WH_15,PROD_0190,06/02/2024,2525,1207,795,2937.0,3833.98
INV_105417,WH_12,PROD_0211,10/05/2024,3978,1481,183,5276.0,5161.98
INV_105418,WH_04,PROD_0203,13/09/2024,4169,487,581,4075.0,3504.14
INV_105419,WH_10,PROD_0073,02/01/2024,3231,275,945,2561.0,1586.78
INV_105420,WH_02,PROD_0074,02/02/2024,2762,1368,1486,2644.0,1475.71
INV_105421,WH_15,PROD_0102,26/09/2024,2729,1120,880,2969.0,2482.74
INV_105422,WH_10,PROD_0119,26/04/2024,4986,209,771,4424.0,5753.99
INV_105423,WH_06,PROD_0025,29/10/2024,2994,373,1076,2291.0,1244.25
INV_105424,WH_02,PROD_0104,03/12/2024,4880,1341,996,5225.0,4334.65
INV_105425,WH_05,PROD_0105,07/02/2024,1727,1103,780,2050.0,2836.97
INV_105426,WH_12,PROD_0030,25/05/2024,3806,609,395,4020.0,2802.54
INV_105427,WH_03,PROD_0128,14/09/2024,3648,852,302,4198.0,6019.87
INV_105428,WH_03,PROD_0130,22/04/2024,804,242,828,218.0,173.46
INV_105429,WH_13,PROD_0033,12/10/2024,759,943,1025,677.0,902.31
INV_105430,WH_02,PROD_0038,05/12/2024,2649,599,1212,2036.0,1733.02
INV_105431,WH_01,PROD_0037,09/05/2024,727,1075,693,1109.0,656.31
INV_105432,WH_07,PROD_0193,01/05/2024,3945,862,364,4443.0,2296.31
INV_105433,WH_04,PROD_0276,09/06/2024,2911,1020,900,3031.0,3170.63
INV_105434,WH_13,PROD_0199,28/02/2024,2600,142,1063,1679.0,2264.63
INV_105435,WH_05,PROD_0122,04/04/2024,1313,484,1066,731.0,997.54
INV_105436,WH_03,PROD_0292,03/04/2024,926,209,535,600.0,623.54
INV_105437,WH_02,PROD_0226,29/06/2024,1193,633,1313,513.0,340.09
INV_105438,WH_02,PROD_0257,06/07/2024,4948,1284,984,5248.0,6318.62
INV_105439,WH_08,PROD_0007,09/04/2024,994,470,1186,278.0,382.65
INV_105440,WH_06,PROD_0075,30/06/2024,4580,547,963,4164.0,5837.11
INV_105441,WH_07,PROD_0024,04/05/2024,2816,971,1371,2416.0,1692.56
INV_105442,WH_12,PROD_0139,19/11/2024,1314,633,198,1749.0,1375.06
INV_105443,WH_09,PROD_0143,22/02/2024,2468,882,1416,1934.0,2061.21
INV_105444,WH_07,PROD_0124,10/12/2024,2400,706,503,2603.0,2796.09
INV_105445,WH_03,PROD_0164,04/01/2024,772,1057,776,1053.0,1250.26
INV_105446,WH_13,PROD_0171,03/10/2024,4464,1118,1108,4474.0,3691.68
INV_105447,WH_06,PROD_0106,29/09/2024,2371,603,869,2105.0,3095.41
INV_105448,WH_07,PROD_0072,09/12/2024,2752,660,482,2930.0,1698.46
INV_105449,WH_01,PROD_0158,03/03/2024,2767,606,1241,2132.0,2141.97
INV_105450,WH_11,PROD_0229,30/12/2024,4610,1101,256,5455.0,2995.6
INV_105451,WH_12,PROD_0089,09/02/2024,2145,1380,491,3034.0,3186.94
INV_105452,WH_08,PROD_0153,21/03/2024,2265,1065,178,3152.0,3045.34
INV_105453,WH_09,PROD_0010,05/11/2024,1915,1465,455,2925.0,3299.41
INV_105454,WH_10,PROD_0097,23/09/2024,4845,191,1117,3919.0,5127.5
INV_105455,WH_06,PROD_0007,11/12/2024,1530,916,525,1921.0,2760.0
INV_105456,WH_08,PROD_0196,11/01/2024,3732,1194,1427,3499.0,3867.78
INV_105457,WH_09,PROD_0162,05/03/2024,4605,123,563,4165.0,2248.79
INV_105458,WH_08,PROD_0242,13/02/2024,4278,493,992,3779.0,3220.66
INV_105459,WH_03,PROD_0083,12/05/2024,1632,1023,553,2102.0,1542.48
INV_105460,WH_13,PROD_0280,01/07/2024,2856,831,1247,2440.0,3063.45
INV_105461,WH_15,PROD_0173,30/04/2024,4775,826,1150,4451.0,6606.79
INV_105462,WH_02,PROD_0286,11/05/2024,2688,1065,1139,2614.0,2493.34
INV_105463,WH_12,PROD_0195,12/10/2024,3008,1310,1284,3034.0,3718.9
INV_105464,WH_14,PROD_0219,09/07/2024,4661,531,1028,4164.0,6105.9
INV_105465,WH_04,PROD_0300,09/09/2024,1006,1121,934,1193.0,1551.38
INV_105466,WH_03,PROD_0246,04/01/2024,1768,547,1309,1006.0,1506.36
INV_105467,WH_05,PROD_0184,14/05/2024,2548,1170,864,2854.0,3901.96
INV_105468,WH_09,PROD_0250,08/08/2024,2658,1356,321,3693.0,5208.41
INV_105469,WH_11,PROD_0181,25/06/2024,2218,191,614,,0.0
INV_105470,WH_10,PROD_0072,20/08/2024,2166,340,1256,1250.0,1625.27
INV_105471,WH_06,PROD_0253,06/10/2024,2239,162,396,2005.0,2941.91
INV_105472,WH_03,PROD_0033,18/07/2024,2475,184,1376,1283.0,1087.79
INV_105473,WH_13,PROD_0126,31/10/2024,2096,311,845,1562.0,1734.51
INV_105474,WH_15,PROD_0043,23/02/2024,760,133,1393,-500.0,-590.16
INV_105475,WH_08,PROD_0058,28/12/2024,4342,1017,891,4468.0,5016.78
INV_105476,WH_03,PROD_0138,08/03/2024,4329,650,980,3999.0,5121.0
INV_105477,WH_10,PROD_0023,15/04/2024,1557,271,1070,758.0,910.65
INV_105478,WH_13,PROD_0137,24/11/2024,844,352,544,652.0,370.85
INV_105479,WH_04,PROD_0237,05/05/2024,4658,689,755,4592.0,5290.95
INV_105480,WH_08,PROD_0113,20/05/2024,3881,514,1082,3313.0,2451.01
INV_105481,WH_13,PROD_0132,13/04/2024,2107,789,698,2198.0,2181.22
INV_105482,WH_08,PROD_0009,21/07/2024,3315,838,678,3475.0,3727.15
INV_105483,WH_10,PROD_0176,31/10/2024,3474,1400,731,4143.0,3881.12
INV_105484,WH_14,PROD_0157,15/11/2024,1031,343,641,733.0,1056.57
INV_105485,WH_01,PROD_0019,26/03/2024,3475,123,110,3488.0,2184.45
INV_105486,WH_07,PROD_0010,08/04/2024,3315,887,965,3237.0,2098.98
INV_105487,WH_07,PROD_0147,08/12/2024,4247,1104,116,5235.0,4551.02
INV_105488,WH_14,PROD_0078,27/05/2024,3572,1465,1016,4021.0,4521.97
INV_105489,WH_09,PROD_0277,13/02/2024,4918,650,1451,4117.0,5528.03
INV_105490,WH_08,PROD_0127,05/06/2024,3068,358,1186,2240.0,3149.15
INV_105491,WH_07,PROD_0072,23/07/2024,1288,600,160,1728.0,2526.51
INV_105492,WH_10,PROD_0110,19/12/2024,852,1184,575,1461.0,1634.22
INV_105493,WH_03,PROD_0247,28/10/2024,2736,630,177,3189.0,2404.97
INV_105494,WH_04,PROD_0032,25/01/2024,2892,1351,799,3444.0,2836.69
INV_105495,WH_02,PROD_0205,30/04/2024,4070,1225,414,4881.0,4146.4
INV_105496,WH_12,PROD_0256,22/08/2024,2517,363,477,2403.0,1976.83
INV_105497,WH_02,PROD_0266,04/09/2024,3815,553,891,3477.0,4606.51
INV_105498,WH_15,PROD_0211,22/02/2024,4803,290,410,4683.0,3439.34
INV_105499,WH_10,PROD_0198,23/05/2024,3238,1055,1492,2801.0,1424.7
INV_105500,WH_06,PROD_0191,19/08/2024,734,918,583,1069.0,1120.51
INV_105501,WH_05,PROD_0293,24/12/2024,573,570,1247,-104.0,-111.45
INV_105502,WH_15,PROD_0026,16/03/2024,1465,472,981,956.0,832.68
INV_105503,WH_08,PROD_0166,18/03/2024,2740,1201,1466,2475.0,3116.97
INV_105504,WH_02,PROD_0269,17/07/2024,4211,274,1195,3290.0,3958.26
INV_105505,WH_02,PROD_0134,28/02/2024,3569,1399,1104,3864.0,5413.78
INV_105506,WH_05,PROD_0117,18/02/2024,4311,1288,628,4971.0,7342.97
INV_105507,WH_02,PROD_0189,28/02/2024,2110,133,380,1863.0,2576.43
INV_105508,WH_03,PROD_0156,26/07/2024,3361,339,595,3105.0,4034.93
INV_105509,WH_10,PROD_0166,05/03/2024,4945,312,408,4849.0,2539.95
INV_105510,WH_05,PROD_0091,11/10/2024,1239,1412,1020,1631.0,2269.55
INV_105511,WH_15,PROD_0162,14/06/2024,2549,1131,1100,2580.0,2256.82
INV_105512,WH_07,PROD_0057,23/04/2024,2921,1107,340,3688.0,4146.4
INV_105513,WH_15,PROD_0195,19/04/2024,1240,234,839,635.0,323.03
INV_105514,WH_11,PROD_0220,16/02/2024,3254,1051,121,4184.0,5909.72
INV_105515,WH_04,PROD_0259,17/11/2024,4619,1318,185,5752.0,8159.88
INV_105516,WH_03,PROD_0211,02/11/2024,3604,889,1291,3202.0,4233.26
INV_105517,WH_03,PROD_0088,13/03/2024,1561,1177,160,2578.0,2883.87
INV_105518,WH_12,PROD_0266,03/11/2024,1436,427,679,1184.0,1714.11
INV_105519,WH_06,PROD_0125,12/12/2024,2974,186,866,2294.0,2116.15
INV_105520,WH_13,PROD_0177,28/07/2024,2562,1440,1151,2851.0,2809.17
INV_105521,WH_08,PROD_0137,10/12/2024,2517,1326,840,3003.0,4265.58
INV_105522,WH_04,PROD_0098,08/11/2024,2566,641,230,2977.0,3692.04
INV_105523,WH_02,PROD_0237,17/11/2024,2114,992,1288,1818.0,1584.32
INV_105524,WH_02,PROD_0233,23/04/2024,4312,1496,636,5172.0,5861.54
INV_105525,WH_05,PROD_0018,05/05/2024,4989,103,957,4135.0,3415.1
INV_105526,WH_04,PROD_0295,17/03/2024,2195,190,1385,1000.0,1410.14
INV_105527,WH_12,PROD_0164,06/04/2024,3020,1003,930,3093.0,4202.13
INV_105528,WH_13,PROD_0043,07/07/2024,3985,499,135,4349.0,3172.7
INV_105529,WH_02,PROD_0294,23/08/2024,1556,1389,341,,0.0
INV_105530,WH_08,PROD_0148,28/09/2024,4308,1283,333,5258.0,7420.33
INV_105531,WH_15,PROD_0122,23/07/2024,4772,392,758,4406.0,6255.85
INV_105532,WH_11,PROD_0078,26/06/2024,2169,454,1251,,0.0
INV_105533,WH_06,PROD_0060,07/05/2024,4116,404,451,4069.0,5968.63
INV_105534,WH_14,PROD_0124,23/04/2024,1706,1201,1345,1562.0,1474.5
INV_105535,WH_12,PROD_0058,27/03/2024,3603,358,1130,2831.0,3271.84
INV_105536,WH_11,PROD_0075,11/04/2024,4428,1438,1123,4743.0,3096.56
INV_105537,WH_12,PROD_0248,03/10/2024,2110,456,314,2252.0,3356.11
INV_105538,WH_13,PROD_0027,26/03/2024,4328,924,1351,3901.0,5119.03
INV_105539,WH_06,PROD_0148,18/02/2024,584,1097,650,1031.0,814.87
INV_105540,WH_05,PROD_0221,20/04/2024,3540,352,1005,2887.0,3435.18
INV_105541,WH_11,PROD_0298,26/03/2024,1584,1348,150,2782.0,3290.08
INV_105542,WH_09,PROD_0092,14/07/2024,1006,1435,266,2175.0,1255.32
INV_105543,WH_07,PROD_0079,09/10/2024,616,765,1481,-100.0,-74.53
INV_105544,WH_05,PROD_0238,08/07/2024,4174,538,569,4143.0,4241.14
INV_105545,WH_03,PROD_0181,12/03/2024,883,960,260,1583.0,1666.61
INV_105546,WH_06,PROD_0092,18/09/2024,1782,1491,1478,1795.0,1171.47
INV_105547,WH_14,PROD_0098,24/12/2024,1491,771,331,1931.0,1163.77
INV_105548,WH_04,PROD_0286,29/06/2024,797,633,735,695.0,764.09
INV_105549,WH_08,PROD_0171,23/11/2024,1356,653,1155,854.0,935.32
INV_105550,WH_07,PROD_0232,26/03/2024,2152,637,679,2110.0,1198.88
INV_105551,WH_10,PROD_0271,25/08/2024,1951,718,1195,1474.0,1579.77
INV_105552,WH_04,PROD_0276,25/06/2024,1325,1118,310,2133.0,2346.53
INV_105553,WH_10,PROD_0274,05/06/2024,1091,821,1148,764.0,950.79
INV_105554,WH_03,PROD_0011,06/06/2024,2872,1476,1197,3151.0,2213.45
INV_105555,WH_06,PROD_0278,23/09/2024,644,1293,1297,640.0,532.24
INV_105556,WH_14,PROD_0239,30/11/2024,1623,582,1450,755.0,1115.49
INV_105557,WH_09,PROD_0028,14/03/2024,2157,900,337,2720.0,3140.19
INV_105558,WH_01,PROD_0110,06/09/2024,1644,1317,1337,1624.0,1109.06
INV_105559,WH_13,PROD_0048,03/03/2024,1972,312,187,2097.0,2595.19
INV_105560,WH_03,PROD_0212,03/07/2024,2090,1303,1311,2082.0,2663.48
INV_105561,WH_11,PROD_0075,09/09/2024,3391,763,227,3927.0,2932.38
INV_105562,WH_14,PROD_0232,14/04/2024,2895,240,884,2251.0,1214.28
INV_105563,WH_15,PROD_0069,24/10/2024,1551,260,440,1371.0,888.2
INV_105564,WH_06,PROD_0080,26/02/2024,3426,1111,820,3717.0,4666.85
INV_105565,WH_06,PROD_0177,02/01/2024,4211,1160,587,4784.0,5046.76
INV_105566,WH_07,PROD_0148,03/02/2024,2284,997,921,2360.0,1371.32
INV_105567,WH_10,PROD_0100,21/09/2024,2195,1321,559,2957.0,1758.42
INV_105568,WH_03,PROD_0005,23/08/2024,2177,1183,140,3220.0,4205.44
INV_105569,WH_13,PROD_0023,10/01/2024,2736,1278,508,3506.0,2989.81
INV_105570,WH_05,PROD_0086,20/03/2024,3149,275,716,2708.0,3803.84
INV_105571,WH_12,PROD_0071,16/01/2024,1140,338,1283,195.0,191.44
INV_105572,WH_13,PROD_0246,25/04/2024,956,1064,1139,881.0,802.69
INV_105573,WH_08,PROD_0201,29/10/2024,2711,940,381,3270.0,4653.62
INV_105574,WH_01,PROD_0226,21/05/2024,2028,361,407,1982.0,1099.95
INV_105575,WH_12,PROD_0212,27/06/2024,1998,1433,482,2949.0,3558.12
INV_105576,WH_03,PROD_0135,12/07/2024,3869,1214,343,4740.0,5059.21
INV_105577,WH_13,PROD_0143,25/06/2024,2972,1211,873,3310.0,2489.88
INV_105578,WH_08,PROD_0028,07/01/2024,4656,583,1222,4017.0,2559.51
INV_105579,WH_08,PROD_0121,09/02/2024,1627,984,996,1615.0,1122.55
INV_105580,WH_12,PROD_0071,12/08/2024,2382,784,701,2465.0,3505.1
INV_105581,WH_12,PROD_0100,03/08/2024,3324,367,592,3099.0,4203.7
INV_105582,WH_02,PROD_0150,12/06/2024,2254,949,1212,1991.0,2620.4
INV_105583,WH_04,PROD_0179,02/12/2024,1337,369,495,1211.0,1151.04
INV_105584,WH_03,PROD_0242,05/07/2024,3768,259,1389,2638.0,1498.85
INV_105585,WH_05,PROD_0014,31/05/2024,2773,750,526,2997.0,4186.59
INV_105586,WH_06,PROD_0186,05/01/2024,1734,360,869,1225.0,1311.4
INV_105587,WH_15,PROD_0089,27/12/2024,4577,910,1420,4067.0,5796.95
INV_105588,WH_02,PROD_0162,01/09/2024,2747,610,1097,2260.0,3224.42
INV_105589,WH_10,PROD_0270,28/04/2024,3857,367,355,3869.0,2847.79
INV_105590,WH_15,PROD_0133,20/12/2024,3976,195,1154,3017.0,3675.25
INV_105591,WH_04,PROD_0157,15/07/2024,2324,315,1115,1524.0,1338.29
INV_105592,WH_12,PROD_0048,29/08/2024,1600,103,477,1226.0,1335.26
INV_105593,WH_11,PROD_0079,19/12/2024,4348,503,1057,3794.0,4885.34
INV_105594,WH_01,PROD_0145,04/05/2024,2433,1343,344,3432.0,1972.87
INV_105595,WH_10,PROD_0064,13/09/2024,1105,359,422,1042.0,846.82
INV_105596,WH_08,PROD_0184,02/03/2024,3992,1398,1203,4187.0,3458.31
INV_105597,WH_15,PROD_0273,11/04/2024,2385,1064,1003,2446.0,3463.05
INV_105598,WH_08,PROD_0144,02/06/2024,1169,901,658,,0.0
INV_105599,WH_13,PROD_0042,19/11/2024,3848,404,1086,,0.0
INV_105600,WH_07,PROD_0188,29/11/2024,818,916,317,1417.0,1212.35
INV_105601,WH_12,PROD_0027,30/05/2024,4452,826,230,5048.0,7389.05
INV_105602,WH_03,PROD_0260,15/04/2024,3659,400,747,3312.0,2139.72
INV_105603,WH_11,PROD_0218,29/10/2024,4229,215,394,4050.0,5746.13
INV_105604,WH_10,PROD_0041,29/07/2024,1883,494,1221,1156.0,1117.91
INV_105605,WH_15,PROD_0236,02/07/2024,4696,1296,1161,4831.0,6473.07
INV_105606,WH_02,PROD_0036,05/02/2024,1527,1322,399,2450.0,1790.87
INV_105607,WH_05,PROD_0086,24/07/2024,2630,722,1177,2175.0,1590.08
INV_105608,WH_02,PROD_0128,19/05/2024,1130,718,371,1477.0,1479.78
INV_105609,WH_15,PROD_0050,28/11/2024,2424,1330,667,3087.0,3437.72
INV_105610,WH_14,PROD_0283,14/11/2024,1089,366,1190,265.0,151.92
INV_105611,WH_09,PROD_0039,05/04/2024,3716,737,1465,2988.0,1500.22
INV_105612,WH_04,PROD_0075,21/01/2024,503,496,542,457.0,413.53
INV_105613,WH_04,PROD_0117,29/02/2024,4837,1073,782,5128.0,6821.88
INV_105614,WH_01,PROD_0040,21/10/2024,856,1149,372,1633.0,2339.92
INV_105615,WH_14,PROD_0207,03/12/2024,4654,1467,330,5791.0,7774.32
INV_105616,WH_10,PROD_0250,19/11/2024,3159,700,1170,2689.0,2340.16
INV_105617,WH_12,PROD_0052,05/08/2024,2291,1166,760,2697.0,1821.69
INV_105618,WH_13,PROD_0055,15/02/2024,3619,333,775,3177.0,4032.7
INV_105619,WH_06,PROD_0192,07/10/2024,1854,816,308,,0.0
INV_105620,WH_04,PROD_0184,23/03/2024,3218,1144,1100,3262.0,3344.58
INV_105621,WH_11,PROD_0236,02/07/2024,555,649,869,335.0,218.76
INV_105622,WH_04,PROD_0063,23/10/2024,4358,530,1195,3693.0,3467.67
INV_105623,WH_09,PROD_0255,13/01/2024,1838,1364,211,2991.0,1830.94
INV_105624,WH_09,PROD_0191,11/04/2024,4783,284,1103,3964.0,2138.23
INV_105625,WH_11,PROD_0207,15/04/2024,637,1182,254,1565.0,1407.14
INV_105626,WH_12,PROD_0238,15/03/2024,3257,1239,1337,3159.0,2531.3
INV_105627,WH_10,PROD_0104,08/08/2024,3905,538,610,3833.0,2873.55
INV_105628,WH_15,PROD_0287,27/06/2024,2421,739,647,2513.0,3456.27
INV_105629,WH_09,PROD_0136,05/06/2024,2108,1250,1379,1979.0,2632.04
INV_105630,WH_06,PROD_0214,23/03/2024,1734,531,840,1425.0,1196.79
INV_105631,WH_01,PROD_0200,13/09/2024,2235,661,167,,0.0
INV_105632,WH_10,PROD_0047,02/04/2024,2996,1419,1479,,0.0
INV_105633,WH_01,PROD_0208,08/03/2024,4635,258,200,4693.0,4463.3
INV_105634,WH_05,PROD_0016,01/01/2024,3177,482,668,2991.0,2951.79
INV_105635,WH_14,PROD_0053,21/03/2024,4507,1265,1377,4395.0,2537.63
INV_105636,WH_06,PROD_0040,27/10/2024,2145,684,424,2405.0,2700.19
INV_105637,WH_07,PROD_0073,19/07/2024,3962,477,1434,3005.0,4062.46
INV_105638,WH_11,PROD_0140,11/10/2024,1658,1122,1085,1695.0,1323.01
INV_105639,WH_13,PROD_0218,22/02/2024,3363,100,1336,2127.0,2400.31
INV_105640,WH_15,PROD_0222,23/09/2024,1218,131,1224,125.0,186.41
INV_105641,WH_03,PROD_0271,28/10/2024,3920,1039,1310,3649.0,2062.08
INV_105642,WH_14,PROD_0017,13/07/2024,2135,897,1251,1781.0,2373.24
INV_105643,WH_04,PROD_0212,24/12/2024,529,549,989,89.0,81.09
INV_105644,WH_11,PROD_0022,13/09/2024,3380,1492,923,3949.0,4655.86
INV_105645,WH_15,PROD_0233,20/10/2024,772,1313,1242,843.0,663.57
INV_105646,WH_11,PROD_0217,01/01/2024,4009,1133,1270,3872.0,2922.66
INV_105647,WH_03,PROD_0074,03/06/2024,3917,999,481,4435.0,5564.58
INV_105648,WH_06,PROD_0094,30/05/2024,4568,1127,1353,4342.0,4400.33
INV_105649,WH_14,PROD_0175,04/03/2024,936,350,1383,-97.0,-126.6
INV_105650,WH_07,PROD_0055,09/06/2024,622,453,1444,-369.0,-281.88
INV_105651,WH_13,PROD_0028,22/02/2024,943,1102,927,1118.0,1437.98
INV_105652,WH_15,PROD_0234,09/07/2024,1459,404,708,1155.0,822.36
INV_105653,WH_03,PROD_0299,05/09/2024,4967,541,1109,4399.0,4985.69
INV_105654,WH_10,PROD_0148,14/01/2024,3913,122,407,3628.0,5172.61
INV_105655,WH_06,PROD_0095,14/09/2024,3528,1181,568,4141.0,3308.02
INV_105656,WH_10,PROD_0196,10/07/2024,3151,721,821,3051.0,3991.15
INV_105657,WH_07,PROD_0121,18/04/2024,1266,365,116,1515.0,1782.57
INV_105658,WH_04,PROD_0130,18/06/2024,2420,843,1355,1908.0,2684.03
INV_105659,WH_07,PROD_0300,01/03/2024,4680,1407,257,5830.0,5583.51
INV_105660,WH_06,PROD_0013,19/01/2024,3007,249,123,3133.0,4498.81
INV_105661,WH_11,PROD_0155,15/09/2024,1113,1392,263,2242.0,3290.26
INV_105662,WH_01,PROD_0139,16/12/2024,1638,1232,769,2101.0,3046.46
INV_105663,WH_09,PROD_0173,29/02/2024,1847,228,1037,,0.0
INV_105664,WH_06,PROD_0120,08/01/2024,3485,174,925,2734.0,3885.18
INV_105665,WH_02,PROD_0160,16/11/2024,915,227,514,628.0,516.53
INV_105666,WH_13,PROD_0152,30/05/2024,2015,1462,373,3104.0,1801.54
INV_105667,WH_06,PROD_0042,02/07/2024,3047,454,788,2713.0,1977.24
INV_105668,WH_04,PROD_0214,27/06/2024,3611,851,1105,3357.0,3112.45
INV_105669,WH_07,PROD_0013,19/01/2024,4097,896,921,4072.0,5727.95
INV_105670,WH_11,PROD_0117,22/02/2024,3005,894,1169,2730.0,2831.65
INV_105671,WH_05,PROD_0218,25/05/2024,3677,1176,197,4656.0,6057.51
INV_105672,WH_07,PROD_0073,19/01/2024,3682,262,1115,2829.0,2747.56
INV_105673,WH_04,PROD_0003,29/05/2024,2825,258,478,2605.0,3760.83
INV_105674,WH_08,PROD_0290,05/02/2024,1759,668,1324,1103.0,862.49
INV_105675,WH_12,PROD_0273,24/08/2024,1480,1456,287,2649.0,1449.67
INV_105676,WH_02,PROD_0022,14/10/2024,4907,473,289,,0.0
INV_105677,WH_06,PROD_0270,24/10/2024,1221,728,1159,790.0,1068.05
INV_105678,WH_02,PROD_0123,02/09/2024,4877,1425,451,5851.0,6593.25
INV_105679,WH_01,PROD_0182,11/03/2024,2929,626,520,3035.0,1633.99
INV_105680,WH_13,PROD_0175,03/10/2024,1569,398,992,975.0,600.21
INV_105681,WH_02,PROD_0272,11/09/2024,3614,874,1269,3219.0,2413.5
INV_105682,WH_07,PROD_0243,03/03/2024,1176,497,1210,463.0,398.57
INV_105683,WH_02,PROD_0098,29/11/2024,3415,842,384,3873.0,4265.65
INV_105684,WH_09,PROD_0037,27/05/2024,1811,756,753,1814.0,2130.96
INV_105685,WH_05,PROD_0069,05/10/2024,2570,277,1250,1597.0,2128.49
INV_105686,WH_09,PROD_0104,26/01/2024,4826,452,956,4322.0,3675.56
INV_105687,WH_04,PROD_0154,15/02/2024,4487,352,479,4360.0,3359.57
INV_105688,WH_12,PROD_0045,29/03/2024,3330,722,218,3834.0,4219.71
INV_105689,WH_09,PROD_0046,01/12/2024,2469,1257,324,3402.0,3197.31
INV_105690,WH_01,PROD_0142,15/09/2024,3411,174,505,3080.0,3156.14
INV_105691,WH_08,PROD_0206,10/11/2024,4015,1461,709,4767.0,3894.81
INV_105692,WH_12,PROD_0073,28/08/2024,4314,376,1280,3410.0,3547.42
INV_105693,WH_07,PROD_0041,10/08/2024,1030,100,258,872.0,596.59
INV_105694,WH_11,PROD_0081,04/07/2024,3760,1212,647,4325.0,2232.68
INV_105695,WH_09,PROD_0135,13/11/2024,1926,1385,1470,1841.0,2355.77
INV_105696,WH_11,PROD_0241,06/12/2024,3090,1061,295,3856.0,4796.98
INV_105697,WH_12,PROD_0270,15/02/2024,4093,1043,100,5036.0,4821.02
INV_105698,WH_14,PROD_0297,02/03/2024,1583,119,1030,672.0,433.96
INV_105699,WH_01,PROD_0077,30/09/2024,990,221,228,983.0,819.46
INV_105700,WH_04,PROD_0107,08/07/2024,4827,1089,669,5247.0,2726.96
INV_105701,WH_10,PROD_0201,02/11/2024,1859,1376,1117,2118.0,1339.21
INV_105702,WH_08,PROD_0097,17/05/2024,4926,634,1377,4183.0,3735.28
INV_105703,WH_08,PROD_0108,21/04/2024,4678,331,1200,3809.0,4889.01
INV_105704,WH_06,PROD_0148,08/05/2024,2111,943,1454,1600.0,917.98
INV_105705,WH_07,PROD_0204,03/07/2024,715,875,1343,247.0,302.86
INV_105706,WH_01,PROD_0300,12/11/2024,2758,952,829,2881.0,3280.94
INV_105707,WH_13,PROD_0073,13/01/2024,1774,1386,113,3047.0,3451.43
INV_105708,WH_09,PROD_0244,15/09/2024,2007,1483,782,2708.0,3791.95
INV_105709,WH_03,PROD_0147,30/05/2024,3269,150,567,2852.0,3443.6
INV_105710,WH_08,PROD_0227,20/03/2024,3893,1035,427,4501.0,2484.89
INV_105711,WH_06,PROD_0135,05/07/2024,4357,878,409,4826.0,5034.24
INV_105712,WH_07,PROD_0265,04/06/2024,1786,614,1082,1318.0,853.74
INV_105713,WH_11,PROD_0278,22/10/2024,4624,142,435,4331.0,6355.01
INV_105714,WH_03,PROD_0071,16/10/2024,4437,420,286,4571.0,3531.46
INV_105715,WH_05,PROD_0119,30/07/2024,3336,1329,286,4379.0,5183.9
INV_105716,WH_09,PROD_0180,08/04/2024,2351,549,1102,1798.0,2451.88
INV_105717,WH_01,PROD_0156,21/01/2024,2202,507,652,2057.0,1463.96
INV_105718,WH_15,PROD_0111,24/07/2024,4981,172,232,,0.0
INV_105719,WH_12,PROD_0275,03/11/2024,1606,249,353,1502.0,1467.85
INV_105720,WH_01,PROD_0222,18/08/2024,942,1228,1290,880.0,1053.34
INV_105721,WH_07,PROD_0099,23/07/2024,4407,896,600,4703.0,5557.37
INV_105722,WH_12,PROD_0199,27/07/2024,1702,789,1497,994.0,519.39
INV_105723,WH_10,PROD_0088,18/08/2024,521,978,618,881.0,632.98
INV_105724,WH_08,PROD_0280,10/05/2024,1573,135,893,815.0,551.03
INV_105725,WH_03,PROD_0296,11/01/2024,4084,884,1377,3591.0,1856.77
INV_105726,WH_15,PROD_0108,09/05/2024,967,317,1262,22.0,25.01
INV_105727,WH_11,PROD_0260,27/08/2024,3621,1091,870,3842.0,2700.55
INV_105728,WH_15,PROD_0149,11/05/2024,2641,626,1078,,0.0
INV_105729,WH_14,PROD_0086,09/03/2024,635,1418,1122,931.0,1365.52
INV_105730,WH_05,PROD_0166,03/06/2024,4901,1258,192,5967.0,5835.31
INV_105731,WH_07,PROD_0085,05/02/2024,2171,420,1271,1320.0,874.26
INV_105732,WH_15,PROD_0237,12/01/2024,669,1167,599,,0.0
INV_105733,WH_12,PROD_0136,09/04/2024,866,1382,1416,832.0,1110.56
INV_105734,WH_12,PROD_0069,22/03/2024,2398,390,1179,1609.0,1849.58
INV_105735,WH_15,PROD_0008,06/06/2024,1063,962,442,1583.0,891.46
INV_105736,WH_04,PROD_0181,01/08/2024,1713,545,1471,787.0,948.21
INV_105737,WH_04,PROD_0020,24/06/2024,1009,1200,1058,1151.0,815.26
INV_105738,WH_04,PROD_0090,16/08/2024,1647,1408,1319,1736.0,1944.43
INV_105739,WH_13,PROD_0225,17/04/2024,2612,980,445,3147.0,4495.96
INV_105740,WH_04,PROD_0290,05/10/2024,2472,992,761,2703.0,1651.96
INV_105741,WH_01,PROD_0236,01/06/2024,4774,443,338,4879.0,2916.07
INV_105742,WH_03,PROD_0187,04/10/2024,677,448,209,916.0,708.1
INV_105743,WH_08,PROD_0089,29/05/2024,4689,1031,388,,0.0
INV_105744,WH_07,PROD_0275,05/08/2024,670,1231,364,1537.0,963.38
INV_105745,WH_12,PROD_0282,23/11/2024,1227,728,214,1741.0,971.29
INV_105746,WH_12,PROD_0172,07/07/2024,1101,1467,1073,1495.0,1255.5
INV_105747,WH_08,PROD_0147,26/02/2024,2628,1102,1299,2431.0,1929.06
INV_105748,WH_13,PROD_0224,27/01/2024,4591,315,248,4658.0,6842.65
INV_105749,WH_03,PROD_0272,27/11/2024,4732,1107,1026,4813.0,5440.69
INV_105750,WH_04,PROD_0205,09/05/2024,1308,1141,825,,0.0
INV_105751,WH_02,PROD_0188,20/01/2024,528,1120,238,1410.0,710.55
INV_105752,WH_04,PROD_0036,08/12/2024,1773,1178,212,2739.0,1757.05
INV_105753,WH_14,PROD_0278,23/11/2024,3260,206,242,3224.0,2196.79
INV_105754,WH_03,PROD_0053,01/11/2024,2753,1084,274,3563.0,3504.42
INV_105755,WH_03,PROD_0016,08/07/2024,2900,418,736,2582.0,2491.53
INV_105756,WH_07,PROD_0067,30/01/2024,1648,550,1100,1098.0,1617.25
INV_105757,WH_06,PROD_0047,16/09/2024,754,609,1148,215.0,155.66
INV_105758,WH_15,PROD_0220,23/06/2024,4573,1137,1318,4392.0,5200.42
INV_105759,WH_05,PROD_0115,30/12/2024,1182,980,649,1513.0,2076.14
INV_105760,WH_14,PROD_0047,01/07/2024,4187,656,1263,3580.0,3288.91
INV_105761,WH_13,PROD_0233,30/08/2024,2537,1214,697,3054.0,4040.12
INV_105762,WH_03,PROD_0012,06/04/2024,2486,458,833,2111.0,2013.65
INV_105763,WH_05,PROD_0218,11/11/2024,2720,1226,1159,2787.0,4029.6
INV_105764,WH_05,PROD_0066,23/07/2024,3715,1354,387,4682.0,5276.51
INV_105765,WH_05,PROD_0115,14/09/2024,1535,1230,1310,1455.0,1754.43
INV_105766,WH_03,PROD_0130,08/04/2024,974,559,411,1122.0,888.25
INV_105767,WH_03,PROD_0065,24/09/2024,3271,1144,300,4115.0,4539.37
INV_105768,WH_10,PROD_0201,30/08/2024,1739,1015,463,2291.0,2927.21
INV_105769,WH_05,PROD_0024,06/06/2024,2599,632,916,,0.0
INV_105770,WH_05,PROD_0233,06/01/2024,4648,1373,1320,4701.0,5192.34
INV_105771,WH_05,PROD_0005,29/02/2024,1204,1075,166,2113.0,2542.99
INV_105772,WH_15,PROD_0072,16/02/2024,781,1460,970,1271.0,1742.89
INV_105773,WH_13,PROD_0038,12/07/2024,3647,344,249,3742.0,4472.86
INV_105774,WH_15,PROD_0074,07/03/2024,2334,118,1075,1377.0,1166.83
INV_105775,WH_01,PROD_0235,10/04/2024,2428,990,622,2796.0,2602.53
INV_105776,WH_10,PROD_0245,12/12/2024,2474,1150,760,2864.0,2866.24
INV_105777,WH_15,PROD_0023,12/01/2024,4600,520,947,4173.0,3505.3
INV_105778,WH_01,PROD_0162,11/11/2024,1185,1144,908,1421.0,1640.37
INV_105779,WH_12,PROD_0042,16/02/2024,3705,1257,955,4007.0,3770.09
INV_105780,WH_06,PROD_0242,05/08/2024,1704,1498,761,2441.0,1962.95
INV_105781,WH_07,PROD_0132,15/01/2024,3133,807,689,3251.0,3732.61
INV_105782,WH_09,PROD_0079,05/12/2024,1060,993,534,1519.0,1059.77
INV_105783,WH_14,PROD_0121,28/02/2024,3551,235,582,3204.0,1866.6
INV_105784,WH_15,PROD_0054,06/10/2024,3376,101,154,3323.0,4562.24
INV_105785,WH_13,PROD_0249,03/01/2024,3557,1376,326,4607.0,3014.38
INV_105786,WH_13,PROD_0135,03/06/2024,4386,1181,741,4826.0,3338.36
INV_105787,WH_07,PROD_0049,25/02/2024,4095,1432,800,4727.0,6463.47
INV_105788,WH_09,PROD_0011,25/01/2024,1139,101,574,666.0,758.47
INV_105789,WH_08,PROD_0162,05/11/2024,1299,1333,1095,1537.0,1635.66
INV_105790,WH_01,PROD_0059,24/09/2024,2021,607,1441,1187.0,1682.21
INV_105791,WH_07,PROD_0133,26/05/2024,1710,803,467,2046.0,1875.95
INV_105792,WH_08,PROD_0288,24/04/2024,1412,1131,834,1709.0,1886.78
INV_105793,WH_10,PROD_0118,02/03/2024,1985,155,702,1438.0,1911.43
INV_105794,WH_05,PROD_0074,15/03/2024,2553,1096,219,3430.0,2880.66
INV_105795,WH_01,PROD_0086,02/03/2024,4868,1215,241,5842.0,3871.49
INV_105796,WH_14,PROD_0044,03/08/2024,1335,949,367,,0.0
INV_105797,WH_06,PROD_0114,21/12/2024,3648,1432,1024,4056.0,5930.7
INV_105798,WH_10,PROD_0170,17/04/2024,2558,1002,839,2721.0,3283.83
INV_105799,WH_12,PROD_0043,20/05/2024,4573,480,561,4492.0,4102.86
INV_105800,WH_01,PROD_0120,07/11/2024,2370,1187,1275,2282.0,3103.9
INV_105801,WH_05,PROD_0020,21/05/2024,2038,917,1173,1782.0,2173.5
INV_105802,WH_04,PROD_0263,19/09/2024,4598,247,1363,3482.0,2552.85
INV_105803,WH_11,PROD_0233,07/07/2024,817,485,1212,90.0,97.37
INV_105804,WH_15,PROD_0146,11/10/2024,3449,387,1005,2831.0,2566.79
INV_105805,WH_08,PROD_0197,06/09/2024,4998,146,559,4585.0,3447.57
INV_105806,WH_03,PROD_0253,23/02/2024,2848,728,1082,2494.0,3365.69
INV_105807,WH_01,PROD_0104,05/09/2024,1061,1463,1456,1068.0,1177.11
INV_105808,WH_02,PROD_0171,19/09/2024,3168,717,548,3337.0,4974.22
INV_105809,WH_02,PROD_0035,07/08/2024,807,1221,1103,925.0,527.92
INV_105810,WH_11,PROD_0017,20/04/2024,2120,716,833,2003.0,1148.38
INV_105811,WH_01,PROD_0088,01/04/2024,4250,295,563,3982.0,2390.84
INV_105812,WH_11,PROD_0221,31/05/2024,2753,141,804,2090.0,2429.43
INV_105813,WH_05,PROD_0189,05/12/2024,2195,608,1389,1414.0,1183.92
INV_105814,WH_12,PROD_0066,02/02/2024,4291,1194,515,4970.0,6488.18
INV_105815,WH_09,PROD_0198,04/07/2024,2967,1386,827,3526.0,3145.11
INV_105816,WH_13,PROD_0150,15/12/2024,2241,845,387,2699.0,3812.89
INV_105817,WH_05,PROD_0085,13/03/2024,1632,555,491,,0.0
INV_105818,WH_08,PROD_0166,20/11/2024,3546,715,1136,3125.0,3545.93
INV_105819,WH_03,PROD_0111,01/06/2024,1661,1154,1174,1641.0,1364.88
INV_105820,WH_05,PROD_0050,27/09/2024,3473,1050,856,3667.0,3575.1
INV_105821,WH_15,PROD_0063,08/04/2024,3434,977,1489,2922.0,3172.67
INV_105822,WH_08,PROD_0146,13/09/2024,761,153,996,-82.0,-41.53
INV_105823,WH_13,PROD_0287,23/04/2024,1465,1400,1404,1461.0,1895.89
INV_105824,WH_04,PROD_0073,14/03/2024,3354,330,131,3553.0,3500.14
INV_105825,WH_03,PROD_0150,17/01/2024,3363,356,454,3265.0,3718.55
INV_105826,WH_05,PROD_0247,10/06/2024,2684,962,545,3101.0,2476.46
INV_105827,WH_02,PROD_0051,08/09/2024,2308,920,1119,2109.0,2837.4
INV_105828,WH_14,PROD_0239,30/01/2024,976,478,315,1139.0,1025.88
INV_105829,WH_09,PROD_0244,26/05/2024,608,1175,1243,540.0,356.8
INV_105830,WH_09,PROD_0184,15/05/2024,3270,1194,714,3750.0,3941.93
INV_105831,WH_08,PROD_0049,30/01/2024,4379,1139,260,5258.0,4655.62
INV_105832,WH_02,PROD_0234,11/10/2024,1533,834,479,1888.0,1488.02
INV_105833,WH_12,PROD_0038,13/05/2024,912,691,579,1024.0,1449.44
INV_105834,WH_04,PROD_0070,20/05/2024,1495,973,1066,1402.0,1131.83
INV_105835,WH_14,PROD_0005,07/11/2024,2918,424,1187,2155.0,1773.8
INV_105836,WH_14,PROD_0014,14/10/2024,3642,933,265,4310.0,3368.14
INV_105837,WH_05,PROD_0203,14/02/2024,4242,234,437,4039.0,2077.89
INV_105838,WH_03,PROD_0031,23/07/2024,4029,171,756,3444.0,3784.98
INV_105839,WH_14,PROD_0153,10/08/2024,3560,322,472,3410.0,3579.18
INV_105840,WH_11,PROD_0182,18/11/2024,4106,527,1027,3606.0,3737.62
INV_105841,WH_03,PROD_0126,31/07/2024,1339,1094,498,1935.0,2276.05
INV_105842,WH_02,PROD_0016,06/02/2024,4626,462,292,4796.0,3028.68
INV_105843,WH_07,PROD_0232,23/09/2024,605,1240,1118,727.0,753.69
INV_105844,WH_10,PROD_0263,13/03/2024,2122,1193,337,2978.0,4435.86
INV_105845,WH_13,PROD_0293,06/12/2024,1020,1412,938,1494.0,1701.14
INV_105846,WH_14,PROD_0113,20/06/2024,4160,1373,118,5415.0,7905.41
INV_105847,WH_10,PROD_0018,29/06/2024,3597,576,1393,2780.0,1781.2
INV_105848,WH_13,PROD_0256,23/01/2024,3673,1237,1022,3888.0,2405.69
INV_105849,WH_07,PROD_0080,29/01/2024,2088,339,613,1814.0,1736.25
INV_105850,WH_12,PROD_0227,25/09/2024,4428,678,759,4347.0,5254.16
INV_105851,WH_05,PROD_0197,28/04/2024,4775,490,1359,3906.0,3380.4
INV_105852,WH_11,PROD_0013,07/11/2024,2904,1417,1489,2832.0,2043.62
INV_105853,WH_01,PROD_0018,24/05/2024,2244,1432,255,3421.0,3997.54
INV_105854,WH_06,PROD_0140,09/01/2024,3997,1274,921,4350.0,2232.13
INV_105855,WH_12,PROD_0294,01/08/2024,4019,1059,150,4928.0,5384.16
INV_105856,WH_03,PROD_0182,06/08/2024,3601,649,1236,3014.0,2979.31
INV_105857,WH_08,PROD_0216,16/11/2024,2400,1376,235,3541.0,5109.12
INV_105858,WH_10,PROD_0243,17/12/2024,2889,798,1450,2237.0,1986.68
INV_105859,WH_14,PROD_0046,11/10/2024,3512,381,1315,2578.0,1888.14
INV_105860,WH_03,PROD_0043,09/09/2024,1924,1076,423,,0.0
INV_105861,WH_06,PROD_0294,20/11/2024,3484,1028,717,3795.0,1951.15
INV_105862,WH_03,PROD_0110,26/04/2024,1673,657,1177,1153.0,828.66
INV_105863,WH_03,PROD_0268,17/12/2024,2443,891,1182,2152.0,1751.22
INV_105864,WH_12,PROD_0145,14/06/2024,2444,652,359,2737.0,2377.09
INV_105865,WH_09,PROD_0202,19/02/2024,1441,477,1050,868.0,1074.11
INV_105866,WH_04,PROD_0221,23/07/2024,1395,973,1454,914.0,694.95
INV_105867,WH_01,PROD_0022,05/05/2024,998,532,927,603.0,767.71
INV_105868,WH_05,PROD_0061,26/05/2024,3503,626,1158,2971.0,2426.95
INV_105869,WH_05,PROD_0227,18/05/2024,1061,1209,1213,1057.0,1520.14
INV_105870,WH_13,PROD_0277,15/05/2024,3349,319,1011,2657.0,2659.35
INV_105871,WH_14,PROD_0017,09/09/2024,4558,207,1218,3547.0,2955.85
INV_105872,WH_09,PROD_0138,01/06/2024,1666,1118,212,2572.0,2809.99
INV_105873,WH_06,PROD_0028,18/10/2024,4362,870,119,5113.0,3475.71
INV_105874,WH_11,PROD_0109,10/04/2024,3687,575,995,3267.0,2591.13
INV_105875,WH_04,PROD_0292,23/04/2024,4641,1127,1455,4313.0,5980.85
INV_105876,WH_14,PROD_0201,11/06/2024,3020,836,399,3457.0,2671.71
INV_105877,WH_12,PROD_0233,22/12/2024,3387,1456,1288,3555.0,3659.04
INV_105878,WH_07,PROD_0243,09/04/2024,4836,1149,679,5306.0,7583.68
INV_105879,WH_08,PROD_0246,17/07/2024,1692,1489,940,2241.0,2327.6
INV_105880,WH_03,PROD_0183,23/08/2024,1694,764,643,1815.0,2297.94
INV_105881,WH_10,PROD_0140,23/07/2024,4255,551,687,4119.0,3587.47
INV_105882,WH_01,PROD_0155,26/02/2024,1628,720,1021,1327.0,1530.59
INV_105883,WH_08,PROD_0114,25/06/2024,4377,668,1267,3778.0,3436.47
INV_105884,WH_10,PROD_0291,08/09/2024,1249,1065,1218,,0.0
INV_105885,WH_12,PROD_0286,31/12/2024,3538,783,875,3446.0,1732.05
INV_105886,WH_01,PROD_0054,24/11/2024,1279,917,663,1533.0,1197.86
INV_105887,WH_10,PROD_0298,05/05/2024,2943,681,625,2999.0,1823.66
INV_105888,WH_03,PROD_0051,12/11/2024,3849,1208,608,4449.0,6322.31
INV_105889,WH_13,PROD_0194,24/12/2024,2738,962,788,2912.0,2773.5
INV_105890,WH_13,PROD_0017,22/08/2024,4241,339,1016,3564.0,1883.73
INV_105891,WH_03,PROD_0107,07/03/2024,825,231,1245,-189.0,-158.44
INV_105892,WH_08,PROD_0177,23/06/2024,4163,531,960,3734.0,4642.29
INV_105893,WH_11,PROD_0081,17/08/2024,3649,1069,340,,0.0
INV_105894,WH_01,PROD_0150,27/03/2024,1650,632,1134,1148.0,1560.9
INV_105895,WH_11,PROD_0145,22/11/2024,2623,341,888,2076.0,1498.34
INV_105896,WH_08,PROD_0141,24/07/2024,3520,1020,1465,3075.0,2231.0
INV_105897,WH_04,PROD_0015,18/03/2024,1304,1230,1418,1116.0,918.6
INV_105898,WH_07,PROD_0170,20/01/2024,3131,618,1017,2732.0,1943.91
INV_105899,WH_02,PROD_0274,29/03/2024,1799,1452,718,2533.0,1315.64
INV_105900,WH_06,PROD_0136,11/01/2024,2191,1258,1037,2412.0,1287.69
INV_105901,WH_14,PROD_0083,06/09/2024,3072,625,485,3212.0,3827.41
INV_105902,WH_01,PROD_0118,31/03/2024,1692,1316,1260,1748.0,1356.43
INV_105903,WH_14,PROD_0011,26/10/2024,4517,827,340,5004.0,5961.67
INV_105904,WH_09,PROD_0160,10/04/2024,645,1208,521,1332.0,871.11
INV_105905,WH_03,PROD_0076,25/02/2024,2062,781,1346,1497.0,762.79
INV_105906,WH_14,PROD_0289,25/04/2024,4666,167,1196,3637.0,4681.98
INV_105907,WH_14,PROD_0290,09/08/2024,4097,220,465,3852.0,2508.82
INV_105908,WH_07,PROD_0111,10/02/2024,1215,506,132,1589.0,2105.09
INV_105909,WH_02,PROD_0020,08/07/2024,1982,191,845,1328.0,1820.28
INV_105910,WH_08,PROD_0001,18/01/2024,1673,1165,670,2168.0,3152.49
INV_105911,WH_10,PROD_0031,30/05/2024,3881,1217,398,4700.0,4126.5
INV_105912,WH_07,PROD_0278,05/01/2024,3242,510,1353,2399.0,3586.53
INV_105913,WH_06,PROD_0203,14/03/2024,620,1125,632,1113.0,1388.77
INV_105914,WH_02,PROD_0085,15/02/2024,1191,579,730,1040.0,1265.98
INV_105915,WH_09,PROD_0149,29/05/2024,2673,481,129,3025.0,2427.95
INV_105916,WH_06,PROD_0193,23/01/2024,2697,252,506,2443.0,2739.15
INV_105917,WH_06,PROD_0169,15/02/2024,2249,261,1180,1330.0,775.75
INV_105918,WH_09,PROD_0190,29/02/2024,817,493,691,619.0,671.62
INV_105919,WH_02,PROD_0193,09/01/2024,1653,252,1479,426.0,429.16
INV_105920,WH_12,PROD_0082,05/06/2024,3705,1139,106,4738.0,4030.72
INV_105921,WH_03,PROD_0036,06/07/2024,3696,1359,1171,3884.0,4298.43
INV_105922,WH_03,PROD_0224,17/05/2024,2007,578,1007,1578.0,2216.55
INV_105923,WH_01,PROD_0144,21/04/2024,2381,844,873,2352.0,1912.32
INV_105924,WH_13,PROD_0278,08/10/2024,1623,1043,562,2104.0,2562.31
INV_105925,WH_03,PROD_0125,01/12/2024,1210,1277,218,2269.0,2055.75
INV_105926,WH_02,PROD_0134,02/09/2024,3526,901,1086,3341.0,4832.53
INV_105927,WH_07,PROD_0115,24/06/2024,2739,1083,491,3331.0,3750.75
INV_105928,WH_05,PROD_0140,17/10/2024,1528,118,1306,340.0,258.57
INV_105929,WH_15,PROD_0069,16/07/2024,2813,1362,1415,2760.0,3150.41
INV_105930,WH_14,PROD_0045,02/02/2024,1145,906,1435,616.0,447.01
INV_105931,WH_14,PROD_0013,06/04/2024,3724,1339,463,4600.0,5597.64
INV_105932,WH_06,PROD_0143,23/02/2024,2649,1297,1494,,0.0
INV_105933,WH_07,PROD_0122,09/03/2024,2000,1159,485,2674.0,2790.07
INV_105934,WH_06,PROD_0180,19/12/2024,4779,846,1204,4421.0,2633.26
INV_105935,WH_15,PROD_0097,02/11/2024,4505,300,1104,3701.0,3118.07
INV_105936,WH_04,PROD_0071,23/10/2024,3280,276,1015,2541.0,1941.89
INV_105937,WH_06,PROD_0178,09/12/2024,4156,1099,445,4810.0,6139.7
INV_105938,WH_08,PROD_0079,03/11/2024,1741,1247,714,2274.0,1660.07
INV_105939,WH_04,PROD_0188,22/05/2024,3595,1228,1474,,0.0
INV_105940,WH_15,PROD_0124,20/12/2024,4951,897,1365,4483.0,6634.49
INV_105941,WH_07,PROD_0055,28/05/2024,2061,972,1225,1808.0,2353.42
INV_105942,WH_05,PROD_0029,10/10/2024,866,762,577,1051.0,1352.54
INV_105943,WH_11,PROD_0283,19/04/2024,3755,1132,546,4341.0,5641.66
INV_105944,WH_11,PROD_0173,02/07/2024,2189,764,119,2834.0,1440.55
INV_105945,WH_01,PROD_0076,05/09/2024,657,522,1483,-304.0,-218.64
INV_105946,WH_06,PROD_0228,08/02/2024,2654,1308,977,2985.0,1880.38
INV_105947,WH_15,PROD_0061,24/12/2024,3734,634,551,,0.0
INV_105948,WH_14,PROD_0113,17/05/2024,718,606,1413,-89.0,-64.41
INV_105949,WH_06,PROD_0222,01/03/2024,3024,543,1340,2227.0,2483.68
INV_105950,WH_06,PROD_0076,05/08/2024,4668,1117,514,5271.0,3385.52
INV_105951,WH_02,PROD_0247,13/02/2024,1370,184,937,617.0,479.38
INV_105952,WH_07,PROD_0077,22/07/2024,3525,714,1150,3089.0,4143.13
INV_105953,WH_07,PROD_0265,14/12/2024,3033,1494,1041,3486.0,3274.65
INV_105954,WH_03,PROD_0210,30/10/2024,2857,1006,823,3040.0,4409.19
INV_105955,WH_05,PROD_0107,07/05/2024,4924,1301,191,6034.0,7816.2
INV_105956,WH_08,PROD_0105,28/08/2024,4468,612,1262,3818.0,4023.31
INV_105957,WH_12,PROD_0288,07/12/2024,3028,217,507,2738.0,1534.94
INV_105958,WH_08,PROD_0236,04/10/2024,1071,1265,1391,945.0,712.12
INV_105959,WH_14,PROD_0205,30/10/2024,2828,975,613,3190.0,4469.78
INV_105960,WH_12,PROD_0203,04/06/2024,2351,1001,398,2954.0,3998.53
INV_105961,WH_11,PROD_0021,21/05/2024,3997,339,688,3648.0,4864.8
INV_105962,WH_02,PROD_0136,15/09/2024,3927,121,680,3368.0,2081.37
INV_105963,WH_07,PROD_0062,01/02/2024,3485,684,1345,2824.0,2023.26
INV_105964,WH_07,PROD_0288,09/03/2024,3839,1348,998,4189.0,3745.14
INV_105965,WH_14,PROD_0177,08/04/2024,4906,1276,822,5360.0,3603.52
INV_105966,WH_08,PROD_0034,03/05/2024,1760,1180,900,2040.0,2983.41
INV_105967,WH_06,PROD_0201,16/05/2024,2500,953,505,2948.0,3240.3
INV_105968,WH_08,PROD_0022,03/09/2024,1282,885,519,1648.0,2059.25
INV_105969,WH_04,PROD_0174,26/11/2024,3024,1331,749,3606.0,3738.58
INV_105970,WH_05,PROD_0018,07/08/2024,1248,307,764,791.0,1003.02
INV_105971,WH_08,PROD_0213,27/11/2024,2123,1401,282,3242.0,3000.62
INV_105972,WH_03,PROD_0284,23/09/2024,2752,745,156,3341.0,4710.6
INV_105973,WH_05,PROD_0118,06/02/2024,1306,821,997,1130.0,1589.73
INV_105974,WH_04,PROD_0158,17/05/2024,4824,196,224,4796.0,6510.52
INV_105975,WH_14,PROD_0131,29/08/2024,2291,1187,733,2745.0,3710.4
INV_105976,WH_02,PROD_0037,25/08/2024,2963,406,1010,,0.0
INV_105977,WH_11,PROD_0214,16/09/2024,2189,806,1316,1679.0,1559.8
INV_105978,WH_10,PROD_0186,18/11/2024,2603,107,1357,1353.0,1993.28
INV_105979,WH_12,PROD_0144,03/11/2024,869,845,618,1096.0,884.97
INV_105980,WH_06,PROD_0188,02/10/2024,1018,222,1440,-200.0,-259.86
INV_105981,WH_06,PROD_0091,27/10/2024,3969,359,777,3551.0,2345.98
INV_105982,WH_13,PROD_0135,12/11/2024,2024,921,268,2677.0,3769.92
INV_105983,WH_07,PROD_0104,25/12/2024,4454,1148,1478,4124.0,4384.94
INV_105984,WH_08,PROD_0019,21/03/2024,3574,1029,959,3644.0,4970.78
INV_105985,WH_09,PROD_0123,21/04/2024,3758,168,868,3058.0,3175.96
INV_105986,WH_15,PROD_0123,05/06/2024,3140,781,295,3626.0,2809.84
INV_105987,WH_09,PROD_0090,19/09/2024,1574,981,606,,0.0
INV_105988,WH_15,PROD_0098,06/01/2024,3216,1245,307,4154.0,5157.11
INV_105989,WH_12,PROD_0236,12/04/2024,3102,109,1403,1808.0,2096.68
INV_105990,WH_12,PROD_0134,25/08/2024,1308,1192,891,1609.0,977.27
INV_105991,WH_07,PROD_0223,17/01/2024,4910,1360,375,5895.0,8297.49
INV_105992,WH_08,PROD_0104,21/11/2024,697,214,161,750.0,784.26
INV_105993,WH_03,PROD_0269,26/01/2024,4311,1196,1462,,0.0
INV_105994,WH_03,PROD_0159,15/07/2024,1964,1221,1345,1840.0,2439.39
INV_105995,WH_08,PROD_0107,12/08/2024,4975,1145,1199,4921.0,6536.01
INV_105996,WH_11,PROD_0063,16/07/2024,1796,571,1114,1253.0,764.1
INV_105997,WH_13,PROD_0044,16/02/2024,1523,939,379,2083.0,1275.43
INV_105998,WH_01,PROD_0169,17/06/2024,3971,1092,708,4355.0,4402.73
INV_105999,WH_05,PROD_0215,21/04/2024,4601,233,275,4559.0,4109.11
INV_106000,WH_07,PROD_0200,28/08/2024,1406,264,1274,396.0,238.86
INV_106001,WH_05,PROD_0030,11/07/2024,2827,101,611,2317.0,3188.63
INV_106002,WH_13,PROD_0215,21/09/2024,2819,1002,127,3694.0,2285.31
INV_106003,WH_05,PROD_0290,12/07/2024,2174,238,628,1784.0,1825.16
INV_106004,WH_01,PROD_0024,22/05/2024,3333,942,1058,3217.0,4394.75
INV_106005,WH_04,PROD_0196,26/11/2024,1584,432,866,1150.0,1507.26
INV_106006,WH_03,PROD_0037,07/09/2024,2374,298,695,1977.0,2396.73
INV_106007,WH_09,PROD_0246,26/07/2024,2127,125,772,1480.0,1566.79
INV_106008,WH_03,PROD_0193,12/04/2024,1266,596,490,1372.0,834.18
INV_106009,WH_03,PROD_0097,07/07/2024,3942,775,1098,3619.0,2083.27
INV_106010,WH_08,PROD_0141,13/10/2024,3414,961,503,3872.0,4659.7
INV_106011,WH_11,PROD_0129,17/01/2024,4794,1006,1361,4439.0,6622.59
INV_106012,WH_08,PROD_0269,22/09/2024,1724,168,1199,693.0,451.48
INV_106013,WH_05,PROD_0271,08/10/2024,4713,609,1433,3889.0,4642.5
INV_106014,WH_14,PROD_0282,10/06/2024,4478,814,268,5024.0,4734.37
INV_106015,WH_05,PROD_0152,28/02/2024,3966,1067,1029,4004.0,5157.61
INV_106016,WH_06,PROD_0281,29/08/2024,1738,1196,1191,1743.0,2253.55
INV_106017,WH_02,PROD_0067,07/06/2024,860,632,1096,396.0,469.49
INV_106018,WH_03,PROD_0044,17/02/2024,2054,646,685,2015.0,2190.97
INV_106019,WH_01,PROD_0123,09/02/2024,2220,768,1090,1898.0,2129.8
INV_106020,WH_08,PROD_0177,18/09/2024,3858,1186,401,4643.0,3697.89
INV_106021,WH_13,PROD_0101,04/12/2024,2643,364,229,2778.0,2255.11
INV_106022,WH_15,PROD_0081,06/06/2024,3223,555,623,3155.0,4348.03
INV_106023,WH_06,PROD_0198,25/11/2024,3778,517,129,4166.0,2405.31
INV_106024,WH_07,PROD_0090,03/11/2024,707,494,1066,135.0,172.52
INV_106025,WH_11,PROD_0175,27/10/2024,2848,946,918,2876.0,1570.13
INV_106026,WH_03,PROD_0261,25/04/2024,1753,625,703,1675.0,1637.21
INV_106027,WH_10,PROD_0163,20/02/2024,4768,107,877,3998.0,5026.48
INV_106028,WH_12,PROD_0137,23/10/2024,1731,830,735,1826.0,1790.96
INV_106029,WH_05,PROD_0207,21/11/2024,948,899,591,1256.0,1567.29
INV_106030,WH_13,PROD_0066,09/12/2024,4744,1392,331,5805.0,8484.82
INV_106031,WH_03,PROD_0047,02/09/2024,563,1302,156,1709.0,2247.33
INV_106032,WH_07,PROD_0168,28/01/2024,2220,249,665,1804.0,1325.72
INV_106033,WH_14,PROD_0197,27/11/2024,574,689,1263,0.0,0.0
INV_106034,WH_07,PROD_0213,24/06/2024,3338,357,1126,2569.0,2184.6
INV_106035,WH_05,PROD_0233,05/08/2024,742,1032,538,1236.0,1614.01
INV_106036,WH_14,PROD_0016,11/05/2024,700,1490,552,1638.0,1369.13
INV_106037,WH_02,PROD_0048,26/10/2024,4059,1400,815,4644.0,2695.23
INV_106038,WH_11,PROD_0072,22/01/2024,1842,1202,859,2185.0,2316.33
INV_106039,WH_06,PROD_0109,06/11/2024,1582,281,606,1257.0,1103.26
INV_106040,WH_10,PROD_0002,23/05/2024,1343,1224,1193,1374.0,1196.24
INV_106041,WH_12,PROD_0138,15/02/2024,1623,291,119,1795.0,1667.58
INV_106042,WH_15,PROD_0178,08/01/2024,715,1124,1454,385.0,372.42
INV_106043,WH_04,PROD_0252,15/11/2024,710,866,1336,240.0,336.31
INV_106044,WH_14,PROD_0005,28/04/2024,1788,607,255,,0.0
INV_106045,WH_02,PROD_0016,22/05/2024,3697,602,941,3358.0,4402.93
INV_106046,WH_15,PROD_0224,06/09/2024,2357,672,252,2777.0,2308.2
INV_106047,WH_04,PROD_0075,23/04/2024,3430,533,975,2988.0,3784.22
INV_106048,WH_07,PROD_0083,16/07/2024,4525,305,1226,3604.0,4413.91
INV_106049,WH_03,PROD_0104,23/05/2024,4535,167,842,3860.0,5025.47
INV_106050,WH_09,PROD_0178,11/01/2024,3691,1431,516,4606.0,5034.89
INV_106051,WH_01,PROD_0276,30/11/2024,3889,681,407,4163.0,3627.07
INV_106052,WH_15,PROD_0228,03/04/2024,2151,338,887,1602.0,1305.15
INV_106053,WH_14,PROD_0203,19/09/2024,2329,598,582,2345.0,1289.29
INV_106054,WH_08,PROD_0028,19/04/2024,2436,783,741,2478.0,1442.79
INV_106055,WH_06,PROD_0069,05/01/2024,4410,565,1246,3729.0,2676.69
INV_106056,WH_06,PROD_0256,11/10/2024,2284,671,294,2661.0,1692.73
INV_106057,WH_11,PROD_0289,11/08/2024,1760,1106,1214,1652.0,2229.75
INV_106058,WH_08,PROD_0257,16/08/2024,2419,571,1475,1515.0,1315.67
INV_106059,WH_06,PROD_0053,22/12/2024,4329,1102,394,5037.0,5763.2
INV_106060,WH_05,PROD_0269,05/11/2024,3659,1032,694,3997.0,3650.32
INV_106061,WH_04,PROD_0027,07/11/2024,1240,1079,141,2178.0,1607.53
INV_106062,WH_12,PROD_0061,13/01/2024,735,696,978,453.0,536.57
INV_106063,WH_12,PROD_0159,23/09/2024,1208,1434,1012,1630.0,1291.06
INV_106064,WH_11,PROD_0013,11/06/2024,4551,1317,846,5022.0,2996.13
INV_106065,WH_12,PROD_0084,09/06/2024,2247,100,558,1789.0,1009.5
INV_106066,WH_06,PROD_0004,02/05/2024,2932,1455,742,3645.0,2537.46
INV_106067,WH_05,PROD_0145,24/09/2024,4640,851,1444,4047.0,3375.62
INV_106068,WH_15,PROD_0061,04/10/2024,2985,129,127,2987.0,3802.04
INV_106069,WH_08,PROD_0007,21/11/2024,3190,1225,1108,3307.0,4098.49
INV_106070,WH_10,PROD_0270,07/05/2024,1156,346,545,957.0,529.4
INV_106071,WH_03,PROD_0108,03/05/2024,1568,1056,1023,1601.0,1916.74
INV_106072,WH_03,PROD_0145,02/08/2024,2501,760,1004,2257.0,2890.43
INV_106073,WH_12,PROD_0108,16/01/2024,3729,1350,752,4327.0,3483.46
INV_106074,WH_11,PROD_0145,25/07/2024,873,1458,209,2122.0,2534.11
INV_106075,WH_15,PROD_0025,03/03/2024,4439,226,311,,0.0
INV_106076,WH_06,PROD_0054,06/10/2024,812,1327,593,1546.0,1295.23
INV_106077,WH_01,PROD_0143,07/04/2024,4508,1201,1061,4648.0,5108.67
INV_106078,WH_07,PROD_0255,22/03/2024,3013,1247,1153,3107.0,3078.58
INV_106079,WH_03,PROD_0073,19/01/2024,3919,225,181,3963.0,4444.09
INV_106080,WH_10,PROD_0227,30/03/2024,3680,815,502,3993.0,3240.88
INV_106081,WH_05,PROD_0081,20/08/2024,3460,1429,948,3941.0,4183.22
INV_106082,WH_06,PROD_0199,10/08/2024,3033,1065,1018,3080.0,3525.21
INV_106083,WH_14,PROD_0043,17/08/2024,4863,310,715,4458.0,2261.56
INV_106084,WH_13,PROD_0188,19/02/2024,3141,715,538,3318.0,1952.83
INV_106085,WH_12,PROD_0213,07/03/2024,3474,1175,1082,3567.0,3490.44
INV_106086,WH_11,PROD_0184,05/10/2024,1806,1425,112,3119.0,2423.35
INV_106087,WH_05,PROD_0246,23/07/2024,3483,403,297,3589.0,3566.42
INV_106088,WH_13,PROD_0205,12/02/2024,1603,959,513,2049.0,2300.06
INV_106089,WH_04,PROD_0167,17/05/2024,4420,121,278,4263.0,5803.12
INV_106090,WH_02,PROD_0054,13/05/2024,4066,382,1058,3390.0,4259.0
INV_106091,WH_01,PROD_0035,09/10/2024,4972,146,561,4557.0,3811.76
INV_106092,WH_06,PROD_0155,22/06/2024,3558,443,1274,2727.0,2369.34
INV_106093,WH_09,PROD_0271,05/05/2024,921,1388,1056,1253.0,1707.13
INV_106094,WH_06,PROD_0049,21/01/2024,3683,533,118,4098.0,6140.62
INV_106095,WH_05,PROD_0097,03/03/2024,4347,1322,1157,,0.0
INV_106096,WH_14,PROD_0192,19/01/2024,2994,1303,723,3574.0,2100.9
INV_106097,WH_10,PROD_0128,29/09/2024,1105,392,864,633.0,818.43
INV_106098,WH_03,PROD_0023,21/04/2024,3219,1346,1057,3508.0,4313.22
INV_106099,WH_11,PROD_0018,05/05/2024,3981,490,923,3548.0,4176.77
INV_106100,WH_08,PROD_0240,23/05/2024,3986,525,628,3883.0,2639.45
INV_106101,WH_14,PROD_0276,13/12/2024,3398,125,944,2579.0,1343.3
INV_106102,WH_09,PROD_0055,25/10/2024,3987,930,871,4046.0,4240.01
INV_106103,WH_06,PROD_0180,19/04/2024,4946,1213,727,5432.0,5137.03
INV_106104,WH_08,PROD_0204,03/12/2024,2676,119,172,2623.0,3003.26
INV_106105,WH_07,PROD_0111,12/05/2024,2239,683,337,2585.0,3027.47
INV_106106,WH_15,PROD_0242,30/07/2024,1447,396,193,1650.0,1819.58
INV_106107,WH_11,PROD_0091,12/06/2024,2741,275,1164,1852.0,2147.14
INV_106108,WH_07,PROD_0265,04/02/2024,1410,810,285,1935.0,2151.66
INV_106109,WH_04,PROD_0275,13/12/2024,1375,689,471,1593.0,2117.76
INV_106110,WH_13,PROD_0271,05/08/2024,2866,739,1159,2446.0,2565.69
INV_106111,WH_11,PROD_0089,21/03/2024,2166,543,222,2487.0,1428.05
INV_106112,WH_13,PROD_0103,10/12/2024,1525,119,600,1044.0,1179.22
INV_106113,WH_09,PROD_0226,16/08/2024,4521,239,717,4043.0,5720.38
INV_106114,WH_01,PROD_0300,04/01/2024,4726,1165,242,5649.0,3647.44
INV_106115,WH_15,PROD_0172,09/07/2024,4282,1462,548,5196.0,6487.25
INV_106116,WH_02,PROD_0024,18/02/2024,3425,650,268,3807.0,3544.74
INV_106117,WH_12,PROD_0200,25/12/2024,1363,947,1153,1157.0,873.74
INV_106118,WH_09,PROD_0148,15/11/2024,2523,1071,586,3008.0,2363.33
INV_106119,WH_12,PROD_0296,27/09/2024,3123,991,1246,2868.0,2948.99
INV_106120,WH_12,PROD_0171,16/05/2024,4930,689,1025,4594.0,6677.76
INV_106121,WH_11,PROD_0218,13/01/2024,2538,1326,414,3450.0,2598.1
INV_106122,WH_11,PROD_0274,27/03/2024,2086,414,735,1765.0,2431.48
INV_106123,WH_09,PROD_0001,16/06/2024,3739,1134,626,4247.0,3316.63
INV_106124,WH_02,PROD_0059,27/12/2024,2484,827,276,3035.0,2126.58
INV_106125,WH_03,PROD_0184,11/02/2024,4364,1394,1316,4442.0,3006.7
INV_106126,WH_12,PROD_0123,29/06/2024,1205,1100,459,1846.0,1838.83
INV_106127,WH_13,PROD_0053,28/06/2024,2693,475,704,2464.0,3210.62
INV_106128,WH_05,PROD_0283,22/04/2024,1313,977,343,1947.0,2074.66
INV_106129,WH_13,PROD_0007,12/06/2024,837,741,462,1116.0,1009.58
INV_106130,WH_14,PROD_0162,16/10/2024,3677,413,961,3129.0,1957.65
INV_106131,WH_10,PROD_0025,29/05/2024,4642,306,594,4354.0,4927.71
INV_106132,WH_09,PROD_0292,02/11/2024,2908,740,1175,2473.0,2122.83
INV_106133,WH_13,PROD_0273,22/01/2024,1734,392,816,1310.0,1489.89
INV_106134,WH_07,PROD_0261,17/10/2024,4378,1292,1011,4659.0,4768.36
INV_106135,WH_03,PROD_0206,24/10/2024,1028,724,1104,648.0,347.39
INV_106136,WH_15,PROD_0093,23/01/2024,4871,1475,361,5985.0,3624.78
INV_106137,WH_10,PROD_0246,18/08/2024,4118,218,431,3905.0,4064.74
INV_106138,WH_03,PROD_0219,19/06/2024,3155,989,333,3811.0,3605.01
INV_106139,WH_09,PROD_0256,14/11/2024,767,685,1171,281.0,303.62
INV_106140,WH_10,PROD_0056,19/10/2024,2130,333,1084,1379.0,1903.5
INV_106141,WH_07,PROD_0031,16/12/2024,2890,275,597,2568.0,2599.8
INV_106142,WH_02,PROD_0012,23/09/2024,4267,813,519,4561.0,5548.71
INV_106143,WH_07,PROD_0048,06/09/2024,4280,159,831,3608.0,1976.74
INV_106144,WH_08,PROD_0097,06/06/2024,4311,1299,321,5289.0,6145.78
INV_106145,WH_10,PROD_0162,18/12/2024,3672,367,606,3433.0,3719.82
INV_106146,WH_11,PROD_0282,08/11/2024,2946,1335,1383,2898.0,2245.65
INV_106147,WH_15,PROD_0277,07/06/2024,3217,322,1419,2120.0,2995.97
INV_106148,WH_11,PROD_0201,29/07/2024,2235,714,1486,1463.0,967.73
INV_106149,WH_11,PROD_0203,20/03/2024,4346,290,738,3898.0,5660.45
INV_106150,WH_07,PROD_0275,19/12/2024,3954,1491,880,4565.0,5607.85
INV_106151,WH_01,PROD_0012,25/06/2024,3842,681,506,4017.0,3068.62
INV_106152,WH_07,PROD_0226,29/06/2024,1598,560,545,1613.0,1208.21
INV_106153,WH_07,PROD_0089,21/11/2024,4467,323,802,3988.0,4336.53
INV_106154,WH_15,PROD_0180,04/04/2024,4483,1031,514,,0.0
INV_106155,WH_11,PROD_0129,10/03/2024,4014,1223,1461,3776.0,4894.79
INV_106156,WH_13,PROD_0163,20/05/2024,4277,1261,793,4745.0,6178.95
INV_106157,WH_05,PROD_0100,08/03/2024,3769,639,118,4290.0,3056.04
INV_106158,WH_13,PROD_0188,20/08/2024,4506,1369,443,5432.0,4202.61
INV_106159,WH_11,PROD_0205,25/02/2024,2656,1312,372,,0.0
INV_106160,WH_12,PROD_0019,28/04/2024,4831,302,844,4289.0,6213.96
INV_106161,WH_03,PROD_0044,06/09/2024,4076,824,626,4274.0,3314.74
INV_106162,WH_14,PROD_0214,03/12/2024,761,189,1467,-517.0,-352.91
INV_106163,WH_11,PROD_0299,10/09/2024,2739,1406,580,3565.0,3580.56
INV_106164,WH_03,PROD_0238,09/03/2024,4358,1270,484,5144.0,5943.43
INV_106165,WH_02,PROD_0164,05/08/2024,4762,607,561,4808.0,4619.93
INV_106166,WH_08,PROD_0286,11/08/2024,2314,1451,1332,2433.0,3440.98
INV_106167,WH_02,PROD_0273,08/03/2024,3288,182,142,3328.0,2709.8
INV_106168,WH_06,PROD_0168,01/07/2024,1210,432,1183,459.0,258.9
INV_106169,WH_10,PROD_0031,29/11/2024,1367,912,1306,973.0,1227.59
INV_106170,WH_08,PROD_0189,24/05/2024,4294,593,1021,3866.0,3370.03
INV_106171,WH_11,PROD_0253,15/01/2024,3717,1362,1110,3969.0,4362.92
INV_106172,WH_08,PROD_0049,10/10/2024,1835,215,370,,0.0
INV_106173,WH_10,PROD_0292,11/05/2024,3329,586,675,3240.0,4481.96
INV_106174,WH_09,PROD_0103,06/08/2024,4477,1471,1365,4583.0,2323.65
INV_106175,WH_11,PROD_0208,10/12/2024,1975,800,868,,0.0
INV_106176,WH_13,PROD_0202,15/07/2024,506,236,168,574.0,407.44
INV_106177,WH_15,PROD_0192,08/01/2024,1309,1477,868,1918.0,1603.67
INV_106178,WH_07,PROD_0258,01/06/2024,3006,303,930,2379.0,1397.75
INV_106179,WH_14,PROD_0275,19/01/2024,2292,499,1075,1716.0,1010.33
INV_106180,WH_07,PROD_0137,14/10/2024,998,225,680,543.0,367.57
INV_106181,WH_04,PROD_0232,09/09/2024,748,429,1017,160.0,164.2
INV_106182,WH_09,PROD_0300,21/07/2024,807,345,340,812.0,1133.69
INV_106183,WH_03,PROD_0039,06/03/2024,4615,1166,1072,4709.0,2494.49
INV_106184,WH_10,PROD_0021,05/11/2024,4462,497,1004,3955.0,2124.83
INV_106185,WH_11,PROD_0300,23/04/2024,3946,353,1198,,0.0
INV_106186,WH_09,PROD_0238,28/04/2024,2572,963,791,2744.0,2504.34
INV_106187,WH_08,PROD_0029,27/07/2024,4385,712,1204,3893.0,3847.96
INV_106188,WH_15,PROD_0111,04/06/2024,3160,782,542,3400.0,4038.2
INV_106189,WH_01,PROD_0162,10/12/2024,4985,547,1239,4293.0,6220.24
INV_106190,WH_03,PROD_0252,05/03/2024,2934,103,218,2819.0,2661.79
INV_106191,WH_15,PROD_0240,13/07/2024,910,282,1373,-181.0,-106.69
INV_106192,WH_06,PROD_0029,13/04/2024,3114,717,976,2855.0,2920.2
INV_106193,WH_10,PROD_0217,01/07/2024,2028,799,1057,1770.0,1169.25
INV_106194,WH_12,PROD_0058,26/04/2024,3680,132,1053,2759.0,4112.13
INV_106195,WH_08,PROD_0188,18/08/2024,1863,1215,1079,1999.0,1827.78
INV_106196,WH_07,PROD_0021,22/05/2024,2022,321,625,1718.0,1433.83
INV_106197,WH_12,PROD_0201,04/08/2024,822,1360,956,1226.0,876.03
INV_106198,WH_14,PROD_0051,11/10/2024,3967,1397,1164,4200.0,3929.82
INV_106199,WH_04,PROD_0008,03/03/2024,2264,1133,324,3073.0,2188.51
INV_106200,WH_13,PROD_0136,17/05/2024,3775,175,587,3363.0,2364.79
INV_106201,WH_10,PROD_0267,02/11/2024,4393,959,980,4372.0,4073.05
INV_106202,WH_01,PROD_0141,23/09/2024,1910,443,1372,981.0,1457.25
INV_106203,WH_07,PROD_0197,15/03/2024,3101,1241,940,3402.0,2716.19
INV_106204,WH_05,PROD_0026,12/05/2024,1225,465,229,1461.0,1250.16
INV_106205,WH_02,PROD_0160,30/12/2024,2934,814,635,3113.0,3822.04
INV_106206,WH_14,PROD_0276,24/05/2024,4789,1454,591,5652.0,6508.33
INV_106207,WH_02,PROD_0040,25/07/2024,4185,356,431,4110.0,5726.24
INV_106208,WH_13,PROD_0046,12/05/2024,2544,762,159,3147.0,3030.61
INV_106209,WH_15,PROD_0277,14/03/2024,2281,713,264,2730.0,2508.02
INV_106210,WH_05,PROD_0065,04/01/2024,4835,420,1196,,0.0
INV_106211,WH_02,PROD_0138,01/10/2024,1740,761,1494,1007.0,1374.79
INV_106212,WH_04,PROD_0110,23/03/2024,1452,197,204,1445.0,1513.4
INV_106213,WH_12,PROD_0193,25/09/2024,4538,800,538,4800.0,5199.26
INV_106214,WH_06,PROD_0153,11/10/2024,3223,1047,259,4011.0,5389.68
INV_106215,WH_09,PROD_0001,21/12/2024,2252,747,946,2053.0,2688.81
INV_106216,WH_05,PROD_0078,19/06/2024,4697,258,1461,3494.0,2155.36
INV_106217,WH_14,PROD_0149,12/08/2024,2194,416,649,1961.0,2743.49
INV_106218,WH_14,PROD_0069,04/08/2024,1577,851,920,1508.0,1694.75
INV_106219,WH_09,PROD_0158,12/01/2024,4984,1107,104,5987.0,4719.36
INV_106220,WH_11,PROD_0127,20/11/2024,1832,185,1313,704.0,842.52
INV_106221,WH_03,PROD_0043,10/04/2024,564,680,545,699.0,601.67
INV_106222,WH_07,PROD_0239,22/06/2024,3728,837,493,4072.0,4215.1
INV_106223,WH_14,PROD_0264,22/09/2024,1580,1489,536,2533.0,1895.5
INV_106224,WH_05,PROD_0026,10/02/2024,3268,925,875,3318.0,3181.97
INV_106225,WH_15,PROD_0167,16/12/2024,1902,799,281,2420.0,1433.75
INV_106226,WH_14,PROD_0247,27/05/2024,3402,1388,202,4588.0,2457.48
INV_106227,WH_15,PROD_0044,14/12/2024,2247,190,1129,1308.0,758.47
INV_106228,WH_10,PROD_0149,18/10/2024,1802,688,354,2136.0,1643.21
INV_106229,WH_06,PROD_0175,20/10/2024,1968,1491,341,3118.0,3669.46
INV_106230,WH_13,PROD_0038,19/11/2024,2977,371,148,3200.0,3830.74
INV_106231,WH_03,PROD_0021,08/08/2024,3972,1210,700,4482.0,3210.91
INV_106232,WH_09,PROD_0221,16/02/2024,3383,871,295,3959.0,2454.84
INV_106233,WH_05,PROD_0079,25/02/2024,4845,1266,273,5838.0,2936.62
INV_106234,WH_15,PROD_0143,22/01/2024,1381,839,1490,730.0,927.53
INV_106235,WH_07,PROD_0247,24/12/2024,1985,280,1351,914.0,1063.88
INV_106236,WH_06,PROD_0031,17/05/2024,4777,904,329,5352.0,6898.05
INV_106237,WH_08,PROD_0185,23/05/2024,4601,110,637,4074.0,4947.12
INV_106238,WH_11,PROD_0050,24/11/2024,2628,483,570,2541.0,3766.84
INV_106239,WH_14,PROD_0009,01/09/2024,2602,491,448,2645.0,1857.66
INV_106240,WH_05,PROD_0034,26/06/2024,3142,368,1235,2275.0,1587.15
INV_106241,WH_04,PROD_0029,12/01/2024,4424,1494,1218,4700.0,3396.26
INV_106242,WH_02,PROD_0004,16/04/2024,3567,1072,1312,3327.0,3385.78
INV_106243,WH_13,PROD_0113,23/07/2024,1076,1248,459,1865.0,1742.67
INV_106244,WH_01,PROD_0178,04/08/2024,2965,1417,344,4038.0,2272.45
INV_106245,WH_10,PROD_0047,20/05/2024,1290,1026,383,1933.0,1711.23
INV_106246,WH_11,PROD_0255,13/05/2024,912,305,864,353.0,377.18
INV_106247,WH_07,PROD_0296,05/02/2024,2580,334,1052,1862.0,2352.97
INV_106248,WH_01,PROD_0231,13/08/2024,1246,947,849,1344.0,1182.24
INV_106249,WH_04,PROD_0118,07/01/2024,3304,739,623,3420.0,2367.02
INV_106250,WH_13,PROD_0047,12/08/2024,1886,500,374,2012.0,1749.52
INV_106251,WH_14,PROD_0019,23/08/2024,1445,1078,812,1711.0,936.21
INV_106252,WH_10,PROD_0181,15/05/2024,1705,1035,985,,0.0
INV_106253,WH_10,PROD_0057,24/03/2024,905,973,812,1066.0,1476.5
INV_106254,WH_05,PROD_0140,25/07/2024,1735,848,140,2443.0,1278.39
INV_106255,WH_14,PROD_0083,06/07/2024,2803,709,380,3132.0,3223.03
INV_106256,WH_03,PROD_0214,16/09/2024,4959,772,1112,4619.0,4938.9
INV_106257,WH_10,PROD_0182,03/10/2024,4468,365,298,4535.0,5992.39
INV_106258,WH_10,PROD_0174,16/10/2024,634,399,325,708.0,1002.32
INV_106259,WH_13,PROD_0231,16/12/2024,909,216,709,416.0,366.92
INV_106260,WH_15,PROD_0230,03/07/2024,1682,115,503,1294.0,1054.91
INV_106261,WH_14,PROD_0119,22/01/2024,1063,1465,1093,1435.0,1797.4
INV_106262,WH_01,PROD_0100,21/08/2024,713,340,1199,-146.0,-135.86
INV_106263,WH_14,PROD_0149,19/07/2024,4683,1010,1194,4499.0,4105.85
INV_106264,WH_10,PROD_0061,13/04/2024,3669,1464,964,4169.0,4321.35
INV_106265,WH_09,PROD_0059,08/05/2024,648,235,272,611.0,869.8
INV_106266,WH_04,PROD_0246,24/09/2024,1930,869,1417,,0.0
INV_106267,WH_01,PROD_0258,23/04/2024,4512,858,1497,3873.0,5264.62
INV_106268,WH_08,PROD_0251,23/07/2024,1267,1121,1362,1026.0,645.27
INV_106269,WH_10,PROD_0059,14/08/2024,1939,833,675,2097.0,1283.13
INV_106270,WH_02,PROD_0099,08/01/2024,858,1417,955,1320.0,1759.92
INV_106271,WH_15,PROD_0224,11/08/2024,4460,1451,1090,4821.0,4422.56
INV_106272,WH_11,PROD_0106,21/01/2024,1850,791,1162,1479.0,1106.44
INV_106273,WH_15,PROD_0069,16/06/2024,4111,843,547,4407.0,3678.38
INV_106274,WH_10,PROD_0073,14/07/2024,3317,132,1320,2129.0,2549.64
INV_106275,WH_14,PROD_0282,23/02/2024,2728,119,1221,1626.0,1065.79
INV_106276,WH_09,PROD_0126,06/02/2024,1044,718,579,1183.0,666.92
INV_106277,WH_08,PROD_0063,17/01/2024,852,1295,342,1805.0,2535.82
INV_106278,WH_01,PROD_0064,15/09/2024,821,170,109,882.0,488.76
INV_106279,WH_06,PROD_0019,28/09/2024,4430,881,663,4648.0,5277.9
INV_106280,WH_01,PROD_0273,07/10/2024,3144,1436,1447,3133.0,1910.84
INV_106281,WH_03,PROD_0261,02/07/2024,735,1063,998,800.0,419.31
INV_106282,WH_01,PROD_0299,17/02/2024,3529,829,1451,2907.0,3376.62
INV_106283,WH_03,PROD_0151,06/08/2024,4602,892,380,5114.0,6627.34
INV_106284,WH_05,PROD_0300,20/07/2024,3818,929,1462,3285.0,4833.9
INV_106285,WH_14,PROD_0181,09/09/2024,1073,826,617,,0.0
INV_106286,WH_04,PROD_0034,01/04/2024,2157,1077,719,2515.0,1292.9
INV_106287,WH_05,PROD_0264,21/11/2024,4722,144,1423,3443.0,2509.14
INV_106288,WH_13,PROD_0097,10/02/2024,2040,1171,1500,1711.0,1697.95
INV_106289,WH_13,PROD_0148,02/11/2024,4352,1463,246,5569.0,7185.96
INV_106290,WH_04,PROD_0158,24/03/2024,4775,342,202,4915.0,3265.0
INV_106291,WH_01,PROD_0288,26/10/2024,2211,1135,644,2702.0,1664.58
INV_106292,WH_01,PROD_0018,21/04/2024,1550,997,246,2301.0,1181.44
INV_106293,WH_12,PROD_0059,20/09/2024,4692,1063,674,5081.0,3690.69
INV_106294,WH_03,PROD_0187,20/06/2024,648,920,1049,519.0,720.79
INV_106295,WH_01,PROD_0052,29/03/2024,1162,720,1246,636.0,691.18
INV_106296,WH_09,PROD_0019,31/03/2024,4941,310,834,4417.0,4803.91
INV_106297,WH_12,PROD_0155,04/07/2024,4604,162,649,4117.0,3609.31
INV_106298,WH_08,PROD_0200,13/03/2024,4814,333,1250,3897.0,5527.23
INV_106299,WH_05,PROD_0177,12/10/2024,2362,1499,712,3149.0,3938.31
INV_106300,WH_02,PROD_0081,09/12/2024,2959,733,949,2743.0,3699.94
INV_106301,WH_06,PROD_0117,09/10/2024,4637,1266,776,5127.0,7621.98
INV_106302,WH_12,PROD_0055,06/03/2024,3172,1267,333,4106.0,4177.02
INV_106303,WH_05,PROD_0226,12/05/2024,1310,986,124,,0.0
INV_106304,WH_03,PROD_0296,26/11/2024,3850,683,1363,3170.0,1606.34
INV_106305,WH_08,PROD_0124,15/09/2024,3225,215,830,2610.0,1992.99
INV_106306,WH_07,PROD_0071,27/02/2024,749,495,1470,-226.0,-195.52
INV_106307,WH_12,PROD_0103,15/01/2024,4516,753,1282,,0.0
INV_106308,WH_01,PROD_0294,05/11/2024,1972,540,1254,1258.0,1564.24
INV_106309,WH_15,PROD_0245,23/02/2024,1788,1064,659,2193.0,1124.97
INV_106310,WH_01,PROD_0207,06/12/2024,2638,1128,838,2928.0,2342.56
INV_106311,WH_14,PROD_0271,02/10/2024,3673,921,1064,3530.0,2193.25
INV_106312,WH_03,PROD_0065,04/01/2024,1168,410,964,614.0,803.89
INV_106313,WH_03,PROD_0154,18/05/2024,3321,407,616,3112.0,2482.31
INV_106314,WH_07,PROD_0179,16/08/2024,849,1132,1436,545.0,420.3
INV_106315,WH_07,PROD_0011,23/02/2024,2513,354,1252,1615.0,1440.01
INV_106316,WH_14,PROD_0201,18/02/2024,2975,606,1162,,0.0
INV_106317,WH_01,PROD_0244,25/01/2024,4720,658,1009,4369.0,5886.91
INV_106318,WH_12,PROD_0006,20/04/2024,3002,1477,461,4018.0,5108.0
INV_106319,WH_08,PROD_0175,23/04/2024,4129,644,553,4220.0,5786.07
INV_106320,WH_06,PROD_0109,19/08/2024,4307,316,1051,3572.0,2151.43
INV_106321,WH_01,PROD_0194,21/06/2024,4742,1123,683,5182.0,4266.16
INV_106322,WH_06,PROD_0149,05/09/2024,910,1474,1227,1157.0,1444.53
INV_106323,WH_06,PROD_0077,29/07/2024,3350,582,1429,2503.0,1907.06
INV_106324,WH_02,PROD_0249,07/12/2024,2418,557,288,2687.0,2151.53
INV_106325,WH_05,PROD_0211,29/05/2024,2748,1357,1458,2647.0,3364.33
INV_106326,WH_11,PROD_0127,04/08/2024,1030,387,305,1112.0,1554.28
INV_106327,WH_15,PROD_0236,18/10/2024,4041,461,175,4327.0,2702.65
INV_106328,WH_12,PROD_0111,20/11/2024,4847,201,1346,3702.0,2766.57
INV_106329,WH_07,PROD_0079,22/08/2024,1096,907,1124,879.0,1229.97
INV_106330,WH_14,PROD_0264,28/04/2024,4779,371,264,4886.0,2676.06
INV_106331,WH_03,PROD_0007,06/08/2024,2297,346,1054,1589.0,2066.78
INV_106332,WH_13,PROD_0055,12/02/2024,1389,443,890,942.0,654.76
INV_106333,WH_08,PROD_0100,25/12/2024,3958,1044,583,4419.0,3078.13
INV_106334,WH_06,PROD_0130,18/08/2024,3292,175,498,2969.0,2780.09
INV_106335,WH_05,PROD_0284,30/05/2024,3195,1383,1278,,0.0
INV_106336,WH_03,PROD_0094,18/04/2024,1964,333,991,1306.0,816.4
INV_106337,WH_13,PROD_0208,17/12/2024,3859,1203,1119,3943.0,2487.11
INV_106338,WH_04,PROD_0046,04/08/2024,982,983,345,1620.0,1300.26
INV_106339,WH_14,PROD_0215,12/11/2024,2016,436,167,2285.0,1315.94
INV_106340,WH_01,PROD_0130,02/01/2024,1333,337,144,1526.0,1513.58
INV_106341,WH_04,PROD_0275,07/11/2024,3873,563,1143,3293.0,3489.55
INV_106342,WH_09,PROD_0227,08/07/2024,2040,523,704,1859.0,961.86
INV_106343,WH_08,PROD_0060,05/06/2024,2838,540,813,2565.0,1290.95
INV_106344,WH_15,PROD_0016,13/08/2024,4348,578,333,4593.0,3276.91
INV_106345,WH_13,PROD_0068,20/12/2024,2733,302,718,2317.0,3295.27
INV_106346,WH_01,PROD_0049,19/07/2024,1573,622,701,1494.0,1692.81
INV_106347,WH_15,PROD_0139,09/10/2024,2565,326,456,2435.0,2278.12
INV_106348,WH_03,PROD_0172,11/02/2024,708,1347,604,1451.0,1412.03
INV_106349,WH_07,PROD_0100,20/05/2024,2313,423,209,2527.0,2143.44
INV_106350,WH_08,PROD_0146,07/03/2024,3153,1054,513,3694.0,5141.54
INV_106351,WH_14,PROD_0179,04/12/2024,1452,1081,836,1697.0,1562.59
INV_106352,WH_11,PROD_0252,08/03/2024,4918,1305,959,5264.0,5968.2
INV_106353,WH_07,PROD_0100,09/11/2024,3046,1323,1241,3128.0,2334.0
INV_106354,WH_05,PROD_0037,06/03/2024,3604,671,842,3433.0,2000.26
INV_106355,WH_08,PROD_0008,09/11/2024,2503,1144,1307,2340.0,2441.62
INV_106356,WH_05,PROD_0151,25/09/2024,4720,1038,117,5641.0,6666.12
INV_106357,WH_02,PROD_0199,10/11/2024,2200,1070,232,3038.0,2523.9
INV_106358,WH_14,PROD_0227,02/05/2024,2863,275,486,2652.0,1457.55
INV_106359,WH_02,PROD_0155,30/08/2024,2244,584,924,1904.0,2112.59
INV_106360,WH_11,PROD_0132,17/01/2024,2909,790,1319,2380.0,2404.69
INV_106361,WH_08,PROD_0001,13/12/2024,1444,1176,272,,0.0
INV_106362,WH_01,PROD_0244,13/04/2024,2085,329,474,1940.0,2809.17
INV_106363,WH_13,PROD_0080,12/02/2024,2626,594,352,2868.0,1690.91
INV_106364,WH_09,PROD_0161,05/11/2024,3626,1161,970,3817.0,2026.72
INV_106365,WH_07,PROD_0007,07/08/2024,1144,831,1251,724.0,504.65
INV_106366,WH_04,PROD_0145,08/10/2024,564,1009,1039,534.0,357.8
INV_106367,WH_12,PROD_0250,14/01/2024,1899,318,1385,832.0,658.02
INV_106368,WH_01,PROD_0273,13/05/2024,2588,1403,1475,2516.0,2598.24
INV_106369,WH_03,PROD_0208,06/04/2024,4216,1086,1421,3881.0,5776.61
INV_106370,WH_05,PROD_0015,13/08/2024,2392,283,886,1789.0,1318.61
INV_106371,WH_13,PROD_0182,19/10/2024,3473,925,178,4220.0,4196.82
INV_106372,WH_06,PROD_0234,23/04/2024,4993,1149,1136,5006.0,5266.76
INV_106373,WH_12,PROD_0142,27/09/2024,4638,523,630,4531.0,3033.59
INV_106374,WH_08,PROD_0240,13/01/2024,1917,233,428,1722.0,874.37
INV_106375,WH_11,PROD_0079,08/03/2024,874,184,265,793.0,1136.82
INV_106376,WH_15,PROD_0186,15/05/2024,2111,780,529,,0.0
INV_106377,WH_10,PROD_0147,16/12/2024,4301,1279,1403,4177.0,2708.75
INV_106378,WH_09,PROD_0229,07/03/2024,2869,365,423,2811.0,3566.49
INV_106379,WH_14,PROD_0277,11/08/2024,4079,748,635,,0.0
INV_106380,WH_06,PROD_0275,08/11/2024,2922,1271,433,3760.0,3959.95
INV_106381,WH_14,PROD_0151,05/10/2024,3600,404,488,3516.0,2543.46
INV_106382,WH_14,PROD_0021,17/09/2024,2157,472,262,2367.0,1565.39
INV_106383,WH_04,PROD_0187,21/02/2024,3457,953,1250,3160.0,3483.51
INV_106384,WH_08,PROD_0249,15/09/2024,696,922,1354,264.0,295.08
INV_106385,WH_03,PROD_0249,01/01/2024,587,819,1018,,0.0
INV_106386,WH_02,PROD_0065,26/01/2024,1047,1110,1272,885.0,925.2
INV_106387,WH_13,PROD_0011,17/02/2024,1435,702,186,1951.0,1698.56
INV_106388,WH_06,PROD_0233,16/02/2024,768,467,1149,86.0,43.73
INV_106389,WH_03,PROD_0081,29/11/2024,1191,1014,1124,1081.0,1031.55
INV_106390,WH_11,PROD_0060,25/10/2024,4936,1062,580,5418.0,6072.94
INV_106391,WH_10,PROD_0056,05/06/2024,4348,654,1032,3970.0,4221.56
INV_106392,WH_04,PROD_0096,06/04/2024,619,1483,440,1662.0,2065.69
INV_106393,WH_05,PROD_0202,25/11/2024,1771,601,1309,1063.0,789.31
INV_106394,WH_07,PROD_0037,09/05/2024,526,1196,501,1221.0,1519.05
INV_106395,WH_12,PROD_0052,24/07/2024,599,220,1218,-399.0,-323.43
INV_106396,WH_06,PROD_0183,20/04/2024,4711,873,133,5451.0,8124.79
INV_106397,WH_03,PROD_0138,02/04/2024,2472,127,429,2170.0,2796.3
INV_106398,WH_10,PROD_0246,03/06/2024,3112,1199,275,4036.0,3492.02
INV_106399,WH_10,PROD_0001,13/10/2024,2492,1170,563,3099.0,4357.35
INV_106400,WH_14,PROD_0102,28/02/2024,4826,1118,1388,4556.0,3596.97
INV_106401,WH_15,PROD_0068,02/06/2024,2023,664,1319,1368.0,1516.03
INV_106402,WH_01,PROD_0230,31/08/2024,4519,685,592,4612.0,5319.36
INV_106403,WH_06,PROD_0153,27/04/2024,4881,1009,355,5535.0,8069.35
INV_106404,WH_10,PROD_0014,28/01/2024,2288,1180,741,2727.0,2874.54
INV_106405,WH_05,PROD_0167,07/03/2024,1095,288,762,621.0,328.08
INV_106406,WH_01,PROD_0269,05/09/2024,2082,793,1261,1614.0,2153.55
INV_106407,WH_01,PROD_0081,06/02/2024,4731,854,1470,4115.0,2544.3
INV_106408,WH_10,PROD_0069,08/03/2024,841,1275,1259,857.0,1215.63
INV_106409,WH_15,PROD_0024,24/12/2024,3020,914,511,3423.0,1901.34
INV_106410,WH_04,PROD_0216,14/04/2024,3644,175,1307,2512.0,3375.08
INV_106411,WH_09,PROD_0002,10/11/2024,1636,751,359,2028.0,1566.63
INV_106412,WH_05,PROD_0088,03/09/2024,4947,410,497,4860.0,6925.37
INV_106413,WH_11,PROD_0255,16/07/2024,4317,934,447,4804.0,4659.61
INV_106414,WH_15,PROD_0267,11/09/2024,2938,443,993,2388.0,1477.21
INV_106415,WH_09,PROD_0279,14/05/2024,4282,146,552,3876.0,2514.42
INV_106416,WH_04,PROD_0037,27/04/2024,2759,307,730,,0.0
INV_106417,WH_10,PROD_0290,26/10/2024,2320,1163,1235,2248.0,1147.32
INV_106418,WH_08,PROD_0234,08/08/2024,4123,1384,576,4931.0,6863.09
INV_106419,WH_03,PROD_0239,25/04/2024,2676,1028,970,2734.0,4068.46
INV_106420,WH_08,PROD_0048,10/12/2024,3333,345,215,3463.0,3635.04
INV_106421,WH_06,PROD_0085,12/06/2024,2665,191,1415,1441.0,1342.82
INV_106422,WH_15,PROD_0133,22/05/2024,746,1401,459,1688.0,1699.6
INV_106423,WH_14,PROD_0091,01/03/2024,1105,732,980,857.0,578.51
INV_106424,WH_13,PROD_0223,01/10/2024,1126,1130,344,1912.0,1597.08
INV_106425,WH_03,PROD_0250,12/10/2024,4098,540,401,4237.0,3955.81
INV_106426,WH_07,PROD_0163,10/07/2024,1465,1467,884,2048.0,2524.54
INV_106427,WH_04,PROD_0125,16/08/2024,1853,895,1241,1507.0,1132.29
INV_106428,WH_04,PROD_0055,30/07/2024,1636,264,1368,532.0,453.33
INV_106429,WH_11,PROD_0032,01/10/2024,4560,226,1383,3403.0,3324.78
INV_106430,WH_03,PROD_0215,06/06/2024,3996,857,1408,3445.0,2996.58
INV_106431,WH_12,PROD_0081,16/07/2024,3835,184,205,3814.0,2880.88
INV_106432,WH_09,PROD_0295,15/09/2024,3991,793,333,4451.0,3633.51
INV_106433,WH_09,PROD_0164,24/02/2024,1822,526,685,1663.0,2172.29
INV_106434,WH_09,PROD_0219,30/01/2024,786,616,674,728.0,472.32
INV_106435,WH_12,PROD_0007,18/03/2024,4557,1464,981,5040.0,2841.24
INV_106436,WH_05,PROD_0186,02/09/2024,2157,322,549,1930.0,1388.69
INV_106437,WH_01,PROD_0279,15/01/2024,1312,872,177,2007.0,2195.03
INV_106438,WH_06,PROD_0259,12/09/2024,3957,1401,1398,3960.0,5266.19
INV_106439,WH_07,PROD_0067,19/09/2024,3125,883,623,3385.0,3097.91
INV_106440,WH_01,PROD_0280,23/12/2024,722,126,721,127.0,189.16
INV_106441,WH_13,PROD_0272,02/02/2024,3846,678,814,3710.0,4193.75
INV_106442,WH_14,PROD_0279,18/08/2024,1201,415,902,714.0,605.4
INV_106443,WH_08,PROD_0226,20/07/2024,3714,375,453,3636.0,5218.24
INV_106444,WH_10,PROD_0078,02/08/2024,4704,624,1317,4011.0,5029.75
INV_106445,WH_02,PROD_0107,04/11/2024,1966,482,1363,1085.0,1051.31
INV_106446,WH_07,PROD_0159,01/04/2024,1295,412,318,1389.0,1452.69
INV_106447,WH_05,PROD_0251,02/05/2024,1439,1181,287,2333.0,3410.4
INV_106448,WH_04,PROD_0086,10/08/2024,4646,704,1193,4157.0,4617.44
INV_106449,WH_11,PROD_0020,28/07/2024,2295,249,849,1695.0,1328.46
INV_106450,WH_07,PROD_0044,26/05/2024,4733,647,1144,4236.0,3340.61
INV_106451,WH_13,PROD_0297,04/09/2024,2673,140,753,2060.0,2367.19
INV_106452,WH_03,PROD_0009,27/02/2024,4120,996,1137,3979.0,2273.98
INV_106453,WH_05,PROD_0156,05/04/2024,4268,101,1479,2890.0,2767.33
INV_106454,WH_15,PROD_0228,08/05/2024,1170,182,968,384.0,505.41
INV_106455,WH_05,PROD_0019,16/04/2024,4973,257,790,4440.0,4165.46
INV_106456,WH_06,PROD_0166,21/02/2024,2673,1426,537,3562.0,3806.24
INV_106457,WH_05,PROD_0112,09/03/2024,4155,391,479,4067.0,5455.68
INV_106458,WH_13,PROD_0104,25/07/2024,1291,1193,864,1620.0,2297.15
INV_106459,WH_07,PROD_0056,22/09/2024,2863,647,782,2728.0,3545.21
INV_106460,WH_13,PROD_0012,12/09/2024,695,995,121,1569.0,1267.82
INV_106461,WH_01,PROD_0072,30/11/2024,4662,870,1362,4170.0,6078.6
INV_106462,WH_06,PROD_0194,19/01/2024,4318,1400,457,5261.0,6831.97
INV_106463,WH_14,PROD_0156,28/06/2024,724,998,263,1459.0,2109.79
INV_106464,WH_12,PROD_0013,29/07/2024,560,730,193,1097.0,1088.01
INV_106465,WH_11,PROD_0105,26/07/2024,3460,878,1173,3165.0,4474.88
INV_106466,WH_02,PROD_0129,22/09/2024,805,1278,781,1302.0,1457.1
INV_106467,WH_05,PROD_0241,18/04/2024,4639,549,1222,3966.0,3794.87
INV_106468,WH_07,PROD_0216,22/06/2024,2025,1466,369,3122.0,3693.18
INV_106469,WH_08,PROD_0084,14/01/2024,3669,1085,1065,3689.0,2370.38
INV_106470,WH_02,PROD_0097,25/11/2024,3319,543,404,3458.0,3687.12
INV_106471,WH_08,PROD_0010,16/05/2024,2975,1389,142,4222.0,2154.11
INV_106472,WH_10,PROD_0004,08/02/2024,3087,246,1008,2325.0,3117.99
INV_106473,WH_11,PROD_0174,26/01/2024,4742,382,1046,4078.0,4220.82
INV_106474,WH_13,PROD_0072,05/11/2024,4557,1350,1035,4872.0,4776.49
INV_106475,WH_03,PROD_0121,16/04/2024,1204,438,128,1514.0,1165.85
INV_106476,WH_06,PROD_0260,04/09/2024,4970,113,999,4084.0,3241.13
INV_106477,WH_08,PROD_0225,07/10/2024,1017,387,526,,0.0
INV_106478,WH_10,PROD_0112,03/04/2024,4073,1042,904,4211.0,4539.45
INV_106479,WH_15,PROD_0280,08/03/2024,3354,617,179,3792.0,5228.3
INV_106480,WH_02,PROD_0182,10/02/2024,4698,519,198,5019.0,4931.28
INV_106481,WH_09,PROD_0016,21/03/2024,1663,643,751,1555.0,2205.97
INV_106482,WH_05,PROD_0127,16/01/2024,2578,1284,404,3458.0,3091.64
INV_106483,WH_06,PROD_0088,09/02/2024,2811,1262,511,3562.0,2913.15
INV_106484,WH_15,PROD_0066,17/10/2024,3368,253,1149,2472.0,2786.5
INV_106485,WH_03,PROD_0271,06/04/2024,3570,976,966,3580.0,3535.33
INV_106486,WH_08,PROD_0257,06/11/2024,783,209,959,33.0,43.68
INV_106487,WH_01,PROD_0081,24/05/2024,669,903,933,639.0,430.77
INV_106488,WH_12,PROD_0205,18/02/2024,1860,1218,193,2885.0,2698.88
INV_106489,WH_01,PROD_0058,03/08/2024,4267,1286,1071,4482.0,5000.08
INV_106490,WH_11,PROD_0276,27/07/2024,3972,1190,756,4406.0,4221.26
INV_106491,WH_03,PROD_0256,21/11/2024,2026,1451,910,2567.0,1311.48
INV_106492,WH_07,PROD_0086,02/05/2024,2369,1362,1114,2617.0,3442.1
INV_106493,WH_02,PROD_0123,03/12/2024,2818,1019,585,3252.0,3350.31
INV_106494,WH_10,PROD_0261,03/08/2024,3481,406,694,3193.0,3796.62
INV_106495,WH_02,PROD_0194,19/08/2024,1654,1359,870,2143.0,1745.69
INV_106496,WH_15,PROD_0251,21/09/2024,810,549,875,484.0,393.75
INV_106497,WH_02,PROD_0290,11/09/2024,3683,161,1278,2566.0,1821.72
INV_106498,WH_09,PROD_0155,17/04/2024,4929,473,391,5011.0,5933.65
INV_106499,WH_15,PROD_0293,13/04/2024,2086,417,1209,1294.0,1406.26
INV_106500,WH_13,PROD_0084,23/08/2024,2907,696,147,3456.0,3738.84
INV_106501,WH_01,PROD_0089,06/04/2024,623,817,715,725.0,678.88
INV_106502,WH_05,PROD_0168,23/08/2024,2710,1076,1063,2723.0,1607.73
INV_106503,WH_06,PROD_0259,13/03/2024,2512,1329,1305,2536.0,2984.94
INV_106504,WH_07,PROD_0121,07/01/2024,1384,403,1283,504.0,490.56
INV_106505,WH_06,PROD_0195,17/10/2024,1548,1230,113,2665.0,1719.95
INV_106506,WH_04,PROD_0189,27/05/2024,2454,339,177,2616.0,2219.98
INV_106507,WH_01,PROD_0208,09/07/2024,1436,362,485,1313.0,814.13
INV_106508,WH_04,PROD_0111,23/09/2024,1387,1153,281,2259.0,2476.5
INV_106509,WH_04,PROD_0226,15/06/2024,1909,1203,442,2670.0,3343.21
INV_106510,WH_04,PROD_0087,06/02/2024,2157,544,708,1993.0,1818.19
INV_106511,WH_06,PROD_0260,27/01/2024,2471,907,1418,1960.0,2233.15
INV_106512,WH_13,PROD_0143,09/12/2024,647,384,1046,-15.0,-8.63
INV_106513,WH_07,PROD_0055,16/09/2024,2550,1031,830,2751.0,1867.56
INV_106514,WH_05,PROD_0270,06/10/2024,3117,1111,535,3693.0,4714.45
INV_106515,WH_09,PROD_0061,15/03/2024,2792,802,1453,2141.0,2807.19
INV_106516,WH_01,PROD_0262,14/01/2024,740,760,1393,107.0,95.32
INV_106517,WH_10,PROD_0198,07/01/2024,971,206,385,792.0,563.28
INV_106518,WH_01,PROD_0005,07/08/2024,793,1247,1278,762.0,550.57
INV_106519,WH_05,PROD_0156,28/12/2024,2834,789,1172,2451.0,1640.49
INV_106520,WH_06,PROD_0190,01/07/2024,4900,445,492,4853.0,4274.25
INV_106521,WH_06,PROD_0261,29/05/2024,1805,676,732,,0.0
INV_106522,WH_08,PROD_0026,27/04/2024,4838,465,303,5000.0,5513.49
INV_106523,WH_03,PROD_0044,04/03/2024,714,452,664,502.0,559.62
INV_106524,WH_11,PROD_0015,17/05/2024,3896,225,158,3963.0,4221.93
INV_106525,WH_02,PROD_0178,03/02/2024,3624,572,959,3237.0,4179.87
INV_106526,WH_13,PROD_0155,18/07/2024,1207,1457,744,,0.0
INV_106527,WH_15,PROD_0120,03/06/2024,2282,1112,895,2499.0,2022.4
INV_106528,WH_10,PROD_0042,15/09/2024,2149,880,589,2440.0,3107.96
INV_106529,WH_10,PROD_0239,23/04/2024,3163,527,1046,2644.0,2718.78
INV_106530,WH_08,PROD_0078,13/08/2024,4549,1126,254,5421.0,6143.43
INV_106531,WH_07,PROD_0154,20/09/2024,1239,353,723,869.0,835.37
INV_106532,WH_11,PROD_0189,19/07/2024,2760,953,1010,2703.0,1613.06
INV_106533,WH_02,PROD_0064,16/04/2024,1745,1168,756,2157.0,2155.12
INV_106534,WH_02,PROD_0195,20/03/2024,2537,613,303,2847.0,2405.66
INV_106535,WH_13,PROD_0006,21/10/2024,2659,1478,1427,2710.0,3881.42
INV_106536,WH_13,PROD_0111,30/07/2024,4240,734,1180,3794.0,3414.62
INV_106537,WH_15,PROD_0184,29/12/2024,1950,878,862,1966.0,1602.13
INV_106538,WH_07,PROD_0300,10/12/2024,2151,362,212,2301.0,3424.81
INV_106539,WH_09,PROD_0213,31/08/2024,2627,798,826,2599.0,3779.01
INV_106540,WH_11,PROD_0208,13/03/2024,1567,606,1152,1021.0,1219.66
INV_106541,WH_03,PROD_0294,10/11/2024,2815,824,1427,2212.0,3010.02
INV_106542,WH_09,PROD_0191,13/06/2024,4517,191,249,4459.0,5413.19
INV_106543,WH_11,PROD_0069,19/12/2024,2081,1194,915,2360.0,2251.84
INV_106544,WH_10,PROD_0294,27/06/2024,2027,514,572,1969.0,1084.85
INV_106545,WH_03,PROD_0115,12/06/2024,4922,1345,1194,5073.0,3244.5
INV_106546,WH_10,PROD_0106,20/09/2024,594,615,1493,,0.0
INV_106547,WH_09,PROD_0164,15/10/2024,2921,895,980,2836.0,2964.62
INV_106548,WH_04,PROD_0220,30/12/2024,2323,693,192,2824.0,1513.77
INV_106549,WH_08,PROD_0122,20/07/2024,4139,396,884,3651.0,4828.4
INV_106550,WH_13,PROD_0100,10/09/2024,3339,1196,466,4069.0,4611.91
INV_106551,WH_08,PROD_0131,19/03/2024,3074,693,1103,2664.0,3316.85
INV_106552,WH_08,PROD_0238,30/09/2024,2887,447,445,2889.0,2420.35
INV_106553,WH_04,PROD_0293,19/12/2024,1343,376,389,1330.0,1941.95
INV_106554,WH_06,PROD_0046,12/02/2024,1613,861,325,2149.0,1617.07
INV_106555,WH_06,PROD_0055,05/09/2024,2834,578,183,,0.0
INV_106556,WH_03,PROD_0005,26/02/2024,2381,1385,744,3022.0,3843.13
INV_106557,WH_14,PROD_0239,13/09/2024,1609,527,1390,746.0,1054.09
INV_106558,WH_12,PROD_0185,13/03/2024,2921,1146,1357,2710.0,2825.34
INV_106559,WH_12,PROD_0126,27/06/2024,2020,1472,477,3015.0,3741.65
INV_106560,WH_05,PROD_0298,20/03/2024,645,720,132,1233.0,823.7
INV_106561,WH_02,PROD_0250,17/08/2024,3741,1438,1021,4158.0,5659.37
INV_106562,WH_03,PROD_0189,11/11/2024,1637,163,1320,480.0,621.31
INV_106563,WH_03,PROD_0128,19/11/2024,3608,821,342,4087.0,6081.02
INV_106564,WH_10,PROD_0247,09/07/2024,2102,1023,1376,1749.0,1064.61
INV_106565,WH_13,PROD_0273,15/01/2024,911,1001,1242,670.0,613.68
INV_106566,WH_13,PROD_0062,14/11/2024,2193,1329,661,2861.0,4149.91
INV_106567,WH_06,PROD_0111,03/03/2024,1540,900,246,2194.0,2256.74
INV_106568,WH_05,PROD_0200,17/03/2024,2447,1004,1168,2283.0,2270.79
INV_106569,WH_12,PROD_0070,23/03/2024,4001,338,530,3809.0,4354.48
INV_106570,WH_09,PROD_0158,18/09/2024,2565,123,117,2571.0,2325.77
INV_106571,WH_04,PROD_0235,12/01/2024,1097,798,1257,638.0,590.61
INV_106572,WH_15,PROD_0248,29/02/2024,2073,473,1318,1228.0,1827.46
INV_106573,WH_14,PROD_0208,03/02/2024,534,856,481,909.0,491.3
INV_106574,WH_04,PROD_0135,03/03/2024,4353,372,956,3769.0,2682.2
INV_106575,WH_11,PROD_0181,18/12/2024,2144,419,1098,1465.0,1762.57
INV_106576,WH_08,PROD_0246,01/03/2024,3809,928,1450,3287.0,2507.14
INV_106577,WH_11,PROD_0295,13/09/2024,4435,783,689,4529.0,5503.57
INV_106578,WH_12,PROD_0120,05/12/2024,2788,1428,914,3302.0,2422.47
INV_106579,WH_10,PROD_0181,23/04/2024,3989,528,195,4322.0,2307.11
INV_106580,WH_12,PROD_0059,14/06/2024,4004,1324,579,4749.0,6484.41
INV_106581,WH_05,PROD_0041,23/09/2024,2835,280,873,2242.0,3296.62
INV_106582,WH_11,PROD_0203,18/10/2024,3172,1260,1140,3292.0,3586.98
INV_106583,WH_13,PROD_0206,07/01/2024,2644,1184,1103,2725.0,2168.97
INV_106584,WH_11,PROD_0102,04/02/2024,610,1414,1223,801.0,698.2
INV_106585,WH_04,PROD_0255,24/07/2024,2294,202,1030,1466.0,1670.76
INV_106586,WH_06,PROD_0020,04/03/2024,4369,948,1200,4117.0,3820.84
INV_106587,WH_10,PROD_0281,08/09/2024,1191,1334,916,1609.0,903.72
INV_106588,WH_12,PROD_0128,30/09/2024,1817,1309,122,3004.0,2865.24
INV_106589,WH_05,PROD_0013,08/05/2024,2932,1087,493,3526.0,3436.22
INV_106590,WH_04,PROD_0062,18/09/2024,3536,1144,214,4466.0,5491.6
INV_106591,WH_11,PROD_0151,07/12/2024,777,581,452,906.0,669.3
INV_106592,WH_11,PROD_0255,11/04/2024,4210,1407,187,5430.0,3720.95
INV_106593,WH_07,PROD_0081,03/06/2024,1774,876,732,1918.0,2339.19
INV_106594,WH_02,PROD_0206,13/05/2024,2860,749,361,3248.0,2811.25
INV_106595,WH_12,PROD_0022,24/01/2024,1280,1261,422,2119.0,2924.45
INV_106596,WH_13,PROD_0004,16/11/2024,2263,1091,1072,2282.0,1812.74
INV_106597,WH_08,PROD_0216,17/12/2024,4322,723,604,4441.0,5579.48
INV_106598,WH_06,PROD_0249,14/12/2024,1686,911,1192,1405.0,2042.04
INV_106599,WH_15,PROD_0172,11/03/2024,1078,749,1307,520.0,773.72
INV_106600,WH_01,PROD_0259,16/05/2024,673,531,207,997.0,1106.4
INV_106601,WH_03,PROD_0076,22/05/2024,2719,671,799,2591.0,1608.99
INV_106602,WH_11,PROD_0018,21/06/2024,3008,562,1309,2261.0,1869.56
INV_106603,WH_05,PROD_0186,07/11/2024,1063,1084,1384,763.0,512.58
INV_106604,WH_10,PROD_0130,04/03/2024,1582,523,1403,702.0,733.3
INV_106605,WH_11,PROD_0058,07/02/2024,4715,727,980,4462.0,2367.76
INV_106606,WH_11,PROD_0037,02/06/2024,3640,1155,590,4205.0,6106.85
INV_106607,WH_04,PROD_0069,22/03/2024,1735,486,1063,1158.0,800.14
INV_106608,WH_03,PROD_0141,19/08/2024,756,1220,1431,545.0,361.02
INV_106609,WH_07,PROD_0051,30/08/2024,1458,660,851,1267.0,1488.38
INV_106610,WH_04,PROD_0102,08/10/2024,4365,1253,874,4744.0,6024.36
INV_106611,WH_03,PROD_0262,16/04/2024,816,1189,1170,835.0,474.87
INV_106612,WH_04,PROD_0202,25/10/2024,2478,940,939,2479.0,3076.66
INV_106613,WH_08,PROD_0291,25/10/2024,1991,1156,1087,2060.0,1787.62
INV_106614,WH_10,PROD_0115,23/02/2024,2113,1084,1230,1967.0,2162.16
INV_106615,WH_14,PROD_0029,06/07/2024,2184,720,423,2481.0,1301.13
INV_106616,WH_08,PROD_0210,07/03/2024,2802,978,214,3566.0,3410.02
INV_106617,WH_01,PROD_0094,23/05/2024,4545,883,864,4564.0,3318.73
INV_106618,WH_04,PROD_0079,25/02/2024,755,419,1376,-202.0,-163.54
INV_106619,WH_06,PROD_0007,15/11/2024,2082,508,1130,1460.0,1179.3
INV_106620,WH_11,PROD_0245,21/08/2024,2539,764,999,2304.0,2074.73
INV_106621,WH_10,PROD_0220,27/12/2024,2568,1079,296,3351.0,4422.26
INV_106622,WH_07,PROD_0003,30/08/2024,804,541,218,1127.0,1411.02
INV_106623,WH_12,PROD_0129,02/03/2024,2093,847,1348,1592.0,1488.79
INV_106624,WH_01,PROD_0086,28/08/2024,3294,655,442,3507.0,2659.63
INV_106625,WH_04,PROD_0296,01/09/2024,2540,333,133,2740.0,1479.8
INV_106626,WH_14,PROD_0272,09/01/2024,1304,1154,753,,0.0
INV_106627,WH_02,PROD_0186,09/09/2024,918,1167,296,1789.0,1239.64
INV_106628,WH_12,PROD_0270,21/02/2024,1562,802,829,1535.0,2098.85
INV_106629,WH_15,PROD_0199,04/11/2024,624,1307,528,1403.0,1600.92
INV_106630,WH_02,PROD_0270,28/06/2024,3781,1011,1149,3643.0,4545.31
INV_106631,WH_13,PROD_0211,27/03/2024,1038,916,1461,493.0,662.01
INV_106632,WH_14,PROD_0269,21/07/2024,2686,191,750,2127.0,2665.86
INV_106633,WH_08,PROD_0192,26/07/2024,4405,1009,723,4691.0,2355.51
INV_106634,WH_14,PROD_0018,24/02/2024,1419,537,967,989.0,866.09
INV_106635,WH_01,PROD_0087,23/02/2024,1450,936,375,2011.0,2537.25
INV_106636,WH_02,PROD_0021,28/10/2024,3030,1232,1441,2821.0,2020.55
INV_106637,WH_06,PROD_0173,24/09/2024,866,614,1047,433.0,242.78
INV_106638,WH_04,PROD_0257,23/06/2024,3822,228,341,3709.0,5189.18
INV_106639,WH_04,PROD_0285,26/02/2024,3008,889,1159,2738.0,1554.41
INV_106640,WH_06,PROD_0056,25/02/2024,507,108,859,-244.0,-135.95
INV_106641,WH_06,PROD_0269,26/08/2024,3371,886,976,3281.0,4429.33
INV_106642,WH_15,PROD_0124,08/01/2024,3384,1168,1186,3366.0,5045.24
INV_106643,WH_14,PROD_0253,20/03/2024,3847,403,202,4048.0,5666.49
INV_106644,WH_03,PROD_0023,11/06/2024,1890,1010,204,2696.0,3586.19
INV_106645,WH_04,PROD_0268,03/01/2024,3728,104,665,3167.0,2946.8
INV_106646,WH_12,PROD_0110,11/08/2024,1307,1246,312,2241.0,3029.68
INV_106647,WH_09,PROD_0279,21/07/2024,2147,256,394,2009.0,2044.34
INV_106648,WH_15,PROD_0122,26/06/2024,2330,280,993,1617.0,1951.73
INV_106649,WH_15,PROD_0188,18/10/2024,679,1371,1066,984.0,669.2
INV_106650,WH_10,PROD_0210,18/09/2024,2840,637,415,3062.0,3406.66
INV_106651,WH_03,PROD_0081,04/04/2024,3884,1462,1141,4205.0,5586.73
INV_106652,WH_10,PROD_0049,05/07/2024,2233,282,368,2147.0,2890.93
INV_106653,WH_05,PROD_0126,11/02/2024,3909,399,1324,2984.0,3595.63
INV_106654,WH_15,PROD_0267,02/05/2024,643,945,284,1304.0,1190.61
INV_106655,WH_03,PROD_0210,16/02/2024,4004,831,167,4668.0,5310.94
INV_106656,WH_04,PROD_0229,19/09/2024,1848,357,1190,1015.0,796.68
INV_106657,WH_12,PROD_0074,24/07/2024,3143,714,1143,2714.0,1896.73
INV_106658,WH_02,PROD_0256,13/11/2024,2972,977,1329,2620.0,3667.61
INV_106659,WH_05,PROD_0249,13/03/2024,918,1370,1328,960.0,1325.66
INV_106660,WH_02,PROD_0209,12/03/2024,748,1104,413,1439.0,953.83
INV_106661,WH_04,PROD_0128,22/08/2024,4418,1199,1160,4457.0,3516.74
INV_106662,WH_09,PROD_0193,09/09/2024,916,333,1342,-93.0,-51.72
INV_106663,WH_06,PROD_0221,03/12/2024,1673,1489,454,2708.0,3658.74
INV_106664,WH_01,PROD_0193,06/02/2024,1143,324,426,1041.0,848.99
INV_106665,WH_06,PROD_0274,09/12/2024,2575,1012,1436,2151.0,2061.63
INV_106666,WH_07,PROD_0238,25/08/2024,4357,855,494,4718.0,5608.55
INV_106667,WH_08,PROD_0135,01/10/2024,2824,243,295,2772.0,1607.98
INV_106668,WH_06,PROD_0191,30/01/2024,2118,570,1104,1584.0,1285.46
INV_106669,WH_15,PROD_0210,15/11/2024,1618,597,1039,1176.0,1463.04
INV_106670,WH_05,PROD_0002,16/01/2024,3113,1291,1138,3266.0,3587.12
INV_106671,WH_14,PROD_0231,30/06/2024,509,286,381,414.0,212.02
INV_106672,WH_15,PROD_0093,09/03/2024,3369,447,332,,0.0
INV_106673,WH_05,PROD_0292,18/08/2024,2800,1449,378,3871.0,3166.33
INV_106674,WH_14,PROD_0127,22/12/2024,4215,562,939,3838.0,4657.69
INV_106675,WH_09,PROD_0118,15/12/2024,4996,1272,1226,5042.0,7508.08
INV_106676,WH_05,PROD_0230,29/05/2024,4633,1068,213,5488.0,3238.1
INV_106677,WH_06,PROD_0025,28/10/2024,2733,1046,485,3294.0,3725.66
INV_106678,WH_14,PROD_0255,08/06/2024,3981,338,560,3759.0,3628.8
INV_106679,WH_03,PROD_0148,03/01/2024,2053,1020,182,2891.0,2476.88
INV_106680,WH_07,PROD_0176,16/11/2024,2415,320,834,1901.0,2831.21
INV_106681,WH_08,PROD_0217,13/04/2024,3860,705,301,4264.0,6021.1
INV_106682,WH_06,PROD_0175,04/08/2024,1554,1272,555,2271.0,2468.75
INV_106683,WH_15,PROD_0096,05/06/2024,3334,1181,1268,3247.0,4253.45
INV_106684,WH_03,PROD_0252,19/06/2024,1703,174,1371,506.0,704.56
INV_106685,WH_15,PROD_0121,09/05/2024,4832,409,784,4457.0,5690.56
INV_106686,WH_06,PROD_0011,11/02/2024,1321,879,514,1686.0,1766.24
INV_106687,WH_14,PROD_0030,10/07/2024,2093,970,131,2932.0,3377.19
INV_106688,WH_07,PROD_0290,06/12/2024,2424,781,1036,2169.0,1976.87
INV_106689,WH_06,PROD_0282,04/06/2024,4125,448,1088,3485.0,3495.77
INV_106690,WH_11,PROD_0296,01/09/2024,4587,953,277,5263.0,5896.41
INV_106691,WH_06,PROD_0161,04/10/2024,2927,524,448,3003.0,3145.54
INV_106692,WH_07,PROD_0030,19/04/2024,3046,122,738,2430.0,1924.48
INV_106693,WH_15,PROD_0043,03/09/2024,4727,516,1139,4104.0,3792.39
INV_106694,WH_12,PROD_0098,03/07/2024,1709,1098,1353,1454.0,878.91
INV_106695,WH_14,PROD_0238,11/12/2024,2719,287,505,2501.0,1442.62
INV_106696,WH_11,PROD_0164,20/12/2024,1104,283,1143,244.0,148.76
INV_106697,WH_05,PROD_0196,19/04/2024,3760,573,421,3912.0,4487.22
INV_106698,WH_06,PROD_0247,17/09/2024,1633,290,589,,0.0
INV_106699,WH_06,PROD_0275,23/08/2024,3824,477,1252,3049.0,3255.31
INV_106700,WH_06,PROD_0210,03/04/2024,1215,1362,571,2006.0,1198.2
INV_106701,WH_10,PROD_0065,30/06/2024,4446,785,1111,4120.0,6162.5
INV_106702,WH_06,PROD_0062,21/05/2024,3659,179,1388,2450.0,3060.09
INV_106703,WH_06,PROD_0290,06/08/2024,973,1189,1476,686.0,929.47
INV_106704,WH_14,PROD_0191,04/04/2024,4546,540,1369,3717.0,3304.17
INV_106705,WH_07,PROD_0299,28/09/2024,2853,520,280,3093.0,3870.97
INV_106706,WH_09,PROD_0131,26/05/2024,859,572,969,462.0,470.5
INV_106707,WH_14,PROD_0174,24/10/2024,2509,820,1250,2079.0,2109.67
INV_106708,WH_01,PROD_0295,25/09/2024,4360,344,366,4338.0,5851.05
INV_106709,WH_04,PROD_0124,30/12/2024,4670,287,601,4356.0,6456.37
INV_106710,WH_13,PROD_0022,07/08/2024,2675,1259,484,3450.0,1789.44
INV_106711,WH_05,PROD_0296,03/07/2024,539,1342,262,1619.0,1985.8
INV_106712,WH_02,PROD_0116,30/07/2024,3902,608,1143,3367.0,1960.36
INV_106713,WH_05,PROD_0063,02/06/2024,4958,1455,168,6245.0,8146.42
INV_106714,WH_07,PROD_0021,07/04/2024,1007,1084,1075,1016.0,1461.35
INV_106715,WH_02,PROD_0124,01/08/2024,2083,486,1070,1499.0,1457.83
INV_106716,WH_13,PROD_0091,02/03/2024,1451,771,143,2079.0,1626.22
INV_106717,WH_04,PROD_0289,19/06/2024,1163,103,996,270.0,262.59
INV_106718,WH_06,PROD_0267,17/06/2024,4193,661,1246,3608.0,3661.05
INV_106719,WH_04,PROD_0232,18/08/2024,3392,1345,1154,3583.0,2248.81
INV_106720,WH_13,PROD_0110,07/10/2024,2784,1269,146,3907.0,5847.35
INV_106721,WH_02,PROD_0084,06/06/2024,4938,1160,1330,4768.0,3014.44
INV_106722,WH_07,PROD_0088,02/10/2024,3923,784,836,3871.0,2097.96
INV_106723,WH_07,PROD_0246,08/06/2024,870,1276,1423,723.0,396.47
INV_106724,WH_11,PROD_0097,20/02/2024,2999,407,690,2716.0,3572.32
INV_106725,WH_06,PROD_0175,22/02/2024,2500,679,1029,2150.0,3190.33
INV_106726,WH_01,PROD_0013,17/09/2024,1266,450,353,,0.0
INV_106727,WH_11,PROD_0153,18/01/2024,4538,665,1400,3803.0,3616.59
INV_106728,WH_08,PROD_0208,09/07/2024,4364,900,369,4895.0,2989.83
INV_106729,WH_05,PROD_0242,08/07/2024,2891,1053,1135,2809.0,1660.87
INV_106730,WH_11,PROD_0079,20/06/2024,4118,1076,589,4605.0,2962.61
INV_106731,WH_02,PROD_0097,18/04/2024,4884,1300,333,5851.0,6598.55
INV_106732,WH_12,PROD_0201,16/05/2024,664,834,778,720.0,447.35
INV_106733,WH_04,PROD_0143,13/07/2024,1644,1005,601,2048.0,2128.27
INV_106734,WH_10,PROD_0084,19/10/2024,646,526,1450,-278.0,-368.4
INV_106735,WH_11,PROD_0040,02/01/2024,733,910,858,785.0,997.95
INV_106736,WH_06,PROD_0150,18/10/2024,4046,1316,1392,3970.0,2844.58
INV_106737,WH_12,PROD_0202,25/09/2024,1179,1089,678,1590.0,1803.43
INV_106738,WH_07,PROD_0134,30/01/2024,993,1380,762,1611.0,861.01
INV_106739,WH_01,PROD_0107,04/02/2024,3384,443,1334,2493.0,1373.04
INV_106740,WH_03,PROD_0167,14/12/2024,4030,743,248,4525.0,4314.44
INV_106741,WH_08,PROD_0209,23/06/2024,2247,970,1290,1927.0,2847.72
INV_106742,WH_01,PROD_0119,20/05/2024,1913,710,1475,1148.0,1494.93
INV_106743,WH_04,PROD_0205,13/09/2024,4474,544,1074,3944.0,2901.09
INV_106744,WH_03,PROD_0187,02/03/2024,4354,416,106,4664.0,2638.48
INV_106745,WH_01,PROD_0291,12/02/2024,1714,1183,1499,1398.0,714.07
INV_106746,WH_14,PROD_0038,30/09/2024,4250,416,1423,3243.0,3061.8
INV_106747,WH_12,PROD_0056,28/02/2024,3024,952,622,3354.0,3706.02
INV_106748,WH_13,PROD_0284,18/04/2024,4577,280,571,4286.0,3668.85
INV_106749,WH_08,PROD_0065,15/01/2024,4971,566,669,4868.0,6660.3
INV_106750,WH_03,PROD_0081,29/05/2024,514,179,1490,-797.0,-417.0
INV_106751,WH_15,PROD_0234,10/12/2024,1295,963,647,1611.0,2018.14
INV_106752,WH_01,PROD_0126,28/08/2024,3581,681,454,3808.0,2515.97
INV_106753,WH_10,PROD_0168,10/06/2024,1896,829,721,,0.0
INV_106754,WH_09,PROD_0230,24/09/2024,1421,1005,834,1592.0,1813.0
INV_106755,WH_10,PROD_0144,19/02/2024,4515,1274,1343,4446.0,2744.06
INV_106756,WH_03,PROD_0054,21/03/2024,3169,1219,1438,2950.0,1931.5
INV_106757,WH_10,PROD_0063,17/04/2024,4375,759,160,4974.0,6622.69
INV_106758,WH_11,PROD_0087,02/11/2024,3478,558,1342,2694.0,3263.4
INV_106759,WH_04,PROD_0228,28/11/2024,3054,705,1169,2590.0,2507.35
INV_106760,WH_02,PROD_0134,29/09/2024,4501,405,1464,3442.0,1977.2
INV_106761,WH_13,PROD_0101,18/05/2024,3641,556,1102,3095.0,3881.96
INV_106762,WH_15,PROD_0100,18/01/2024,2610,655,1181,,0.0
INV_106763,WH_14,PROD_0181,04/09/2024,779,686,1178,287.0,155.23
INV_106764,WH_03,PROD_0166,10/03/2024,2537,821,909,2449.0,2135.01
INV_106765,WH_07,PROD_0191,06/01/2024,1292,256,1142,406.0,562.18
INV_106766,WH_01,PROD_0249,22/05/2024,2416,1007,761,2662.0,1993.51
INV_106767,WH_07,PROD_0289,26/02/2024,1442,531,171,1802.0,1809.52
INV_106768,WH_09,PROD_0049,01/04/2024,1500,813,1374,939.0,998.07
INV_106769,WH_08,PROD_0293,26/06/2024,4677,1347,780,5244.0,5639.27
INV_106770,WH_07,PROD_0027,30/08/2024,4579,139,717,4001.0,3343.78
INV_106771,WH_13,PROD_0188,09/03/2024,3074,1220,204,4090.0,4197.61
INV_106772,WH_11,PROD_0219,03/01/2024,2489,281,296,2474.0,2746.12
INV_106773,WH_13,PROD_0272,10/06/2024,1048,906,358,1596.0,1929.26
INV_106774,WH_01,PROD_0232,25/05/2024,999,1414,188,2225.0,2581.29
INV_106775,WH_04,PROD_0071,09/09/2024,3256,718,946,3028.0,4049.84
INV_106776,WH_13,PROD_0179,01/09/2024,609,115,1372,-648.0,-555.59
INV_106777,WH_09,PROD_0178,18/07/2024,3728,1313,263,4778.0,3696.73
INV_106778,WH_06,PROD_0199,15/11/2024,2685,539,907,2317.0,1924.14
INV_106779,WH_01,PROD_0038,08/08/2024,890,1330,911,1309.0,872.1
INV_106780,WH_12,PROD_0106,13/08/2024,1133,1038,547,1624.0,2241.72
INV_106781,WH_10,PROD_0004,11/03/2024,2197,842,1350,1689.0,1488.46
INV_106782,WH_11,PROD_0208,16/11/2024,796,1194,493,1497.0,2186.68
INV_106783,WH_07,PROD_0225,20/01/2024,1558,1127,673,2012.0,2351.01
INV_106784,WH_12,PROD_0224,11/09/2024,981,1463,442,2002.0,2263.73
INV_106785,WH_03,PROD_0176,07/09/2024,1746,377,1397,726.0,690.16
INV_106786,WH_02,PROD_0214,29/06/2024,1831,957,848,1940.0,2344.85
INV_106787,WH_13,PROD_0155,04/06/2024,4253,792,211,,0.0
INV_106788,WH_14,PROD_0121,17/02/2024,1269,1369,286,2352.0,3020.63
INV_106789,WH_01,PROD_0088,24/10/2024,4252,751,1280,3723.0,3199.23
INV_106790,WH_07,PROD_0008,03/04/2024,2994,983,757,3220.0,4305.85
INV_106791,WH_11,PROD_0172,11/01/2024,2311,566,1496,1381.0,1377.93
INV_106792,WH_15,PROD_0187,05/01/2024,3247,1047,1380,2914.0,4274.68
INV_106793,WH_09,PROD_0266,27/03/2024,1660,839,768,1731.0,1737.56
INV_106794,WH_09,PROD_0259,31/12/2024,730,128,674,184.0,124.2
INV_106795,WH_03,PROD_0131,05/01/2024,1121,1114,906,1329.0,753.01
INV_106796,WH_03,PROD_0138,28/05/2024,3504,1070,1085,,0.0
INV_106797,WH_10,PROD_0216,26/08/2024,2754,1111,377,3488.0,2197.91
INV_106798,WH_01,PROD_0199,29/03/2024,2538,1028,1435,2131.0,2017.39
INV_106799,WH_14,PROD_0100,23/06/2024,579,656,963,,0.0
INV_106800,WH_14,PROD_0298,14/11/2024,4286,1098,838,4546.0,6655.82
INV_106801,WH_09,PROD_0168,21/01/2024,992,800,227,1565.0,2345.5
INV_106802,WH_01,PROD_0092,04/01/2024,3803,1376,324,4855.0,6748.2
INV_106803,WH_05,PROD_0241,26/06/2024,1516,1081,1165,1432.0,748.76
INV_106804,WH_11,PROD_0245,30/07/2024,2414,527,1435,1506.0,1143.4
INV_106805,WH_04,PROD_0015,01/08/2024,3366,1056,186,4236.0,6065.71
INV_106806,WH_08,PROD_0254,31/01/2024,4049,1177,622,4604.0,4936.32
INV_106807,WH_06,PROD_0203,02/12/2024,1448,973,460,1961.0,2454.08
INV_106808,WH_12,PROD_0133,20/08/2024,1985,1499,1051,2433.0,1624.53
INV_106809,WH_15,PROD_0020,25/09/2024,2150,428,930,1648.0,1301.78
INV_106810,WH_03,PROD_0013,21/06/2024,3148,823,654,3317.0,4848.46
INV_106811,WH_09,PROD_0231,02/01/2024,3644,1084,177,4551.0,6443.28
INV_106812,WH_15,PROD_0182,17/11/2024,4931,1154,422,5663.0,5556.24
INV_106813,WH_02,PROD_0165,31/07/2024,3674,656,702,,0.0
INV_106814,WH_14,PROD_0105,21/11/2024,3720,982,212,4490.0,4195.76
INV_106815,WH_03,PROD_0166,21/01/2024,1468,1086,1383,1171.0,1466.18
INV_106816,WH_11,PROD_0106,12/12/2024,4207,293,371,4129.0,5770.08
INV_106817,WH_08,PROD_0045,30/05/2024,4075,1410,1088,4397.0,3836.63
INV_106818,WH_10,PROD_0092,17/05/2024,761,344,261,844.0,835.21
INV_106819,WH_01,PROD_0237,12/11/2024,3939,1260,564,4635.0,2447.88
INV_106820,WH_12,PROD_0267,02/11/2024,4385,557,1260,3682.0,4861.13
INV_106821,WH_13,PROD_0227,16/12/2024,4402,1325,1469,4258.0,6237.03
INV_106822,WH_08,PROD_0086,22/07/2024,621,1240,1067,794.0,448.96
INV_106823,WH_10,PROD_0021,20/11/2024,2709,124,965,1868.0,2255.9
INV_106824,WH_08,PROD_0293,08/05/2024,3394,391,844,2941.0,2410.55
INV_106825,WH_07,PROD_0237,27/12/2024,2911,563,1074,2400.0,2943.52
INV_106826,WH_01,PROD_0136,28/09/2024,3970,591,306,4255.0,4537.16
INV_106827,WH_08,PROD_0128,30/04/2024,4068,1136,1115,4089.0,5507.42
INV_106828,WH_05,PROD_0144,11/02/2024,524,507,1032,-1.0,-1.31
INV_106829,WH_07,PROD_0246,10/06/2024,3944,344,327,3961.0,5903.84
INV_106830,WH_13,PROD_0142,08/04/2024,1664,278,1192,750.0,789.79
INV_106831,WH_05,PROD_0199,18/01/2024,2635,1309,1047,,0.0
INV_106832,WH_14,PROD_0192,10/12/2024,2274,859,551,2582.0,1748.43
INV_106833,WH_04,PROD_0029,15/01/2024,2707,1360,1117,2950.0,2210.39
INV_106834,WH_10,PROD_0070,02/12/2024,3767,604,1148,,0.0
INV_106835,WH_03,PROD_0222,15/01/2024,4475,950,239,,0.0
INV_106836,WH_14,PROD_0134,19/05/2024,2734,1342,1087,2989.0,4122.11
INV_106837,WH_08,PROD_0053,12/01/2024,3470,881,788,3563.0,3764.96
INV_106838,WH_05,PROD_0123,11/06/2024,2777,1458,1485,2750.0,4034.85
INV_106839,WH_07,PROD_0141,13/06/2024,3201,1126,855,3472.0,2234.51
INV_106840,WH_14,PROD_0039,27/01/2024,4650,1132,401,5381.0,5665.62
INV_106841,WH_02,PROD_0213,15/07/2024,3184,485,1285,2384.0,3319.54
INV_106842,WH_09,PROD_0069,02/04/2024,1095,228,321,,0.0
INV_106843,WH_07,PROD_0263,26/01/2024,4596,975,814,4757.0,2725.81
INV_106844,WH_14,PROD_0054,02/02/2024,2429,1305,282,3452.0,2143.13
INV_106845,WH_07,PROD_0065,30/07/2024,1478,1019,775,1722.0,1219.9
INV_106846,WH_09,PROD_0229,22/06/2024,4224,127,469,3882.0,4041.33
INV_106847,WH_15,PROD_0298,24/11/2024,3541,1062,883,3720.0,2424.09
INV_106848,WH_01,PROD_0026,27/02/2024,1449,1232,791,1890.0,2015.61
INV_106849,WH_14,PROD_0284,12/05/2024,4267,278,287,4258.0,2513.25
INV_106850,WH_12,PROD_0252,07/04/2024,2731,274,1027,1978.0,2086.83
INV_106851,WH_07,PROD_0016,05/12/2024,1967,1364,460,2871.0,2421.55
INV_106852,WH_14,PROD_0076,04/11/2024,1444,137,1293,288.0,175.47
INV_106853,WH_05,PROD_0167,01/01/2024,1824,565,968,1421.0,1254.8
INV_106854,WH_02,PROD_0024,18/07/2024,1883,773,1392,1264.0,1180.13
INV_106855,WH_03,PROD_0278,25/03/2024,1220,1033,221,,0.0
INV_106856,WH_08,PROD_0235,25/03/2024,1469,1431,1356,1544.0,1963.24
INV_106857,WH_12,PROD_0107,03/08/2024,3030,753,152,3631.0,4309.28
INV_106858,WH_04,PROD_0166,25/03/2024,4916,1342,1153,5105.0,5461.81
INV_106859,WH_13,PROD_0113,13/06/2024,4581,603,347,4837.0,5405.62
INV_106860,WH_12,PROD_0287,27/06/2024,4574,487,739,4322.0,4523.85
INV_106861,WH_12,PROD_0247,26/08/2024,524,318,1307,-465.0,-496.39
INV_106862,WH_09,PROD_0030,18/11/2024,1936,1203,1369,1770.0,2624.05
INV_106863,WH_15,PROD_0125,06/03/2024,2275,182,1132,1325.0,1330.51
INV_106864,WH_09,PROD_0100,01/08/2024,2975,378,243,3110.0,4136.2
INV_106865,WH_15,PROD_0229,21/06/2024,2350,1296,787,2859.0,4284.11
INV_106866,WH_03,PROD_0065,31/05/2024,3659,490,1410,,0.0
INV_106867,WH_08,PROD_0081,01/10/2024,2613,1020,284,3349.0,3118.11
INV_106868,WH_11,PROD_0138,13/02/2024,3433,311,680,3064.0,1640.65
INV_106869,WH_15,PROD_0279,11/10/2024,4966,589,947,4608.0,2703.77
INV_106870,WH_12,PROD_0247,05/11/2024,3607,1111,176,,0.0
INV_106871,WH_10,PROD_0150,28/05/2024,2814,246,808,2252.0,1954.36
INV_106872,WH_07,PROD_0055,01/01/2024,4252,222,236,4238.0,4719.42
INV_106873,WH_02,PROD_0273,26/04/2024,3089,832,272,3649.0,3659.92
INV_106874,WH_09,PROD_0162,30/06/2024,532,184,885,-169.0,-122.42
INV_106875,WH_10,PROD_0239,11/09/2024,611,1138,533,1216.0,993.5
INV_106876,WH_07,PROD_0286,06/06/2024,4117,1293,564,4846.0,4917.51
INV_106877,WH_03,PROD_0216,19/06/2024,2348,698,800,2246.0,2750.74
INV_106878,WH_10,PROD_0094,19/11/2024,1619,611,687,1543.0,1338.13
INV_106879,WH_02,PROD_0244,12/06/2024,3026,619,1357,2288.0,1233.19
INV_106880,WH_03,PROD_0112,16/01/2024,2041,315,389,1967.0,2212.59
INV_106881,WH_14,PROD_0132,30/03/2024,3663,202,907,2958.0,3897.06
INV_106882,WH_06,PROD_0055,06/07/2024,1074,1284,358,2000.0,2584.01
INV_106883,WH_03,PROD_0270,22/02/2024,3256,1438,1196,3498.0,4764.79
INV_106884,WH_03,PROD_0003,15/07/2024,3475,812,1076,3211.0,3636.94
INV_106885,WH_04,PROD_0261,18/07/2024,4947,224,1075,4096.0,2630.49
INV_106886,WH_03,PROD_0265,03/07/2024,3068,448,627,2889.0,1652.89
INV_106887,WH_12,PROD_0136,23/01/2024,1757,1276,1458,1575.0,887.2
INV_106888,WH_02,PROD_0149,04/06/2024,1252,1496,692,2056.0,2438.92
INV_106889,WH_01,PROD_0033,24/11/2024,2686,467,770,2383.0,3275.03
INV_106890,WH_10,PROD_0235,30/09/2024,1525,1283,872,1936.0,1095.68
INV_106891,WH_11,PROD_0248,03/05/2024,2526,593,467,2652.0,3007.34
INV_106892,WH_10,PROD_0130,31/01/2024,954,152,346,760.0,461.01
INV_106893,WH_04,PROD_0180,22/04/2024,2637,910,1174,2373.0,2154.18
INV_106894,WH_13,PROD_0124,21/03/2024,4715,1239,1219,4735.0,2500.27
INV_106895,WH_12,PROD_0291,03/04/2024,1622,947,1135,1434.0,1328.44
INV_106896,WH_10,PROD_0187,02/08/2024,1423,585,194,1814.0,1456.09
INV_106897,WH_02,PROD_0228,01/07/2024,4501,785,979,4307.0,2689.1
INV_106898,WH_03,PROD_0002,04/06/2024,1864,1198,374,2688.0,1585.37
INV_106899,WH_11,PROD_0175,30/07/2024,4755,1445,286,5914.0,7952.96
INV_106900,WH_05,PROD_0225,05/08/2024,973,1370,295,2048.0,1917.41
INV_106901,WH_14,PROD_0201,20/03/2024,1347,438,1246,539.0,412.31
INV_106902,WH_15,PROD_0202,20/11/2024,4871,401,465,4807.0,5016.21
INV_106903,WH_11,PROD_0220,28/07/2024,1980,800,528,2252.0,1952.07
INV_106904,WH_05,PROD_0147,02/12/2024,954,651,1149,456.0,474.94
INV_106905,WH_06,PROD_0154,09/01/2024,3079,546,720,2905.0,2735.14
INV_106906,WH_02,PROD_0035,12/09/2024,2277,363,213,2427.0,2154.06
INV_106907,WH_13,PROD_0029,17/09/2024,1891,499,476,1914.0,2267.77
INV_106908,WH_06,PROD_0262,30/09/2024,4896,177,1112,3961.0,5825.72
INV_106909,WH_10,PROD_0243,11/08/2024,3448,1107,1444,3111.0,3828.27
INV_106910,WH_01,PROD_0146,22/07/2024,948,786,386,,0.0
INV_106911,WH_09,PROD_0142,27/03/2024,4513,985,874,4624.0,5400.47
INV_106912,WH_02,PROD_0126,28/02/2024,3524,273,1196,2601.0,2613.52
INV_106913,WH_04,PROD_0110,19/12/2024,2700,320,1034,1986.0,2633.65
INV_106914,WH_02,PROD_0175,06/06/2024,638,923,961,600.0,303.44
INV_106915,WH_09,PROD_0042,04/06/2024,2371,348,1235,1484.0,1519.85
INV_106916,WH_02,PROD_0084,03/10/2024,2974,1063,126,3911.0,4921.85
INV_106917,WH_09,PROD_0046,26/03/2024,4101,1148,1080,4169.0,4391.73
INV_106918,WH_11,PROD_0240,16/08/2024,1065,550,1123,492.0,291.91
INV_106919,WH_02,PROD_0016,27/06/2024,3178,631,308,3501.0,3894.33
INV_106920,WH_03,PROD_0041,14/12/2024,3641,1028,1439,3230.0,2208.7
INV_106921,WH_03,PROD_0112,20/06/2024,2261,1380,953,2688.0,1819.27
INV_106922,WH_02,PROD_0080,23/12/2024,3877,1063,674,4266.0,3040.87
INV_106923,WH_12,PROD_0263,24/08/2024,4338,1249,583,5004.0,4589.08
INV_106924,WH_08,PROD_0167,02/07/2024,956,1344,465,1835.0,1980.01
INV_106925,WH_15,PROD_0209,19/11/2024,2750,928,1093,2585.0,2428.72
INV_106926,WH_08,PROD_0017,10/09/2024,4289,182,1250,3221.0,2430.55
INV_106927,WH_06,PROD_0143,04/07/2024,535,1074,1067,542.0,368.69
INV_106928,WH_06,PROD_0257,23/12/2024,1225,1148,1374,,0.0
INV_106929,WH_04,PROD_0129,05/03/2024,4916,309,997,4228.0,3148.39
INV_106930,WH_15,PROD_0134,31/03/2024,3018,696,849,2865.0,4075.86
INV_106931,WH_01,PROD_0184,26/03/2024,4410,251,1352,3309.0,3457.78
INV_106932,WH_10,PROD_0062,21/02/2024,1564,828,242,2150.0,2583.85
INV_106933,WH_08,PROD_0027,21/11/2024,4078,248,1496,2830.0,3981.66
INV_106934,WH_05,PROD_0003,24/12/2024,3766,809,522,4053.0,2611.43
INV_106935,WH_14,PROD_0187,20/12/2024,2979,369,240,3108.0,2622.47
INV_106936,WH_13,PROD_0260,09/03/2024,3288,476,448,3316.0,3353.24
INV_106937,WH_09,PROD_0077,18/09/2024,652,114,495,271.0,280.21
INV_106938,WH_04,PROD_0205,06/07/2024,3377,282,595,3064.0,4017.28
INV_106939,WH_08,PROD_0224,18/09/2024,2230,1079,935,2374.0,2732.64
INV_106940,WH_07,PROD_0039,04/05/2024,4437,459,498,4398.0,2916.69
INV_106941,WH_01,PROD_0271,07/11/2024,3345,162,354,3153.0,3241.85
INV_106942,WH_10,PROD_0242,08/02/2024,3587,1388,430,4545.0,4679.55
INV_106943,WH_12,PROD_0076,15/10/2024,2539,1392,1153,2778.0,2899.41
INV_106944,WH_04,PROD_0100,11/12/2024,4210,653,571,4292.0,6020.91
INV_106945,WH_06,PROD_0095,23/01/2024,4315,125,102,4338.0,3273.46
INV_106946,WH_07,PROD_0126,21/12/2024,4345,1022,1058,4309.0,2523.78
INV_106947,WH_04,PROD_0269,19/07/2024,1697,1145,835,2007.0,2629.7
INV_106948,WH_12,PROD_0130,15/10/2024,2817,564,299,3082.0,1550.75
INV_106949,WH_08,PROD_0262,17/03/2024,2177,957,597,2537.0,1837.14
INV_106950,WH_15,PROD_0198,17/11/2024,2203,477,1243,1437.0,1667.98
INV_106951,WH_06,PROD_0081,09/06/2024,1632,1004,1205,1431.0,1332.32
INV_106952,WH_13,PROD_0241,05/06/2024,1850,842,1073,1619.0,2083.67
INV_106953,WH_14,PROD_0127,26/10/2024,1118,795,1301,612.0,311.31
INV_106954,WH_02,PROD_0006,27/07/2024,3545,419,140,3824.0,4317.68
INV_106955,WH_11,PROD_0099,05/08/2024,2224,766,734,2256.0,1632.47
INV_106956,WH_10,PROD_0029,13/09/2024,3795,1429,257,4967.0,3552.64
INV_106957,WH_07,PROD_0004,21/09/2024,4095,581,235,4441.0,3563.44
INV_106958,WH_10,PROD_0272,28/09/2024,826,607,623,810.0,740.21
INV_106959,WH_10,PROD_0293,23/06/2024,3842,663,713,3792.0,4843.78
INV_106960,WH_01,PROD_0187,01/11/2024,4828,494,672,4650.0,4460.87
INV_106961,WH_14,PROD_0032,02/11/2024,4323,1283,145,5461.0,7934.46
INV_106962,WH_13,PROD_0285,18/05/2024,2410,511,724,2197.0,1377.19
INV_106963,WH_10,PROD_0165,14/08/2024,4181,444,161,4464.0,2233.11
INV_106964,WH_12,PROD_0057,28/07/2024,1335,264,250,1349.0,1750.79
INV_106965,WH_06,PROD_0199,02/05/2024,2654,182,1393,1443.0,1917.53
INV_106966,WH_11,PROD_0211,23/11/2024,4646,274,985,3935.0,2821.49
INV_106967,WH_10,PROD_0258,28/09/2024,1804,806,884,1726.0,1299.04
INV_106968,WH_15,PROD_0008,09/09/2024,4533,1344,1207,4670.0,4369.98
INV_106969,WH_07,PROD_0083,04/03/2024,3289,1250,1377,3162.0,2970.83
INV_106970,WH_03,PROD_0249,15/01/2024,4785,329,1372,3742.0,4517.66
INV_106971,WH_10,PROD_0252,03/02/2024,3665,914,980,3599.0,2404.09
INV_106972,WH_13,PROD_0063,11/11/2024,3903,637,869,3671.0,5447.73
INV_106973,WH_10,PROD_0213,05/01/2024,4100,1073,1062,4111.0,5424.95
INV_106974,WH_15,PROD_0183,05/09/2024,4890,272,719,4443.0,2991.51
INV_106975,WH_03,PROD_0171,26/09/2024,2148,1300,1096,2352.0,2247.9
INV_106976,WH_03,PROD_0133,07/09/2024,4483,214,1383,3314.0,3026.91
INV_106977,WH_09,PROD_0059,22/01/2024,4203,1302,511,4994.0,6234.87
INV_106978,WH_05,PROD_0293,14/07/2024,4142,534,325,4351.0,5552.83
INV_106979,WH_12,PROD_0024,07/11/2024,3684,972,1427,3229.0,2306.81
INV_106980,WH_01,PROD_0063,28/05/2024,2712,1268,625,3355.0,4923.61
INV_106981,WH_04,PROD_0192,07/09/2024,4149,1284,388,5045.0,5814.54
INV_106982,WH_04,PROD_0044,21/07/2024,4541,954,557,4938.0,6470.64
INV_106983,WH_07,PROD_0241,03/03/2024,2802,317,1324,,0.0
INV_106984,WH_04,PROD_0191,25/06/2024,874,364,1295,-57.0,-40.09
INV_106985,WH_04,PROD_0038,15/12/2024,2012,779,352,2439.0,3152.84
INV_106986,WH_06,PROD_0026,04/11/2024,3941,840,178,4603.0,2438.32
INV_106987,WH_03,PROD_0290,14/07/2024,820,983,1152,651.0,955.84
INV_106988,WH_06,PROD_0047,30/12/2024,3991,323,1327,2987.0,1909.56
INV_106989,WH_01,PROD_0264,05/12/2024,1325,154,121,1358.0,1814.92
INV_106990,WH_13,PROD_0072,04/11/2024,4593,403,223,4773.0,5349.58
INV_106991,WH_07,PROD_0296,14/10/2024,2368,552,345,2575.0,3838.91
INV_106992,WH_06,PROD_0139,21/02/2024,2679,876,150,3405.0,4163.77
INV_106993,WH_13,PROD_0285,05/11/2024,4669,635,1294,4010.0,3144.18
INV_106994,WH_10,PROD_0009,29/03/2024,4917,573,822,4668.0,3402.11
INV_106995,WH_02,PROD_0074,13/07/2024,3105,865,636,3334.0,1793.62
INV_106996,WH_11,PROD_0171,03/12/2024,885,1040,148,1777.0,1941.97
INV_106997,WH_04,PROD_0150,14/05/2024,505,1347,262,1590.0,2107.49
INV_106998,WH_04,PROD_0127,07/04/2024,2793,1382,414,3761.0,3892.84
INV_106999,WH_06,PROD_0271,07/08/2024,2520,405,1000,1925.0,1680.83
INV_107000,WH_09,PROD_0249,14/08/2024,1131,1218,1427,922.0,712.01
INV_107001,WH_02,PROD_0055,16/04/2024,3854,200,220,3834.0,5038.38
INV_107002,WH_09,PROD_0279,25/04/2024,3320,713,1398,2635.0,3475.91
INV_107003,WH_05,PROD_0294,04/09/2024,3478,666,800,3344.0,2782.28
INV_107004,WH_13,PROD_0229,08/03/2024,4534,1085,947,4672.0,6030.34
INV_107005,WH_12,PROD_0216,08/09/2024,2607,1315,559,3363.0,3772.19
INV_107006,WH_13,PROD_0119,26/09/2024,4092,343,717,3718.0,3288.58
INV_107007,WH_03,PROD_0105,29/05/2024,1455,455,747,1163.0,1182.33
INV_107008,WH_04,PROD_0260,04/02/2024,4018,255,726,3547.0,2716.59
INV_107009,WH_13,PROD_0160,11/11/2024,1360,1013,440,1933.0,1524.93
INV_107010,WH_01,PROD_0269,29/06/2024,1662,489,1294,857.0,809.32
INV_107011,WH_12,PROD_0139,13/09/2024,1656,772,1112,1316.0,1845.47
INV_107012,WH_09,PROD_0194,12/12/2024,1766,391,1127,1030.0,1169.27
INV_107013,WH_02,PROD_0075,31/12/2024,4839,406,386,4859.0,6934.37
INV_107014,WH_11,PROD_0175,20/12/2024,2754,399,1329,1824.0,1899.96
INV_107015,WH_04,PROD_0160,03/08/2024,4855,308,784,4379.0,3958.95
INV_107016,WH_05,PROD_0242,16/06/2024,4910,607,288,5229.0,5128.75
INV_107017,WH_06,PROD_0039,15/04/2024,4436,1138,1470,4104.0,5858.23
INV_107018,WH_09,PROD_0157,10/01/2024,1059,552,1285,326.0,257.86
INV_107019,WH_08,PROD_0241,22/02/2024,1482,245,1261,466.0,411.09
INV_107020,WH_03,PROD_0060,12/03/2024,955,154,957,152.0,79.32
INV_107021,WH_01,PROD_0197,23/01/2024,1528,612,178,1962.0,1113.88
INV_107022,WH_03,PROD_0242,27/01/2024,3591,759,961,3389.0,4824.48
INV_107023,WH_15,PROD_0173,06/06/2024,4722,686,310,5098.0,7521.24
INV_107024,WH_04,PROD_0293,30/10/2024,4814,1289,1150,4953.0,5838.44
INV_107025,WH_13,PROD_0282,19/05/2024,1958,650,821,1787.0,914.06
INV_107026,WH_15,PROD_0149,03/06/2024,722,670,939,453.0,542.18
INV_107027,WH_11,PROD_0163,18/07/2024,3092,1459,1491,3060.0,4120.26
INV_107028,WH_07,PROD_0216,06/09/2024,1364,891,1244,1011.0,523.55
INV_107029,WH_04,PROD_0007,12/06/2024,1613,1189,1170,1632.0,862.45
INV_107030,WH_14,PROD_0024,30/06/2024,4081,525,906,3700.0,4471.05
INV_107031,WH_15,PROD_0074,09/09/2024,4614,953,749,4818.0,4249.11
INV_107032,WH_12,PROD_0037,05/02/2024,582,1132,355,1359.0,1108.87
INV_107033,WH_05,PROD_0297,13/08/2024,609,1123,587,1145.0,1540.91
INV_107034,WH_06,PROD_0067,18/11/2024,3019,795,211,3603.0,4744.6
INV_107035,WH_03,PROD_0014,16/04/2024,3605,756,1149,3212.0,2299.33
INV_107036,WH_08,PROD_0192,13/10/2024,1582,926,1191,1317.0,1017.72
INV_107037,WH_01,PROD_0126,17/06/2024,4145,182,656,3671.0,4661.84
INV_107038,WH_10,PROD_0231,02/09/2024,1999,1371,748,2622.0,2012.48
INV_107039,WH_14,PROD_0283,07/07/2024,3245,1101,150,4196.0,2964.29
INV_107040,WH_15,PROD_0186,26/11/2024,808,340,1192,-44.0,-49.94
INV_107041,WH_10,PROD_0192,25/10/2024,3105,1208,939,3374.0,3408.07
INV_107042,WH_10,PROD_0283,16/07/2024,4489,449,531,,0.0
INV_107043,WH_11,PROD_0212,13/11/2024,4466,943,1148,4261.0,2647.11
INV_107044,WH_13,PROD_0198,02/07/2024,1752,1075,667,2160.0,2754.11
INV_107045,WH_15,PROD_0036,25/05/2024,2286,608,510,2384.0,1978.96
INV_107046,WH_13,PROD_0126,02/09/2024,2134,1434,287,3281.0,4144.96
INV_107047,WH_09,PROD_0130,03/01/2024,3005,690,483,3212.0,2086.86
INV_107048,WH_13,PROD_0200,10/05/2024,4633,936,1223,4346.0,4622.86
INV_107049,WH_02,PROD_0253,21/06/2024,3726,942,134,4534.0,2893.5
INV_107050,WH_08,PROD_0235,18/12/2024,2408,1474,681,3201.0,2369.2
INV_107051,WH_13,PROD_0065,16/06/2024,4408,1259,394,5273.0,3065.85
INV_107052,WH_05,PROD_0190,07/11/2024,1844,1192,849,2187.0,2823.09
INV_107053,WH_15,PROD_0073,26/12/2024,3363,439,249,3553.0,4807.98
INV_107054,WH_03,PROD_0107,18/02/2024,1954,294,1410,838.0,1256.74
INV_107055,WH_10,PROD_0221,24/10/2024,3167,1370,697,3840.0,4342.61
INV_107056,WH_03,PROD_0025,17/11/2024,2441,216,125,2532.0,2740.84
INV_107057,WH_01,PROD_0020,11/01/2024,4497,1319,640,5176.0,5145.82
INV_107058,WH_05,PROD_0151,05/05/2024,2148,117,1265,1000.0,1338.48
INV_107059,WH_11,PROD_0168,19/09/2024,4059,497,435,4121.0,2491.95
INV_107060,WH_14,PROD_0109,20/03/2024,4388,165,1231,3322.0,3380.35
INV_107061,WH_02,PROD_0029,26/10/2024,3248,1017,325,3940.0,5254.62
INV_107062,WH_14,PROD_0271,06/07/2024,2093,686,455,2324.0,1375.01
INV_107063,WH_15,PROD_0198,03/11/2024,3952,1380,277,5055.0,5466.24
INV_107064,WH_08,PROD_0220,20/10/2024,4397,590,472,4515.0,4074.2
INV_107065,WH_06,PROD_0099,27/05/2024,2297,500,1009,1788.0,966.01
INV_107066,WH_09,PROD_0145,26/09/2024,3681,1227,348,4560.0,2818.48
INV_107067,WH_13,PROD_0066,20/06/2024,2447,231,852,1826.0,1212.7
INV_107068,WH_10,PROD_0097,08/12/2024,4432,1497,844,5085.0,5511.8
INV_107069,WH_13,PROD_0033,10/03/2024,1270,201,396,1075.0,643.96
INV_107070,WH_01,PROD_0151,12/09/2024,2084,1418,1068,2434.0,2421.38
INV_107071,WH_07,PROD_0183,04/08/2024,1075,134,1289,-80.0,-78.34
INV_107072,WH_13,PROD_0226,26/06/2024,1817,512,1500,829.0,668.2
INV_107073,WH_03,PROD_0148,17/05/2024,3752,377,322,3807.0,5611.78
INV_107074,WH_05,PROD_0024,21/05/2024,2420,766,1300,,0.0
INV_107075,WH_14,PROD_0113,03/11/2024,4886,1380,207,6059.0,8144.54
INV_107076,WH_13,PROD_0027,05/01/2024,3608,1332,660,4280.0,3580.56
INV_107077,WH_15,PROD_0207,11/02/2024,4097,1140,1117,4120.0,5248.54
INV_107078,WH_02,PROD_0194,12/06/2024,2951,1297,1480,2768.0,1588.45
INV_107079,WH_06,PROD_0184,30/04/2024,2097,231,244,2084.0,1149.15
INV_107080,WH_01,PROD_0148,17/01/2024,2983,885,1251,2617.0,3057.21
INV_107081,WH_02,PROD_0079,28/01/2024,2693,378,618,2453.0,3074.27
INV_107082,WH_06,PROD_0018,14/04/2024,4392,1395,1177,4610.0,3674.05
INV_107083,WH_06,PROD_0181,11/02/2024,2940,766,500,3206.0,4075.4
INV_107084,WH_06,PROD_0050,28/06/2024,3842,748,787,3803.0,3236.72
INV_107085,WH_07,PROD_0261,26/06/2024,4148,1016,1018,4146.0,4906.02
INV_107086,WH_05,PROD_0284,24/12/2024,649,781,1129,301.0,328.38
INV_107087,WH_15,PROD_0151,05/08/2024,1020,646,441,1225.0,1799.24
INV_107088,WH_12,PROD_0285,20/01/2024,3095,354,331,3118.0,3679.81
INV_107089,WH_14,PROD_0156,23/06/2024,4295,370,812,3853.0,5168.43
INV_107090,WH_04,PROD_0183,15/11/2024,4942,1085,1411,4616.0,2620.66
INV_107091,WH_01,PROD_0009,30/01/2024,1238,642,1431,449.0,311.22
INV_107092,WH_09,PROD_0114,31/12/2024,1975,1112,347,2740.0,2664.2
INV_107093,WH_11,PROD_0092,02/02/2024,1102,630,219,1513.0,883.76
INV_107094,WH_10,PROD_0012,21/06/2024,1885,985,862,2008.0,1938.26
INV_107095,WH_10,PROD_0045,08/09/2024,3586,122,1026,2682.0,1771.39
INV_107096,WH_08,PROD_0080,05/06/2024,4166,1100,320,4946.0,3394.71
INV_107097,WH_06,PROD_0226,01/11/2024,1191,1285,418,2058.0,1555.35
INV_107098,WH_14,PROD_0049,14/04/2024,613,875,131,1357.0,1822.55
INV_107099,WH_02,PROD_0099,30/12/2024,4950,604,1054,4500.0,5692.84
INV_107100,WH_14,PROD_0237,28/11/2024,4150,1176,850,4476.0,2357.3
INV_107101,WH_09,PROD_0240,08/06/2024,3846,1382,1383,3845.0,3285.12
INV_107102,WH_11,PROD_0155,06/03/2024,1086,210,1059,237.0,293.73
INV_107103,WH_07,PROD_0220,01/09/2024,4085,1091,1268,3908.0,2550.31
INV_107104,WH_04,PROD_0070,09/01/2024,2332,475,897,1910.0,2422.09
INV_107105,WH_05,PROD_0228,07/07/2024,1886,1016,1103,1799.0,1867.81
INV_107106,WH_08,PROD_0219,15/02/2024,1297,443,961,779.0,763.43
INV_107107,WH_07,PROD_0242,03/06/2024,1180,191,903,468.0,491.03
INV_107108,WH_02,PROD_0117,25/06/2024,2684,820,149,,0.0
INV_107109,WH_13,PROD_0235,11/05/2024,3963,1221,165,5019.0,6226.31
INV_107110,WH_07,PROD_0286,10/01/2024,1097,245,171,1171.0,1396.27
INV_107111,WH_03,PROD_0251,25/07/2024,4954,879,1241,4592.0,2710.8
INV_107112,WH_14,PROD_0113,14/06/2024,3222,1003,693,3532.0,3255.83
INV_107113,WH_11,PROD_0023,07/01/2024,3036,289,1403,1922.0,2310.2
INV_107114,WH_05,PROD_0176,01/02/2024,1856,324,185,1995.0,1785.05
INV_107115,WH_14,PROD_0066,23/08/2024,4408,623,785,4246.0,3303.42
INV_107116,WH_12,PROD_0094,28/08/2024,2778,840,1076,2542.0,2163.3
INV_107117,WH_03,PROD_0150,27/02/2024,4773,1473,441,5805.0,3022.34
INV_107118,WH_13,PROD_0168,28/11/2024,917,1466,917,1466.0,1949.23
INV_107119,WH_13,PROD_0248,27/04/2024,2928,726,1144,2510.0,3228.41
INV_107120,WH_13,PROD_0076,13/10/2024,1509,100,835,774.0,1087.93
INV_107121,WH_15,PROD_0255,04/08/2024,4314,710,1048,3976.0,4875.34
INV_107122,WH_13,PROD_0045,29/11/2024,2962,297,1054,,0.0
INV_107123,WH_05,PROD_0181,11/06/2024,3264,779,642,3401.0,4123.21
INV_107124,WH_04,PROD_0202,29/10/2024,3237,1391,508,4120.0,5960.47
INV_107125,WH_09,PROD_0149,31/08/2024,2066,1457,624,2899.0,3998.35
INV_107126,WH_09,PROD_0140,02/10/2024,3874,941,517,4298.0,3635.36
INV_107127,WH_05,PROD_0013,17/08/2024,4077,534,1197,3414.0,5033.0
INV_107128,WH_07,PROD_0291,03/07/2024,769,1014,1390,393.0,260.82
INV_107129,WH_12,PROD_0053,06/05/2024,2730,395,724,2401.0,1468.68
INV_107130,WH_10,PROD_0281,07/05/2024,1048,1398,825,1621.0,1438.21
INV_107131,WH_06,PROD_0191,27/01/2024,3295,138,946,2487.0,1753.06
INV_107132,WH_10,PROD_0131,23/09/2024,2438,676,933,2181.0,1346.39
INV_107133,WH_07,PROD_0255,25/09/2024,2191,1495,745,2941.0,3730.05
INV_107134,WH_01,PROD_0071,26/10/2024,802,117,408,,0.0
INV_107135,WH_03,PROD_0299,17/12/2024,1267,762,1200,829.0,1151.17
INV_107136,WH_01,PROD_0031,12/10/2024,2378,1108,728,2758.0,3551.68
INV_107137,WH_14,PROD_0255,15/03/2024,1261,814,313,1762.0,1530.74
INV_107138,WH_08,PROD_0106,01/05/2024,3353,587,692,3248.0,3428.22
INV_107139,WH_01,PROD_0164,16/09/2024,2807,759,799,2767.0,1848.24
INV_107140,WH_13,PROD_0224,22/11/2024,1870,736,278,2328.0,1809.33
INV_107141,WH_06,PROD_0060,07/01/2024,1690,722,618,1794.0,1242.35
INV_107142,WH_06,PROD_0028,17/07/2024,4883,1145,994,5034.0,3234.89
INV_107143,WH_15,PROD_0078,17/07/2024,3853,879,1394,3338.0,2070.42
INV_107144,WH_12,PROD_0071,03/02/2024,4292,1451,365,5378.0,5354.89
INV_107145,WH_04,PROD_0025,03/02/2024,3619,1420,599,4440.0,5752.48
INV_107146,WH_03,PROD_0019,22/07/2024,1624,989,201,2412.0,1694.23
INV_107147,WH_12,PROD_0112,06/09/2024,4909,1034,1448,4495.0,2878.36
INV_107148,WH_06,PROD_0092,10/04/2024,3384,951,709,3626.0,4421.98
INV_107149,WH_01,PROD_0236,02/08/2024,1300,1355,969,1686.0,2436.91
INV_107150,WH_06,PROD_0089,02/08/2024,623,285,387,521.0,278.32
INV_107151,WH_02,PROD_0240,12/08/2024,1291,330,559,1062.0,571.23
INV_107152,WH_11,PROD_0277,29/03/2024,3078,1049,1083,3044.0,2961.07
INV_107153,WH_10,PROD_0087,30/01/2024,1310,135,729,716.0,739.56
INV_107154,WH_06,PROD_0047,18/08/2024,4812,978,246,5544.0,3197.25
INV_107155,WH_09,PROD_0044,16/11/2024,4510,1006,353,5163.0,4803.06
INV_107156,WH_10,PROD_0051,27/02/2024,2472,788,1247,2013.0,1999.2
INV_107157,WH_15,PROD_0158,14/05/2024,4717,194,472,4439.0,4031.15
INV_107158,WH_15,PROD_0167,24/10/2024,4988,1211,405,,0.0
INV_107159,WH_10,PROD_0151,27/04/2024,2188,454,1394,1248.0,1695.09
INV_107160,WH_03,PROD_0107,19/08/2024,3967,794,247,4514.0,2890.98
INV_107161,WH_13,PROD_0047,10/05/2024,1386,537,451,1472.0,2189.79
INV_107162,WH_08,PROD_0061,30/01/2024,4105,1019,1177,3947.0,5185.55
INV_107163,WH_15,PROD_0215,05/11/2024,4312,755,1490,3577.0,4017.59
INV_107164,WH_11,PROD_0287,26/01/2024,1327,1265,574,2018.0,1923.7
INV_107165,WH_11,PROD_0051,31/03/2024,2444,986,628,2802.0,2975.1
INV_107166,WH_08,PROD_0181,09/05/2024,4463,1143,747,4859.0,5962.65
INV_107167,WH_13,PROD_0078,23/10/2024,2645,1144,109,3680.0,2129.26
INV_107168,WH_05,PROD_0073,17/06/2024,3838,664,841,3661.0,5425.65
INV_107169,WH_13,PROD_0002,18/03/2024,3903,1125,1478,3550.0,2113.35
INV_107170,WH_10,PROD_0015,23/07/2024,4033,590,162,4461.0,3834.7
INV_107171,WH_05,PROD_0107,02/02/2024,4432,882,408,4906.0,3937.69
INV_107172,WH_15,PROD_0205,22/06/2024,3643,994,1119,,0.0
INV_107173,WH_14,PROD_0122,25/06/2024,4429,815,1221,4023.0,4095.66
INV_107174,WH_08,PROD_0127,04/01/2024,4523,1087,442,5168.0,5629.49
INV_107175,WH_14,PROD_0060,09/05/2024,2873,669,1374,2168.0,2418.46
INV_107176,WH_01,PROD_0171,31/05/2024,1080,1158,758,1480.0,1383.26
INV_107177,WH_11,PROD_0083,27/11/2024,1291,272,1169,394.0,290.66
INV_107178,WH_09,PROD_0144,26/01/2024,4292,776,622,4446.0,5522.23
INV_107179,WH_11,PROD_0252,09/07/2024,4756,936,757,4935.0,3531.26
INV_107180,WH_08,PROD_0292,03/07/2024,1926,1100,357,2669.0,2606.07
INV_107181,WH_03,PROD_0083,29/08/2024,1748,152,666,1234.0,1401.3
INV_107182,WH_06,PROD_0292,13/09/2024,4276,1371,644,5003.0,5584.96
INV_107183,WH_11,PROD_0214,26/07/2024,2747,723,429,3041.0,3595.94
INV_107184,WH_14,PROD_0140,02/07/2024,2769,426,769,2426.0,3050.98
INV_107185,WH_13,PROD_0138,13/10/2024,2761,232,530,2463.0,2644.19
INV_107186,WH_05,PROD_0122,28/07/2024,4793,1127,407,5513.0,3285.97
INV_107187,WH_06,PROD_0264,08/09/2024,4058,611,1056,3613.0,2606.01
INV_107188,WH_06,PROD_0286,05/04/2024,4969,899,549,5319.0,4690.09
INV_107189,WH_05,PROD_0265,23/10/2024,3896,1210,1060,4046.0,5588.32
INV_107190,WH_15,PROD_0121,27/02/2024,3449,1446,1003,3892.0,2454.13
INV_107191,WH_11,PROD_0126,11/09/2024,2094,499,1235,1358.0,1353.03
INV_107192,WH_07,PROD_0271,17/12/2024,2804,1257,681,3380.0,2728.09
INV_107193,WH_06,PROD_0244,31/07/2024,1897,231,157,1971.0,1451.49
INV_107194,WH_14,PROD_0275,06/07/2024,2413,524,1066,1871.0,1364.72
INV_107195,WH_06,PROD_0178,11/10/2024,4553,958,1232,4279.0,4079.15
INV_107196,WH_04,PROD_0017,09/12/2024,903,863,1056,710.0,1029.5
INV_107197,WH_06,PROD_0075,23/11/2024,3790,180,1449,2521.0,2425.43
INV_107198,WH_12,PROD_0223,08/02/2024,723,392,139,976.0,1165.33
INV_107199,WH_02,PROD_0171,26/10/2024,3683,1296,165,4814.0,4018.16
INV_107200,WH_07,PROD_0210,17/08/2024,1123,433,1225,331.0,300.71
INV_107201,WH_06,PROD_0210,16/08/2024,1706,178,441,1443.0,1629.3
INV_107202,WH_04,PROD_0244,18/12/2024,1428,885,359,1954.0,2641.2
INV_107203,WH_05,PROD_0145,08/08/2024,848,782,179,1451.0,1616.24
INV_107204,WH_14,PROD_0248,02/11/2024,2227,581,968,1840.0,1410.61
INV_107205,WH_07,PROD_0020,07/06/2024,3559,1063,754,3868.0,2124.64
INV_107206,WH_15,PROD_0156,19/02/2024,2116,1082,361,2837.0,3403.64
INV_107207,WH_07,PROD_0047,13/03/2024,1921,756,1452,1225.0,888.11
INV_107208,WH_07,PROD_0210,03/10/2024,4625,437,893,4169.0,2898.69
INV_107209,WH_12,PROD_0210,13/01/2024,1819,1470,1204,2085.0,2062.99
INV_107210,WH_14,PROD_0160,11/10/2024,2921,562,550,2933.0,3073.05
INV_107211,WH_12,PROD_0001,02/07/2024,3561,897,1208,3250.0,3324.6
INV_107212,WH_02,PROD_0062,05/12/2024,3133,614,1016,2731.0,2644.26
INV_107213,WH_08,PROD_0034,17/04/2024,3703,1349,1111,3941.0,2117.02
INV_107214,WH_02,PROD_0025,29/05/2024,2918,1323,1485,2756.0,1770.19
INV_107215,WH_10,PROD_0085,13/10/2024,719,1173,1343,549.0,526.0
INV_107216,WH_13,PROD_0189,20/09/2024,590,1213,326,1477.0,1782.89
INV_107217,WH_05,PROD_0063,27/06/2024,3326,308,591,3043.0,1829.53
INV_107218,WH_15,PROD_0293,22/11/2024,4481,1419,1209,4691.0,5313.48
INV_107219,WH_12,PROD_0072,25/02/2024,4510,359,1419,3450.0,3837.2
INV_107220,WH_07,PROD_0289,18/12/2024,4728,1390,554,5564.0,4474.4
INV_107221,WH_03,PROD_0169,17/05/2024,3575,549,484,3640.0,2812.67
INV_107222,WH_09,PROD_0140,30/08/2024,988,1278,467,1799.0,1327.95
INV_107223,WH_11,PROD_0262,09/04/2024,972,1119,722,1369.0,902.87
INV_107224,WH_15,PROD_0090,12/09/2024,2766,1337,1069,3034.0,4242.12
INV_107225,WH_13,PROD_0031,20/03/2024,2179,1145,1487,1837.0,1290.22
INV_107226,WH_10,PROD_0113,12/08/2024,3575,743,1268,3050.0,4499.77
INV_107227,WH_05,PROD_0129,03/07/2024,3460,1479,237,4702.0,6526.63
INV_107228,WH_09,PROD_0177,30/05/2024,3914,312,551,3675.0,2209.53
INV_107229,WH_12,PROD_0265,25/05/2024,2121,1252,1449,1924.0,2200.69
INV_107230,WH_11,PROD_0050,23/03/2024,3829,226,956,3099.0,2955.05
INV_107231,WH_01,PROD_0112,16/09/2024,855,742,677,920.0,915.09
INV_107232,WH_08,PROD_0003,24/07/2024,3030,533,522,3041.0,3049.42
INV_107233,WH_15,PROD_0133,26/07/2024,2648,715,122,3241.0,3569.77
INV_107234,WH_11,PROD_0048,21/06/2024,1091,511,287,1315.0,732.03
INV_107235,WH_02,PROD_0149,07/09/2024,2021,783,394,2410.0,3126.71
INV_107236,WH_08,PROD_0110,11/02/2024,2876,473,1421,1928.0,2146.27
INV_107237,WH_08,PROD_0019,14/12/2024,3886,1361,645,4602.0,6854.68
INV_107238,WH_07,PROD_0187,11/04/2024,2633,1457,1059,3031.0,1654.23
INV_107239,WH_14,PROD_0155,30/03/2024,3611,1322,433,4500.0,5636.51
INV_107240,WH_12,PROD_0046,27/10/2024,3625,1442,924,4143.0,5382.77
INV_107241,WH_05,PROD_0211,21/02/2024,1535,1155,108,2582.0,1723.01
INV_107242,WH_02,PROD_0160,26/11/2024,4636,777,879,4534.0,4085.91
INV_107243,WH_12,PROD_0101,29/06/2024,3029,695,686,3038.0,3287.64
INV_107244,WH_08,PROD_0207,10/06/2024,3511,607,881,3237.0,2458.71
INV_107245,WH_13,PROD_0182,28/07/2024,4811,777,279,5309.0,7169.53
INV_107246,WH_01,PROD_0019,02/10/2024,3534,431,1468,2497.0,1920.96
INV_107247,WH_13,PROD_0267,05/10/2024,3714,1126,1168,3672.0,3386.47
INV_107248,WH_09,PROD_0023,15/09/2024,4519,300,1450,3369.0,3799.21
INV_107249,WH_04,PROD_0146,18/01/2024,4766,446,553,4659.0,6749.1
INV_107250,WH_02,PROD_0091,02/06/2024,4837,1081,915,5003.0,7323.47
INV_107251,WH_02,PROD_0287,07/04/2024,2486,602,205,2883.0,2737.9
INV_107252,WH_06,PROD_0274,25/02/2024,3657,234,1059,2832.0,2442.93
INV_107253,WH_06,PROD_0100,05/10/2024,4574,1217,664,5127.0,6324.59
INV_107254,WH_06,PROD_0248,22/07/2024,1403,1314,1265,1452.0,1892.06
INV_107255,WH_10,PROD_0200,18/03/2024,1410,305,264,1451.0,2052.3
INV_107256,WH_09,PROD_0031,28/04/2024,3251,208,260,3199.0,3597.93
INV_107257,WH_11,PROD_0189,25/10/2024,3841,1159,939,4061.0,5635.47
INV_107258,WH_11,PROD_0057,28/04/2024,4941,715,1009,4647.0,5934.11
INV_107259,WH_08,PROD_0274,29/07/2024,2945,878,235,3588.0,3508.58
INV_107260,WH_11,PROD_0247,09/07/2024,1798,878,1085,,0.0
INV_107261,WH_11,PROD_0044,06/01/2024,1438,147,857,728.0,573.97
INV_107262,WH_07,PROD_0024,12/06/2024,988,522,1283,227.0,222.62
INV_107263,WH_15,PROD_0172,17/05/2024,2763,124,107,2780.0,3780.97
INV_107264,WH_13,PROD_0251,25/06/2024,4629,891,844,4676.0,6821.01
INV_107265,WH_05,PROD_0104,30/03/2024,790,1361,1060,1091.0,1012.23
INV_107266,WH_13,PROD_0118,22/08/2024,4254,1319,1379,4194.0,3469.41
INV_107267,WH_01,PROD_0191,15/06/2024,2183,1500,126,3557.0,4714.23
INV_107268,WH_03,PROD_0151,18/02/2024,4280,375,1087,3568.0,2440.33
INV_107269,WH_07,PROD_0223,27/01/2024,2208,150,666,1692.0,1090.67
INV_107270,WH_11,PROD_0131,14/04/2024,2027,1051,1415,1663.0,2118.17
INV_107271,WH_14,PROD_0085,02/10/2024,1346,133,197,1282.0,1312.24
INV_107272,WH_13,PROD_0085,21/10/2024,2347,772,705,,0.0
INV_107273,WH_02,PROD_0109,14/04/2024,2067,1386,1047,2406.0,3361.68
INV_107274,WH_07,PROD_0221,24/09/2024,2548,1222,1086,2684.0,1521.84
INV_107275,WH_15,PROD_0143,05/12/2024,4421,187,149,4459.0,2436.34
INV_107276,WH_05,PROD_0238,06/02/2024,4128,641,958,3811.0,5257.52
INV_107277,WH_06,PROD_0008,06/09/2024,3710,876,971,3615.0,3661.2
INV_107278,WH_12,PROD_0108,04/01/2024,3787,1408,431,4764.0,5951.08
INV_107279,WH_06,PROD_0037,03/04/2024,3892,1442,515,4819.0,2810.6
INV_107280,WH_09,PROD_0187,08/05/2024,3764,253,907,3110.0,1961.69
INV_107281,WH_01,PROD_0287,31/01/2024,1058,337,913,482.0,367.56
INV_107282,WH_03,PROD_0014,18/11/2024,3097,841,1090,2848.0,1767.15
INV_107283,WH_04,PROD_0127,13/02/2024,864,343,996,211.0,227.46
INV_107284,WH_07,PROD_0062,25/09/2024,783,981,1456,308.0,329.11
INV_107285,WH_02,PROD_0035,21/01/2024,2880,1340,507,3713.0,5393.41
INV_107286,WH_07,PROD_0079,07/02/2024,3885,841,905,3821.0,3296.98
INV_107287,WH_03,PROD_0162,04/07/2024,2293,866,752,2407.0,1648.16
INV_107288,WH_07,PROD_0043,28/04/2024,529,987,1434,82.0,92.26
INV_107289,WH_04,PROD_0044,15/04/2024,2533,953,271,3215.0,3089.35
INV_107290,WH_02,PROD_0196,06/01/2024,1763,1439,1357,1845.0,1931.65
INV_107291,WH_14,PROD_0061,19/01/2024,2929,409,111,3227.0,4114.51
INV_107292,WH_06,PROD_0297,12/10/2024,4255,1265,710,4810.0,4336.48
INV_107293,WH_13,PROD_0167,22/07/2024,2848,332,1472,1708.0,1935.68
INV_107294,WH_07,PROD_0199,15/10/2024,2786,1198,794,3190.0,4375.26
INV_107295,WH_12,PROD_0091,08/01/2024,1084,502,1151,435.0,337.43
INV_107296,WH_01,PROD_0208,31/01/2024,2334,1160,800,2694.0,2640.96
INV_107297,WH_12,PROD_0053,28/08/2024,1867,1235,833,2269.0,2100.64
INV_107298,WH_04,PROD_0171,04/05/2024,3323,514,462,3375.0,1770.42
INV_107299,WH_11,PROD_0280,30/09/2024,1895,298,1426,,0.0
INV_107300,WH_08,PROD_0060,24/06/2024,548,1310,103,1755.0,960.43
INV_107301,WH_08,PROD_0227,27/08/2024,2119,834,1345,1608.0,1674.84
INV_107302,WH_11,PROD_0159,30/03/2024,1489,183,898,,0.0
INV_107303,WH_08,PROD_0036,23/10/2024,3637,1051,925,3763.0,2674.26
INV_107304,WH_11,PROD_0096,06/05/2024,2960,105,144,2921.0,3726.81
INV_107305,WH_04,PROD_0071,24/03/2024,1581,742,1493,830.0,628.64
INV_107306,WH_15,PROD_0278,21/08/2024,2733,1218,572,3379.0,3122.33
INV_107307,WH_01,PROD_0043,09/06/2024,1021,953,711,1263.0,1271.18
INV_107308,WH_01,PROD_0262,06/12/2024,1946,747,1371,1322.0,1622.73
INV_107309,WH_02,PROD_0153,05/04/2024,4566,360,1001,3925.0,2542.23
INV_107310,WH_12,PROD_0042,11/04/2024,4411,1104,724,4791.0,2928.32
INV_107311,WH_06,PROD_0030,19/08/2024,944,1291,1065,1170.0,1654.73
INV_107312,WH_13,PROD_0279,16/11/2024,3071,1447,838,3680.0,2418.96
INV_107313,WH_02,PROD_0100,04/04/2024,1055,1366,308,2113.0,2446.84
INV_107314,WH_14,PROD_0055,10/09/2024,2835,1434,1152,3117.0,2970.65
INV_107315,WH_08,PROD_0219,12/09/2024,2746,110,1199,1657.0,1513.97
INV_107316,WH_15,PROD_0201,30/04/2024,1051,1242,1447,,0.0
INV_107317,WH_12,PROD_0202,14/03/2024,4483,949,1273,4159.0,4778.8
INV_107318,WH_10,PROD_0255,10/06/2024,3442,1184,178,4448.0,5141.67
INV_107319,WH_06,PROD_0066,19/08/2024,1068,664,480,1252.0,1124.04
INV_107320,WH_12,PROD_0025,31/10/2024,3088,405,271,3222.0,4805.58
INV_107321,WH_13,PROD_0241,01/10/2024,4685,578,888,4375.0,4622.04
INV_107322,WH_05,PROD_0099,14/02/2024,2029,1091,883,2237.0,2028.7
INV_107323,WH_04,PROD_0291,16/01/2024,2353,412,963,1802.0,2099.14
INV_107324,WH_01,PROD_0007,14/09/2024,3708,967,932,3743.0,3350.33
INV_107325,WH_10,PROD_0084,29/01/2024,748,765,384,1129.0,1632.66
INV_107326,WH_08,PROD_0057,27/08/2024,1940,1051,628,2363.0,2749.23
INV_107327,WH_02,PROD_0067,04/07/2024,2278,1022,332,2968.0,3826.69
INV_107328,WH_08,PROD_0043,23/08/2024,1158,212,854,,0.0
INV_107329,WH_08,PROD_0116,13/03/2024,1104,1273,1050,,0.0
INV_107330,WH_06,PROD_0153,31/10/2024,4925,459,449,4935.0,5362.64
INV_107331,WH_12,PROD_0146,14/01/2024,1588,1318,649,2257.0,2957.05
INV_107332,WH_14,PROD_0273,08/02/2024,2244,800,897,2147.0,2135.03
INV_107333,WH_02,PROD_0279,11/10/2024,1534,208,1104,638.0,898.77
INV_107334,WH_06,PROD_0105,09/05/2024,1995,205,450,1750.0,2226.29
INV_107335,WH_01,PROD_0139,14/10/2024,4794,1108,407,5495.0,5120.16
INV_107336,WH_10,PROD_0042,07/01/2024,3981,116,293,3804.0,2714.42
INV_107337,WH_14,PROD_0293,04/11/2024,998,1344,1340,1002.0,704.67
INV_107338,WH_07,PROD_0289,31/08/2024,4357,1195,284,5268.0,5521.16
INV_107339,WH_13,PROD_0157,05/06/2024,1757,107,467,1397.0,1307.75
INV_107340,WH_13,PROD_0183,17/05/2024,2585,326,384,2527.0,1909.04
INV_107341,WH_01,PROD_0221,26/11/2024,3681,267,1346,2602.0,1934.23
INV_107342,WH_13,PROD_0254,14/01/2024,4509,794,1339,3964.0,5878.47
INV_107343,WH_03,PROD_0210,16/05/2024,4072,801,1220,3653.0,3416.33
INV_107344,WH_11,PROD_0073,05/01/2024,3830,987,462,4355.0,3332.83
INV_107345,WH_09,PROD_0207,05/12/2024,917,853,445,1325.0,985.26
INV_107346,WH_06,PROD_0111,03/05/2024,1923,1328,363,2888.0,1744.19
INV_107347,WH_06,PROD_0142,01/07/2024,4134,1291,1453,3972.0,3618.02
INV_107348,WH_13,PROD_0206,11/11/2024,945,756,825,876.0,451.5
INV_107349,WH_09,PROD_0016,18/01/2024,4164,605,305,4464.0,4434.12
INV_107350,WH_14,PROD_0194,25/09/2024,2205,619,973,1851.0,2160.52
INV_107351,WH_02,PROD_0175,13/07/2024,4697,836,1326,4207.0,3599.19
INV_107352,WH_07,PROD_0233,10/08/2024,4262,506,300,4468.0,3298.25
INV_107353,WH_03,PROD_0184,23/01/2024,2161,1383,823,2721.0,2103.51
INV_107354,WH_03,PROD_0247,12/11/2024,3900,1226,1452,3674.0,3667.88
INV_107355,WH_05,PROD_0249,21/06/2024,4934,494,589,4839.0,4577.54
INV_107356,WH_08,PROD_0219,31/10/2024,2163,1392,107,3448.0,4363.68
INV_107357,WH_06,PROD_0201,18/08/2024,1117,1099,1459,757.0,1002.91
INV_107358,WH_04,PROD_0207,06/03/2024,3356,142,514,2984.0,3384.43
INV_107359,WH_06,PROD_0094,17/12/2024,3176,1102,125,4153.0,3226.46
INV_107360,WH_04,PROD_0188,02/08/2024,2149,1190,1449,,0.0
INV_107361,WH_03,PROD_0166,03/11/2024,1024,489,173,1340.0,770.73
INV_107362,WH_05,PROD_0083,27/12/2024,3456,798,1450,2804.0,3460.31
INV_107363,WH_10,PROD_0187,19/12/2024,981,275,447,809.0,745.09
INV_107364,WH_12,PROD_0229,06/05/2024,2138,831,186,2783.0,3765.63
INV_107365,WH_10,PROD_0225,21/03/2024,963,568,1123,408.0,512.99
INV_107366,WH_03,PROD_0281,04/05/2024,4700,1057,1131,4626.0,6368.55
INV_107367,WH_07,PROD_0223,27/03/2024,1706,243,1359,590.0,642.98
INV_107368,WH_03,PROD_0275,16/12/2024,1246,1115,637,1724.0,1188.55
INV_107369,WH_03,PROD_0235,07/04/2024,1754,658,817,1595.0,1823.16
INV_107370,WH_07,PROD_0050,01/07/2024,2090,939,456,2573.0,2679.22
INV_107371,WH_10,PROD_0235,04/09/2024,2942,642,127,3457.0,3698.58
INV_107372,WH_11,PROD_0042,03/08/2024,2699,1364,302,3761.0,5638.74
INV_107373,WH_15,PROD_0098,07/06/2024,1988,174,645,1517.0,1785.96
INV_107374,WH_02,PROD_0056,30/03/2024,4413,771,196,4988.0,4137.65
INV_107375,WH_13,PROD_0189,06/08/2024,1318,401,216,1503.0,1216.17
INV_107376,WH_08,PROD_0030,06/03/2024,918,216,846,288.0,424.73
INV_107377,WH_03,PROD_0153,18/04/2024,760,446,392,814.0,575.53
INV_107378,WH_08,PROD_0082,17/05/2024,4984,437,1091,4330.0,5848.72
INV_107379,WH_15,PROD_0036,24/03/2024,3715,611,607,3719.0,2632.9
INV_107380,WH_06,PROD_0015,06/03/2024,2752,1210,1317,2645.0,1606.13
INV_107381,WH_01,PROD_0172,09/11/2024,1358,840,1230,968.0,1327.01
INV_107382,WH_02,PROD_0179,28/10/2024,3760,156,1473,2443.0,2890.18
INV_107383,WH_04,PROD_0281,30/06/2024,3199,1085,874,3410.0,3180.9
INV_107384,WH_02,PROD_0226,06/04/2024,1504,1211,162,2553.0,3536.02
INV_107385,WH_01,PROD_0210,05/09/2024,2496,191,1049,1638.0,838.93
INV_107386,WH_12,PROD_0091,10/04/2024,4214,822,692,4344.0,6452.29
INV_107387,WH_12,PROD_0027,12/08/2024,2040,1316,693,2663.0,2340.32
INV_107388,WH_06,PROD_0168,08/10/2024,2103,639,1386,1356.0,1284.53
INV_107389,WH_06,PROD_0065,19/11/2024,515,236,305,446.0,635.54
INV_107390,WH_07,PROD_0146,08/08/2024,2848,226,1034,2040.0,2153.62
INV_107391,WH_01,PROD_0034,17/11/2024,1537,876,418,1995.0,1634.18
INV_107392,WH_11,PROD_0253,13/06/2024,3764,614,924,3454.0,2815.18
INV_107393,WH_09,PROD_0118,18/11/2024,4752,638,779,4611.0,6284.82
INV_107394,WH_11,PROD_0026,22/09/2024,4428,1144,413,5159.0,5898.45
INV_107395,WH_01,PROD_0011,11/11/2024,2874,1345,1206,3013.0,2241.81
INV_107396,WH_02,PROD_0194,12/12/2024,4295,346,547,4094.0,2490.02
INV_107397,WH_14,PROD_0131,23/04/2024,1616,607,1490,733.0,683.04
INV_107398,WH_05,PROD_0028,30/11/2024,4748,1260,679,5329.0,6011.82
INV_107399,WH_11,PROD_0120,19/03/2024,2058,626,117,2567.0,1933.5
INV_107400,WH_07,PROD_0047,19/11/2024,4567,778,674,4671.0,2994.78
INV_107401,WH_06,PROD_0110,16/11/2024,3467,1068,1367,3168.0,2339.74
INV_107402,WH_09,PROD_0205,08/07/2024,3280,315,1122,2473.0,1891.61
INV_107403,WH_12,PROD_0073,06/02/2024,3265,505,164,3606.0,4861.25
INV_107404,WH_08,PROD_0184,19/01/2024,3724,927,1365,3286.0,1980.67
INV_107405,WH_02,PROD_0192,29/10/2024,1340,307,514,1133.0,1177.58
INV_107406,WH_06,PROD_0022,01/02/2024,4096,523,292,4327.0,5961.35
INV_107407,WH_06,PROD_0231,18/03/2024,770,728,642,856.0,1075.12
INV_107408,WH_14,PROD_0081,31/08/2024,1426,846,1220,1052.0,1488.47
INV_107409,WH_03,PROD_0222,24/09/2024,2020,827,1359,1488.0,2216.24
INV_107410,WH_01,PROD_0045,20/08/2024,3045,277,143,3179.0,2734.97
INV_107411,WH_01,PROD_0191,05/01/2024,1787,330,908,1209.0,1538.62
INV_107412,WH_01,PROD_0004,30/04/2024,3539,810,337,4012.0,5563.35
INV_107413,WH_03,PROD_0186,08/10/2024,1943,1388,371,2960.0,4372.02
INV_107414,WH_12,PROD_0025,30/07/2024,4027,466,1126,3367.0,4460.58
INV_107415,WH_14,PROD_0218,11/07/2024,4341,360,232,4469.0,3043.81
INV_107416,WH_11,PROD_0096,30/11/2024,4723,1025,263,5485.0,5866.78
INV_107417,WH_10,PROD_0033,13/04/2024,2458,1400,1463,2395.0,2683.4
INV_107418,WH_02,PROD_0190,13/08/2024,2576,1160,781,2955.0,2798.06
INV_107419,WH_10,PROD_0065,09/12/2024,4507,447,1442,3512.0,4862.86
INV_107420,WH_08,PROD_0018,19/02/2024,4049,236,303,3982.0,4195.35
INV_107421,WH_07,PROD_0209,24/08/2024,1820,1479,1320,1979.0,1400.16
INV_107422,WH_05,PROD_0286,10/07/2024,2374,1311,431,3254.0,4675.5
INV_107423,WH_13,PROD_0131,25/09/2024,538,471,598,411.0,337.79
INV_107424,WH_06,PROD_0065,07/04/2024,2556,520,548,2528.0,3761.0
INV_107425,WH_07,PROD_0063,07/11/2024,689,174,288,575.0,310.33
INV_107426,WH_08,PROD_0015,02/05/2024,3200,1093,584,3709.0,3685.38
INV_107427,WH_13,PROD_0121,08/10/2024,3210,176,449,2937.0,3188.86
INV_107428,WH_06,PROD_0045,27/09/2024,4278,1229,431,5076.0,3877.06
INV_107429,WH_05,PROD_0259,18/11/2024,1413,721,129,2005.0,2651.34
INV_107430,WH_02,PROD_0224,16/01/2024,4877,470,1387,3960.0,5646.03
INV_107431,WH_10,PROD_0264,25/04/2024,3929,889,941,3877.0,4147.02
INV_107432,WH_05,PROD_0058,10/05/2024,3147,1143,357,3933.0,4065.44
INV_107433,WH_15,PROD_0182,03/05/2024,1048,214,568,694.0,410.27
INV_107434,WH_06,PROD_0161,26/04/2024,2571,1262,910,2923.0,3176.63
INV_107435,WH_06,PROD_0297,30/08/2024,2283,1246,739,2790.0,1580.41
INV_107436,WH_11,PROD_0138,20/11/2024,3695,1089,798,3986.0,3922.02
INV_107437,WH_10,PROD_0113,06/06/2024,4515,1329,703,5141.0,6524.03
INV_107438,WH_12,PROD_0175,22/10/2024,1974,589,678,1885.0,2393.27
INV_107439,WH_13,PROD_0113,25/11/2024,2529,312,657,2184.0,3199.04
INV_107440,WH_07,PROD_0215,09/02/2024,3949,384,1273,3060.0,3250.76
INV_107441,WH_04,PROD_0064,15/10/2024,2228,1201,1328,2101.0,1876.77
INV_107442,WH_10,PROD_0108,12/11/2024,626,241,1200,-333.0,-392.19
INV_107443,WH_05,PROD_0008,14/11/2024,3042,189,346,2885.0,4235.69
INV_107444,WH_01,PROD_0206,21/07/2024,822,544,221,1145.0,1493.05
INV_107445,WH_08,PROD_0007,08/06/2024,725,581,424,882.0,920.59
INV_107446,WH_04,PROD_0010,29/04/2024,4880,1345,743,5482.0,8177.66
INV_107447,WH_03,PROD_0004,23/02/2024,4071,1084,1078,4077.0,3838.54
INV_107448,WH_09,PROD_0125,19/02/2024,545,526,1226,-155.0,-188.6
INV_107449,WH_04,PROD_0225,02/07/2024,3785,841,126,4500.0,4772.63
INV_107450,WH_02,PROD_0224,15/02/2024,4285,168,1164,3289.0,2388.35
INV_107451,WH_15,PROD_0177,04/11/2024,2042,1039,472,2609.0,1417.27
INV_107452,WH_09,PROD_0288,04/02/2024,3583,782,500,3865.0,4620.42
INV_107453,WH_08,PROD_0269,30/10/2024,3399,1413,870,3942.0,3293.46
INV_107454,WH_13,PROD_0191,15/11/2024,2302,229,1240,1291.0,1650.42
INV_107455,WH_07,PROD_0098,21/08/2024,2795,1130,392,3533.0,4072.17
INV_107456,WH_06,PROD_0188,30/08/2024,3440,1462,640,4262.0,3514.28
INV_107457,WH_05,PROD_0041,25/06/2024,1073,1053,784,1342.0,1450.62
INV_107458,WH_10,PROD_0072,08/02/2024,977,1338,234,2081.0,1867.14
INV_107459,WH_12,PROD_0285,06/11/2024,590,956,334,1212.0,1233.07
INV_107460,WH_06,PROD_0102,06/01/2024,529,273,477,325.0,229.71
INV_107461,WH_01,PROD_0062,26/03/2024,1478,1017,548,1947.0,2390.73
INV_107462,WH_09,PROD_0127,17/08/2024,2442,907,1398,1951.0,2211.72
INV_107463,WH_11,PROD_0183,17/07/2024,3030,1490,1469,3051.0,3698.87
INV_107464,WH_11,PROD_0256,30/11/2024,3045,898,1068,2875.0,3925.35
INV_107465,WH_15,PROD_0103,22/02/2024,2925,1338,427,3836.0,2773.38
INV_107466,WH_12,PROD_0242,29/11/2024,1045,835,337,,0.0
INV_107467,WH_14,PROD_0072,04/03/2024,2213,1191,1405,1999.0,1399.19
INV_107468,WH_04,PROD_0041,12/09/2024,2463,607,422,2648.0,3662.35
INV_107469,WH_09,PROD_0300,15/03/2024,4846,847,972,4721.0,5510.07
INV_107470,WH_06,PROD_0159,08/07/2024,4864,1077,218,5723.0,6608.74
INV_107471,WH_07,PROD_0175,30/05/2024,2790,264,381,2673.0,3007.18
INV_107472,WH_06,PROD_0244,09/10/2024,4328,677,1257,3748.0,2309.43
INV_107473,WH_15,PROD_0172,20/05/2024,4946,428,214,5160.0,3685.88
INV_107474,WH_11,PROD_0017,23/02/2024,1752,122,849,1025.0,1137.32
INV_107475,WH_09,PROD_0212,25/04/2024,519,1470,337,1652.0,849.75
INV_107476,WH_03,PROD_0148,09/09/2024,3836,740,251,4325.0,4871.38
INV_107477,WH_13,PROD_0086,19/05/2024,3352,599,1466,2485.0,2685.1
INV_107478,WH_08,PROD_0038,17/01/2024,4842,815,230,5427.0,6194.62
INV_107479,WH_11,PROD_0064,29/07/2024,1382,469,570,1281.0,922.16
INV_107480,WH_02,PROD_0229,04/08/2024,540,994,904,630.0,815.23
INV_107481,WH_11,PROD_0027,17/05/2024,1921,336,641,1616.0,1809.82
INV_107482,WH_06,PROD_0142,08/07/2024,4646,545,1366,3825.0,2991.57
INV_107483,WH_04,PROD_0095,12/05/2024,1203,904,593,1514.0,1492.41
INV_107484,WH_12,PROD_0136,19/06/2024,3584,683,1210,3057.0,2550.7
INV_107485,WH_07,PROD_0105,10/11/2024,1252,1032,1493,791.0,1014.29
INV_107486,WH_13,PROD_0230,26/06/2024,4589,891,587,4893.0,3111.68
INV_107487,WH_06,PROD_0216,27/12/2024,753,259,1340,-328.0,-196.79
INV_107488,WH_01,PROD_0066,04/02/2024,1030,824,859,995.0,1462.38
INV_107489,WH_06,PROD_0288,22/06/2024,1144,926,927,1143.0,816.96
INV_107490,WH_07,PROD_0271,15/08/2024,4937,1006,1358,4585.0,5424.1
INV_107491,WH_04,PROD_0109,13/03/2024,4796,111,1011,3896.0,5630.02
INV_107492,WH_14,PROD_0160,21/05/2024,1102,304,795,611.0,740.62
INV_107493,WH_10,PROD_0072,27/02/2024,2100,528,180,2448.0,3395.04
INV_107494,WH_08,PROD_0046,02/07/2024,3172,1277,367,4082.0,3633.79
INV_107495,WH_15,PROD_0197,14/01/2024,2478,241,1421,1298.0,1368.93
INV_107496,WH_08,PROD_0053,13/11/2024,4570,1389,177,5782.0,3937.27
INV_107497,WH_13,PROD_0243,20/01/2024,3060,1075,623,3512.0,3576.4
INV_107498,WH_05,PROD_0066,08/05/2024,613,778,267,1124.0,576.71
INV_107499,WH_01,PROD_0037,06/01/2024,568,210,816,-38.0,-54.48
INV_107500,WH_13,PROD_0153,12/10/2024,671,228,775,124.0,144.6
INV_107501,WH_15,PROD_0290,13/03/2024,2410,632,291,,0.0
INV_107502,WH_07,PROD_0292,26/04/2024,1721,1278,425,2574.0,2964.21
INV_107503,WH_08,PROD_0208,13/01/2024,4476,809,1499,3786.0,4644.6
INV_107504,WH_03,PROD_0118,17/01/2024,2718,477,1152,2043.0,1460.16
INV_107505,WH_05,PROD_0068,24/03/2024,2915,1499,1446,2968.0,2604.71
INV_107506,WH_03,PROD_0027,13/10/2024,2204,602,1255,1551.0,1698.52
INV_107507,WH_12,PROD_0279,29/01/2024,2247,543,1013,1777.0,2025.81
INV_107508,WH_11,PROD_0205,30/12/2024,1198,1040,364,1874.0,2707.08
INV_107509,WH_08,PROD_0193,28/11/2024,545,747,297,995.0,575.35
INV_107510,WH_03,PROD_0188,21/06/2024,1188,396,1327,257.0,293.96
INV_107511,WH_01,PROD_0113,20/11/2024,4487,435,1255,3667.0,3157.47
INV_107512,WH_12,PROD_0200,09/10/2024,4601,329,750,4180.0,4452.96
INV_107513,WH_12,PROD_0273,11/03/2024,4464,967,912,4519.0,3644.78
INV_107514,WH_04,PROD_0241,23/02/2024,4624,753,105,5272.0,4243.8
INV_107515,WH_07,PROD_0283,24/08/2024,2703,1046,299,3450.0,2956.96
INV_107516,WH_11,PROD_0220,12/06/2024,1804,1149,903,2050.0,2746.79
INV_107517,WH_15,PROD_0086,29/04/2024,1538,673,572,1639.0,1025.03
INV_107518,WH_13,PROD_0096,10/03/2024,4899,261,841,4319.0,2905.41
INV_107519,WH_14,PROD_0260,31/08/2024,2535,712,259,2988.0,3137.22
INV_107520,WH_01,PROD_0165,01/06/2024,4757,1483,917,5323.0,4137.82
INV_107521,WH_04,PROD_0015,15/08/2024,4309,854,857,4306.0,3503.39
INV_107522,WH_06,PROD_0285,05/01/2024,1870,1052,1008,1914.0,2130.82
INV_107523,WH_06,PROD_0286,05/03/2024,4814,1471,233,6052.0,6825.94
INV_107524,WH_11,PROD_0190,03/03/2024,1487,620,670,1437.0,1937.86
INV_107525,WH_15,PROD_0177,06/09/2024,2619,137,712,2044.0,1483.61
INV_107526,WH_02,PROD_0199,13/03/2024,2015,1075,765,2325.0,2457.56
INV_107527,WH_06,PROD_0173,09/07/2024,3694,1497,1199,3992.0,4941.43
INV_107528,WH_01,PROD_0009,19/06/2024,1534,478,1280,732.0,1020.52
INV_107529,WH_02,PROD_0226,26/07/2024,1601,1061,979,1683.0,1793.43
INV_107530,WH_15,PROD_0287,15/12/2024,1224,784,171,1837.0,2054.45
INV_107531,WH_10,PROD_0131,18/10/2024,3262,1334,475,4121.0,4422.96
INV_107532,WH_06,PROD_0220,29/12/2024,3600,1490,829,4261.0,3586.85
INV_107533,WH_11,PROD_0072,28/12/2024,721,972,636,1057.0,1327.37
INV_107534,WH_03,PROD_0112,05/05/2024,1865,473,176,2162.0,2697.62
INV_107535,WH_13,PROD_0155,23/09/2024,2534,989,948,2575.0,3750.72
INV_107536,WH_09,PROD_0025,18/05/2024,2795,1285,198,3882.0,4864.21
INV_107537,WH_07,PROD_0115,05/05/2024,947,825,257,,0.0
INV_107538,WH_04,PROD_0097,11/12/2024,815,251,1325,-259.0,-190.57
INV_107539,WH_15,PROD_0278,07/03/2024,1325,1203,183,2345.0,1990.78
INV_107540,WH_01,PROD_0266,28/04/2024,4877,289,587,4579.0,4196.26
INV_107541,WH_06,PROD_0289,29/07/2024,2135,514,671,1978.0,1904.65
INV_107542,WH_11,PROD_0211,17/07/2024,1796,737,213,2320.0,1886.65
INV_107543,WH_07,PROD_0025,26/11/2024,2656,503,538,2621.0,2464.03
INV_107544,WH_01,PROD_0148,12/11/2024,4361,574,631,4304.0,5275.51
INV_107545,WH_11,PROD_0184,30/11/2024,4992,1058,1033,5017.0,4322.65
INV_107546,WH_09,PROD_0011,16/03/2024,3551,679,1231,2999.0,1785.05
INV_107547,WH_01,PROD_0235,06/12/2024,3985,689,673,4001.0,4120.49
INV_107548,WH_01,PROD_0077,08/04/2024,3032,693,1050,2675.0,3923.6
INV_107549,WH_13,PROD_0170,01/09/2024,963,1423,1291,,0.0
INV_107550,WH_09,PROD_0141,22/02/2024,2500,1255,905,2850.0,3776.32
INV_107551,WH_08,PROD_0214,07/09/2024,4135,596,885,3846.0,5694.58
INV_107552,WH_08,PROD_0123,30/03/2024,1704,1352,1470,1586.0,873.76
INV_107553,WH_01,PROD_0261,02/07/2024,4602,341,748,4195.0,6052.67
INV_107554,WH_04,PROD_0094,14/05/2024,2140,1096,251,2985.0,2249.68
INV_107555,WH_04,PROD_0278,14/03/2024,1643,1445,619,2469.0,1999.19
INV_107556,WH_07,PROD_0283,23/12/2024,2192,1097,108,3181.0,4728.56
INV_107557,WH_13,PROD_0273,08/11/2024,2466,561,1011,2016.0,2856.47
INV_107558,WH_02,PROD_0075,11/09/2024,2159,641,793,2007.0,1266.5
INV_107559,WH_07,PROD_0129,20/09/2024,2547,1436,1087,,0.0
INV_107560,WH_03,PROD_0241,30/05/2024,716,263,146,833.0,498.25
INV_107561,WH_14,PROD_0205,11/11/2024,1764,845,265,2344.0,1955.48
INV_107562,WH_09,PROD_0215,20/07/2024,3389,1482,219,4652.0,5553.66
INV_107563,WH_13,PROD_0044,14/03/2024,538,159,438,259.0,255.43
INV_107564,WH_09,PROD_0187,17/03/2024,1328,1165,579,1914.0,1147.84
INV_107565,WH_13,PROD_0140,28/12/2024,3466,1224,1032,3658.0,3185.24
INV_107566,WH_02,PROD_0243,07/06/2024,4372,606,156,4822.0,5948.59
INV_107567,WH_13,PROD_0176,22/12/2024,2598,187,1402,1383.0,1051.14
INV_107568,WH_10,PROD_0036,09/03/2024,645,1257,438,1464.0,814.06
INV_107569,WH_07,PROD_0204,10/05/2024,882,1402,853,1431.0,1667.82
INV_107570,WH_15,PROD_0023,19/06/2024,4306,940,459,4787.0,2422.63
INV_107571,WH_07,PROD_0290,06/12/2024,3325,1489,1236,3578.0,2358.94
INV_107572,WH_11,PROD_0094,27/05/2024,1010,587,110,1487.0,1608.46
INV_107573,WH_03,PROD_0168,25/09/2024,707,671,1224,154.0,197.91
INV_107574,WH_13,PROD_0256,10/06/2024,4642,465,880,4227.0,2849.61
INV_107575,WH_12,PROD_0183,14/05/2024,1554,1396,803,2147.0,3191.44
INV_107576,WH_10,PROD_0233,23/10/2024,2577,1045,623,2999.0,2306.06
INV_107577,WH_09,PROD_0072,24/06/2024,3380,1252,253,4379.0,2735.89
INV_107578,WH_14,PROD_0251,15/05/2024,1095,584,1134,545.0,812.53
INV_107579,WH_13,PROD_0273,02/01/2024,1382,965,840,1507.0,1516.87
INV_107580,WH_06,PROD_0186,13/08/2024,887,675,232,1330.0,1694.39
INV_107581,WH_09,PROD_0025,14/02/2024,3844,1277,1115,4006.0,4756.51
INV_107582,WH_08,PROD_0052,19/04/2024,4859,896,103,5652.0,6599.3
INV_107583,WH_13,PROD_0238,27/03/2024,3266,360,134,3492.0,4627.17
INV_107584,WH_07,PROD_0081,05/04/2024,4346,809,1046,4109.0,5700.44
INV_107585,WH_12,PROD_0282,01/05/2024,3075,1456,1464,3067.0,3387.26
INV_107586,WH_10,PROD_0039,15/04/2024,4971,772,983,4760.0,3493.93
INV_107587,WH_09,PROD_0224,08/01/2024,1712,878,629,1961.0,1498.64
INV_107588,WH_11,PROD_0060,21/05/2024,1598,569,1366,801.0,598.19
INV_107589,WH_06,PROD_0133,19/06/2024,2864,1178,110,3932.0,4724.53
INV_107590,WH_09,PROD_0157,25/04/2024,1491,773,947,1317.0,1333.02
INV_107591,WH_05,PROD_0020,08/10/2024,2820,244,112,2952.0,3863.38
INV_107592,WH_06,PROD_0293,11/11/2024,3972,1101,667,4406.0,4790.12
INV_107593,WH_05,PROD_0178,20/07/2024,1818,1048,203,2663.0,1706.03
INV_107594,WH_12,PROD_0125,03/06/2024,3263,1302,1431,3134.0,3516.69
INV_107595,WH_04,PROD_0139,14/06/2024,1204,762,775,1191.0,706.59
INV_107596,WH_08,PROD_0252,01/11/2024,529,1094,951,672.0,615.99
INV_107597,WH_15,PROD_0078,05/03/2024,810,222,139,893.0,1231.71
INV_107598,WH_08,PROD_0261,31/07/2024,4046,936,636,4346.0,5794.13
INV_107599,WH_06,PROD_0215,26/05/2024,3022,1263,407,3878.0,3256.66
INV_107600,WH_06,PROD_0279,24/02/2024,885,108,242,751.0,652.19
INV_107601,WH_01,PROD_0224,25/07/2024,3946,153,182,3917.0,4397.66
INV_107602,WH_11,PROD_0258,23/03/2024,3612,1325,832,4105.0,5452.96
INV_107603,WH_10,PROD_0044,30/07/2024,3440,323,490,3273.0,3910.27
INV_107604,WH_03,PROD_0257,22/01/2024,4903,759,504,5158.0,5233.4
INV_107605,WH_09,PROD_0257,25/11/2024,1292,615,344,1563.0,1349.03
INV_107606,WH_13,PROD_0209,21/08/2024,4868,561,1019,4410.0,2925.4
INV_107607,WH_03,PROD_0039,20/11/2024,2465,749,533,2681.0,1973.6
INV_107608,WH_02,PROD_0122,07/11/2024,1059,116,1020,155.0,90.44
INV_107609,WH_11,PROD_0074,08/05/2024,1056,603,618,1041.0,1481.34
INV_107610,WH_11,PROD_0103,14/09/2024,2580,994,221,3353.0,4364.78
INV_107611,WH_04,PROD_0212,14/10/2024,2589,749,434,2904.0,3666.55
INV_107612,WH_15,PROD_0172,30/06/2024,583,1466,1418,631.0,524.89
INV_107613,WH_11,PROD_0159,14/09/2024,2133,1398,1080,2451.0,2857.05
INV_107614,WH_06,PROD_0218,27/09/2024,4081,1324,1281,4124.0,4168.14
INV_107615,WH_09,PROD_0051,06/12/2024,1265,989,1158,,0.0
INV_107616,WH_02,PROD_0210,26/08/2024,3574,764,1245,3093.0,3238.94
INV_107617,WH_08,PROD_0108,10/08/2024,1791,403,1289,905.0,1299.34
INV_107618,WH_07,PROD_0198,14/06/2024,4485,695,579,4601.0,2803.33
INV_107619,WH_07,PROD_0275,30/12/2024,2028,368,857,,0.0
INV_107620,WH_05,PROD_0155,14/12/2024,3517,1027,609,3935.0,4624.85
INV_107621,WH_12,PROD_0204,03/09/2024,2839,439,292,2986.0,1863.1
INV_107622,WH_11,PROD_0128,14/07/2024,4427,153,318,4262.0,3826.07
INV_107623,WH_11,PROD_0217,14/09/2024,3602,889,1411,,0.0
INV_107624,WH_13,PROD_0006,30/07/2024,906,294,624,576.0,695.94
INV_107625,WH_03,PROD_0022,07/04/2024,4687,594,1340,,0.0
INV_107626,WH_04,PROD_0144,20/09/2024,2588,1499,507,3580.0,2284.13
INV_107627,WH_08,PROD_0067,24/11/2024,2580,915,920,2575.0,1621.62
INV_107628,WH_04,PROD_0178,05/04/2024,4272,1118,656,4734.0,4074.82
INV_107629,WH_09,PROD_0238,03/01/2024,2714,530,1339,1905.0,2056.61
INV_107630,WH_10,PROD_0067,08/11/2024,4989,295,159,5125.0,4962.5
INV_107631,WH_11,PROD_0001,11/11/2024,1417,358,1170,605.0,744.67
INV_107632,WH_08,PROD_0093,06/05/2024,3337,828,269,3896.0,3349.87
INV_107633,WH_05,PROD_0162,24/03/2024,4476,135,1363,3248.0,2756.9
INV_107634,WH_05,PROD_0285,09/09/2024,2126,1408,447,3087.0,4283.19
INV_107635,WH_14,PROD_0144,10/09/2024,2545,1306,1199,2652.0,2058.14
INV_107636,WH_06,PROD_0032,05/09/2024,4879,411,686,4604.0,2410.55
INV_107637,WH_03,PROD_0287,04/10/2024,3148,1303,1090,3361.0,4403.48
INV_107638,WH_03,PROD_0236,30/04/2024,1884,477,311,2050.0,1879.44
INV_107639,WH_10,PROD_0039,22/06/2024,1111,1277,773,1615.0,1962.48
INV_107640,WH_09,PROD_0139,07/12/2024,3177,1252,353,4076.0,2086.22
INV_107641,WH_01,PROD_0149,27/06/2024,4647,818,431,5034.0,6195.67
INV_107642,WH_09,PROD_0212,26/04/2024,4612,625,1308,3929.0,4965.28
INV_107643,WH_08,PROD_0171,19/09/2024,725,729,538,,0.0
INV_107644,WH_07,PROD_0069,05/09/2024,785,711,1405,91.0,51.68
INV_107645,WH_13,PROD_0025,03/05/2024,4433,1422,1245,4610.0,4764.96
INV_107646,WH_05,PROD_0067,02/05/2024,4510,933,814,4629.0,5333.57
INV_107647,WH_07,PROD_0058,09/05/2024,4214,1001,1253,3962.0,4545.41
INV_107648,WH_06,PROD_0012,23/05/2024,4675,413,545,4543.0,6740.79
INV_107649,WH_11,PROD_0278,26/04/2024,2772,433,1402,1803.0,2141.5
INV_107650,WH_10,PROD_0160,12/05/2024,1071,1197,344,1924.0,1498.54
INV_107651,WH_05,PROD_0252,28/07/2024,3263,481,1332,2412.0,2074.84
INV_107652,WH_13,PROD_0039,13/04/2024,3082,184,236,3030.0,2291.23
INV_107653,WH_09,PROD_0088,29/07/2024,971,1417,1408,980.0,1410.89
INV_107654,WH_12,PROD_0021,19/08/2024,3981,832,1457,3356.0,2913.15
INV_107655,WH_14,PROD_0171,23/08/2024,1374,217,983,608.0,874.17
INV_107656,WH_13,PROD_0026,20/05/2024,4233,849,1359,3723.0,2642.55
INV_107657,WH_04,PROD_0101,10/06/2024,3346,363,973,2736.0,1752.43
INV_107658,WH_07,PROD_0248,09/07/2024,3950,449,504,3895.0,5493.28
INV_107659,WH_01,PROD_0107,01/05/2024,3430,1389,622,4197.0,2619.95
INV_107660,WH_10,PROD_0193,21/10/2024,583,295,898,-20.0,-17.44
INV_107661,WH_13,PROD_0297,15/02/2024,3842,632,1276,3198.0,3672.88
INV_107662,WH_01,PROD_0190,12/07/2024,1754,822,353,2223.0,1625.83
INV_107663,WH_10,PROD_0126,05/04/2024,3401,685,1457,2629.0,2207.05
INV_107664,WH_04,PROD_0042,04/01/2024,2767,849,827,2789.0,3409.22
INV_107665,WH_03,PROD_0296,30/07/2024,4915,687,855,4747.0,2967.56
INV_107666,WH_13,PROD_0285,22/11/2024,3123,257,1467,,0.0
INV_107667,WH_03,PROD_0039,08/03/2024,4056,872,339,4589.0,5232.79
INV_107668,WH_14,PROD_0111,19/03/2024,911,1261,915,1257.0,899.01
INV_107669,WH_01,PROD_0279,17/10/2024,661,655,1284,32.0,30.58
INV_107670,WH_08,PROD_0006,13/11/2024,4548,1022,645,4925.0,4503.37
INV_107671,WH_02,PROD_0281,05/12/2024,2353,345,933,1765.0,1317.3
INV_107672,WH_11,PROD_0179,16/07/2024,4065,894,1257,3702.0,4166.06
INV_107673,WH_09,PROD_0221,19/12/2024,4165,168,372,3961.0,3363.87
INV_107674,WH_02,PROD_0285,28/05/2024,4299,370,1465,3204.0,2633.04
INV_107675,WH_14,PROD_0161,30/05/2024,4943,872,501,5314.0,7344.4
INV_107676,WH_07,PROD_0219,20/08/2024,4812,1495,869,5438.0,4783.09
INV_107677,WH_10,PROD_0208,20/06/2024,4153,1378,1097,4434.0,3830.69
INV_107678,WH_06,PROD_0270,24/02/2024,4245,989,1460,3774.0,3127.6
INV_107679,WH_05,PROD_0123,30/12/2024,4050,353,535,3868.0,4069.28
INV_107680,WH_06,PROD_0147,21/05/2024,2496,828,179,,0.0
INV_107681,WH_08,PROD_0145,07/08/2024,3735,1400,558,4577.0,2493.64
INV_107682,WH_14,PROD_0024,01/04/2024,4084,912,902,4094.0,3461.32
INV_107683,WH_07,PROD_0064,22/10/2024,2073,827,1197,1703.0,1283.64
INV_107684,WH_08,PROD_0286,20/04/2024,947,1476,265,2158.0,1402.54
INV_107685,WH_12,PROD_0262,06/03/2024,1958,1196,1179,1975.0,1826.43
INV_107686,WH_04,PROD_0124,30/07/2024,2438,659,506,2591.0,2135.9
INV_107687,WH_05,PROD_0118,13/08/2024,4888,1305,1173,5020.0,3639.6
INV_107688,WH_12,PROD_0055,21/02/2024,4122,1287,280,5129.0,2741.68
INV_107689,WH_11,PROD_0261,17/05/2024,736,340,786,290.0,348.16
INV_107690,WH_10,PROD_0211,05/04/2024,4761,723,1099,4385.0,5975.43
INV_107691,WH_15,PROD_0174,26/09/2024,3749,1280,136,4893.0,4691.96
INV_107692,WH_12,PROD_0044,24/06/2024,3753,257,1190,2820.0,3557.58
INV_107693,WH_04,PROD_0089,23/06/2024,3620,569,391,3798.0,3868.99
INV_107694,WH_07,PROD_0017,07/09/2024,4799,636,1070,4365.0,4669.65
INV_107695,WH_08,PROD_0152,08/07/2024,4904,1457,1410,4951.0,5276.32
INV_107696,WH_13,PROD_0123,15/07/2024,2930,886,1136,2680.0,3682.79
INV_107697,WH_01,PROD_0030,16/06/2024,1789,1131,812,,0.0
INV_107698,WH_05,PROD_0058,28/09/2024,1984,667,1065,1586.0,1687.3
INV_107699,WH_15,PROD_0107,11/10/2024,1199,1071,1214,1056.0,1418.47
INV_107700,WH_10,PROD_0112,22/04/2024,913,960,426,1447.0,2158.96
INV_107701,WH_08,PROD_0037,30/06/2024,3219,1274,995,3498.0,2414.9
INV_107702,WH_09,PROD_0140,16/10/2024,3850,522,1426,2946.0,1931.84
INV_107703,WH_05,PROD_0011,19/08/2024,1659,417,323,,0.0
INV_107704,WH_07,PROD_0233,21/01/2024,2657,516,445,,0.0
INV_107705,WH_03,PROD_0295,13/08/2024,759,694,221,,0.0
INV_107706,WH_09,PROD_0233,11/06/2024,4376,1003,1179,4200.0,5436.76
INV_107707,WH_15,PROD_0234,10/12/2024,2358,649,894,2113.0,2087.65
INV_107708,WH_12,PROD_0259,04/01/2024,772,728,1016,484.0,539.87
INV_107709,WH_09,PROD_0289,09/03/2024,4806,548,1458,3896.0,1991.6
INV_107710,WH_08,PROD_0198,11/05/2024,4100,607,139,4568.0,4377.7
INV_107711,WH_04,PROD_0125,10/06/2024,3553,1203,119,4637.0,3971.63
INV_107712,WH_08,PROD_0135,19/08/2024,4129,567,1035,3661.0,2833.66
INV_107713,WH_04,PROD_0083,30/01/2024,1490,468,180,1778.0,1958.95
INV_107714,WH_06,PROD_0029,25/01/2024,3024,941,1051,2914.0,1962.74
INV_107715,WH_05,PROD_0168,31/05/2024,4720,175,538,4357.0,5537.42
INV_107716,WH_13,PROD_0165,07/08/2024,1417,988,689,1716.0,1996.3
INV_107717,WH_06,PROD_0266,29/04/2024,2040,985,112,2913.0,4152.07
INV_107718,WH_15,PROD_0008,13/05/2024,2256,212,938,1530.0,873.75
INV_107719,WH_02,PROD_0122,08/07/2024,942,200,399,743.0,1054.75
INV_107720,WH_02,PROD_0048,03/05/2024,3275,911,1494,2692.0,2384.74
INV_107721,WH_03,PROD_0244,23/04/2024,4654,239,1445,3448.0,3899.88
INV_107722,WH_13,PROD_0239,07/05/2024,664,280,919,25.0,25.43
INV_107723,WH_04,PROD_0016,08/07/2024,1826,362,850,1338.0,1149.92
INV_107724,WH_14,PROD_0171,19/11/2024,1689,1236,718,2207.0,2313.44
INV_107725,WH_04,PROD_0039,24/08/2024,930,682,1112,500.0,742.06
INV_107726,WH_11,PROD_0222,03/06/2024,4075,145,603,3617.0,3696.41
INV_107727,WH_01,PROD_0123,20/01/2024,1411,347,322,1436.0,1208.75
INV_107728,WH_12,PROD_0091,17/04/2024,656,412,547,521.0,448.91
INV_107729,WH_07,PROD_0258,22/03/2024,3632,133,497,3268.0,2835.69
INV_107730,WH_04,PROD_0094,27/04/2024,1489,1151,1256,1384.0,993.41
INV_107731,WH_05,PROD_0105,08/12/2024,4300,1083,329,5054.0,4888.85
INV_107732,WH_02,PROD_0020,22/02/2024,1115,559,1056,618.0,460.24
INV_107733,WH_11,PROD_0141,16/09/2024,3139,611,1431,2319.0,3257.36
INV_107734,WH_10,PROD_0015,03/10/2024,2949,451,146,3254.0,2478.85
INV_107735,WH_09,PROD_0077,04/07/2024,1025,531,624,932.0,484.28
INV_107736,WH_12,PROD_0264,08/05/2024,759,992,837,914.0,736.7
INV_107737,WH_03,PROD_0121,06/12/2024,3805,146,186,3765.0,4830.43
INV_107738,WH_01,PROD_0090,04/07/2024,2545,502,552,2495.0,3670.31
INV_107739,WH_12,PROD_0158,15/03/2024,4590,1130,277,5443.0,7520.14
INV_107740,WH_04,PROD_0103,16/07/2024,2870,1297,974,3193.0,2207.31
INV_107741,WH_04,PROD_0138,11/11/2024,2942,1304,796,3450.0,3811.26
INV_107742,WH_14,PROD_0184,27/09/2024,3822,1069,1391,3500.0,4602.38
INV_107743,WH_06,PROD_0089,23/11/2024,3477,1060,1385,3152.0,4051.63
INV_107744,WH_03,PROD_0139,23/09/2024,2922,457,883,2496.0,1478.56
INV_107745,WH_14,PROD_0111,22/02/2024,1744,352,263,,0.0
INV_107746,WH_09,PROD_0275,03/04/2024,3385,1347,1391,3341.0,1804.34
INV_107747,WH_02,PROD_0215,04/05/2024,4368,1179,441,,0.0
INV_107748,WH_15,PROD_0079,27/09/2024,3551,1285,140,4696.0,2845.23
INV_107749,WH_04,PROD_0216,30/07/2024,778,1140,865,1053.0,774.58
INV_107750,WH_08,PROD_0117,28/05/2024,593,1058,1186,465.0,517.21
INV_107751,WH_03,PROD_0005,17/03/2024,1772,1487,260,2999.0,4234.47
INV_107752,WH_05,PROD_0107,07/03/2024,1329,779,209,1899.0,1937.86
INV_107753,WH_12,PROD_0231,03/04/2024,2109,117,1242,984.0,931.06
INV_107754,WH_03,PROD_0126,24/02/2024,2604,1031,507,3128.0,2908.52
INV_107755,WH_15,PROD_0215,27/10/2024,4098,982,309,4771.0,6484.85
INV_107756,WH_11,PROD_0212,07/04/2024,4206,1446,1209,4443.0,3312.29
INV_107757,WH_03,PROD_0137,11/04/2024,3208,1413,462,4159.0,2659.96
INV_107758,WH_04,PROD_0143,09/11/2024,2576,1318,352,3542.0,4605.62
INV_107759,WH_01,PROD_0279,17/11/2024,4746,715,1260,4201.0,5659.33
INV_107760,WH_11,PROD_0251,13/10/2024,3819,444,519,3744.0,3042.66
INV_107761,WH_08,PROD_0267,07/05/2024,2970,1023,1133,,0.0
INV_107762,WH_08,PROD_0276,07/06/2024,3883,458,889,3452.0,1991.52
INV_107763,WH_01,PROD_0285,18/09/2024,3820,107,1394,2533.0,3238.09
INV_107764,WH_02,PROD_0273,17/02/2024,2451,1346,639,3158.0,3994.19
INV_107765,WH_09,PROD_0123,22/10/2024,1751,768,191,2328.0,1431.46
INV_107766,WH_13,PROD_0011,23/05/2024,1095,719,519,1295.0,1934.6
INV_107767,WH_09,PROD_0023,27/05/2024,2986,368,869,2485.0,2915.35
INV_107768,WH_03,PROD_0066,14/11/2024,967,659,1433,193.0,221.69
INV_107769,WH_04,PROD_0297,27/08/2024,3785,246,1398,2633.0,1872.23
INV_107770,WH_07,PROD_0002,27/10/2024,2878,640,1074,2444.0,3135.38
INV_107771,WH_13,PROD_0259,13/06/2024,3099,482,1066,2515.0,3219.7
INV_107772,WH_12,PROD_0191,30/04/2024,905,1240,164,1981.0,2660.95
INV_107773,WH_04,PROD_0111,28/06/2024,2993,625,1166,2452.0,2659.99
INV_107774,WH_12,PROD_0269,24/06/2024,2226,286,1491,1021.0,863.9
INV_107775,WH_10,PROD_0242,05/04/2024,1802,276,285,1793.0,2320.38
INV_107776,WH_06,PROD_0132,14/03/2024,2092,487,1002,1577.0,2137.73
INV_107777,WH_14,PROD_0265,20/11/2024,4929,239,809,4359.0,4530.68
INV_107778,WH_04,PROD_0127,30/12/2024,4775,528,314,4989.0,7095.68
INV_107779,WH_10,PROD_0246,09/11/2024,3224,1276,366,4134.0,2973.56
INV_107780,WH_11,PROD_0237,11/08/2024,4459,691,576,4574.0,4964.02
INV_107781,WH_07,PROD_0021,27/05/2024,511,553,1194,-130.0,-141.9
INV_107782,WH_07,PROD_0144,28/01/2024,2767,409,1150,2026.0,1530.85
INV_107783,WH_11,PROD_0071,18/01/2024,2289,242,1057,1474.0,1567.76
INV_107784,WH_09,PROD_0245,18/10/2024,4998,663,1237,4424.0,3479.53
INV_107785,WH_12,PROD_0245,21/04/2024,3660,224,1370,2514.0,2379.26
INV_107786,WH_12,PROD_0061,14/12/2024,4113,1391,774,4730.0,2996.6
INV_107787,WH_11,PROD_0288,21/04/2024,2732,1487,595,,0.0
INV_107788,WH_14,PROD_0159,12/01/2024,3767,661,109,4319.0,4333.99
INV_107789,WH_09,PROD_0050,22/05/2024,4278,1495,1496,4277.0,4711.1
INV_107790,WH_15,PROD_0151,26/06/2024,2471,754,1306,1919.0,1699.62
INV_107791,WH_02,PROD_0036,27/05/2024,2993,352,1405,1940.0,1397.81
INV_107792,WH_04,PROD_0111,29/03/2024,4412,1356,629,5139.0,7058.89
INV_107793,WH_08,PROD_0247,23/06/2024,1494,348,586,1256.0,1225.28
INV_107794,WH_09,PROD_0228,10/03/2024,1055,920,849,1126.0,778.73
INV_107795,WH_12,PROD_0251,05/08/2024,3539,1292,1146,3685.0,2810.58
INV_107796,WH_02,PROD_0239,05/01/2024,655,1065,168,1552.0,1056.63
INV_107797,WH_08,PROD_0187,07/06/2024,2230,251,654,1827.0,2506.15
INV_107798,WH_06,PROD_0186,30/12/2024,1970,269,1176,1063.0,1327.7
INV_107799,WH_05,PROD_0203,17/02/2024,2347,1333,1032,2648.0,3547.62
INV_107800,WH_11,PROD_0176,13/04/2024,1991,276,530,1737.0,1954.42
INV_107801,WH_03,PROD_0113,23/12/2024,859,331,994,196.0,170.07
INV_107802,WH_09,PROD_0200,29/01/2024,656,1094,754,996.0,748.67
INV_107803,WH_15,PROD_0039,28/03/2024,4898,1144,893,5149.0,5293.22
INV_107804,WH_02,PROD_0275,14/06/2024,2129,1296,1225,2200.0,2307.18
INV_107805,WH_13,PROD_0136,19/09/2024,1131,361,625,867.0,897.41
INV_107806,WH_15,PROD_0018,03/05/2024,574,505,164,915.0,1104.64
INV_107807,WH_06,PROD_0032,20/06/2024,3832,827,106,4553.0,6232.58
INV_107808,WH_06,PROD_0287,03/07/2024,2597,677,1450,1824.0,1479.35
INV_107809,WH_08,PROD_0261,16/11/2024,3773,1159,1478,3454.0,4382.41
INV_107810,WH_05,PROD_0214,26/11/2024,4536,646,1082,4100.0,3661.0
INV_107811,WH_01,PROD_0046,04/01/2024,4069,1387,555,4901.0,4347.15
INV_107812,WH_06,PROD_0130,27/06/2024,2102,1243,435,2910.0,2624.33
INV_107813,WH_05,PROD_0170,12/08/2024,2075,1229,1477,1827.0,2621.81
INV_107814,WH_14,PROD_0163,19/05/2024,1303,682,419,1566.0,1757.69
INV_107815,WH_02,PROD_0114,19/06/2024,1552,1464,594,2422.0,2105.98
INV_107816,WH_14,PROD_0161,07/09/2024,3525,1465,1377,3613.0,4783.99
INV_107817,WH_15,PROD_0153,11/05/2024,4765,1164,936,4993.0,4767.29
INV_107818,WH_08,PROD_0009,21/07/2024,725,1081,1348,458.0,408.66
INV_107819,WH_03,PROD_0059,02/07/2024,1413,772,948,1237.0,983.97
INV_107820,WH_05,PROD_0265,17/07/2024,3569,1007,1125,3451.0,1834.28
INV_107821,WH_10,PROD_0002,24/12/2024,3377,695,116,3956.0,5018.14
INV_107822,WH_03,PROD_0042,06/11/2024,3741,1185,787,4139.0,3278.71
INV_107823,WH_11,PROD_0280,19/03/2024,2022,1112,1432,1702.0,1213.35
INV_107824,WH_06,PROD_0122,12/02/2024,1308,1069,520,1857.0,2631.4
INV_107825,WH_15,PROD_0272,07/02/2024,3760,1457,327,4890.0,2727.38
INV_107826,WH_09,PROD_0097,18/11/2024,4498,1029,1011,4516.0,6420.75
INV_107827,WH_04,PROD_0205,25/06/2024,1841,972,127,2686.0,2144.46
INV_107828,WH_04,PROD_0238,04/08/2024,1040,1242,581,1701.0,1552.11
INV_107829,WH_10,PROD_0187,27/02/2024,4432,489,851,4070.0,5633.51
INV_107830,WH_07,PROD_0068,03/05/2024,4039,384,970,3453.0,4105.79
INV_107831,WH_07,PROD_0151,01/12/2024,3140,351,804,,0.0
INV_107832,WH_04,PROD_0282,04/09/2024,597,494,1471,-380.0,-504.93
INV_107833,WH_11,PROD_0061,15/12/2024,3274,651,865,3060.0,2760.13
INV_107834,WH_11,PROD_0051,02/08/2024,773,1023,1040,756.0,891.85
INV_107835,WH_08,PROD_0167,28/03/2024,1686,588,496,1778.0,1507.21
INV_107836,WH_06,PROD_0292,06/12/2024,3974,366,1152,3188.0,2876.97
INV_107837,WH_14,PROD_0246,20/03/2024,2552,490,1224,1818.0,1752.63
INV_107838,WH_15,PROD_0232,12/03/2024,3775,815,472,4118.0,2591.18
INV_107839,WH_03,PROD_0097,16/09/2024,3799,1375,1292,3882.0,5441.5
INV_107840,WH_08,PROD_0260,03/12/2024,2916,368,1166,2118.0,2553.09
INV_107841,WH_03,PROD_0198,31/01/2024,997,125,240,882.0,853.84
INV_107842,WH_15,PROD_0252,27/08/2024,1939,870,467,,0.0
INV_107843,WH_02,PROD_0103,05/06/2024,1552,213,1429,336.0,497.64
INV_107844,WH_13,PROD_0300,06/03/2024,1018,927,141,1804.0,2565.44
INV_107845,WH_03,PROD_0213,10/04/2024,4642,782,260,5164.0,5447.34
INV_107846,WH_08,PROD_0106,18/08/2024,4513,897,168,5242.0,2749.75
INV_107847,WH_14,PROD_0219,21/06/2024,3890,1186,775,4301.0,4073.65
INV_107848,WH_12,PROD_0034,08/03/2024,4640,228,552,4316.0,4760.75
INV_107849,WH_13,PROD_0010,24/07/2024,1056,176,1239,-7.0,-10.39
INV_107850,WH_15,PROD_0068,17/12/2024,4775,883,645,,0.0
INV_107851,WH_01,PROD_0256,16/04/2024,1260,554,698,,0.0
INV_107852,WH_13,PROD_0035,19/03/2024,4997,1310,969,5338.0,7759.68
INV_107853,WH_07,PROD_0181,01/06/2024,3461,909,1446,2924.0,2923.86
INV_107854,WH_15,PROD_0168,01/04/2024,1078,1087,551,1614.0,1479.3
INV_107855,WH_12,PROD_0176,19/12/2024,4643,104,806,,0.0
INV_107856,WH_02,PROD_0085,28/03/2024,943,1064,264,1743.0,2279.74
INV_107857,WH_06,PROD_0246,01/09/2024,1090,837,1464,,0.0
INV_107858,WH_10,PROD_0021,05/09/2024,574,345,1009,-90.0,-45.03
INV_107859,WH_15,PROD_0142,02/03/2024,4192,1487,704,4975.0,5746.36
INV_107860,WH_05,PROD_0061,28/07/2024,1235,940,617,1558.0,2218.77
INV_107861,WH_14,PROD_0289,10/06/2024,1431,1375,391,2415.0,2857.88
INV_107862,WH_01,PROD_0124,18/01/2024,1488,613,911,1190.0,820.91
INV_107863,WH_04,PROD_0028,18/04/2024,1341,331,494,1178.0,1484.85
INV_107864,WH_11,PROD_0240,28/09/2024,1679,677,980,1376.0,1384.37
INV_107865,WH_02,PROD_0051,15/08/2024,3469,352,1310,2511.0,2656.94
INV_107866,WH_10,PROD_0211,16/09/2024,3833,1263,650,4446.0,4722.6
INV_107867,WH_04,PROD_0138,11/08/2024,1610,1382,737,2255.0,3215.27
INV_107868,WH_15,PROD_0132,20/02/2024,738,1449,669,1518.0,1815.42
INV_107869,WH_03,PROD_0224,26/11/2024,3650,1090,1247,3493.0,4872.34
INV_107870,WH_13,PROD_0283,11/08/2024,4597,1435,890,5142.0,4302.87
INV_107871,WH_05,PROD_0021,29/04/2024,1774,830,339,,0.0
INV_107872,WH_02,PROD_0082,05/08/2024,634,965,1174,425.0,632.68
INV_107873,WH_11,PROD_0058,25/08/2024,1633,1216,1267,1582.0,916.64
INV_107874,WH_04,PROD_0132,07/05/2024,3285,617,913,2989.0,3162.65
INV_107875,WH_12,PROD_0105,27/02/2024,1902,417,119,2200.0,1276.65
INV_107876,WH_15,PROD_0283,28/01/2024,3588,737,1226,3099.0,1858.62
INV_107877,WH_08,PROD_0240,07/01/2024,3339,1271,1132,3478.0,4567.71
INV_107878,WH_04,PROD_0056,11/04/2024,1967,385,575,,0.0
INV_107879,WH_12,PROD_0041,06/02/2024,2200,199,1197,1202.0,1390.55
INV_107880,WH_05,PROD_0238,02/02/2024,1547,1135,1251,1431.0,765.68
INV_107881,WH_05,PROD_0002,27/01/2024,3880,706,849,3737.0,2060.61
INV_107882,WH_13,PROD_0206,21/06/2024,2300,974,216,3058.0,4414.68
INV_107883,WH_05,PROD_0078,13/03/2024,2475,910,608,2777.0,2858.64
INV_107884,WH_05,PROD_0182,14/01/2024,957,275,1235,-3.0,-2.94
INV_107885,WH_14,PROD_0159,14/09/2024,4992,942,220,5714.0,7025.31
INV_107886,WH_13,PROD_0281,18/05/2024,3792,1280,266,4806.0,6195.12
INV_107887,WH_15,PROD_0150,14/01/2024,3398,676,125,3949.0,3744.32
INV_107888,WH_10,PROD_0084,23/11/2024,4840,249,145,4944.0,6414.21
INV_107889,WH_10,PROD_0241,03/02/2024,1587,241,213,1615.0,831.84
INV_107890,WH_15,PROD_0099,13/04/2024,4334,836,867,4303.0,3182.3
INV_107891,WH_06,PROD_0275,11/03/2024,4508,289,1220,,0.0
INV_107892,WH_15,PROD_0014,16/03/2024,4485,623,1170,3938.0,5517.16
INV_107893,WH_08,PROD_0250,30/12/2024,663,1159,607,1215.0,1500.29
INV_107894,WH_06,PROD_0234,24/06/2024,2282,279,1243,1318.0,941.52
INV_107895,WH_10,PROD_0048,27/08/2024,4975,1315,1210,5080.0,6155.29
INV_107896,WH_04,PROD_0036,18/12/2024,3430,578,1059,2949.0,2285.95
INV_107897,WH_06,PROD_0277,23/04/2024,4866,1039,817,5088.0,2632.42
INV_107898,WH_03,PROD_0059,29/04/2024,1794,470,954,1310.0,904.31
INV_107899,WH_05,PROD_0289,25/12/2024,2923,291,161,3053.0,3534.24
INV_107900,WH_02,PROD_0195,21/01/2024,3107,867,897,3077.0,3054.55
INV_107901,WH_02,PROD_0096,19/11/2024,2406,466,927,1945.0,1926.75
INV_107902,WH_14,PROD_0066,09/04/2024,4026,1001,1004,4023.0,4336.51
INV_107903,WH_15,PROD_0098,03/12/2024,2896,1496,692,3700.0,4740.63
INV_107904,WH_13,PROD_0176,07/04/2024,677,1468,1014,1131.0,1560.34
INV_107905,WH_06,PROD_0173,31/07/2024,4874,766,544,5096.0,6034.73
INV_107906,WH_06,PROD_0154,07/11/2024,3633,663,967,3329.0,2957.09
INV_107907,WH_08,PROD_0090,19/02/2024,1918,1085,539,2464.0,3147.91
INV_107908,WH_10,PROD_0234,06/06/2024,2152,493,1117,,0.0
INV_107909,WH_10,PROD_0182,02/03/2024,4054,955,466,4543.0,6632.11
INV_107910,WH_15,PROD_0274,12/02/2024,3383,661,1468,2576.0,1907.55
INV_107911,WH_05,PROD_0287,25/06/2024,4207,1449,528,5128.0,4729.74
INV_107912,WH_06,PROD_0015,12/12/2024,3466,913,433,3946.0,4735.67
INV_107913,WH_08,PROD_0059,08/07/2024,4380,601,528,4453.0,5106.82
INV_107914,WH_09,PROD_0145,09/05/2024,2489,992,1031,2450.0,1785.58
INV_107915,WH_11,PROD_0287,06/11/2024,1227,863,1285,805.0,1156.21
INV_107916,WH_12,PROD_0267,28/01/2024,3309,1447,1051,3705.0,5088.16
INV_107917,WH_03,PROD_0051,17/01/2024,1509,133,492,1150.0,792.86
INV_107918,WH_12,PROD_0260,26/04/2024,3209,153,1040,,0.0
INV_107919,WH_04,PROD_0037,19/02/2024,4331,943,1424,3850.0,5745.69
INV_107920,WH_02,PROD_0158,16/06/2024,908,631,383,1156.0,1368.33
INV_107921,WH_12,PROD_0157,22/10/2024,4179,1379,469,5089.0,5652.32
INV_107922,WH_11,PROD_0222,26/08/2024,2214,1360,1039,2535.0,3229.03
INV_107923,WH_13,PROD_0090,06/06/2024,4733,276,874,4135.0,3902.5
INV_107924,WH_03,PROD_0238,27/12/2024,3565,1167,499,4233.0,5649.63
INV_107925,WH_08,PROD_0059,27/01/2024,2740,715,1173,2282.0,1486.35
INV_107926,WH_05,PROD_0094,13/12/2024,4647,269,1136,3780.0,2352.32
INV_107927,WH_09,PROD_0225,25/11/2024,2123,592,1106,1609.0,1741.65
INV_107928,WH_14,PROD_0067,18/01/2024,2461,442,548,,0.0
INV_107929,WH_09,PROD_0300,16/09/2024,4792,246,107,4931.0,3714.46
INV_107930,WH_15,PROD_0100,16/02/2024,2841,1445,1370,2916.0,3670.3
INV_107931,WH_02,PROD_0159,21/03/2024,1739,1393,343,2789.0,3359.73
INV_107932,WH_13,PROD_0247,21/04/2024,4393,1151,1243,4301.0,2752.58
INV_107933,WH_02,PROD_0284,12/02/2024,4106,602,745,3963.0,5452.97
INV_107934,WH_10,PROD_0260,10/01/2024,3650,1471,889,4232.0,5388.17
INV_107935,WH_03,PROD_0264,26/04/2024,1910,1338,713,2535.0,2834.74
INV_107936,WH_04,PROD_0188,29/01/2024,3158,209,939,2428.0,3592.44
INV_107937,WH_10,PROD_0148,11/10/2024,3672,690,791,3571.0,4931.83
INV_107938,WH_03,PROD_0021,22/09/2024,2093,457,850,,0.0
INV_107939,WH_06,PROD_0127,02/06/2024,3529,431,801,3159.0,4238.42
INV_107940,WH_05,PROD_0030,07/11/2024,2926,1307,158,4075.0,5135.77
INV_107941,WH_10,PROD_0065,26/12/2024,3945,641,1466,3120.0,3060.59
INV_107942,WH_01,PROD_0112,26/05/2024,4876,526,1491,3911.0,2610.14
INV_107943,WH_06,PROD_0077,09/04/2024,4114,288,760,3642.0,5354.46
INV_107944,WH_09,PROD_0001,04/01/2024,721,294,961,54.0,70.97
INV_107945,WH_09,PROD_0070,07/07/2024,2390,884,776,2498.0,2337.05
INV_107946,WH_12,PROD_0289,13/08/2024,2412,350,706,2056.0,1483.38
INV_107947,WH_04,PROD_0262,24/03/2024,1094,1446,969,1571.0,1898.91
INV_107948,WH_14,PROD_0127,03/03/2024,4151,233,1150,3234.0,3651.43
INV_107949,WH_10,PROD_0211,14/09/2024,4610,1188,1455,4343.0,2739.59
INV_107950,WH_07,PROD_0242,30/11/2024,4068,1352,1249,4171.0,4628.27
INV_107951,WH_08,PROD_0003,25/10/2024,1778,113,915,976.0,933.07
INV_107952,WH_02,PROD_0009,21/10/2024,3307,478,312,3473.0,3093.97
INV_107953,WH_09,PROD_0215,02/05/2024,1797,1296,297,2796.0,2546.14
INV_107954,WH_04,PROD_0269,23/08/2024,2917,468,1412,1973.0,2702.82
INV_107955,WH_06,PROD_0021,31/03/2024,4162,910,638,4434.0,6341.56
INV_107956,WH_14,PROD_0144,29/01/2024,4181,376,527,,0.0
INV_107957,WH_12,PROD_0243,22/03/2024,572,1209,134,1647.0,2390.41
INV_107958,WH_12,PROD_0107,11/06/2024,2026,1499,768,2757.0,2289.89
INV_107959,WH_05,PROD_0205,19/07/2024,3479,708,625,3562.0,5091.65
INV_107960,WH_11,PROD_0006,07/07/2024,2703,796,1099,,0.0
INV_107961,WH_08,PROD_0084,19/09/2024,1702,179,843,1038.0,831.14
INV_107962,WH_07,PROD_0227,14/10/2024,4360,1108,1089,4379.0,2927.65
INV_107963,WH_02,PROD_0162,06/06/2024,2800,179,937,,0.0
INV_107964,WH_14,PROD_0224,28/03/2024,960,599,1474,85.0,47.86
INV_107965,WH_10,PROD_0291,27/06/2024,3326,833,128,4031.0,2577.56
INV_107966,WH_04,PROD_0299,12/05/2024,2975,296,1160,2111.0,1612.78
INV_107967,WH_03,PROD_0053,20/05/2024,4475,185,1165,,0.0
INV_107968,WH_10,PROD_0008,14/11/2024,1039,1186,757,1468.0,2009.54
INV_107969,WH_15,PROD_0217,14/08/2024,2390,1246,716,2920.0,1740.83
INV_107970,WH_01,PROD_0113,20/07/2024,3624,828,348,,0.0
INV_107971,WH_06,PROD_0179,18/04/2024,4740,1421,1418,4743.0,3332.5
INV_107972,WH_10,PROD_0263,24/10/2024,3654,1034,455,4233.0,2456.33
INV_107973,WH_11,PROD_0128,25/01/2024,3272,127,120,,0.0
INV_107974,WH_06,PROD_0299,08/05/2024,1773,589,381,1981.0,2783.89
INV_107975,WH_10,PROD_0153,27/01/2024,3389,998,463,3924.0,3315.98
INV_107976,WH_13,PROD_0210,30/07/2024,2944,1129,1208,2865.0,2132.4
INV_107977,WH_06,PROD_0270,13/01/2024,2376,528,974,1930.0,2417.08
INV_107978,WH_13,PROD_0259,28/06/2024,4699,1281,724,5256.0,5642.89
INV_107979,WH_05,PROD_0082,21/06/2024,622,1472,1355,739.0,903.46
INV_107980,WH_05,PROD_0165,11/10/2024,1009,1320,317,2012.0,1957.47
INV_107981,WH_13,PROD_0145,12/08/2024,2566,1339,829,3076.0,2758.17
INV_107982,WH_02,PROD_0264,03/09/2024,1096,1194,211,2079.0,2149.54
INV_107983,WH_12,PROD_0019,25/12/2024,699,1434,1293,840.0,1033.74
INV_107984,WH_14,PROD_0079,27/09/2024,1911,1450,1384,1977.0,2132.9
INV_107985,WH_01,PROD_0147,27/09/2024,1394,651,344,,0.0
INV_107986,WH_01,PROD_0214,09/04/2024,1580,161,388,1353.0,1342.46
INV_107987,WH_12,PROD_0223,10/09/2024,1340,1102,929,1513.0,1814.6
INV_107988,WH_04,PROD_0278,06/08/2024,1961,250,1466,745.0,476.5
INV_107989,WH_12,PROD_0292,01/07/2024,3728,1270,1370,3628.0,3566.59
INV_107990,WH_14,PROD_0240,26/07/2024,725,344,1205,-136.0,-121.67
INV_107991,WH_02,PROD_0047,04/03/2024,2671,206,1045,1832.0,972.33
INV_107992,WH_14,PROD_0094,26/06/2024,1853,949,490,2312.0,1750.04
INV_107993,WH_06,PROD_0081,19/10/2024,2728,813,185,3356.0,2144.43
INV_107994,WH_06,PROD_0091,17/01/2024,1999,854,1144,1709.0,1774.69
INV_107995,WH_11,PROD_0143,25/09/2024,784,567,1044,307.0,434.0
INV_107996,WH_01,PROD_0272,01/07/2024,3754,1192,786,4160.0,4022.23
INV_107997,WH_10,PROD_0114,04/11/2024,3659,891,623,3927.0,4563.25
INV_107998,WH_11,PROD_0195,11/04/2024,4471,1257,421,5307.0,6465.3
INV_107999,WH_10,PROD_0108,18/03/2024,2871,746,549,3068.0,4522.42
INV_108000,WH_07,PROD_0084,08/11/2024,1494,1285,890,1889.0,1879.38
INV_108001,WH_05,PROD_0197,08/08/2024,4373,829,127,5075.0,4727.04
INV_108002,WH_11,PROD_0168,08/07/2024,2894,784,228,3450.0,1758.08
INV_108003,WH_14,PROD_0013,09/04/2024,2301,1431,782,2950.0,2089.51
INV_108004,WH_10,PROD_0017,25/11/2024,4705,1361,1053,5013.0,5464.25
INV_108005,WH_12,PROD_0211,10/06/2024,4538,408,1131,3815.0,4771.93
INV_108006,WH_12,PROD_0260,01/10/2024,907,1400,558,1749.0,1250.11
INV_108007,WH_04,PROD_0083,06/10/2024,3473,802,363,3912.0,2807.74
INV_108008,WH_10,PROD_0097,06/12/2024,4831,1400,637,5594.0,7217.53
INV_108009,WH_01,PROD_0079,26/04/2024,1641,769,633,,0.0
INV_108010,WH_04,PROD_0178,03/03/2024,1696,324,878,1142.0,1551.09
INV_108011,WH_01,PROD_0177,01/06/2024,2844,294,382,2756.0,3186.78
INV_108012,WH_08,PROD_0256,27/11/2024,2222,819,908,2133.0,1402.06
INV_108013,WH_13,PROD_0231,03/04/2024,4615,1387,743,5259.0,3739.04
INV_108014,WH_14,PROD_0059,31/12/2024,2425,138,473,2090.0,1650.95
INV_108015,WH_08,PROD_0215,02/08/2024,2435,381,206,2610.0,1473.4
INV_108016,WH_07,PROD_0251,05/02/2024,672,902,1368,206.0,116.58
INV_108017,WH_11,PROD_0188,15/06/2024,2534,895,635,2794.0,2494.92
INV_108018,WH_07,PROD_0227,28/03/2024,1689,1207,632,2264.0,2563.85
INV_108019,WH_08,PROD_0144,28/08/2024,1106,1385,1049,1442.0,1634.58
INV_108020,WH_13,PROD_0242,01/07/2024,4635,464,321,4778.0,6639.62
INV_108021,WH_14,PROD_0011,02/03/2024,678,437,1294,-179.0,-181.54
INV_108022,WH_03,PROD_0232,08/03/2024,1338,1312,926,1724.0,1274.22
INV_108023,WH_11,PROD_0045,28/02/2024,4667,1213,460,5420.0,8077.86
INV_108024,WH_15,PROD_0105,10/07/2024,2659,1397,931,3125.0,1940.83
INV_108025,WH_15,PROD_0008,11/06/2024,4035,1175,857,4353.0,3971.39
INV_108026,WH_13,PROD_0279,04/03/2024,2857,864,556,3165.0,2143.12
INV_108027,WH_06,PROD_0133,13/12/2024,1645,957,600,2002.0,2805.21
INV_108028,WH_06,PROD_0181,17/03/2024,4366,560,217,4709.0,5035.95
INV_108029,WH_04,PROD_0160,14/02/2024,2686,314,1480,1520.0,1510.99
INV_108030,WH_14,PROD_0176,18/11/2024,892,1157,495,1554.0,2125.73
INV_108031,WH_14,PROD_0049,31/03/2024,1183,505,565,1123.0,827.77
INV_108032,WH_06,PROD_0065,14/02/2024,2764,509,286,2987.0,4076.32
INV_108033,WH_11,PROD_0084,06/12/2024,2987,166,1209,1944.0,2229.36
INV_108034,WH_05,PROD_0022,19/04/2024,3778,377,866,3289.0,2408.41
INV_108035,WH_08,PROD_0041,06/10/2024,1471,324,1255,540.0,708.45
INV_108036,WH_03,PROD_0170,01/10/2024,4245,130,425,3950.0,3010.61
INV_108037,WH_03,PROD_0169,19/09/2024,502,258,195,565.0,615.63
INV_108038,WH_01,PROD_0163,31/01/2024,2363,1280,1279,2364.0,1253.08
INV_108039,WH_14,PROD_0243,30/05/2024,2003,1045,1138,1910.0,1218.95
INV_108040,WH_13,PROD_0188,30/05/2024,935,1117,1095,957.0,987.64
INV_108041,WH_02,PROD_0131,20/12/2024,4916,1068,409,5575.0,4863.1
INV_108042,WH_15,PROD_0101,28/01/2024,2134,1131,757,2508.0,2733.15
INV_108043,WH_11,PROD_0230,21/03/2024,4704,429,341,4792.0,6122.29
INV_108044,WH_15,PROD_0085,17/02/2024,1764,1231,1033,1962.0,1248.06
INV_108045,WH_13,PROD_0093,26/11/2024,1870,1245,1268,1847.0,1451.17
INV_108046,WH_02,PROD_0199,07/08/2024,919,1101,228,,0.0
INV_108047,WH_09,PROD_0068,25/04/2024,1981,1285,1326,1940.0,1314.87
INV_108048,WH_03,PROD_0203,02/12/2024,2276,426,676,2026.0,1397.66
INV_108049,WH_02,PROD_0044,03/02/2024,3269,834,504,3599.0,3467.0
INV_108050,WH_07,PROD_0230,24/12/2024,4515,825,415,4925.0,4150.79
INV_108051,WH_06,PROD_0147,27/09/2024,3041,969,675,3335.0,2939.47
INV_108052,WH_12,PROD_0162,23/02/2024,4289,1096,840,4545.0,2397.35
INV_108053,WH_03,PROD_0280,13/01/2024,4156,998,925,4229.0,4102.36
INV_108054,WH_01,PROD_0076,14/02/2024,815,1003,248,1570.0,2298.68
INV_108055,WH_09,PROD_0004,08/01/2024,701,1324,524,,0.0
INV_108056,WH_10,PROD_0090,10/09/2024,4004,963,881,4086.0,4574.88
INV_108057,WH_08,PROD_0039,01/04/2024,4128,988,167,4949.0,6309.95
INV_108058,WH_11,PROD_0208,09/08/2024,1432,677,1286,823.0,1067.75
INV_108059,WH_07,PROD_0148,15/07/2024,2947,1198,1049,3096.0,3431.16
INV_108060,WH_12,PROD_0048,27/01/2024,2040,459,908,1591.0,1071.87
INV_108061,WH_09,PROD_0149,27/08/2024,1703,1360,588,2475.0,2798.42
INV_108062,WH_14,PROD_0205,03/10/2024,2164,477,941,1700.0,1222.96
INV_108063,WH_07,PROD_0215,26/11/2024,4939,250,164,5025.0,4742.03
INV_108064,WH_15,PROD_0162,08/07/2024,3119,683,905,2897.0,3334.06
INV_108065,WH_15,PROD_0290,07/04/2024,1503,805,1214,1094.0,1406.78
INV_108066,WH_05,PROD_0042,11/05/2024,2799,1303,1264,2838.0,2411.28
INV_108067,WH_04,PROD_0083,15/09/2024,3624,678,740,3562.0,5250.71
INV_108068,WH_08,PROD_0003,12/10/2024,2589,374,269,2694.0,3182.02
INV_108069,WH_13,PROD_0295,29/05/2024,4912,1124,931,5105.0,7100.8
INV_108070,WH_03,PROD_0146,05/02/2024,3668,788,1195,3261.0,3420.05
INV_108071,WH_12,PROD_0168,11/07/2024,860,1133,1207,786.0,762.78
INV_108072,WH_02,PROD_0182,24/12/2024,3004,923,581,3346.0,3622.74
INV_108073,WH_05,PROD_0085,18/04/2024,842,337,921,258.0,193.82
INV_108074,WH_08,PROD_0269,04/07/2024,1577,105,1267,415.0,465.34
INV_108075,WH_12,PROD_0047,11/12/2024,4822,412,723,4511.0,2557.42
INV_108076,WH_05,PROD_0173,02/06/2024,927,597,222,1302.0,895.85
INV_108077,WH_02,PROD_0137,20/03/2024,4444,594,272,4766.0,5949.77
INV_108078,WH_02,PROD_0123,11/09/2024,1332,1049,225,2156.0,1550.76
INV_108079,WH_09,PROD_0018,19/06/2024,2582,462,534,2510.0,1932.42
INV_108080,WH_05,PROD_0287,21/05/2024,2369,1431,995,2805.0,3665.66
INV_108081,WH_03,PROD_0272,02/07/2024,3580,819,210,4189.0,3413.08
INV_108082,WH_03,PROD_0219,02/06/2024,3724,682,485,3921.0,3134.5
INV_108083,WH_04,PROD_0178,28/07/2024,4504,1109,1065,4548.0,6420.33
INV_108084,WH_08,PROD_0033,12/03/2024,1476,931,974,1433.0,1320.55
INV_108085,WH_05,PROD_0176,12/10/2024,2513,1202,932,2783.0,2284.76
INV_108086,WH_11,PROD_0162,19/04/2024,4226,963,198,4991.0,6110.67
INV_108087,WH_01,PROD_0080,18/06/2024,3431,966,835,3562.0,3245.0
INV_108088,WH_13,PROD_0289,19/10/2024,4538,1480,582,5436.0,3944.61
INV_108089,WH_03,PROD_0008,15/11/2024,4108,1279,1073,4314.0,4326.19
INV_108090,WH_09,PROD_0145,29/06/2024,2221,1027,1075,2173.0,1202.79
INV_108091,WH_03,PROD_0047,06/10/2024,3022,1018,1262,2778.0,3047.48
INV_108092,WH_07,PROD_0086,08/11/2024,1815,1139,276,2678.0,2336.94
INV_108093,WH_07,PROD_0036,20/05/2024,710,925,233,1402.0,1650.1
INV_108094,WH_04,PROD_0003,19/05/2024,4818,1375,637,5556.0,3634.54
INV_108095,WH_15,PROD_0283,02/10/2024,2768,545,597,2716.0,1653.68
INV_108096,WH_15,PROD_0083,07/09/2024,3308,161,1189,2280.0,2218.61
INV_108097,WH_13,PROD_0042,26/11/2024,4576,428,158,4846.0,5541.52
INV_108098,WH_01,PROD_0192,29/04/2024,1141,1444,239,2346.0,1616.51
INV_108099,WH_15,PROD_0182,01/01/2024,4809,1306,242,5873.0,7374.43
INV_108100,WH_08,PROD_0270,29/09/2024,2595,657,463,2789.0,1879.31
INV_108101,WH_08,PROD_0197,21/12/2024,4540,134,606,4068.0,3387.88
INV_108102,WH_05,PROD_0255,08/01/2024,1827,173,454,1546.0,1532.83
INV_108103,WH_02,PROD_0167,04/11/2024,3901,1323,1055,4169.0,5583.89
INV_108104,WH_06,PROD_0113,28/03/2024,2455,191,546,2100.0,2667.51
INV_108105,WH_10,PROD_0056,03/05/2024,4673,1227,1387,4513.0,5850.28
INV_108106,WH_12,PROD_0233,04/04/2024,4285,1267,541,5011.0,4424.43
INV_108107,WH_11,PROD_0167,06/12/2024,4290,141,165,4266.0,4515.71
INV_108108,WH_07,PROD_0113,23/09/2024,3842,471,1399,2914.0,1457.77
INV_108109,WH_15,PROD_0041,20/02/2024,1639,157,461,1335.0,676.78
INV_108110,WH_11,PROD_0124,23/05/2024,3281,670,1294,2657.0,1617.7
INV_108111,WH_01,PROD_0096,29/09/2024,3865,840,925,3780.0,5514.04
INV_108112,WH_14,PROD_0249,20/05/2024,2152,957,146,2963.0,4120.01
INV_108113,WH_11,PROD_0274,18/04/2024,1608,575,487,1696.0,1058.51
INV_108114,WH_13,PROD_0087,20/08/2024,2995,1395,602,3788.0,3431.72
INV_108115,WH_04,PROD_0132,14/01/2024,1173,331,1101,403.0,416.46
INV_108116,WH_13,PROD_0145,13/06/2024,3704,557,1246,3015.0,1987.55
INV_108117,WH_13,PROD_0104,18/06/2024,4247,401,317,4331.0,4095.09
INV_108118,WH_10,PROD_0056,27/02/2024,2914,519,1420,2013.0,1047.63
INV_108119,WH_02,PROD_0031,25/09/2024,2661,836,839,2658.0,2458.76
INV_108120,WH_04,PROD_0155,13/09/2024,1635,576,719,1492.0,2188.72
INV_108121,WH_06,PROD_0295,22/12/2024,752,1043,1062,733.0,645.47
INV_108122,WH_05,PROD_0133,26/06/2024,1943,369,1348,964.0,508.65
INV_108123,WH_01,PROD_0003,22/01/2024,1022,1369,727,1664.0,1124.48
INV_108124,WH_08,PROD_0150,25/05/2024,2410,949,971,2388.0,2879.88
INV_108125,WH_15,PROD_0171,08/07/2024,2481,434,1215,1700.0,1283.4
INV_108126,WH_03,PROD_0155,21/12/2024,3968,1310,1072,4206.0,3159.83
INV_108127,WH_03,PROD_0138,04/05/2024,4910,313,304,4919.0,4621.72
INV_108128,WH_01,PROD_0069,14/11/2024,3992,1357,560,4789.0,2607.0
INV_108129,WH_03,PROD_0026,02/07/2024,4058,1308,772,4594.0,5402.35
INV_108130,WH_12,PROD_0234,09/06/2024,3813,1076,492,4397.0,5784.36
INV_108131,WH_08,PROD_0300,01/01/2024,2159,139,1310,988.0,1311.01
INV_108132,WH_04,PROD_0136,23/01/2024,1463,1485,1205,1743.0,1019.47
INV_108133,WH_07,PROD_0267,17/04/2024,1824,177,1088,913.0,1114.41
INV_108134,WH_04,PROD_0251,30/09/2024,4548,367,754,4161.0,5231.84
INV_108135,WH_04,PROD_0178,21/09/2024,1657,450,853,1254.0,1199.83
INV_108136,WH_02,PROD_0196,01/01/2024,2047,169,298,1918.0,2284.01
INV_108137,WH_08,PROD_0072,27/07/2024,1760,383,170,1973.0,1390.4
INV_108138,WH_13,PROD_0069,21/04/2024,707,517,417,807.0,1154.83
INV_108139,WH_11,PROD_0186,28/04/2024,1057,338,1055,340.0,226.92
INV_108140,WH_03,PROD_0178,06/07/2024,2292,579,326,2545.0,3391.48
INV_108141,WH_13,PROD_0054,19/08/2024,3757,628,632,3753.0,3766.36
INV_108142,WH_06,PROD_0087,12/08/2024,850,151,1003,-2.0,-1.17
INV_108143,WH_06,PROD_0239,11/10/2024,3484,1360,498,4346.0,2525.2
INV_108144,WH_15,PROD_0054,04/01/2024,531,1120,312,1339.0,895.99
INV_108145,WH_01,PROD_0245,22/05/2024,1299,530,1359,470.0,506.12
INV_108146,WH_06,PROD_0251,02/06/2024,3793,548,851,3490.0,3508.15
INV_108147,WH_07,PROD_0229,28/09/2024,3271,908,532,3647.0,3821.5
INV_108148,WH_14,PROD_0082,29/02/2024,1449,1370,181,2638.0,3510.72
INV_108149,WH_08,PROD_0214,25/11/2024,4555,721,1167,4109.0,2504.45
INV_108150,WH_04,PROD_0079,28/02/2024,3196,368,150,3414.0,3357.82
INV_108151,WH_05,PROD_0165,31/12/2024,1025,477,462,1040.0,1371.94
INV_108152,WH_01,PROD_0075,18/10/2024,2220,1305,490,3035.0,3822.38
INV_108153,WH_15,PROD_0065,12/10/2024,4125,1419,926,4618.0,6730.54
INV_108154,WH_05,PROD_0001,20/07/2024,632,799,676,755.0,744.02
INV_108155,WH_01,PROD_0291,24/01/2024,1473,803,1388,888.0,993.78
INV_108156,WH_04,PROD_0066,10/02/2024,4366,943,439,4870.0,6262.01
INV_108157,WH_02,PROD_0086,15/09/2024,596,1367,727,1236.0,1578.86
INV_108158,WH_01,PROD_0267,30/05/2024,1970,823,919,1874.0,985.04
INV_108159,WH_09,PROD_0037,08/12/2024,4063,1079,402,4740.0,6568.8
INV_108160,WH_09,PROD_0016,29/10/2024,629,923,1375,177.0,256.45
INV_108161,WH_12,PROD_0146,16/08/2024,807,1125,350,1582.0,2355.51
INV_108162,WH_01,PROD_0063,11/12/2024,4445,610,823,4232.0,3641.02
INV_108163,WH_09,PROD_0005,06/01/2024,3762,378,1294,2846.0,3121.76
INV_108164,WH_15,PROD_0238,25/10/2024,3453,162,852,2763.0,3973.75
INV_108165,WH_01,PROD_0018,27/04/2024,1465,460,607,1318.0,693.87
INV_108166,WH_05,PROD_0259,17/05/2024,3791,147,1214,2724.0,3248.65
INV_108167,WH_12,PROD_0161,07/01/2024,2501,137,1200,1438.0,1341.97
INV_108168,WH_06,PROD_0101,06/01/2024,543,1411,882,1072.0,1186.96
INV_108169,WH_05,PROD_0071,04/08/2024,661,1339,1485,515.0,740.05
INV_108170,WH_15,PROD_0098,23/01/2024,3255,586,243,3598.0,3854.23
INV_108171,WH_12,PROD_0258,19/04/2024,4596,1439,733,5302.0,5545.58
INV_108172,WH_14,PROD_0268,08/05/2024,727,324,1206,-155.0,-161.97
INV_108173,WH_13,PROD_0255,26/01/2024,1460,1418,1183,1695.0,2360.03
INV_108174,WH_04,PROD_0236,20/05/2024,1546,767,938,1375.0,1467.01
INV_108175,WH_13,PROD_0248,28/06/2024,2805,1362,466,3701.0,3014.62
INV_108176,WH_14,PROD_0091,22/06/2024,2654,363,1113,1904.0,2017.69
INV_108177,WH_02,PROD_0284,05/03/2024,860,197,457,600.0,670.07
INV_108178,WH_02,PROD_0212,15/02/2024,3144,1084,881,3347.0,3816.68
INV_108179,WH_09,PROD_0131,21/10/2024,778,350,1033,95.0,132.18
INV_108180,WH_09,PROD_0035,20/11/2024,3273,1238,463,4048.0,2227.1
INV_108181,WH_14,PROD_0072,10/12/2024,1213,1019,1271,961.0,642.22
INV_108182,WH_15,PROD_0026,24/05/2024,971,825,915,881.0,601.61
INV_108183,WH_04,PROD_0294,08/03/2024,3780,1191,1224,3747.0,4039.88
INV_108184,WH_14,PROD_0104,16/01/2024,969,1484,386,2067.0,3071.86
INV_108185,WH_03,PROD_0108,09/11/2024,968,179,612,535.0,764.4
INV_108186,WH_13,PROD_0041,24/12/2024,4859,1158,749,5268.0,3000.84
INV_108187,WH_06,PROD_0227,14/12/2024,1620,996,544,2072.0,1111.68
INV_108188,WH_10,PROD_0012,28/09/2024,569,914,1408,75.0,108.36
INV_108189,WH_07,PROD_0004,26/04/2024,4761,143,378,4526.0,3064.85
INV_108190,WH_12,PROD_0053,18/10/2024,2647,1078,122,3603.0,2804.41
INV_108191,WH_03,PROD_0258,06/03/2024,3917,1292,1215,3994.0,2431.08
INV_108192,WH_10,PROD_0021,14/04/2024,4580,837,1099,4318.0,4003.81
INV_108193,WH_12,PROD_0078,30/05/2024,2595,392,895,2092.0,1273.97
INV_108194,WH_10,PROD_0226,30/04/2024,2075,1110,1114,2071.0,2534.38
INV_108195,WH_06,PROD_0269,13/12/2024,3618,1014,1247,3385.0,2024.85
INV_108196,WH_06,PROD_0114,20/06/2024,1500,1301,1472,1329.0,978.59
INV_108197,WH_05,PROD_0215,25/03/2024,2699,737,705,2731.0,3627.69
INV_108198,WH_01,PROD_0124,27/05/2024,661,655,1065,251.0,188.1
INV_108199,WH_09,PROD_0181,04/05/2024,884,575,1011,448.0,466.66
INV_108200,WH_12,PROD_0067,30/11/2024,4593,1452,1126,4919.0,5317.07
INV_108201,WH_04,PROD_0168,10/11/2024,1486,1213,1348,1351.0,1082.35
INV_108202,WH_14,PROD_0113,30/07/2024,4373,654,928,4099.0,5497.72
INV_108203,WH_06,PROD_0240,07/11/2024,2730,1184,1489,2425.0,1681.64
INV_108204,WH_06,PROD_0043,18/02/2024,3339,1288,1287,,0.0
INV_108205,WH_07,PROD_0160,05/10/2024,1283,1437,505,2215.0,1677.73
INV_108206,WH_09,PROD_0267,05/08/2024,1856,721,1141,1436.0,1715.88
INV_108207,WH_04,PROD_0020,10/04/2024,3433,1277,1028,3682.0,2607.54
INV_108208,WH_08,PROD_0033,26/12/2024,2184,1085,272,2997.0,2453.96
INV_108209,WH_03,PROD_0033,12/04/2024,3038,1316,1467,2887.0,4305.65
INV_108210,WH_15,PROD_0134,21/07/2024,1088,919,1496,511.0,291.87
INV_108211,WH_07,PROD_0253,21/10/2024,2996,1133,768,3361.0,2150.1
INV_108212,WH_12,PROD_0038,28/05/2024,897,1142,1292,747.0,746.05
INV_108213,WH_02,PROD_0265,28/09/2024,2365,746,677,2434.0,2139.75
INV_108214,WH_10,PROD_0161,23/11/2024,2052,503,527,2028.0,2960.8
INV_108215,WH_14,PROD_0034,07/06/2024,3018,1027,447,3598.0,4688.78
INV_108216,WH_12,PROD_0204,04/01/2024,4275,1411,205,5481.0,7000.7
INV_108217,WH_02,PROD_0214,18/09/2024,4859,1200,270,5789.0,6134.41
INV_108218,WH_11,PROD_0193,27/05/2024,2662,1184,521,3325.0,1954.31
INV_108219,WH_13,PROD_0178,06/03/2024,2401,1079,577,,0.0
INV_108220,WH_03,PROD_0003,18/08/2024,1904,513,1345,1072.0,1403.88
INV_108221,WH_02,PROD_0061,09/03/2024,3660,478,552,3586.0,2537.59
INV_108222,WH_10,PROD_0091,17/06/2024,3053,1278,1298,3033.0,1838.6
INV_108223,WH_09,PROD_0016,27/06/2024,1068,925,544,1449.0,1894.55
INV_108224,WH_15,PROD_0076,08/01/2024,3171,1250,761,3660.0,4372.6
INV_108225,WH_08,PROD_0075,25/04/2024,1681,1000,1128,1553.0,1139.3
INV_108226,WH_06,PROD_0135,20/05/2024,2823,282,1048,2057.0,1778.04
INV_108227,WH_12,PROD_0063,17/12/2024,1034,1059,471,1622.0,2307.34
INV_108228,WH_10,PROD_0149,22/06/2024,3539,840,882,3497.0,3074.18
INV_108229,WH_10,PROD_0261,23/07/2024,4781,443,1098,4126.0,2155.78
INV_108230,WH_14,PROD_0015,29/01/2024,3748,1137,1262,3623.0,4434.68
INV_108231,WH_03,PROD_0078,30/04/2024,2084,1217,1072,2229.0,2224.88
INV_108232,WH_09,PROD_0067,28/05/2024,971,464,1197,,0.0
INV_108233,WH_06,PROD_0116,14/11/2024,863,333,822,374.0,312.04
INV_108234,WH_11,PROD_0036,30/10/2024,3086,290,792,2584.0,2232.94
INV_108235,WH_06,PROD_0143,22/08/2024,3308,661,1403,2566.0,1287.81
INV_108236,WH_03,PROD_0280,30/08/2024,1064,977,169,1872.0,1886.09
INV_108237,WH_08,PROD_0041,17/08/2024,3683,867,795,3755.0,2636.69
INV_108238,WH_03,PROD_0084,25/01/2024,3050,1479,600,3929.0,2141.58
INV_108239,WH_13,PROD_0260,28/11/2024,2170,1293,605,2858.0,1624.51
INV_108240,WH_07,PROD_0238,03/10/2024,793,911,1104,600.0,757.93
INV_108241,WH_05,PROD_0020,31/10/2024,4162,291,1181,3272.0,4096.6
INV_108242,WH_05,PROD_0106,17/04/2024,3789,858,889,3758.0,2049.25
INV_108243,WH_12,PROD_0115,11/01/2024,1784,878,1327,1335.0,1273.65
INV_108244,WH_02,PROD_0028,09/03/2024,2615,921,168,3368.0,2049.37
INV_108245,WH_13,PROD_0020,03/12/2024,4663,717,1049,4331.0,4388.76
INV_108246,WH_13,PROD_0257,04/03/2024,4754,1109,943,4920.0,6424.34
INV_108247,WH_02,PROD_0150,01/11/2024,4467,1427,1217,4677.0,6023.06
INV_108248,WH_14,PROD_0211,29/02/2024,3960,880,309,4531.0,4717.23
INV_108249,WH_05,PROD_0300,30/05/2024,3384,1346,1474,3256.0,4785.51
INV_108250,WH_04,PROD_0033,09/04/2024,3510,1472,1438,3544.0,3211.9
INV_108251,WH_01,PROD_0263,05/09/2024,3859,550,1138,3271.0,4589.72
INV_108252,WH_11,PROD_0261,30/11/2024,2855,1485,586,3754.0,4575.21
INV_108253,WH_02,PROD_0251,19/07/2024,4946,261,849,4358.0,2254.25
INV_108254,WH_03,PROD_0207,15/10/2024,524,1423,1265,682.0,724.21
INV_108255,WH_01,PROD_0065,28/12/2024,932,204,752,384.0,285.42
INV_108256,WH_10,PROD_0061,10/05/2024,1959,1159,1375,1743.0,1914.14
INV_108257,WH_14,PROD_0249,16/07/2024,3793,1017,956,3854.0,3219.04
INV_108258,WH_03,PROD_0068,03/07/2024,2469,1201,550,3120.0,3815.39
INV_108259,WH_15,PROD_0203,16/11/2024,4713,624,1497,3840.0,5679.85
INV_108260,WH_07,PROD_0094,04/12/2024,3489,438,484,3443.0,4045.17
INV_108261,WH_11,PROD_0038,30/06/2024,4768,301,686,4383.0,4718.91
INV_108262,WH_04,PROD_0288,12/10/2024,2449,228,928,1749.0,1992.82
INV_108263,WH_02,PROD_0245,30/07/2024,653,1363,1169,847.0,483.79
INV_108264,WH_03,PROD_0177,16/09/2024,3136,1357,1162,3331.0,2337.48
INV_108265,WH_10,PROD_0223,06/04/2024,4639,1447,920,5166.0,3706.86
INV_108266,WH_06,PROD_0130,22/07/2024,3408,133,717,2824.0,3697.38
INV_108267,WH_11,PROD_0009,16/03/2024,2330,980,294,3016.0,2478.37
INV_108268,WH_12,PROD_0039,27/03/2024,4976,475,766,4685.0,4916.2
INV_108269,WH_10,PROD_0225,13/02/2024,2167,478,1489,1156.0,1252.28
INV_108270,WH_11,PROD_0078,06/05/2024,774,1225,779,1220.0,1044.88
INV_108271,WH_11,PROD_0088,24/05/2024,3938,819,1394,3363.0,3979.11
INV_108272,WH_04,PROD_0215,10/06/2024,844,1425,968,1301.0,1407.19
INV_108273,WH_09,PROD_0054,18/10/2024,2092,150,120,2122.0,1114.04
INV_108274,WH_04,PROD_0276,13/12/2024,1634,489,556,1567.0,2072.2
INV_108275,WH_13,PROD_0049,02/09/2024,4947,962,1319,4590.0,6331.71
INV_108276,WH_07,PROD_0189,30/06/2024,2757,1350,726,,0.0
INV_108277,WH_12,PROD_0100,11/11/2024,1583,651,1066,1168.0,1120.38
INV_108278,WH_01,PROD_0099,04/09/2024,4931,1026,419,,0.0
INV_108279,WH_07,PROD_0079,08/12/2024,998,332,639,691.0,498.28
INV_108280,WH_07,PROD_0191,02/04/2024,4007,657,298,4366.0,5850.2
INV_108281,WH_15,PROD_0193,22/10/2024,3808,1215,657,4366.0,2546.07
INV_108282,WH_06,PROD_0123,22/09/2024,4621,1390,218,5793.0,4462.64
INV_108283,WH_14,PROD_0228,24/05/2024,4529,1133,1242,4420.0,5645.86
INV_108284,WH_06,PROD_0165,18/01/2024,2936,919,980,2875.0,1470.07
INV_108285,WH_04,PROD_0183,24/09/2024,4486,1437,398,5525.0,8197.76
INV_108286,WH_14,PROD_0222,25/02/2024,3014,943,834,3123.0,3010.63
INV_108287,WH_14,PROD_0065,27/05/2024,2360,1170,428,3102.0,3311.97
INV_108288,WH_06,PROD_0080,04/03/2024,2700,697,495,2902.0,3768.25
INV_108289,WH_01,PROD_0072,11/12/2024,3320,1190,217,4293.0,5773.64
INV_108290,WH_10,PROD_0042,27/03/2024,3960,1040,1390,3610.0,3977.87
INV_108291,WH_05,PROD_0276,19/11/2024,2660,1000,690,2970.0,2492.94
INV_108292,WH_01,PROD_0276,01/02/2024,2294,350,852,1792.0,2328.53
INV_108293,WH_11,PROD_0171,08/05/2024,4942,1208,840,5310.0,5825.49
INV_108294,WH_01,PROD_0095,28/06/2024,2487,1120,910,2697.0,1629.16
INV_108295,WH_10,PROD_0239,29/12/2024,1104,182,868,418.0,298.93
INV_108296,WH_11,PROD_0067,05/04/2024,3154,960,1294,2820.0,4012.87
INV_108297,WH_06,PROD_0274,21/07/2024,4701,1007,1060,4648.0,6833.85
INV_108298,WH_02,PROD_0178,07/12/2024,1338,657,1261,734.0,869.47
INV_108299,WH_10,PROD_0017,10/09/2024,1796,1422,1183,2035.0,2490.05
INV_108300,WH_12,PROD_0052,24/01/2024,1977,281,282,1976.0,1950.67
INV_108301,WH_02,PROD_0228,11/08/2024,3434,450,517,3367.0,3712.07
INV_108302,WH_02,PROD_0227,30/09/2024,2875,1400,1179,3096.0,4278.2
INV_108303,WH_06,PROD_0056,06/07/2024,4386,1450,806,5030.0,6901.19
INV_108304,WH_08,PROD_0216,05/01/2024,1213,193,873,533.0,493.76
INV_108305,WH_14,PROD_0251,11/04/2024,1511,386,589,1308.0,1267.11
INV_108306,WH_11,PROD_0223,13/05/2024,3893,105,1066,2932.0,2581.22
INV_108307,WH_01,PROD_0255,01/04/2024,4530,1025,723,4832.0,3645.41
INV_108308,WH_09,PROD_0248,21/07/2024,4681,114,406,4389.0,5494.43
INV_108309,WH_10,PROD_0293,14/02/2024,4687,1046,322,5411.0,2892.96
INV_108310,WH_14,PROD_0019,20/04/2024,2707,505,591,2621.0,1623.0
INV_108311,WH_03,PROD_0087,03/10/2024,4500,971,269,5202.0,3693.25
INV_108312,WH_09,PROD_0163,17/03/2024,2919,1385,1275,3029.0,2216.35
INV_108313,WH_06,PROD_0193,26/12/2024,2930,1383,553,3760.0,2357.32
INV_108314,WH_05,PROD_0217,15/02/2024,3575,1206,1177,3604.0,2718.69
INV_108315,WH_13,PROD_0159,29/06/2024,2056,196,383,1869.0,1843.54
INV_108316,WH_05,PROD_0180,17/01/2024,2680,1117,1002,2795.0,4140.92
INV_108317,WH_10,PROD_0054,31/03/2024,4326,253,1095,3484.0,2595.15
INV_108318,WH_14,PROD_0041,10/01/2024,2334,341,1186,1489.0,1959.93
INV_108319,WH_12,PROD_0087,18/03/2024,3438,651,1182,2907.0,3089.47
INV_108320,WH_06,PROD_0265,17/10/2024,4168,1082,1243,4007.0,4997.17
INV_108321,WH_15,PROD_0119,14/12/2024,623,1262,875,1010.0,1504.86
INV_108322,WH_10,PROD_0190,17/10/2024,4764,1298,1320,4742.0,5828.09
INV_108323,WH_02,PROD_0033,10/04/2024,2474,1136,602,3008.0,2301.87
INV_108324,WH_15,PROD_0300,26/09/2024,4097,993,253,4837.0,3713.57
INV_108325,WH_15,PROD_0110,17/12/2024,2103,477,1163,1417.0,738.74
INV_108326,WH_14,PROD_0108,27/06/2024,3586,601,623,3564.0,2653.46
INV_108327,WH_01,PROD_0165,08/08/2024,2301,1485,155,3631.0,5114.96
INV_108328,WH_12,PROD_0142,19/12/2024,3767,338,896,3209.0,3805.75
INV_108329,WH_15,PROD_0215,22/03/2024,800,1146,229,1717.0,1637.92
INV_108330,WH_02,PROD_0146,13/01/2024,4351,363,1157,,0.0
INV_108331,WH_07,PROD_0016,24/08/2024,2327,699,621,2405.0,2910.54
INV_108332,WH_07,PROD_0240,10/03/2024,4885,944,565,5264.0,4058.3
INV_108333,WH_03,PROD_0177,11/12/2024,2362,837,561,2638.0,3531.06
INV_108334,WH_06,PROD_0039,23/03/2024,2262,1500,122,3640.0,4675.11
INV_108335,WH_03,PROD_0130,11/02/2024,2199,1059,681,2577.0,1727.59
INV_108336,WH_05,PROD_0003,24/05/2024,996,144,595,545.0,671.56
INV_108337,WH_06,PROD_0241,20/03/2024,3290,1035,862,3463.0,2338.83
INV_108338,WH_14,PROD_0277,27/06/2024,4529,1051,299,5281.0,4458.54
INV_108339,WH_03,PROD_0100,17/06/2024,4528,199,124,4603.0,3397.53
INV_108340,WH_14,PROD_0206,03/05/2024,1241,1170,1121,1290.0,1142.39
INV_108341,WH_15,PROD_0142,11/07/2024,4332,123,1216,3239.0,3554.08
INV_108342,WH_10,PROD_0141,25/10/2024,2814,676,1261,2229.0,3143.93
INV_108343,WH_01,PROD_0151,29/03/2024,1179,1024,1021,1182.0,659.14
INV_108344,WH_05,PROD_0100,17/06/2024,3169,582,1432,2319.0,2066.98
INV_108345,WH_11,PROD_0056,06/08/2024,2402,811,1010,2203.0,3211.83
INV_108346,WH_12,PROD_0015,25/09/2024,739,943,443,1239.0,1240.74
INV_108347,WH_13,PROD_0154,09/12/2024,1496,1378,1451,1423.0,1250.41
INV_108348,WH_02,PROD_0204,23/07/2024,3215,175,453,2937.0,3839.98
INV_108349,WH_14,PROD_0031,30/01/2024,830,1004,1000,834.0,726.23
INV_108350,WH_10,PROD_0294,21/08/2024,1850,1400,646,2604.0,2823.14
INV_108351,WH_04,PROD_0002,13/03/2024,4935,1498,413,6020.0,7038.59
INV_108352,WH_11,PROD_0124,16/01/2024,2947,898,884,2961.0,4299.11
INV_108353,WH_09,PROD_0218,30/06/2024,2584,1043,1423,2204.0,1837.11
INV_108354,WH_10,PROD_0209,12/04/2024,2922,1126,346,3702.0,4523.13
INV_108355,WH_12,PROD_0131,27/12/2024,3437,214,489,3162.0,1893.48
INV_108356,WH_04,PROD_0164,22/02/2024,702,1298,1169,831.0,665.22
INV_108357,WH_01,PROD_0149,16/07/2024,614,245,552,,0.0
INV_108358,WH_15,PROD_0085,22/10/2024,1922,1021,1399,1544.0,1132.75
INV_108359,WH_07,PROD_0280,06/04/2024,1523,1391,352,,0.0
INV_108360,WH_01,PROD_0128,03/02/2024,4717,169,1152,,0.0
INV_108361,WH_13,PROD_0183,17/01/2024,3678,1238,685,4231.0,6029.0
INV_108362,WH_11,PROD_0252,20/06/2024,2220,1347,848,2719.0,3904.14
INV_108363,WH_14,PROD_0118,09/02/2024,1603,1403,645,2361.0,2752.16
INV_108364,WH_10,PROD_0172,10/08/2024,2646,401,263,2784.0,1927.04
INV_108365,WH_12,PROD_0031,14/09/2024,4329,896,371,4854.0,4484.74
INV_108366,WH_10,PROD_0105,08/09/2024,4017,228,1458,,0.0
INV_108367,WH_01,PROD_0012,30/06/2024,1170,1269,1069,1370.0,1651.47
INV_108368,WH_12,PROD_0127,31/10/2024,2003,1436,380,3059.0,2881.85
INV_108369,WH_10,PROD_0168,06/03/2024,2747,935,1401,2281.0,1621.59
INV_108370,WH_02,PROD_0129,27/11/2024,932,601,974,559.0,505.64
INV_108371,WH_09,PROD_0112,09/08/2024,3176,1054,1136,3094.0,2256.09
INV_108372,WH_13,PROD_0088,03/09/2024,3919,321,1057,3183.0,3069.13
INV_108373,WH_10,PROD_0206,12/08/2024,2453,365,473,2345.0,2980.39
INV_108374,WH_10,PROD_0013,08/07/2024,2865,178,1207,1836.0,2469.1
INV_108375,WH_10,PROD_0056,04/03/2024,1698,186,1027,857.0,1182.94
INV_108376,WH_07,PROD_0103,06/12/2024,2130,545,146,2529.0,1543.24
INV_108377,WH_08,PROD_0094,14/05/2024,3375,717,1477,2615.0,3469.16
INV_108378,WH_03,PROD_0244,02/08/2024,1555,977,683,1849.0,2680.82
INV_108379,WH_07,PROD_0107,29/10/2024,1979,1214,1474,1719.0,2068.47
INV_108380,WH_03,PROD_0037,13/11/2024,3075,556,1371,2260.0,2032.3
INV_108381,WH_03,PROD_0009,16/04/2024,2187,848,481,2554.0,3374.35
INV_108382,WH_02,PROD_0027,22/01/2024,4520,828,284,5064.0,4964.04
INV_108383,WH_02,PROD_0008,06/02/2024,1432,449,650,1231.0,1628.66
INV_108384,WH_10,PROD_0216,29/11/2024,853,685,715,823.0,770.26
INV_108385,WH_13,PROD_0287,07/11/2024,4249,209,605,3853.0,3149.6
INV_108386,WH_09,PROD_0164,17/01/2024,1576,463,811,1228.0,980.83
INV_108387,WH_03,PROD_0080,21/01/2024,4000,842,111,4731.0,5018.6
INV_108388,WH_12,PROD_0100,02/02/2024,4142,891,711,4322.0,5533.92
INV_108389,WH_08,PROD_0176,23/04/2024,521,987,234,1274.0,1713.58
INV_108390,WH_02,PROD_0027,07/11/2024,3665,588,800,3453.0,2814.24
INV_108391,WH_09,PROD_0256,29/06/2024,3155,602,682,3075.0,4320.78
INV_108392,WH_13,PROD_0248,12/07/2024,3985,616,1447,3154.0,2237.02
INV_108393,WH_06,PROD_0071,16/03/2024,4666,1013,1342,4337.0,5361.99
INV_108394,WH_08,PROD_0247,01/10/2024,4862,1467,1446,4883.0,3666.25
INV_108395,WH_09,PROD_0146,24/06/2024,1565,825,540,1850.0,1174.97
INV_108396,WH_15,PROD_0027,14/11/2024,1895,362,894,1363.0,684.99
INV_108397,WH_03,PROD_0225,12/03/2024,3045,884,791,,0.0
INV_108398,WH_07,PROD_0183,23/03/2024,3182,1302,1197,3287.0,4714.4
INV_108399,WH_15,PROD_0063,09/09/2024,2589,475,604,2460.0,2244.91
INV_108400,WH_03,PROD_0177,23/05/2024,3460,1071,440,4091.0,4348.48
INV_108401,WH_09,PROD_0166,08/08/2024,1672,880,156,2396.0,2978.12
INV_108402,WH_06,PROD_0248,17/08/2024,1884,760,747,1897.0,1759.54
INV_108403,WH_09,PROD_0090,13/11/2024,3991,791,736,4046.0,3833.21
INV_108404,WH_04,PROD_0161,02/01/2024,2874,470,643,2701.0,1475.3
INV_108405,WH_07,PROD_0202,15/11/2024,2764,866,404,3226.0,2463.7
INV_108406,WH_10,PROD_0157,26/10/2024,4220,1414,164,5470.0,6662.2
INV_108407,WH_12,PROD_0082,25/03/2024,3310,777,538,3549.0,3479.99
INV_108408,WH_08,PROD_0246,28/03/2024,3885,1407,645,4647.0,4666.02
INV_108409,WH_06,PROD_0250,05/11/2024,2991,329,772,2548.0,1570.64
INV_108410,WH_09,PROD_0012,04/11/2024,4755,309,857,4207.0,3482.39
INV_108411,WH_06,PROD_0229,05/12/2024,1826,954,1168,1612.0,2079.4
INV_108412,WH_05,PROD_0254,06/07/2024,3978,1372,1085,4265.0,3216.32
INV_108413,WH_10,PROD_0273,29/12/2024,4064,813,1381,3496.0,3504.13
INV_108414,WH_05,PROD_0077,12/09/2024,4994,135,1126,4003.0,2848.9
INV_108415,WH_06,PROD_0294,16/12/2024,681,159,1458,-618.0,-820.54
INV_108416,WH_10,PROD_0089,11/11/2024,3905,1119,435,4589.0,2826.16
INV_108417,WH_05,PROD_0001,08/05/2024,982,500,1075,407.0,372.89
INV_108418,WH_10,PROD_0298,11/04/2024,516,645,846,315.0,368.75
INV_108419,WH_08,PROD_0054,07/09/2024,4740,165,1078,3827.0,3961.45
INV_108420,WH_01,PROD_0197,18/02/2024,3098,331,631,2798.0,3464.05
INV_108421,WH_11,PROD_0183,30/11/2024,4197,278,614,3861.0,3096.4
INV_108422,WH_04,PROD_0242,22/11/2024,4847,1439,1033,5253.0,3484.13
INV_108423,WH_14,PROD_0105,28/09/2024,3369,373,639,3103.0,1559.72
INV_108424,WH_13,PROD_0130,14/06/2024,4211,540,1472,3279.0,4114.89
INV_108425,WH_12,PROD_0293,05/11/2024,1128,1495,821,1802.0,1523.52
INV_108426,WH_07,PROD_0099,27/12/2024,4838,595,209,5224.0,5090.96
INV_108427,WH_07,PROD_0034,24/11/2024,2648,693,356,2985.0,2178.16
INV_108428,WH_06,PROD_0166,18/04/2024,4990,728,1080,4638.0,4998.62
INV_108429,WH_12,PROD_0071,25/04/2024,2731,1344,194,3881.0,5239.07
INV_108430,WH_12,PROD_0060,15/11/2024,4707,315,943,4079.0,4384.22
INV_108431,WH_13,PROD_0134,31/03/2024,2830,1017,1036,2811.0,1712.01
INV_108432,WH_15,PROD_0150,31/07/2024,4543,600,106,5037.0,7243.0
INV_108433,WH_08,PROD_0063,05/10/2024,1353,1361,471,2243.0,1675.24
INV_108434,WH_06,PROD_0115,19/10/2024,2047,1333,783,2597.0,3474.59
INV_108435,WH_03,PROD_0104,11/03/2024,4140,333,521,3952.0,3891.18
INV_108436,WH_01,PROD_0025,30/11/2024,4009,769,1384,3394.0,2767.51
INV_108437,WH_08,PROD_0237,07/07/2024,2535,266,728,2073.0,1240.4
INV_108438,WH_13,PROD_0228,09/12/2024,571,610,367,814.0,666.17
INV_108439,WH_15,PROD_0181,11/10/2024,858,1402,945,1315.0,1513.1
INV_108440,WH_08,PROD_0238,21/03/2024,1756,1499,542,2713.0,1404.01
INV_108441,WH_02,PROD_0159,08/03/2024,3208,1284,348,4144.0,3456.08
INV_108442,WH_15,PROD_0210,03/01/2024,4249,1085,1413,3921.0,2049.38
INV_108443,WH_15,PROD_0008,06/12/2024,4099,327,779,3647.0,3994.85
INV_108444,WH_06,PROD_0162,20/02/2024,3674,1262,530,4406.0,6380.32
INV_108445,WH_06,PROD_0220,14/09/2024,4326,1304,123,5507.0,4286.31
INV_108446,WH_02,PROD_0067,25/08/2024,2322,708,169,2861.0,3303.42
INV_108447,WH_14,PROD_0014,07/04/2024,3517,573,1080,3010.0,1521.67
INV_108448,WH_04,PROD_0243,10/01/2024,2825,591,192,3224.0,1776.33
INV_108449,WH_13,PROD_0074,02/10/2024,3632,559,740,3451.0,3114.28
INV_108450,WH_02,PROD_0200,03/11/2024,1507,1061,1381,1187.0,1637.21
INV_108451,WH_15,PROD_0284,26/10/2024,4729,973,1403,4299.0,4126.5
INV_108452,WH_12,PROD_0038,15/06/2024,615,1017,1425,,0.0
INV_108453,WH_07,PROD_0019,06/08/2024,4135,1053,953,4235.0,2527.41
INV_108454,WH_01,PROD_0195,25/10/2024,3339,1071,485,3925.0,5516.34
INV_108455,WH_08,PROD_0167,25/01/2024,2100,1150,344,2906.0,1622.18
INV_108456,WH_09,PROD_0159,29/11/2024,2973,359,968,2364.0,1972.44
INV_108457,WH_10,PROD_0181,09/01/2024,2541,269,959,1851.0,2702.87
INV_108458,WH_10,PROD_0201,17/06/2024,2032,531,207,2356.0,1461.14
INV_108459,WH_11,PROD_0074,08/11/2024,3633,410,199,3844.0,2822.7
INV_108460,WH_06,PROD_0069,30/09/2024,3728,1087,578,4237.0,3361.27
INV_108461,WH_12,PROD_0199,06/04/2024,3423,1262,1263,3422.0,5118.45
INV_108462,WH_07,PROD_0138,12/03/2024,2849,100,1349,1600.0,1503.78
INV_108463,WH_02,PROD_0243,16/06/2024,3110,571,1042,2639.0,1334.11
INV_108464,WH_03,PROD_0140,06/04/2024,2501,276,662,2115.0,1291.24
INV_108465,WH_15,PROD_0184,08/03/2024,3066,1247,925,3388.0,4376.86
INV_108466,WH_02,PROD_0004,01/05/2024,2777,1274,1252,2799.0,4133.66
INV_108467,WH_04,PROD_0124,15/03/2024,2123,1415,1308,2230.0,3128.15
INV_108468,WH_07,PROD_0236,24/03/2024,914,1359,1069,1204.0,1738.96
INV_108469,WH_02,PROD_0203,09/11/2024,4768,377,947,,0.0
INV_108470,WH_02,PROD_0093,08/10/2024,900,1471,1059,1312.0,1522.49
INV_108471,WH_04,PROD_0107,07/08/2024,4202,1241,967,4476.0,3662.12
INV_108472,WH_04,PROD_0078,03/04/2024,3238,883,889,3232.0,4295.52
INV_108473,WH_12,PROD_0217,25/02/2024,1502,909,770,1641.0,1006.7
INV_108474,WH_15,PROD_0087,24/05/2024,2222,861,1293,1790.0,1805.55
INV_108475,WH_04,PROD_0224,10/12/2024,1393,1352,637,2108.0,2838.82
INV_108476,WH_02,PROD_0099,08/01/2024,1398,783,586,1595.0,812.9
INV_108477,WH_07,PROD_0213,03/07/2024,3265,918,1431,2752.0,2745.63
INV_108478,WH_03,PROD_0005,24/11/2024,4786,1278,572,5492.0,6148.71
INV_108479,WH_06,PROD_0047,16/01/2024,818,174,106,886.0,1045.69
INV_108480,WH_09,PROD_0044,17/07/2024,4746,478,1187,4037.0,4303.06
INV_108481,WH_01,PROD_0234,23/11/2024,1582,1144,1477,1249.0,1772.84
INV_108482,WH_03,PROD_0105,20/10/2024,3488,227,967,2748.0,2145.63
INV_108483,WH_02,PROD_0207,04/03/2024,2581,199,990,1790.0,1906.87
INV_108484,WH_09,PROD_0267,16/10/2024,3117,840,801,3156.0,2877.67
INV_108485,WH_03,PROD_0176,30/07/2024,1574,1029,1015,1588.0,1850.18
INV_108486,WH_14,PROD_0063,25/09/2024,1885,947,998,1834.0,1762.82
INV_108487,WH_13,PROD_0147,03/11/2024,690,708,885,513.0,475.5
INV_108488,WH_01,PROD_0201,21/12/2024,719,494,1368,-155.0,-111.6
INV_108489,WH_04,PROD_0269,17/11/2024,1329,968,764,1533.0,2294.9
INV_108490,WH_03,PROD_0090,25/01/2024,3371,694,982,3083.0,3825.37
INV_108491,WH_09,PROD_0225,19/08/2024,3912,940,715,,0.0
INV_108492,WH_14,PROD_0117,21/04/2024,2142,772,361,2553.0,2549.25
INV_108493,WH_13,PROD_0080,29/03/2024,1698,153,1253,598.0,540.96
INV_108494,WH_07,PROD_0274,10/03/2024,3636,367,1273,2730.0,2592.53
INV_108495,WH_08,PROD_0077,06/03/2024,2988,417,1417,1988.0,1186.36
INV_108496,WH_06,PROD_0058,06/08/2024,3268,766,438,3596.0,5256.97
INV_108497,WH_05,PROD_0102,01/11/2024,1466,1444,1280,1630.0,2249.37
INV_108498,WH_03,PROD_0150,08/10/2024,1983,264,945,1302.0,1828.47
INV_108499,WH_12,PROD_0133,29/12/2024,4832,1402,1435,4799.0,5414.64
INV_108500,WH_03,PROD_0269,05/04/2024,4973,1292,532,5733.0,7197.41
INV_108501,WH_01,PROD_0246,18/04/2024,2680,1054,1141,2593.0,3388.72
INV_108502,WH_04,PROD_0244,19/02/2024,2073,420,723,1770.0,2271.78
INV_108503,WH_08,PROD_0012,25/09/2024,2882,614,1407,2089.0,1059.55
INV_108504,WH_02,PROD_0244,28/04/2024,2037,773,920,1890.0,962.62
INV_108505,WH_03,PROD_0121,26/02/2024,3981,806,129,4658.0,2577.68
INV_108506,WH_13,PROD_0118,21/01/2024,1455,1101,1440,1116.0,772.16
INV_108507,WH_02,PROD_0156,27/11/2024,1629,1182,491,2320.0,2645.05
INV_108508,WH_12,PROD_0086,30/07/2024,1113,997,1295,815.0,1067.28
INV_108509,WH_04,PROD_0263,01/04/2024,3131,1274,204,4201.0,3294.08
INV_108510,WH_05,PROD_0034,30/01/2024,2534,815,437,2912.0,4125.56
INV_108511,WH_14,PROD_0291,06/07/2024,4920,354,190,5084.0,5028.09
INV_108512,WH_05,PROD_0246,11/01/2024,1945,529,988,1486.0,2172.67
INV_108513,WH_09,PROD_0232,05/04/2024,3094,1118,144,4068.0,2697.97
INV_108514,WH_06,PROD_0132,24/03/2024,4037,359,1281,3115.0,2732.24
INV_108515,WH_02,PROD_0059,03/04/2024,4029,489,555,3963.0,3996.47
INV_108516,WH_01,PROD_0229,21/06/2024,4885,803,1484,4204.0,2860.21
INV_108517,WH_10,PROD_0262,05/07/2024,520,283,979,-176.0,-219.85
INV_108518,WH_02,PROD_0165,04/10/2024,2546,207,757,1996.0,1538.69
INV_108519,WH_07,PROD_0033,29/09/2024,4244,321,1398,3167.0,4428.39
INV_108520,WH_11,PROD_0005,21/04/2024,3946,1429,1160,4215.0,5483.83
INV_108521,WH_14,PROD_0174,01/05/2024,4030,896,506,4420.0,5340.42
INV_108522,WH_02,PROD_0058,26/03/2024,1484,962,506,1940.0,2769.31
INV_108523,WH_12,PROD_0081,27/09/2024,3128,1212,1189,3151.0,3455.39
INV_108524,WH_04,PROD_0162,29/01/2024,2784,777,775,2786.0,2530.49
INV_108525,WH_13,PROD_0289,25/03/2024,1700,910,1497,1113.0,1313.23
INV_108526,WH_15,PROD_0273,07/08/2024,3550,285,1120,2715.0,1808.14
INV_108527,WH_01,PROD_0270,05/05/2024,3362,1497,612,4247.0,2574.03
INV_108528,WH_04,PROD_0287,10/10/2024,4351,152,1352,3151.0,3643.98
INV_108529,WH_09,PROD_0262,15/10/2024,2031,567,1218,1380.0,945.6
INV_108530,WH_06,PROD_0169,11/04/2024,841,293,191,943.0,891.32
INV_108531,WH_09,PROD_0284,23/02/2024,1334,1338,782,1890.0,1667.76
INV_108532,WH_05,PROD_0007,20/11/2024,874,124,105,893.0,480.4
INV_108533,WH_03,PROD_0288,15/10/2024,1517,991,1361,,0.0
INV_108534,WH_08,PROD_0028,26/01/2024,524,463,542,445.0,536.31
INV_108535,WH_07,PROD_0298,10/07/2024,2031,1453,1022,2462.0,3328.34
INV_108536,WH_05,PROD_0200,11/01/2024,4753,793,370,5176.0,4137.42
INV_108537,WH_13,PROD_0039,14/09/2024,4611,210,1203,3618.0,1915.5
INV_108538,WH_15,PROD_0260,27/07/2024,4504,1247,841,4910.0,4068.26
INV_108539,WH_11,PROD_0255,20/02/2024,2019,297,1476,840.0,1250.24
INV_108540,WH_11,PROD_0035,05/05/2024,4735,1353,943,5145.0,5089.72
INV_108541,WH_11,PROD_0242,30/08/2024,1899,1382,1271,2010.0,1116.09
INV_108542,WH_09,PROD_0125,01/08/2024,2697,137,242,,0.0
INV_108543,WH_08,PROD_0080,16/12/2024,975,536,794,717.0,582.42
INV_108544,WH_08,PROD_0006,19/02/2024,2822,556,264,3114.0,3676.23
INV_108545,WH_09,PROD_0213,28/07/2024,2623,1201,201,3623.0,5212.3
INV_108546,WH_10,PROD_0236,26/08/2024,1626,1338,1309,1655.0,1380.1
INV_108547,WH_02,PROD_0151,23/04/2024,1589,838,638,1789.0,1421.68
INV_108548,WH_05,PROD_0235,18/11/2024,4907,1085,832,5160.0,3437.11
INV_108549,WH_06,PROD_0106,19/05/2024,1264,1134,208,2190.0,2114.49
INV_108550,WH_14,PROD_0099,19/02/2024,3552,327,1291,2588.0,3735.83
INV_108551,WH_13,PROD_0122,13/04/2024,2523,1158,955,2726.0,3288.59
INV_108552,WH_12,PROD_0108,18/10/2024,3994,605,967,3632.0,5297.19
INV_108553,WH_10,PROD_0120,04/05/2024,3577,869,161,4285.0,5803.81
INV_108554,WH_06,PROD_0041,04/02/2024,1982,819,1166,1635.0,1833.04
INV_108555,WH_10,PROD_0282,28/05/2024,3504,160,1483,2181.0,1482.54
INV_108556,WH_12,PROD_0045,05/12/2024,3894,268,1326,2836.0,1909.4
INV_108557,WH_11,PROD_0027,10/05/2024,4902,476,1415,3963.0,5066.89
INV_108558,WH_01,PROD_0024,20/04/2024,4524,137,192,4469.0,5857.59
INV_108559,WH_06,PROD_0153,20/02/2024,2199,958,838,2319.0,2036.35
INV_108560,WH_13,PROD_0210,16/02/2024,1500,651,652,,0.0
INV_108561,WH_09,PROD_0014,08/02/2024,3526,1024,1057,3493.0,2973.12
INV_108562,WH_02,PROD_0266,05/02/2024,1187,1402,1179,1410.0,762.76
INV_108563,WH_08,PROD_0166,03/04/2024,879,975,1159,695.0,549.22
INV_108564,WH_07,PROD_0157,10/08/2024,1886,1085,938,2033.0,1665.59
INV_108565,WH_08,PROD_0130,11/10/2024,1159,1383,624,,0.0
INV_108566,WH_12,PROD_0222,19/02/2024,520,780,295,1005.0,1485.58
INV_108567,WH_12,PROD_0075,31/08/2024,736,803,498,1041.0,1247.63
INV_108568,WH_04,PROD_0083,25/08/2024,4083,791,727,4147.0,5854.08
INV_108569,WH_09,PROD_0012,04/08/2024,2108,861,250,,0.0
INV_108570,WH_06,PROD_0088,16/04/2024,2031,1069,392,2708.0,3847.53
INV_108571,WH_14,PROD_0110,13/07/2024,638,163,520,281.0,171.14
INV_108572,WH_14,PROD_0005,04/09/2024,4611,1248,473,5386.0,6376.98
INV_108573,WH_10,PROD_0252,30/12/2024,762,776,580,958.0,1208.42
INV_108574,WH_11,PROD_0076,23/07/2024,4231,967,449,4749.0,2533.89
INV_108575,WH_05,PROD_0088,26/05/2024,4977,144,1012,4109.0,5186.23
INV_108576,WH_04,PROD_0171,04/02/2024,1685,350,1044,991.0,1212.7
INV_108577,WH_05,PROD_0207,28/02/2024,3785,336,1054,3067.0,2228.8
INV_108578,WH_09,PROD_0092,01/10/2024,3629,518,1269,2878.0,4195.01
INV_108579,WH_04,PROD_0280,26/01/2024,963,1438,152,2249.0,2287.54
INV_108580,WH_09,PROD_0232,28/04/2024,4776,1447,618,5605.0,7371.58
INV_108581,WH_08,PROD_0184,18/09/2024,1916,1165,1205,1876.0,2736.54
INV_108582,WH_02,PROD_0003,05/09/2024,3434,851,1318,2967.0,3471.72
INV_108583,WH_02,PROD_0247,01/07/2024,1942,145,176,1911.0,2179.08
INV_108584,WH_09,PROD_0212,19/02/2024,4189,1281,1039,4431.0,4043.99
INV_108585,WH_14,PROD_0267,28/05/2024,1052,147,643,556.0,506.43
INV_108586,WH_03,PROD_0050,10/09/2024,2692,1417,1347,2762.0,2632.01
INV_108587,WH_03,PROD_0088,10/06/2024,1338,456,1266,528.0,562.06
INV_108588,WH_10,PROD_0102,06/08/2024,4386,1454,665,5175.0,4170.26
INV_108589,WH_08,PROD_0138,12/02/2024,4224,1078,944,4358.0,3364.37
INV_108590,WH_04,PROD_0264,29/10/2024,2380,196,1081,1495.0,2242.29
INV_108591,WH_08,PROD_0044,08/02/2024,1491,1171,1005,1657.0,939.07
INV_108592,WH_13,PROD_0080,27/09/2024,2555,1306,648,3213.0,1993.51
INV_108593,WH_14,PROD_0103,13/07/2024,3450,1314,435,4329.0,4701.78
INV_108594,WH_06,PROD_0073,31/10/2024,2686,659,1229,2116.0,1145.07
INV_108595,WH_14,PROD_0115,17/02/2024,655,1190,140,1705.0,1564.04
INV_108596,WH_07,PROD_0249,25/09/2024,2031,577,831,1777.0,944.65
INV_108597,WH_12,PROD_0246,07/03/2024,4683,1420,1277,,0.0
INV_108598,WH_11,PROD_0282,13/07/2024,2651,772,1379,2044.0,2128.76
INV_108599,WH_05,PROD_0148,29/06/2024,2275,118,1027,1366.0,766.15
INV_108600,WH_03,PROD_0254,25/05/2024,4223,149,570,3802.0,1999.52
INV_108601,WH_01,PROD_0154,06/08/2024,827,176,154,849.0,1001.0
INV_108602,WH_09,PROD_0048,15/08/2024,1958,725,674,2009.0,2961.61
INV_108603,WH_13,PROD_0087,09/02/2024,3979,1087,558,4508.0,4003.55
INV_108604,WH_11,PROD_0112,27/11/2024,4815,583,360,5038.0,7230.8
INV_108605,WH_06,PROD_0249,21/08/2024,2194,1222,346,,0.0
INV_108606,WH_07,PROD_0141,31/01/2024,4903,1276,819,5360.0,5089.24
INV_108607,WH_15,PROD_0139,27/03/2024,3710,987,841,3856.0,4168.91
INV_108608,WH_02,PROD_0286,25/08/2024,3391,1072,1193,3270.0,2528.99
INV_108609,WH_01,PROD_0034,30/05/2024,3850,478,937,3391.0,2217.9
INV_108610,WH_02,PROD_0215,13/12/2024,559,1468,399,1628.0,815.15
INV_108611,WH_01,PROD_0230,24/04/2024,3757,455,370,3842.0,5387.86
INV_108612,WH_05,PROD_0271,11/11/2024,2058,1339,1099,2298.0,2866.9
INV_108613,WH_07,PROD_0075,22/11/2024,4513,1370,318,5565.0,5051.38
INV_108614,WH_12,PROD_0238,17/11/2024,2696,1206,870,3032.0,3393.14
INV_108615,WH_03,PROD_0259,21/07/2024,1186,746,209,1723.0,1097.27
INV_108616,WH_07,PROD_0049,17/08/2024,1593,1454,736,2311.0,1442.91
INV_108617,WH_12,PROD_0230,27/08/2024,4706,1371,859,5218.0,6026.87
INV_108618,WH_10,PROD_0093,09/09/2024,862,412,1399,-125.0,-186.01
INV_108619,WH_11,PROD_0006,13/06/2024,1903,498,1328,1073.0,1291.68
INV_108620,WH_10,PROD_0144,12/04/2024,3402,825,1194,3033.0,3626.32
INV_108621,WH_13,PROD_0050,30/12/2024,4970,1193,150,6013.0,4530.25
INV_108622,WH_11,PROD_0013,17/06/2024,1919,529,947,1501.0,912.07
INV_108623,WH_10,PROD_0191,06/02/2024,1282,396,281,1397.0,1865.96
INV_108624,WH_05,PROD_0078,08/06/2024,700,164,834,30.0,16.69
INV_108625,WH_06,PROD_0224,21/12/2024,1502,832,432,1902.0,1781.3
INV_108626,WH_14,PROD_0019,19/12/2024,2980,164,1147,1997.0,2699.26
INV_108627,WH_07,PROD_0073,07/08/2024,4385,1326,1006,4705.0,6745.4
INV_108628,WH_04,PROD_0106,08/11/2024,1929,1104,1357,1676.0,1112.02
INV_108629,WH_15,PROD_0195,18/08/2024,3383,1331,848,3866.0,3738.26
INV_108630,WH_09,PROD_0213,25/02/2024,4514,152,583,4083.0,4826.47
INV_108631,WH_08,PROD_0184,01/10/2024,2618,1134,957,2795.0,2593.84
INV_108632,WH_15,PROD_0013,19/01/2024,1528,877,712,1693.0,929.69
INV_108633,WH_01,PROD_0138,12/06/2024,1898,1173,168,2903.0,2733.35
INV_108634,WH_03,PROD_0089,22/02/2024,4498,1497,598,5397.0,3127.63
INV_108635,WH_11,PROD_0160,20/02/2024,3637,1021,1216,3442.0,2962.29
INV_108636,WH_05,PROD_0150,05/05/2024,1617,1090,1344,1363.0,865.68
INV_108637,WH_01,PROD_0016,05/12/2024,2421,675,863,2233.0,2374.63
INV_108638,WH_13,PROD_0104,21/09/2024,3788,1192,1263,3717.0,4624.43
INV_108639,WH_11,PROD_0080,23/10/2024,4608,113,1012,3709.0,3243.98
INV_108640,WH_11,PROD_0107,07/08/2024,3994,1493,1089,4398.0,4226.22
INV_108641,WH_14,PROD_0097,23/06/2024,4752,1170,1057,,0.0
INV_108642,WH_15,PROD_0025,19/05/2024,4287,399,1204,3482.0,2931.2
INV_108643,WH_10,PROD_0100,20/04/2024,2002,467,907,1562.0,1869.18
INV_108644,WH_10,PROD_0059,07/11/2024,1031,1131,1412,750.0,394.91
INV_108645,WH_05,PROD_0143,25/07/2024,609,462,1384,-313.0,-377.22
INV_108646,WH_14,PROD_0300,07/04/2024,3836,1184,875,4145.0,2702.5
INV_108647,WH_13,PROD_0221,10/05/2024,4598,1441,758,5281.0,4328.01
INV_108648,WH_03,PROD_0173,18/10/2024,4045,1187,1482,3750.0,4159.61
INV_108649,WH_09,PROD_0091,16/12/2024,615,989,1282,322.0,468.86
INV_108650,WH_02,PROD_0297,11/02/2024,2928,786,491,3223.0,3220.57
INV_108651,WH_13,PROD_0111,11/11/2024,4940,1129,1175,4894.0,7198.45
INV_108652,WH_08,PROD_0049,19/08/2024,4507,674,469,4712.0,4361.32
INV_108653,WH_08,PROD_0250,08/06/2024,3804,1098,603,4299.0,5688.28
INV_108654,WH_11,PROD_0141,17/03/2024,1723,558,1476,805.0,1125.44
INV_108655,WH_15,PROD_0236,16/11/2024,2299,1386,1431,2254.0,2666.43
INV_108656,WH_01,PROD_0019,04/07/2024,4886,683,314,5255.0,6923.26
INV_108657,WH_04,PROD_0253,28/12/2024,4058,981,1316,3723.0,3970.01
INV_108658,WH_03,PROD_0159,01/04/2024,3116,584,1251,2449.0,2878.29
INV_108659,WH_09,PROD_0178,11/10/2024,1114,612,1482,244.0,205.68
INV_108660,WH_07,PROD_0149,11/05/2024,2034,251,1126,1159.0,1447.37
INV_108661,WH_03,PROD_0126,18/01/2024,4034,100,412,3722.0,2757.91
INV_108662,WH_03,PROD_0017,20/09/2024,2913,1454,619,3748.0,2842.27
INV_108663,WH_06,PROD_0206,10/06/2024,2648,474,712,2410.0,2685.66
INV_108664,WH_11,PROD_0053,10/04/2024,2696,842,481,,0.0
INV_108665,WH_15,PROD_0236,17/07/2024,994,340,369,965.0,740.27
INV_108666,WH_08,PROD_0088,04/05/2024,4243,193,194,4242.0,4957.82
INV_108667,WH_13,PROD_0299,26/12/2024,1356,294,1332,318.0,410.31
INV_108668,WH_12,PROD_0256,28/04/2024,3037,1363,427,3973.0,4685.28
INV_108669,WH_12,PROD_0094,27/10/2024,4546,1428,606,5368.0,6279.94
INV_108670,WH_07,PROD_0060,22/12/2024,3598,1283,320,4561.0,2854.23
INV_108671,WH_11,PROD_0217,11/06/2024,3278,583,462,3399.0,4872.99
INV_108672,WH_04,PROD_0269,04/08/2024,1432,425,1437,420.0,556.08
INV_108673,WH_02,PROD_0296,10/10/2024,889,278,596,571.0,770.37
INV_108674,WH_06,PROD_0067,22/05/2024,4454,541,1217,3778.0,2739.4
INV_108675,WH_05,PROD_0182,25/07/2024,910,1398,1200,1108.0,1650.31
INV_108676,WH_02,PROD_0094,13/10/2024,2283,775,771,2287.0,1212.3
INV_108677,WH_12,PROD_0143,07/08/2024,2503,356,1008,,0.0
INV_108678,WH_14,PROD_0044,23/10/2024,2596,602,100,3098.0,2814.68
INV_108679,WH_08,PROD_0089,03/03/2024,2074,220,424,1870.0,1499.64
INV_108680,WH_15,PROD_0198,28/06/2024,617,1432,309,1740.0,934.5
INV_108681,WH_04,PROD_0230,06/04/2024,1028,1026,1070,984.0,627.67
INV_108682,WH_03,PROD_0222,12/11/2024,4769,1454,407,5816.0,8701.97
INV_108683,WH_07,PROD_0275,08/04/2024,3700,523,597,,0.0
INV_108684,WH_05,PROD_0276,29/02/2024,1388,114,819,683.0,925.28
INV_108685,WH_05,PROD_0220,06/11/2024,693,749,723,719.0,1060.89
INV_108686,WH_08,PROD_0265,13/02/2024,4450,624,298,4776.0,2632.55
INV_108687,WH_08,PROD_0218,11/02/2024,4945,1197,100,6042.0,3300.47
INV_108688,WH_04,PROD_0155,22/08/2024,1526,1297,610,2213.0,1412.33
INV_108689,WH_05,PROD_0167,10/08/2024,2761,445,1120,2086.0,1669.52
INV_108690,WH_05,PROD_0283,18/12/2024,4999,344,659,4684.0,4657.91
INV_108691,WH_13,PROD_0105,20/08/2024,4334,1009,1440,3903.0,2658.82
INV_108692,WH_09,PROD_0251,02/09/2024,2278,1278,518,3038.0,3737.04
INV_108693,WH_13,PROD_0029,13/09/2024,4713,1226,792,5147.0,4590.33
INV_108694,WH_14,PROD_0298,26/02/2024,1361,1397,578,2180.0,2842.27
INV_108695,WH_14,PROD_0281,18/06/2024,622,691,1336,-23.0,-17.25
INV_108696,WH_07,PROD_0090,25/10/2024,1497,501,253,1745.0,2347.04
INV_108697,WH_05,PROD_0026,11/01/2024,3824,1176,157,4843.0,6439.66
INV_108698,WH_10,PROD_0079,18/11/2024,4359,215,291,4283.0,4036.83
INV_108699,WH_11,PROD_0268,09/05/2024,3343,667,443,3567.0,4296.48
INV_108700,WH_02,PROD_0254,02/05/2024,4432,390,1076,3746.0,4713.34
INV_108701,WH_06,PROD_0227,05/10/2024,4089,172,660,3601.0,3682.09
INV_108702,WH_09,PROD_0225,13/11/2024,3219,689,189,3719.0,4747.54
INV_108703,WH_06,PROD_0028,17/07/2024,733,559,824,,0.0
INV_108704,WH_10,PROD_0042,21/01/2024,1242,136,1039,,0.0
INV_108705,WH_04,PROD_0092,13/02/2024,2497,1172,795,2874.0,3290.5
INV_108706,WH_07,PROD_0142,07/12/2024,2853,105,1381,1577.0,1732.19
INV_108707,WH_04,PROD_0224,17/01/2024,4412,1029,1163,4278.0,2807.58
INV_108708,WH_09,PROD_0195,02/07/2024,3411,885,1049,3247.0,4317.42
INV_108709,WH_13,PROD_0208,28/01/2024,4637,863,628,,0.0
INV_108710,WH_13,PROD_0089,05/01/2024,1479,703,337,1845.0,1278.96
INV_108711,WH_04,PROD_0031,01/10/2024,4095,674,1421,3348.0,4765.02
INV_108712,WH_13,PROD_0219,04/02/2024,640,536,672,504.0,285.7
INV_108713,WH_11,PROD_0260,30/06/2024,3729,1293,804,4218.0,5347.38
INV_108714,WH_10,PROD_0237,28/11/2024,2731,1482,1088,3125.0,2136.85
INV_108715,WH_13,PROD_0285,08/04/2024,943,999,1001,941.0,741.39
INV_108716,WH_15,PROD_0175,31/01/2024,646,925,1481,90.0,127.11
INV_108717,WH_06,PROD_0093,10/11/2024,4219,271,359,4131.0,5650.55
INV_108718,WH_06,PROD_0282,02/04/2024,4029,249,650,3628.0,2027.42
INV_108719,WH_11,PROD_0199,03/11/2024,4245,1216,1076,4385.0,6370.76
INV_108720,WH_13,PROD_0089,14/12/2024,2561,468,1184,1845.0,1011.17
INV_108721,WH_06,PROD_0028,13/06/2024,2842,339,398,2783.0,2929.78
INV_108722,WH_12,PROD_0116,19/01/2024,1698,758,610,1846.0,1639.99
INV_108723,WH_02,PROD_0261,20/12/2024,4516,1358,1200,4674.0,4658.55
INV_108724,WH_07,PROD_0271,24/04/2024,3582,177,1084,2675.0,3027.74
INV_108725,WH_13,PROD_0109,02/10/2024,511,418,1095,-166.0,-133.53
INV_108726,WH_05,PROD_0297,27/06/2024,1569,658,1169,1058.0,740.01
INV_108727,WH_09,PROD_0233,31/05/2024,2747,606,180,3173.0,3487.16
INV_108728,WH_12,PROD_0118,04/11/2024,4382,1384,666,5100.0,6707.07
INV_108729,WH_05,PROD_0261,19/07/2024,2777,655,1174,2258.0,2844.12
INV_108730,WH_12,PROD_0079,07/03/2024,772,997,1279,490.0,317.27
INV_108731,WH_12,PROD_0135,02/05/2024,4382,147,254,4275.0,2691.76
INV_108732,WH_02,PROD_0025,18/11/2024,4676,905,1097,4484.0,3345.65
INV_108733,WH_14,PROD_0027,31/03/2024,2233,731,802,2162.0,2029.4
INV_108734,WH_11,PROD_0275,07/12/2024,1574,497,1223,848.0,1260.74
INV_108735,WH_15,PROD_0288,27/09/2024,1465,1498,771,2192.0,1469.6
INV_108736,WH_03,PROD_0184,25/10/2024,820,936,780,976.0,1442.7
INV_108737,WH_05,PROD_0045,18/03/2024,1850,1213,998,2065.0,2713.93
INV_108738,WH_13,PROD_0115,07/02/2024,4239,1429,676,4992.0,3692.42
INV_108739,WH_01,PROD_0100,20/09/2024,4816,1488,1256,5048.0,7148.01
INV_108740,WH_13,PROD_0242,27/03/2024,3252,850,1310,2792.0,3288.56
INV_108741,WH_11,PROD_0007,11/03/2024,3107,659,162,3604.0,2166.68
INV_108742,WH_05,PROD_0110,06/08/2024,3247,1003,1157,3093.0,1826.84
INV_108743,WH_03,PROD_0180,06/07/2024,3651,219,724,3146.0,2620.6
INV_108744,WH_11,PROD_0213,07/06/2024,1331,589,1210,710.0,801.9
INV_108745,WH_12,PROD_0028,28/01/2024,1809,276,212,,0.0
INV_108746,WH_15,PROD_0291,26/06/2024,1339,1160,896,1603.0,2074.0
INV_108747,WH_03,PROD_0191,26/02/2024,2696,1176,711,,0.0
INV_108748,WH_14,PROD_0108,18/11/2024,2047,506,1201,1352.0,1348.76
INV_108749,WH_13,PROD_0282,29/10/2024,1383,1145,536,1992.0,2435.52
INV_108750,WH_04,PROD_0151,06/12/2024,1403,990,685,1708.0,1171.37
INV_108751,WH_07,PROD_0258,02/03/2024,1489,999,893,1595.0,876.27
INV_108752,WH_04,PROD_0286,29/07/2024,508,322,823,7.0,9.43
INV_108753,WH_07,PROD_0152,09/05/2024,3849,896,868,3877.0,2356.72
INV_108754,WH_07,PROD_0007,18/09/2024,2487,1364,344,3507.0,2081.3
INV_108755,WH_14,PROD_0148,06/06/2024,2779,1222,1472,2529.0,2707.67
INV_108756,WH_15,PROD_0033,10/06/2024,1736,1333,740,2329.0,1842.77
INV_108757,WH_08,PROD_0180,19/11/2024,2323,1361,734,2950.0,2029.26
INV_108758,WH_12,PROD_0213,10/07/2024,559,940,1228,271.0,292.39
INV_108759,WH_12,PROD_0192,27/07/2024,3608,768,325,4051.0,2096.87
INV_108760,WH_07,PROD_0096,07/02/2024,3539,742,607,3674.0,4605.66
INV_108761,WH_05,PROD_0205,29/02/2024,2994,1460,528,3926.0,2205.22
INV_108762,WH_06,PROD_0144,26/03/2024,2441,271,1202,1510.0,1793.13
INV_108763,WH_11,PROD_0055,12/11/2024,3279,323,865,,0.0
INV_108764,WH_07,PROD_0176,21/03/2024,2989,1151,649,3491.0,5191.89
INV_108765,WH_06,PROD_0100,13/04/2024,1728,1246,258,2716.0,3504.26
INV_108766,WH_15,PROD_0117,29/12/2024,2028,970,471,2527.0,3273.96
INV_108767,WH_02,PROD_0117,03/11/2024,925,656,1484,97.0,121.19
INV_108768,WH_14,PROD_0098,28/11/2024,1435,1022,480,1977.0,1145.15
INV_108769,WH_03,PROD_0235,27/03/2024,2095,1376,626,2845.0,3681.9
INV_108770,WH_13,PROD_0123,26/04/2024,2594,1204,301,3497.0,2716.65
INV_108771,WH_13,PROD_0263,05/04/2024,2503,1091,170,3424.0,3079.9
INV_108772,WH_06,PROD_0093,02/08/2024,1997,711,1408,1300.0,718.4
INV_108773,WH_01,PROD_0074,14/12/2024,1021,258,618,661.0,494.2
INV_108774,WH_14,PROD_0243,08/04/2024,2235,177,426,1986.0,1602.21
INV_108775,WH_15,PROD_0139,11/06/2024,4302,1499,1471,4330.0,5973.57
INV_108776,WH_09,PROD_0251,04/11/2024,3260,1007,863,3404.0,2815.97
INV_108777,WH_11,PROD_0133,11/02/2024,1211,920,214,1917.0,1479.49
INV_108778,WH_03,PROD_0203,19/12/2024,844,278,1081,41.0,26.25
INV_108779,WH_04,PROD_0162,29/06/2024,1690,224,530,1384.0,1577.25
INV_108780,WH_09,PROD_0054,26/11/2024,883,1156,461,,0.0
INV_108781,WH_02,PROD_0026,20/01/2024,2061,889,1380,1570.0,1838.71
INV_108782,WH_10,PROD_0140,22/09/2024,4323,1289,1469,4143.0,5676.83
INV_108783,WH_10,PROD_0092,07/03/2024,4148,108,1089,3167.0,4322.47
INV_108784,WH_14,PROD_0018,24/01/2024,2201,1101,987,2315.0,1752.02
INV_108785,WH_03,PROD_0212,29/10/2024,1814,139,1414,539.0,685.68
INV_108786,WH_11,PROD_0013,25/07/2024,2097,529,836,1790.0,2079.64
INV_108787,WH_06,PROD_0070,25/01/2024,2553,1036,1246,2343.0,2251.18
INV_108788,WH_07,PROD_0261,28/09/2024,4412,382,1282,3512.0,4265.13
INV_108789,WH_01,PROD_0198,01/06/2024,1935,204,1082,1057.0,1511.43
INV_108790,WH_07,PROD_0208,02/03/2024,2702,984,1346,2340.0,1871.51
INV_108791,WH_12,PROD_0026,16/01/2024,4160,674,114,4720.0,4894.83
INV_108792,WH_09,PROD_0011,08/09/2024,1724,601,1141,1184.0,959.54
INV_108793,WH_05,PROD_0054,06/06/2024,4775,292,1038,4029.0,4326.87
INV_108794,WH_06,PROD_0231,03/02/2024,1270,1327,1443,1154.0,1644.9
INV_108795,WH_01,PROD_0267,14/03/2024,3230,620,730,3120.0,3428.69
INV_108796,WH_04,PROD_0266,24/06/2024,1215,853,855,1213.0,1495.87
INV_108797,WH_15,PROD_0128,25/08/2024,3333,813,246,3900.0,4522.43
INV_108798,WH_08,PROD_0066,02/02/2024,4686,506,394,4798.0,6155.41
INV_108799,WH_12,PROD_0227,18/08/2024,4219,1241,1280,4180.0,4608.63
INV_108800,WH_07,PROD_0171,11/11/2024,3840,1396,643,4593.0,3493.29
INV_108801,WH_01,PROD_0276,04/02/2024,4659,1045,210,5494.0,3871.56
INV_108802,WH_01,PROD_0030,23/05/2024,1491,1039,972,1558.0,1513.98
INV_108803,WH_09,PROD_0277,12/05/2024,974,494,1253,215.0,228.92
INV_108804,WH_10,PROD_0209,07/09/2024,4322,1355,888,4789.0,4088.08
INV_108805,WH_14,PROD_0053,29/04/2024,595,230,750,75.0,64.41
INV_108806,WH_12,PROD_0287,15/10/2024,2987,672,1061,2598.0,3395.63
INV_108807,WH_07,PROD_0143,23/07/2024,621,1060,478,1203.0,1804.39
INV_108808,WH_02,PROD_0221,30/06/2024,1503,490,1397,596.0,658.55
INV_108809,WH_10,PROD_0164,01/05/2024,3183,573,211,3545.0,4634.45
INV_108810,WH_10,PROD_0245,28/12/2024,1765,875,942,1698.0,1948.82
INV_108811,WH_10,PROD_0114,27/02/2024,3520,213,953,2780.0,2020.01
INV_108812,WH_05,PROD_0005,07/11/2024,1586,267,577,1276.0,1421.62
INV_108813,WH_03,PROD_0160,26/08/2024,2732,585,1276,2041.0,1224.54
INV_108814,WH_10,PROD_0067,12/04/2024,1745,701,1215,1231.0,1742.42
INV_108815,WH_11,PROD_0073,13/07/2024,2895,174,461,2608.0,2932.22
INV_108816,WH_13,PROD_0281,15/02/2024,4645,664,1087,4222.0,2550.77
INV_108817,WH_07,PROD_0169,16/09/2024,4061,1190,309,4942.0,4729.61
INV_108818,WH_11,PROD_0271,25/04/2024,4281,1246,307,5220.0,3443.3
INV_108819,WH_03,PROD_0258,18/05/2024,3617,788,1039,3366.0,2848.2
INV_108820,WH_15,PROD_0187,26/05/2024,2573,927,775,2725.0,3528.02
INV_108821,WH_01,PROD_0270,20/07/2024,4264,1094,1397,3961.0,2602.36
INV_108822,WH_09,PROD_0167,02/01/2024,1357,735,190,1902.0,1254.29
INV_108823,WH_04,PROD_0023,14/10/2024,1064,746,623,1187.0,1295.57
INV_108824,WH_08,PROD_0052,08/01/2024,2202,574,309,2467.0,3107.99
INV_108825,WH_11,PROD_0011,14/04/2024,1192,124,1197,119.0,86.0
INV_108826,WH_12,PROD_0086,30/09/2024,3208,1064,643,3629.0,5245.86
INV_108827,WH_06,PROD_0175,10/05/2024,698,352,1416,,0.0
INV_108828,WH_02,PROD_0138,13/08/2024,2601,1458,1091,2968.0,3965.11
INV_108829,WH_11,PROD_0027,11/10/2024,1743,911,846,1808.0,941.47
INV_108830,WH_03,PROD_0177,29/07/2024,1232,1359,587,2004.0,2283.57
INV_108831,WH_08,PROD_0210,17/01/2024,1180,578,956,802.0,543.29
INV_108832,WH_05,PROD_0047,17/01/2024,3566,723,1450,2839.0,3295.98
INV_108833,WH_08,PROD_0245,03/04/2024,1990,1005,1112,1883.0,2325.11
INV_108834,WH_07,PROD_0065,20/10/2024,3746,564,1019,3291.0,3798.6
INV_108835,WH_14,PROD_0240,10/04/2024,3590,1335,998,3927.0,4436.73
INV_108836,WH_05,PROD_0008,19/08/2024,3226,1460,300,4386.0,5695.42
INV_108837,WH_02,PROD_0040,18/09/2024,1546,953,1077,1422.0,1097.3
INV_108838,WH_11,PROD_0107,10/06/2024,3671,209,862,3018.0,2983.37
INV_108839,WH_09,PROD_0275,27/12/2024,557,273,938,-108.0,-158.04
INV_108840,WH_10,PROD_0204,15/10/2024,4657,1410,984,5083.0,3102.43
INV_108841,WH_02,PROD_0242,19/03/2024,2287,1262,664,2885.0,1665.88
INV_108842,WH_12,PROD_0272,25/11/2024,2955,1222,950,3227.0,2362.47
INV_108843,WH_01,PROD_0154,12/02/2024,824,650,1480,-6.0,-8.97
INV_108844,WH_14,PROD_0148,03/10/2024,1375,885,1133,1127.0,1037.35
INV_108845,WH_10,PROD_0286,27/07/2024,2016,1269,1125,2160.0,2449.74
INV_108846,WH_07,PROD_0127,21/04/2024,1523,350,187,1686.0,928.77
INV_108847,WH_12,PROD_0155,06/06/2024,3646,280,240,3686.0,3443.78
INV_108848,WH_14,PROD_0046,11/09/2024,1475,681,859,1297.0,840.85
INV_108849,WH_09,PROD_0036,27/11/2024,1908,300,1350,858.0,435.95
INV_108850,WH_04,PROD_0218,08/08/2024,1380,1249,1127,1502.0,1517.14
INV_108851,WH_10,PROD_0220,08/01/2024,4325,1032,552,4805.0,2523.61
INV_108852,WH_02,PROD_0083,08/11/2024,1910,451,458,1903.0,2191.75
INV_108853,WH_08,PROD_0179,22/08/2024,4785,118,1454,3449.0,2018.44
INV_108854,WH_03,PROD_0114,29/07/2024,3576,163,535,3204.0,2345.78
INV_108855,WH_05,PROD_0291,29/05/2024,1360,533,1252,641.0,719.91
INV_108856,WH_03,PROD_0139,28/09/2024,2626,1288,337,3577.0,3698.41
INV_108857,WH_10,PROD_0175,06/10/2024,1861,1018,260,2619.0,2371.13
INV_108858,WH_12,PROD_0195,22/08/2024,1486,687,187,,0.0
INV_108859,WH_04,PROD_0075,17/11/2024,1431,750,1137,1044.0,821.78
INV_108860,WH_02,PROD_0144,24/11/2024,655,1200,1171,684.0,643.29
INV_108861,WH_03,PROD_0277,15/06/2024,4196,929,610,,0.0
INV_108862,WH_07,PROD_0167,03/06/2024,4546,1416,1375,4587.0,5929.91
INV_108863,WH_05,PROD_0268,17/01/2024,2976,453,949,2480.0,1312.88
INV_108864,WH_11,PROD_0195,19/12/2024,3725,1221,1071,3875.0,3732.56
INV_108865,WH_12,PROD_0168,02/04/2024,2790,797,1383,2204.0,2351.66
INV_108866,WH_02,PROD_0176,23/03/2024,3294,1070,1458,2906.0,2734.36
INV_108867,WH_13,PROD_0090,19/10/2024,1861,536,1089,1308.0,1058.1
INV_108868,WH_13,PROD_0173,16/04/2024,945,675,118,1502.0,1674.3
INV_108869,WH_06,PROD_0285,17/08/2024,4182,1431,912,4701.0,4759.65
INV_108870,WH_04,PROD_0157,14/03/2024,3279,1479,627,4131.0,5542.98
INV_108871,WH_15,PROD_0258,07/03/2024,4153,979,472,4660.0,4178.85
INV_108872,WH_07,PROD_0163,23/01/2024,635,1301,808,1128.0,653.25
INV_108873,WH_14,PROD_0032,03/03/2024,2402,1423,332,3493.0,4079.14
INV_108874,WH_13,PROD_0288,07/10/2024,2642,339,705,2276.0,2574.1
INV_108875,WH_13,PROD_0167,08/08/2024,2082,1234,1444,1872.0,1208.83
INV_108876,WH_13,PROD_0183,17/12/2024,1263,354,192,1425.0,1803.4
INV_108877,WH_04,PROD_0017,27/08/2024,1500,845,1038,1307.0,1153.52
INV_108878,WH_14,PROD_0167,12/11/2024,4357,1200,803,4754.0,5725.49
INV_108879,WH_12,PROD_0078,08/09/2024,2224,460,1353,1331.0,1496.75
INV_108880,WH_15,PROD_0166,06/12/2024,2418,1399,916,2901.0,3938.01
INV_108881,WH_11,PROD_0226,01/12/2024,1330,600,1031,899.0,1182.9
INV_108882,WH_11,PROD_0090,12/05/2024,3769,1074,806,4037.0,2320.16
INV_108883,WH_09,PROD_0268,04/01/2024,3183,281,1301,2163.0,2879.35
INV_108884,WH_12,PROD_0105,03/04/2024,3894,184,1431,,0.0
INV_108885,WH_06,PROD_0050,26/07/2024,3170,1070,734,3506.0,4806.03
INV_108886,WH_07,PROD_0096,28/04/2024,2818,740,665,2893.0,4086.8
INV_108887,WH_08,PROD_0143,19/03/2024,2541,356,355,2542.0,3212.17
INV_108888,WH_06,PROD_0193,23/09/2024,3659,776,1493,2942.0,2900.72
INV_108889,WH_12,PROD_0181,01/02/2024,3679,1225,108,4796.0,4917.62
INV_108890,WH_04,PROD_0196,16/08/2024,3221,1380,1099,3502.0,4839.73
INV_108891,WH_11,PROD_0099,12/04/2024,4019,1345,1264,4100.0,5122.04
INV_108892,WH_13,PROD_0003,09/09/2024,2826,1317,760,3383.0,3787.3
INV_108893,WH_03,PROD_0120,02/05/2024,3979,154,316,3817.0,4123.65
INV_108894,WH_05,PROD_0016,06/02/2024,651,351,568,434.0,249.45
INV_108895,WH_07,PROD_0156,18/07/2024,1385,434,226,1593.0,945.0
INV_108896,WH_11,PROD_0052,08/07/2024,2553,724,1461,1816.0,996.32
INV_108897,WH_02,PROD_0174,07/06/2024,2799,191,1022,1968.0,1667.78
INV_108898,WH_15,PROD_0175,09/12/2024,4356,1255,819,4792.0,5474.27
INV_108899,WH_15,PROD_0055,24/11/2024,1119,160,230,1049.0,543.19
INV_108900,WH_05,PROD_0044,22/04/2024,1344,410,475,1279.0,1170.76
INV_108901,WH_06,PROD_0222,08/11/2024,963,241,621,583.0,391.81
INV_108902,WH_12,PROD_0220,17/04/2024,3829,644,205,4268.0,3276.61
INV_108903,WH_08,PROD_0205,07/02/2024,3110,152,1440,1822.0,2349.29
INV_108904,WH_06,PROD_0003,12/08/2024,3925,813,485,4253.0,4724.38
INV_108905,WH_08,PROD_0120,15/01/2024,863,1371,589,1645.0,2253.27
INV_108906,WH_07,PROD_0149,28/03/2024,2124,1387,603,2908.0,2204.68
INV_108907,WH_04,PROD_0284,27/04/2024,3547,1272,441,4378.0,3783.87
INV_108908,WH_10,PROD_0121,02/07/2024,889,940,183,1646.0,2457.06
INV_108909,WH_09,PROD_0150,30/01/2024,2088,697,677,2108.0,1497.12
INV_108910,WH_13,PROD_0101,30/07/2024,4345,851,856,4340.0,4705.46
INV_108911,WH_09,PROD_0148,15/01/2024,1275,1239,1363,1151.0,1510.8
INV_108912,WH_01,PROD_0242,07/07/2024,691,628,534,785.0,1097.67
INV_108913,WH_05,PROD_0098,24/05/2024,635,435,629,441.0,360.78
INV_108914,WH_01,PROD_0152,16/10/2024,4218,325,914,3629.0,5167.98
INV_108915,WH_12,PROD_0202,29/12/2024,2480,1310,1325,2465.0,2422.26
INV_108916,WH_15,PROD_0231,08/04/2024,2182,726,728,2180.0,2538.16
INV_108917,WH_06,PROD_0011,03/09/2024,4606,1155,720,5041.0,3671.33
INV_108918,WH_11,PROD_0154,06/07/2024,4043,681,407,4317.0,5046.61
INV_108919,WH_01,PROD_0100,09/07/2024,2803,872,1484,2191.0,1957.03
INV_108920,WH_04,PROD_0126,03/12/2024,3606,284,1118,2772.0,2551.38
INV_108921,WH_05,PROD_0074,04/04/2024,4078,1056,666,4468.0,3713.92
INV_108922,WH_06,PROD_0235,01/09/2024,2654,555,582,2627.0,2001.59
INV_108923,WH_07,PROD_0267,21/07/2024,3502,606,1296,2812.0,2267.23
INV_108924,WH_01,PROD_0036,12/05/2024,4766,1271,416,5621.0,3207.2
INV_108925,WH_06,PROD_0227,06/11/2024,3180,1215,487,3908.0,4943.51
INV_108926,WH_06,PROD_0214,20/02/2024,796,1358,255,1899.0,2108.47
INV_108927,WH_01,PROD_0234,22/10/2024,3310,1101,1351,3060.0,1759.11
INV_108928,WH_12,PROD_0171,29/09/2024,4762,127,1364,3525.0,4699.66
INV_108929,WH_14,PROD_0091,22/08/2024,2221,1184,290,3115.0,3795.49
INV_108930,WH_06,PROD_0293,13/10/2024,1706,236,776,1166.0,1578.69
INV_108931,WH_09,PROD_0236,04/12/2024,507,1246,697,1056.0,1067.84
INV_108932,WH_06,PROD_0080,09/10/2024,4607,1055,123,5539.0,7595.4
INV_108933,WH_05,PROD_0064,12/07/2024,3730,604,1075,3259.0,3579.64
INV_108934,WH_06,PROD_0137,07/05/2024,1169,916,436,1649.0,1477.39
INV_108935,WH_02,PROD_0265,05/12/2024,605,906,1208,303.0,216.81
INV_108936,WH_15,PROD_0212,13/10/2024,4182,818,846,4154.0,3189.0
INV_108937,WH_02,PROD_0006,06/09/2024,3863,753,304,4312.0,2976.58
INV_108938,WH_10,PROD_0066,21/03/2024,1527,863,789,1601.0,1105.34
INV_108939,WH_08,PROD_0057,11/02/2024,4370,491,818,4043.0,2311.52
INV_108940,WH_07,PROD_0277,12/09/2024,3897,885,819,3963.0,2171.17
INV_108941,WH_09,PROD_0013,22/05/2024,742,602,116,1228.0,798.29
INV_108942,WH_08,PROD_0195,17/01/2024,4933,455,214,5174.0,2629.3
INV_108943,WH_01,PROD_0280,20/05/2024,4445,1326,772,,0.0
INV_108944,WH_03,PROD_0205,03/01/2024,3892,1232,576,4548.0,6351.9
INV_108945,WH_09,PROD_0034,13/01/2024,754,1250,1040,964.0,1196.0
INV_108946,WH_14,PROD_0198,23/04/2024,2797,938,1413,2322.0,1530.02
INV_108947,WH_10,PROD_0018,27/09/2024,2666,634,1357,1943.0,2730.58
INV_108948,WH_07,PROD_0125,06/12/2024,2540,500,760,2280.0,1458.37
INV_108949,WH_13,PROD_0046,23/09/2024,521,1350,713,1158.0,1404.1
INV_108950,WH_05,PROD_0145,22/12/2024,3765,915,405,4275.0,3317.9
INV_108951,WH_10,PROD_0193,21/03/2024,1370,400,726,1044.0,1289.11
INV_108952,WH_06,PROD_0294,28/07/2024,3639,663,1376,2926.0,2063.19
INV_108953,WH_08,PROD_0281,16/12/2024,4210,778,1032,3956.0,3582.13
INV_108954,WH_06,PROD_0064,03/02/2024,2469,1032,1174,2327.0,2933.24
INV_108955,WH_13,PROD_0208,20/01/2024,3333,793,1233,2893.0,1889.05
INV_108956,WH_10,PROD_0239,22/06/2024,792,483,358,917.0,986.46
INV_108957,WH_13,PROD_0278,17/08/2024,1087,387,1267,207.0,251.5
INV_108958,WH_07,PROD_0110,03/07/2024,2118,122,259,1981.0,2549.75
INV_108959,WH_06,PROD_0046,27/04/2024,3422,884,327,,0.0
INV_108960,WH_15,PROD_0239,27/05/2024,3595,166,274,3487.0,2286.92
INV_108961,WH_14,PROD_0157,18/10/2024,2140,1193,944,2389.0,3433.16
INV_108962,WH_09,PROD_0007,29/02/2024,1157,1135,318,1974.0,1070.94
INV_108963,WH_06,PROD_0142,02/04/2024,1865,122,861,1126.0,1306.45
INV_108964,WH_13,PROD_0200,26/04/2024,3371,555,208,3718.0,2087.33
INV_108965,WH_13,PROD_0166,12/07/2024,4761,776,925,4612.0,4721.03
INV_108966,WH_09,PROD_0042,09/06/2024,1970,114,1110,974.0,845.65
INV_108967,WH_02,PROD_0126,22/07/2024,517,1147,1269,395.0,507.3
INV_108968,WH_02,PROD_0043,01/07/2024,1325,1375,183,2517.0,1520.5
INV_108969,WH_12,PROD_0101,18/04/2024,2844,1409,536,3717.0,4552.7
INV_108970,WH_12,PROD_0132,23/03/2024,632,1375,1087,920.0,1227.35
INV_108971,WH_11,PROD_0208,29/08/2024,1029,999,1319,709.0,968.22
INV_108972,WH_15,PROD_0129,28/11/2024,4255,158,115,4298.0,3450.25
INV_108973,WH_12,PROD_0277,25/06/2024,3959,296,1152,3103.0,4153.1
INV_108974,WH_03,PROD_0149,08/08/2024,3453,556,100,,0.0
INV_108975,WH_08,PROD_0205,25/10/2024,3879,875,1434,3320.0,2360.76
INV_108976,WH_06,PROD_0153,09/06/2024,3933,776,525,4184.0,6074.62
INV_108977,WH_05,PROD_0053,20/08/2024,1182,648,491,1339.0,1846.78
INV_108978,WH_01,PROD_0202,27/06/2024,3775,714,746,3743.0,1935.66
INV_108979,WH_09,PROD_0108,23/09/2024,4754,631,497,,0.0
INV_108980,WH_11,PROD_0298,20/11/2024,4029,1259,352,4936.0,4117.12
INV_108981,WH_03,PROD_0227,22/07/2024,3853,263,726,3390.0,3545.17
INV_108982,WH_01,PROD_0122,04/10/2024,3297,588,428,3457.0,3091.66
INV_108983,WH_15,PROD_0195,11/03/2024,1025,307,806,526.0,584.95
INV_108984,WH_13,PROD_0080,16/07/2024,3822,747,665,3904.0,3292.92
INV_108985,WH_11,PROD_0255,16/10/2024,1032,896,219,1709.0,2437.16
INV_108986,WH_08,PROD_0021,03/11/2024,1870,598,683,1785.0,2153.99
INV_108987,WH_02,PROD_0229,08/11/2024,644,1385,342,1687.0,1729.03
INV_108988,WH_13,PROD_0005,25/07/2024,1136,1416,425,2127.0,1224.87
INV_108989,WH_14,PROD_0219,05/09/2024,3516,1433,1029,,0.0
INV_108990,WH_15,PROD_0223,03/05/2024,1924,630,1447,1107.0,1495.23
INV_108991,WH_11,PROD_0225,28/10/2024,1739,1315,489,2565.0,2418.53
INV_108992,WH_12,PROD_0037,11/01/2024,4673,1252,1229,4696.0,5467.96
INV_108993,WH_11,PROD_0215,14/09/2024,1656,786,760,1682.0,2500.58
INV_108994,WH_03,PROD_0202,18/11/2024,2520,719,214,3025.0,2729.2
INV_108995,WH_04,PROD_0250,08/01/2024,4535,1026,525,5036.0,4677.88
INV_108996,WH_12,PROD_0148,22/03/2024,1173,840,595,1418.0,1756.58
INV_108997,WH_15,PROD_0202,12/11/2024,4815,916,454,5277.0,5498.8
INV_108998,WH_09,PROD_0189,24/12/2024,3245,1442,241,4446.0,5074.43
INV_108999,WH_14,PROD_0121,01/07/2024,3904,816,1096,3624.0,5355.06
INV_109000,WH_12,PROD_0290,15/06/2024,2174,892,591,2475.0,3496.5
INV_109001,WH_11,PROD_0224,01/12/2024,4651,1223,1097,4777.0,5679.49
INV_109002,WH_10,PROD_0198,19/04/2024,4358,1220,1338,4240.0,3225.84
INV_109003,WH_03,PROD_0134,26/09/2024,3123,785,223,3685.0,4351.87
INV_109004,WH_02,PROD_0100,23/03/2024,4705,433,1268,3870.0,5597.34
INV_109005,WH_06,PROD_0300,01/10/2024,4759,852,827,4784.0,6429.63
INV_109006,WH_02,PROD_0180,05/08/2024,2648,993,1456,2185.0,2394.46
INV_109007,WH_02,PROD_0077,16/05/2024,1835,1081,217,2699.0,3846.38
INV_109008,WH_01,PROD_0282,23/09/2024,3167,262,548,2881.0,4311.46
INV_109009,WH_11,PROD_0227,05/03/2024,778,1103,191,1690.0,2080.61
INV_109010,WH_11,PROD_0172,23/10/2024,2119,1341,1280,2180.0,2148.75
INV_109011,WH_15,PROD_0278,29/06/2024,1467,1347,777,2037.0,1855.53
INV_109012,WH_14,PROD_0202,19/05/2024,4215,566,1100,3681.0,2435.89
INV_109013,WH_05,PROD_0263,16/09/2024,4076,1478,168,5386.0,7001.59
INV_109014,WH_03,PROD_0297,20/10/2024,1753,544,930,,0.0
INV_109015,WH_11,PROD_0063,20/09/2024,1906,1083,879,2110.0,1917.21
INV_109016,WH_10,PROD_0234,31/10/2024,1625,141,119,1647.0,1943.89
INV_109017,WH_14,PROD_0142,12/07/2024,2711,1212,1330,2593.0,3394.66
INV_109018,WH_11,PROD_0178,11/04/2024,3808,1453,176,5085.0,3164.03
INV_109019,WH_10,PROD_0259,14/10/2024,1813,1130,798,2145.0,2358.44
INV_109020,WH_01,PROD_0127,05/05/2024,3472,1387,1112,3747.0,3381.76
INV_109021,WH_10,PROD_0264,11/01/2024,1994,400,150,2244.0,2842.77
INV_109022,WH_01,PROD_0133,27/08/2024,4756,1105,1000,4861.0,2529.82
INV_109023,WH_07,PROD_0228,06/06/2024,3257,1094,308,4043.0,2782.81
INV_109024,WH_12,PROD_0046,21/03/2024,4782,919,1098,4603.0,2579.02
INV_109025,WH_01,PROD_0154,21/08/2024,3905,550,709,3746.0,4289.93
INV_109026,WH_13,PROD_0242,16/02/2024,3616,1231,491,4356.0,5006.4
INV_109027,WH_08,PROD_0044,05/06/2024,861,1118,939,1040.0,1151.91
INV_109028,WH_02,PROD_0085,09/02/2024,4380,930,1494,3816.0,2646.73
INV_109029,WH_13,PROD_0268,27/04/2024,4107,262,1342,3027.0,3532.73
INV_109030,WH_07,PROD_0155,05/04/2024,695,819,312,1202.0,753.33
INV_109031,WH_09,PROD_0219,18/01/2024,1169,266,1093,342.0,472.3
INV_109032,WH_01,PROD_0137,12/02/2024,4029,1122,763,4388.0,5355.93
INV_109033,WH_07,PROD_0195,10/03/2024,2845,1016,322,3539.0,2838.14
INV_109034,WH_03,PROD_0012,21/04/2024,2577,1410,645,3342.0,4577.66
INV_109035,WH_12,PROD_0129,15/12/2024,4860,1186,966,5080.0,2600.34
INV_109036,WH_15,PROD_0173,30/09/2024,2558,1467,177,3848.0,2606.15
INV_109037,WH_12,PROD_0037,18/08/2024,940,381,535,786.0,1041.93
INV_109038,WH_06,PROD_0236,11/11/2024,3089,257,862,2484.0,2810.28
INV_109039,WH_03,PROD_0194,30/11/2024,4539,652,1151,,0.0
INV_109040,WH_07,PROD_0193,08/06/2024,1406,1113,1029,1490.0,2122.59
INV_109041,WH_05,PROD_0051,01/06/2024,2992,1255,1012,3235.0,3007.85
INV_109042,WH_10,PROD_0165,02/03/2024,2819,1469,1153,3135.0,2740.28
INV_109043,WH_10,PROD_0050,23/06/2024,1404,934,918,1420.0,1315.56
INV_109044,WH_15,PROD_0060,21/05/2024,3554,1019,851,3722.0,3484.61
INV_109045,WH_07,PROD_0040,06/06/2024,4405,1350,1407,4348.0,4459.44
INV_109046,WH_13,PROD_0052,22/09/2024,712,1426,1231,907.0,962.9
INV_109047,WH_11,PROD_0098,13/07/2024,4263,192,110,4345.0,2585.93
INV_109048,WH_10,PROD_0261,24/02/2024,1755,327,460,1622.0,1821.31
INV_109049,WH_02,PROD_0048,25/02/2024,4892,1016,205,5703.0,5001.6
INV_109050,WH_13,PROD_0245,25/11/2024,1618,1159,1175,1602.0,1073.06
INV_109051,WH_10,PROD_0008,04/01/2024,714,1363,743,1334.0,915.19
INV_109052,WH_06,PROD_0244,12/08/2024,2955,1275,350,3880.0,2375.47
INV_109053,WH_13,PROD_0291,19/04/2024,3876,1352,990,4238.0,2904.15
INV_109054,WH_08,PROD_0135,20/11/2024,1167,458,216,1409.0,1329.7
INV_109055,WH_03,PROD_0043,06/05/2024,2771,1124,1020,2875.0,3767.73
INV_109056,WH_14,PROD_0094,03/12/2024,715,1327,1085,957.0,1147.4
INV_109057,WH_10,PROD_0272,26/10/2024,3704,555,1278,2981.0,1831.16
INV_109058,WH_02,PROD_0282,25/03/2024,1539,535,536,1538.0,1272.2
INV_109059,WH_04,PROD_0061,27/01/2024,3357,528,618,3267.0,4721.11
INV_109060,WH_07,PROD_0123,10/07/2024,1473,441,595,1319.0,1347.23
INV_109061,WH_03,PROD_0173,16/10/2024,4240,1166,662,4744.0,6433.09
INV_109062,WH_02,PROD_0231,06/01/2024,4877,1277,112,6042.0,8440.47
INV_109063,WH_04,PROD_0111,23/12/2024,4738,181,1191,3728.0,3563.92
INV_109064,WH_06,PROD_0002,05/06/2024,3650,145,340,3455.0,2052.65
INV_109065,WH_13,PROD_0299,31/12/2024,3919,1290,347,,0.0
INV_109066,WH_15,PROD_0047,24/03/2024,2033,994,1148,1879.0,1079.62
INV_109067,WH_05,PROD_0078,18/02/2024,2982,645,571,,0.0
INV_109068,WH_12,PROD_0192,20/05/2024,4640,201,175,4666.0,3773.45
INV_109069,WH_06,PROD_0087,05/10/2024,4201,606,404,4403.0,3925.81
INV_109070,WH_03,PROD_0212,28/07/2024,690,709,1165,234.0,333.59
INV_109071,WH_07,PROD_0113,07/04/2024,1506,577,1291,792.0,679.66
INV_109072,WH_11,PROD_0153,15/05/2024,2036,1408,802,2642.0,3153.69
INV_109073,WH_06,PROD_0002,08/06/2024,1264,504,721,1047.0,635.44
INV_109074,WH_15,PROD_0231,13/02/2024,3589,1413,1056,3946.0,2695.55
INV_109075,WH_11,PROD_0109,17/06/2024,3814,1204,1069,3949.0,5315.51
INV_109076,WH_04,PROD_0170,28/08/2024,2811,236,527,2520.0,1799.94
INV_109077,WH_14,PROD_0117,26/06/2024,624,1297,128,1793.0,1797.0
INV_109078,WH_14,PROD_0163,09/06/2024,781,536,774,543.0,287.23
INV_109079,WH_02,PROD_0056,22/10/2024,4967,1212,1446,4733.0,6113.36
INV_109080,WH_02,PROD_0057,05/08/2024,1498,431,1483,,0.0
INV_109081,WH_04,PROD_0285,01/09/2024,2809,712,1304,2217.0,1569.44
INV_109082,WH_02,PROD_0054,14/04/2024,4570,506,1088,,0.0
INV_109083,WH_15,PROD_0254,05/11/2024,2473,705,829,2349.0,1232.18
INV_109084,WH_10,PROD_0137,02/12/2024,3199,264,620,2843.0,3827.69
INV_109085,WH_14,PROD_0164,15/11/2024,2893,469,875,2487.0,3272.74
INV_109086,WH_08,PROD_0225,08/09/2024,1175,1319,623,1871.0,2221.55
INV_109087,WH_10,PROD_0048,08/04/2024,3299,1293,822,3770.0,2587.22
INV_109088,WH_14,PROD_0120,10/12/2024,3473,1329,1314,3488.0,4423.86
INV_109089,WH_06,PROD_0052,06/10/2024,4297,370,285,4382.0,2452.39
INV_109090,WH_10,PROD_0001,31/05/2024,4669,903,635,4937.0,2957.64
INV_109091,WH_10,PROD_0284,27/01/2024,1044,643,553,1134.0,1604.94
INV_109092,WH_15,PROD_0258,11/12/2024,2556,967,1439,2084.0,2716.6
INV_109093,WH_03,PROD_0016,15/03/2024,1357,903,1444,816.0,986.07
INV_109094,WH_11,PROD_0006,03/04/2024,1384,514,658,1240.0,1813.38
INV_109095,WH_11,PROD_0054,17/04/2024,2555,210,104,2661.0,3174.52
INV_109096,WH_06,PROD_0153,05/04/2024,568,1322,1427,463.0,276.12
INV_109097,WH_10,PROD_0283,02/01/2024,1682,107,490,1299.0,945.31
INV_109098,WH_12,PROD_0152,25/09/2024,4324,1133,1333,4124.0,6062.82
INV_109099,WH_05,PROD_0034,30/10/2024,3117,933,384,3666.0,4263.14
INV_109100,WH_02,PROD_0080,15/12/2024,2230,778,237,2771.0,3441.63
INV_109101,WH_04,PROD_0130,13/04/2024,548,1441,126,1863.0,1788.87
INV_109102,WH_15,PROD_0236,03/02/2024,4338,716,1073,3981.0,3033.67
INV_109103,WH_13,PROD_0144,26/02/2024,1121,1201,442,1880.0,1927.74
INV_109104,WH_05,PROD_0078,04/05/2024,501,481,1166,-184.0,-270.91
INV_109105,WH_04,PROD_0065,03/12/2024,706,455,1425,-264.0,-363.96
INV_109106,WH_02,PROD_0075,20/07/2024,4299,358,831,3826.0,4610.67
INV_109107,WH_12,PROD_0095,19/08/2024,4129,965,824,4270.0,3233.47
INV_109108,WH_08,PROD_0294,19/06/2024,4012,1274,687,4599.0,5773.72
INV_109109,WH_05,PROD_0298,17/11/2024,3999,479,619,3859.0,3214.61
INV_109110,WH_02,PROD_0157,26/05/2024,629,1461,1469,621.0,591.1
INV_109111,WH_09,PROD_0011,20/09/2024,4532,873,865,,0.0
INV_109112,WH_01,PROD_0295,07/10/2024,4392,542,1249,3685.0,2845.24
INV_109113,WH_03,PROD_0281,22/05/2024,2255,749,1225,1779.0,984.24
INV_109114,WH_05,PROD_0143,03/06/2024,4670,236,1376,3530.0,4714.54
INV_109115,WH_03,PROD_0193,11/05/2024,1724,366,1491,599.0,635.09
INV_109116,WH_14,PROD_0007,09/02/2024,4720,1228,490,5458.0,6144.76
INV_109117,WH_01,PROD_0115,12/03/2024,2095,759,1453,1401.0,1989.34
INV_109118,WH_09,PROD_0076,15/01/2024,3318,505,742,3081.0,2064.04
INV_109119,WH_11,PROD_0216,29/11/2024,2951,170,1352,1769.0,1513.54
INV_109120,WH_11,PROD_0172,28/06/2024,2753,802,984,2571.0,1509.2
INV_109121,WH_09,PROD_0029,23/08/2024,503,1481,589,1395.0,1628.11
INV_109122,WH_03,PROD_0256,17/10/2024,4105,110,439,3776.0,2851.05
INV_109123,WH_07,PROD_0227,29/07/2024,3425,1329,803,3951.0,4000.09
INV_109124,WH_05,PROD_0145,03/09/2024,4181,484,466,4199.0,4349.37
INV_109125,WH_07,PROD_0250,24/04/2024,2850,644,988,2506.0,3246.91
INV_109126,WH_13,PROD_0096,30/01/2024,688,1444,1393,739.0,527.24
INV_109127,WH_05,PROD_0126,27/05/2024,1373,488,193,1668.0,1052.54
INV_109128,WH_04,PROD_0178,16/11/2024,1529,1445,439,2535.0,2106.01
INV_109129,WH_06,PROD_0062,28/01/2024,3928,703,928,3703.0,4902.18
INV_109130,WH_07,PROD_0170,29/06/2024,2904,754,593,3065.0,2298.37
INV_109131,WH_11,PROD_0252,02/07/2024,1931,1067,850,2148.0,2547.18
INV_109132,WH_04,PROD_0279,08/12/2024,1068,802,662,1208.0,1649.9
INV_109133,WH_03,PROD_0282,21/09/2024,2097,1045,503,2639.0,1374.27
INV_109134,WH_05,PROD_0069,19/02/2024,2354,567,428,2493.0,3259.09
INV_109135,WH_15,PROD_0270,15/01/2024,660,136,1334,,0.0
INV_109136,WH_06,PROD_0070,26/11/2024,3085,275,909,2451.0,1546.91
INV_109137,WH_14,PROD_0277,24/12/2024,4239,1234,1283,4190.0,2165.24
INV_109138,WH_10,PROD_0298,28/04/2024,4670,811,1492,3989.0,5013.1
INV_109139,WH_11,PROD_0124,31/01/2024,2001,370,597,1774.0,1608.86
INV_109140,WH_08,PROD_0037,19/05/2024,3164,864,603,3425.0,3793.24
INV_109141,WH_01,PROD_0130,26/02/2024,3728,890,1299,,0.0
INV_109142,WH_07,PROD_0086,01/04/2024,1548,418,965,1001.0,1390.78
INV_109143,WH_09,PROD_0131,27/09/2024,3873,924,1015,3782.0,4694.91
INV_109144,WH_08,PROD_0277,05/09/2024,3815,1492,369,4938.0,3165.0
INV_109145,WH_07,PROD_0060,20/02/2024,2947,112,1291,1768.0,1028.83
INV_109146,WH_06,PROD_0067,29/10/2024,1926,1085,1243,1768.0,2112.31
INV_109147,WH_13,PROD_0091,08/09/2024,1315,379,598,1096.0,1346.38
INV_109148,WH_09,PROD_0072,13/08/2024,4840,1339,865,5314.0,7140.49
INV_109149,WH_03,PROD_0257,03/07/2024,2720,859,1211,2368.0,3347.12
INV_109150,WH_01,PROD_0046,11/09/2024,1499,256,229,1526.0,1467.25
INV_109151,WH_01,PROD_0191,22/05/2024,4656,751,1482,3925.0,3288.55
INV_109152,WH_01,PROD_0030,05/11/2024,1129,922,1455,596.0,428.48
INV_109153,WH_09,PROD_0291,10/03/2024,4551,1141,785,4907.0,2634.69
INV_109154,WH_11,PROD_0152,30/05/2024,640,836,1077,399.0,511.85
INV_109155,WH_10,PROD_0263,04/01/2024,4822,1230,1180,4872.0,3314.7
INV_109156,WH_08,PROD_0216,27/03/2024,2508,478,134,2852.0,4119.19
INV_109157,WH_15,PROD_0151,10/05/2024,1727,1117,1192,1652.0,2140.27
INV_109158,WH_06,PROD_0261,14/09/2024,716,605,885,436.0,493.75
INV_109159,WH_07,PROD_0005,20/11/2024,873,400,606,667.0,577.56
INV_109160,WH_08,PROD_0194,25/08/2024,1932,740,1023,1649.0,1487.23
INV_109161,WH_10,PROD_0057,22/07/2024,1992,1052,582,2462.0,3218.6
INV_109162,WH_14,PROD_0137,05/04/2024,3011,698,1088,2621.0,1437.43
INV_109163,WH_10,PROD_0102,02/03/2024,3409,141,425,3125.0,1936.99
INV_109164,WH_12,PROD_0149,06/01/2024,2645,431,543,2533.0,1363.57
INV_109165,WH_05,PROD_0287,28/08/2024,2283,143,1408,1018.0,538.2
INV_109166,WH_03,PROD_0059,02/08/2024,2265,1415,734,,0.0
INV_109167,WH_05,PROD_0035,25/10/2024,1953,1265,308,2910.0,1886.22
INV_109168,WH_14,PROD_0262,12/09/2024,911,1203,1192,922.0,1076.61
INV_109169,WH_15,PROD_0073,15/04/2024,1564,1400,1484,1480.0,1995.95
INV_109170,WH_08,PROD_0052,24/09/2024,2852,1244,1293,,0.0
INV_109171,WH_14,PROD_0112,16/03/2024,1517,987,1206,1298.0,1745.45
INV_109172,WH_12,PROD_0244,12/05/2024,2450,1489,175,3764.0,3611.34
INV_109173,WH_11,PROD_0113,23/09/2024,2765,1087,1247,2605.0,2726.38
INV_109174,WH_09,PROD_0269,13/12/2024,3888,1177,1110,3955.0,4083.76
INV_109175,WH_15,PROD_0228,10/09/2024,4964,540,404,5100.0,4944.24
INV_109176,WH_15,PROD_0266,24/01/2024,4027,1124,628,4523.0,3001.26
INV_109177,WH_01,PROD_0118,03/09/2024,2818,1292,396,3714.0,3001.67
INV_109178,WH_06,PROD_0214,16/01/2024,3294,891,937,,0.0
INV_109179,WH_02,PROD_0002,22/10/2024,4511,213,146,4578.0,3286.69
INV_109180,WH_06,PROD_0288,18/06/2024,2007,300,174,2133.0,3136.62
INV_109181,WH_03,PROD_0205,08/05/2024,916,1070,1222,764.0,1093.74
INV_109182,WH_03,PROD_0244,04/12/2024,2279,1204,476,3007.0,2680.93
INV_109183,WH_06,PROD_0016,27/04/2024,1432,712,1482,662.0,573.74
INV_109184,WH_13,PROD_0106,13/02/2024,2194,165,259,2100.0,2114.86
INV_109185,WH_04,PROD_0105,15/03/2024,2531,1327,188,3670.0,5043.48
INV_109186,WH_04,PROD_0162,17/06/2024,865,811,176,1500.0,1201.82
INV_109187,WH_14,PROD_0092,21/08/2024,4816,557,1367,4006.0,5418.24
INV_109188,WH_01,PROD_0112,22/05/2024,1557,136,607,1086.0,688.87
INV_109189,WH_07,PROD_0126,17/08/2024,1864,523,1289,1098.0,951.98
INV_109190,WH_08,PROD_0228,21/12/2024,4600,551,894,4257.0,3071.53
INV_109191,WH_14,PROD_0008,06/02/2024,3011,431,176,3266.0,3863.25
INV_109192,WH_13,PROD_0021,23/05/2024,3867,1187,1446,3608.0,3406.5
INV_109193,WH_08,PROD_0026,19/04/2024,3056,640,1082,2614.0,1784.12
INV_109194,WH_01,PROD_0171,04/03/2024,4707,857,487,5077.0,6913.94
INV_109195,WH_08,PROD_0076,09/07/2024,1497,1451,270,2678.0,3053.05
INV_109196,WH_15,PROD_0213,01/08/2024,3761,1262,1449,3574.0,5210.43
INV_109197,WH_05,PROD_0167,07/05/2024,4336,1113,533,4916.0,6231.1
INV_109198,WH_07,PROD_0050,07/11/2024,1138,805,737,1206.0,1688.14
INV_109199,WH_01,PROD_0239,04/08/2024,3466,1460,586,4340.0,5758.05
INV_109200,WH_02,PROD_0159,19/11/2024,2359,497,1498,1358.0,715.67
INV_109201,WH_05,PROD_0139,07/07/2024,741,722,115,1348.0,1060.01
INV_109202,WH_12,PROD_0297,19/02/2024,2032,122,548,1606.0,2104.34
INV_109203,WH_07,PROD_0257,23/03/2024,690,1409,1236,863.0,1205.74
INV_109204,WH_04,PROD_0195,20/04/2024,2789,432,1034,2187.0,3157.24
INV_109205,WH_12,PROD_0100,22/02/2024,2377,425,735,2067.0,2487.78
INV_109206,WH_10,PROD_0060,06/05/2024,3773,1438,334,4877.0,5411.31
INV_109207,WH_05,PROD_0282,25/06/2024,1496,299,1184,611.0,524.21
INV_109208,WH_03,PROD_0240,10/12/2024,2722,733,733,2722.0,1562.89
INV_109209,WH_14,PROD_0281,27/01/2024,2934,1245,175,4004.0,4873.16
INV_109210,WH_13,PROD_0044,24/10/2024,3876,273,794,3355.0,2225.48
INV_109211,WH_11,PROD_0218,08/09/2024,1487,636,718,1405.0,1938.53
INV_109212,WH_04,PROD_0093,12/08/2024,4012,550,1388,3174.0,3989.23
INV_109213,WH_13,PROD_0139,30/06/2024,3057,1355,999,3413.0,3132.97
INV_109214,WH_07,PROD_0113,11/08/2024,1797,1265,1138,1924.0,1256.59
INV_109215,WH_07,PROD_0135,06/06/2024,3840,497,244,4093.0,3356.27
INV_109216,WH_11,PROD_0170,15/02/2024,3407,134,1027,2514.0,2056.49
INV_109217,WH_07,PROD_0009,20/02/2024,3324,1428,506,4246.0,2196.69
INV_109218,WH_07,PROD_0161,21/05/2024,1360,1240,687,,0.0
INV_109219,WH_12,PROD_0204,09/07/2024,680,750,284,1146.0,1275.24
INV_109220,WH_15,PROD_0140,14/12/2024,1083,604,378,1309.0,1841.23
INV_109221,WH_13,PROD_0108,01/11/2024,1612,502,147,1967.0,1003.55
INV_109222,WH_05,PROD_0009,24/11/2024,4725,107,424,4408.0,3868.99
INV_109223,WH_12,PROD_0021,18/07/2024,2912,1256,946,3222.0,2971.09
INV_109224,WH_02,PROD_0015,15/02/2024,3617,1445,337,4725.0,4208.5
INV_109225,WH_08,PROD_0072,22/01/2024,1968,542,545,1965.0,1495.68
INV_109226,WH_02,PROD_0217,01/07/2024,1857,892,1479,1270.0,1326.5
INV_109227,WH_13,PROD_0106,10/03/2024,1433,849,1380,902.0,1269.89
INV_109228,WH_03,PROD_0178,24/12/2024,1585,1377,287,2675.0,2006.32
INV_109229,WH_06,PROD_0075,22/10/2024,3126,1197,297,4026.0,5116.99
INV_109230,WH_09,PROD_0086,05/05/2024,1631,909,230,2310.0,2096.19
INV_109231,WH_13,PROD_0282,25/11/2024,1422,132,1203,351.0,508.63
INV_109232,WH_02,PROD_0042,18/07/2024,507,1276,1025,758.0,887.82
INV_109233,WH_13,PROD_0173,10/02/2024,2943,248,306,2885.0,2375.42
INV_109234,WH_12,PROD_0083,24/01/2024,833,338,1363,-192.0,-110.28
INV_109235,WH_07,PROD_0043,29/07/2024,1469,1196,584,2081.0,2300.85
INV_109236,WH_10,PROD_0245,04/10/2024,4350,214,156,4408.0,5252.08
INV_109237,WH_06,PROD_0041,17/03/2024,3454,256,284,3426.0,4314.9
INV_109238,WH_14,PROD_0058,26/02/2024,2003,1208,950,2261.0,2667.23
INV_109239,WH_01,PROD_0257,25/12/2024,2774,792,974,2592.0,3704.41
INV_109240,WH_03,PROD_0028,30/11/2024,583,213,477,319.0,179.23
INV_109241,WH_15,PROD_0161,25/11/2024,4851,1087,679,5259.0,6158.71
INV_109242,WH_11,PROD_0124,02/09/2024,2006,889,407,2488.0,2365.92
INV_109243,WH_06,PROD_0182,30/10/2024,2438,205,645,1998.0,1610.69
INV_109244,WH_13,PROD_0148,11/09/2024,919,682,1420,181.0,227.24
INV_109245,WH_02,PROD_0272,26/10/2024,2833,241,1246,1828.0,1103.1
INV_109246,WH_02,PROD_0260,19/11/2024,2983,693,1036,2640.0,2067.12
INV_109247,WH_04,PROD_0041,27/12/2024,3610,806,106,4310.0,5450.4
INV_109248,WH_15,PROD_0262,08/03/2024,4763,1390,965,5188.0,7490.23
INV_109249,WH_12,PROD_0150,21/07/2024,3931,926,947,3910.0,2642.64
INV_109250,WH_08,PROD_0181,28/08/2024,3972,1447,988,4431.0,4254.38
INV_109251,WH_10,PROD_0002,14/03/2024,1657,1005,1302,1360.0,2008.09
INV_109252,WH_06,PROD_0226,31/01/2024,881,700,168,1413.0,999.62
INV_109253,WH_05,PROD_0086,31/12/2024,1762,866,1376,1252.0,1061.55
INV_109254,WH_05,PROD_0025,10/01/2024,919,1191,258,1852.0,2423.44
INV_109255,WH_04,PROD_0193,27/06/2024,4093,1036,920,4209.0,4002.78
INV_109256,WH_04,PROD_0198,26/04/2024,1518,917,1229,1206.0,1792.9
INV_109257,WH_06,PROD_0131,12/11/2024,3322,236,652,,0.0
INV_109258,WH_14,PROD_0101,26/04/2024,4923,1066,741,5248.0,5133.63
INV_109259,WH_10,PROD_0221,06/04/2024,583,162,863,-118.0,-132.43
INV_109260,WH_04,PROD_0173,07/12/2024,4712,1250,189,5773.0,7893.92
INV_109261,WH_09,PROD_0253,25/03/2024,2440,1465,1362,2543.0,2895.59
INV_109262,WH_12,PROD_0204,12/03/2024,791,181,939,33.0,35.61
INV_109263,WH_13,PROD_0260,29/07/2024,2778,863,499,3142.0,3774.95
INV_109264,WH_09,PROD_0085,01/04/2024,2883,785,1306,2362.0,1677.46
INV_109265,WH_09,PROD_0130,07/07/2024,2189,382,1420,1151.0,671.55
INV_109266,WH_05,PROD_0035,15/02/2024,1107,1133,261,1979.0,2714.69
INV_109267,WH_11,PROD_0028,04/12/2024,4469,1481,1293,4657.0,6651.59
INV_109268,WH_12,PROD_0236,11/01/2024,4388,1496,997,4887.0,4692.83
INV_109269,WH_02,PROD_0187,02/12/2024,2344,999,743,2600.0,1389.59
INV_109270,WH_10,PROD_0227,01/11/2024,1024,489,447,1066.0,852.48
INV_109271,WH_11,PROD_0065,19/02/2024,3826,1225,301,4750.0,6450.34
INV_109272,WH_02,PROD_0159,03/09/2024,2009,250,860,1399.0,1896.49
INV_109273,WH_07,PROD_0270,12/05/2024,2929,1134,373,3690.0,3663.83
INV_109274,WH_03,PROD_0065,02/01/2024,4599,777,784,4592.0,6851.73
INV_109275,WH_04,PROD_0014,26/04/2024,3806,1148,1451,3503.0,4015.16
INV_109276,WH_09,PROD_0117,21/02/2024,2544,249,734,2059.0,1414.11
INV_109277,WH_05,PROD_0256,06/01/2024,4829,456,222,5063.0,5925.1
INV_109278,WH_02,PROD_0094,28/05/2024,1140,1106,856,1390.0,1070.26
INV_109279,WH_15,PROD_0278,12/01/2024,3686,848,1215,3319.0,2590.94
INV_109280,WH_02,PROD_0073,20/03/2024,3167,560,1472,2255.0,2487.58
INV_109281,WH_13,PROD_0159,11/02/2024,1183,1016,361,1838.0,2737.43
INV_109282,WH_04,PROD_0211,28/03/2024,2356,275,437,2194.0,3129.17
INV_109283,WH_08,PROD_0287,15/06/2024,4097,1270,313,5054.0,6232.18
INV_109284,WH_03,PROD_0129,03/06/2024,830,371,1493,-292.0,-317.52
INV_109285,WH_09,PROD_0058,14/05/2024,2263,1079,1294,2048.0,1283.95
INV_109286,WH_04,PROD_0023,21/05/2024,4518,970,900,4588.0,3755.37
INV_109287,WH_11,PROD_0184,01/01/2024,3990,315,813,3492.0,4290.5
INV_109288,WH_11,PROD_0001,28/01/2024,3709,1103,1287,3525.0,5147.89
INV_109289,WH_14,PROD_0066,04/12/2024,4525,606,456,4675.0,4186.09
INV_109290,WH_15,PROD_0215,14/04/2024,584,558,872,,0.0
INV_109291,WH_03,PROD_0140,18/08/2024,3094,1276,1026,3344.0,2591.4
INV_109292,WH_12,PROD_0220,16/04/2024,2225,1477,656,3046.0,2667.55
INV_109293,WH_09,PROD_0201,07/05/2024,1277,1280,880,1677.0,2082.9
INV_109294,WH_07,PROD_0052,04/10/2024,710,431,764,377.0,356.38
INV_109295,WH_05,PROD_0232,15/03/2024,3929,1289,1082,4136.0,3965.48
INV_109296,WH_13,PROD_0255,09/04/2024,3511,397,133,3775.0,5299.81
INV_109297,WH_03,PROD_0139,12/06/2024,3801,1245,1196,3850.0,2825.69
INV_109298,WH_01,PROD_0297,02/06/2024,2913,352,577,2688.0,2035.53
INV_109299,WH_10,PROD_0183,05/09/2024,4018,1250,1062,4206.0,2646.87
INV_109300,WH_11,PROD_0016,08/08/2024,3996,1384,1263,4117.0,4346.57
INV_109301,WH_05,PROD_0287,08/07/2024,4569,1355,323,5601.0,4411.28
INV_109302,WH_09,PROD_0283,31/03/2024,2156,1023,1409,1770.0,2227.35
INV_109303,WH_10,PROD_0188,10/02/2024,607,1143,819,931.0,579.79
INV_109304,WH_13,PROD_0012,17/02/2024,1529,956,1437,1048.0,1297.66
INV_109305,WH_15,PROD_0120,01/05/2024,1862,393,879,1376.0,1549.57
INV_109306,WH_11,PROD_0095,15/06/2024,2235,739,463,2511.0,3315.81
INV_109307,WH_04,PROD_0082,15/05/2024,3633,627,1187,3073.0,4209.17
INV_109308,WH_10,PROD_0135,01/11/2024,3869,1161,1049,3981.0,2728.53
INV_109309,WH_03,PROD_0217,04/01/2024,2923,1299,668,3554.0,4943.07
INV_109310,WH_05,PROD_0185,06/06/2024,1472,656,385,1743.0,1887.26
INV_109311,WH_10,PROD_0078,02/04/2024,4536,1021,1105,4452.0,5862.69
INV_109312,WH_15,PROD_0096,14/07/2024,2398,1481,568,,0.0
INV_109313,WH_12,PROD_0220,04/07/2024,4701,1042,1405,4338.0,2732.97
INV_109314,WH_08,PROD_0022,24/06/2024,4296,1111,1210,4197.0,5484.61
INV_109315,WH_06,PROD_0205,05/03/2024,1397,153,246,1304.0,755.66
INV_109316,WH_08,PROD_0253,08/07/2024,2064,1261,619,2706.0,1387.96
INV_109317,WH_03,PROD_0296,13/05/2024,2610,407,1292,1725.0,2519.28
INV_109318,WH_08,PROD_0029,09/06/2024,1679,823,425,2077.0,1504.17
INV_109319,WH_12,PROD_0043,27/06/2024,995,644,1317,322.0,473.41
INV_109320,WH_13,PROD_0140,11/12/2024,2412,763,1407,1768.0,1349.63
INV_109321,WH_13,PROD_0256,21/02/2024,4546,369,404,4511.0,3153.72
INV_109322,WH_03,PROD_0256,22/05/2024,4855,975,812,5018.0,6560.11
INV_109323,WH_05,PROD_0269,28/03/2024,3269,1019,942,3346.0,4829.45
INV_109324,WH_15,PROD_0209,15/12/2024,3167,972,180,3959.0,2621.29
INV_109325,WH_02,PROD_0160,13/01/2024,3992,1052,963,4081.0,3807.15
INV_109326,WH_08,PROD_0178,13/01/2024,3589,1188,921,3856.0,3499.61
INV_109327,WH_15,PROD_0083,20/01/2024,1104,1424,804,,0.0
INV_109328,WH_02,PROD_0079,23/10/2024,1415,284,730,969.0,748.22
INV_109329,WH_05,PROD_0148,03/11/2024,4826,433,701,4558.0,6424.95
INV_109330,WH_05,PROD_0298,01/07/2024,2849,760,227,3382.0,4991.88
INV_109331,WH_02,PROD_0096,10/05/2024,3972,131,1115,2988.0,2921.09
INV_109332,WH_12,PROD_0221,11/09/2024,4493,1397,1299,4591.0,5186.25
INV_109333,WH_07,PROD_0026,05/04/2024,3806,139,1477,2468.0,3451.75
INV_109334,WH_14,PROD_0184,28/01/2024,2982,1142,1393,2731.0,1558.44
INV_109335,WH_15,PROD_0085,29/04/2024,4275,1174,1418,4031.0,3004.08
INV_109336,WH_01,PROD_0175,08/09/2024,832,1342,561,1613.0,2385.84
INV_109337,WH_07,PROD_0272,10/08/2024,4006,493,755,3744.0,3356.74
INV_109338,WH_01,PROD_0174,05/03/2024,3532,390,1108,,0.0
INV_109339,WH_11,PROD_0106,18/07/2024,2366,427,1480,1313.0,1880.11
INV_109340,WH_06,PROD_0224,03/05/2024,3004,1064,652,3416.0,2666.41
INV_109341,WH_03,PROD_0010,05/05/2024,1103,894,936,1061.0,651.46
INV_109342,WH_06,PROD_0122,21/01/2024,4894,125,117,,0.0
INV_109343,WH_09,PROD_0088,05/12/2024,680,673,944,409.0,388.95
INV_109344,WH_12,PROD_0294,04/02/2024,4532,882,446,4968.0,4676.37
INV_109345,WH_14,PROD_0209,27/03/2024,4497,685,500,4682.0,3704.96
INV_109346,WH_03,PROD_0003,17/02/2024,1732,678,1238,1172.0,1137.82
INV_109347,WH_13,PROD_0241,07/07/2024,3097,1268,1482,2883.0,1694.58
INV_109348,WH_09,PROD_0120,22/02/2024,4626,680,971,4335.0,2426.07
INV_109349,WH_15,PROD_0080,06/04/2024,4242,166,252,4156.0,4680.68
INV_109350,WH_01,PROD_0125,15/05/2024,2458,252,1178,1532.0,2231.72
INV_109351,WH_14,PROD_0247,10/08/2024,4435,589,929,4095.0,5105.49
INV_109352,WH_02,PROD_0205,15/03/2024,1861,787,397,2251.0,1341.8
INV_109353,WH_03,PROD_0157,19/11/2024,2510,1054,1146,2418.0,2827.54
INV_109354,WH_08,PROD_0007,21/05/2024,2487,1359,1430,2416.0,1672.28
INV_109355,WH_13,PROD_0122,06/11/2024,3501,1276,724,,0.0
INV_109356,WH_15,PROD_0074,13/06/2024,4719,663,1374,,0.0
INV_109357,WH_15,PROD_0210,04/08/2024,3335,1205,678,3862.0,3486.3
INV_109358,WH_11,PROD_0122,22/01/2024,3145,698,702,3141.0,4083.17
INV_109359,WH_15,PROD_0018,01/06/2024,825,1203,780,1248.0,1427.84
INV_109360,WH_14,PROD_0242,29/09/2024,3248,675,685,3238.0,2053.48
INV_109361,WH_04,PROD_0174,08/09/2024,2358,1099,650,2807.0,3104.98
INV_109362,WH_08,PROD_0098,01/11/2024,4490,514,955,4049.0,5411.04
INV_109363,WH_10,PROD_0161,16/05/2024,2301,778,806,2273.0,2624.33
INV_109364,WH_01,PROD_0158,06/06/2024,3814,196,493,3517.0,2619.67
INV_109365,WH_04,PROD_0216,24/10/2024,2824,565,528,2861.0,1844.51
INV_109366,WH_15,PROD_0285,14/03/2024,583,134,481,236.0,156.62
INV_109367,WH_01,PROD_0268,11/02/2024,3092,445,1045,2492.0,3325.73
INV_109368,WH_05,PROD_0030,12/02/2024,3486,1231,985,3732.0,3030.77
INV_109369,WH_03,PROD_0216,01/03/2024,2858,182,710,2330.0,1251.99
INV_109370,WH_06,PROD_0007,16/12/2024,2680,330,1290,1720.0,1410.21
INV_109371,WH_15,PROD_0115,17/12/2024,530,584,1207,-93.0,-127.31
INV_109372,WH_02,PROD_0115,18/02/2024,2230,897,1224,1903.0,1981.31
INV_109373,WH_11,PROD_0081,11/10/2024,1914,1297,761,2450.0,2738.05
INV_109374,WH_11,PROD_0135,31/03/2024,1319,1490,308,2501.0,2207.34
INV_109375,WH_08,PROD_0251,27/07/2024,4058,376,812,3622.0,5235.58
INV_109376,WH_04,PROD_0210,17/10/2024,4704,1304,1083,4925.0,4358.11
INV_109377,WH_14,PROD_0135,24/07/2024,2830,434,955,2309.0,2635.89
INV_109378,WH_14,PROD_0259,30/08/2024,4868,1402,1275,4995.0,4050.35
INV_109379,WH_05,PROD_0077,25/06/2024,3815,480,1007,3288.0,2579.55
INV_109380,WH_05,PROD_0104,06/01/2024,747,931,267,1411.0,1740.71
INV_109381,WH_02,PROD_0247,30/09/2024,1007,397,1077,327.0,306.66
INV_109382,WH_01,PROD_0207,29/01/2024,518,224,1278,-536.0,-366.93
INV_109383,WH_05,PROD_0019,07/05/2024,2031,785,1441,1375.0,1995.21
INV_109384,WH_02,PROD_0255,20/09/2024,3605,726,1207,3124.0,2635.43
INV_109385,WH_08,PROD_0251,11/01/2024,3428,1362,797,3993.0,3198.72
INV_109386,WH_01,PROD_0008,16/02/2024,1202,766,441,1527.0,1044.94
INV_109387,WH_10,PROD_0157,09/07/2024,806,1110,1306,610.0,326.63
INV_109388,WH_02,PROD_0258,11/10/2024,766,1092,899,959.0,623.66
INV_109389,WH_02,PROD_0233,30/04/2024,4844,475,701,4618.0,3551.14
INV_109390,WH_13,PROD_0021,26/10/2024,551,1287,640,1198.0,1007.18
INV_109391,WH_10,PROD_0237,20/04/2024,1325,1022,184,2163.0,2730.23
INV_109392,WH_05,PROD_0278,31/10/2024,1599,894,1085,1408.0,998.83
INV_109393,WH_03,PROD_0088,03/02/2024,4513,1135,326,5322.0,5632.96
INV_109394,WH_14,PROD_0003,24/05/2024,551,530,823,258.0,220.5
INV_109395,WH_15,PROD_0283,16/03/2024,4814,1420,845,5389.0,2963.03
INV_109396,WH_05,PROD_0064,08/11/2024,4132,822,243,4711.0,2404.63
INV_109397,WH_06,PROD_0118,06/08/2024,1216,133,536,813.0,1161.64
INV_109398,WH_03,PROD_0048,22/03/2024,3694,362,1471,2585.0,3332.59
INV_109399,WH_13,PROD_0241,08/05/2024,4246,1174,1078,4342.0,2523.59
INV_109400,WH_11,PROD_0054,30/09/2024,4402,1144,310,5236.0,5305.7
INV_109401,WH_07,PROD_0214,02/04/2024,3334,1034,805,3563.0,4472.38
INV_109402,WH_06,PROD_0261,19/07/2024,921,1201,1376,746.0,595.28
INV_109403,WH_09,PROD_0252,07/09/2024,4004,256,1486,2774.0,2818.46
INV_109404,WH_04,PROD_0199,07/01/2024,2546,395,137,2804.0,2697.48
INV_109405,WH_09,PROD_0056,08/01/2024,2993,564,1169,2388.0,3389.74
INV_109406,WH_02,PROD_0225,05/06/2024,2000,865,1146,,0.0
INV_109407,WH_01,PROD_0111,30/12/2024,4905,266,1293,3878.0,5507.54
INV_109408,WH_15,PROD_0281,23/06/2024,4215,653,158,4710.0,6058.64
INV_109409,WH_03,PROD_0043,14/03/2024,4076,1036,466,4646.0,4745.77
INV_109410,WH_14,PROD_0285,09/02/2024,1310,804,1319,795.0,1124.49
INV_109411,WH_05,PROD_0181,15/07/2024,3668,801,1191,3278.0,3821.32
INV_109412,WH_02,PROD_0275,26/10/2024,1759,487,313,1933.0,2393.31
INV_109413,WH_09,PROD_0205,11/10/2024,2852,1423,794,3481.0,4131.69
INV_109414,WH_03,PROD_0088,13/03/2024,1711,607,1298,1020.0,1502.03
INV_109415,WH_04,PROD_0002,27/07/2024,4327,640,1409,3558.0,3475.05
INV_109416,WH_03,PROD_0044,03/12/2024,987,275,561,701.0,579.76
INV_109417,WH_15,PROD_0211,26/04/2024,1352,726,874,1204.0,1328.22
INV_109418,WH_15,PROD_0079,03/02/2024,530,479,859,150.0,175.25
INV_109419,WH_04,PROD_0079,16/10/2024,4375,288,1172,3491.0,4578.75
INV_109420,WH_13,PROD_0237,22/09/2024,2621,944,373,3192.0,1915.62
INV_109421,WH_01,PROD_0153,25/09/2024,2176,1429,372,3233.0,1864.49
INV_109422,WH_02,PROD_0293,07/12/2024,939,418,855,502.0,404.68
INV_109423,WH_09,PROD_0285,24/08/2024,1145,795,347,1593.0,1648.07
INV_109424,WH_11,PROD_0231,28/01/2024,1628,239,424,1443.0,1113.91
INV_109425,WH_11,PROD_0107,17/09/2024,2381,1103,1455,2029.0,2590.62
INV_109426,WH_15,PROD_0154,02/01/2024,1645,155,1336,464.0,300.86
INV_109427,WH_08,PROD_0083,30/11/2024,1343,877,590,1630.0,2195.22
INV_109428,WH_09,PROD_0029,20/11/2024,805,1030,181,1654.0,1543.31
INV_109429,WH_02,PROD_0149,21/08/2024,4318,974,1080,4212.0,4786.35
INV_109430,WH_12,PROD_0219,10/11/2024,2328,1330,1108,,0.0
INV_109431,WH_05,PROD_0105,15/01/2024,3128,322,1412,2038.0,2956.14
INV_109432,WH_08,PROD_0298,29/02/2024,4553,1166,414,5305.0,6601.82
INV_109433,WH_07,PROD_0103,28/04/2024,2416,1446,538,3324.0,1855.04
INV_109434,WH_04,PROD_0101,25/05/2024,1064,588,1154,498.0,332.28
INV_109435,WH_01,PROD_0255,30/08/2024,968,1341,1139,1170.0,1477.95
INV_109436,WH_03,PROD_0117,21/03/2024,4805,851,646,5010.0,5233.99
INV_109437,WH_04,PROD_0279,09/09/2024,4659,344,844,4159.0,5740.97
INV_109438,WH_09,PROD_0044,15/05/2024,3876,1231,1245,3862.0,2275.49
INV_109439,WH_01,PROD_0207,17/04/2024,563,299,766,96.0,124.57
INV_109440,WH_09,PROD_0289,10/07/2024,2590,448,883,2155.0,1822.11
INV_109441,WH_13,PROD_0159,10/12/2024,4722,1440,951,5211.0,6158.04
INV_109442,WH_10,PROD_0241,31/03/2024,658,274,1287,-355.0,-304.87
INV_109443,WH_10,PROD_0238,05/06/2024,1493,111,1373,231.0,268.27
INV_109444,WH_02,PROD_0211,01/05/2024,4726,1351,792,5285.0,4978.84
INV_109445,WH_15,PROD_0233,16/07/2024,2454,1354,439,3369.0,3001.53
INV_109446,WH_15,PROD_0123,07/11/2024,3369,941,616,3694.0,3777.48
INV_109447,WH_14,PROD_0263,06/07/2024,3949,652,635,3966.0,2696.08
INV_109448,WH_15,PROD_0284,25/05/2024,2563,870,314,,0.0
INV_109449,WH_08,PROD_0260,24/08/2024,785,1359,537,1607.0,2290.81
INV_109450,WH_03,PROD_0176,03/06/2024,4308,222,1498,3032.0,3821.5
INV_109451,WH_03,PROD_0178,13/04/2024,3285,1227,726,3786.0,5316.27
INV_109452,WH_09,PROD_0190,23/09/2024,1712,843,212,2343.0,2140.69
INV_109453,WH_04,PROD_0239,09/06/2024,1174,696,1320,550.0,664.78
INV_109454,WH_08,PROD_0034,29/04/2024,964,1240,1088,1116.0,1319.82
INV_109455,WH_05,PROD_0074,11/11/2024,2703,1492,568,3627.0,1985.6
INV_109456,WH_03,PROD_0252,31/01/2024,4814,253,1430,3637.0,3166.94
INV_109457,WH_11,PROD_0156,28/12/2024,1681,680,1007,1354.0,946.58
INV_109458,WH_03,PROD_0147,13/05/2024,4163,261,926,3498.0,4469.42
INV_109459,WH_01,PROD_0010,27/10/2024,1897,848,104,2641.0,2228.87
INV_109460,WH_02,PROD_0098,18/07/2024,3679,1123,506,4296.0,5431.73
INV_109461,WH_07,PROD_0025,21/01/2024,3537,1439,513,4463.0,5592.31
INV_109462,WH_07,PROD_0285,09/08/2024,1021,643,1154,510.0,750.77
INV_109463,WH_08,PROD_0100,30/07/2024,3132,718,114,3736.0,1912.77
INV_109464,WH_04,PROD_0222,11/11/2024,3285,919,1026,3178.0,2222.22
INV_109465,WH_11,PROD_0120,14/09/2024,1421,657,1080,998.0,554.89
INV_109466,WH_12,PROD_0134,08/05/2024,1304,742,843,1203.0,762.22
INV_109467,WH_10,PROD_0047,29/09/2024,1744,1186,344,2586.0,1447.05
INV_109468,WH_04,PROD_0276,19/10/2024,2723,1273,243,3753.0,3991.29
INV_109469,WH_02,PROD_0221,11/03/2024,598,433,185,846.0,531.73
INV_109470,WH_13,PROD_0052,29/03/2024,1319,1184,1364,1139.0,1511.17
INV_109471,WH_10,PROD_0278,14/11/2024,527,521,100,948.0,877.65
INV_109472,WH_06,PROD_0117,31/12/2024,2065,439,1245,1259.0,1663.75
INV_109473,WH_02,PROD_0144,11/10/2024,2062,302,419,1945.0,1946.7
INV_109474,WH_10,PROD_0110,06/05/2024,4822,1257,1291,4788.0,2935.19
INV_109475,WH_10,PROD_0010,22/09/2024,4061,680,528,4213.0,3079.96
INV_109476,WH_05,PROD_0271,29/06/2024,2241,331,1473,1099.0,913.25
INV_109477,WH_11,PROD_0227,24/02/2024,1312,761,277,1796.0,1303.43
INV_109478,WH_11,PROD_0210,06/11/2024,838,1241,1162,917.0,1015.13
INV_109479,WH_13,PROD_0166,18/04/2024,800,478,1068,210.0,149.03
INV_109480,WH_12,PROD_0211,12/03/2024,3849,225,1001,3073.0,3382.54
INV_109481,WH_06,PROD_0278,16/01/2024,4004,939,1340,3603.0,4285.32
INV_109482,WH_13,PROD_0220,09/08/2024,3115,617,1462,2270.0,3270.01
INV_109483,WH_15,PROD_0259,10/01/2024,2838,817,1415,2240.0,3266.68
INV_109484,WH_13,PROD_0060,15/07/2024,2005,1397,258,3144.0,2860.5
INV_109485,WH_06,PROD_0267,17/09/2024,2739,281,159,2861.0,3664.23
INV_109486,WH_08,PROD_0123,06/10/2024,2222,1442,538,3126.0,4335.42
INV_109487,WH_01,PROD_0071,02/01/2024,2011,1380,411,2980.0,1533.19
INV_109488,WH_15,PROD_0063,17/11/2024,4190,1141,1083,4248.0,2949.95
INV_109489,WH_09,PROD_0025,04/09/2024,3058,1191,448,3801.0,5186.38
INV_109490,WH_02,PROD_0149,11/04/2024,3944,634,810,3768.0,5313.27
INV_109491,WH_15,PROD_0179,21/02/2024,4732,952,1023,4661.0,4899.7
INV_109492,WH_06,PROD_0069,12/03/2024,2558,1211,757,3012.0,1683.23
INV_109493,WH_08,PROD_0230,21/12/2024,3996,388,151,4233.0,2703.52
INV_109494,WH_05,PROD_0008,16/09/2024,4061,283,1100,3244.0,3710.25
INV_109495,WH_13,PROD_0044,29/06/2024,4948,113,813,4248.0,4163.63
INV_109496,WH_06,PROD_0138,01/03/2024,4401,1248,1429,4220.0,2555.26
INV_109497,WH_12,PROD_0205,10/01/2024,4960,1043,710,5293.0,3248.58
INV_109498,WH_03,PROD_0093,05/05/2024,2400,943,568,2775.0,2427.6
INV_109499,WH_15,PROD_0049,16/04/2024,1805,832,768,1869.0,2721.67
INV_109500,WH_05,PROD_0191,02/09/2024,4266,387,952,3701.0,2765.63
INV_109501,WH_13,PROD_0002,15/02/2024,4878,672,850,4700.0,5054.03
INV_109502,WH_02,PROD_0210,21/08/2024,2311,938,538,2711.0,2932.69
INV_109503,WH_08,PROD_0204,08/10/2024,4282,1115,1400,3997.0,2784.02
INV_109504,WH_06,PROD_0060,30/10/2024,3636,918,1160,3394.0,2254.88
INV_109505,WH_08,PROD_0160,30/09/2024,1833,476,234,2075.0,1300.78
INV_109506,WH_10,PROD_0115,01/07/2024,3638,393,1162,2869.0,2995.47
INV_109507,WH_10,PROD_0086,10/04/2024,1300,346,1149,497.0,388.18
INV_109508,WH_09,PROD_0237,18/12/2024,3254,265,1020,2499.0,3548.09
INV_109509,WH_03,PROD_0029,09/10/2024,2435,932,612,2755.0,2495.04
INV_109510,WH_15,PROD_0174,18/08/2024,3555,284,929,2910.0,3276.04
INV_109511,WH_02,PROD_0019,11/06/2024,732,1217,207,1742.0,2361.16
INV_109512,WH_01,PROD_0021,15/12/2024,3781,430,857,3354.0,4187.93
INV_109513,WH_06,PROD_0001,27/06/2024,2900,1000,317,3583.0,2892.3
INV_109514,WH_08,PROD_0296,18/01/2024,2696,260,227,2729.0,1879.76
INV_109515,WH_08,PROD_0064,13/07/2024,2887,1449,471,3865.0,3277.07
INV_109516,WH_07,PROD_0001,16/05/2024,3518,1239,1034,3723.0,3831.3
INV_109517,WH_02,PROD_0055,01/06/2024,3863,416,894,3385.0,2170.61
INV_109518,WH_03,PROD_0107,11/01/2024,3168,1309,726,3751.0,2874.88
INV_109519,WH_04,PROD_0205,12/08/2024,4295,594,613,4276.0,3909.37
INV_109520,WH_14,PROD_0128,06/06/2024,3055,1433,819,3669.0,4727.54
INV_109521,WH_15,PROD_0012,01/04/2024,4635,1477,158,5954.0,5717.59
INV_109522,WH_06,PROD_0248,15/06/2024,2979,909,976,2912.0,3009.13
INV_109523,WH_04,PROD_0251,07/02/2024,4653,333,349,,0.0
INV_109524,WH_15,PROD_0208,04/05/2024,1789,730,644,1875.0,2244.87
INV_109525,WH_07,PROD_0167,08/08/2024,4776,101,274,4603.0,4396.67
INV_109526,WH_08,PROD_0019,27/04/2024,1334,263,870,727.0,1029.12
INV_109527,WH_02,PROD_0049,09/09/2024,3609,103,977,2735.0,2434.53
INV_109528,WH_01,PROD_0171,24/04/2024,4522,1125,1494,4153.0,6111.91
INV_109529,WH_05,PROD_0140,02/03/2024,1523,487,672,1338.0,1684.12
INV_109530,WH_12,PROD_0047,29/07/2024,1903,421,1246,1078.0,934.5
INV_109531,WH_12,PROD_0126,25/12/2024,4029,206,794,3441.0,4683.47
INV_109532,WH_06,PROD_0002,02/11/2024,4495,221,1459,3257.0,2876.03
INV_109533,WH_07,PROD_0284,26/11/2024,2900,380,509,2771.0,2279.29
INV_109534,WH_06,PROD_0269,05/07/2024,2962,1143,1163,2942.0,3522.26
INV_109535,WH_14,PROD_0284,08/02/2024,2654,263,858,2059.0,1900.64
INV_109536,WH_05,PROD_0274,02/05/2024,897,709,355,1251.0,1252.36
INV_109537,WH_13,PROD_0211,21/01/2024,1576,158,926,808.0,1064.53
INV_109538,WH_11,PROD_0085,04/04/2024,2097,493,863,,0.0
INV_109539,WH_12,PROD_0093,09/11/2024,1378,382,683,1077.0,965.84
INV_109540,WH_01,PROD_0172,24/07/2024,2701,630,726,2605.0,2603.96
INV_109541,WH_07,PROD_0166,21/02/2024,816,948,413,1351.0,1042.43
INV_109542,WH_09,PROD_0174,26/12/2024,4486,521,1232,3775.0,5458.09
INV_109543,WH_12,PROD_0036,11/05/2024,4971,911,998,4884.0,5150.75
INV_109544,WH_15,PROD_0117,20/01/2024,2357,846,936,2267.0,2932.06
INV_109545,WH_11,PROD_0080,24/01/2024,2639,460,568,2531.0,2291.18
INV_109546,WH_08,PROD_0271,24/03/2024,1931,1033,729,2235.0,1137.1
INV_109547,WH_05,PROD_0093,05/08/2024,4231,1370,290,5311.0,6898.69
INV_109548,WH_09,PROD_0086,22/09/2024,1116,522,951,687.0,850.32
INV_109549,WH_10,PROD_0239,06/03/2024,604,792,630,766.0,504.85
INV_109550,WH_07,PROD_0112,28/05/2024,4232,1048,1123,4157.0,4334.05
INV_109551,WH_12,PROD_0011,19/05/2024,4450,1095,871,4674.0,5294.81
INV_109552,WH_06,PROD_0189,22/08/2024,4021,1391,1266,4146.0,2497.79
INV_109553,WH_11,PROD_0283,21/04/2024,3753,539,1155,3137.0,4257.45
INV_109554,WH_08,PROD_0267,04/01/2024,584,1377,1020,941.0,860.25
INV_109555,WH_09,PROD_0113,19/12/2024,1153,1079,1227,1005.0,1428.39
INV_109556,WH_03,PROD_0300,25/11/2024,4030,508,1279,3259.0,1840.01
INV_109557,WH_05,PROD_0049,21/02/2024,2311,1156,1118,2349.0,2877.76
INV_109558,WH_01,PROD_0176,03/03/2024,3448,904,147,4205.0,2152.54
INV_109559,WH_14,PROD_0199,25/08/2024,1112,550,342,1320.0,1231.55
INV_109560,WH_12,PROD_0139,07/05/2024,1088,436,1296,228.0,207.5
INV_109561,WH_04,PROD_0183,06/08/2024,560,560,920,200.0,166.22
INV_109562,WH_10,PROD_0017,12/06/2024,2664,403,375,2692.0,1384.39
INV_109563,WH_14,PROD_0073,21/07/2024,3858,1458,224,5092.0,5751.57
INV_109564,WH_13,PROD_0107,21/01/2024,1317,396,304,1409.0,1474.38
INV_109565,WH_07,PROD_0291,18/12/2024,841,1472,1472,841.0,1203.5
INV_109566,WH_15,PROD_0221,14/07/2024,4942,278,511,4709.0,6676.89
INV_109567,WH_12,PROD_0235,19/10/2024,1690,413,1231,872.0,788.43
INV_109568,WH_08,PROD_0014,12/03/2024,1781,1448,1393,1836.0,2270.5
INV_109569,WH_09,PROD_0246,07/03/2024,4103,309,264,4148.0,4583.82
INV_109570,WH_03,PROD_0281,24/08/2024,3821,212,536,3497.0,2762.67
INV_109571,WH_15,PROD_0086,15/08/2024,1638,355,1061,932.0,1234.78
INV_109572,WH_01,PROD_0053,03/12/2024,2817,118,260,2675.0,3440.08
INV_109573,WH_08,PROD_0021,27/02/2024,4994,132,1489,3637.0,3355.54
INV_109574,WH_08,PROD_0025,03/12/2024,1515,153,198,1470.0,1893.13
INV_109575,WH_12,PROD_0083,29/09/2024,3501,733,508,3726.0,5147.87
INV_109576,WH_12,PROD_0235,19/01/2024,2882,298,479,2701.0,3845.45
INV_109577,WH_15,PROD_0100,10/05/2024,3364,1031,1201,3194.0,2845.39
INV_109578,WH_04,PROD_0144,15/02/2024,3481,820,740,3561.0,5300.44
INV_109579,WH_05,PROD_0100,15/09/2024,1444,848,1118,1174.0,1268.66
INV_109580,WH_12,PROD_0066,24/05/2024,4855,946,689,5112.0,5302.26
INV_109581,WH_05,PROD_0096,23/04/2024,944,490,1366,68.0,71.4
INV_109582,WH_02,PROD_0273,13/04/2024,1734,449,287,1896.0,2732.3
INV_109583,WH_12,PROD_0261,15/04/2024,3603,121,1329,2395.0,2161.64
INV_109584,WH_06,PROD_0021,31/01/2024,2116,541,731,1926.0,1060.99
INV_109585,WH_06,PROD_0190,15/10/2024,4688,534,1407,3815.0,2819.78
INV_109586,WH_15,PROD_0026,06/03/2024,3890,636,764,3762.0,5601.69
INV_109587,WH_14,PROD_0083,20/01/2024,1512,198,1259,451.0,596.32
INV_109588,WH_12,PROD_0008,22/01/2024,2503,187,934,1756.0,2006.05
INV_109589,WH_02,PROD_0085,13/06/2024,3288,1075,563,3800.0,4956.9
INV_109590,WH_07,PROD_0019,09/06/2024,4008,414,1275,3147.0,3211.28
INV_109591,WH_02,PROD_0230,06/01/2024,979,609,431,1157.0,1278.76
INV_109592,WH_07,PROD_0132,19/05/2024,2695,417,1261,1851.0,1969.12
INV_109593,WH_10,PROD_0017,13/04/2024,3389,283,942,2730.0,2382.66
INV_109594,WH_01,PROD_0209,08/02/2024,1990,1250,1214,2026.0,3002.66
INV_109595,WH_04,PROD_0255,23/05/2024,1050,1023,1215,858.0,932.93
INV_109596,WH_01,PROD_0196,16/05/2024,4388,1465,823,5030.0,5754.95
INV_109597,WH_08,PROD_0268,02/05/2024,2598,1188,914,2872.0,2158.31
INV_109598,WH_02,PROD_0032,26/05/2024,3360,745,356,3749.0,2640.41
INV_109599,WH_01,PROD_0155,16/06/2024,3462,198,1420,,0.0
INV_109600,WH_08,PROD_0219,21/01/2024,1372,765,238,1899.0,1257.06
INV_109601,WH_04,PROD_0166,19/02/2024,4045,405,667,3783.0,3756.31
INV_109602,WH_14,PROD_0037,08/07/2024,2864,994,1002,2856.0,3978.9
INV_109603,WH_14,PROD_0185,09/06/2024,3727,214,934,3007.0,2519.96
INV_109604,WH_07,PROD_0139,20/09/2024,3333,496,1326,,0.0
INV_109605,WH_04,PROD_0257,09/12/2024,3865,966,759,4072.0,4543.49
INV_109606,WH_03,PROD_0123,21/09/2024,4085,1143,1449,3779.0,2844.36
INV_109607,WH_04,PROD_0221,09/04/2024,769,1317,583,1503.0,2168.4
INV_109608,WH_10,PROD_0200,16/06/2024,1536,944,1020,1460.0,1845.57
INV_109609,WH_08,PROD_0109,23/01/2024,3249,727,976,3000.0,4398.01
INV_109610,WH_12,PROD_0249,12/03/2024,4817,1311,799,5329.0,5025.42
INV_109611,WH_08,PROD_0064,23/06/2024,2615,1402,1144,2873.0,2626.38
INV_109612,WH_11,PROD_0143,25/08/2024,2283,1448,543,3188.0,2415.18
INV_109613,WH_05,PROD_0193,07/07/2024,3574,261,483,,0.0
INV_109614,WH_07,PROD_0043,29/06/2024,3941,1031,251,4721.0,3644.65
INV_109615,WH_03,PROD_0258,19/04/2024,964,793,1047,710.0,415.2
INV_109616,WH_04,PROD_0288,18/03/2024,4954,1052,1170,4836.0,3404.01
INV_109617,WH_11,PROD_0169,25/10/2024,2202,114,328,1988.0,2942.86
INV_109618,WH_08,PROD_0063,30/04/2024,4243,721,677,4287.0,4960.09
INV_109619,WH_09,PROD_0153,29/06/2024,4198,1010,422,4786.0,3137.9
INV_109620,WH_07,PROD_0237,30/09/2024,1180,181,356,1005.0,1470.1
INV_109621,WH_06,PROD_0272,20/01/2024,1405,1348,530,2223.0,3330.04
INV_109622,WH_08,PROD_0074,18/02/2024,2964,192,793,2363.0,2470.51
INV_109623,WH_11,PROD_0250,11/03/2024,1930,993,120,2803.0,4168.47
INV_109624,WH_06,PROD_0164,03/05/2024,2612,1191,1003,2800.0,4097.66
INV_109625,WH_04,PROD_0218,23/07/2024,2720,1303,793,3230.0,4101.02
INV_109626,WH_14,PROD_0010,15/12/2024,3117,552,318,3351.0,1793.8
INV_109627,WH_04,PROD_0041,28/02/2024,3997,1083,1177,3903.0,5113.05
INV_109628,WH_04,PROD_0282,02/08/2024,625,316,855,,0.0
INV_109629,WH_13,PROD_0011,24/02/2024,2655,1391,983,,0.0
INV_109630,WH_01,PROD_0235,07/06/2024,856,1490,297,2049.0,2841.1
INV_109631,WH_05,PROD_0258,18/09/2024,4626,139,1075,3690.0,2442.86
INV_109632,WH_15,PROD_0025,05/01/2024,3855,1038,1164,3729.0,4188.28
INV_109633,WH_14,PROD_0245,17/07/2024,2258,1177,426,3009.0,3320.21
INV_109634,WH_09,PROD_0002,06/07/2024,3569,1467,1352,3684.0,3720.84
INV_109635,WH_06,PROD_0218,01/06/2024,3273,635,1437,2471.0,2638.71
INV_109636,WH_15,PROD_0246,09/06/2024,656,1469,1379,746.0,548.51
INV_109637,WH_08,PROD_0240,08/09/2024,1863,655,480,2038.0,2863.93
INV_109638,WH_14,PROD_0174,19/11/2024,3097,801,633,3265.0,3622.79
INV_109639,WH_09,PROD_0224,19/05/2024,3840,1378,607,4611.0,3169.77
INV_109640,WH_11,PROD_0019,04/04/2024,1649,289,1152,786.0,625.45
INV_109641,WH_10,PROD_0138,08/05/2024,2123,982,295,2810.0,1554.19
INV_109642,WH_04,PROD_0246,25/08/2024,4066,267,1058,3275.0,4605.77
INV_109643,WH_08,PROD_0031,30/05/2024,2284,1382,1339,2327.0,1204.88
INV_109644,WH_07,PROD_0082,30/08/2024,656,760,221,1195.0,1377.83
INV_109645,WH_08,PROD_0285,06/10/2024,3604,220,126,3698.0,3979.82
INV_109646,WH_05,PROD_0009,08/11/2024,3623,899,826,3696.0,4479.73
INV_109647,WH_13,PROD_0127,28/08/2024,3048,1399,356,4091.0,2425.6
INV_109648,WH_02,PROD_0229,10/03/2024,4699,745,403,5041.0,6357.97
INV_109649,WH_12,PROD_0016,27/09/2024,1978,150,848,1280.0,929.99
INV_109650,WH_09,PROD_0224,12/04/2024,632,457,768,321.0,433.01
INV_109651,WH_12,PROD_0007,12/08/2024,3264,1049,536,3777.0,3028.51
INV_109652,WH_14,PROD_0200,14/05/2024,2637,331,324,2644.0,3056.97
INV_109653,WH_09,PROD_0229,23/06/2024,4739,170,739,4170.0,3901.95
INV_109654,WH_01,PROD_0219,30/03/2024,4996,1178,251,5923.0,3798.25
INV_109655,WH_04,PROD_0131,18/08/2024,2277,532,993,1816.0,1318.78
INV_109656,WH_11,PROD_0083,11/11/2024,1258,256,680,834.0,626.19
INV_109657,WH_13,PROD_0271,20/04/2024,3815,453,278,3990.0,3542.58
INV_109658,WH_08,PROD_0026,23/10/2024,923,1002,645,1280.0,818.72
INV_109659,WH_07,PROD_0097,21/03/2024,3622,884,432,4074.0,4850.31
INV_109660,WH_06,PROD_0245,18/12/2024,3825,559,640,3744.0,3240.72
INV_109661,WH_11,PROD_0117,11/04/2024,4435,1022,983,4474.0,2461.23
INV_109662,WH_05,PROD_0004,29/08/2024,4506,376,1080,3802.0,3656.33
INV_109663,WH_09,PROD_0140,21/10/2024,3006,974,1199,2781.0,2233.02
INV_109664,WH_08,PROD_0172,20/04/2024,3293,862,266,3889.0,4571.16
INV_109665,WH_03,PROD_0282,16/11/2024,2912,737,589,3060.0,2634.56
INV_109666,WH_04,PROD_0273,20/04/2024,1913,1151,946,2118.0,2785.83
INV_109667,WH_06,PROD_0131,24/11/2024,1126,1233,422,1937.0,2866.63
INV_109668,WH_10,PROD_0099,12/11/2024,3208,902,245,3865.0,4103.32
INV_109669,WH_08,PROD_0283,17/02/2024,593,1495,785,1303.0,730.8
INV_109670,WH_09,PROD_0099,30/07/2024,2169,307,1256,1220.0,852.46
INV_109671,WH_05,PROD_0286,17/05/2024,934,408,1421,-79.0,-67.41
INV_109672,WH_07,PROD_0290,18/04/2024,2382,530,1300,1612.0,1548.91
INV_109673,WH_04,PROD_0293,23/10/2024,3136,1327,931,3532.0,4857.04
INV_109674,WH_12,PROD_0095,21/12/2024,2768,1421,1063,3126.0,1696.79
INV_109675,WH_15,PROD_0088,25/11/2024,3792,543,617,3718.0,5067.26
INV_109676,WH_06,PROD_0114,23/07/2024,1758,174,308,1624.0,945.36
INV_109677,WH_06,PROD_0222,21/03/2024,715,239,159,795.0,817.02
INV_109678,WH_05,PROD_0058,14/03/2024,4466,1003,291,5178.0,5201.16
INV_109679,WH_04,PROD_0269,05/07/2024,3122,985,1499,2608.0,1793.96
INV_109680,WH_03,PROD_0212,22/04/2024,1138,552,1010,680.0,343.59
INV_109681,WH_08,PROD_0111,10/12/2024,2424,624,121,2927.0,2464.95
INV_109682,WH_06,PROD_0093,17/05/2024,2380,1238,1386,2232.0,1149.27
INV_109683,WH_05,PROD_0282,17/01/2024,1762,637,752,1647.0,1524.45
INV_109684,WH_12,PROD_0072,27/05/2024,1714,1447,814,2347.0,2886.15
INV_109685,WH_10,PROD_0113,09/11/2024,3829,356,595,3590.0,1972.36
INV_109686,WH_15,PROD_0152,12/01/2024,3387,505,761,3131.0,1681.4
INV_109687,WH_04,PROD_0138,23/02/2024,3612,700,1073,3239.0,3074.47
INV_109688,WH_03,PROD_0190,18/02/2024,2279,1052,1031,2300.0,3317.51
INV_109689,WH_07,PROD_0130,26/07/2024,2319,742,790,2271.0,2751.1
INV_109690,WH_04,PROD_0267,17/08/2024,4034,1072,1384,3722.0,3275.33
INV_109691,WH_02,PROD_0116,04/12/2024,3166,181,1070,,0.0
INV_109692,WH_10,PROD_0001,27/11/2024,3028,424,1033,2419.0,2762.09
INV_109693,WH_06,PROD_0297,09/08/2024,1893,519,1048,1364.0,1762.83
INV_109694,WH_07,PROD_0097,17/10/2024,4231,806,535,4502.0,3558.05
INV_109695,WH_07,PROD_0298,26/11/2024,1923,1258,332,,0.0
INV_109696,WH_01,PROD_0173,29/04/2024,615,1322,365,1572.0,2062.41
INV_109697,WH_01,PROD_0066,29/12/2024,3023,1352,197,4178.0,2100.36
INV_109698,WH_02,PROD_0033,24/07/2024,2586,1003,461,3128.0,3558.85
INV_109699,WH_01,PROD_0290,27/10/2024,1731,1123,1383,1471.0,831.35
INV_109700,WH_14,PROD_0211,22/02/2024,1662,347,380,1629.0,1919.73
INV_109701,WH_08,PROD_0159,28/01/2024,3937,560,412,4085.0,3413.11
INV_109702,WH_06,PROD_0285,23/08/2024,872,854,117,1609.0,2256.98
INV_109703,WH_05,PROD_0202,14/02/2024,4545,635,1167,4013.0,3290.83
INV_109704,WH_09,PROD_0297,21/12/2024,4531,513,727,,0.0
INV_109705,WH_09,PROD_0081,26/12/2024,2152,187,570,1769.0,2217.14
INV_109706,WH_03,PROD_0048,10/04/2024,1774,1111,513,2372.0,2968.99
INV_109707,WH_04,PROD_0012,16/07/2024,4737,1033,721,5049.0,6471.89
INV_109708,WH_14,PROD_0054,19/03/2024,3145,762,1303,2604.0,3302.76
INV_109709,WH_14,PROD_0140,28/09/2024,1444,362,960,846.0,1260.73
INV_109710,WH_09,PROD_0136,21/04/2024,2021,283,1453,851.0,1244.33
INV_109711,WH_05,PROD_0242,16/02/2024,2354,1111,278,3187.0,2479.9
INV_109712,WH_08,PROD_0107,10/06/2024,3174,892,1027,3039.0,2320.55
INV_109713,WH_06,PROD_0071,25/12/2024,1153,278,210,,0.0
INV_109714,WH_05,PROD_0240,01/11/2024,2167,895,1036,2026.0,2135.09
INV_109715,WH_06,PROD_0278,24/04/2024,1389,1444,930,1903.0,1091.44
INV_109716,WH_01,PROD_0095,11/08/2024,4149,733,1104,3778.0,3293.0
INV_109717,WH_10,PROD_0017,01/03/2024,3291,402,530,,0.0
INV_109718,WH_15,PROD_0290,26/09/2024,4177,1044,497,4724.0,4925.64
INV_109719,WH_13,PROD_0040,13/07/2024,1120,769,1498,391.0,555.02
INV_109720,WH_10,PROD_0170,17/07/2024,952,1033,332,1653.0,1338.47
INV_109721,WH_15,PROD_0227,08/01/2024,852,1018,1317,553.0,482.5
INV_109722,WH_09,PROD_0006,23/12/2024,4357,835,1321,3871.0,3585.37
INV_109723,WH_01,PROD_0088,16/06/2024,3753,487,1155,3085.0,1565.91
INV_109724,WH_08,PROD_0187,23/12/2024,4002,487,1286,3203.0,2622.42
INV_109725,WH_03,PROD_0169,15/07/2024,1862,1165,478,2549.0,2375.87
INV_109726,WH_03,PROD_0115,12/03/2024,2305,1286,107,3484.0,3645.68
INV_109727,WH_08,PROD_0210,01/03/2024,2360,225,389,2196.0,2692.97
INV_109728,WH_01,PROD_0247,04/07/2024,1460,237,795,902.0,933.95
INV_109729,WH_06,PROD_0115,19/02/2024,3800,933,867,3866.0,4330.35
INV_109730,WH_11,PROD_0011,25/11/2024,2204,173,744,1633.0,1640.6
INV_109731,WH_06,PROD_0269,25/08/2024,653,643,289,1007.0,932.91
INV_109732,WH_05,PROD_0268,16/06/2024,2704,824,1321,2207.0,1406.46
INV_109733,WH_09,PROD_0008,21/10/2024,1484,670,730,1424.0,1049.93
INV_109734,WH_14,PROD_0112,17/11/2024,4539,818,1199,4158.0,2082.46
INV_109735,WH_09,PROD_0164,05/07/2024,3282,138,502,2918.0,3986.27
INV_109736,WH_09,PROD_0281,26/10/2024,574,1428,407,1595.0,1643.3
INV_109737,WH_08,PROD_0173,04/09/2024,2342,1119,460,3001.0,2101.75
INV_109738,WH_03,PROD_0296,18/11/2024,3365,433,606,3192.0,3962.55
INV_109739,WH_01,PROD_0131,10/08/2024,1466,1082,763,1785.0,2651.2
INV_109740,WH_04,PROD_0046,20/10/2024,1366,446,535,1277.0,638.57
INV_109741,WH_15,PROD_0105,20/12/2024,905,194,939,160.0,181.82
INV_109742,WH_11,PROD_0012,29/02/2024,898,1118,1184,832.0,1125.13
INV_109743,WH_09,PROD_0052,14/09/2024,2960,582,743,2799.0,2222.72
INV_109744,WH_13,PROD_0001,05/02/2024,2633,1371,498,3506.0,3803.12
INV_109745,WH_09,PROD_0106,30/07/2024,3108,368,863,2613.0,2391.66
INV_109746,WH_04,PROD_0195,21/05/2024,1607,803,1038,1372.0,1127.97
INV_109747,WH_09,PROD_0199,17/06/2024,4923,377,348,4952.0,5882.21
INV_109748,WH_15,PROD_0147,07/01/2024,4306,1169,505,4970.0,6741.93
INV_109749,WH_03,PROD_0106,08/01/2024,2373,1222,532,3063.0,1575.34
INV_109750,WH_15,PROD_0285,22/10/2024,4588,296,394,4490.0,5200.34
INV_109751,WH_14,PROD_0293,03/06/2024,4924,1233,342,5815.0,7385.11
INV_109752,WH_15,PROD_0191,11/08/2024,4693,1199,1193,4699.0,5207.48
INV_109753,WH_13,PROD_0067,19/09/2024,663,739,1035,367.0,221.6
INV_109754,WH_01,PROD_0051,18/01/2024,1809,749,474,,0.0
INV_109755,WH_04,PROD_0163,14/05/2024,4812,628,824,4616.0,6489.36
INV_109756,WH_13,PROD_0016,31/08/2024,1970,1220,1352,1838.0,2566.3
INV_109757,WH_14,PROD_0063,03/08/2024,4049,1257,667,4639.0,2391.89
INV_109758,WH_13,PROD_0296,02/11/2024,669,928,1456,141.0,79.98
INV_109759,WH_08,PROD_0289,24/07/2024,1400,1208,625,1983.0,2712.32
INV_109760,WH_15,PROD_0100,16/01/2024,3700,1425,262,4863.0,2822.08
INV_109761,WH_07,PROD_0290,24/08/2024,4154,970,358,4766.0,3451.05
INV_109762,WH_03,PROD_0099,31/01/2024,1748,395,1252,891.0,504.61
INV_109763,WH_01,PROD_0139,18/03/2024,2075,1305,1415,1965.0,2196.11
INV_109764,WH_10,PROD_0193,14/12/2024,2584,788,603,2769.0,3653.21
INV_109765,WH_13,PROD_0126,06/08/2024,1232,993,318,1907.0,1468.16
INV_109766,WH_03,PROD_0294,16/12/2024,810,181,1150,-159.0,-169.02
INV_109767,WH_12,PROD_0009,14/12/2024,1974,683,1082,1575.0,1948.38
INV_109768,WH_02,PROD_0209,30/03/2024,4842,1303,313,5832.0,7241.43
INV_109769,WH_02,PROD_0064,30/04/2024,2339,1128,293,3174.0,4171.35
INV_109770,WH_04,PROD_0008,03/10/2024,858,553,1243,168.0,129.68
INV_109771,WH_05,PROD_0116,03/03/2024,2125,399,305,2219.0,2011.33
INV_109772,WH_03,PROD_0225,24/09/2024,2920,738,1158,2500.0,2654.73
INV_109773,WH_02,PROD_0127,03/09/2024,3357,715,305,3767.0,4385.14
INV_109774,WH_01,PROD_0001,24/11/2024,2842,785,532,3095.0,4264.53
INV_109775,WH_03,PROD_0240,17/06/2024,2222,1106,420,2908.0,2534.67
INV_109776,WH_03,PROD_0139,22/10/2024,4321,500,720,4101.0,5873.68
INV_109777,WH_15,PROD_0092,06/03/2024,570,612,326,856.0,1026.88
INV_109778,WH_04,PROD_0224,23/03/2024,1280,565,159,1686.0,2321.16
INV_109779,WH_10,PROD_0014,20/01/2024,628,462,303,787.0,411.06
INV_109780,WH_01,PROD_0177,20/12/2024,1422,704,234,1892.0,1363.09
INV_109781,WH_08,PROD_0061,24/10/2024,1610,166,860,916.0,574.14
INV_109782,WH_04,PROD_0012,07/02/2024,751,1429,808,1372.0,1167.52
INV_109783,WH_09,PROD_0198,28/08/2024,4926,1269,1267,4928.0,6351.54
INV_109784,WH_05,PROD_0196,20/01/2024,2999,577,1120,2456.0,1635.4
INV_109785,WH_04,PROD_0275,23/08/2024,2096,759,514,2341.0,1850.13
INV_109786,WH_13,PROD_0233,14/05/2024,1067,719,494,1292.0,1853.1
INV_109787,WH_08,PROD_0130,13/10/2024,4731,1455,962,5224.0,4322.77
INV_109788,WH_06,PROD_0230,23/12/2024,4308,647,943,4012.0,4310.96
INV_109789,WH_01,PROD_0026,30/05/2024,4466,944,343,5067.0,5980.92
INV_109790,WH_11,PROD_0001,05/05/2024,4261,1167,1184,4244.0,3385.79
INV_109791,WH_02,PROD_0039,04/04/2024,4247,1213,607,,0.0
INV_109792,WH_08,PROD_0255,04/04/2024,1495,659,495,1659.0,1854.8
INV_109793,WH_12,PROD_0114,09/01/2024,3828,556,1460,2924.0,1637.08
INV_109794,WH_09,PROD_0288,06/11/2024,500,607,260,847.0,437.14
INV_109795,WH_11,PROD_0068,15/09/2024,4966,333,1457,3842.0,3709.62
INV_109796,WH_03,PROD_0090,25/04/2024,569,1247,671,1145.0,744.29
INV_109797,WH_11,PROD_0084,20/07/2024,2308,1485,583,3210.0,4634.64
INV_109798,WH_14,PROD_0221,24/04/2024,2528,978,498,3008.0,3422.69
INV_109799,WH_03,PROD_0109,11/09/2024,2073,1207,1017,2263.0,2077.55
INV_109800,WH_04,PROD_0005,16/03/2024,3825,901,229,4497.0,4121.69
INV_109801,WH_12,PROD_0132,10/01/2024,4392,195,1229,3358.0,3042.43
INV_109802,WH_02,PROD_0206,20/06/2024,2996,276,401,2871.0,1842.2
INV_109803,WH_01,PROD_0279,26/02/2024,4330,1136,1499,3967.0,2061.5
INV_109804,WH_14,PROD_0199,15/01/2024,1763,1491,220,3034.0,2638.28
INV_109805,WH_15,PROD_0272,15/03/2024,3902,1165,1199,3868.0,4908.19
INV_109806,WH_06,PROD_0078,20/12/2024,3404,371,663,3112.0,4496.89
INV_109807,WH_09,PROD_0300,15/03/2024,2489,869,1295,2063.0,1518.46
INV_109808,WH_01,PROD_0118,26/07/2024,2465,1210,462,3213.0,4483.87
INV_109809,WH_10,PROD_0036,04/11/2024,4695,785,529,4951.0,2557.86
INV_109810,WH_04,PROD_0144,30/11/2024,2997,968,750,3215.0,4432.95
INV_109811,WH_06,PROD_0007,06/11/2024,4679,574,171,5082.0,6501.89
INV_109812,WH_09,PROD_0162,27/12/2024,3093,1051,686,3458.0,4201.74
INV_109813,WH_15,PROD_0031,05/05/2024,2429,458,158,2729.0,3710.36
INV_109814,WH_03,PROD_0274,08/04/2024,3635,664,711,3588.0,2188.62
INV_109815,WH_13,PROD_0113,10/08/2024,2882,1023,980,2925.0,4006.32
INV_109816,WH_01,PROD_0289,30/03/2024,2291,1322,595,3018.0,3181.37
INV_109817,WH_15,PROD_0187,29/12/2024,1119,276,964,431.0,545.83
INV_109818,WH_01,PROD_0166,18/05/2024,4734,1233,1176,4791.0,2526.8
INV_109819,WH_01,PROD_0091,23/02/2024,1192,292,510,974.0,877.27
INV_109820,WH_09,PROD_0037,30/12/2024,3256,271,1022,2505.0,2391.59
INV_109821,WH_06,PROD_0119,27/02/2024,1012,486,745,753.0,1057.05
INV_109822,WH_08,PROD_0007,25/09/2024,1095,702,693,1104.0,575.37
INV_109823,WH_10,PROD_0129,15/02/2024,2214,684,842,2056.0,2267.91
INV_109824,WH_11,PROD_0048,14/04/2024,1158,573,719,1012.0,686.47
INV_109825,WH_09,PROD_0188,21/01/2024,3593,952,458,4087.0,4348.49
INV_109826,WH_05,PROD_0050,28/04/2024,3455,773,1123,3105.0,3931.28
INV_109827,WH_06,PROD_0027,04/01/2024,4702,1143,1190,4655.0,5638.68
INV_109828,WH_08,PROD_0184,24/07/2024,3668,823,1156,3335.0,3122.02
INV_109829,WH_02,PROD_0042,26/08/2024,1157,223,1141,239.0,349.89
INV_109830,WH_03,PROD_0297,31/03/2024,4314,535,963,,0.0
INV_109831,WH_01,PROD_0090,14/01/2024,2563,223,665,2121.0,1759.67
INV_109832,WH_07,PROD_0036,28/01/2024,2145,732,314,2563.0,3615.89
INV_109833,WH_08,PROD_0020,03/02/2024,2831,1154,524,3461.0,3872.73
INV_109834,WH_11,PROD_0100,29/04/2024,1547,476,1055,968.0,1160.33
INV_109835,WH_03,PROD_0012,29/10/2024,1731,130,987,,0.0
INV_109836,WH_14,PROD_0112,16/11/2024,661,762,1490,-67.0,-52.68
INV_109837,WH_14,PROD_0146,05/02/2024,1348,618,931,1035.0,689.21
INV_109838,WH_02,PROD_0210,13/12/2024,2000,267,217,2050.0,2571.42
INV_109839,WH_06,PROD_0297,04/05/2024,2505,1087,845,2747.0,3792.62
INV_109840,WH_02,PROD_0080,12/06/2024,4463,200,1184,3479.0,2125.98
INV_109841,WH_15,PROD_0211,12/11/2024,1071,685,630,1126.0,789.32
INV_109842,WH_13,PROD_0198,28/11/2024,3509,529,896,,0.0
INV_109843,WH_14,PROD_0008,16/01/2024,3945,444,423,3966.0,2428.51
INV_109844,WH_03,PROD_0176,31/05/2024,1583,292,1150,725.0,899.14
INV_109845,WH_10,PROD_0193,20/11/2024,3542,651,1261,2932.0,4219.64
INV_109846,WH_02,PROD_0183,30/12/2024,2710,162,656,2216.0,2515.97
INV_109847,WH_08,PROD_0214,04/11/2024,2102,109,131,2080.0,2670.5
INV_109848,WH_14,PROD_0013,24/07/2024,2730,1421,690,3461.0,4445.94
INV_109849,WH_10,PROD_0241,07/03/2024,3164,1150,1178,3136.0,2155.99
INV_109850,WH_14,PROD_0234,09/12/2024,1711,563,1293,981.0,1001.53
INV_109851,WH_04,PROD_0290,29/10/2024,1905,576,191,,0.0
INV_109852,WH_15,PROD_0284,20/07/2024,2556,154,1120,1590.0,2298.99
INV_109853,WH_01,PROD_0268,13/10/2024,4909,322,616,4615.0,4699.68
INV_109854,WH_08,PROD_0069,14/04/2024,3944,1160,1391,3713.0,4023.06
INV_109855,WH_08,PROD_0247,12/03/2024,694,718,614,798.0,1094.13
INV_109856,WH_08,PROD_0122,26/12/2024,1027,1129,538,1618.0,2410.44
INV_109857,WH_09,PROD_0076,18/06/2024,1498,575,1132,941.0,919.25
INV_109858,WH_09,PROD_0092,07/02/2024,1313,182,774,721.0,505.77
INV_109859,WH_14,PROD_0291,28/12/2024,3940,661,674,3927.0,2982.63
INV_109860,WH_12,PROD_0268,29/10/2024,4678,1003,480,5201.0,4841.81
INV_109861,WH_02,PROD_0179,01/02/2024,1462,347,712,1097.0,690.99
INV_109862,WH_05,PROD_0190,02/02/2024,4566,298,323,4541.0,6776.8
INV_109863,WH_02,PROD_0175,17/04/2024,1151,700,692,,0.0
INV_109864,WH_01,PROD_0005,26/02/2024,1155,1049,289,1915.0,1297.2
INV_109865,WH_14,PROD_0102,05/10/2024,1756,1300,457,2599.0,2639.17
INV_109866,WH_05,PROD_0289,06/05/2024,1021,1393,1053,1361.0,1378.44
INV_109867,WH_08,PROD_0198,22/06/2024,4275,528,1158,3645.0,5413.05
INV_109868,WH_10,PROD_0164,26/03/2024,3181,406,390,3197.0,3904.56
INV_109869,WH_10,PROD_0118,02/08/2024,3462,1271,1438,,0.0
INV_109870,WH_06,PROD_0107,16/03/2024,3872,1080,1011,3941.0,2209.26
INV_109871,WH_13,PROD_0059,22/05/2024,1655,446,869,1232.0,1707.61
INV_109872,WH_13,PROD_0256,02/03/2024,1389,1322,1365,1346.0,1401.09
INV_109873,WH_08,PROD_0195,25/09/2024,3093,1126,1367,2852.0,2006.58
INV_109874,WH_01,PROD_0284,14/05/2024,4923,1133,677,5379.0,7391.33
INV_109875,WH_15,PROD_0095,20/07/2024,1725,385,638,1472.0,1734.99
INV_109876,WH_03,PROD_0030,26/12/2024,2940,1081,762,3259.0,3782.22
INV_109877,WH_06,PROD_0167,23/09/2024,3656,103,1256,2503.0,1390.58
INV_109878,WH_03,PROD_0061,29/12/2024,1678,1191,1259,1610.0,1180.69
INV_109879,WH_15,PROD_0276,24/05/2024,3473,1243,401,4315.0,3566.59
INV_109880,WH_12,PROD_0280,15/08/2024,1783,752,639,1896.0,1219.1
INV_109881,WH_07,PROD_0039,05/10/2024,1864,937,1221,1580.0,1472.4
INV_109882,WH_01,PROD_0167,24/05/2024,3256,460,311,,0.0
INV_109883,WH_01,PROD_0144,07/09/2024,1296,1063,1053,1306.0,903.94
INV_109884,WH_11,PROD_0270,27/08/2024,3477,236,597,3116.0,2673.35
INV_109885,WH_09,PROD_0079,15/11/2024,3472,512,1381,2603.0,3158.75
INV_109886,WH_01,PROD_0193,16/09/2024,4789,1033,525,5297.0,6546.67
INV_109887,WH_08,PROD_0152,27/11/2024,789,325,1200,-86.0,-55.31
INV_109888,WH_10,PROD_0081,05/11/2024,2735,782,563,2954.0,2192.81
INV_109889,WH_13,PROD_0088,04/10/2024,2822,162,960,2024.0,1436.69
INV_109890,WH_01,PROD_0279,19/07/2024,4608,975,1471,4112.0,5118.82
INV_109891,WH_01,PROD_0208,21/08/2024,4116,776,1252,3640.0,3797.87
INV_109892,WH_01,PROD_0148,13/11/2024,2573,1464,1265,2772.0,2166.47
INV_109893,WH_02,PROD_0092,03/10/2024,3922,1216,671,4467.0,5022.98
INV_109894,WH_09,PROD_0001,01/09/2024,3420,496,1163,2753.0,2938.46
INV_109895,WH_08,PROD_0119,14/02/2024,1455,516,269,1702.0,1286.5
INV_109896,WH_09,PROD_0070,03/12/2024,972,457,651,778.0,746.9
INV_109897,WH_15,PROD_0251,01/11/2024,3092,968,648,3412.0,1739.14
INV_109898,WH_06,PROD_0016,08/08/2024,3235,851,1216,2870.0,2461.6
INV_109899,WH_07,PROD_0164,02/07/2024,938,221,330,829.0,809.25
INV_109900,WH_04,PROD_0062,16/01/2024,2460,1064,849,2675.0,2545.0
INV_109901,WH_15,PROD_0093,01/07/2024,1303,779,236,1846.0,1186.43
INV_109902,WH_01,PROD_0095,04/09/2024,4715,1004,817,4902.0,3114.15
INV_109903,WH_03,PROD_0092,13/10/2024,3744,243,1269,2718.0,3455.6
INV_109904,WH_01,PROD_0033,12/02/2024,1390,213,1145,458.0,654.43
INV_109905,WH_02,PROD_0092,22/01/2024,4749,505,230,5024.0,4600.98
INV_109906,WH_13,PROD_0138,16/07/2024,3345,537,443,3439.0,4931.46
INV_109907,WH_03,PROD_0001,15/12/2024,4638,1361,1258,4741.0,5016.75
INV_109908,WH_13,PROD_0131,17/08/2024,4739,721,360,,0.0
INV_109909,WH_07,PROD_0178,09/04/2024,2225,1451,1098,2578.0,2885.1
INV_109910,WH_02,PROD_0031,15/08/2024,2945,698,1374,2269.0,2985.64
INV_109911,WH_08,PROD_0042,28/06/2024,2818,466,675,2609.0,2607.08
INV_109912,WH_15,PROD_0203,28/06/2024,4190,320,1283,3227.0,3840.22
INV_109913,WH_08,PROD_0067,29/06/2024,1322,395,188,1529.0,2098.34
INV_109914,WH_14,PROD_0154,08/02/2024,4949,917,798,5068.0,5093.01
INV_109915,WH_07,PROD_0050,21/07/2024,3905,328,1424,2809.0,3176.6
INV_109916,WH_06,PROD_0071,19/01/2024,1761,1131,1430,1462.0,1966.38
INV_109917,WH_07,PROD_0192,29/06/2024,4097,229,579,3747.0,2817.13
INV_109918,WH_02,PROD_0209,07/07/2024,4922,996,734,5184.0,4018.28
INV_109919,WH_12,PROD_0297,10/08/2024,1618,1433,1398,1653.0,2468.79
INV_109920,WH_04,PROD_0276,03/08/2024,2722,226,441,2507.0,1743.18
INV_109921,WH_02,PROD_0069,09/07/2024,4902,249,637,4514.0,6481.1
INV_109922,WH_10,PROD_0147,06/10/2024,1210,1029,1447,792.0,1097.35
INV_109923,WH_13,PROD_0168,31/07/2024,2649,1319,555,3413.0,1898.55
INV_109924,WH_13,PROD_0035,15/10/2024,4944,434,226,5152.0,5647.87
INV_109925,WH_12,PROD_0290,11/03/2024,1123,1492,367,2248.0,1550.37
INV_109926,WH_05,PROD_0048,13/02/2024,3428,208,858,2778.0,2144.92
INV_109927,WH_08,PROD_0221,21/05/2024,1511,505,782,1234.0,1018.57
INV_109928,WH_05,PROD_0126,19/03/2024,4258,322,693,3887.0,4933.6
INV_109929,WH_07,PROD_0186,30/06/2024,3302,1150,1036,3416.0,3120.26
INV_109930,WH_12,PROD_0129,20/03/2024,2630,1224,100,3754.0,2832.58
INV_109931,WH_01,PROD_0021,30/04/2024,1763,1299,1294,1768.0,1771.67
INV_109932,WH_10,PROD_0007,19/02/2024,4449,1154,146,5457.0,4597.18
INV_109933,WH_06,PROD_0144,24/10/2024,1664,1046,1129,1581.0,1766.16
INV_109934,WH_12,PROD_0093,21/06/2024,3842,716,747,3811.0,4734.59
INV_109935,WH_01,PROD_0196,21/02/2024,789,694,387,1096.0,579.63
INV_109936,WH_01,PROD_0269,10/06/2024,2813,340,371,2782.0,3516.69
INV_109937,WH_11,PROD_0107,05/10/2024,3784,156,554,3386.0,4744.56
INV_109938,WH_04,PROD_0036,17/01/2024,4259,779,1354,3684.0,4660.21
INV_109939,WH_06,PROD_0029,13/03/2024,2091,135,459,1767.0,2619.99
INV_109940,WH_09,PROD_0135,21/12/2024,1827,1228,1399,1656.0,1303.6
INV_109941,WH_12,PROD_0162,06/10/2024,503,741,1240,,0.0
INV_109942,WH_14,PROD_0284,13/12/2024,4361,454,1348,,0.0
INV_109943,WH_11,PROD_0097,03/07/2024,4861,1481,858,5484.0,2783.5
INV_109944,WH_01,PROD_0136,09/11/2024,3510,297,1318,2489.0,3219.79
INV_109945,WH_07,PROD_0080,20/12/2024,1497,499,219,1777.0,1957.48
INV_109946,WH_12,PROD_0157,22/10/2024,2219,721,1368,1572.0,921.5
INV_109947,WH_10,PROD_0204,20/03/2024,3464,1112,365,4211.0,4880.53
INV_109948,WH_13,PROD_0170,31/08/2024,716,211,240,687.0,657.58
INV_109949,WH_15,PROD_0078,29/11/2024,1911,1005,886,2030.0,1747.54
INV_109950,WH_12,PROD_0072,12/02/2024,3943,912,456,4399.0,3975.76
INV_109951,WH_01,PROD_0300,07/09/2024,4050,470,1163,3357.0,3544.1
INV_109952,WH_09,PROD_0044,04/11/2024,4180,1287,889,4578.0,6770.64
INV_109953,WH_07,PROD_0164,06/02/2024,2981,1213,944,,0.0
INV_109954,WH_14,PROD_0293,26/10/2024,2569,1035,776,2828.0,3516.04
INV_109955,WH_09,PROD_0174,20/10/2024,3394,390,131,3653.0,2224.44
INV_109956,WH_02,PROD_0172,06/12/2024,860,1260,500,1620.0,1805.32
INV_109957,WH_06,PROD_0010,30/12/2024,4328,1407,1448,4287.0,5031.95
INV_109958,WH_04,PROD_0033,11/04/2024,2800,230,903,2127.0,1437.36
INV_109959,WH_14,PROD_0167,24/10/2024,1264,236,595,905.0,493.75
INV_109960,WH_09,PROD_0209,28/01/2024,4236,1486,123,5599.0,5718.62
INV_109961,WH_09,PROD_0219,26/09/2024,2351,353,1155,1549.0,2089.54
INV_109962,WH_04,PROD_0078,04/08/2024,1983,651,1324,1310.0,1825.11
INV_109963,WH_13,PROD_0268,03/03/2024,1748,1050,386,2412.0,2098.85
INV_109964,WH_11,PROD_0140,02/10/2024,3352,974,1009,,0.0
INV_109965,WH_05,PROD_0007,03/02/2024,2350,670,878,2142.0,2293.07
INV_109966,WH_13,PROD_0067,27/09/2024,3842,602,194,4250.0,4266.02
INV_109967,WH_14,PROD_0148,08/08/2024,1021,793,1236,578.0,485.62
INV_109968,WH_13,PROD_0009,08/11/2024,4384,886,1160,4110.0,3176.72
INV_109969,WH_02,PROD_0186,01/01/2024,4297,1431,1068,4660.0,4708.17
INV_109970,WH_03,PROD_0089,26/11/2024,2781,1157,835,3103.0,2208.85
INV_109971,WH_12,PROD_0149,25/01/2024,1491,859,332,2018.0,2163.1
INV_109972,WH_10,PROD_0120,15/12/2024,2001,1203,553,2651.0,3191.59
INV_109973,WH_10,PROD_0161,30/07/2024,2325,551,685,2191.0,2077.76
INV_109974,WH_15,PROD_0093,28/03/2024,4621,396,1284,3733.0,2651.46
INV_109975,WH_01,PROD_0222,05/04/2024,4206,1102,268,5040.0,5860.58
INV_109976,WH_06,PROD_0012,14/07/2024,4256,1325,757,4824.0,4820.73
INV_109977,WH_08,PROD_0279,01/10/2024,2091,434,139,2386.0,1668.68
INV_109978,WH_08,PROD_0270,17/05/2024,3993,1074,1000,4067.0,2763.15
INV_109979,WH_01,PROD_0137,18/10/2024,970,119,1258,-169.0,-215.46
INV_109980,WH_07,PROD_0258,22/08/2024,950,632,1333,249.0,364.59
INV_109981,WH_07,PROD_0091,27/10/2024,718,813,1231,300.0,401.72
INV_109982,WH_12,PROD_0011,16/05/2024,916,736,578,1074.0,882.56
INV_109983,WH_10,PROD_0276,06/09/2024,1508,176,693,991.0,635.48
INV_109984,WH_03,PROD_0213,25/01/2024,528,362,804,86.0,53.73
INV_109985,WH_09,PROD_0031,24/07/2024,1861,716,973,1604.0,1828.36
INV_109986,WH_09,PROD_0185,21/09/2024,1814,730,1076,1468.0,1187.34
INV_109987,WH_02,PROD_0104,16/08/2024,3730,626,210,4146.0,3243.83
INV_109988,WH_13,PROD_0016,16/12/2024,2393,1378,789,2982.0,2936.94
INV_109989,WH_08,PROD_0062,15/03/2024,3257,1085,1292,3050.0,4453.28
INV_109990,WH_05,PROD_0215,27/01/2024,1059,931,310,1680.0,1973.15
INV_109991,WH_02,PROD_0127,28/05/2024,1210,1334,1026,1518.0,1621.72
INV_109992,WH_07,PROD_0193,08/06/2024,3168,265,1478,1955.0,1581.85
INV_109993,WH_02,PROD_0216,08/10/2024,3802,447,1415,2834.0,4051.71
INV_109994,WH_15,PROD_0004,02/08/2024,1532,482,1270,744.0,963.44
INV_109995,WH_09,PROD_0156,02/12/2024,1535,358,139,1754.0,2384.08
INV_109996,WH_06,PROD_0050,12/09/2024,1568,725,310,1983.0,2612.25
INV_109997,WH_12,PROD_0224,27/01/2024,3526,309,692,3143.0,3096.12
INV_109998,WH_01,PROD_0203,19/08/2024,1385,1222,349,2258.0,1511.6
INV_109999,WH_05,PROD_0024,23/08/2024,1783,882,1082,1583.0,2019.09
