PO_ID,Supplier_ID,Product_ID,Order_Date,Expected_Delivery_Date,Actual_Delivery_Date,Quantity_Ordered,Quantity_Received,Unit_Cost,PO_Status
PO_100000,SUP_173,PROD_0025,15-04-2024,2024-04-22,2024-04-20,1316,1180,57,Delayed
PO_100001,SUP_199,PROD_0029,23-01-2024,2024-02-09,2024-02-13,579,509,316,Delayed
PO_100002,SUP_173,PROD_0165,2024/05/28,2024-06-09,2024-06-15,753,670,335,Open
PO_100003,SUP_152,PROD_0090,14-03-2024,2024-03-26,2024-03-29,715,687,180,Delayed
PO_100004,SUP_135,PROD_0164,2024/08/06,2024-08-26,2024-08-23,805,773,369,Open
PO_100005,SUP_122,PROD_0124,2024/07/28,2024-08-06,2024-08-07,870,796,134,Open
PO_100006,SUP_107,PROD_0286,2024/12/28,2025-01-06,2025-01-10,1973,1948,69,Closed
PO_100007,SUP_116,PROD_0190,2024/07/17,2024-07-29,2024-07-30,516,449,209,Delayed
PO_100008,SUP_011,PROD_0038,2024/04/07,2024-04-13,2024-04-14,872,789,384,Delayed
PO_100009,SUP_078,PROD_0008,2024/12/09,2024-12-20,2024-12-24,527,474,485,Closed
PO_100010,SUP_102,PROD_0123,2024/03/01,2024-03-21,2024-03-21,1524,1436,349,Open
PO_100011,SUP_067,PROD_0185,24-05-2024,2024-06-10,2024-06-14,1192,1144,372,Open
PO_100012,SUP_053,PROD_0190,26-08-2024,2024-09-03,2024-09-07,1659,1490,469,Open
PO_100013,SUP_150,PROD_0297,2024/01/24,2024-02-05,2024-02-04,133,126,173,Open
PO_100014,SUP_063,PROD_0256,2024/03/19,2024-03-30,2024-04-01,571,555,234,Delayed
PO_100015,SUP_186,PROD_0252,16-12-2024,2024-12-31,2025-01-01,1663,1530,460,Closed
PO_100016,SUP_139,PROD_0031,29-06-2024,2024-07-09,2024-07-08,1575,1472,319,Closed
PO_100017,SUP_060,PROD_0035,2024/02/08,2024-02-14,2024-02-11,944,840,110,Closed
PO_100018,SUP_158,PROD_0248,2024/04/21,2024-05-10,2024-05-12,223,220,356,Closed
PO_100019,SUP_138,PROD_0147,2024/01/04,2024-01-22,2024-01-19,134,113,311,Delayed
PO_100020,SUP_062,PROD_0099,2024/12/23,2025-01-10,2025-01-09,319,310,89,Delayed
PO_100021,SUP_104,PROD_0236,09-05-2024,2024-05-25,2024-05-26,1728,1592,243,Delayed
PO_100022,SUP_009,PROD_0048,2024/04/25,2024-05-09,2024-05-07,1438,1325,479,Open
PO_100023,SUP_022,PROD_0256,2024/07/12,2024-08-01,2024-07-29,1404,1304,44,Delayed
PO_100024,SUP_178,PROD_0291,18-06-2024,2024-06-26,2024-07-01,1982,1927,61,Open
PO_100025,SUP_009,PROD_0092,2024/01/24,2024-01-31,2024-02-01,1941,1810,318,Closed
PO_100026,SUP_062,PROD_0291,16-04-2024,2024-04-25,2024-04-28,257,242,193,Delayed
PO_100027,SUP_177,PROD_0041,03-10-2024,2024-10-18,2024-10-21,1647,1527,418,Delayed
PO_100028,SUP_088,PROD_0204,2024/06/26,2024-07-02,2024-06-30,995,928,158,Closed
PO_100029,SUP_097,PROD_0222,20-11-2024,2024-12-03,2024-12-07,1104,985,156,Delayed
PO_100030,SUP_064,PROD_0038,26-10-2024,2024-11-12,2024-11-10,1681,1449,356,Open
PO_100031,SUP_028,PROD_0047,19-03-2024,2024-04-05,2024-04-04,1614,1372,239,Open
PO_100032,SUP_111,PROD_0230,15-08-2024,2024-08-31,2024-09-01,309,297,107,Delayed
PO_100033,SUP_024,PROD_0167,19-09-2024,2024-10-07,2024-10-05,153,142,85,Closed
PO_100034,SUP_144,PROD_0125,2024/05/29,2024-06-16,2024-06-19,1695,1526,83,Delayed
PO_100035,SUP_038,PROD_0033,13-07-2024,2024-07-23,2024-07-22,650,573,194,Open
PO_100036,SUP_065,PROD_0127,21-05-2024,2024-06-08,2024-06-09,1091,1087,440,Open
PO_100037,SUP_102,PROD_0171,31-10-2024,2024-11-11,2024-11-15,319,310,109,Open
PO_100038,SUP_167,PROD_0070,2024/06/17,2024-07-06,2024-07-08,981,909,457,Open
PO_100039,SUP_082,PROD_0150,2024/11/04,2024-11-15,2024-11-19,743,725,130,Delayed
PO_100040,SUP_072,PROD_0202,20-11-2024,2024-12-10,2024-12-16,1701,1631,164,Closed
PO_100041,SUP_141,PROD_0014,2024/10/15,2024-10-26,2024-11-01,1217,1152,132,Delayed
PO_100042,SUP_105,PROD_0256,17-04-2024,2024-05-06,2024-05-07,1802,1602,394,Delayed
PO_100043,SUP_097,PROD_0038,2024/06/04,2024-06-16,2024-06-17,1448,1344,118,Delayed
PO_100044,SUP_140,PROD_0019,2024/09/02,2024-09-19,2024-09-24,1137,1058,485,Delayed
PO_100045,SUP_091,PROD_0086,2024/10/01,2024-10-08,2024-10-06,1674,1587,167,Delayed
PO_100046,SUP_026,PROD_0133,23-01-2024,2024-02-09,2024-02-11,1730,1583,260,Delayed
PO_100047,SUP_174,PROD_0257,22-09-2024,2024-10-04,2024-10-08,866,774,240,Open
PO_100048,SUP_022,PROD_0060,2024/01/13,2024-02-02,2024-01-31,705,705,252,Delayed
PO_100049,SUP_134,PROD_0248,2024/03/13,2024-03-29,2024-03-30,802,725,273,Open
PO_100050,SUP_182,PROD_0059,19-02-2024,2024-03-09,2024-03-13,753,642,74,Open
PO_100051,SUP_142,PROD_0082,2024/11/27,2024-12-05,2024-12-04,1616,1457,164,Delayed
PO_100052,SUP_048,PROD_0222,2024/08/06,2024-08-25,2024-08-25,1733,1675,247,Closed
PO_100053,SUP_181,PROD_0110,10-11-2024,2024-11-21,2024-11-25,1312,1167,259,Open
PO_100054,SUP_048,PROD_0188,2024/12/26,2025-01-02,2025-01-08,308,281,449,Closed
PO_100055,SUP_164,PROD_0161,22-08-2024,2024-08-30,2024-08-31,1473,1404,481,Open
PO_100056,SUP_118,PROD_0089,08-11-2024,2024-11-25,2024-12-01,333,326,218,Delayed
PO_100057,SUP_030,PROD_0094,01-06-2024,2024-06-08,2024-06-07,741,676,100,Delayed
PO_100058,SUP_109,PROD_0096,2024/03/13,2024-03-30,2024-04-02,1321,1246,110,Delayed
PO_100059,SUP_048,PROD_0162,02-10-2024,2024-10-12,2024-10-17,441,431,290,Delayed
PO_100060,SUP_099,PROD_0288,28-01-2024,2024-02-13,2024-02-10,1092,1057,109,Delayed
PO_100061,SUP_126,PROD_0086,2024/09/10,2024-09-28,2024-10-02,951,829,403,Delayed
PO_100062,SUP_074,PROD_0087,16-01-2024,2024-01-28,2024-01-29,166,165,180,Open
PO_100063,SUP_069,PROD_0279,2024/10/16,2024-11-05,2024-11-10,1146,1067,97,Delayed
PO_100064,SUP_168,PROD_0127,22-01-2024,2024-02-10,2024-02-15,547,502,257,Closed
PO_100065,SUP_031,PROD_0122,18-08-2024,2024-08-31,2024-09-02,1865,1692,458,Delayed
PO_100066,SUP_036,PROD_0106,28-10-2024,2024-11-13,2024-11-19,1395,1393,259,Closed
PO_100067,SUP_083,PROD_0150,2024/01/31,2024-02-16,2024-02-21,675,610,345,Delayed
PO_100068,SUP_016,PROD_0142,16-05-2024,2024-05-24,2024-05-23,1636,1611,442,Delayed
PO_100069,SUP_064,PROD_0202,05-03-2024,2024-03-14,2024-03-14,399,370,404,Closed
PO_100070,SUP_197,PROD_0048,22-10-2024,2024-11-04,2024-11-07,868,840,271,Delayed
PO_100071,SUP_199,PROD_0048,2024/05/22,2024-06-07,2024-06-11,1099,1051,207,Delayed
PO_100072,SUP_110,PROD_0109,06-12-2024,2024-12-22,2024-12-20,1729,1722,313,Open
PO_100073,SUP_125,PROD_0176,14-06-2024,2024-06-28,2024-06-30,1220,1211,335,Closed
PO_100074,SUP_041,PROD_0226,2024/01/24,2024-02-01,2024-02-05,133,127,103,Closed
PO_100075,SUP_071,PROD_0048,07-08-2024,2024-08-18,2024-08-17,1906,1804,372,Open
PO_100076,SUP_186,PROD_0120,2024/02/12,2024-02-28,2024-02-27,206,202,242,Delayed
PO_100077,SUP_152,PROD_0116,16-02-2024,2024-02-24,2024-02-21,537,522,284,Delayed
PO_100078,SUP_109,PROD_0068,2024/08/15,2024-08-20,2024-08-17,1524,1417,215,Closed
PO_100079,SUP_081,PROD_0189,27-04-2024,2024-05-14,2024-05-12,1596,1581,452,Open
PO_100080,SUP_136,PROD_0289,11-03-2024,2024-03-28,2024-03-27,1413,1203,386,Delayed
PO_100081,SUP_192,PROD_0078,28-11-2024,2024-12-08,2024-12-12,819,813,409,Open
PO_100082,SUP_193,PROD_0064,11-11-2024,2024-11-30,2024-11-30,277,272,499,Delayed
PO_100083,SUP_071,PROD_0044,15-07-2024,2024-07-31,2024-08-03,744,663,445,Delayed
PO_100084,SUP_078,PROD_0106,2024/11/03,2024-11-17,2024-11-14,1836,1825,473,Delayed
PO_100085,SUP_062,PROD_0254,17-09-2024,2024-09-28,2024-10-01,705,648,370,Closed
PO_100086,SUP_004,PROD_0185,2024/05/03,2024-05-23,2024-05-29,245,228,310,Closed
PO_100087,SUP_121,PROD_0038,17-07-2024,2024-08-04,2024-08-06,1218,1039,389,Delayed
PO_100088,SUP_102,PROD_0260,2024/02/04,2024-02-09,2024-02-10,541,495,60,Delayed
PO_100089,SUP_138,PROD_0276,30-12-2024,2025-01-17,2025-01-20,1537,1463,245,Closed
PO_100090,SUP_040,PROD_0275,2024/05/22,2024-05-29,2024-05-30,261,241,301,Open
PO_100091,SUP_062,PROD_0030,2024/10/27,2024-11-03,2024-11-04,1530,1362,263,Closed
PO_100092,SUP_171,PROD_0090,10-08-2024,2024-08-18,2024-08-22,1353,1180,351,Closed
PO_100093,SUP_134,PROD_0265,2024/12/28,2025-01-06,2025-01-03,435,402,294,Closed
PO_100094,SUP_008,PROD_0172,09-07-2024,2024-07-18,2024-07-19,1601,1566,493,Open
PO_100095,SUP_128,PROD_0234,2024/05/19,2024-05-26,2024-05-27,1558,1454,335,Open
PO_100096,SUP_198,PROD_0053,29-01-2024,2024-02-18,2024-02-24,441,388,228,Closed
PO_100097,SUP_012,PROD_0242,17-09-2024,2024-09-22,2024-09-19,1858,1765,481,Open
PO_100098,SUP_190,PROD_0215,2024/03/17,2024-03-27,2024-03-24,1232,1104,451,Open
PO_100099,SUP_096,PROD_0062,07-05-2024,2024-05-25,2024-05-27,655,620,462,Delayed
PO_100100,SUP_103,PROD_0036,2024/01/27,2024-02-06,2024-02-06,1747,1722,304,Open
PO_100101,SUP_052,PROD_0150,08-06-2024,2024-06-23,2024-06-21,1232,1191,273,Open
PO_100102,SUP_198,PROD_0101,2024/11/14,2024-11-26,2024-11-30,854,787,342,Closed
PO_100103,SUP_178,PROD_0005,04-01-2024,2024-01-22,2024-01-19,577,532,317,Closed
PO_100104,SUP_061,PROD_0215,2024/12/02,2024-12-19,2024-12-20,312,296,145,Closed
PO_100105,SUP_134,PROD_0212,2024/03/13,2024-03-26,2024-03-24,189,182,158,Open
PO_100106,SUP_101,PROD_0039,22-08-2024,2024-08-29,2024-09-04,295,287,298,Delayed
PO_100107,SUP_081,PROD_0202,01-02-2024,2024-02-19,2024-02-18,584,537,189,Open
PO_100108,SUP_198,PROD_0300,19-08-2024,2024-09-01,2024-09-01,252,220,143,Closed
PO_100109,SUP_138,PROD_0184,24-02-2024,2024-03-05,2024-03-09,1054,948,200,Open
PO_100110,SUP_176,PROD_0156,06-06-2024,2024-06-25,2024-06-26,1845,1588,101,Closed
PO_100111,SUP_102,PROD_0263,2024/06/16,2024-06-25,2024-06-23,1556,1334,167,Delayed
PO_100112,SUP_143,PROD_0282,2024/06/02,2024-06-15,2024-06-14,163,145,247,Closed
PO_100113,SUP_200,PROD_0114,24-08-2024,2024-09-01,2024-08-31,348,303,46,Closed
PO_100114,SUP_020,PROD_0012,24-07-2024,2024-08-09,2024-08-07,1292,1114,340,Closed
PO_100115,SUP_085,PROD_0063,2024/11/26,2024-12-15,2024-12-14,288,246,473,Open
PO_100116,SUP_128,PROD_0016,2024/01/26,2024-02-05,2024-02-11,987,935,460,Delayed
PO_100117,SUP_115,PROD_0077,06-08-2024,2024-08-16,2024-08-18,539,462,135,Delayed
PO_100118,SUP_123,PROD_0032,2024/11/13,2024-11-25,2024-11-26,1121,974,250,Open
PO_100119,SUP_135,PROD_0128,2024/07/15,2024-07-24,2024-07-27,508,500,369,Closed
PO_100120,SUP_145,PROD_0258,14-07-2024,2024-07-30,2024-08-03,1215,1114,440,Open
PO_100121,SUP_200,PROD_0144,18-05-2024,2024-05-28,2024-05-25,753,647,345,Open
PO_100122,SUP_169,PROD_0124,28-09-2024,2024-10-14,2024-10-20,576,523,121,Delayed
PO_100123,SUP_045,PROD_0091,29-01-2024,2024-02-10,2024-02-16,1833,1679,448,Delayed
PO_100124,SUP_146,PROD_0289,2024/06/11,2024-06-27,2024-07-03,157,137,400,Delayed
PO_100125,SUP_024,PROD_0029,06-04-2024,2024-04-26,2024-05-01,732,651,129,Delayed
PO_100126,SUP_158,PROD_0104,22-04-2024,2024-04-27,2024-05-02,1078,949,40,Open
PO_100127,SUP_037,PROD_0057,2024/03/31,2024-04-15,2024-04-12,144,138,115,Open
PO_100128,SUP_083,PROD_0070,07-02-2024,2024-02-23,2024-02-26,1300,1145,91,Delayed
PO_100129,SUP_178,PROD_0183,2024/08/11,2024-08-31,2024-09-02,456,415,402,Delayed
PO_100130,SUP_033,PROD_0091,2024/10/28,2024-11-07,2024-11-10,728,711,415,Closed
PO_100131,SUP_157,PROD_0114,2024/12/25,2025-01-11,2025-01-17,166,161,133,Delayed
PO_100132,SUP_089,PROD_0164,23-02-2024,2024-03-14,2024-03-13,778,682,421,Delayed
PO_100133,SUP_178,PROD_0035,15-02-2024,2024-03-01,2024-03-05,123,115,175,Open
PO_100134,SUP_043,PROD_0212,2024/02/25,2024-03-01,2024-02-27,890,882,264,Open
PO_100135,SUP_148,PROD_0116,2024/06/28,2024-07-15,2024-07-13,1797,1610,285,Open
PO_100136,SUP_027,PROD_0038,07-02-2024,2024-02-13,2024-02-14,141,129,203,Closed
PO_100137,SUP_087,PROD_0248,2024/07/11,2024-07-21,2024-07-19,1220,1217,499,Closed
PO_100138,SUP_026,PROD_0170,08-08-2024,2024-08-18,2024-08-24,1922,1738,262,Closed
PO_100139,SUP_101,PROD_0293,28-07-2024,2024-08-10,2024-08-11,709,672,161,Open
PO_100140,SUP_170,PROD_0246,19-03-2024,2024-03-25,2024-03-27,107,96,258,Closed
PO_100141,SUP_122,PROD_0060,2024/01/14,2024-01-25,2024-01-24,1407,1273,189,Open
PO_100142,SUP_048,PROD_0190,2024/08/29,2024-09-18,2024-09-19,286,267,368,Open
PO_100143,SUP_058,PROD_0138,05-04-2024,2024-04-24,2024-04-21,639,615,265,Closed
PO_100144,SUP_106,PROD_0117,2024/03/18,2024-03-26,2024-03-24,1468,1388,216,Closed
PO_100145,SUP_147,PROD_0121,2024/07/17,2024-08-04,2024-08-09,1507,1401,483,Open
PO_100146,SUP_147,PROD_0076,2024/02/10,2024-02-27,2024-02-24,1128,988,332,Open
PO_100147,SUP_109,PROD_0041,29-03-2024,2024-04-08,2024-04-08,1755,1713,138,Closed
PO_100148,SUP_018,PROD_0045,2024/11/17,2024-11-26,2024-12-02,628,582,203,Delayed
PO_100149,SUP_004,PROD_0268,2024/07/22,2024-08-06,2024-08-07,1164,1096,274,Closed
PO_100150,SUP_026,PROD_0055,2024/07/31,2024-08-09,2024-08-08,1260,1215,341,Closed
PO_100151,SUP_147,PROD_0243,2024/05/26,2024-06-11,2024-06-14,640,548,236,Closed
PO_100152,SUP_103,PROD_0020,2024/05/21,2024-06-07,2024-06-06,1366,1262,351,Open
PO_100153,SUP_096,PROD_0011,2024/12/19,2024-12-31,2024-12-28,1627,1468,283,Open
PO_100154,SUP_059,PROD_0069,2024/06/08,2024-06-21,2024-06-25,1857,1731,396,Delayed
PO_100155,SUP_023,PROD_0097,2024/08/14,2024-08-29,2024-08-30,1592,1466,253,Closed
PO_100156,SUP_132,PROD_0082,2024/07/27,2024-08-16,2024-08-21,1876,1627,231,Open
PO_100157,SUP_146,PROD_0015,2024/12/29,2025-01-15,2025-01-14,1698,1531,475,Closed
PO_100158,SUP_093,PROD_0102,12-04-2024,2024-04-18,2024-04-18,167,149,273,Open
PO_100159,SUP_126,PROD_0229,25-08-2024,2024-09-11,2024-09-09,1495,1315,55,Open
PO_100160,SUP_192,PROD_0047,2024/10/27,2024-11-12,2024-11-14,434,404,468,Closed
PO_100161,SUP_055,PROD_0114,2024/07/16,2024-07-22,2024-07-21,1848,1685,332,Delayed
PO_100162,SUP_197,PROD_0005,2024/04/15,2024-04-28,2024-05-01,1151,1099,50,Closed
PO_100163,SUP_156,PROD_0157,27-11-2024,2024-12-07,2024-12-13,1740,1619,44,Open
PO_100164,SUP_174,PROD_0267,11-07-2024,2024-07-27,2024-07-31,616,602,151,Open
PO_100165,SUP_096,PROD_0288,2024/10/26,2024-11-03,2024-10-31,1147,1139,379,Delayed
PO_100166,SUP_087,PROD_0142,07-11-2024,2024-11-21,2024-11-22,1501,1438,95,Open
PO_100167,SUP_062,PROD_0030,2024/05/21,2024-06-03,2024-06-04,485,463,116,Delayed
PO_100168,SUP_067,PROD_0215,2024/06/12,2024-06-21,2024-06-18,1442,1328,294,Open
PO_100169,SUP_137,PROD_0244,19-01-2024,2024-01-30,2024-02-01,1587,1580,405,Delayed
PO_100170,SUP_047,PROD_0151,2024/07/02,2024-07-16,2024-07-15,1821,1596,376,Open
PO_100171,SUP_086,PROD_0046,2024/03/06,2024-03-19,2024-03-24,1662,1468,133,Open
PO_100172,SUP_067,PROD_0300,24-04-2024,2024-05-08,2024-05-11,1714,1606,494,Open
PO_100173,SUP_159,PROD_0037,2024/03/01,2024-03-21,2024-03-18,1874,1833,364,Closed
PO_100174,SUP_039,PROD_0071,13-09-2024,2024-09-21,2024-09-24,1185,1058,192,Open
PO_100175,SUP_200,PROD_0042,2024/07/28,2024-08-16,2024-08-15,747,696,481,Open
PO_100176,SUP_071,PROD_0108,19-11-2024,2024-11-29,2024-12-01,1399,1383,69,Closed
PO_100177,SUP_034,PROD_0223,2024/10/22,2024-11-01,2024-11-05,1708,1670,430,Open
PO_100178,SUP_188,PROD_0192,2024/08/07,2024-08-27,2024-08-30,109,92,59,Open
PO_100179,SUP_064,PROD_0116,2024/09/28,2024-10-09,2024-10-06,1485,1439,42,Open
PO_100180,SUP_043,PROD_0034,2024/06/08,2024-06-17,2024-06-15,885,763,297,Open
PO_100181,SUP_176,PROD_0069,28-05-2024,2024-06-16,2024-06-21,1321,1209,308,Open
PO_100182,SUP_059,PROD_0115,02-07-2024,2024-07-13,2024-07-12,1957,1730,455,Closed
PO_100183,SUP_010,PROD_0193,2024/01/12,2024-01-22,2024-01-20,850,787,404,Delayed
PO_100184,SUP_006,PROD_0025,15-11-2024,2024-11-21,2024-11-27,198,190,378,Closed
PO_100185,SUP_180,PROD_0079,01-08-2024,2024-08-20,2024-08-23,353,313,320,Delayed
PO_100186,SUP_134,PROD_0139,17-12-2024,2024-12-22,2024-12-23,961,851,378,Open
PO_100187,SUP_051,PROD_0103,23-02-2024,2024-03-02,2024-03-03,333,332,441,Open
PO_100188,SUP_011,PROD_0281,24-09-2024,2024-10-05,2024-10-07,1540,1436,249,Closed
PO_100189,SUP_023,PROD_0057,18-12-2024,2025-01-07,2025-01-09,580,566,41,Delayed
PO_100190,SUP_186,PROD_0052,09-09-2024,2024-09-18,2024-09-16,1696,1572,301,Delayed
PO_100191,SUP_045,PROD_0021,28-04-2024,2024-05-17,2024-05-18,640,581,277,Open
PO_100192,SUP_195,PROD_0024,12-12-2024,2024-12-27,2024-12-30,1612,1372,99,Closed
PO_100193,SUP_160,PROD_0138,05-12-2024,2024-12-15,2024-12-17,832,819,497,Delayed
PO_100194,SUP_117,PROD_0140,17-02-2024,2024-03-04,2024-03-06,474,451,98,Delayed
PO_100195,SUP_016,PROD_0082,2024/09/01,2024-09-19,2024-09-18,331,287,107,Open
PO_100196,SUP_098,PROD_0184,29-10-2024,2024-11-18,2024-11-24,1489,1421,264,Closed
PO_100197,SUP_106,PROD_0226,16-12-2024,2024-12-25,2024-12-29,1984,1709,289,Closed
PO_100198,SUP_197,PROD_0296,2024/05/13,2024-05-28,2024-05-25,1542,1495,484,Delayed
PO_100199,SUP_025,PROD_0222,2024/04/24,2024-05-09,2024-05-14,1171,1164,392,Delayed
PO_100200,SUP_039,PROD_0286,2024/05/07,2024-05-27,2024-05-29,1459,1396,386,Closed
PO_100201,SUP_043,PROD_0039,2024/01/06,2024-01-16,2024-01-21,1838,1813,280,Open
PO_100202,SUP_165,PROD_0194,03-05-2024,2024-05-18,2024-05-19,203,197,299,Closed
PO_100203,SUP_128,PROD_0229,10-02-2024,2024-02-29,2024-03-04,1740,1640,333,Closed
PO_100204,SUP_141,PROD_0001,11-09-2024,2024-09-16,2024-09-14,926,810,251,Delayed
PO_100205,SUP_117,PROD_0175,2024/11/12,2024-11-26,2024-12-01,1251,1156,145,Closed
PO_100206,SUP_122,PROD_0187,2024/04/24,2024-05-13,2024-05-15,1247,1242,432,Open
PO_100207,SUP_163,PROD_0150,28-02-2024,2024-03-07,2024-03-07,104,104,214,Open
PO_100208,SUP_184,PROD_0210,25-12-2024,2025-01-02,2024-12-30,1936,1699,124,Open
PO_100209,SUP_118,PROD_0098,08-11-2024,2024-11-19,2024-11-19,347,339,476,Open
PO_100210,SUP_151,PROD_0064,2024/02/25,2024-03-14,2024-03-11,1997,1927,364,Open
PO_100211,SUP_142,PROD_0222,2024/12/03,2024-12-12,2024-12-16,108,106,311,Delayed
PO_100212,SUP_156,PROD_0165,2024/03/31,2024-04-10,2024-04-09,312,297,238,Open
PO_100213,SUP_116,PROD_0069,2024/08/02,2024-08-14,2024-08-15,914,811,215,Open
PO_100214,SUP_142,PROD_0112,2024/11/04,2024-11-18,2024-11-23,1862,1684,200,Closed
PO_100215,SUP_182,PROD_0092,15-11-2024,2024-11-29,2024-12-01,1986,1945,384,Delayed
PO_100216,SUP_150,PROD_0293,2024/12/21,2025-01-05,2025-01-03,1658,1650,220,Delayed
PO_100217,SUP_004,PROD_0268,2024/12/29,2025-01-16,2025-01-21,685,595,489,Closed
PO_100218,SUP_193,PROD_0083,14-07-2024,2024-07-23,2024-07-20,1472,1324,68,Delayed
PO_100219,SUP_193,PROD_0278,08-05-2024,2024-05-17,2024-05-14,1514,1294,441,Open
PO_100220,SUP_058,PROD_0288,2024/08/19,2024-08-27,2024-09-02,1877,1794,385,Closed
PO_100221,SUP_176,PROD_0161,18-09-2024,2024-10-02,2024-09-29,1997,1979,235,Closed
PO_100222,SUP_114,PROD_0116,2024/01/07,2024-01-20,2024-01-20,1370,1326,484,Delayed
PO_100223,SUP_199,PROD_0100,2024/12/29,2025-01-14,2025-01-20,1219,1111,418,Open
PO_100224,SUP_097,PROD_0021,2024/03/31,2024-04-07,2024-04-06,455,440,416,Open
PO_100225,SUP_002,PROD_0170,2024/10/11,2024-10-24,2024-10-23,429,423,339,Delayed
PO_100226,SUP_161,PROD_0155,20-03-2024,2024-03-26,2024-03-25,760,708,345,Delayed
PO_100227,SUP_057,PROD_0095,08-10-2024,2024-10-24,2024-10-22,1705,1483,402,Delayed
PO_100228,SUP_057,PROD_0110,22-03-2024,2024-04-09,2024-04-14,1199,1188,246,Open
PO_100229,SUP_122,PROD_0288,2024/06/18,2024-07-04,2024-07-05,547,547,425,Closed
PO_100230,SUP_160,PROD_0125,2024/02/28,2024-03-15,2024-03-19,592,508,368,Delayed
PO_100231,SUP_073,PROD_0013,2024/06/13,2024-06-30,2024-06-28,890,888,171,Open
PO_100232,SUP_050,PROD_0165,2024/09/20,2024-10-09,2024-10-13,189,176,191,Closed
PO_100233,SUP_054,PROD_0110,2024/02/19,2024-02-29,2024-03-05,1192,1188,43,Open
PO_100234,SUP_190,PROD_0223,2024/02/23,2024-03-05,2024-03-10,1797,1563,399,Delayed
PO_100235,SUP_023,PROD_0038,17-12-2024,2024-12-26,2024-12-23,1040,897,407,Closed
PO_100236,SUP_105,PROD_0199,2024/05/08,2024-05-15,2024-05-21,1782,1744,156,Delayed
PO_100237,SUP_137,PROD_0004,2024/07/26,2024-08-13,2024-08-15,134,133,239,Delayed
PO_100238,SUP_092,PROD_0258,2024/11/12,2024-11-19,2024-11-25,193,167,398,Open
PO_100239,SUP_113,PROD_0196,2024/12/17,2024-12-31,2025-01-06,277,260,184,Delayed
PO_100240,SUP_101,PROD_0280,16-01-2024,2024-02-05,2024-02-04,1192,1088,152,Delayed
PO_100241,SUP_037,PROD_0064,2024/03/14,2024-03-28,2024-03-30,122,104,323,Closed
PO_100242,SUP_192,PROD_0177,20-10-2024,2024-11-06,2024-11-11,1221,1091,83,Open
PO_100243,SUP_065,PROD_0100,2024/11/26,2024-12-05,2024-12-04,476,418,153,Closed
PO_100244,SUP_075,PROD_0035,2024/12/09,2024-12-15,2024-12-20,1044,951,370,Closed
PO_100245,SUP_061,PROD_0052,2024/04/11,2024-05-01,2024-05-03,831,742,105,Delayed
PO_100246,SUP_169,PROD_0157,05-02-2024,2024-02-16,2024-02-18,1095,1079,270,Closed
PO_100247,SUP_064,PROD_0114,16-10-2024,2024-11-01,2024-11-03,977,941,126,Open
PO_100248,SUP_092,PROD_0157,03-07-2024,2024-07-12,2024-07-14,1897,1861,285,Delayed
PO_100249,SUP_036,PROD_0276,25-02-2024,2024-03-06,2024-03-12,267,238,470,Open
PO_100250,SUP_162,PROD_0016,2024/11/16,2024-11-23,2024-11-21,1927,1844,49,Delayed
PO_100251,SUP_139,PROD_0242,2024/04/18,2024-04-24,2024-04-29,633,621,318,Closed
PO_100252,SUP_075,PROD_0069,2024/07/06,2024-07-23,2024-07-23,1925,1873,435,Delayed
PO_100253,SUP_062,PROD_0085,18-09-2024,2024-09-25,2024-09-28,845,753,297,Open
PO_100254,SUP_038,PROD_0248,2024/03/22,2024-04-01,2024-04-07,1258,1160,377,Closed
PO_100255,SUP_011,PROD_0106,22-04-2024,2024-05-12,2024-05-12,228,226,175,Open
PO_100256,SUP_167,PROD_0166,17-07-2024,2024-08-06,2024-08-10,1905,1671,63,Delayed
PO_100257,SUP_097,PROD_0194,2024/09/23,2024-10-06,2024-10-07,1285,1185,318,Delayed
PO_100258,SUP_058,PROD_0265,2024/11/30,2024-12-07,2024-12-12,615,573,232,Open
PO_100259,SUP_036,PROD_0226,25-06-2024,2024-07-15,2024-07-19,1916,1712,349,Closed
PO_100260,SUP_155,PROD_0061,09-02-2024,2024-02-22,2024-02-22,407,387,135,Closed
PO_100261,SUP_054,PROD_0083,31-07-2024,2024-08-15,2024-08-13,1086,1028,385,Closed
PO_100262,SUP_162,PROD_0263,04-05-2024,2024-05-10,2024-05-09,1274,1092,343,Delayed
PO_100263,SUP_104,PROD_0289,2024/03/16,2024-03-22,2024-03-21,628,614,132,Closed
PO_100264,SUP_121,PROD_0247,2024/12/04,2024-12-18,2024-12-16,543,482,269,Closed
PO_100265,SUP_169,PROD_0262,29-07-2024,2024-08-07,2024-08-13,1780,1648,432,Closed
PO_100266,SUP_097,PROD_0198,17-12-2024,2025-01-01,2025-01-05,1321,1155,342,Closed
PO_100267,SUP_039,PROD_0050,2024/01/09,2024-01-20,2024-01-25,1860,1671,298,Open
PO_100268,SUP_124,PROD_0067,10-11-2024,2024-11-16,2024-11-21,1130,1114,425,Delayed
PO_100269,SUP_179,PROD_0272,2024/01/01,2024-01-19,2024-01-24,961,925,229,Closed
PO_100270,SUP_195,PROD_0295,2024/09/03,2024-09-20,2024-09-22,1306,1135,451,Open
PO_100271,SUP_022,PROD_0146,2024/03/09,2024-03-22,2024-03-26,1668,1570,159,Delayed
PO_100272,SUP_002,PROD_0296,2024/07/28,2024-08-10,2024-08-10,111,110,403,Closed
PO_100273,SUP_081,PROD_0210,2024/09/23,2024-09-28,2024-10-01,1440,1316,145,Closed
PO_100274,SUP_109,PROD_0290,2024/03/20,2024-04-07,2024-04-13,619,572,173,Delayed
PO_100275,SUP_124,PROD_0092,2024/05/21,2024-06-07,2024-06-07,946,898,322,Delayed
PO_100276,SUP_181,PROD_0204,11-10-2024,2024-10-31,2024-11-01,728,712,335,Closed
PO_100277,SUP_042,PROD_0052,2024/12/03,2024-12-11,2024-12-11,1014,915,440,Delayed
PO_100278,SUP_014,PROD_0083,2024/07/24,2024-08-08,2024-08-13,1357,1252,396,Delayed
PO_100279,SUP_017,PROD_0135,03-01-2024,2024-01-10,2024-01-09,1065,961,347,Open
PO_100280,SUP_074,PROD_0030,2024/02/10,2024-02-16,2024-02-19,920,826,354,Delayed
PO_100281,SUP_133,PROD_0147,2024/09/10,2024-09-29,2024-09-26,513,460,475,Closed
PO_100282,SUP_062,PROD_0001,02-11-2024,2024-11-14,2024-11-20,447,399,385,Closed
PO_100283,SUP_052,PROD_0266,21-05-2024,2024-06-07,2024-06-09,1471,1253,242,Delayed
PO_100284,SUP_144,PROD_0299,2024/12/26,2025-01-02,2024-12-31,1225,1130,185,Open
PO_100285,SUP_148,PROD_0003,2024/05/21,2024-06-02,2024-06-08,498,456,272,Closed
PO_100286,SUP_030,PROD_0263,27-07-2024,2024-08-04,2024-08-09,248,226,297,Delayed
PO_100287,SUP_063,PROD_0174,21-10-2024,2024-11-03,2024-11-07,872,858,328,Delayed
PO_100288,SUP_163,PROD_0113,23-08-2024,2024-08-28,2024-09-01,338,330,172,Delayed
PO_100289,SUP_180,PROD_0135,2024/04/27,2024-05-12,2024-05-15,823,730,304,Open
PO_100290,SUP_122,PROD_0161,2024/02/17,2024-03-05,2024-03-07,255,238,323,Closed
PO_100291,SUP_049,PROD_0256,2024/10/20,2024-11-02,2024-11-01,1628,1571,389,Closed
PO_100292,SUP_064,PROD_0183,30-04-2024,2024-05-12,2024-05-13,523,463,157,Closed
PO_100293,SUP_139,PROD_0022,2024/03/02,2024-03-09,2024-03-13,1357,1276,43,Open
PO_100294,SUP_071,PROD_0252,2024/11/13,2024-11-28,2024-12-02,1939,1741,491,Delayed
PO_100295,SUP_135,PROD_0217,23-05-2024,2024-06-09,2024-06-09,1636,1512,335,Delayed
PO_100296,SUP_118,PROD_0062,2024/01/17,2024-02-02,2024-02-05,1862,1847,391,Open
PO_100297,SUP_026,PROD_0167,10-06-2024,2024-06-15,2024-06-12,1480,1350,147,Delayed
PO_100298,SUP_157,PROD_0176,12-05-2024,2024-05-22,2024-05-27,638,588,161,Closed
PO_100299,SUP_094,PROD_0206,2024/09/12,2024-09-30,2024-09-30,958,885,398,Open
PO_100300,SUP_185,PROD_0139,2024/04/02,2024-04-11,2024-04-17,1504,1483,157,Closed
PO_100301,SUP_190,PROD_0077,2024/10/11,2024-10-29,2024-11-01,501,485,114,Closed
PO_100302,SUP_133,PROD_0274,2024/03/31,2024-04-18,2024-04-22,375,364,497,Open
PO_100303,SUP_102,PROD_0051,2024/09/06,2024-09-20,2024-09-21,1251,1239,479,Closed
PO_100304,SUP_116,PROD_0172,2024/01/31,2024-02-11,2024-02-12,1075,979,469,Open
PO_100305,SUP_174,PROD_0102,03-07-2024,2024-07-16,2024-07-18,140,137,250,Delayed
PO_100306,SUP_125,PROD_0229,2024/11/28,2024-12-08,2024-12-09,827,815,206,Closed
PO_100307,SUP_164,PROD_0173,2024/07/14,2024-07-28,2024-08-01,1393,1291,114,Delayed
PO_100308,SUP_081,PROD_0163,09-11-2024,2024-11-26,2024-11-24,262,240,122,Delayed
PO_100309,SUP_093,PROD_0267,2024/05/16,2024-06-02,2024-06-03,1917,1859,267,Open
PO_100310,SUP_065,PROD_0041,26-03-2024,2024-04-05,2024-04-02,356,315,412,Closed
PO_100311,SUP_014,PROD_0014,22-07-2024,2024-07-30,2024-07-28,230,220,489,Delayed
PO_100312,SUP_100,PROD_0159,12-02-2024,2024-02-20,2024-02-21,1365,1218,119,Closed
PO_100313,SUP_008,PROD_0018,2024/05/25,2024-06-13,2024-06-12,368,354,309,Open
PO_100314,SUP_141,PROD_0228,2024/06/15,2024-07-05,2024-07-09,1883,1669,316,Delayed
PO_100315,SUP_163,PROD_0289,2024/10/03,2024-10-13,2024-10-19,1323,1235,273,Delayed
PO_100316,SUP_023,PROD_0227,23-11-2024,2024-12-07,2024-12-09,1086,1001,316,Open
PO_100317,SUP_195,PROD_0070,30-07-2024,2024-08-12,2024-08-11,721,656,45,Open
PO_100318,SUP_197,PROD_0221,28-08-2024,2024-09-02,2024-09-06,1647,1603,284,Open
PO_100319,SUP_144,PROD_0224,01-11-2024,2024-11-13,2024-11-10,1222,1139,231,Closed
PO_100320,SUP_161,PROD_0123,24-03-2024,2024-04-10,2024-04-13,551,534,174,Delayed
PO_100321,SUP_069,PROD_0212,2024/12/21,2025-01-03,2025-01-04,1428,1261,420,Closed
PO_100322,SUP_116,PROD_0140,03-04-2024,2024-04-12,2024-04-13,326,321,366,Delayed
PO_100323,SUP_137,PROD_0012,08-09-2024,2024-09-19,2024-09-21,139,123,117,Closed
PO_100324,SUP_060,PROD_0047,2024/05/24,2024-06-06,2024-06-05,1564,1367,264,Closed
PO_100325,SUP_128,PROD_0191,2024/09/09,2024-09-20,2024-09-22,960,934,199,Delayed
PO_100326,SUP_015,PROD_0137,2024/01/17,2024-02-01,2024-01-30,1827,1752,424,Closed
PO_100327,SUP_098,PROD_0007,2024/10/05,2024-10-25,2024-10-24,493,434,498,Delayed
PO_100328,SUP_051,PROD_0236,2024/05/07,2024-05-24,2024-05-28,606,527,417,Delayed
PO_100329,SUP_083,PROD_0082,2024/12/06,2024-12-17,2024-12-21,896,771,388,Delayed
PO_100330,SUP_093,PROD_0027,08-10-2024,2024-10-16,2024-10-17,1085,977,366,Closed
PO_100331,SUP_150,PROD_0062,2024/04/30,2024-05-18,2024-05-20,130,122,125,Closed
PO_100332,SUP_153,PROD_0080,05-01-2024,2024-01-11,2024-01-17,1704,1638,393,Closed
PO_100333,SUP_195,PROD_0031,2024/05/07,2024-05-17,2024-05-21,287,246,391,Open
PO_100334,SUP_060,PROD_0163,26-11-2024,2024-12-05,2024-12-10,1720,1639,94,Open
PO_100335,SUP_011,PROD_0249,08-04-2024,2024-04-13,2024-04-16,833,798,410,Open
PO_100336,SUP_048,PROD_0279,13-10-2024,2024-10-27,2024-11-01,1527,1386,290,Open
PO_100337,SUP_018,PROD_0272,2024/08/27,2024-09-09,2024-09-15,1972,1755,480,Open
PO_100338,SUP_164,PROD_0260,31-05-2024,2024-06-13,2024-06-18,851,820,272,Delayed
PO_100339,SUP_062,PROD_0165,2024/04/04,2024-04-09,2024-04-15,1854,1607,226,Delayed
PO_100340,SUP_142,PROD_0079,02-10-2024,2024-10-19,2024-10-19,1173,1153,389,Open
PO_100341,SUP_018,PROD_0023,2024/06/14,2024-07-02,2024-07-04,326,285,89,Closed
PO_100342,SUP_147,PROD_0199,17-01-2024,2024-01-28,2024-01-26,1094,1054,138,Delayed
PO_100343,SUP_019,PROD_0007,2024/11/15,2024-11-28,2024-11-25,850,775,153,Delayed
PO_100344,SUP_143,PROD_0213,08-09-2024,2024-09-15,2024-09-19,1740,1667,367,Delayed
PO_100345,SUP_078,PROD_0040,30-01-2024,2024-02-12,2024-02-17,183,161,415,Delayed
PO_100346,SUP_135,PROD_0128,19-02-2024,2024-02-27,2024-02-27,1188,1154,237,Delayed
PO_100347,SUP_173,PROD_0235,2024/04/01,2024-04-19,2024-04-17,1669,1597,366,Delayed
PO_100348,SUP_130,PROD_0173,2024/08/06,2024-08-14,2024-08-13,1722,1543,132,Delayed
PO_100349,SUP_084,PROD_0191,2024/11/03,2024-11-22,2024-11-24,1948,1866,201,Delayed
PO_100350,SUP_097,PROD_0282,2024/08/08,2024-08-23,2024-08-29,592,535,328,Open
PO_100351,SUP_073,PROD_0009,19-08-2024,2024-09-07,2024-09-10,100,89,411,Open
PO_100352,SUP_198,PROD_0142,04-01-2024,2024-01-18,2024-01-18,539,528,478,Delayed
PO_100353,SUP_036,PROD_0136,11-10-2024,2024-10-20,2024-10-18,177,161,275,Delayed
PO_100354,SUP_103,PROD_0292,07-05-2024,2024-05-19,2024-05-20,1761,1607,193,Delayed
PO_100355,SUP_177,PROD_0296,2024/02/09,2024-02-24,2024-02-28,454,397,289,Delayed
PO_100356,SUP_021,PROD_0029,2024/11/24,2024-12-08,2024-12-05,1596,1591,453,Open
PO_100357,SUP_059,PROD_0006,2024/06/27,2024-07-15,2024-07-18,1877,1790,101,Closed
PO_100358,SUP_129,PROD_0114,05-06-2024,2024-06-11,2024-06-13,1205,1063,329,Closed
PO_100359,SUP_024,PROD_0114,2024/12/10,2024-12-27,2024-12-31,1641,1504,344,Open
PO_100360,SUP_191,PROD_0026,20-07-2024,2024-07-29,2024-07-28,788,739,82,Open
PO_100361,SUP_034,PROD_0070,2024/05/14,2024-05-21,2024-05-24,1127,1080,262,Delayed
PO_100362,SUP_158,PROD_0269,11-04-2024,2024-05-01,2024-05-04,1435,1282,332,Closed
PO_100363,SUP_023,PROD_0058,2024/02/06,2024-02-19,2024-02-22,762,732,390,Open
PO_100364,SUP_168,PROD_0013,04-08-2024,2024-08-20,2024-08-22,490,455,204,Closed
PO_100365,SUP_060,PROD_0103,28-06-2024,2024-07-17,2024-07-23,398,381,265,Open
PO_100366,SUP_159,PROD_0076,20-03-2024,2024-03-27,2024-03-25,1614,1593,67,Open
PO_100367,SUP_085,PROD_0108,08-01-2024,2024-01-23,2024-01-21,724,709,270,Delayed
PO_100368,SUP_124,PROD_0073,18-04-2024,2024-04-29,2024-05-04,1171,1166,424,Closed
PO_100369,SUP_179,PROD_0139,11-07-2024,2024-07-17,2024-07-18,448,386,70,Open
PO_100370,SUP_169,PROD_0185,01-12-2024,2024-12-06,2024-12-04,895,787,378,Closed
PO_100371,SUP_026,PROD_0162,2024/05/29,2024-06-15,2024-06-15,879,871,300,Delayed
PO_100372,SUP_144,PROD_0012,2024/09/29,2024-10-06,2024-10-05,507,435,296,Closed
PO_100373,SUP_005,PROD_0178,2024/09/28,2024-10-12,2024-10-14,1103,1027,241,Open
PO_100374,SUP_161,PROD_0132,2024/11/16,2024-11-30,2024-11-30,1126,1056,181,Closed
PO_100375,SUP_169,PROD_0071,2024/10/11,2024-10-24,2024-10-24,410,353,214,Delayed
PO_100376,SUP_080,PROD_0169,14-07-2024,2024-07-26,2024-07-29,592,560,333,Delayed
PO_100377,SUP_052,PROD_0071,2024/03/08,2024-03-19,2024-03-18,1289,1174,317,Delayed
PO_100378,SUP_145,PROD_0081,27-12-2024,2025-01-05,2025-01-08,1961,1828,434,Closed
PO_100379,SUP_187,PROD_0016,2024/10/12,2024-10-20,2024-10-19,750,734,469,Open
PO_100380,SUP_164,PROD_0141,2024/07/30,2024-08-17,2024-08-18,1007,893,421,Closed
PO_100381,SUP_158,PROD_0137,2024/02/24,2024-03-04,2024-03-03,153,149,430,Delayed
PO_100382,SUP_092,PROD_0041,2024/11/09,2024-11-21,2024-11-27,575,549,158,Closed
PO_100383,SUP_122,PROD_0071,14-09-2024,2024-10-04,2024-10-06,476,424,476,Closed
PO_100384,SUP_106,PROD_0114,2024/04/25,2024-05-01,2024-05-04,1665,1605,47,Delayed
PO_100385,SUP_126,PROD_0167,2024/04/13,2024-04-24,2024-04-22,462,450,264,Closed
PO_100386,SUP_185,PROD_0161,2024/08/06,2024-08-23,2024-08-20,1345,1243,416,Delayed
PO_100387,SUP_011,PROD_0126,19-10-2024,2024-10-25,2024-10-30,323,307,271,Delayed
PO_100388,SUP_013,PROD_0098,2024/07/21,2024-07-27,2024-08-01,893,833,304,Open
PO_100389,SUP_157,PROD_0028,22-07-2024,2024-08-05,2024-08-06,1044,1019,125,Closed
PO_100390,SUP_200,PROD_0300,25-08-2024,2024-09-13,2024-09-11,1579,1570,296,Delayed
PO_100391,SUP_046,PROD_0233,06-10-2024,2024-10-15,2024-10-18,946,855,205,Open
PO_100392,SUP_042,PROD_0064,2024/02/16,2024-02-29,2024-03-02,1516,1311,372,Closed
PO_100393,SUP_187,PROD_0262,2024/12/27,2025-01-15,2025-01-17,274,271,308,Closed
PO_100394,SUP_145,PROD_0077,2024/07/12,2024-07-29,2024-07-26,1673,1463,127,Closed
PO_100395,SUP_115,PROD_0148,2024/04/01,2024-04-07,2024-04-10,730,700,198,Closed
PO_100396,SUP_004,PROD_0235,2024/03/01,2024-03-10,2024-03-10,107,105,358,Open
PO_100397,SUP_151,PROD_0244,05-10-2024,2024-10-10,2024-10-16,1907,1852,292,Open
PO_100398,SUP_141,PROD_0143,14-08-2024,2024-08-21,2024-08-27,1329,1287,43,Delayed
PO_100399,SUP_090,PROD_0019,12-10-2024,2024-10-23,2024-10-20,478,424,115,Closed
PO_100400,SUP_107,PROD_0092,07-12-2024,2024-12-21,2024-12-23,1984,1768,84,Delayed
PO_100401,SUP_010,PROD_0048,25-05-2024,2024-06-04,2024-06-08,1634,1584,336,Open
PO_100402,SUP_141,PROD_0034,2024/06/14,2024-06-30,2024-07-03,1779,1661,74,Open
PO_100403,SUP_054,PROD_0108,09-03-2024,2024-03-17,2024-03-18,774,735,309,Closed
PO_100404,SUP_181,PROD_0148,2024/02/25,2024-03-03,2024-03-07,1582,1453,392,Delayed
PO_100405,SUP_034,PROD_0289,11-06-2024,2024-06-24,2024-06-29,1277,1212,359,Delayed
PO_100406,SUP_060,PROD_0149,2024/11/19,2024-12-09,2024-12-13,1754,1589,132,Closed
PO_100407,SUP_054,PROD_0213,01-03-2024,2024-03-06,2024-03-10,1380,1278,447,Closed
PO_100408,SUP_164,PROD_0104,19-06-2024,2024-07-05,2024-07-10,1750,1631,366,Open
PO_100409,SUP_002,PROD_0059,04-02-2024,2024-02-18,2024-02-19,1137,1051,321,Open
PO_100410,SUP_173,PROD_0246,2024/07/21,2024-07-26,2024-07-25,497,482,209,Closed
PO_100411,SUP_138,PROD_0172,26-11-2024,2024-12-05,2024-12-09,418,414,361,Open
PO_100412,SUP_138,PROD_0010,29-01-2024,2024-02-12,2024-02-18,1584,1399,387,Delayed
PO_100413,SUP_008,PROD_0174,16-12-2024,2024-12-31,2025-01-02,235,223,116,Delayed
PO_100414,SUP_030,PROD_0158,30-09-2024,2024-10-10,2024-10-16,1340,1319,239,Open
PO_100415,SUP_061,PROD_0191,29-12-2024,2025-01-04,2025-01-05,947,919,84,Open
PO_100416,SUP_200,PROD_0104,2024/04/20,2024-05-04,2024-05-03,329,284,231,Open
PO_100417,SUP_088,PROD_0248,16-09-2024,2024-09-21,2024-09-25,1953,1928,296,Open
PO_100418,SUP_034,PROD_0106,2024/06/16,2024-06-25,2024-06-23,1783,1533,304,Open
PO_100419,SUP_153,PROD_0045,2024/07/17,2024-07-25,2024-07-22,736,667,62,Open
PO_100420,SUP_006,PROD_0296,2024/01/24,2024-02-01,2024-02-06,1669,1612,377,Open
PO_100421,SUP_137,PROD_0164,23-11-2024,2024-12-04,2024-12-06,510,489,138,Delayed
PO_100422,SUP_160,PROD_0287,01-03-2024,2024-03-14,2024-03-13,422,371,180,Closed
PO_100423,SUP_181,PROD_0146,04-10-2024,2024-10-20,2024-10-25,752,712,178,Closed
PO_100424,SUP_114,PROD_0026,28-03-2024,2024-04-04,2024-04-05,1355,1184,496,Closed
PO_100425,SUP_101,PROD_0092,29-08-2024,2024-09-04,2024-09-02,885,866,67,Delayed
PO_100426,SUP_172,PROD_0274,2024/07/01,2024-07-15,2024-07-17,1774,1547,141,Open
PO_100427,SUP_120,PROD_0050,2024/10/17,2024-10-26,2024-10-24,1764,1732,450,Open
PO_100428,SUP_158,PROD_0133,16-12-2024,2025-01-04,2025-01-08,574,533,154,Open
PO_100429,SUP_122,PROD_0058,03-04-2024,2024-04-18,2024-04-20,1028,962,289,Open
PO_100430,SUP_033,PROD_0261,2024/08/24,2024-09-03,2024-09-04,1672,1447,218,Open
PO_100431,SUP_078,PROD_0273,31-12-2024,2025-01-08,2025-01-10,1238,1170,372,Open
PO_100432,SUP_124,PROD_0197,2024/10/29,2024-11-16,2024-11-16,1371,1181,164,Open
PO_100433,SUP_178,PROD_0121,16-04-2024,2024-05-04,2024-05-07,1261,1115,443,Delayed
PO_100434,SUP_153,PROD_0238,08-12-2024,2024-12-15,2024-12-21,1813,1707,289,Delayed
PO_100435,SUP_028,PROD_0195,19-02-2024,2024-03-09,2024-03-08,730,661,247,Open
PO_100436,SUP_149,PROD_0001,26-11-2024,2024-12-02,2024-11-30,545,481,458,Delayed
PO_100437,SUP_115,PROD_0101,2024/03/17,2024-04-05,2024-04-10,696,617,239,Delayed
PO_100438,SUP_112,PROD_0177,11-06-2024,2024-06-25,2024-07-01,1726,1512,387,Delayed
PO_100439,SUP_141,PROD_0028,05-01-2024,2024-01-22,2024-01-21,1845,1568,190,Delayed
PO_100440,SUP_061,PROD_0222,2024/10/13,2024-10-29,2024-10-27,1863,1784,184,Delayed
PO_100441,SUP_170,PROD_0089,2024/06/11,2024-06-28,2024-07-01,881,869,262,Closed
PO_100442,SUP_172,PROD_0065,06-04-2024,2024-04-23,2024-04-25,1820,1615,253,Closed
PO_100443,SUP_112,PROD_0070,06-02-2024,2024-02-11,2024-02-10,1577,1361,493,Closed
PO_100444,SUP_109,PROD_0093,2024/11/24,2024-12-12,2024-12-16,1930,1872,443,Delayed
PO_100445,SUP_155,PROD_0004,05-08-2024,2024-08-24,2024-08-27,827,775,155,Open
PO_100446,SUP_009,PROD_0020,2024/05/01,2024-05-14,2024-05-17,1997,1987,319,Open
PO_100447,SUP_021,PROD_0073,2024/12/26,2025-01-11,2025-01-09,1288,1280,286,Delayed
PO_100448,SUP_157,PROD_0046,2024/09/26,2024-10-09,2024-10-13,1158,1046,80,Open
PO_100449,SUP_014,PROD_0176,18-11-2024,2024-11-25,2024-11-30,1734,1478,336,Open
PO_100450,SUP_076,PROD_0149,20-08-2024,2024-09-09,2024-09-15,1602,1403,209,Closed
PO_100451,SUP_149,PROD_0087,2024/12/21,2025-01-04,2025-01-10,633,611,71,Closed
PO_100452,SUP_033,PROD_0259,02-12-2024,2024-12-16,2024-12-22,155,133,186,Open
PO_100453,SUP_004,PROD_0058,2024/05/09,2024-05-18,2024-05-24,675,650,180,Closed
PO_100454,SUP_180,PROD_0121,29-10-2024,2024-11-07,2024-11-11,857,852,453,Closed
PO_100455,SUP_040,PROD_0254,2024/09/27,2024-10-03,2024-10-05,272,257,114,Open
PO_100456,SUP_089,PROD_0028,2024/05/01,2024-05-20,2024-05-19,531,484,335,Closed
PO_100457,SUP_192,PROD_0273,27-01-2024,2024-02-06,2024-02-10,916,837,283,Open
PO_100458,SUP_112,PROD_0007,2024/12/15,2025-01-01,2025-01-05,637,577,114,Open
PO_100459,SUP_137,PROD_0182,14-07-2024,2024-07-29,2024-08-03,1498,1489,61,Open
PO_100460,SUP_066,PROD_0300,2024/11/08,2024-11-21,2024-11-23,653,605,176,Open
PO_100461,SUP_174,PROD_0093,2024/12/11,2024-12-23,2024-12-29,1677,1505,139,Delayed
PO_100462,SUP_027,PROD_0229,06-01-2024,2024-01-11,2024-01-09,124,116,250,Closed
PO_100463,SUP_015,PROD_0112,2024/05/25,2024-06-07,2024-06-07,169,162,52,Delayed
PO_100464,SUP_169,PROD_0290,03-03-2024,2024-03-11,2024-03-09,1853,1669,349,Closed
PO_100465,SUP_020,PROD_0233,2024/12/22,2025-01-01,2025-01-02,703,632,279,Open
PO_100466,SUP_199,PROD_0032,20-12-2024,2025-01-04,2025-01-05,431,414,439,Open
PO_100467,SUP_018,PROD_0252,19-06-2024,2024-06-25,2024-06-26,1764,1601,175,Delayed
PO_100468,SUP_111,PROD_0112,2024/07/20,2024-07-30,2024-08-03,322,312,113,Delayed
PO_100469,SUP_147,PROD_0129,24-02-2024,2024-03-14,2024-03-15,311,292,57,Closed
PO_100470,SUP_039,PROD_0169,11-09-2024,2024-09-20,2024-09-17,177,162,380,Delayed
PO_100471,SUP_200,PROD_0036,2024/01/02,2024-01-22,2024-01-26,993,982,246,Closed
PO_100472,SUP_092,PROD_0171,2024/01/02,2024-01-19,2024-01-23,348,338,330,Open
PO_100473,SUP_088,PROD_0042,2024/07/24,2024-07-30,2024-07-28,848,837,313,Open
PO_100474,SUP_170,PROD_0098,2024/11/27,2024-12-08,2024-12-07,1235,1125,60,Delayed
PO_100475,SUP_113,PROD_0098,2024/07/18,2024-07-26,2024-07-28,1096,966,83,Closed
PO_100476,SUP_139,PROD_0158,08-04-2024,2024-04-13,2024-04-19,588,562,290,Delayed
PO_100477,SUP_185,PROD_0022,18-08-2024,2024-08-23,2024-08-20,794,725,68,Closed
PO_100478,SUP_019,PROD_0019,2024/04/18,2024-05-07,2024-05-12,405,391,419,Closed
PO_100479,SUP_180,PROD_0067,07-09-2024,2024-09-12,2024-09-16,1957,1670,356,Closed
PO_100480,SUP_157,PROD_0088,19-11-2024,2024-11-25,2024-11-26,1780,1545,446,Closed
PO_100481,SUP_052,PROD_0219,28-02-2024,2024-03-19,2024-03-25,1736,1647,355,Delayed
PO_100482,SUP_036,PROD_0165,2024/12/13,2024-12-30,2025-01-01,347,347,390,Closed
PO_100483,SUP_194,PROD_0213,24-01-2024,2024-02-03,2024-02-05,229,204,101,Delayed
PO_100484,SUP_026,PROD_0193,08-07-2024,2024-07-18,2024-07-22,598,528,337,Closed
PO_100485,SUP_181,PROD_0146,2024/09/06,2024-09-13,2024-09-10,114,109,131,Delayed
PO_100486,SUP_116,PROD_0211,31-08-2024,2024-09-09,2024-09-09,393,349,367,Closed
PO_100487,SUP_023,PROD_0155,08-11-2024,2024-11-14,2024-11-20,468,441,407,Open
PO_100488,SUP_159,PROD_0186,2024/01/03,2024-01-15,2024-01-15,340,337,311,Delayed
PO_100489,SUP_071,PROD_0028,2024/09/16,2024-09-28,2024-10-02,1677,1474,360,Closed
PO_100490,SUP_012,PROD_0028,2024/03/17,2024-04-06,2024-04-10,461,437,121,Open
PO_100491,SUP_195,PROD_0233,2024/04/17,2024-05-05,2024-05-06,784,671,355,Closed
PO_100492,SUP_030,PROD_0037,27-01-2024,2024-02-06,2024-02-05,1708,1571,54,Delayed
PO_100493,SUP_084,PROD_0118,2024/08/15,2024-08-30,2024-09-02,507,444,422,Open
PO_100494,SUP_097,PROD_0113,2024/04/26,2024-05-04,2024-05-04,1610,1386,251,Open
PO_100495,SUP_157,PROD_0233,26-10-2024,2024-11-15,2024-11-12,1923,1725,263,Open
PO_100496,SUP_070,PROD_0104,2024/07/10,2024-07-19,2024-07-23,1574,1422,139,Closed
PO_100497,SUP_118,PROD_0215,2024/01/17,2024-01-23,2024-01-24,379,332,96,Open
PO_100498,SUP_157,PROD_0088,2024/04/22,2024-05-06,2024-05-12,421,386,444,Closed
PO_100499,SUP_072,PROD_0008,2024/07/29,2024-08-18,2024-08-18,1311,1300,282,Open
PO_100500,SUP_152,PROD_0077,06-05-2024,2024-05-18,2024-05-20,989,986,336,Closed
PO_100501,SUP_009,PROD_0218,2024/08/01,2024-08-07,2024-08-04,1063,1038,415,Open
PO_100502,SUP_193,PROD_0007,02-09-2024,2024-09-10,2024-09-14,1114,1050,163,Closed
PO_100503,SUP_005,PROD_0246,2024/03/08,2024-03-24,2024-03-25,589,585,371,Open
PO_100504,SUP_117,PROD_0238,23-03-2024,2024-04-11,2024-04-17,1630,1582,338,Closed
PO_100505,SUP_119,PROD_0001,26-12-2024,2025-01-12,2025-01-11,1717,1495,486,Open
PO_100506,SUP_070,PROD_0278,19-12-2024,2025-01-03,2025-01-08,166,159,191,Closed
PO_100507,SUP_015,PROD_0264,2024/12/16,2024-12-23,2024-12-29,1903,1803,211,Closed
PO_100508,SUP_094,PROD_0090,26-02-2024,2024-03-14,2024-03-16,1053,1038,356,Delayed
PO_100509,SUP_167,PROD_0245,2024/02/04,2024-02-15,2024-02-14,785,761,162,Delayed
PO_100510,SUP_129,PROD_0217,2024/12/25,2025-01-05,2025-01-05,756,677,220,Closed
PO_100511,SUP_032,PROD_0241,2024/02/02,2024-02-18,2024-02-20,1026,1008,288,Delayed
PO_100512,SUP_178,PROD_0034,2024/09/29,2024-10-13,2024-10-17,1371,1213,228,Open
PO_100513,SUP_020,PROD_0056,14-02-2024,2024-02-21,2024-02-24,1938,1731,131,Open
PO_100514,SUP_161,PROD_0012,27-02-2024,2024-03-07,2024-03-11,408,364,487,Open
PO_100515,SUP_166,PROD_0011,15-12-2024,2024-12-24,2024-12-28,810,725,255,Closed
PO_100516,SUP_106,PROD_0297,2024/02/02,2024-02-07,2024-02-07,1809,1712,306,Delayed
PO_100517,SUP_141,PROD_0228,2024/11/26,2024-12-11,2024-12-15,1315,1234,380,Open
PO_100518,SUP_124,PROD_0191,17-10-2024,2024-10-26,2024-10-27,451,419,444,Closed
PO_100519,SUP_042,PROD_0275,2024/03/16,2024-04-01,2024-04-02,1033,951,125,Closed
PO_100520,SUP_082,PROD_0295,30-03-2024,2024-04-08,2024-04-07,587,514,99,Open
PO_100521,SUP_171,PROD_0163,2024/05/13,2024-05-29,2024-05-28,520,486,327,Closed
PO_100522,SUP_007,PROD_0208,09-07-2024,2024-07-28,2024-08-02,432,430,313,Closed
PO_100523,SUP_130,PROD_0170,2024/08/22,2024-09-06,2024-09-05,108,100,418,Open
PO_100524,SUP_029,PROD_0246,28-05-2024,2024-06-06,2024-06-12,1592,1583,266,Closed
PO_100525,SUP_057,PROD_0229,2024/03/12,2024-03-20,2024-03-21,150,138,245,Closed
PO_100526,SUP_057,PROD_0143,2024/06/16,2024-06-22,2024-06-28,1413,1251,139,Closed
PO_100527,SUP_082,PROD_0262,12-02-2024,2024-03-02,2024-02-29,1148,989,241,Delayed
PO_100528,SUP_099,PROD_0191,03-07-2024,2024-07-20,2024-07-19,1566,1334,477,Open
PO_100529,SUP_056,PROD_0228,2024/06/25,2024-07-11,2024-07-12,1012,966,487,Open
PO_100530,SUP_151,PROD_0045,27-05-2024,2024-06-06,2024-06-09,1592,1389,498,Closed
PO_100531,SUP_152,PROD_0193,2024/06/04,2024-06-24,2024-06-29,786,679,73,Closed
PO_100532,SUP_146,PROD_0071,28-07-2024,2024-08-10,2024-08-13,458,414,324,Closed
PO_100533,SUP_078,PROD_0300,2024/07/14,2024-07-28,2024-08-02,1104,1015,61,Open
PO_100534,SUP_068,PROD_0154,13-10-2024,2024-11-01,2024-11-01,154,150,445,Delayed
PO_100535,SUP_177,PROD_0126,29-08-2024,2024-09-06,2024-09-07,954,817,131,Closed
PO_100536,SUP_124,PROD_0290,21-05-2024,2024-06-10,2024-06-08,1326,1238,421,Open
PO_100537,SUP_005,PROD_0133,2024/11/17,2024-12-07,2024-12-05,864,775,302,Delayed
PO_100538,SUP_092,PROD_0084,2024/01/30,2024-02-08,2024-02-10,1044,900,489,Open
PO_100539,SUP_164,PROD_0040,03-07-2024,2024-07-21,2024-07-23,199,185,188,Closed
PO_100540,SUP_083,PROD_0162,17-11-2024,2024-11-27,2024-11-25,1326,1302,425,Open
PO_100541,SUP_037,PROD_0007,18-05-2024,2024-06-03,2024-06-01,1194,1049,336,Delayed
PO_100542,SUP_042,PROD_0053,2024/05/24,2024-06-09,2024-06-13,943,856,214,Closed
PO_100543,SUP_177,PROD_0270,2024/09/14,2024-09-26,2024-09-26,1728,1526,499,Open
PO_100544,SUP_123,PROD_0179,2024/08/23,2024-08-30,2024-08-28,1776,1668,107,Delayed
PO_100545,SUP_088,PROD_0089,2024/07/04,2024-07-13,2024-07-17,1922,1788,345,Closed
PO_100546,SUP_059,PROD_0158,01-03-2024,2024-03-13,2024-03-12,1854,1639,395,Closed
PO_100547,SUP_020,PROD_0010,2024/03/07,2024-03-14,2024-03-17,1514,1484,430,Open
PO_100548,SUP_132,PROD_0031,2024/08/08,2024-08-14,2024-08-14,320,302,56,Closed
PO_100549,SUP_025,PROD_0064,09-05-2024,2024-05-15,2024-05-13,717,686,381,Closed
PO_100550,SUP_038,PROD_0143,27-10-2024,2024-11-07,2024-11-06,1473,1400,219,Open
PO_100551,SUP_130,PROD_0292,2024/06/29,2024-07-09,2024-07-14,1699,1478,413,Closed
PO_100552,SUP_073,PROD_0088,23-10-2024,2024-10-28,2024-11-02,544,530,406,Closed
PO_100553,SUP_179,PROD_0095,20-02-2024,2024-03-02,2024-03-07,1843,1791,402,Delayed
PO_100554,SUP_059,PROD_0209,24-02-2024,2024-03-05,2024-03-07,877,773,257,Open
PO_100555,SUP_093,PROD_0148,04-03-2024,2024-03-23,2024-03-21,1164,1131,109,Delayed
PO_100556,SUP_117,PROD_0160,21-01-2024,2024-01-28,2024-01-30,1111,1057,99,Closed
PO_100557,SUP_018,PROD_0244,10-10-2024,2024-10-28,2024-10-29,1851,1761,259,Closed
PO_100558,SUP_174,PROD_0044,2024/01/07,2024-01-27,2024-01-25,911,804,264,Closed
PO_100559,SUP_044,PROD_0034,2024/07/21,2024-08-07,2024-08-13,308,284,419,Closed
PO_100560,SUP_109,PROD_0256,22-06-2024,2024-07-03,2024-07-09,1828,1695,246,Delayed
PO_100561,SUP_104,PROD_0249,2024/10/24,2024-11-06,2024-11-09,829,769,283,Open
PO_100562,SUP_060,PROD_0069,16-03-2024,2024-04-04,2024-04-02,350,298,168,Closed
PO_100563,SUP_098,PROD_0168,2024/01/28,2024-02-04,2024-02-08,1488,1303,53,Open
PO_100564,SUP_127,PROD_0239,2024/11/14,2024-11-22,2024-11-20,1453,1286,424,Open
PO_100565,SUP_139,PROD_0280,2024/12/04,2024-12-24,2024-12-28,1133,967,173,Closed
PO_100566,SUP_114,PROD_0236,2024/08/08,2024-08-16,2024-08-19,1021,876,201,Closed
PO_100567,SUP_184,PROD_0200,31-03-2024,2024-04-14,2024-04-13,1106,1064,260,Closed
PO_100568,SUP_122,PROD_0288,2024/10/18,2024-11-07,2024-11-12,1503,1495,316,Closed
PO_100569,SUP_097,PROD_0181,2024/09/16,2024-09-22,2024-09-25,639,579,293,Open
PO_100570,SUP_090,PROD_0299,2024/02/01,2024-02-06,2024-02-12,192,163,105,Delayed
PO_100571,SUP_106,PROD_0180,2024/06/23,2024-07-10,2024-07-08,976,843,216,Delayed
PO_100572,SUP_177,PROD_0034,2024/05/05,2024-05-17,2024-05-17,1427,1290,199,Closed
PO_100573,SUP_169,PROD_0217,21-06-2024,2024-07-01,2024-06-28,1202,1166,206,Delayed
PO_100574,SUP_082,PROD_0194,2024/08/03,2024-08-16,2024-08-13,1525,1442,280,Open
PO_100575,SUP_087,PROD_0255,2024/06/14,2024-06-22,2024-06-26,304,290,393,Delayed
PO_100576,SUP_052,PROD_0255,2024/06/22,2024-07-02,2024-07-08,713,687,226,Closed
PO_100577,SUP_147,PROD_0206,01-10-2024,2024-10-12,2024-10-13,643,574,64,Delayed
PO_100578,SUP_136,PROD_0244,17-02-2024,2024-02-25,2024-03-02,789,724,179,Closed
PO_100579,SUP_170,PROD_0277,26-06-2024,2024-07-03,2024-07-04,1133,1043,451,Closed
PO_100580,SUP_196,PROD_0281,31-07-2024,2024-08-17,2024-08-18,1379,1218,303,Closed
PO_100581,SUP_191,PROD_0240,2024/11/17,2024-11-27,2024-12-03,1122,1021,149,Delayed
PO_100582,SUP_052,PROD_0187,29-09-2024,2024-10-17,2024-10-23,1588,1467,360,Closed
PO_100583,SUP_017,PROD_0105,03-05-2024,2024-05-12,2024-05-13,1828,1764,262,Open
PO_100584,SUP_062,PROD_0059,26-05-2024,2024-06-05,2024-06-06,1506,1318,347,Closed
PO_100585,SUP_112,PROD_0217,2024/01/15,2024-01-27,2024-01-28,1050,901,288,Closed
PO_100586,SUP_072,PROD_0282,2024/03/22,2024-04-04,2024-04-03,159,140,172,Delayed
PO_100587,SUP_081,PROD_0153,2024/01/22,2024-02-11,2024-02-08,213,185,480,Open
PO_100588,SUP_061,PROD_0058,2024/07/05,2024-07-12,2024-07-15,1819,1802,410,Closed
PO_100589,SUP_032,PROD_0161,24-09-2024,2024-10-07,2024-10-11,1911,1792,86,Delayed
PO_100590,SUP_055,PROD_0141,18-07-2024,2024-07-30,2024-08-02,546,520,113,Open
PO_100591,SUP_029,PROD_0163,2024/05/10,2024-05-16,2024-05-20,1192,1152,231,Open
PO_100592,SUP_093,PROD_0244,2024/08/31,2024-09-12,2024-09-13,1901,1803,441,Open
PO_100593,SUP_065,PROD_0283,2024/01/11,2024-01-17,2024-01-14,1514,1384,443,Open
PO_100594,SUP_114,PROD_0199,23-11-2024,2024-12-09,2024-12-07,1195,1017,483,Open
PO_100595,SUP_054,PROD_0083,10-05-2024,2024-05-24,2024-05-22,1784,1740,427,Delayed
PO_100596,SUP_200,PROD_0252,11-06-2024,2024-06-29,2024-06-26,661,621,483,Delayed
PO_100597,SUP_042,PROD_0134,30-07-2024,2024-08-14,2024-08-17,1895,1869,459,Closed
PO_100598,SUP_084,PROD_0233,2024/06/29,2024-07-17,2024-07-23,1593,1531,456,Closed
PO_100599,SUP_103,PROD_0103,27-01-2024,2024-02-06,2024-02-10,1720,1618,368,Open
PO_100600,SUP_197,PROD_0067,2024/10/21,2024-10-28,2024-10-26,423,411,167,Open
PO_100601,SUP_084,PROD_0145,2024/08/19,2024-09-08,2024-09-07,633,563,128,Closed
PO_100602,SUP_147,PROD_0115,31-07-2024,2024-08-16,2024-08-15,905,774,488,Closed
PO_100603,SUP_044,PROD_0026,12-10-2024,2024-10-24,2024-10-22,1047,991,141,Delayed
PO_100604,SUP_146,PROD_0061,07-08-2024,2024-08-20,2024-08-19,282,239,228,Delayed
PO_100605,SUP_058,PROD_0105,26-09-2024,2024-10-14,2024-10-18,1794,1621,384,Open
PO_100606,SUP_154,PROD_0111,2024/05/27,2024-06-16,2024-06-19,366,363,260,Open
PO_100607,SUP_008,PROD_0149,2024/12/12,2024-12-23,2024-12-26,469,431,249,Closed
PO_100608,SUP_118,PROD_0044,2024/11/12,2024-12-01,2024-12-01,857,730,338,Open
PO_100609,SUP_182,PROD_0217,2024/03/09,2024-03-24,2024-03-27,1506,1468,148,Delayed
PO_100610,SUP_061,PROD_0242,11-05-2024,2024-05-18,2024-05-16,1240,1144,70,Delayed
PO_100611,SUP_078,PROD_0203,2024/12/09,2024-12-15,2024-12-12,619,611,298,Open
PO_100612,SUP_127,PROD_0174,08-03-2024,2024-03-14,2024-03-20,467,455,173,Closed
PO_100613,SUP_081,PROD_0023,15-02-2024,2024-03-01,2024-03-06,986,870,112,Open
PO_100614,SUP_195,PROD_0136,23-05-2024,2024-06-08,2024-06-11,679,643,488,Open
PO_100615,SUP_039,PROD_0285,2024/08/11,2024-08-21,2024-08-23,1609,1585,291,Delayed
PO_100616,SUP_047,PROD_0019,21-11-2024,2024-12-10,2024-12-07,486,473,116,Open
PO_100617,SUP_011,PROD_0227,2024/03/24,2024-04-12,2024-04-15,337,308,498,Delayed
PO_100618,SUP_038,PROD_0064,2024/10/14,2024-11-03,2024-11-07,1109,1031,97,Closed
PO_100619,SUP_070,PROD_0289,2024/04/14,2024-04-28,2024-04-27,1809,1645,126,Delayed
PO_100620,SUP_128,PROD_0049,03-01-2024,2024-01-13,2024-01-16,1985,1855,79,Closed
PO_100621,SUP_028,PROD_0166,2024/05/25,2024-06-02,2024-06-05,865,774,342,Closed
PO_100622,SUP_153,PROD_0003,2024/02/11,2024-03-01,2024-03-05,1029,958,361,Closed
PO_100623,SUP_146,PROD_0067,2024/12/01,2024-12-20,2024-12-22,1598,1412,415,Closed
PO_100624,SUP_141,PROD_0196,2024/11/25,2024-12-09,2024-12-11,1734,1520,68,Open
PO_100625,SUP_006,PROD_0107,10-05-2024,2024-05-20,2024-05-20,1678,1467,483,Open
PO_100626,SUP_111,PROD_0159,25-07-2024,2024-08-08,2024-08-07,346,337,192,Delayed
PO_100627,SUP_126,PROD_0229,2024/03/08,2024-03-24,2024-03-22,1804,1731,228,Open
PO_100628,SUP_158,PROD_0096,2024/05/17,2024-06-04,2024-06-02,1649,1512,256,Delayed
PO_100629,SUP_174,PROD_0115,2024/08/06,2024-08-13,2024-08-10,1151,1143,214,Delayed
PO_100630,SUP_022,PROD_0149,2024/12/31,2025-01-09,2025-01-13,1179,1121,362,Open
PO_100631,SUP_077,PROD_0128,2024/02/10,2024-03-01,2024-03-02,404,376,105,Open
PO_100632,SUP_131,PROD_0218,2024/05/31,2024-06-06,2024-06-11,256,243,63,Closed
PO_100633,SUP_129,PROD_0009,25-08-2024,2024-09-07,2024-09-09,621,541,339,Delayed
PO_100634,SUP_012,PROD_0043,2024/12/04,2024-12-23,2024-12-22,1710,1666,133,Delayed
PO_100635,SUP_116,PROD_0136,2024/06/01,2024-06-16,2024-06-22,1582,1431,272,Closed
PO_100636,SUP_173,PROD_0055,18-04-2024,2024-04-28,2024-04-26,1629,1495,349,Delayed
PO_100637,SUP_123,PROD_0236,10-01-2024,2024-01-15,2024-01-18,338,331,46,Open
PO_100638,SUP_093,PROD_0203,2024/12/02,2024-12-22,2024-12-23,1366,1366,456,Open
PO_100639,SUP_005,PROD_0097,14-02-2024,2024-02-23,2024-02-22,128,108,137,Closed
PO_100640,SUP_138,PROD_0098,2024/09/03,2024-09-12,2024-09-12,992,865,471,Open
PO_100641,SUP_040,PROD_0228,25-08-2024,2024-09-03,2024-09-07,964,943,51,Open
PO_100642,SUP_101,PROD_0027,11-01-2024,2024-01-30,2024-02-05,596,548,143,Closed
PO_100643,SUP_153,PROD_0284,2024/02/22,2024-03-11,2024-03-14,1837,1709,293,Closed
PO_100644,SUP_174,PROD_0250,2024/09/06,2024-09-23,2024-09-27,1151,1037,342,Delayed
PO_100645,SUP_069,PROD_0214,2024/02/01,2024-02-06,2024-02-09,1280,1209,201,Closed
PO_100646,SUP_074,PROD_0099,10-09-2024,2024-09-26,2024-09-30,1528,1418,263,Open
PO_100647,SUP_087,PROD_0240,2024/08/12,2024-08-24,2024-08-29,549,482,340,Open
PO_100648,SUP_093,PROD_0242,2024/12/30,2025-01-16,2025-01-19,1806,1617,384,Delayed
PO_100649,SUP_052,PROD_0081,16-04-2024,2024-04-30,2024-04-28,1466,1401,287,Open
PO_100650,SUP_013,PROD_0010,21-02-2024,2024-03-10,2024-03-14,721,657,160,Open
PO_100651,SUP_009,PROD_0033,2024/07/01,2024-07-11,2024-07-10,1795,1697,480,Open
PO_100652,SUP_088,PROD_0182,28-02-2024,2024-03-11,2024-03-09,1250,1073,154,Delayed
PO_100653,SUP_013,PROD_0225,16-05-2024,2024-05-25,2024-05-30,1337,1253,382,Closed
PO_100654,SUP_162,PROD_0061,24-02-2024,2024-03-03,2024-03-08,185,184,299,Closed
PO_100655,SUP_128,PROD_0051,2024/07/04,2024-07-14,2024-07-15,1550,1356,266,Delayed
PO_100656,SUP_107,PROD_0004,05-07-2024,2024-07-20,2024-07-19,351,313,474,Open
PO_100657,SUP_184,PROD_0213,23-06-2024,2024-07-07,2024-07-12,450,428,83,Delayed
PO_100658,SUP_059,PROD_0071,2024/12/06,2024-12-18,2024-12-17,1642,1600,425,Open
PO_100659,SUP_093,PROD_0016,2024/07/30,2024-08-17,2024-08-21,1845,1794,304,Closed
PO_100660,SUP_198,PROD_0085,06-01-2024,2024-01-13,2024-01-11,792,728,201,Closed
PO_100661,SUP_162,PROD_0267,20-07-2024,2024-07-26,2024-07-25,1948,1806,334,Open
PO_100662,SUP_072,PROD_0271,24-07-2024,2024-08-07,2024-08-09,1962,1742,216,Delayed
PO_100663,SUP_159,PROD_0227,2024/07/25,2024-08-13,2024-08-13,1917,1805,318,Delayed
PO_100664,SUP_100,PROD_0065,2024/07/26,2024-08-06,2024-08-07,272,264,58,Delayed
PO_100665,SUP_088,PROD_0082,25-05-2024,2024-06-05,2024-06-03,1147,979,322,Closed
PO_100666,SUP_109,PROD_0259,03-10-2024,2024-10-16,2024-10-16,1804,1589,436,Delayed
PO_100667,SUP_013,PROD_0064,31-01-2024,2024-02-16,2024-02-17,1384,1290,299,Open
PO_100668,SUP_149,PROD_0290,2024/10/20,2024-10-25,2024-10-29,794,765,160,Delayed
PO_100669,SUP_184,PROD_0294,2024/12/06,2024-12-18,2024-12-20,712,691,185,Closed
PO_100670,SUP_133,PROD_0299,31-12-2024,2025-01-17,2025-01-22,1610,1417,166,Open
PO_100671,SUP_021,PROD_0048,2024/08/20,2024-08-28,2024-08-27,1557,1338,257,Open
PO_100672,SUP_135,PROD_0207,07-03-2024,2024-03-27,2024-03-27,1013,1011,79,Delayed
PO_100673,SUP_113,PROD_0251,2024/09/22,2024-10-09,2024-10-10,1296,1288,295,Open
PO_100674,SUP_034,PROD_0263,2024/03/24,2024-04-02,2024-04-07,360,339,288,Closed
PO_100675,SUP_144,PROD_0190,2024/12/21,2025-01-01,2025-01-05,1069,938,56,Delayed
PO_100676,SUP_134,PROD_0079,28-07-2024,2024-08-05,2024-08-03,856,757,332,Open
PO_100677,SUP_037,PROD_0073,05-06-2024,2024-06-21,2024-06-22,702,696,288,Delayed
PO_100678,SUP_190,PROD_0251,03-08-2024,2024-08-09,2024-08-10,1920,1633,185,Closed
PO_100679,SUP_147,PROD_0159,07-10-2024,2024-10-23,2024-10-21,1882,1830,62,Open
PO_100680,SUP_163,PROD_0236,12-07-2024,2024-08-01,2024-08-07,371,363,430,Open
PO_100681,SUP_160,PROD_0210,07-12-2024,2024-12-26,2024-12-25,1874,1790,412,Closed
PO_100682,SUP_189,PROD_0143,2024/07/21,2024-08-05,2024-08-10,193,184,383,Closed
PO_100683,SUP_080,PROD_0288,2024/03/25,2024-03-30,2024-04-05,1390,1346,447,Closed
PO_100684,SUP_014,PROD_0292,2024/11/25,2024-12-02,2024-12-02,1367,1294,317,Closed
PO_100685,SUP_005,PROD_0141,31-08-2024,2024-09-05,2024-09-03,1448,1431,312,Closed
PO_100686,SUP_103,PROD_0024,2024/05/05,2024-05-24,2024-05-22,1752,1740,313,Closed
PO_100687,SUP_082,PROD_0196,2024/06/23,2024-07-11,2024-07-10,949,871,52,Closed
PO_100688,SUP_066,PROD_0046,28-02-2024,2024-03-07,2024-03-12,444,396,186,Open
PO_100689,SUP_183,PROD_0030,27-07-2024,2024-08-06,2024-08-03,1358,1230,206,Open
PO_100690,SUP_097,PROD_0062,20-02-2024,2024-03-06,2024-03-05,945,816,497,Closed
PO_100691,SUP_030,PROD_0138,2024/05/02,2024-05-14,2024-05-18,1141,984,425,Open
PO_100692,SUP_060,PROD_0010,25-08-2024,2024-09-12,2024-09-10,1091,995,54,Delayed
PO_100693,SUP_033,PROD_0156,2024/10/27,2024-11-04,2024-11-04,1662,1557,324,Open
PO_100694,SUP_096,PROD_0277,2024/08/16,2024-08-23,2024-08-28,516,459,440,Closed
PO_100695,SUP_119,PROD_0149,02-10-2024,2024-10-20,2024-10-25,1025,913,61,Closed
PO_100696,SUP_098,PROD_0180,2024/01/31,2024-02-20,2024-02-21,1324,1286,168,Closed
PO_100697,SUP_018,PROD_0154,2024/10/26,2024-11-09,2024-11-06,430,376,418,Open
PO_100698,SUP_111,PROD_0108,2024/12/23,2024-12-31,2024-12-30,1584,1502,324,Delayed
PO_100699,SUP_063,PROD_0165,11-06-2024,2024-06-26,2024-06-27,1641,1481,402,Closed
PO_100700,SUP_001,PROD_0244,23-08-2024,2024-09-07,2024-09-04,1971,1677,394,Closed
PO_100701,SUP_126,PROD_0202,2024/12/10,2024-12-20,2024-12-23,1238,1189,498,Closed
PO_100702,SUP_172,PROD_0228,2024/11/28,2024-12-05,2024-12-10,163,159,496,Closed
PO_100703,SUP_197,PROD_0005,29-06-2024,2024-07-16,2024-07-22,833,723,238,Open
PO_100704,SUP_195,PROD_0144,2024/07/08,2024-07-19,2024-07-23,119,112,153,Closed
PO_100705,SUP_010,PROD_0144,2024/02/16,2024-03-01,2024-03-01,579,555,292,Delayed
PO_100706,SUP_029,PROD_0143,2024/12/27,2025-01-07,2025-01-04,501,497,460,Delayed
PO_100707,SUP_173,PROD_0290,2024/09/09,2024-09-19,2024-09-24,496,443,377,Closed
PO_100708,SUP_059,PROD_0268,2024/10/28,2024-11-06,2024-11-04,360,352,172,Open
PO_100709,SUP_117,PROD_0002,2024/04/08,2024-04-13,2024-04-18,1358,1263,169,Delayed
PO_100710,SUP_071,PROD_0063,2024/12/10,2024-12-16,2024-12-18,985,969,472,Open
PO_100711,SUP_058,PROD_0025,2024/09/10,2024-09-26,2024-10-01,1654,1476,62,Open
PO_100712,SUP_021,PROD_0293,29-09-2024,2024-10-18,2024-10-20,110,93,240,Delayed
PO_100713,SUP_085,PROD_0160,25-04-2024,2024-05-13,2024-05-11,1978,1713,167,Delayed
PO_100714,SUP_152,PROD_0172,2024/11/16,2024-11-24,2024-11-21,1082,983,261,Closed
PO_100715,SUP_086,PROD_0267,25-02-2024,2024-03-16,2024-03-16,797,778,466,Closed
PO_100716,SUP_022,PROD_0032,2024/02/07,2024-02-26,2024-02-24,1380,1181,268,Open
PO_100717,SUP_078,PROD_0222,09-06-2024,2024-06-16,2024-06-15,226,196,450,Closed
PO_100718,SUP_103,PROD_0050,2024/12/12,2024-12-18,2024-12-23,206,201,190,Closed
PO_100719,SUP_159,PROD_0052,2024/11/02,2024-11-07,2024-11-11,886,839,277,Delayed
PO_100720,SUP_028,PROD_0053,2024/12/11,2024-12-16,2024-12-20,1159,988,208,Delayed
PO_100721,SUP_147,PROD_0065,31-12-2024,2025-01-07,2025-01-13,1716,1589,470,Open
PO_100722,SUP_012,PROD_0031,03-08-2024,2024-08-23,2024-08-29,1010,890,135,Open
PO_100723,SUP_150,PROD_0278,26-10-2024,2024-11-13,2024-11-18,1434,1416,426,Closed
PO_100724,SUP_003,PROD_0266,16-03-2024,2024-04-05,2024-04-06,1335,1284,215,Delayed
PO_100725,SUP_144,PROD_0028,2024/12/13,2024-12-22,2024-12-19,586,552,299,Open
PO_100726,SUP_171,PROD_0244,10-04-2024,2024-04-21,2024-04-21,1708,1690,75,Delayed
PO_100727,SUP_108,PROD_0169,2024/12/20,2025-01-04,2025-01-10,1259,1111,211,Closed
PO_100728,SUP_178,PROD_0118,2024/08/20,2024-08-26,2024-08-30,549,525,41,Delayed
PO_100729,SUP_085,PROD_0193,2024/04/19,2024-05-01,2024-05-05,1604,1415,433,Open
PO_100730,SUP_143,PROD_0059,04-04-2024,2024-04-09,2024-04-11,120,106,77,Open
PO_100731,SUP_008,PROD_0102,13-08-2024,2024-08-24,2024-08-30,1969,1774,431,Open
PO_100732,SUP_142,PROD_0126,30-03-2024,2024-04-11,2024-04-12,1572,1381,129,Closed
PO_100733,SUP_174,PROD_0071,12-01-2024,2024-01-22,2024-01-23,1965,1864,91,Delayed
PO_100734,SUP_096,PROD_0088,26-02-2024,2024-03-12,2024-03-12,724,682,273,Delayed
PO_100735,SUP_049,PROD_0099,2024/08/10,2024-08-17,2024-08-15,395,369,491,Open
PO_100736,SUP_063,PROD_0024,2024/12/21,2025-01-06,2025-01-08,1327,1322,259,Delayed
PO_100737,SUP_064,PROD_0028,27-10-2024,2024-11-07,2024-11-12,702,676,444,Open
PO_100738,SUP_170,PROD_0034,2024/03/05,2024-03-25,2024-03-25,1589,1392,81,Delayed
PO_100739,SUP_183,PROD_0192,17-07-2024,2024-08-02,2024-08-06,1162,1121,277,Delayed
PO_100740,SUP_150,PROD_0019,04-09-2024,2024-09-24,2024-09-28,649,577,337,Closed
PO_100741,SUP_097,PROD_0293,13-04-2024,2024-05-02,2024-05-02,910,813,151,Open
PO_100742,SUP_133,PROD_0181,10-05-2024,2024-05-17,2024-05-16,1639,1451,83,Delayed
PO_100743,SUP_120,PROD_0222,22-01-2024,2024-02-10,2024-02-15,1372,1270,212,Open
PO_100744,SUP_060,PROD_0136,11-09-2024,2024-09-26,2024-09-27,883,769,52,Open
PO_100745,SUP_071,PROD_0117,2024/02/12,2024-02-26,2024-03-02,1150,1002,319,Closed
PO_100746,SUP_173,PROD_0169,06-02-2024,2024-02-22,2024-02-19,1218,1099,142,Open
PO_100747,SUP_193,PROD_0279,2024/12/15,2024-12-28,2024-12-28,1545,1379,349,Closed
PO_100748,SUP_149,PROD_0007,2024/06/02,2024-06-16,2024-06-18,1703,1688,246,Delayed
PO_100749,SUP_054,PROD_0243,2024/09/19,2024-09-28,2024-10-01,566,510,156,Delayed
PO_100750,SUP_049,PROD_0220,27-10-2024,2024-11-15,2024-11-19,797,775,445,Delayed
PO_100751,SUP_096,PROD_0072,2024/08/01,2024-08-12,2024-08-16,1021,1014,476,Closed
PO_100752,SUP_087,PROD_0116,2024/06/05,2024-06-10,2024-06-14,1759,1709,377,Open
PO_100753,SUP_146,PROD_0017,2024/12/17,2025-01-03,2025-01-08,713,623,206,Closed
PO_100754,SUP_099,PROD_0097,18-06-2024,2024-07-05,2024-07-08,518,500,240,Closed
PO_100755,SUP_142,PROD_0091,17-06-2024,2024-07-06,2024-07-07,290,248,127,Delayed
PO_100756,SUP_099,PROD_0146,04-11-2024,2024-11-24,2024-11-21,482,435,141,Closed
PO_100757,SUP_044,PROD_0168,2024/05/29,2024-06-05,2024-06-09,217,210,228,Open
PO_100758,SUP_018,PROD_0200,21-03-2024,2024-03-29,2024-03-28,1198,1070,254,Closed
PO_100759,SUP_041,PROD_0295,2024/04/15,2024-04-29,2024-05-02,1775,1666,403,Delayed
PO_100760,SUP_115,PROD_0033,2024/04/13,2024-05-02,2024-05-03,513,487,43,Delayed
PO_100761,SUP_148,PROD_0021,06-05-2024,2024-05-21,2024-05-27,1900,1661,291,Open
PO_100762,SUP_077,PROD_0201,2024/11/26,2024-12-15,2024-12-17,1534,1459,471,Closed
PO_100763,SUP_118,PROD_0197,2024/07/31,2024-08-12,2024-08-11,1943,1744,356,Delayed
PO_100764,SUP_041,PROD_0141,18-10-2024,2024-10-26,2024-10-29,1530,1525,62,Delayed
PO_100765,SUP_056,PROD_0253,2024/10/02,2024-10-16,2024-10-14,1529,1404,411,Delayed
PO_100766,SUP_200,PROD_0167,2024/03/03,2024-03-19,2024-03-17,1647,1503,93,Open
PO_100767,SUP_019,PROD_0237,25-03-2024,2024-04-07,2024-04-07,1136,1062,62,Open
PO_100768,SUP_182,PROD_0070,23-07-2024,2024-08-03,2024-08-06,177,160,45,Delayed
PO_100769,SUP_063,PROD_0225,2024/08/25,2024-09-14,2024-09-18,239,211,82,Open
PO_100770,SUP_046,PROD_0151,2024/05/22,2024-06-01,2024-05-31,1817,1607,49,Delayed
PO_100771,SUP_070,PROD_0079,19-07-2024,2024-07-29,2024-07-27,1475,1365,430,Open
PO_100772,SUP_114,PROD_0025,2024/04/01,2024-04-12,2024-04-09,1928,1905,385,Delayed
PO_100773,SUP_154,PROD_0003,05-12-2024,2024-12-13,2024-12-16,1513,1298,197,Open
PO_100774,SUP_005,PROD_0216,13-04-2024,2024-04-25,2024-04-27,1961,1680,162,Closed
PO_100775,SUP_171,PROD_0086,21-06-2024,2024-07-02,2024-06-30,551,489,491,Closed
PO_100776,SUP_160,PROD_0107,2024/07/31,2024-08-08,2024-08-10,760,715,327,Open
PO_100777,SUP_045,PROD_0008,07-08-2024,2024-08-15,2024-08-15,537,507,94,Delayed
PO_100778,SUP_169,PROD_0143,10-06-2024,2024-06-15,2024-06-18,535,533,274,Open
PO_100779,SUP_128,PROD_0053,2024/01/23,2024-01-30,2024-01-30,941,936,194,Delayed
PO_100780,SUP_179,PROD_0199,2024/03/28,2024-04-10,2024-04-08,1328,1301,206,Delayed
PO_100781,SUP_082,PROD_0247,2024/03/09,2024-03-24,2024-03-23,1401,1207,429,Open
PO_100782,SUP_129,PROD_0007,2024/01/10,2024-01-29,2024-02-01,1146,1033,367,Closed
PO_100783,SUP_063,PROD_0041,11-11-2024,2024-11-19,2024-11-20,584,503,417,Closed
PO_100784,SUP_165,PROD_0020,10-07-2024,2024-07-30,2024-07-31,513,466,117,Delayed
PO_100785,SUP_195,PROD_0021,02-11-2024,2024-11-21,2024-11-23,374,350,182,Open
PO_100786,SUP_088,PROD_0125,2024/11/27,2024-12-11,2024-12-08,569,509,473,Delayed
PO_100787,SUP_083,PROD_0094,28-01-2024,2024-02-09,2024-02-09,1345,1256,486,Delayed
PO_100788,SUP_037,PROD_0105,04-01-2024,2024-01-11,2024-01-15,243,214,138,Closed
PO_100789,SUP_120,PROD_0160,29-03-2024,2024-04-09,2024-04-09,1139,1010,80,Delayed
PO_100790,SUP_074,PROD_0296,11-04-2024,2024-04-23,2024-04-26,461,448,350,Delayed
PO_100791,SUP_043,PROD_0242,13-04-2024,2024-04-26,2024-04-30,263,251,224,Open
PO_100792,SUP_196,PROD_0196,15-09-2024,2024-10-03,2024-10-02,1778,1729,446,Closed
PO_100793,SUP_119,PROD_0157,02-06-2024,2024-06-11,2024-06-16,1588,1465,129,Open
PO_100794,SUP_051,PROD_0080,2024/07/11,2024-07-31,2024-07-29,782,781,109,Closed
PO_100795,SUP_104,PROD_0213,03-01-2024,2024-01-08,2024-01-13,1595,1595,411,Open
PO_100796,SUP_019,PROD_0210,2024/07/10,2024-07-27,2024-07-31,730,624,368,Closed
PO_100797,SUP_198,PROD_0179,2024/07/16,2024-07-26,2024-07-26,1662,1542,263,Delayed
PO_100798,SUP_189,PROD_0127,2024/09/07,2024-09-23,2024-09-20,1433,1280,237,Open
PO_100799,SUP_067,PROD_0234,2024/01/18,2024-02-03,2024-01-31,1528,1472,380,Closed
PO_100800,SUP_004,PROD_0060,2024/05/10,2024-05-22,2024-05-28,1284,1114,379,Delayed
PO_100801,SUP_021,PROD_0266,2024/12/30,2025-01-16,2025-01-19,1546,1546,340,Closed
PO_100802,SUP_137,PROD_0196,04-08-2024,2024-08-14,2024-08-17,617,599,394,Open
PO_100803,SUP_089,PROD_0074,2024/07/29,2024-08-05,2024-08-03,1402,1259,333,Delayed
PO_100804,SUP_001,PROD_0050,2024/04/17,2024-05-04,2024-05-05,113,98,126,Delayed
PO_100805,SUP_096,PROD_0096,01-08-2024,2024-08-19,2024-08-20,1601,1540,260,Closed
PO_100806,SUP_055,PROD_0096,11-04-2024,2024-05-01,2024-04-30,1129,1010,96,Closed
PO_100807,SUP_161,PROD_0056,03-04-2024,2024-04-14,2024-04-15,1947,1739,486,Closed
PO_100808,SUP_008,PROD_0300,30-05-2024,2024-06-06,2024-06-09,355,316,181,Open
PO_100809,SUP_002,PROD_0299,2024/09/05,2024-09-13,2024-09-10,225,193,176,Closed
PO_100810,SUP_195,PROD_0137,2024/04/18,2024-04-23,2024-04-26,1334,1257,306,Open
PO_100811,SUP_081,PROD_0123,2024/06/21,2024-07-09,2024-07-11,859,822,389,Delayed
PO_100812,SUP_026,PROD_0002,2024/07/23,2024-08-09,2024-08-15,217,213,222,Delayed
PO_100813,SUP_072,PROD_0128,2024/07/24,2024-08-02,2024-07-30,1332,1226,102,Open
PO_100814,SUP_164,PROD_0165,12-11-2024,2024-12-02,2024-12-07,946,808,378,Delayed
PO_100815,SUP_125,PROD_0205,03-07-2024,2024-07-09,2024-07-11,1488,1453,267,Delayed
PO_100816,SUP_026,PROD_0198,2024/02/11,2024-02-27,2024-03-01,1075,988,377,Delayed
PO_100817,SUP_184,PROD_0259,2024/04/09,2024-04-18,2024-04-23,1894,1625,332,Closed
PO_100818,SUP_120,PROD_0087,2024/09/11,2024-09-18,2024-09-19,1804,1761,384,Closed
PO_100819,SUP_169,PROD_0046,2024/09/03,2024-09-15,2024-09-15,533,466,127,Open
PO_100820,SUP_057,PROD_0132,2024/01/15,2024-01-25,2024-01-27,1948,1898,236,Delayed
PO_100821,SUP_178,PROD_0171,04-03-2024,2024-03-13,2024-03-18,1397,1244,411,Delayed
PO_100822,SUP_186,PROD_0196,2024/11/03,2024-11-10,2024-11-12,872,852,407,Closed
PO_100823,SUP_088,PROD_0097,24-04-2024,2024-05-07,2024-05-05,695,685,84,Closed
PO_100824,SUP_148,PROD_0001,2024/10/20,2024-11-05,2024-11-04,1847,1728,200,Closed
PO_100825,SUP_174,PROD_0065,2024/10/29,2024-11-09,2024-11-12,967,954,203,Delayed
PO_100826,SUP_118,PROD_0162,2024/11/04,2024-11-16,2024-11-14,909,809,44,Open
PO_100827,SUP_192,PROD_0018,22-04-2024,2024-05-12,2024-05-16,401,378,347,Open
PO_100828,SUP_162,PROD_0111,2024/06/07,2024-06-15,2024-06-16,1836,1813,401,Open
PO_100829,SUP_184,PROD_0108,26-12-2024,2025-01-12,2025-01-09,1759,1610,210,Delayed
PO_100830,SUP_169,PROD_0082,27-01-2024,2024-02-06,2024-02-10,1589,1355,240,Delayed
PO_100831,SUP_194,PROD_0201,2024/07/19,2024-08-03,2024-08-06,1488,1364,282,Closed
PO_100832,SUP_141,PROD_0202,2024/09/27,2024-10-11,2024-10-12,1526,1321,139,Closed
PO_100833,SUP_036,PROD_0227,14-06-2024,2024-06-20,2024-06-21,1037,1004,375,Open
PO_100834,SUP_167,PROD_0005,15-03-2024,2024-03-26,2024-03-26,1747,1669,423,Delayed
PO_100835,SUP_044,PROD_0029,2024/10/21,2024-10-29,2024-10-28,871,764,258,Open
PO_100836,SUP_152,PROD_0223,2024/08/30,2024-09-09,2024-09-06,340,298,303,Delayed
PO_100837,SUP_078,PROD_0089,25-07-2024,2024-08-06,2024-08-03,343,332,163,Delayed
PO_100838,SUP_071,PROD_0228,2024/07/11,2024-07-18,2024-07-22,1871,1778,458,Closed
PO_100839,SUP_131,PROD_0116,2024/03/02,2024-03-10,2024-03-08,349,297,290,Delayed
PO_100840,SUP_152,PROD_0093,20-10-2024,2024-11-09,2024-11-10,1520,1390,421,Open
PO_100841,SUP_017,PROD_0276,26-11-2024,2024-12-14,2024-12-15,1270,1126,104,Open
PO_100842,SUP_136,PROD_0251,2024/12/24,2024-12-29,2025-01-01,1238,1068,458,Delayed
PO_100843,SUP_154,PROD_0093,26-10-2024,2024-11-03,2024-11-03,1448,1231,499,Delayed
PO_100844,SUP_168,PROD_0083,2024/08/16,2024-08-31,2024-08-29,180,155,105,Delayed
PO_100845,SUP_140,PROD_0088,11-05-2024,2024-05-17,2024-05-15,355,328,299,Delayed
PO_100846,SUP_076,PROD_0274,2024/01/01,2024-01-13,2024-01-14,194,178,305,Closed
PO_100847,SUP_131,PROD_0108,2024/10/22,2024-11-11,2024-11-13,1170,1170,220,Closed
PO_100848,SUP_056,PROD_0069,05-12-2024,2024-12-11,2024-12-11,175,167,136,Delayed
PO_100849,SUP_020,PROD_0282,2024/04/20,2024-05-06,2024-05-07,363,324,413,Open
PO_100850,SUP_174,PROD_0218,2024/07/14,2024-07-24,2024-07-27,1034,914,82,Delayed
PO_100851,SUP_183,PROD_0191,2024/04/14,2024-04-21,2024-04-22,1396,1330,396,Delayed
PO_100852,SUP_112,PROD_0195,27-11-2024,2024-12-07,2024-12-10,1782,1527,118,Delayed
PO_100853,SUP_141,PROD_0209,06-05-2024,2024-05-13,2024-05-14,355,305,312,Open
PO_100854,SUP_038,PROD_0116,2024/11/23,2024-11-30,2024-12-02,1962,1807,210,Closed
PO_100855,SUP_032,PROD_0090,2024/02/20,2024-03-08,2024-03-08,875,821,93,Delayed
PO_100856,SUP_073,PROD_0283,2024/09/07,2024-09-15,2024-09-20,814,725,398,Delayed
PO_100857,SUP_089,PROD_0273,20-02-2024,2024-02-26,2024-02-25,751,708,424,Delayed
PO_100858,SUP_132,PROD_0080,25-07-2024,2024-08-14,2024-08-20,361,348,172,Closed
PO_100859,SUP_186,PROD_0190,14-03-2024,2024-03-31,2024-04-06,1606,1546,176,Closed
PO_100860,SUP_120,PROD_0258,2024/12/13,2024-12-31,2025-01-04,474,438,264,Open
PO_100861,SUP_079,PROD_0209,07-08-2024,2024-08-19,2024-08-20,1401,1387,479,Open
PO_100862,SUP_043,PROD_0295,2024/02/16,2024-02-23,2024-02-21,1594,1368,162,Closed
PO_100863,SUP_188,PROD_0070,2024/05/26,2024-06-15,2024-06-12,968,944,386,Open
PO_100864,SUP_191,PROD_0004,20-09-2024,2024-09-28,2024-10-01,128,121,355,Delayed
PO_100865,SUP_136,PROD_0022,2024/09/30,2024-10-16,2024-10-16,1613,1526,378,Open
PO_100866,SUP_132,PROD_0181,2024/03/27,2024-04-08,2024-04-07,253,218,227,Open
PO_100867,SUP_174,PROD_0128,10-09-2024,2024-09-27,2024-09-26,864,764,97,Open
PO_100868,SUP_162,PROD_0292,02-06-2024,2024-06-22,2024-06-23,642,595,149,Closed
PO_100869,SUP_015,PROD_0183,2024/06/05,2024-06-11,2024-06-15,1927,1640,356,Delayed
PO_100870,SUP_185,PROD_0096,23-08-2024,2024-09-07,2024-09-08,824,751,94,Open
PO_100871,SUP_132,PROD_0079,05-01-2024,2024-01-13,2024-01-16,1107,1045,141,Closed
PO_100872,SUP_121,PROD_0203,06-09-2024,2024-09-11,2024-09-10,1675,1518,376,Open
PO_100873,SUP_113,PROD_0225,05-07-2024,2024-07-23,2024-07-22,1198,1059,455,Closed
PO_100874,SUP_051,PROD_0057,2024/06/30,2024-07-18,2024-07-15,835,733,492,Open
PO_100875,SUP_009,PROD_0083,21-01-2024,2024-01-30,2024-02-02,962,867,420,Open
PO_100876,SUP_175,PROD_0066,2024/12/06,2024-12-19,2024-12-17,962,900,290,Open
PO_100877,SUP_033,PROD_0080,2024/09/13,2024-09-30,2024-09-29,324,297,95,Delayed
PO_100878,SUP_153,PROD_0005,07-01-2024,2024-01-19,2024-01-16,1489,1376,464,Open
PO_100879,SUP_159,PROD_0079,28-05-2024,2024-06-11,2024-06-15,269,260,429,Closed
PO_100880,SUP_064,PROD_0220,2024/05/07,2024-05-20,2024-05-18,1869,1689,174,Open
PO_100881,SUP_152,PROD_0077,27-12-2024,2025-01-04,2025-01-09,1351,1206,132,Closed
PO_100882,SUP_110,PROD_0010,2024/03/08,2024-03-25,2024-03-22,660,639,138,Closed
PO_100883,SUP_163,PROD_0119,16-02-2024,2024-02-22,2024-02-25,934,849,308,Open
PO_100884,SUP_078,PROD_0057,2024/08/06,2024-08-26,2024-08-23,1144,1040,258,Open
PO_100885,SUP_047,PROD_0021,2024/05/23,2024-06-08,2024-06-11,605,514,203,Closed
PO_100886,SUP_156,PROD_0052,04-12-2024,2024-12-19,2024-12-19,684,636,281,Closed
PO_100887,SUP_172,PROD_0007,09-05-2024,2024-05-29,2024-05-31,784,753,195,Delayed
PO_100888,SUP_200,PROD_0271,07-03-2024,2024-03-22,2024-03-24,1618,1529,454,Open
PO_100889,SUP_028,PROD_0067,01-05-2024,2024-05-14,2024-05-14,1296,1262,236,Delayed
PO_100890,SUP_049,PROD_0099,2024/11/04,2024-11-12,2024-11-09,1301,1285,492,Open
PO_100891,SUP_122,PROD_0104,20-02-2024,2024-02-27,2024-03-03,1367,1297,215,Delayed
PO_100892,SUP_065,PROD_0287,2024/03/19,2024-03-25,2024-03-24,492,462,254,Open
PO_100893,SUP_129,PROD_0012,17-08-2024,2024-08-25,2024-08-28,238,212,287,Delayed
PO_100894,SUP_178,PROD_0098,20-05-2024,2024-05-29,2024-05-30,193,187,329,Open
PO_100895,SUP_144,PROD_0200,2024/09/10,2024-09-17,2024-09-16,996,948,424,Delayed
PO_100896,SUP_152,PROD_0005,2024/05/19,2024-05-30,2024-05-29,107,106,121,Open
PO_100897,SUP_069,PROD_0283,14-09-2024,2024-09-27,2024-09-28,1845,1628,152,Closed
PO_100898,SUP_038,PROD_0143,24-04-2024,2024-04-30,2024-05-05,587,515,189,Open
PO_100899,SUP_089,PROD_0189,27-01-2024,2024-02-08,2024-02-08,1194,1097,99,Closed
PO_100900,SUP_084,PROD_0030,2024/12/27,2025-01-09,2025-01-08,936,797,499,Open
PO_100901,SUP_200,PROD_0299,2024/04/22,2024-05-05,2024-05-04,624,543,48,Delayed
PO_100902,SUP_142,PROD_0106,2024/12/18,2025-01-04,2025-01-05,1881,1824,360,Closed
PO_100903,SUP_193,PROD_0203,2024/06/15,2024-06-28,2024-06-28,1291,1136,362,Open
PO_100904,SUP_047,PROD_0236,28-04-2024,2024-05-16,2024-05-18,403,353,285,Closed
PO_100905,SUP_042,PROD_0091,06-04-2024,2024-04-26,2024-04-25,1426,1421,184,Open
PO_100906,SUP_117,PROD_0207,17-12-2024,2024-12-28,2024-12-26,393,340,76,Delayed
PO_100907,SUP_006,PROD_0057,26-09-2024,2024-10-05,2024-10-02,1335,1137,91,Delayed
PO_100908,SUP_161,PROD_0007,23-01-2024,2024-02-01,2024-02-01,1677,1627,82,Closed
PO_100909,SUP_145,PROD_0228,24-02-2024,2024-03-10,2024-03-08,514,456,111,Open
PO_100910,SUP_069,PROD_0279,2024/06/18,2024-07-08,2024-07-07,599,524,68,Closed
PO_100911,SUP_107,PROD_0073,2024/01/23,2024-01-31,2024-02-05,707,600,92,Closed
PO_100912,SUP_074,PROD_0116,13-01-2024,2024-01-25,2024-01-28,889,853,115,Delayed
PO_100913,SUP_073,PROD_0183,27-02-2024,2024-03-18,2024-03-17,325,280,154,Delayed
PO_100914,SUP_155,PROD_0078,2024/06/19,2024-06-27,2024-06-29,1990,1782,83,Open
PO_100915,SUP_171,PROD_0155,28-09-2024,2024-10-13,2024-10-19,471,436,387,Open
PO_100916,SUP_183,PROD_0040,2024/02/23,2024-03-07,2024-03-11,1455,1437,228,Closed
PO_100917,SUP_123,PROD_0035,17-03-2024,2024-03-26,2024-03-28,402,348,239,Delayed
PO_100918,SUP_047,PROD_0198,2024/08/06,2024-08-19,2024-08-18,285,264,205,Open
PO_100919,SUP_163,PROD_0171,2024/09/10,2024-09-28,2024-10-02,1520,1327,251,Delayed
PO_100920,SUP_127,PROD_0273,2024/05/05,2024-05-22,2024-05-25,1225,1178,294,Closed
PO_100921,SUP_199,PROD_0113,2024/07/15,2024-07-22,2024-07-28,1564,1508,255,Closed
PO_100922,SUP_143,PROD_0243,30-04-2024,2024-05-16,2024-05-13,516,455,475,Closed
PO_100923,SUP_036,PROD_0151,2024/01/31,2024-02-16,2024-02-18,1838,1797,474,Closed
PO_100924,SUP_192,PROD_0071,09-10-2024,2024-10-27,2024-10-27,531,466,463,Delayed
PO_100925,SUP_109,PROD_0191,2024/12/26,2025-01-04,2025-01-07,1601,1373,53,Delayed
PO_100926,SUP_008,PROD_0076,2024/02/24,2024-03-02,2024-03-06,1815,1729,344,Closed
PO_100927,SUP_107,PROD_0077,2024/02/10,2024-02-22,2024-02-20,125,111,331,Open
PO_100928,SUP_166,PROD_0007,12-03-2024,2024-03-26,2024-03-30,942,873,409,Closed
PO_100929,SUP_042,PROD_0006,20-03-2024,2024-03-26,2024-03-23,1337,1237,424,Open
PO_100930,SUP_147,PROD_0257,14-12-2024,2025-01-02,2025-01-07,1556,1400,464,Delayed
PO_100931,SUP_033,PROD_0109,2024/04/26,2024-05-14,2024-05-13,656,608,87,Delayed
PO_100932,SUP_144,PROD_0040,2024/01/29,2024-02-10,2024-02-13,476,463,461,Open
PO_100933,SUP_166,PROD_0218,2024/06/09,2024-06-26,2024-06-29,437,395,67,Open
PO_100934,SUP_086,PROD_0015,2024/02/25,2024-03-04,2024-03-02,842,776,348,Open
PO_100935,SUP_080,PROD_0097,24-03-2024,2024-04-01,2024-03-30,533,523,345,Closed
PO_100936,SUP_145,PROD_0023,2024/11/22,2024-11-28,2024-11-28,651,625,83,Open
PO_100937,SUP_092,PROD_0145,24-01-2024,2024-01-30,2024-02-01,290,271,198,Delayed
PO_100938,SUP_180,PROD_0050,2024/04/09,2024-04-24,2024-04-27,1586,1432,222,Open
PO_100939,SUP_151,PROD_0196,14-09-2024,2024-09-22,2024-09-27,1753,1734,436,Delayed
PO_100940,SUP_161,PROD_0048,20-01-2024,2024-02-03,2024-02-02,410,408,389,Delayed
PO_100941,SUP_129,PROD_0265,28-04-2024,2024-05-09,2024-05-08,1674,1608,407,Delayed
PO_100942,SUP_093,PROD_0221,29-11-2024,2024-12-14,2024-12-18,1708,1471,107,Delayed
PO_100943,SUP_040,PROD_0291,2024/12/15,2025-01-01,2025-01-01,527,527,352,Open
PO_100944,SUP_023,PROD_0256,19-02-2024,2024-02-24,2024-02-23,1669,1442,485,Open
PO_100945,SUP_094,PROD_0181,09-06-2024,2024-06-19,2024-06-20,430,376,74,Closed
PO_100946,SUP_114,PROD_0072,2024/04/01,2024-04-20,2024-04-21,1069,939,171,Delayed
PO_100947,SUP_159,PROD_0067,06-09-2024,2024-09-12,2024-09-14,1859,1805,186,Open
PO_100948,SUP_116,PROD_0135,19-09-2024,2024-10-04,2024-10-06,270,231,389,Delayed
PO_100949,SUP_040,PROD_0054,2024/11/25,2024-12-01,2024-12-01,1533,1377,460,Open
PO_100950,SUP_172,PROD_0048,2024/03/22,2024-04-08,2024-04-06,556,516,238,Open
PO_100951,SUP_102,PROD_0222,2024/08/27,2024-09-15,2024-09-13,275,245,132,Open
PO_100952,SUP_180,PROD_0244,17-06-2024,2024-06-24,2024-06-26,801,694,349,Open
PO_100953,SUP_055,PROD_0164,20-08-2024,2024-08-26,2024-08-31,418,359,280,Delayed
PO_100954,SUP_055,PROD_0028,2024/07/13,2024-07-19,2024-07-21,1717,1567,260,Closed
PO_100955,SUP_037,PROD_0036,16-12-2024,2025-01-03,2025-01-04,616,558,365,Open
PO_100956,SUP_172,PROD_0133,2024/02/11,2024-02-25,2024-02-29,1884,1695,254,Closed
PO_100957,SUP_090,PROD_0215,17-02-2024,2024-03-06,2024-03-08,1642,1518,192,Open
PO_100958,SUP_003,PROD_0288,2024/10/01,2024-10-11,2024-10-14,826,802,394,Delayed
PO_100959,SUP_188,PROD_0163,11-04-2024,2024-04-18,2024-04-24,1362,1160,114,Closed
PO_100960,SUP_173,PROD_0209,22-08-2024,2024-08-31,2024-09-04,1870,1723,202,Delayed
PO_100961,SUP_149,PROD_0050,2024/01/02,2024-01-21,2024-01-20,1399,1198,270,Closed
PO_100962,SUP_056,PROD_0179,2024/04/06,2024-04-24,2024-04-29,1685,1485,125,Closed
PO_100963,SUP_079,PROD_0258,13-12-2024,2024-12-18,2024-12-20,1766,1564,226,Delayed
PO_100964,SUP_139,PROD_0219,12-09-2024,2024-10-01,2024-10-04,940,932,220,Open
PO_100965,SUP_153,PROD_0084,28-02-2024,2024-03-09,2024-03-13,977,968,231,Open
PO_100966,SUP_026,PROD_0045,2024/07/14,2024-07-28,2024-07-31,1398,1394,185,Closed
PO_100967,SUP_193,PROD_0279,15-02-2024,2024-02-20,2024-02-26,942,825,93,Delayed
PO_100968,SUP_199,PROD_0233,15-08-2024,2024-08-21,2024-08-22,1844,1762,255,Closed
PO_100969,SUP_106,PROD_0203,2024/04/10,2024-04-30,2024-04-28,818,695,446,Open
PO_100970,SUP_107,PROD_0124,24-04-2024,2024-05-08,2024-05-09,1901,1617,377,Open
PO_100971,SUP_133,PROD_0163,17-01-2024,2024-01-22,2024-01-19,414,393,444,Closed
PO_100972,SUP_165,PROD_0202,19-10-2024,2024-11-06,2024-11-06,1238,1065,240,Delayed
PO_100973,SUP_082,PROD_0265,07-08-2024,2024-08-16,2024-08-19,1591,1392,128,Open
PO_100974,SUP_101,PROD_0134,2024/04/28,2024-05-06,2024-05-05,1132,1103,100,Closed
PO_100975,SUP_161,PROD_0079,14-06-2024,2024-06-25,2024-06-23,291,248,53,Delayed
PO_100976,SUP_034,PROD_0233,2024/12/28,2025-01-04,2025-01-10,883,841,52,Closed
PO_100977,SUP_186,PROD_0194,2024/05/02,2024-05-14,2024-05-15,496,454,314,Delayed
PO_100978,SUP_149,PROD_0053,27-01-2024,2024-02-09,2024-02-07,394,341,361,Open
PO_100979,SUP_047,PROD_0048,01-11-2024,2024-11-09,2024-11-07,390,335,184,Open
PO_100980,SUP_106,PROD_0038,2024/07/04,2024-07-15,2024-07-18,306,291,291,Delayed
PO_100981,SUP_116,PROD_0083,09-02-2024,2024-02-20,2024-02-23,868,783,495,Open
PO_100982,SUP_031,PROD_0176,2024/01/06,2024-01-16,2024-01-22,1392,1271,350,Open
PO_100983,SUP_032,PROD_0099,10-11-2024,2024-11-15,2024-11-14,1168,1147,419,Closed
PO_100984,SUP_094,PROD_0059,01-10-2024,2024-10-06,2024-10-11,1148,1030,429,Closed
PO_100985,SUP_033,PROD_0138,2024/06/16,2024-06-25,2024-06-25,270,246,412,Open
PO_100986,SUP_120,PROD_0254,2024/04/12,2024-04-19,2024-04-21,1550,1428,322,Delayed
PO_100987,SUP_184,PROD_0144,2024/07/23,2024-08-03,2024-08-04,454,435,141,Closed
PO_100988,SUP_125,PROD_0222,2024/10/25,2024-11-08,2024-11-07,1726,1695,145,Open
PO_100989,SUP_110,PROD_0103,2024/11/01,2024-11-14,2024-11-16,1375,1313,95,Open
PO_100990,SUP_131,PROD_0130,10-07-2024,2024-07-17,2024-07-21,442,427,495,Open
PO_100991,SUP_083,PROD_0220,05-11-2024,2024-11-21,2024-11-24,161,161,98,Closed
PO_100992,SUP_038,PROD_0161,02-07-2024,2024-07-14,2024-07-12,540,474,376,Closed
PO_100993,SUP_083,PROD_0120,2024/06/12,2024-06-17,2024-06-19,537,527,278,Closed
PO_100994,SUP_144,PROD_0143,16-07-2024,2024-07-30,2024-08-05,534,530,309,Delayed
PO_100995,SUP_051,PROD_0026,08-02-2024,2024-02-26,2024-02-29,750,739,456,Open
PO_100996,SUP_044,PROD_0168,12-09-2024,2024-09-18,2024-09-19,962,915,101,Closed
PO_100997,SUP_148,PROD_0003,2024/10/22,2024-10-27,2024-10-28,136,129,369,Open
PO_100998,SUP_011,PROD_0173,2024/03/08,2024-03-25,2024-03-22,1934,1651,313,Closed
PO_100999,SUP_193,PROD_0178,28-08-2024,2024-09-05,2024-09-08,1581,1445,194,Closed
PO_101000,SUP_179,PROD_0233,11-10-2024,2024-10-26,2024-10-30,1354,1276,64,Delayed
PO_101001,SUP_003,PROD_0072,03-03-2024,2024-03-19,2024-03-25,310,269,54,Open
PO_101002,SUP_095,PROD_0276,18-12-2024,2025-01-05,2025-01-05,448,380,85,Delayed
PO_101003,SUP_020,PROD_0136,2024/01/27,2024-02-09,2024-02-06,326,298,64,Delayed
PO_101004,SUP_150,PROD_0236,2024/11/09,2024-11-26,2024-11-27,1530,1330,127,Closed
PO_101005,SUP_106,PROD_0229,2024/06/12,2024-06-21,2024-06-27,1918,1692,475,Delayed
PO_101006,SUP_072,PROD_0165,27-09-2024,2024-10-09,2024-10-15,1078,1039,378,Closed
PO_101007,SUP_063,PROD_0106,17-02-2024,2024-03-01,2024-03-02,1556,1499,82,Closed
PO_101008,SUP_120,PROD_0198,2024/02/08,2024-02-28,2024-02-25,535,478,46,Open
PO_101009,SUP_132,PROD_0161,2024/02/23,2024-03-09,2024-03-09,1767,1660,342,Delayed
PO_101010,SUP_094,PROD_0198,20-08-2024,2024-08-29,2024-09-03,316,296,106,Delayed
PO_101011,SUP_043,PROD_0158,19-09-2024,2024-09-30,2024-10-03,484,484,75,Delayed
PO_101012,SUP_062,PROD_0009,2024/02/22,2024-03-02,2024-03-06,1894,1844,94,Closed
PO_101013,SUP_068,PROD_0061,16-05-2024,2024-05-21,2024-05-25,1455,1376,311,Closed
PO_101014,SUP_131,PROD_0171,2024/06/30,2024-07-18,2024-07-18,408,349,243,Open
PO_101015,SUP_109,PROD_0100,19-05-2024,2024-06-04,2024-06-02,200,179,372,Closed
PO_101016,SUP_133,PROD_0222,2024/07/25,2024-08-04,2024-08-10,665,578,311,Delayed
PO_101017,SUP_010,PROD_0295,26-01-2024,2024-02-07,2024-02-05,549,500,98,Closed
PO_101018,SUP_184,PROD_0208,2024/02/03,2024-02-11,2024-02-12,563,528,491,Open
PO_101019,SUP_053,PROD_0178,21-02-2024,2024-03-04,2024-03-05,1114,1109,145,Open
PO_101020,SUP_180,PROD_0245,2024/12/27,2025-01-10,2025-01-07,293,268,134,Delayed
PO_101021,SUP_086,PROD_0234,02-05-2024,2024-05-12,2024-05-14,1495,1306,75,Closed
PO_101022,SUP_068,PROD_0040,07-12-2024,2024-12-27,2024-12-30,784,687,50,Delayed
PO_101023,SUP_064,PROD_0242,05-01-2024,2024-01-21,2024-01-25,1294,1127,40,Closed
PO_101024,SUP_038,PROD_0049,09-01-2024,2024-01-23,2024-01-23,1175,1023,297,Open
PO_101025,SUP_066,PROD_0250,2024/06/20,2024-07-09,2024-07-13,1604,1427,219,Open
PO_101026,SUP_133,PROD_0248,22-08-2024,2024-08-27,2024-08-29,716,622,403,Open
PO_101027,SUP_037,PROD_0183,17-12-2024,2024-12-22,2024-12-21,940,926,478,Closed
PO_101028,SUP_097,PROD_0056,05-05-2024,2024-05-23,2024-05-25,522,478,421,Delayed
PO_101029,SUP_090,PROD_0170,2024/12/13,2025-01-01,2025-01-06,458,439,175,Delayed
PO_101030,SUP_180,PROD_0176,2024/08/01,2024-08-14,2024-08-15,490,431,61,Open
PO_101031,SUP_176,PROD_0076,20-08-2024,2024-09-05,2024-09-06,325,305,44,Delayed
PO_101032,SUP_125,PROD_0148,17-03-2024,2024-03-31,2024-04-06,1243,1072,380,Open
PO_101033,SUP_032,PROD_0028,2024/01/08,2024-01-27,2024-01-24,545,525,184,Open
PO_101034,SUP_065,PROD_0071,03-01-2024,2024-01-21,2024-01-23,1452,1323,467,Open
PO_101035,SUP_188,PROD_0101,14-09-2024,2024-09-23,2024-09-21,1560,1436,178,Delayed
PO_101036,SUP_064,PROD_0198,2024/02/11,2024-02-25,2024-02-25,165,153,282,Open
PO_101037,SUP_112,PROD_0166,20-02-2024,2024-03-04,2024-03-05,1322,1271,199,Closed
PO_101038,SUP_078,PROD_0157,2024/12/15,2024-12-26,2024-12-27,377,325,253,Open
PO_101039,SUP_112,PROD_0050,2024/10/17,2024-11-05,2024-11-10,475,420,232,Delayed
PO_101040,SUP_091,PROD_0219,14-08-2024,2024-08-29,2024-09-03,1503,1396,404,Open
PO_101041,SUP_197,PROD_0216,29-07-2024,2024-08-17,2024-08-14,1968,1717,326,Closed
PO_101042,SUP_159,PROD_0279,10-11-2024,2024-11-24,2024-11-24,1288,1238,302,Open
PO_101043,SUP_196,PROD_0266,28-01-2024,2024-02-14,2024-02-13,925,903,383,Closed
PO_101044,SUP_153,PROD_0050,13-02-2024,2024-02-19,2024-02-20,1799,1677,372,Delayed
PO_101045,SUP_131,PROD_0028,2024/09/03,2024-09-18,2024-09-15,348,339,419,Closed
PO_101046,SUP_173,PROD_0080,21-09-2024,2024-09-30,2024-10-05,1616,1450,293,Delayed
PO_101047,SUP_018,PROD_0001,08-06-2024,2024-06-13,2024-06-17,1377,1209,392,Delayed
PO_101048,SUP_130,PROD_0228,02-03-2024,2024-03-10,2024-03-10,518,490,93,Closed
PO_101049,SUP_140,PROD_0134,2024/03/03,2024-03-17,2024-03-20,1090,1082,134,Delayed
PO_101050,SUP_037,PROD_0124,12-08-2024,2024-08-20,2024-08-23,399,349,365,Delayed
PO_101051,SUP_026,PROD_0253,24-12-2024,2025-01-04,2025-01-08,1083,1014,188,Delayed
PO_101052,SUP_107,PROD_0218,20-05-2024,2024-06-06,2024-06-09,1528,1335,449,Closed
PO_101053,SUP_078,PROD_0018,25-05-2024,2024-06-13,2024-06-11,1255,1231,239,Delayed
PO_101054,SUP_120,PROD_0235,2024/12/02,2024-12-21,2024-12-18,1959,1806,221,Closed
PO_101055,SUP_090,PROD_0269,2024/03/22,2024-04-07,2024-04-12,1852,1773,480,Delayed
PO_101056,SUP_087,PROD_0236,2024/02/02,2024-02-12,2024-02-11,820,788,375,Closed
PO_101057,SUP_097,PROD_0242,2024/05/22,2024-06-05,2024-06-08,239,214,469,Delayed
PO_101058,SUP_149,PROD_0179,2024/12/28,2025-01-10,2025-01-09,1529,1448,205,Delayed
PO_101059,SUP_060,PROD_0050,2024/07/25,2024-08-01,2024-07-29,160,157,476,Closed
PO_101060,SUP_188,PROD_0122,2024/09/12,2024-10-02,2024-10-04,1656,1433,158,Closed
PO_101061,SUP_010,PROD_0038,15-07-2024,2024-08-02,2024-07-31,226,220,353,Open
PO_101062,SUP_097,PROD_0069,2024/11/06,2024-11-11,2024-11-10,757,724,95,Delayed
PO_101063,SUP_074,PROD_0116,11-10-2024,2024-10-22,2024-10-22,617,549,291,Delayed
PO_101064,SUP_150,PROD_0013,23-03-2024,2024-04-10,2024-04-15,1756,1541,444,Closed
PO_101065,SUP_140,PROD_0037,18-01-2024,2024-01-27,2024-01-24,836,753,436,Closed
PO_101066,SUP_122,PROD_0257,2024/12/15,2025-01-04,2025-01-04,1804,1713,146,Open
PO_101067,SUP_019,PROD_0292,2024/11/12,2024-11-21,2024-11-19,998,868,258,Closed
PO_101068,SUP_154,PROD_0277,21-09-2024,2024-10-05,2024-10-03,341,310,295,Closed
PO_101069,SUP_041,PROD_0148,24-04-2024,2024-05-08,2024-05-09,899,783,400,Delayed
PO_101070,SUP_159,PROD_0030,21-10-2024,2024-11-02,2024-11-07,1351,1287,296,Delayed
PO_101071,SUP_108,PROD_0134,26-02-2024,2024-03-17,2024-03-18,1437,1272,55,Open
PO_101072,SUP_194,PROD_0032,2024/01/31,2024-02-09,2024-02-09,1220,1097,458,Open
PO_101073,SUP_157,PROD_0042,2024/02/07,2024-02-13,2024-02-15,244,242,253,Open
PO_101074,SUP_058,PROD_0180,07-03-2024,2024-03-20,2024-03-17,313,293,58,Open
PO_101075,SUP_051,PROD_0274,2024/06/04,2024-06-16,2024-06-13,213,205,53,Delayed
PO_101076,SUP_097,PROD_0065,16-12-2024,2024-12-21,2024-12-26,1087,1033,66,Delayed
PO_101077,SUP_095,PROD_0181,2024/08/06,2024-08-15,2024-08-13,996,895,100,Open
PO_101078,SUP_059,PROD_0212,2024/08/11,2024-08-17,2024-08-17,575,556,87,Delayed
PO_101079,SUP_033,PROD_0225,24-01-2024,2024-01-29,2024-01-29,1764,1591,69,Open
PO_101080,SUP_075,PROD_0067,2024/01/23,2024-02-07,2024-02-09,1333,1288,375,Open
PO_101081,SUP_053,PROD_0254,2024/09/02,2024-09-10,2024-09-08,256,239,168,Closed
PO_101082,SUP_168,PROD_0126,15-08-2024,2024-08-29,2024-08-31,1697,1578,322,Open
PO_101083,SUP_160,PROD_0249,2024/12/23,2024-12-31,2024-12-28,809,722,250,Closed
PO_101084,SUP_054,PROD_0063,2024/04/14,2024-04-23,2024-04-28,572,533,196,Delayed
PO_101085,SUP_117,PROD_0059,2024/03/13,2024-03-19,2024-03-19,1530,1305,265,Open
PO_101086,SUP_022,PROD_0031,18-01-2024,2024-01-31,2024-02-01,1304,1179,236,Delayed
PO_101087,SUP_012,PROD_0115,15-07-2024,2024-08-04,2024-08-01,1866,1691,235,Open
PO_101088,SUP_139,PROD_0179,04-04-2024,2024-04-22,2024-04-27,207,176,378,Delayed
PO_101089,SUP_186,PROD_0223,21-06-2024,2024-07-04,2024-07-10,543,515,427,Delayed
PO_101090,SUP_074,PROD_0274,2024/01/30,2024-02-07,2024-02-12,894,877,409,Open
PO_101091,SUP_061,PROD_0068,2024/10/20,2024-11-02,2024-11-01,880,751,279,Open
PO_101092,SUP_087,PROD_0293,2024/12/15,2024-12-28,2024-12-26,611,569,434,Closed
PO_101093,SUP_168,PROD_0007,11-11-2024,2024-11-24,2024-11-26,650,567,377,Open
PO_101094,SUP_005,PROD_0226,18-10-2024,2024-11-02,2024-11-03,1835,1563,131,Open
PO_101095,SUP_105,PROD_0030,2024/01/19,2024-02-04,2024-02-08,1406,1343,472,Closed
PO_101096,SUP_071,PROD_0133,21-05-2024,2024-06-05,2024-06-03,1002,977,132,Closed
PO_101097,SUP_060,PROD_0059,2024/04/26,2024-05-06,2024-05-05,1884,1620,356,Closed
PO_101098,SUP_059,PROD_0032,2024/12/16,2025-01-04,2025-01-10,749,727,61,Open
PO_101099,SUP_061,PROD_0180,11-05-2024,2024-05-16,2024-05-18,1206,1052,407,Closed
PO_101100,SUP_084,PROD_0293,16-09-2024,2024-10-05,2024-10-03,1146,1069,79,Delayed
PO_101101,SUP_084,PROD_0185,31-07-2024,2024-08-07,2024-08-10,1893,1780,184,Open
PO_101102,SUP_095,PROD_0023,29-11-2024,2024-12-15,2024-12-19,702,633,358,Closed
PO_101103,SUP_131,PROD_0261,2024/10/29,2024-11-03,2024-11-01,1347,1344,148,Delayed
PO_101104,SUP_169,PROD_0077,2024/12/30,2025-01-15,2025-01-15,875,840,465,Delayed
PO_101105,SUP_162,PROD_0281,2024/02/10,2024-02-17,2024-02-17,1257,1255,297,Open
PO_101106,SUP_169,PROD_0269,2024/10/02,2024-10-10,2024-10-15,1734,1698,66,Open
PO_101107,SUP_197,PROD_0186,17-05-2024,2024-05-28,2024-06-03,700,624,164,Open
PO_101108,SUP_105,PROD_0186,2024/06/10,2024-06-18,2024-06-18,1011,879,415,Open
PO_101109,SUP_115,PROD_0215,2024/10/13,2024-10-20,2024-10-22,1438,1280,287,Delayed
PO_101110,SUP_156,PROD_0134,2024/03/05,2024-03-17,2024-03-20,1480,1461,339,Open
PO_101111,SUP_038,PROD_0295,23-06-2024,2024-07-08,2024-07-06,266,257,249,Delayed
PO_101112,SUP_068,PROD_0284,11-04-2024,2024-04-21,2024-04-25,131,126,125,Delayed
PO_101113,SUP_043,PROD_0038,21-02-2024,2024-03-01,2024-02-27,1807,1602,260,Delayed
PO_101114,SUP_143,PROD_0124,28-09-2024,2024-10-15,2024-10-18,825,792,105,Open
PO_101115,SUP_185,PROD_0024,2024/03/01,2024-03-16,2024-03-18,1311,1132,351,Delayed
PO_101116,SUP_112,PROD_0149,2024/06/30,2024-07-19,2024-07-22,1391,1375,270,Open
PO_101117,SUP_131,PROD_0043,2024/12/24,2025-01-02,2025-01-01,1582,1382,432,Closed
PO_101118,SUP_131,PROD_0144,30-10-2024,2024-11-15,2024-11-19,876,768,204,Closed
PO_101119,SUP_135,PROD_0297,2024/06/01,2024-06-21,2024-06-23,198,184,328,Open
PO_101120,SUP_037,PROD_0022,26-05-2024,2024-06-10,2024-06-13,752,743,427,Delayed
PO_101121,SUP_081,PROD_0051,2024/04/17,2024-05-05,2024-05-10,669,612,334,Open
PO_101122,SUP_044,PROD_0148,25-03-2024,2024-04-02,2024-04-03,660,594,289,Delayed
PO_101123,SUP_131,PROD_0087,24-02-2024,2024-03-07,2024-03-08,388,330,89,Delayed
PO_101124,SUP_095,PROD_0105,2024/01/21,2024-02-01,2024-01-29,1100,1007,466,Delayed
PO_101125,SUP_029,PROD_0062,06-08-2024,2024-08-25,2024-08-30,358,332,465,Open
PO_101126,SUP_188,PROD_0060,2024/09/09,2024-09-22,2024-09-20,1870,1770,110,Closed
PO_101127,SUP_117,PROD_0263,23-04-2024,2024-04-30,2024-05-02,420,366,299,Delayed
PO_101128,SUP_134,PROD_0163,2024/12/18,2025-01-02,2024-12-30,987,886,91,Delayed
PO_101129,SUP_057,PROD_0101,2024/12/04,2024-12-10,2024-12-07,603,545,110,Open
PO_101130,SUP_051,PROD_0046,18-03-2024,2024-04-07,2024-04-06,1602,1493,294,Delayed
PO_101131,SUP_054,PROD_0092,2024/04/19,2024-04-24,2024-04-27,237,203,291,Open
PO_101132,SUP_164,PROD_0179,2024/12/18,2024-12-31,2025-01-06,878,869,363,Delayed
PO_101133,SUP_172,PROD_0249,2024/12/02,2024-12-12,2024-12-13,1821,1797,158,Delayed
PO_101134,SUP_029,PROD_0148,19-07-2024,2024-08-04,2024-08-09,1085,1029,191,Open
PO_101135,SUP_082,PROD_0059,15-06-2024,2024-06-27,2024-06-30,337,308,130,Delayed
PO_101136,SUP_154,PROD_0211,2024/07/22,2024-07-31,2024-08-04,1820,1667,452,Closed
PO_101137,SUP_105,PROD_0032,2024/05/28,2024-06-10,2024-06-15,540,530,495,Open
PO_101138,SUP_103,PROD_0134,13-05-2024,2024-05-28,2024-05-31,901,778,454,Open
PO_101139,SUP_115,PROD_0210,05-09-2024,2024-09-17,2024-09-19,1403,1248,459,Delayed
PO_101140,SUP_155,PROD_0277,26-03-2024,2024-04-06,2024-04-04,1356,1157,352,Delayed
PO_101141,SUP_091,PROD_0284,11-01-2024,2024-01-28,2024-01-26,1698,1475,400,Delayed
PO_101142,SUP_138,PROD_0203,2024/01/26,2024-02-06,2024-02-08,1196,1074,141,Open
PO_101143,SUP_064,PROD_0007,2024/03/23,2024-04-08,2024-04-10,946,813,150,Closed
PO_101144,SUP_041,PROD_0145,26-09-2024,2024-10-04,2024-10-09,914,853,445,Closed
PO_101145,SUP_097,PROD_0206,27-04-2024,2024-05-09,2024-05-06,657,574,423,Delayed
PO_101146,SUP_196,PROD_0213,2024/05/18,2024-05-25,2024-05-23,251,214,298,Closed
PO_101147,SUP_050,PROD_0160,2024/10/04,2024-10-13,2024-10-11,1607,1565,341,Open
PO_101148,SUP_068,PROD_0296,05-08-2024,2024-08-10,2024-08-11,661,621,274,Open
PO_101149,SUP_124,PROD_0146,2024/05/29,2024-06-16,2024-06-14,555,539,248,Delayed
PO_101150,SUP_096,PROD_0280,05-05-2024,2024-05-22,2024-05-19,1117,976,412,Open
PO_101151,SUP_123,PROD_0289,24-04-2024,2024-04-29,2024-05-02,1679,1454,158,Delayed
PO_101152,SUP_025,PROD_0288,2024/06/08,2024-06-23,2024-06-22,1758,1580,362,Closed
PO_101153,SUP_122,PROD_0268,2024/09/07,2024-09-19,2024-09-17,389,376,246,Delayed
PO_101154,SUP_087,PROD_0078,29-04-2024,2024-05-05,2024-05-09,616,527,250,Open
PO_101155,SUP_144,PROD_0251,18-12-2024,2025-01-05,2025-01-02,649,620,393,Open
PO_101156,SUP_143,PROD_0042,09-06-2024,2024-06-21,2024-06-23,1044,913,402,Open
PO_101157,SUP_134,PROD_0063,24-12-2024,2024-12-31,2025-01-03,360,316,427,Closed
PO_101158,SUP_161,PROD_0269,12-08-2024,2024-08-20,2024-08-17,1913,1875,257,Closed
PO_101159,SUP_076,PROD_0139,07-10-2024,2024-10-25,2024-10-28,118,116,191,Open
PO_101160,SUP_134,PROD_0105,10-11-2024,2024-11-26,2024-12-02,1431,1421,124,Delayed
PO_101161,SUP_054,PROD_0170,31-12-2024,2025-01-16,2025-01-21,1338,1328,168,Delayed
PO_101162,SUP_082,PROD_0214,10-03-2024,2024-03-20,2024-03-25,1564,1374,464,Closed
PO_101163,SUP_178,PROD_0049,28-08-2024,2024-09-04,2024-09-01,738,695,399,Open
PO_101164,SUP_018,PROD_0180,2024/06/18,2024-06-26,2024-06-23,1379,1334,279,Delayed
PO_101165,SUP_110,PROD_0300,25-04-2024,2024-05-11,2024-05-08,2000,1856,138,Open
PO_101166,SUP_052,PROD_0040,2024/11/15,2024-12-02,2024-12-03,1249,1212,317,Closed
PO_101167,SUP_033,PROD_0268,2024/02/22,2024-03-04,2024-03-05,465,444,174,Open
PO_101168,SUP_001,PROD_0119,21-10-2024,2024-11-03,2024-11-09,1469,1303,282,Closed
PO_101169,SUP_083,PROD_0040,2024/11/10,2024-11-19,2024-11-18,437,377,283,Closed
PO_101170,SUP_129,PROD_0061,18-09-2024,2024-10-07,2024-10-10,1461,1302,281,Delayed
PO_101171,SUP_134,PROD_0163,20-07-2024,2024-08-06,2024-08-09,1546,1449,282,Closed
PO_101172,SUP_037,PROD_0224,05-11-2024,2024-11-16,2024-11-15,1397,1330,466,Open
PO_101173,SUP_090,PROD_0092,07-09-2024,2024-09-20,2024-09-18,1242,1061,500,Open
PO_101174,SUP_049,PROD_0196,2024/08/26,2024-09-11,2024-09-14,537,503,355,Closed
PO_101175,SUP_151,PROD_0159,06-01-2024,2024-01-17,2024-01-21,839,755,309,Closed
PO_101176,SUP_009,PROD_0141,2024/07/07,2024-07-20,2024-07-25,1987,1933,46,Open
PO_101177,SUP_008,PROD_0242,2024/01/23,2024-02-05,2024-02-06,1380,1328,69,Delayed
PO_101178,SUP_193,PROD_0280,2024/08/20,2024-09-09,2024-09-08,1069,934,423,Closed
PO_101179,SUP_189,PROD_0091,08-07-2024,2024-07-13,2024-07-19,1931,1708,405,Closed
PO_101180,SUP_081,PROD_0050,2024/08/02,2024-08-10,2024-08-07,1008,995,366,Open
PO_101181,SUP_082,PROD_0087,2024/04/09,2024-04-14,2024-04-16,1814,1728,384,Delayed
PO_101182,SUP_017,PROD_0099,2024/01/08,2024-01-25,2024-01-28,1815,1798,381,Closed
PO_101183,SUP_051,PROD_0259,16-05-2024,2024-05-23,2024-05-22,1008,960,62,Closed
PO_101184,SUP_088,PROD_0239,21-11-2024,2024-11-26,2024-11-27,660,633,327,Delayed
PO_101185,SUP_023,PROD_0096,14-02-2024,2024-03-04,2024-03-02,338,307,86,Delayed
PO_101186,SUP_096,PROD_0236,16-11-2024,2024-11-21,2024-11-20,1715,1498,45,Delayed
PO_101187,SUP_080,PROD_0028,2024/05/06,2024-05-20,2024-05-20,1630,1482,426,Delayed
PO_101188,SUP_058,PROD_0097,26-05-2024,2024-06-05,2024-06-06,387,345,329,Closed
PO_101189,SUP_126,PROD_0182,31-03-2024,2024-04-14,2024-04-15,1528,1446,265,Open
PO_101190,SUP_040,PROD_0276,2024/06/27,2024-07-16,2024-07-15,175,166,467,Closed
PO_101191,SUP_074,PROD_0107,2024/12/25,2025-01-12,2025-01-14,1423,1296,455,Delayed
PO_101192,SUP_056,PROD_0240,14-09-2024,2024-09-27,2024-09-25,1151,1044,435,Closed
PO_101193,SUP_096,PROD_0289,2024/02/29,2024-03-10,2024-03-14,386,352,279,Delayed
PO_101194,SUP_003,PROD_0082,2024/10/28,2024-11-03,2024-11-05,1536,1412,93,Open
PO_101195,SUP_120,PROD_0280,20-06-2024,2024-07-05,2024-07-03,483,433,223,Closed
PO_101196,SUP_103,PROD_0243,12-08-2024,2024-08-31,2024-09-06,1279,1149,395,Open
PO_101197,SUP_060,PROD_0260,10-07-2024,2024-07-25,2024-07-29,1489,1292,245,Open
PO_101198,SUP_132,PROD_0086,06-08-2024,2024-08-19,2024-08-25,920,858,343,Delayed
PO_101199,SUP_086,PROD_0028,23-12-2024,2025-01-03,2025-01-09,1639,1416,111,Open
PO_101200,SUP_169,PROD_0076,13-03-2024,2024-03-29,2024-04-02,910,824,124,Closed
PO_101201,SUP_112,PROD_0047,2024/06/03,2024-06-17,2024-06-15,478,437,160,Closed
PO_101202,SUP_121,PROD_0282,16-12-2024,2025-01-01,2024-12-29,1077,1015,121,Delayed
PO_101203,SUP_196,PROD_0050,2024/04/18,2024-05-08,2024-05-11,1802,1729,277,Closed
PO_101204,SUP_173,PROD_0218,2024/06/11,2024-06-20,2024-06-23,1683,1582,207,Open
PO_101205,SUP_151,PROD_0014,2024/09/30,2024-10-07,2024-10-09,1100,991,382,Delayed
PO_101206,SUP_001,PROD_0204,2024/04/01,2024-04-13,2024-04-15,841,733,214,Delayed
PO_101207,SUP_112,PROD_0048,27-04-2024,2024-05-06,2024-05-10,484,454,62,Open
PO_101208,SUP_173,PROD_0247,30-11-2024,2024-12-10,2024-12-13,408,348,185,Open
PO_101209,SUP_028,PROD_0239,2024/08/03,2024-08-13,2024-08-12,915,798,389,Open
PO_101210,SUP_082,PROD_0066,17-12-2024,2024-12-25,2024-12-28,1745,1742,453,Open
PO_101211,SUP_103,PROD_0217,2024/12/17,2025-01-05,2025-01-02,1095,943,374,Open
PO_101212,SUP_116,PROD_0258,2024/08/05,2024-08-18,2024-08-16,1336,1230,453,Open
PO_101213,SUP_109,PROD_0273,2024/12/30,2025-01-14,2025-01-19,847,817,97,Delayed
PO_101214,SUP_051,PROD_0264,2024/02/10,2024-02-19,2024-02-16,790,775,402,Delayed
PO_101215,SUP_126,PROD_0236,20-08-2024,2024-09-07,2024-09-04,1051,986,184,Closed
PO_101216,SUP_197,PROD_0013,2024/11/02,2024-11-18,2024-11-19,971,963,212,Open
PO_101217,SUP_077,PROD_0019,01-04-2024,2024-04-15,2024-04-17,954,838,48,Open
PO_101218,SUP_033,PROD_0075,2024/01/19,2024-02-05,2024-02-05,458,452,83,Open
PO_101219,SUP_188,PROD_0269,20-05-2024,2024-06-05,2024-06-09,1511,1429,356,Open
PO_101220,SUP_186,PROD_0052,21-01-2024,2024-01-28,2024-01-30,863,830,59,Delayed
PO_101221,SUP_192,PROD_0132,10-02-2024,2024-02-25,2024-02-26,965,840,245,Open
PO_101222,SUP_139,PROD_0125,2024/02/29,2024-03-11,2024-03-17,634,626,195,Closed
PO_101223,SUP_177,PROD_0096,10-07-2024,2024-07-30,2024-07-30,1657,1478,263,Delayed
PO_101224,SUP_070,PROD_0003,2024/12/09,2024-12-15,2024-12-21,916,882,132,Closed
PO_101225,SUP_163,PROD_0163,10-01-2024,2024-01-28,2024-01-27,662,574,176,Closed
PO_101226,SUP_187,PROD_0236,2024/04/25,2024-04-30,2024-05-02,552,544,72,Open
PO_101227,SUP_004,PROD_0176,2024/11/21,2024-12-06,2024-12-11,896,848,283,Open
PO_101228,SUP_054,PROD_0273,2024/06/26,2024-07-15,2024-07-14,1046,932,477,Delayed
PO_101229,SUP_021,PROD_0250,2024/07/18,2024-07-31,2024-08-03,166,158,378,Open
PO_101230,SUP_081,PROD_0232,12-02-2024,2024-02-23,2024-02-28,856,846,195,Closed
PO_101231,SUP_196,PROD_0012,20-03-2024,2024-03-30,2024-04-05,820,793,329,Open
PO_101232,SUP_156,PROD_0064,11-10-2024,2024-10-31,2024-10-31,868,761,315,Open
PO_101233,SUP_041,PROD_0206,21-04-2024,2024-05-02,2024-04-30,1268,1217,188,Open
PO_101234,SUP_198,PROD_0186,29-06-2024,2024-07-10,2024-07-13,1944,1706,346,Delayed
PO_101235,SUP_104,PROD_0254,17-12-2024,2025-01-01,2025-01-06,1196,1134,312,Open
PO_101236,SUP_086,PROD_0238,18-08-2024,2024-08-28,2024-08-27,919,825,187,Delayed
PO_101237,SUP_106,PROD_0097,2024/02/20,2024-03-08,2024-03-14,1437,1383,254,Closed
PO_101238,SUP_021,PROD_0293,2024/11/12,2024-11-24,2024-11-23,1348,1332,357,Open
PO_101239,SUP_121,PROD_0047,2024/01/12,2024-01-27,2024-02-02,611,566,125,Closed
PO_101240,SUP_042,PROD_0235,03-11-2024,2024-11-20,2024-11-25,1147,1068,482,Delayed
PO_101241,SUP_076,PROD_0034,02-05-2024,2024-05-12,2024-05-16,1559,1553,142,Closed
PO_101242,SUP_062,PROD_0091,2024/04/15,2024-05-04,2024-05-08,601,569,390,Delayed
PO_101243,SUP_041,PROD_0126,2024/11/24,2024-12-02,2024-12-08,1815,1778,209,Delayed
PO_101244,SUP_134,PROD_0241,05-02-2024,2024-02-10,2024-02-07,1496,1491,386,Open
PO_101245,SUP_184,PROD_0274,2024/02/06,2024-02-24,2024-02-25,1909,1634,406,Open
PO_101246,SUP_186,PROD_0021,2024/09/03,2024-09-09,2024-09-10,1762,1683,243,Open
PO_101247,SUP_068,PROD_0297,18-09-2024,2024-10-07,2024-10-10,1712,1512,103,Delayed
PO_101248,SUP_063,PROD_0248,27-03-2024,2024-04-12,2024-04-15,1444,1280,213,Open
PO_101249,SUP_193,PROD_0126,2024/02/19,2024-03-05,2024-03-03,1038,948,500,Open
PO_101250,SUP_146,PROD_0141,2024/05/31,2024-06-19,2024-06-21,1712,1473,270,Closed
PO_101251,SUP_093,PROD_0150,16-03-2024,2024-03-30,2024-03-27,552,508,490,Delayed
PO_101252,SUP_040,PROD_0066,2024/03/22,2024-04-05,2024-04-09,1560,1363,265,Delayed
PO_101253,SUP_055,PROD_0299,29-05-2024,2024-06-15,2024-06-16,1404,1270,156,Closed
PO_101254,SUP_133,PROD_0208,2024/10/26,2024-10-31,2024-11-01,845,840,409,Delayed
PO_101255,SUP_134,PROD_0192,2024/03/28,2024-04-13,2024-04-12,1302,1202,476,Open
PO_101256,SUP_098,PROD_0008,27-11-2024,2024-12-07,2024-12-12,1087,939,129,Open
PO_101257,SUP_200,PROD_0062,25-04-2024,2024-05-09,2024-05-09,559,558,116,Closed
PO_101258,SUP_192,PROD_0269,2024/07/01,2024-07-21,2024-07-25,1266,1134,366,Delayed
PO_101259,SUP_085,PROD_0260,13-04-2024,2024-04-29,2024-04-26,916,795,360,Open
PO_101260,SUP_063,PROD_0132,2024/10/10,2024-10-17,2024-10-14,1014,907,330,Delayed
PO_101261,SUP_011,PROD_0137,29-11-2024,2024-12-11,2024-12-11,1512,1426,407,Open
PO_101262,SUP_016,PROD_0107,2024/02/16,2024-02-27,2024-02-25,1955,1777,107,Closed
PO_101263,SUP_014,PROD_0164,2024/10/26,2024-11-15,2024-11-19,301,295,314,Closed
PO_101264,SUP_026,PROD_0278,10-04-2024,2024-04-30,2024-04-28,1005,1004,82,Closed
PO_101265,SUP_029,PROD_0227,2024/11/02,2024-11-22,2024-11-23,1265,1239,44,Closed
PO_101266,SUP_070,PROD_0253,28-10-2024,2024-11-16,2024-11-13,615,602,426,Closed
PO_101267,SUP_137,PROD_0128,17-06-2024,2024-07-07,2024-07-12,681,621,370,Open
PO_101268,SUP_125,PROD_0004,2024/12/13,2024-12-27,2024-12-31,328,298,427,Delayed
PO_101269,SUP_173,PROD_0156,2024/08/28,2024-09-17,2024-09-16,466,408,73,Open
PO_101270,SUP_055,PROD_0158,2024/06/24,2024-07-04,2024-07-04,1694,1595,95,Open
PO_101271,SUP_054,PROD_0293,2024/09/28,2024-10-18,2024-10-16,1502,1448,193,Closed
PO_101272,SUP_041,PROD_0081,2024/06/14,2024-06-24,2024-06-24,1669,1501,242,Delayed
PO_101273,SUP_078,PROD_0190,30-08-2024,2024-09-17,2024-09-18,568,500,174,Open
PO_101274,SUP_101,PROD_0214,19-06-2024,2024-07-05,2024-07-07,1021,868,197,Open
PO_101275,SUP_117,PROD_0141,29-01-2024,2024-02-16,2024-02-18,1422,1212,452,Delayed
PO_101276,SUP_083,PROD_0219,13-04-2024,2024-04-24,2024-04-25,703,698,466,Open
PO_101277,SUP_071,PROD_0055,15-06-2024,2024-06-26,2024-06-26,1364,1178,297,Closed
PO_101278,SUP_012,PROD_0200,23-03-2024,2024-04-07,2024-04-11,1577,1516,343,Delayed
PO_101279,SUP_026,PROD_0029,06-09-2024,2024-09-18,2024-09-19,1342,1303,340,Open
PO_101280,SUP_035,PROD_0038,21-05-2024,2024-06-06,2024-06-10,1991,1858,185,Delayed
PO_101281,SUP_144,PROD_0046,2024/07/30,2024-08-08,2024-08-07,1307,1222,193,Closed
PO_101282,SUP_006,PROD_0072,16-06-2024,2024-06-29,2024-07-04,1187,1025,458,Delayed
PO_101283,SUP_055,PROD_0095,30-12-2024,2025-01-14,2025-01-16,1953,1824,435,Open
PO_101284,SUP_181,PROD_0133,2024/04/26,2024-05-15,2024-05-17,782,696,141,Delayed
PO_101285,SUP_125,PROD_0025,12-01-2024,2024-01-21,2024-01-19,1415,1414,250,Delayed
PO_101286,SUP_130,PROD_0168,2024/01/31,2024-02-16,2024-02-13,1258,1206,263,Open
PO_101287,SUP_143,PROD_0058,2024/05/24,2024-06-08,2024-06-06,1604,1499,78,Closed
PO_101288,SUP_049,PROD_0038,2024/09/19,2024-09-26,2024-10-02,1989,1910,279,Open
PO_101289,SUP_166,PROD_0295,26-08-2024,2024-09-14,2024-09-13,1432,1303,209,Open
PO_101290,SUP_160,PROD_0200,27-09-2024,2024-10-15,2024-10-12,922,787,334,Closed
PO_101291,SUP_150,PROD_0168,2024/04/25,2024-05-10,2024-05-13,408,380,172,Open
PO_101292,SUP_184,PROD_0296,2024/11/30,2024-12-11,2024-12-17,1995,1773,221,Closed
PO_101293,SUP_155,PROD_0021,16-03-2024,2024-03-27,2024-03-28,471,416,91,Delayed
PO_101294,SUP_169,PROD_0107,2024/06/27,2024-07-04,2024-07-06,1882,1702,201,Open
PO_101295,SUP_007,PROD_0071,2024/03/24,2024-04-11,2024-04-12,577,546,151,Closed
PO_101296,SUP_054,PROD_0195,2024/07/11,2024-07-16,2024-07-20,1876,1619,420,Open
PO_101297,SUP_032,PROD_0048,12-08-2024,2024-08-29,2024-08-29,521,464,434,Delayed
PO_101298,SUP_126,PROD_0184,23-10-2024,2024-10-31,2024-10-30,1649,1592,147,Open
PO_101299,SUP_123,PROD_0131,2024/07/31,2024-08-11,2024-08-11,285,274,449,Closed
PO_101300,SUP_026,PROD_0182,21-08-2024,2024-08-26,2024-08-23,878,838,451,Open
PO_101301,SUP_165,PROD_0200,03-02-2024,2024-02-21,2024-02-22,569,543,399,Closed
PO_101302,SUP_145,PROD_0005,20-05-2024,2024-06-04,2024-06-01,388,337,473,Delayed
PO_101303,SUP_054,PROD_0151,20-03-2024,2024-03-29,2024-04-02,1661,1506,59,Delayed
PO_101304,SUP_039,PROD_0093,2024/07/31,2024-08-10,2024-08-13,453,431,129,Closed
PO_101305,SUP_096,PROD_0136,24-03-2024,2024-03-29,2024-04-02,517,480,196,Closed
PO_101306,SUP_037,PROD_0209,14-01-2024,2024-01-29,2024-01-26,1920,1655,280,Delayed
PO_101307,SUP_058,PROD_0048,12-07-2024,2024-07-22,2024-07-21,305,285,47,Closed
PO_101308,SUP_113,PROD_0069,2024/02/27,2024-03-18,2024-03-22,950,807,478,Open
PO_101309,SUP_094,PROD_0050,2024/08/31,2024-09-20,2024-09-21,362,337,205,Open
PO_101310,SUP_037,PROD_0116,19-10-2024,2024-10-30,2024-10-29,549,476,303,Delayed
PO_101311,SUP_058,PROD_0129,18-02-2024,2024-03-06,2024-03-07,1916,1722,354,Delayed
PO_101312,SUP_134,PROD_0265,2024/12/03,2024-12-17,2024-12-19,1555,1468,276,Open
PO_101313,SUP_189,PROD_0018,08-03-2024,2024-03-23,2024-03-26,867,834,378,Delayed
PO_101314,SUP_061,PROD_0083,2024/01/25,2024-02-05,2024-02-04,129,121,113,Open
PO_101315,SUP_148,PROD_0208,06-01-2024,2024-01-26,2024-01-30,1856,1808,216,Closed
PO_101316,SUP_168,PROD_0264,2024/08/20,2024-09-02,2024-09-07,1000,936,100,Open
PO_101317,SUP_141,PROD_0234,05-04-2024,2024-04-18,2024-04-20,1752,1538,486,Delayed
PO_101318,SUP_007,PROD_0279,24-06-2024,2024-07-07,2024-07-05,1701,1509,227,Closed
PO_101319,SUP_033,PROD_0178,2024/04/26,2024-05-15,2024-05-13,346,313,321,Open
PO_101320,SUP_131,PROD_0100,2024/08/11,2024-08-18,2024-08-23,473,420,243,Delayed
PO_101321,SUP_154,PROD_0078,23-04-2024,2024-04-28,2024-04-28,1602,1505,421,Delayed
PO_101322,SUP_136,PROD_0086,25-09-2024,2024-10-01,2024-10-06,842,810,316,Closed
PO_101323,SUP_184,PROD_0078,2024/02/21,2024-03-02,2024-03-08,563,547,471,Delayed
PO_101324,SUP_134,PROD_0216,05-08-2024,2024-08-16,2024-08-17,200,198,245,Open
PO_101325,SUP_065,PROD_0285,27-08-2024,2024-09-11,2024-09-10,1577,1511,193,Open
PO_101326,SUP_124,PROD_0083,16-04-2024,2024-04-23,2024-04-20,1646,1594,250,Closed
PO_101327,SUP_090,PROD_0037,19-07-2024,2024-07-29,2024-08-01,900,822,342,Open
PO_101328,SUP_173,PROD_0078,2024/03/12,2024-03-29,2024-03-27,1586,1400,418,Open
PO_101329,SUP_080,PROD_0269,13-03-2024,2024-03-26,2024-03-28,122,106,366,Delayed
PO_101330,SUP_032,PROD_0278,02-11-2024,2024-11-22,2024-11-22,1452,1424,264,Delayed
PO_101331,SUP_088,PROD_0140,2024/08/20,2024-08-29,2024-08-27,1902,1636,426,Open
PO_101332,SUP_182,PROD_0250,10-05-2024,2024-05-18,2024-05-22,972,900,339,Closed
PO_101333,SUP_093,PROD_0124,2024/09/24,2024-10-02,2024-09-30,1598,1580,348,Delayed
PO_101334,SUP_198,PROD_0144,10-09-2024,2024-09-28,2024-10-01,216,200,366,Open
PO_101335,SUP_092,PROD_0043,23-11-2024,2024-12-08,2024-12-11,1465,1248,468,Closed
PO_101336,SUP_112,PROD_0137,31-12-2024,2025-01-20,2025-01-20,1299,1130,293,Delayed
PO_101337,SUP_098,PROD_0022,2024/09/06,2024-09-23,2024-09-29,1162,1141,485,Closed
PO_101338,SUP_062,PROD_0185,2024/10/29,2024-11-06,2024-11-12,294,286,100,Delayed
PO_101339,SUP_166,PROD_0226,29-12-2024,2025-01-16,2025-01-19,1571,1553,421,Open
PO_101340,SUP_200,PROD_0222,2024/10/20,2024-10-26,2024-10-29,1765,1513,452,Closed
PO_101341,SUP_106,PROD_0015,17-10-2024,2024-10-27,2024-10-24,1391,1368,208,Open
PO_101342,SUP_013,PROD_0167,09-05-2024,2024-05-25,2024-05-27,821,755,167,Delayed
PO_101343,SUP_141,PROD_0165,2024/11/21,2024-12-04,2024-12-03,528,499,325,Open
PO_101344,SUP_190,PROD_0117,2024/03/29,2024-04-18,2024-04-16,783,705,220,Open
PO_101345,SUP_048,PROD_0196,21-02-2024,2024-02-28,2024-03-02,740,654,358,Open
PO_101346,SUP_093,PROD_0082,28-12-2024,2025-01-17,2025-01-19,790,692,452,Open
PO_101347,SUP_180,PROD_0287,2024/01/09,2024-01-17,2024-01-17,1291,1172,198,Delayed
PO_101348,SUP_024,PROD_0047,02-10-2024,2024-10-12,2024-10-15,1366,1343,396,Delayed
PO_101349,SUP_091,PROD_0204,05-12-2024,2024-12-22,2024-12-23,398,346,406,Open
PO_101350,SUP_058,PROD_0227,23-02-2024,2024-03-08,2024-03-14,1267,1086,82,Closed
PO_101351,SUP_178,PROD_0113,07-10-2024,2024-10-16,2024-10-17,153,137,293,Closed
PO_101352,SUP_006,PROD_0248,13-08-2024,2024-08-24,2024-08-23,125,120,191,Open
PO_101353,SUP_103,PROD_0295,2024/10/11,2024-10-22,2024-10-25,481,457,474,Delayed
PO_101354,SUP_061,PROD_0164,13-05-2024,2024-05-29,2024-05-30,983,973,229,Open
PO_101355,SUP_064,PROD_0276,2024/02/09,2024-02-18,2024-02-20,1861,1646,463,Closed
PO_101356,SUP_155,PROD_0117,2024/09/16,2024-10-06,2024-10-11,742,722,93,Open
PO_101357,SUP_118,PROD_0225,2024/12/25,2025-01-06,2025-01-10,651,616,334,Delayed
PO_101358,SUP_167,PROD_0030,11-08-2024,2024-08-18,2024-08-17,145,134,326,Open
PO_101359,SUP_185,PROD_0142,27-12-2024,2025-01-05,2025-01-03,1496,1416,221,Open
PO_101360,SUP_102,PROD_0111,2024/01/15,2024-02-04,2024-02-07,1542,1479,431,Open
PO_101361,SUP_131,PROD_0209,2024/06/07,2024-06-21,2024-06-23,576,507,331,Delayed
PO_101362,SUP_092,PROD_0062,2024/12/14,2024-12-29,2024-12-26,1348,1343,67,Closed
PO_101363,SUP_050,PROD_0128,10-11-2024,2024-11-17,2024-11-22,947,849,413,Closed
PO_101364,SUP_104,PROD_0294,16-01-2024,2024-02-05,2024-02-03,779,751,85,Delayed
PO_101365,SUP_088,PROD_0094,17-07-2024,2024-08-04,2024-08-07,1526,1321,282,Open
PO_101366,SUP_048,PROD_0134,30-06-2024,2024-07-10,2024-07-13,1900,1820,169,Closed
PO_101367,SUP_135,PROD_0132,2024/04/26,2024-05-12,2024-05-10,795,677,271,Delayed
PO_101368,SUP_136,PROD_0007,01-02-2024,2024-02-07,2024-02-09,295,250,126,Open
PO_101369,SUP_018,PROD_0089,2024/07/15,2024-07-29,2024-07-26,1738,1573,330,Delayed
PO_101370,SUP_025,PROD_0080,2024/11/13,2024-12-03,2024-12-02,1196,1169,151,Open
PO_101371,SUP_046,PROD_0260,2024/10/20,2024-10-30,2024-11-03,1546,1352,473,Open
PO_101372,SUP_080,PROD_0150,2024/01/16,2024-01-22,2024-01-27,1919,1686,446,Open
PO_101373,SUP_128,PROD_0099,2024/12/15,2024-12-25,2024-12-31,1161,1140,125,Closed
PO_101374,SUP_115,PROD_0060,2024/11/09,2024-11-24,2024-11-28,1448,1401,320,Delayed
PO_101375,SUP_126,PROD_0097,03-02-2024,2024-02-18,2024-02-18,848,823,112,Closed
PO_101376,SUP_182,PROD_0051,2024/07/02,2024-07-08,2024-07-12,1760,1542,471,Delayed
PO_101377,SUP_134,PROD_0202,2024/12/01,2024-12-16,2024-12-21,1253,1204,334,Delayed
PO_101378,SUP_075,PROD_0219,2024/04/12,2024-04-26,2024-04-28,377,345,269,Open
PO_101379,SUP_144,PROD_0248,12-07-2024,2024-07-19,2024-07-23,148,144,291,Open
PO_101380,SUP_136,PROD_0022,2024/06/05,2024-06-25,2024-06-26,1678,1474,390,Closed
PO_101381,SUP_013,PROD_0156,2024/06/06,2024-06-16,2024-06-18,1613,1469,64,Closed
PO_101382,SUP_046,PROD_0261,2024/06/29,2024-07-05,2024-07-08,1612,1464,300,Delayed
PO_101383,SUP_057,PROD_0164,2024/12/23,2024-12-29,2024-12-29,302,260,274,Delayed
PO_101384,SUP_012,PROD_0196,2024/04/14,2024-05-04,2024-05-04,1269,1130,367,Delayed
PO_101385,SUP_085,PROD_0091,2024/02/29,2024-03-14,2024-03-11,1952,1858,163,Closed
PO_101386,SUP_160,PROD_0133,2024/07/09,2024-07-26,2024-07-23,419,410,112,Delayed
PO_101387,SUP_070,PROD_0210,2024/10/19,2024-11-02,2024-11-02,1899,1619,374,Open
PO_101388,SUP_125,PROD_0130,2024/07/30,2024-08-16,2024-08-17,1825,1556,137,Delayed
PO_101389,SUP_170,PROD_0115,20-12-2024,2025-01-06,2025-01-03,1525,1314,432,Delayed
PO_101390,SUP_047,PROD_0275,28-02-2024,2024-03-07,2024-03-06,1947,1821,445,Closed
PO_101391,SUP_146,PROD_0134,11-05-2024,2024-05-28,2024-05-29,1198,1045,186,Closed
PO_101392,SUP_033,PROD_0266,21-07-2024,2024-08-01,2024-07-30,1236,1059,473,Open
PO_101393,SUP_048,PROD_0043,2024/09/02,2024-09-10,2024-09-08,568,490,59,Closed
PO_101394,SUP_197,PROD_0022,11-08-2024,2024-08-27,2024-08-31,1612,1539,113,Delayed
PO_101395,SUP_040,PROD_0175,06-04-2024,2024-04-17,2024-04-19,189,187,331,Open
PO_101396,SUP_098,PROD_0079,30-03-2024,2024-04-15,2024-04-19,510,470,369,Delayed
PO_101397,SUP_185,PROD_0225,02-02-2024,2024-02-14,2024-02-13,1384,1182,139,Open
PO_101398,SUP_037,PROD_0281,2024/02/05,2024-02-17,2024-02-23,1182,1085,187,Closed
PO_101399,SUP_185,PROD_0087,27-02-2024,2024-03-05,2024-03-08,1160,1068,313,Open
PO_101400,SUP_001,PROD_0289,20-01-2024,2024-01-29,2024-01-27,1501,1289,159,Open
PO_101401,SUP_140,PROD_0038,17-10-2024,2024-10-25,2024-10-25,1660,1416,361,Delayed
PO_101402,SUP_192,PROD_0122,31-08-2024,2024-09-17,2024-09-18,1504,1452,355,Open
PO_101403,SUP_040,PROD_0233,09-11-2024,2024-11-22,2024-11-24,1403,1329,272,Open
PO_101404,SUP_100,PROD_0132,24-04-2024,2024-05-03,2024-05-04,1404,1234,414,Open
PO_101405,SUP_182,PROD_0278,11-01-2024,2024-01-29,2024-01-30,394,388,61,Closed
PO_101406,SUP_107,PROD_0236,24-07-2024,2024-08-02,2024-08-04,526,504,247,Open
PO_101407,SUP_035,PROD_0272,2024/07/17,2024-08-05,2024-08-07,791,698,206,Closed
PO_101408,SUP_159,PROD_0187,2024/04/21,2024-05-02,2024-05-08,498,482,487,Delayed
PO_101409,SUP_028,PROD_0278,28-07-2024,2024-08-13,2024-08-14,537,513,241,Open
PO_101410,SUP_041,PROD_0197,15-11-2024,2024-12-03,2024-11-30,508,497,151,Open
PO_101411,SUP_171,PROD_0089,02-04-2024,2024-04-21,2024-04-18,1521,1361,145,Delayed
PO_101412,SUP_039,PROD_0211,2024/12/14,2024-12-23,2024-12-26,1277,1166,440,Open
PO_101413,SUP_157,PROD_0272,2024/05/05,2024-05-14,2024-05-18,747,728,352,Delayed
PO_101414,SUP_014,PROD_0170,19-01-2024,2024-01-27,2024-01-25,275,238,50,Open
PO_101415,SUP_093,PROD_0162,2024/07/01,2024-07-12,2024-07-11,536,529,197,Open
PO_101416,SUP_144,PROD_0082,31-08-2024,2024-09-15,2024-09-14,693,608,195,Closed
PO_101417,SUP_144,PROD_0283,31-07-2024,2024-08-08,2024-08-13,1964,1909,356,Delayed
PO_101418,SUP_025,PROD_0021,2024/05/23,2024-06-04,2024-06-02,1459,1274,115,Open
PO_101419,SUP_177,PROD_0186,30-08-2024,2024-09-16,2024-09-20,449,437,432,Delayed
PO_101420,SUP_172,PROD_0291,2024/10/19,2024-10-29,2024-11-02,1930,1816,50,Open
PO_101421,SUP_174,PROD_0202,2024/02/13,2024-02-29,2024-02-27,462,411,109,Closed
PO_101422,SUP_022,PROD_0182,2024/12/08,2024-12-19,2024-12-21,698,670,404,Open
PO_101423,SUP_132,PROD_0144,09-01-2024,2024-01-27,2024-01-26,847,725,475,Open
PO_101424,SUP_068,PROD_0230,2024/06/12,2024-06-22,2024-06-19,1429,1324,162,Open
PO_101425,SUP_009,PROD_0067,21-01-2024,2024-02-03,2024-02-07,1450,1391,81,Closed
PO_101426,SUP_098,PROD_0199,2024/10/20,2024-10-25,2024-10-26,879,756,142,Delayed
PO_101427,SUP_109,PROD_0209,2024/12/10,2024-12-23,2024-12-26,787,758,227,Open
PO_101428,SUP_069,PROD_0043,08-03-2024,2024-03-24,2024-03-25,1231,1161,138,Delayed
PO_101429,SUP_033,PROD_0055,13-02-2024,2024-02-28,2024-03-04,1934,1767,98,Closed
PO_101430,SUP_200,PROD_0045,2024/03/31,2024-04-16,2024-04-14,415,361,332,Closed
PO_101431,SUP_118,PROD_0170,2024/01/07,2024-01-22,2024-01-28,244,213,119,Delayed
PO_101432,SUP_048,PROD_0047,2024/03/03,2024-03-09,2024-03-08,508,442,421,Closed
PO_101433,SUP_083,PROD_0272,09-08-2024,2024-08-21,2024-08-21,202,183,407,Open
PO_101434,SUP_188,PROD_0032,11-04-2024,2024-05-01,2024-05-07,1546,1427,135,Closed
PO_101435,SUP_139,PROD_0295,16-09-2024,2024-09-21,2024-09-19,460,415,141,Delayed
PO_101436,SUP_059,PROD_0084,04-03-2024,2024-03-11,2024-03-11,483,460,474,Delayed
PO_101437,SUP_056,PROD_0219,2024/10/30,2024-11-13,2024-11-19,944,866,299,Open
PO_101438,SUP_016,PROD_0033,03-05-2024,2024-05-08,2024-05-09,676,637,426,Open
PO_101439,SUP_115,PROD_0007,2024/01/31,2024-02-18,2024-02-16,1480,1448,431,Delayed
PO_101440,SUP_156,PROD_0034,2024/02/15,2024-03-01,2024-03-07,1679,1572,225,Open
PO_101441,SUP_128,PROD_0154,12-06-2024,2024-07-01,2024-07-03,1620,1572,455,Open
PO_101442,SUP_091,PROD_0210,09-06-2024,2024-06-20,2024-06-20,1302,1225,127,Open
PO_101443,SUP_040,PROD_0073,15-06-2024,2024-07-02,2024-07-06,1879,1794,500,Open
PO_101444,SUP_103,PROD_0188,2024/01/13,2024-01-22,2024-01-24,881,751,485,Open
PO_101445,SUP_005,PROD_0201,04-12-2024,2024-12-14,2024-12-13,1314,1236,134,Closed
PO_101446,SUP_078,PROD_0282,18-05-2024,2024-06-02,2024-06-02,144,130,294,Closed
PO_101447,SUP_041,PROD_0250,07-04-2024,2024-04-27,2024-05-03,1582,1514,295,Closed
PO_101448,SUP_075,PROD_0073,29-06-2024,2024-07-07,2024-07-05,762,677,401,Delayed
PO_101449,SUP_162,PROD_0082,2024/09/10,2024-09-21,2024-09-24,1104,1024,46,Delayed
PO_101450,SUP_073,PROD_0175,08-06-2024,2024-06-26,2024-07-02,349,342,346,Open
PO_101451,SUP_115,PROD_0190,18-12-2024,2024-12-27,2024-12-29,1257,1174,282,Closed
PO_101452,SUP_163,PROD_0244,2024/04/17,2024-05-02,2024-05-02,1963,1811,486,Delayed
PO_101453,SUP_162,PROD_0294,2024/06/23,2024-07-08,2024-07-08,1947,1771,105,Delayed
PO_101454,SUP_005,PROD_0161,30-10-2024,2024-11-11,2024-11-11,1100,1065,328,Closed
PO_101455,SUP_119,PROD_0137,2024/07/15,2024-07-24,2024-07-30,758,652,81,Open
PO_101456,SUP_200,PROD_0031,18-07-2024,2024-07-29,2024-07-30,1557,1444,113,Closed
PO_101457,SUP_144,PROD_0075,2024/04/24,2024-04-29,2024-05-01,829,804,462,Open
PO_101458,SUP_166,PROD_0097,2024/06/12,2024-07-02,2024-07-04,1338,1289,492,Delayed
PO_101459,SUP_130,PROD_0145,02-03-2024,2024-03-16,2024-03-13,1606,1428,493,Open
PO_101460,SUP_007,PROD_0015,04-08-2024,2024-08-09,2024-08-10,634,621,144,Delayed
PO_101461,SUP_038,PROD_0229,2024/08/03,2024-08-10,2024-08-12,1052,991,437,Delayed
PO_101462,SUP_051,PROD_0233,21-03-2024,2024-04-09,2024-04-11,320,290,180,Closed
PO_101463,SUP_084,PROD_0283,27-10-2024,2024-11-05,2024-11-07,134,128,103,Open
PO_101464,SUP_166,PROD_0166,2024/03/13,2024-03-28,2024-03-31,1226,1143,53,Closed
PO_101465,SUP_011,PROD_0262,2024/06/16,2024-06-22,2024-06-23,763,655,329,Delayed
PO_101466,SUP_027,PROD_0268,31-12-2024,2025-01-09,2025-01-13,230,205,74,Delayed
PO_101467,SUP_088,PROD_0036,30-04-2024,2024-05-07,2024-05-09,831,769,213,Open
PO_101468,SUP_178,PROD_0080,2024/10/06,2024-10-12,2024-10-17,952,949,368,Closed
PO_101469,SUP_067,PROD_0117,2024/04/16,2024-05-05,2024-05-04,336,300,430,Closed
PO_101470,SUP_123,PROD_0022,2024/11/26,2024-12-01,2024-11-28,1416,1213,471,Closed
PO_101471,SUP_194,PROD_0203,29-04-2024,2024-05-08,2024-05-07,1125,960,203,Delayed
PO_101472,SUP_141,PROD_0035,2024/05/28,2024-06-17,2024-06-14,1471,1260,405,Closed
PO_101473,SUP_090,PROD_0042,28-10-2024,2024-11-03,2024-11-03,570,558,338,Open
PO_101474,SUP_161,PROD_0145,2024/09/17,2024-09-27,2024-09-30,535,488,117,Delayed
PO_101475,SUP_066,PROD_0172,2024/07/10,2024-07-27,2024-07-26,1809,1637,143,Open
PO_101476,SUP_115,PROD_0263,13-05-2024,2024-05-30,2024-05-28,1432,1414,186,Open
PO_101477,SUP_191,PROD_0106,2024/04/14,2024-04-24,2024-04-22,185,163,238,Delayed
PO_101478,SUP_014,PROD_0118,01-06-2024,2024-06-12,2024-06-18,1774,1636,195,Closed
PO_101479,SUP_086,PROD_0106,2024/09/18,2024-09-23,2024-09-24,125,121,150,Delayed
PO_101480,SUP_126,PROD_0246,2024/07/17,2024-08-01,2024-08-05,900,838,348,Delayed
PO_101481,SUP_008,PROD_0026,07-05-2024,2024-05-14,2024-05-20,319,271,492,Open
PO_101482,SUP_041,PROD_0050,2024/01/01,2024-01-15,2024-01-19,881,761,413,Open
PO_101483,SUP_072,PROD_0214,20-04-2024,2024-05-01,2024-05-04,1619,1543,488,Closed
PO_101484,SUP_053,PROD_0062,01-06-2024,2024-06-07,2024-06-05,718,691,112,Delayed
PO_101485,SUP_186,PROD_0121,15-12-2024,2024-12-20,2024-12-24,457,446,47,Delayed
PO_101486,SUP_017,PROD_0079,2024/12/21,2025-01-03,2025-01-04,146,130,399,Closed
PO_101487,SUP_120,PROD_0212,22-07-2024,2024-08-08,2024-08-05,176,154,294,Closed
PO_101488,SUP_073,PROD_0246,22-10-2024,2024-10-28,2024-10-26,1676,1475,488,Open
PO_101489,SUP_001,PROD_0023,13-01-2024,2024-01-26,2024-01-26,580,565,393,Open
PO_101490,SUP_074,PROD_0187,2024/10/13,2024-11-02,2024-11-02,1565,1352,474,Delayed
PO_101491,SUP_096,PROD_0283,07-07-2024,2024-07-26,2024-07-30,1215,1170,123,Closed
PO_101492,SUP_120,PROD_0178,13-06-2024,2024-06-29,2024-07-02,456,424,337,Closed
PO_101493,SUP_023,PROD_0130,2024/12/10,2024-12-30,2025-01-04,935,829,224,Open
PO_101494,SUP_043,PROD_0022,2024/07/02,2024-07-21,2024-07-25,1643,1483,316,Delayed
PO_101495,SUP_191,PROD_0082,2024/11/16,2024-11-25,2024-12-01,799,787,316,Delayed
PO_101496,SUP_029,PROD_0257,12-03-2024,2024-03-23,2024-03-26,267,260,461,Closed
PO_101497,SUP_171,PROD_0085,2024/09/23,2024-10-01,2024-10-07,108,98,170,Delayed
PO_101498,SUP_096,PROD_0281,2024/12/29,2025-01-13,2025-01-17,339,313,206,Delayed
PO_101499,SUP_177,PROD_0055,2024/12/02,2024-12-19,2024-12-19,1281,1145,219,Delayed
PO_101500,SUP_049,PROD_0001,2024/11/25,2024-12-14,2024-12-13,1808,1794,395,Closed
PO_101501,SUP_104,PROD_0156,10-09-2024,2024-09-19,2024-09-17,1523,1505,196,Closed
PO_101502,SUP_031,PROD_0107,04-10-2024,2024-10-12,2024-10-12,148,130,48,Delayed
PO_101503,SUP_092,PROD_0207,06-02-2024,2024-02-13,2024-02-14,1026,874,100,Delayed
PO_101504,SUP_110,PROD_0245,01-11-2024,2024-11-15,2024-11-17,894,769,231,Delayed
PO_101505,SUP_180,PROD_0243,08-09-2024,2024-09-14,2024-09-18,754,750,219,Open
PO_101506,SUP_090,PROD_0252,2024/10/02,2024-10-10,2024-10-13,1510,1289,340,Open
PO_101507,SUP_022,PROD_0126,2024/01/20,2024-02-09,2024-02-07,1072,1072,169,Closed
PO_101508,SUP_009,PROD_0166,2024/08/20,2024-09-06,2024-09-08,594,543,349,Delayed
PO_101509,SUP_176,PROD_0066,26-12-2024,2025-01-14,2025-01-14,1356,1303,250,Delayed
PO_101510,SUP_179,PROD_0290,15-01-2024,2024-02-03,2024-02-01,1128,1057,132,Delayed
PO_101511,SUP_126,PROD_0090,2024/11/30,2024-12-06,2024-12-07,1299,1219,100,Open
PO_101512,SUP_176,PROD_0080,24-03-2024,2024-03-30,2024-03-31,1331,1150,209,Closed
PO_101513,SUP_168,PROD_0091,2024/09/03,2024-09-23,2024-09-23,111,106,238,Closed
PO_101514,SUP_127,PROD_0118,2024/06/03,2024-06-13,2024-06-13,796,767,483,Open
PO_101515,SUP_155,PROD_0289,24-12-2024,2025-01-01,2024-12-30,436,373,111,Open
PO_101516,SUP_178,PROD_0189,2024/09/11,2024-09-27,2024-09-30,142,140,402,Delayed
PO_101517,SUP_180,PROD_0217,24-02-2024,2024-03-13,2024-03-17,168,144,182,Closed
PO_101518,SUP_063,PROD_0071,2024/02/14,2024-02-27,2024-02-29,1072,941,245,Closed
PO_101519,SUP_169,PROD_0280,23-03-2024,2024-03-30,2024-04-05,482,456,380,Delayed
PO_101520,SUP_106,PROD_0060,14-05-2024,2024-06-03,2024-06-01,1717,1479,376,Closed
PO_101521,SUP_003,PROD_0191,2024/04/13,2024-04-22,2024-04-23,372,319,422,Delayed
PO_101522,SUP_003,PROD_0156,2024/01/07,2024-01-15,2024-01-20,1463,1450,176,Closed
PO_101523,SUP_122,PROD_0245,12-06-2024,2024-06-24,2024-06-28,1740,1724,149,Closed
PO_101524,SUP_019,PROD_0075,2024/02/20,2024-03-01,2024-03-04,1232,1217,364,Closed
PO_101525,SUP_019,PROD_0290,2024/09/18,2024-09-27,2024-09-25,1078,958,302,Closed
PO_101526,SUP_016,PROD_0222,16-11-2024,2024-12-04,2024-12-06,561,481,463,Open
PO_101527,SUP_101,PROD_0231,2024/07/21,2024-07-26,2024-07-26,1475,1408,411,Closed
PO_101528,SUP_166,PROD_0081,2024/03/06,2024-03-26,2024-04-01,1718,1583,300,Delayed
PO_101529,SUP_008,PROD_0214,23-09-2024,2024-10-07,2024-10-11,1683,1446,78,Delayed
PO_101530,SUP_119,PROD_0175,13-02-2024,2024-02-22,2024-02-19,856,804,182,Delayed
PO_101531,SUP_099,PROD_0287,2024/11/05,2024-11-20,2024-11-21,1851,1643,280,Open
PO_101532,SUP_162,PROD_0033,2024/06/21,2024-06-28,2024-07-02,801,712,312,Delayed
PO_101533,SUP_083,PROD_0123,17-05-2024,2024-05-30,2024-05-31,1317,1263,302,Closed
PO_101534,SUP_106,PROD_0143,2024/06/27,2024-07-11,2024-07-11,1791,1657,211,Delayed
PO_101535,SUP_198,PROD_0152,05-08-2024,2024-08-16,2024-08-22,1923,1731,442,Delayed
PO_101536,SUP_119,PROD_0298,17-12-2024,2025-01-02,2025-01-07,1232,1180,204,Closed
PO_101537,SUP_087,PROD_0094,2024/03/01,2024-03-15,2024-03-15,521,505,346,Open
PO_101538,SUP_118,PROD_0276,2024/05/05,2024-05-22,2024-05-26,1568,1419,178,Closed
PO_101539,SUP_101,PROD_0002,2024/05/10,2024-05-17,2024-05-18,354,304,232,Closed
PO_101540,SUP_131,PROD_0291,2024/05/10,2024-05-30,2024-06-03,1227,1149,338,Closed
PO_101541,SUP_122,PROD_0224,2024/05/16,2024-05-22,2024-05-25,1386,1277,290,Open
PO_101542,SUP_014,PROD_0022,2024/03/02,2024-03-11,2024-03-10,351,302,225,Open
PO_101543,SUP_176,PROD_0217,2024/02/25,2024-03-09,2024-03-08,1705,1553,89,Closed
PO_101544,SUP_185,PROD_0142,2024/12/04,2024-12-10,2024-12-07,328,296,212,Open
PO_101545,SUP_069,PROD_0283,2024/05/03,2024-05-15,2024-05-15,1366,1251,349,Closed
PO_101546,SUP_044,PROD_0197,2024/03/18,2024-03-23,2024-03-28,1296,1153,202,Delayed
PO_101547,SUP_070,PROD_0249,2024/11/11,2024-11-16,2024-11-15,286,250,332,Closed
PO_101548,SUP_045,PROD_0113,2024/05/06,2024-05-24,2024-05-24,595,540,275,Closed
PO_101549,SUP_099,PROD_0229,2024/01/02,2024-01-14,2024-01-15,991,896,336,Closed
PO_101550,SUP_190,PROD_0197,21-02-2024,2024-02-28,2024-03-02,1559,1542,267,Delayed
PO_101551,SUP_173,PROD_0252,13-07-2024,2024-07-18,2024-07-23,1666,1527,179,Delayed
PO_101552,SUP_114,PROD_0106,2024/06/24,2024-07-09,2024-07-06,1122,1048,299,Closed
PO_101553,SUP_044,PROD_0207,2024/12/26,2025-01-02,2025-01-08,1814,1647,397,Closed
PO_101554,SUP_060,PROD_0195,2024/06/09,2024-06-25,2024-06-28,661,637,167,Open
PO_101555,SUP_100,PROD_0293,2024/01/13,2024-01-25,2024-01-23,1026,960,405,Open
PO_101556,SUP_109,PROD_0046,14-07-2024,2024-07-19,2024-07-23,993,955,410,Open
PO_101557,SUP_044,PROD_0113,27-06-2024,2024-07-09,2024-07-10,850,772,173,Closed
PO_101558,SUP_041,PROD_0048,14-07-2024,2024-07-30,2024-07-27,1657,1565,157,Delayed
PO_101559,SUP_116,PROD_0077,2024/10/10,2024-10-16,2024-10-17,262,240,308,Closed
PO_101560,SUP_134,PROD_0035,11-08-2024,2024-08-24,2024-08-23,569,512,249,Closed
PO_101561,SUP_190,PROD_0091,2024/11/13,2024-11-19,2024-11-25,1440,1297,440,Delayed
PO_101562,SUP_051,PROD_0040,2024/08/28,2024-09-15,2024-09-14,583,503,48,Closed
PO_101563,SUP_195,PROD_0189,17-05-2024,2024-05-27,2024-06-01,354,346,438,Closed
PO_101564,SUP_044,PROD_0140,19-03-2024,2024-03-29,2024-03-29,1711,1464,44,Delayed
PO_101565,SUP_040,PROD_0068,15-09-2024,2024-09-21,2024-09-24,376,334,125,Delayed
PO_101566,SUP_029,PROD_0128,07-07-2024,2024-07-20,2024-07-24,603,532,272,Delayed
PO_101567,SUP_118,PROD_0271,06-11-2024,2024-11-12,2024-11-10,872,866,109,Delayed
PO_101568,SUP_091,PROD_0296,2024/07/21,2024-08-07,2024-08-12,1055,999,371,Open
PO_101569,SUP_010,PROD_0106,25-09-2024,2024-10-13,2024-10-12,1130,978,479,Delayed
PO_101570,SUP_077,PROD_0192,07-07-2024,2024-07-21,2024-07-19,1337,1142,251,Open
PO_101571,SUP_193,PROD_0076,2024/09/06,2024-09-17,2024-09-14,541,516,262,Delayed
PO_101572,SUP_059,PROD_0225,12-03-2024,2024-03-26,2024-03-29,600,542,112,Open
PO_101573,SUP_034,PROD_0213,23-07-2024,2024-08-11,2024-08-15,860,744,491,Closed
PO_101574,SUP_099,PROD_0222,15-03-2024,2024-03-23,2024-03-24,866,755,67,Delayed
PO_101575,SUP_123,PROD_0035,30-05-2024,2024-06-15,2024-06-20,1229,1134,284,Open
PO_101576,SUP_038,PROD_0288,2024/04/09,2024-04-23,2024-04-28,439,407,45,Closed
PO_101577,SUP_086,PROD_0236,13-01-2024,2024-01-24,2024-01-29,860,819,52,Delayed
PO_101578,SUP_032,PROD_0225,2024/06/16,2024-06-30,2024-07-02,204,204,450,Open
PO_101579,SUP_018,PROD_0079,2024/09/20,2024-09-26,2024-10-01,1592,1591,423,Open
PO_101580,SUP_051,PROD_0048,2024/06/18,2024-07-07,2024-07-08,394,373,112,Open
PO_101581,SUP_035,PROD_0100,21-05-2024,2024-06-07,2024-06-07,185,170,62,Delayed
PO_101582,SUP_054,PROD_0001,2024/04/09,2024-04-27,2024-04-26,974,843,320,Closed
PO_101583,SUP_043,PROD_0253,20-01-2024,2024-02-02,2024-02-06,1711,1512,73,Closed
PO_101584,SUP_121,PROD_0133,2024/12/08,2024-12-27,2024-12-29,1363,1305,412,Delayed
PO_101585,SUP_184,PROD_0267,2024/10/07,2024-10-22,2024-10-24,1178,1175,119,Open
PO_101586,SUP_070,PROD_0169,31-10-2024,2024-11-12,2024-11-12,1768,1762,51,Open
PO_101587,SUP_066,PROD_0055,2024/09/12,2024-09-29,2024-09-26,1311,1151,193,Delayed
PO_101588,SUP_179,PROD_0278,2024/04/24,2024-05-06,2024-05-06,1050,1021,118,Open
PO_101589,SUP_063,PROD_0084,30-07-2024,2024-08-16,2024-08-19,1260,1230,209,Open
PO_101590,SUP_104,PROD_0222,05-12-2024,2024-12-12,2024-12-14,1996,1774,495,Open
PO_101591,SUP_125,PROD_0252,30-08-2024,2024-09-04,2024-09-06,858,830,100,Delayed
PO_101592,SUP_157,PROD_0085,19-04-2024,2024-05-06,2024-05-09,1839,1735,160,Closed
PO_101593,SUP_022,PROD_0043,02-11-2024,2024-11-17,2024-11-23,871,742,476,Closed
PO_101594,SUP_179,PROD_0078,2024/10/03,2024-10-21,2024-10-25,1936,1671,87,Closed
PO_101595,SUP_094,PROD_0183,2024/08/29,2024-09-08,2024-09-05,373,359,189,Delayed
PO_101596,SUP_010,PROD_0299,14-02-2024,2024-02-20,2024-02-19,1928,1680,198,Closed
PO_101597,SUP_126,PROD_0056,2024/11/10,2024-11-15,2024-11-15,1716,1594,127,Delayed
PO_101598,SUP_156,PROD_0134,29-05-2024,2024-06-05,2024-06-11,682,599,110,Delayed
PO_101599,SUP_009,PROD_0202,2024/12/24,2025-01-01,2025-01-05,1342,1226,154,Delayed
PO_101600,SUP_168,PROD_0206,24-03-2024,2024-04-13,2024-04-17,834,761,300,Closed
PO_101601,SUP_040,PROD_0019,07-06-2024,2024-06-22,2024-06-22,592,513,276,Closed
PO_101602,SUP_186,PROD_0038,27-10-2024,2024-11-04,2024-11-03,320,290,269,Open
PO_101603,SUP_105,PROD_0063,18-12-2024,2025-01-02,2025-01-08,589,582,407,Delayed
PO_101604,SUP_094,PROD_0081,2024/12/09,2024-12-23,2024-12-23,1934,1843,282,Closed
PO_101605,SUP_065,PROD_0200,2024/06/25,2024-07-02,2024-06-29,164,144,470,Open
PO_101606,SUP_191,PROD_0217,2024/08/25,2024-09-11,2024-09-13,1020,947,108,Delayed
PO_101607,SUP_065,PROD_0213,24-12-2024,2025-01-03,2024-12-31,1880,1645,441,Open
PO_101608,SUP_155,PROD_0254,20-06-2024,2024-06-29,2024-06-26,1910,1765,111,Closed
PO_101609,SUP_183,PROD_0176,2024/04/02,2024-04-20,2024-04-17,1678,1630,44,Delayed
PO_101610,SUP_129,PROD_0104,2024/07/09,2024-07-24,2024-07-21,314,279,287,Closed
PO_101611,SUP_152,PROD_0101,2024/06/19,2024-07-02,2024-07-07,900,876,495,Delayed
PO_101612,SUP_194,PROD_0234,2024/01/21,2024-02-09,2024-02-15,1220,1048,188,Open
PO_101613,SUP_017,PROD_0243,2024/06/19,2024-06-24,2024-06-27,1306,1216,361,Open
PO_101614,SUP_068,PROD_0154,07-11-2024,2024-11-19,2024-11-21,1809,1556,342,Closed
PO_101615,SUP_011,PROD_0114,2024/12/08,2024-12-21,2024-12-24,643,603,42,Closed
PO_101616,SUP_071,PROD_0275,2024/07/22,2024-07-27,2024-07-30,197,193,78,Delayed
PO_101617,SUP_164,PROD_0157,2024/08/01,2024-08-06,2024-08-11,1878,1622,415,Open
PO_101618,SUP_030,PROD_0121,24-10-2024,2024-11-04,2024-11-09,1454,1334,322,Delayed
PO_101619,SUP_110,PROD_0041,17-06-2024,2024-06-27,2024-07-02,1443,1310,142,Delayed
PO_101620,SUP_188,PROD_0133,2024/05/05,2024-05-25,2024-05-22,303,267,106,Delayed
PO_101621,SUP_042,PROD_0186,29-05-2024,2024-06-11,2024-06-14,431,378,258,Open
PO_101622,SUP_001,PROD_0123,07-06-2024,2024-06-14,2024-06-12,418,363,487,Open
PO_101623,SUP_200,PROD_0274,2024/04/01,2024-04-09,2024-04-13,791,731,102,Delayed
PO_101624,SUP_024,PROD_0181,03-03-2024,2024-03-23,2024-03-29,669,590,442,Open
PO_101625,SUP_197,PROD_0045,2024/04/06,2024-04-19,2024-04-16,1965,1702,357,Closed
PO_101626,SUP_050,PROD_0246,2024/03/15,2024-03-30,2024-03-29,1169,1154,457,Open
PO_101627,SUP_132,PROD_0207,16-01-2024,2024-01-31,2024-02-03,1723,1572,427,Closed
PO_101628,SUP_191,PROD_0117,07-04-2024,2024-04-27,2024-05-03,1631,1599,397,Delayed
PO_101629,SUP_011,PROD_0019,10-09-2024,2024-09-29,2024-10-02,759,702,368,Closed
PO_101630,SUP_107,PROD_0004,2024/01/02,2024-01-18,2024-01-15,1461,1321,230,Open
PO_101631,SUP_030,PROD_0070,2024/02/13,2024-02-22,2024-02-20,1317,1240,306,Open
PO_101632,SUP_164,PROD_0163,10-10-2024,2024-10-25,2024-10-23,1379,1234,455,Open
PO_101633,SUP_077,PROD_0071,01-10-2024,2024-10-19,2024-10-20,179,174,479,Open
PO_101634,SUP_020,PROD_0272,13-07-2024,2024-07-22,2024-07-23,796,722,475,Closed
PO_101635,SUP_073,PROD_0168,12-09-2024,2024-09-26,2024-09-27,933,840,51,Delayed
PO_101636,SUP_093,PROD_0059,2024/02/17,2024-02-26,2024-03-02,1334,1157,346,Open
PO_101637,SUP_021,PROD_0119,19-06-2024,2024-07-04,2024-07-02,474,408,335,Open
PO_101638,SUP_077,PROD_0283,2024/06/08,2024-06-15,2024-06-20,1282,1257,485,Open
PO_101639,SUP_169,PROD_0171,21-02-2024,2024-03-09,2024-03-06,738,661,489,Delayed
PO_101640,SUP_123,PROD_0022,27-01-2024,2024-02-05,2024-02-03,293,279,341,Open
PO_101641,SUP_064,PROD_0042,2024/07/26,2024-08-03,2024-08-04,425,403,342,Closed
PO_101642,SUP_033,PROD_0087,2024/04/04,2024-04-12,2024-04-09,1063,1033,151,Closed
PO_101643,SUP_187,PROD_0097,2024/07/27,2024-08-01,2024-08-06,1892,1860,179,Delayed
PO_101644,SUP_050,PROD_0271,2024/05/01,2024-05-07,2024-05-10,532,489,353,Open
PO_101645,SUP_064,PROD_0064,10-03-2024,2024-03-27,2024-04-02,942,907,336,Open
PO_101646,SUP_192,PROD_0130,2024/11/27,2024-12-17,2024-12-14,334,327,247,Closed
PO_101647,SUP_183,PROD_0021,22-10-2024,2024-11-01,2024-11-07,345,307,383,Closed
PO_101648,SUP_029,PROD_0295,24-01-2024,2024-01-31,2024-02-03,372,316,151,Delayed
PO_101649,SUP_115,PROD_0074,17-04-2024,2024-04-25,2024-04-22,946,841,94,Delayed
PO_101650,SUP_133,PROD_0141,27-11-2024,2024-12-05,2024-12-07,765,706,250,Delayed
PO_101651,SUP_171,PROD_0125,13-04-2024,2024-04-22,2024-04-22,897,887,220,Open
PO_101652,SUP_041,PROD_0032,20-05-2024,2024-06-07,2024-06-04,616,530,41,Delayed
PO_101653,SUP_037,PROD_0146,2024/08/22,2024-09-05,2024-09-05,946,875,96,Closed
PO_101654,SUP_151,PROD_0233,2024/08/06,2024-08-11,2024-08-15,1709,1630,430,Open
PO_101655,SUP_123,PROD_0200,2024/11/25,2024-12-07,2024-12-11,511,468,392,Closed
PO_101656,SUP_061,PROD_0249,02-09-2024,2024-09-14,2024-09-18,1953,1856,108,Closed
PO_101657,SUP_066,PROD_0051,09-10-2024,2024-10-18,2024-10-16,648,584,409,Delayed
PO_101658,SUP_028,PROD_0124,2024/09/21,2024-10-05,2024-10-08,141,128,72,Open
PO_101659,SUP_006,PROD_0168,05-05-2024,2024-05-15,2024-05-19,1182,1180,41,Delayed
PO_101660,SUP_188,PROD_0157,02-08-2024,2024-08-17,2024-08-14,1085,1030,139,Open
PO_101661,SUP_155,PROD_0290,22-12-2024,2025-01-04,2025-01-10,508,503,361,Open
PO_101662,SUP_084,PROD_0024,2024/02/19,2024-03-07,2024-03-11,1379,1258,140,Open
PO_101663,SUP_144,PROD_0009,29-08-2024,2024-09-10,2024-09-15,782,752,292,Closed
PO_101664,SUP_120,PROD_0212,22-02-2024,2024-03-02,2024-03-02,941,935,483,Delayed
PO_101665,SUP_189,PROD_0110,07-02-2024,2024-02-15,2024-02-20,1003,907,407,Open
PO_101666,SUP_072,PROD_0231,19-02-2024,2024-02-25,2024-02-26,123,110,340,Closed
PO_101667,SUP_154,PROD_0275,2024/06/23,2024-07-05,2024-07-11,343,338,87,Delayed
PO_101668,SUP_169,PROD_0004,2024/05/03,2024-05-09,2024-05-13,1511,1499,181,Open
PO_101669,SUP_059,PROD_0295,2024/04/20,2024-05-08,2024-05-10,304,275,85,Closed
PO_101670,SUP_043,PROD_0014,2024/08/06,2024-08-22,2024-08-24,1642,1584,271,Closed
PO_101671,SUP_060,PROD_0024,2024/11/17,2024-11-22,2024-11-23,494,441,128,Closed
PO_101672,SUP_116,PROD_0116,17-04-2024,2024-04-28,2024-04-27,704,677,275,Closed
PO_101673,SUP_195,PROD_0154,2024/01/17,2024-01-25,2024-01-25,850,832,361,Closed
PO_101674,SUP_096,PROD_0018,18-12-2024,2024-12-25,2024-12-24,1070,1045,233,Closed
PO_101675,SUP_019,PROD_0079,16-12-2024,2025-01-03,2025-01-01,273,258,431,Closed
PO_101676,SUP_143,PROD_0272,2024/08/10,2024-08-22,2024-08-21,645,623,405,Delayed
PO_101677,SUP_146,PROD_0111,2024/06/17,2024-07-06,2024-07-05,1797,1756,344,Open
PO_101678,SUP_188,PROD_0011,2024/03/29,2024-04-17,2024-04-18,746,659,173,Open
PO_101679,SUP_030,PROD_0065,2024/05/31,2024-06-17,2024-06-22,1052,907,86,Closed
PO_101680,SUP_149,PROD_0070,2024/12/24,2025-01-01,2025-01-06,1081,931,242,Delayed
PO_101681,SUP_156,PROD_0279,2024/04/02,2024-04-14,2024-04-13,592,512,65,Closed
PO_101682,SUP_067,PROD_0171,02-10-2024,2024-10-09,2024-10-11,1175,1138,315,Closed
PO_101683,SUP_036,PROD_0113,2024/04/01,2024-04-07,2024-04-10,1104,1100,475,Closed
PO_101684,SUP_163,PROD_0280,22-09-2024,2024-10-01,2024-10-07,1005,874,76,Delayed
PO_101685,SUP_087,PROD_0016,2024/06/13,2024-07-02,2024-07-01,1495,1278,181,Closed
PO_101686,SUP_191,PROD_0300,14-01-2024,2024-01-19,2024-01-16,271,235,205,Closed
PO_101687,SUP_138,PROD_0191,18-12-2024,2024-12-29,2025-01-02,1749,1515,90,Delayed
PO_101688,SUP_030,PROD_0259,05-11-2024,2024-11-10,2024-11-09,823,781,200,Open
PO_101689,SUP_154,PROD_0296,2024/05/29,2024-06-11,2024-06-10,274,266,319,Open
PO_101690,SUP_045,PROD_0148,27-05-2024,2024-06-16,2024-06-21,1964,1925,433,Delayed
PO_101691,SUP_120,PROD_0014,2024/01/22,2024-02-06,2024-02-09,1060,912,60,Delayed
PO_101692,SUP_163,PROD_0175,26-01-2024,2024-01-31,2024-02-01,1914,1671,165,Open
PO_101693,SUP_032,PROD_0121,21-09-2024,2024-10-04,2024-10-09,407,371,247,Closed
PO_101694,SUP_080,PROD_0088,17-05-2024,2024-05-29,2024-05-31,856,823,378,Delayed
PO_101695,SUP_106,PROD_0286,22-01-2024,2024-01-28,2024-02-01,208,205,248,Delayed
PO_101696,SUP_135,PROD_0095,2024/06/30,2024-07-05,2024-07-11,1694,1503,365,Closed
PO_101697,SUP_065,PROD_0271,2024/02/01,2024-02-14,2024-02-11,2000,1763,102,Delayed
PO_101698,SUP_165,PROD_0091,27-09-2024,2024-10-02,2024-10-03,1381,1313,415,Open
PO_101699,SUP_049,PROD_0271,2024/09/12,2024-09-24,2024-09-29,497,430,233,Open
PO_101700,SUP_103,PROD_0152,17-05-2024,2024-05-29,2024-05-28,1478,1441,73,Closed
PO_101701,SUP_108,PROD_0067,24-09-2024,2024-10-08,2024-10-11,709,649,121,Delayed
PO_101702,SUP_065,PROD_0043,2024/09/27,2024-10-15,2024-10-15,313,295,198,Closed
PO_101703,SUP_096,PROD_0149,2024/07/18,2024-08-01,2024-08-04,420,362,221,Closed
PO_101704,SUP_076,PROD_0099,2024/07/25,2024-08-06,2024-08-08,796,786,318,Delayed
PO_101705,SUP_072,PROD_0149,12-01-2024,2024-01-19,2024-01-23,872,872,197,Delayed
PO_101706,SUP_143,PROD_0257,28-09-2024,2024-10-03,2024-10-03,1596,1488,95,Closed
PO_101707,SUP_016,PROD_0175,2024/05/21,2024-06-05,2024-06-04,1053,904,352,Open
PO_101708,SUP_054,PROD_0182,2024/12/17,2024-12-23,2024-12-24,589,524,144,Delayed
PO_101709,SUP_037,PROD_0053,11-05-2024,2024-05-26,2024-05-24,908,794,412,Closed
PO_101710,SUP_032,PROD_0279,2024/12/30,2025-01-18,2025-01-23,1055,908,409,Delayed
PO_101711,SUP_127,PROD_0111,2024/04/11,2024-04-23,2024-04-29,287,251,363,Open
PO_101712,SUP_009,PROD_0040,25-11-2024,2024-12-10,2024-12-10,180,155,491,Delayed
PO_101713,SUP_129,PROD_0209,15-09-2024,2024-10-05,2024-10-07,897,896,88,Closed
PO_101714,SUP_008,PROD_0055,2024/01/06,2024-01-16,2024-01-16,1780,1684,53,Open
PO_101715,SUP_097,PROD_0171,27-02-2024,2024-03-07,2024-03-13,1172,1116,46,Delayed
PO_101716,SUP_153,PROD_0062,2024/12/25,2025-01-14,2025-01-15,1593,1539,185,Open
PO_101717,SUP_035,PROD_0030,2024/01/02,2024-01-13,2024-01-16,853,744,352,Open
PO_101718,SUP_148,PROD_0147,2024/11/05,2024-11-12,2024-11-10,1883,1655,309,Delayed
PO_101719,SUP_007,PROD_0072,29-05-2024,2024-06-10,2024-06-10,913,880,311,Closed
PO_101720,SUP_019,PROD_0123,2024/03/28,2024-04-07,2024-04-07,1342,1255,348,Open
PO_101721,SUP_010,PROD_0151,20-06-2024,2024-07-05,2024-07-08,257,226,87,Delayed
PO_101722,SUP_200,PROD_0173,2024/10/01,2024-10-19,2024-10-16,1798,1649,227,Open
PO_101723,SUP_178,PROD_0050,21-07-2024,2024-08-08,2024-08-11,1719,1520,420,Delayed
PO_101724,SUP_015,PROD_0267,2024/03/06,2024-03-24,2024-03-21,186,186,138,Closed
PO_101725,SUP_196,PROD_0014,03-07-2024,2024-07-20,2024-07-23,1911,1821,351,Closed
PO_101726,SUP_045,PROD_0112,16-12-2024,2025-01-04,2025-01-02,756,674,421,Open
PO_101727,SUP_147,PROD_0056,01-07-2024,2024-07-07,2024-07-10,1142,1094,321,Delayed
PO_101728,SUP_135,PROD_0136,2024/09/05,2024-09-23,2024-09-28,1419,1280,113,Delayed
PO_101729,SUP_136,PROD_0230,2024/01/21,2024-01-29,2024-01-29,722,712,498,Closed
PO_101730,SUP_141,PROD_0271,2024/06/24,2024-07-08,2024-07-08,1076,948,481,Open
PO_101731,SUP_032,PROD_0028,2024/01/24,2024-02-04,2024-02-04,1421,1233,231,Delayed
PO_101732,SUP_095,PROD_0290,08-07-2024,2024-07-27,2024-07-24,1340,1287,460,Delayed
PO_101733,SUP_183,PROD_0232,2024/02/03,2024-02-17,2024-02-18,1275,1148,133,Delayed
PO_101734,SUP_161,PROD_0216,2024/03/25,2024-04-11,2024-04-17,1546,1510,333,Delayed
PO_101735,SUP_195,PROD_0234,2024/10/20,2024-11-06,2024-11-07,1800,1575,322,Delayed
PO_101736,SUP_164,PROD_0292,2024/05/31,2024-06-09,2024-06-14,1704,1575,227,Closed
PO_101737,SUP_080,PROD_0292,2024/06/18,2024-06-26,2024-06-27,143,140,435,Closed
PO_101738,SUP_058,PROD_0151,2024/03/30,2024-04-10,2024-04-08,478,424,469,Open
PO_101739,SUP_143,PROD_0243,25-07-2024,2024-07-31,2024-08-03,1374,1206,398,Open
PO_101740,SUP_008,PROD_0227,2024/11/23,2024-12-01,2024-12-05,1664,1458,253,Delayed
PO_101741,SUP_057,PROD_0167,2024/04/20,2024-05-04,2024-05-09,1583,1516,156,Delayed
PO_101742,SUP_144,PROD_0009,04-11-2024,2024-11-20,2024-11-20,1940,1794,306,Closed
PO_101743,SUP_112,PROD_0175,2024/06/25,2024-07-13,2024-07-11,391,333,395,Delayed
PO_101744,SUP_038,PROD_0223,2024/03/16,2024-04-02,2024-04-08,1662,1581,223,Open
PO_101745,SUP_019,PROD_0111,17-02-2024,2024-03-05,2024-03-11,874,745,216,Delayed
PO_101746,SUP_038,PROD_0098,2024/09/03,2024-09-21,2024-09-19,1476,1460,465,Delayed
PO_101747,SUP_069,PROD_0205,09-06-2024,2024-06-24,2024-06-22,615,591,471,Closed
PO_101748,SUP_008,PROD_0085,2024/05/03,2024-05-17,2024-05-22,656,618,360,Closed
PO_101749,SUP_100,PROD_0033,01-01-2024,2024-01-06,2024-01-11,989,854,347,Closed
PO_101750,SUP_157,PROD_0172,17-07-2024,2024-07-28,2024-07-26,266,227,382,Closed
PO_101751,SUP_021,PROD_0151,2024/02/03,2024-02-20,2024-02-25,214,185,353,Delayed
PO_101752,SUP_162,PROD_0268,13-06-2024,2024-06-19,2024-06-23,935,844,436,Delayed
PO_101753,SUP_164,PROD_0144,14-08-2024,2024-09-01,2024-08-31,203,189,413,Closed
PO_101754,SUP_015,PROD_0230,10-09-2024,2024-09-29,2024-10-03,1326,1162,184,Delayed
PO_101755,SUP_143,PROD_0048,25-07-2024,2024-08-12,2024-08-11,1321,1312,110,Open
PO_101756,SUP_145,PROD_0035,2024/11/16,2024-12-06,2024-12-09,1990,1825,64,Closed
PO_101757,SUP_060,PROD_0046,22-07-2024,2024-08-04,2024-08-02,499,440,141,Open
PO_101758,SUP_140,PROD_0041,02-07-2024,2024-07-12,2024-07-12,806,744,245,Closed
PO_101759,SUP_098,PROD_0058,14-04-2024,2024-04-24,2024-04-22,260,235,348,Open
PO_101760,SUP_089,PROD_0193,2024/05/01,2024-05-16,2024-05-15,1057,929,293,Closed
PO_101761,SUP_079,PROD_0136,2024/04/21,2024-05-10,2024-05-08,1925,1661,381,Delayed
PO_101762,SUP_131,PROD_0023,27-03-2024,2024-04-11,2024-04-08,388,381,482,Closed
PO_101763,SUP_175,PROD_0129,08-08-2024,2024-08-21,2024-08-22,208,182,161,Open
PO_101764,SUP_128,PROD_0263,2024/08/28,2024-09-05,2024-09-04,1953,1747,277,Closed
PO_101765,SUP_151,PROD_0275,2024/02/08,2024-02-13,2024-02-12,1408,1407,87,Closed
PO_101766,SUP_140,PROD_0175,22-02-2024,2024-03-04,2024-03-05,1163,1113,254,Delayed
PO_101767,SUP_060,PROD_0277,2024/12/17,2025-01-05,2025-01-05,1652,1466,258,Closed
PO_101768,SUP_087,PROD_0118,20-09-2024,2024-09-30,2024-10-05,1495,1416,203,Open
PO_101769,SUP_104,PROD_0061,2024/01/12,2024-02-01,2024-02-07,1215,1148,408,Open
PO_101770,SUP_104,PROD_0266,24-12-2024,2024-12-30,2025-01-02,1863,1658,294,Closed
PO_101771,SUP_044,PROD_0093,05-07-2024,2024-07-10,2024-07-13,1207,1082,113,Delayed
PO_101772,SUP_169,PROD_0188,2024/06/27,2024-07-12,2024-07-11,276,234,241,Open
PO_101773,SUP_039,PROD_0038,03-10-2024,2024-10-22,2024-10-20,1506,1413,175,Delayed
PO_101774,SUP_117,PROD_0021,2024/03/30,2024-04-06,2024-04-12,384,361,207,Delayed
PO_101775,SUP_074,PROD_0280,2024/09/30,2024-10-13,2024-10-13,980,837,359,Closed
PO_101776,SUP_178,PROD_0118,2024/03/05,2024-03-11,2024-03-13,1735,1695,57,Delayed
PO_101777,SUP_156,PROD_0173,02-11-2024,2024-11-15,2024-11-20,697,686,371,Delayed
PO_101778,SUP_140,PROD_0260,19-09-2024,2024-09-26,2024-09-24,680,636,217,Closed
PO_101779,SUP_140,PROD_0206,21-12-2024,2025-01-09,2025-01-07,831,763,131,Open
PO_101780,SUP_158,PROD_0232,01-09-2024,2024-09-12,2024-09-17,1675,1493,376,Open
PO_101781,SUP_099,PROD_0278,2024/02/09,2024-02-16,2024-02-20,1113,984,352,Delayed
PO_101782,SUP_034,PROD_0164,2024/10/21,2024-11-08,2024-11-13,1118,1082,407,Delayed
PO_101783,SUP_175,PROD_0269,2024/04/10,2024-04-30,2024-04-27,1719,1461,369,Open
PO_101784,SUP_008,PROD_0185,2024/11/25,2024-12-05,2024-12-05,855,825,66,Open
PO_101785,SUP_032,PROD_0086,13-11-2024,2024-11-28,2024-12-02,1265,1146,59,Delayed
PO_101786,SUP_135,PROD_0202,31-03-2024,2024-04-15,2024-04-17,649,609,168,Delayed
PO_101787,SUP_076,PROD_0096,2024/07/20,2024-07-31,2024-07-30,822,779,463,Closed
PO_101788,SUP_101,PROD_0114,2024/11/20,2024-11-29,2024-12-04,1614,1592,334,Closed
PO_101789,SUP_176,PROD_0168,06-10-2024,2024-10-14,2024-10-16,929,836,124,Delayed
PO_101790,SUP_148,PROD_0088,21-06-2024,2024-07-11,2024-07-10,1971,1881,215,Delayed
PO_101791,SUP_095,PROD_0053,2024/04/23,2024-05-05,2024-05-07,1184,1063,351,Delayed
PO_101792,SUP_126,PROD_0266,2024/02/24,2024-03-12,2024-03-14,849,788,53,Open
PO_101793,SUP_198,PROD_0148,2024/10/13,2024-10-28,2024-10-25,1349,1212,204,Closed
PO_101794,SUP_173,PROD_0263,04-01-2024,2024-01-15,2024-01-16,1386,1325,359,Closed
PO_101795,SUP_134,PROD_0171,27-02-2024,2024-03-18,2024-03-24,1091,1075,124,Closed
PO_101796,SUP_079,PROD_0046,17-05-2024,2024-05-23,2024-05-21,1817,1710,226,Open
PO_101797,SUP_056,PROD_0089,20-08-2024,2024-08-28,2024-08-30,1794,1711,207,Delayed
PO_101798,SUP_025,PROD_0122,2024/04/19,2024-05-07,2024-05-11,1590,1555,473,Open
PO_101799,SUP_039,PROD_0056,17-08-2024,2024-09-01,2024-08-29,132,121,357,Closed
PO_101800,SUP_032,PROD_0269,2024/01/19,2024-02-04,2024-02-03,1035,1000,236,Delayed
PO_101801,SUP_061,PROD_0264,31-01-2024,2024-02-09,2024-02-13,113,112,179,Delayed
PO_101802,SUP_143,PROD_0220,2024/06/27,2024-07-14,2024-07-13,1923,1847,110,Closed
PO_101803,SUP_043,PROD_0071,15-06-2024,2024-07-03,2024-07-07,1203,1148,266,Delayed
PO_101804,SUP_151,PROD_0217,21-06-2024,2024-07-06,2024-07-07,1208,1119,363,Open
PO_101805,SUP_158,PROD_0061,30-12-2024,2025-01-13,2025-01-12,1128,979,105,Delayed
PO_101806,SUP_011,PROD_0022,07-08-2024,2024-08-22,2024-08-19,378,330,475,Open
PO_101807,SUP_061,PROD_0068,09-07-2024,2024-07-21,2024-07-27,1425,1375,489,Closed
PO_101808,SUP_124,PROD_0018,15-06-2024,2024-06-30,2024-06-28,526,513,42,Closed
PO_101809,SUP_073,PROD_0156,2024/11/20,2024-12-08,2024-12-13,1611,1441,133,Delayed
PO_101810,SUP_126,PROD_0074,2024/09/25,2024-10-12,2024-10-15,1301,1232,357,Delayed
PO_101811,SUP_185,PROD_0150,2024/04/23,2024-05-11,2024-05-15,1940,1860,366,Closed
PO_101812,SUP_181,PROD_0086,2024/01/04,2024-01-13,2024-01-15,1832,1745,303,Open
PO_101813,SUP_182,PROD_0279,2024/04/17,2024-04-24,2024-04-29,547,477,452,Delayed
PO_101814,SUP_166,PROD_0004,2024/03/09,2024-03-20,2024-03-18,358,344,142,Open
PO_101815,SUP_024,PROD_0267,15-11-2024,2024-11-22,2024-11-19,872,803,418,Open
PO_101816,SUP_089,PROD_0013,2024/05/14,2024-06-03,2024-06-02,517,507,407,Closed
PO_101817,SUP_046,PROD_0093,2024/08/29,2024-09-15,2024-09-20,1546,1544,84,Open
PO_101818,SUP_144,PROD_0137,2024/09/02,2024-09-21,2024-09-23,633,599,422,Closed
PO_101819,SUP_024,PROD_0262,13-07-2024,2024-07-22,2024-07-28,166,165,206,Delayed
PO_101820,SUP_014,PROD_0282,20-08-2024,2024-09-06,2024-09-11,593,527,413,Delayed
PO_101821,SUP_056,PROD_0102,13-08-2024,2024-08-21,2024-08-25,459,446,72,Delayed
PO_101822,SUP_148,PROD_0291,21-04-2024,2024-05-01,2024-04-28,767,767,133,Delayed
PO_101823,SUP_084,PROD_0300,19-04-2024,2024-05-07,2024-05-06,306,264,415,Delayed
PO_101824,SUP_043,PROD_0167,04-06-2024,2024-06-16,2024-06-21,1227,1209,113,Open
PO_101825,SUP_082,PROD_0285,2024/12/25,2025-01-06,2025-01-12,1852,1731,497,Open
PO_101826,SUP_191,PROD_0253,01-08-2024,2024-08-09,2024-08-13,1584,1402,370,Closed
PO_101827,SUP_065,PROD_0296,20-07-2024,2024-08-03,2024-08-03,140,134,332,Delayed
PO_101828,SUP_150,PROD_0225,2024/02/29,2024-03-10,2024-03-14,1336,1135,462,Closed
PO_101829,SUP_064,PROD_0240,19-10-2024,2024-10-29,2024-11-02,243,239,122,Open
PO_101830,SUP_036,PROD_0297,2024/02/27,2024-03-09,2024-03-13,1549,1458,498,Delayed
PO_101831,SUP_026,PROD_0069,2024/05/04,2024-05-13,2024-05-12,157,144,455,Open
PO_101832,SUP_195,PROD_0284,28-01-2024,2024-02-08,2024-02-07,177,165,492,Delayed
PO_101833,SUP_113,PROD_0179,2024/12/17,2025-01-05,2025-01-10,1131,1014,299,Delayed
PO_101834,SUP_137,PROD_0202,26-12-2024,2025-01-11,2025-01-16,831,824,134,Closed
PO_101835,SUP_100,PROD_0042,21-01-2024,2024-02-01,2024-01-29,669,641,194,Delayed
PO_101836,SUP_042,PROD_0108,2024/06/13,2024-06-21,2024-06-25,236,236,217,Closed
PO_101837,SUP_151,PROD_0179,2024/01/12,2024-01-21,2024-01-27,442,378,438,Closed
PO_101838,SUP_131,PROD_0099,2024/06/04,2024-06-15,2024-06-19,667,573,374,Delayed
PO_101839,SUP_176,PROD_0256,10-04-2024,2024-04-15,2024-04-21,951,831,280,Delayed
PO_101840,SUP_039,PROD_0060,28-02-2024,2024-03-08,2024-03-11,199,175,364,Closed
PO_101841,SUP_014,PROD_0059,2024/03/01,2024-03-20,2024-03-23,1055,1051,425,Delayed
PO_101842,SUP_034,PROD_0093,10-12-2024,2024-12-17,2024-12-15,330,282,235,Closed
PO_101843,SUP_191,PROD_0271,12-11-2024,2024-11-18,2024-11-22,378,369,410,Open
PO_101844,SUP_076,PROD_0293,07-05-2024,2024-05-18,2024-05-24,1629,1433,413,Open
PO_101845,SUP_117,PROD_0155,2024/07/13,2024-07-28,2024-07-28,1198,1151,46,Closed
PO_101846,SUP_143,PROD_0203,17-03-2024,2024-03-31,2024-03-30,305,299,86,Delayed
PO_101847,SUP_035,PROD_0077,12-03-2024,2024-03-27,2024-03-24,1280,1240,380,Open
PO_101848,SUP_180,PROD_0188,2024/07/11,2024-07-20,2024-07-17,1820,1726,461,Delayed
PO_101849,SUP_146,PROD_0177,2024/07/13,2024-07-20,2024-07-17,1749,1551,149,Delayed
PO_101850,SUP_117,PROD_0061,25-10-2024,2024-11-14,2024-11-11,1689,1471,89,Open
PO_101851,SUP_100,PROD_0158,2024/04/07,2024-04-25,2024-04-27,1225,1074,207,Closed
PO_101852,SUP_007,PROD_0073,2024/01/14,2024-01-27,2024-01-25,1918,1876,420,Closed
PO_101853,SUP_143,PROD_0254,04-08-2024,2024-08-12,2024-08-14,1357,1224,122,Closed
PO_101854,SUP_111,PROD_0219,2024/03/26,2024-04-01,2024-04-05,1572,1556,409,Delayed
PO_101855,SUP_136,PROD_0055,2024/01/12,2024-01-30,2024-01-30,366,332,104,Open
PO_101856,SUP_074,PROD_0017,2024/05/13,2024-05-23,2024-05-20,554,501,399,Closed
PO_101857,SUP_145,PROD_0232,2024/03/04,2024-03-09,2024-03-15,843,810,247,Open
PO_101858,SUP_090,PROD_0191,2024/06/06,2024-06-13,2024-06-15,1006,927,342,Open
PO_101859,SUP_065,PROD_0237,29-03-2024,2024-04-10,2024-04-11,1082,1030,470,Closed
PO_101860,SUP_132,PROD_0063,26-02-2024,2024-03-03,2024-03-08,221,189,433,Closed
PO_101861,SUP_071,PROD_0047,14-01-2024,2024-02-01,2024-02-06,570,546,91,Closed
PO_101862,SUP_187,PROD_0188,04-08-2024,2024-08-10,2024-08-15,126,121,304,Closed
PO_101863,SUP_022,PROD_0101,16-03-2024,2024-03-21,2024-03-19,801,745,400,Closed
PO_101864,SUP_059,PROD_0171,28-07-2024,2024-08-16,2024-08-14,604,523,67,Closed
PO_101865,SUP_103,PROD_0090,27-05-2024,2024-06-12,2024-06-17,664,578,291,Delayed
PO_101866,SUP_137,PROD_0271,10-04-2024,2024-04-15,2024-04-12,1257,1241,262,Open
PO_101867,SUP_053,PROD_0062,16-08-2024,2024-09-03,2024-09-06,1320,1265,169,Closed
PO_101868,SUP_113,PROD_0131,19-06-2024,2024-06-30,2024-06-30,1343,1252,246,Open
PO_101869,SUP_062,PROD_0071,11-08-2024,2024-08-20,2024-08-18,823,788,339,Open
PO_101870,SUP_026,PROD_0160,10-01-2024,2024-01-16,2024-01-13,644,589,246,Delayed
PO_101871,SUP_151,PROD_0249,28-10-2024,2024-11-02,2024-10-31,1728,1707,99,Closed
PO_101872,SUP_061,PROD_0279,09-05-2024,2024-05-15,2024-05-12,1633,1584,375,Delayed
PO_101873,SUP_182,PROD_0034,04-02-2024,2024-02-17,2024-02-23,106,100,201,Closed
PO_101874,SUP_151,PROD_0153,22-01-2024,2024-02-04,2024-02-10,1346,1309,296,Delayed
PO_101875,SUP_166,PROD_0034,2024/09/11,2024-09-28,2024-10-04,1183,1055,292,Open
PO_101876,SUP_143,PROD_0150,29-10-2024,2024-11-17,2024-11-15,1766,1553,252,Open
PO_101877,SUP_013,PROD_0249,14-07-2024,2024-07-22,2024-07-21,542,521,288,Delayed
PO_101878,SUP_112,PROD_0094,2024/05/16,2024-05-28,2024-05-28,1801,1637,129,Delayed
PO_101879,SUP_115,PROD_0008,2024/12/18,2025-01-01,2025-01-07,1264,1091,98,Delayed
PO_101880,SUP_055,PROD_0240,15-05-2024,2024-05-25,2024-05-28,1836,1586,378,Delayed
PO_101881,SUP_041,PROD_0015,23-08-2024,2024-09-02,2024-08-31,282,279,250,Delayed
PO_101882,SUP_022,PROD_0121,2024/11/17,2024-11-30,2024-11-28,1840,1753,319,Delayed
PO_101883,SUP_114,PROD_0012,25-12-2024,2025-01-13,2025-01-12,1937,1921,97,Delayed
PO_101884,SUP_019,PROD_0280,2024/11/16,2024-11-30,2024-12-05,162,149,457,Open
PO_101885,SUP_092,PROD_0268,04-06-2024,2024-06-13,2024-06-12,1652,1535,101,Delayed
PO_101886,SUP_139,PROD_0089,2024/04/29,2024-05-18,2024-05-23,865,750,264,Closed
PO_101887,SUP_024,PROD_0093,12-05-2024,2024-05-18,2024-05-21,1071,958,203,Open
PO_101888,SUP_166,PROD_0044,15-10-2024,2024-10-22,2024-10-23,1319,1161,246,Delayed
PO_101889,SUP_130,PROD_0078,12-09-2024,2024-09-25,2024-09-24,1328,1246,383,Delayed
PO_101890,SUP_059,PROD_0061,2024/07/19,2024-08-08,2024-08-05,647,582,62,Closed
PO_101891,SUP_142,PROD_0128,24-10-2024,2024-11-11,2024-11-09,826,724,258,Open
PO_101892,SUP_200,PROD_0236,25-05-2024,2024-06-06,2024-06-08,1580,1491,233,Delayed
PO_101893,SUP_155,PROD_0216,09-12-2024,2024-12-26,2024-12-25,699,683,367,Delayed
PO_101894,SUP_157,PROD_0220,2024/05/24,2024-06-10,2024-06-13,1219,1042,167,Open
PO_101895,SUP_144,PROD_0174,19-08-2024,2024-09-02,2024-09-01,232,203,267,Open
PO_101896,SUP_162,PROD_0209,13-03-2024,2024-03-23,2024-03-25,1287,1163,429,Delayed
PO_101897,SUP_200,PROD_0114,2024/10/06,2024-10-15,2024-10-12,1129,1027,333,Delayed
PO_101898,SUP_067,PROD_0203,23-07-2024,2024-08-04,2024-08-10,184,171,490,Closed
PO_101899,SUP_160,PROD_0033,26-09-2024,2024-10-15,2024-10-21,1279,1109,74,Open
PO_101900,SUP_186,PROD_0128,2024/02/07,2024-02-18,2024-02-16,1301,1196,498,Delayed
PO_101901,SUP_055,PROD_0244,03-11-2024,2024-11-13,2024-11-13,1563,1512,248,Open
PO_101902,SUP_083,PROD_0285,2024/01/01,2024-01-16,2024-01-15,609,582,62,Closed
PO_101903,SUP_072,PROD_0155,24-07-2024,2024-08-08,2024-08-05,1963,1921,124,Closed
PO_101904,SUP_009,PROD_0099,14-05-2024,2024-05-22,2024-05-28,299,298,259,Open
PO_101905,SUP_121,PROD_0248,2024/05/20,2024-05-25,2024-05-31,952,825,245,Delayed
PO_101906,SUP_162,PROD_0022,2024/03/05,2024-03-18,2024-03-24,1202,1160,333,Delayed
PO_101907,SUP_070,PROD_0041,02-01-2024,2024-01-19,2024-01-23,1806,1761,322,Open
PO_101908,SUP_101,PROD_0193,2024/07/30,2024-08-07,2024-08-07,1819,1681,207,Delayed
PO_101909,SUP_113,PROD_0160,2024/08/04,2024-08-16,2024-08-22,910,902,396,Open
PO_101910,SUP_081,PROD_0026,2024/10/17,2024-10-31,2024-10-29,770,668,214,Closed
PO_101911,SUP_176,PROD_0245,10-11-2024,2024-11-19,2024-11-25,1491,1359,132,Closed
PO_101912,SUP_021,PROD_0217,22-12-2024,2025-01-08,2025-01-05,819,783,98,Delayed
PO_101913,SUP_102,PROD_0107,2024/02/01,2024-02-13,2024-02-19,1201,1127,425,Open
PO_101914,SUP_084,PROD_0191,2024/05/07,2024-05-25,2024-05-24,304,296,303,Closed
PO_101915,SUP_167,PROD_0294,2024/07/13,2024-08-02,2024-07-30,200,179,52,Closed
PO_101916,SUP_097,PROD_0141,2024/06/01,2024-06-14,2024-06-13,196,191,190,Delayed
PO_101917,SUP_112,PROD_0135,12-10-2024,2024-10-30,2024-11-02,1118,991,250,Closed
PO_101918,SUP_114,PROD_0175,08-06-2024,2024-06-23,2024-06-26,1871,1865,226,Closed
PO_101919,SUP_050,PROD_0260,2024/10/19,2024-11-07,2024-11-08,1672,1627,203,Delayed
PO_101920,SUP_067,PROD_0208,2024/01/15,2024-02-02,2024-02-01,596,554,478,Closed
PO_101921,SUP_028,PROD_0204,20-11-2024,2024-11-30,2024-12-03,789,750,398,Open
PO_101922,SUP_173,PROD_0218,05-11-2024,2024-11-21,2024-11-21,1995,1777,67,Closed
PO_101923,SUP_116,PROD_0220,2024/03/01,2024-03-11,2024-03-10,702,657,132,Delayed
PO_101924,SUP_157,PROD_0035,2024/12/02,2024-12-22,2024-12-23,921,881,108,Closed
PO_101925,SUP_024,PROD_0191,2024/02/23,2024-03-01,2024-02-29,675,637,403,Open
PO_101926,SUP_138,PROD_0008,2024/09/30,2024-10-17,2024-10-14,112,98,429,Open
PO_101927,SUP_033,PROD_0101,2024/10/28,2024-11-14,2024-11-18,1556,1545,293,Closed
PO_101928,SUP_070,PROD_0229,29-03-2024,2024-04-14,2024-04-18,1708,1520,499,Delayed
PO_101929,SUP_038,PROD_0057,28-07-2024,2024-08-10,2024-08-09,1407,1237,455,Closed
PO_101930,SUP_088,PROD_0117,2024/04/14,2024-04-27,2024-04-27,1606,1475,428,Open
PO_101931,SUP_163,PROD_0087,2024/12/22,2025-01-08,2025-01-13,198,179,276,Open
PO_101932,SUP_178,PROD_0120,2024/09/20,2024-09-30,2024-10-01,361,338,103,Open
PO_101933,SUP_110,PROD_0131,2024/05/09,2024-05-25,2024-05-26,196,175,56,Delayed
PO_101934,SUP_051,PROD_0040,07-07-2024,2024-07-21,2024-07-25,793,688,418,Closed
PO_101935,SUP_196,PROD_0252,2024/04/09,2024-04-18,2024-04-22,684,668,434,Delayed
PO_101936,SUP_053,PROD_0125,13-02-2024,2024-03-03,2024-03-07,1945,1803,436,Delayed
PO_101937,SUP_143,PROD_0276,24-11-2024,2024-12-04,2024-12-08,447,427,55,Delayed
PO_101938,SUP_139,PROD_0032,27-03-2024,2024-04-03,2024-04-07,824,802,405,Closed
PO_101939,SUP_183,PROD_0100,06-11-2024,2024-11-23,2024-11-23,1793,1540,61,Open
PO_101940,SUP_038,PROD_0137,2024/11/07,2024-11-19,2024-11-21,1572,1495,319,Closed
PO_101941,SUP_180,PROD_0054,2024/06/18,2024-06-30,2024-07-01,124,121,58,Closed
PO_101942,SUP_018,PROD_0218,2024/07/21,2024-08-09,2024-08-13,1134,1051,186,Closed
PO_101943,SUP_067,PROD_0135,2024/05/22,2024-06-04,2024-06-05,1977,1898,383,Closed
PO_101944,SUP_122,PROD_0112,2024/09/29,2024-10-10,2024-10-15,1900,1845,225,Delayed
PO_101945,SUP_186,PROD_0165,2024/10/09,2024-10-17,2024-10-14,1414,1262,391,Delayed
PO_101946,SUP_132,PROD_0131,2024/11/01,2024-11-09,2024-11-08,1199,1156,273,Delayed
PO_101947,SUP_196,PROD_0032,2024/07/16,2024-08-03,2024-08-09,1180,1081,303,Open
PO_101948,SUP_175,PROD_0071,2024/09/03,2024-09-12,2024-09-16,314,282,180,Open
PO_101949,SUP_139,PROD_0196,2024/04/29,2024-05-05,2024-05-03,1865,1714,413,Closed
PO_101950,SUP_152,PROD_0231,2024/05/17,2024-05-26,2024-05-26,1803,1615,325,Delayed
PO_101951,SUP_029,PROD_0282,30-04-2024,2024-05-12,2024-05-18,1722,1718,92,Closed
PO_101952,SUP_132,PROD_0026,2024/07/19,2024-07-29,2024-08-04,530,523,128,Delayed
PO_101953,SUP_004,PROD_0095,2024/04/18,2024-04-28,2024-04-27,348,309,62,Closed
PO_101954,SUP_112,PROD_0195,02-01-2024,2024-01-07,2024-01-05,1516,1317,307,Closed
PO_101955,SUP_076,PROD_0097,2024/01/16,2024-02-05,2024-02-08,349,319,45,Open
PO_101956,SUP_142,PROD_0149,17-02-2024,2024-03-02,2024-02-28,1978,1844,410,Delayed
PO_101957,SUP_124,PROD_0142,04-05-2024,2024-05-11,2024-05-17,1145,1080,426,Delayed
PO_101958,SUP_151,PROD_0162,24-11-2024,2024-12-03,2024-12-03,744,738,198,Delayed
PO_101959,SUP_005,PROD_0235,2024/02/20,2024-02-26,2024-02-23,506,481,415,Closed
PO_101960,SUP_113,PROD_0039,2024/01/02,2024-01-18,2024-01-19,774,699,420,Closed
PO_101961,SUP_109,PROD_0138,2024/12/18,2024-12-24,2024-12-27,986,861,499,Closed
PO_101962,SUP_024,PROD_0116,07-01-2024,2024-01-24,2024-01-26,712,641,484,Closed
PO_101963,SUP_152,PROD_0138,2024/08/16,2024-08-31,2024-08-29,916,898,354,Closed
PO_101964,SUP_111,PROD_0215,2024/09/24,2024-09-29,2024-10-01,1683,1570,327,Closed
PO_101965,SUP_160,PROD_0208,2024/05/30,2024-06-08,2024-06-11,1194,1054,411,Open
PO_101966,SUP_143,PROD_0285,2024/11/06,2024-11-25,2024-11-22,1181,1136,159,Delayed
PO_101967,SUP_125,PROD_0038,2024/10/16,2024-10-24,2024-10-28,1183,1098,389,Closed
PO_101968,SUP_146,PROD_0233,2024/07/08,2024-07-26,2024-07-25,843,812,272,Closed
PO_101969,SUP_180,PROD_0184,20-12-2024,2025-01-01,2024-12-31,145,137,84,Delayed
PO_101970,SUP_142,PROD_0003,2024/09/24,2024-10-04,2024-10-07,130,128,194,Open
PO_101971,SUP_031,PROD_0236,2024/03/12,2024-03-19,2024-03-23,839,775,211,Open
PO_101972,SUP_048,PROD_0039,28-05-2024,2024-06-04,2024-06-03,1099,958,191,Delayed
PO_101973,SUP_104,PROD_0071,2024/12/10,2024-12-19,2024-12-20,288,271,351,Open
PO_101974,SUP_151,PROD_0039,31-03-2024,2024-04-10,2024-04-09,1335,1249,284,Closed
PO_101975,SUP_142,PROD_0178,28-12-2024,2025-01-10,2025-01-12,645,635,107,Open
PO_101976,SUP_033,PROD_0002,2024/07/09,2024-07-29,2024-07-26,753,748,262,Delayed
PO_101977,SUP_148,PROD_0010,13-03-2024,2024-03-22,2024-03-24,1117,961,465,Closed
PO_101978,SUP_105,PROD_0141,2024/11/19,2024-12-06,2024-12-06,1995,1722,400,Open
PO_101979,SUP_046,PROD_0258,2024/03/28,2024-04-08,2024-04-07,670,589,473,Delayed
PO_101980,SUP_134,PROD_0265,08-11-2024,2024-11-23,2024-11-24,110,98,69,Closed
PO_101981,SUP_108,PROD_0038,18-12-2024,2024-12-31,2025-01-04,592,552,86,Delayed
PO_101982,SUP_144,PROD_0031,2024/07/10,2024-07-15,2024-07-19,234,203,70,Closed
PO_101983,SUP_028,PROD_0045,2024/10/21,2024-11-06,2024-11-03,1350,1227,131,Closed
PO_101984,SUP_113,PROD_0028,06-08-2024,2024-08-13,2024-08-10,1623,1589,225,Delayed
PO_101985,SUP_111,PROD_0161,10-03-2024,2024-03-21,2024-03-18,167,162,276,Closed
PO_101986,SUP_168,PROD_0045,2024/01/03,2024-01-23,2024-01-24,1955,1919,398,Delayed
PO_101987,SUP_146,PROD_0268,2024/06/08,2024-06-23,2024-06-24,564,538,455,Open
PO_101988,SUP_072,PROD_0242,2024/10/30,2024-11-10,2024-11-13,805,782,107,Closed
PO_101989,SUP_037,PROD_0243,2024/07/30,2024-08-06,2024-08-12,1724,1568,409,Open
PO_101990,SUP_019,PROD_0019,2024/10/02,2024-10-09,2024-10-09,1946,1786,434,Open
PO_101991,SUP_104,PROD_0114,2024/01/24,2024-02-02,2024-02-04,1686,1608,327,Closed
PO_101992,SUP_187,PROD_0185,2024/02/05,2024-02-24,2024-02-25,536,511,491,Open
PO_101993,SUP_016,PROD_0208,25-09-2024,2024-10-07,2024-10-09,1884,1740,117,Delayed
PO_101994,SUP_057,PROD_0129,2024/08/10,2024-08-16,2024-08-19,1017,940,139,Delayed
PO_101995,SUP_059,PROD_0196,14-09-2024,2024-09-25,2024-09-30,721,714,130,Delayed
PO_101996,SUP_014,PROD_0229,01-06-2024,2024-06-18,2024-06-17,1206,1138,64,Open
PO_101997,SUP_091,PROD_0041,2024/12/26,2025-01-01,2025-01-04,837,757,269,Open
PO_101998,SUP_153,PROD_0018,2024/03/22,2024-04-02,2024-04-08,474,471,413,Open
PO_101999,SUP_188,PROD_0015,2024/06/15,2024-06-23,2024-06-20,1110,1096,362,Closed
PO_102000,SUP_100,PROD_0049,2024/04/29,2024-05-07,2024-05-05,305,297,276,Delayed
PO_102001,SUP_114,PROD_0200,2024/01/10,2024-01-19,2024-01-21,1749,1513,191,Delayed
PO_102002,SUP_159,PROD_0190,25-12-2024,2025-01-04,2025-01-03,1398,1247,52,Open
PO_102003,SUP_035,PROD_0094,17-05-2024,2024-05-24,2024-05-23,101,99,497,Open
PO_102004,SUP_195,PROD_0026,2024/10/16,2024-11-01,2024-10-29,121,104,120,Open
PO_102005,SUP_089,PROD_0133,2024/02/26,2024-03-12,2024-03-12,1867,1811,408,Delayed
PO_102006,SUP_127,PROD_0052,12-11-2024,2024-11-27,2024-11-24,997,960,184,Delayed
PO_102007,SUP_091,PROD_0188,07-04-2024,2024-04-16,2024-04-20,1318,1284,321,Closed
PO_102008,SUP_174,PROD_0111,28-04-2024,2024-05-05,2024-05-02,119,110,241,Delayed
PO_102009,SUP_033,PROD_0017,07-01-2024,2024-01-18,2024-01-24,342,303,41,Open
PO_102010,SUP_158,PROD_0049,24-01-2024,2024-02-07,2024-02-05,247,223,317,Delayed
PO_102011,SUP_063,PROD_0192,2024/06/21,2024-07-01,2024-07-06,835,796,217,Delayed
PO_102012,SUP_016,PROD_0209,23-06-2024,2024-07-02,2024-06-29,840,837,238,Open
PO_102013,SUP_141,PROD_0031,18-10-2024,2024-10-23,2024-10-20,914,794,332,Delayed
PO_102014,SUP_062,PROD_0246,2024/07/17,2024-08-05,2024-08-09,638,606,62,Open
PO_102015,SUP_074,PROD_0158,2024/12/21,2024-12-30,2024-12-30,1456,1385,139,Delayed
PO_102016,SUP_097,PROD_0081,10-07-2024,2024-07-22,2024-07-19,105,99,241,Open
PO_102017,SUP_019,PROD_0253,2024/01/05,2024-01-16,2024-01-15,1396,1240,218,Open
PO_102018,SUP_028,PROD_0236,09-06-2024,2024-06-22,2024-06-21,1940,1924,240,Open
PO_102019,SUP_039,PROD_0113,2024/04/04,2024-04-10,2024-04-09,1454,1437,333,Closed
PO_102020,SUP_009,PROD_0293,2024/06/06,2024-06-21,2024-06-19,242,207,47,Delayed
PO_102021,SUP_139,PROD_0285,2024/08/03,2024-08-09,2024-08-11,600,562,42,Delayed
PO_102022,SUP_023,PROD_0197,2024/05/09,2024-05-21,2024-05-18,410,373,493,Open
PO_102023,SUP_174,PROD_0172,22-04-2024,2024-05-01,2024-05-07,1999,1932,43,Open
PO_102024,SUP_023,PROD_0088,2024/10/15,2024-11-03,2024-11-05,1855,1792,329,Open
PO_102025,SUP_172,PROD_0092,26-03-2024,2024-04-12,2024-04-09,572,487,471,Delayed
PO_102026,SUP_066,PROD_0237,13-03-2024,2024-04-01,2024-04-03,824,759,306,Closed
PO_102027,SUP_089,PROD_0083,21-12-2024,2024-12-30,2024-12-27,1958,1779,267,Delayed
PO_102028,SUP_044,PROD_0051,2024/10/08,2024-10-13,2024-10-12,487,434,260,Closed
PO_102029,SUP_176,PROD_0188,2024/06/29,2024-07-07,2024-07-12,1273,1226,290,Closed
PO_102030,SUP_096,PROD_0171,10-08-2024,2024-08-18,2024-08-16,1130,1100,263,Delayed
PO_102031,SUP_121,PROD_0086,2024/02/11,2024-02-26,2024-03-03,1635,1569,277,Delayed
PO_102032,SUP_193,PROD_0174,2024/02/18,2024-03-06,2024-03-11,1158,1044,62,Open
PO_102033,SUP_040,PROD_0261,2024/09/30,2024-10-11,2024-10-09,1221,1185,232,Open
PO_102034,SUP_169,PROD_0050,2024/03/29,2024-04-11,2024-04-13,1906,1883,199,Closed
PO_102035,SUP_055,PROD_0151,27-03-2024,2024-04-16,2024-04-15,102,90,67,Delayed
PO_102036,SUP_072,PROD_0250,27-04-2024,2024-05-06,2024-05-05,221,204,169,Delayed
PO_102037,SUP_093,PROD_0296,18-04-2024,2024-04-27,2024-05-02,1631,1540,96,Delayed
PO_102038,SUP_033,PROD_0019,2024/04/10,2024-04-15,2024-04-14,1606,1527,361,Closed
PO_102039,SUP_184,PROD_0225,26-01-2024,2024-02-08,2024-02-07,548,528,476,Open
PO_102040,SUP_199,PROD_0067,06-03-2024,2024-03-14,2024-03-14,863,861,407,Closed
PO_102041,SUP_001,PROD_0030,01-08-2024,2024-08-16,2024-08-13,933,881,169,Delayed
PO_102042,SUP_150,PROD_0050,31-10-2024,2024-11-12,2024-11-16,1035,1035,275,Delayed
PO_102043,SUP_154,PROD_0046,2024/04/24,2024-05-03,2024-05-01,1500,1381,51,Delayed
PO_102044,SUP_011,PROD_0082,2024/12/17,2024-12-24,2024-12-28,711,678,233,Delayed
PO_102045,SUP_190,PROD_0278,28-09-2024,2024-10-09,2024-10-07,1708,1592,54,Closed
PO_102046,SUP_052,PROD_0061,2024/11/13,2024-11-30,2024-12-03,432,420,117,Open
PO_102047,SUP_107,PROD_0202,2024/01/08,2024-01-14,2024-01-16,931,908,325,Closed
PO_102048,SUP_101,PROD_0186,2024/07/15,2024-07-27,2024-07-30,413,374,83,Closed
PO_102049,SUP_111,PROD_0201,04-06-2024,2024-06-18,2024-06-19,715,632,375,Delayed
PO_102050,SUP_078,PROD_0193,05-06-2024,2024-06-16,2024-06-16,1262,1114,253,Open
PO_102051,SUP_031,PROD_0046,07-04-2024,2024-04-16,2024-04-15,889,830,108,Closed
PO_102052,SUP_190,PROD_0176,2024/05/10,2024-05-21,2024-05-24,1462,1409,110,Delayed
PO_102053,SUP_132,PROD_0263,22-12-2024,2025-01-06,2025-01-07,1479,1419,117,Closed
PO_102054,SUP_160,PROD_0209,30-09-2024,2024-10-20,2024-10-26,1507,1317,356,Delayed
PO_102055,SUP_098,PROD_0135,2024/05/02,2024-05-16,2024-05-14,1447,1285,347,Closed
PO_102056,SUP_073,PROD_0236,2024/10/13,2024-10-28,2024-10-28,1917,1724,108,Open
PO_102057,SUP_067,PROD_0104,07-12-2024,2024-12-13,2024-12-15,1188,1017,160,Delayed
PO_102058,SUP_172,PROD_0271,03-05-2024,2024-05-10,2024-05-08,1546,1441,467,Open
PO_102059,SUP_187,PROD_0200,15-01-2024,2024-01-31,2024-02-01,857,796,482,Open
PO_102060,SUP_069,PROD_0172,2024/06/18,2024-07-07,2024-07-10,1301,1156,404,Open
PO_102061,SUP_070,PROD_0202,2024/05/02,2024-05-20,2024-05-22,1255,1164,281,Delayed
PO_102062,SUP_033,PROD_0041,2024/10/31,2024-11-17,2024-11-15,982,879,146,Open
PO_102063,SUP_147,PROD_0171,2024/05/26,2024-06-11,2024-06-08,1196,1174,397,Open
PO_102064,SUP_037,PROD_0166,17-09-2024,2024-09-24,2024-09-26,479,454,429,Delayed
PO_102065,SUP_062,PROD_0007,14-07-2024,2024-07-31,2024-08-01,1829,1786,268,Open
PO_102066,SUP_031,PROD_0137,2024/03/10,2024-03-22,2024-03-24,1691,1483,407,Open
PO_102067,SUP_150,PROD_0101,2024/03/03,2024-03-17,2024-03-14,1467,1309,175,Closed
PO_102068,SUP_055,PROD_0029,2024/07/31,2024-08-08,2024-08-09,1690,1551,202,Delayed
PO_102069,SUP_175,PROD_0010,2024/07/30,2024-08-11,2024-08-15,562,480,93,Delayed
PO_102070,SUP_043,PROD_0073,26-11-2024,2024-12-04,2024-12-08,1187,1038,460,Closed
PO_102071,SUP_041,PROD_0108,07-07-2024,2024-07-26,2024-07-24,1976,1864,325,Delayed
PO_102072,SUP_067,PROD_0137,2024/05/23,2024-06-02,2024-06-05,1921,1887,298,Closed
PO_102073,SUP_174,PROD_0013,2024/02/27,2024-03-18,2024-03-18,1416,1380,123,Delayed
PO_102074,SUP_034,PROD_0296,29-07-2024,2024-08-13,2024-08-12,555,526,267,Open
PO_102075,SUP_029,PROD_0143,15-12-2024,2024-12-30,2025-01-02,485,419,139,Delayed
PO_102076,SUP_017,PROD_0013,2024/01/24,2024-02-09,2024-02-08,1766,1689,264,Open
PO_102077,SUP_175,PROD_0092,28-11-2024,2024-12-04,2024-12-01,151,151,117,Closed
PO_102078,SUP_050,PROD_0062,2024/02/03,2024-02-17,2024-02-16,754,694,277,Closed
PO_102079,SUP_197,PROD_0112,2024/11/05,2024-11-19,2024-11-19,1274,1183,394,Delayed
PO_102080,SUP_051,PROD_0194,17-11-2024,2024-11-24,2024-11-28,436,414,57,Open
PO_102081,SUP_185,PROD_0014,29-12-2024,2025-01-07,2025-01-12,1688,1587,240,Delayed
PO_102082,SUP_158,PROD_0181,2024/04/05,2024-04-25,2024-04-25,804,788,105,Delayed
PO_102083,SUP_178,PROD_0227,15-12-2024,2024-12-26,2024-12-26,403,356,126,Delayed
PO_102084,SUP_074,PROD_0187,11-11-2024,2024-11-22,2024-11-27,1335,1255,351,Delayed
PO_102085,SUP_110,PROD_0045,21-12-2024,2025-01-02,2025-01-04,561,540,106,Open
PO_102086,SUP_118,PROD_0024,2024/01/18,2024-02-07,2024-02-10,287,275,65,Closed
PO_102087,SUP_052,PROD_0196,2024/07/18,2024-08-07,2024-08-05,1665,1424,298,Closed
PO_102088,SUP_166,PROD_0284,08-01-2024,2024-01-28,2024-01-26,419,384,242,Delayed
PO_102089,SUP_162,PROD_0223,2024/12/13,2024-12-23,2024-12-21,1859,1714,292,Delayed
PO_102090,SUP_068,PROD_0068,12-05-2024,2024-05-29,2024-06-02,510,451,206,Closed
PO_102091,SUP_163,PROD_0055,2024/04/20,2024-04-29,2024-04-28,430,402,404,Open
PO_102092,SUP_040,PROD_0095,2024/03/19,2024-04-04,2024-04-09,1472,1296,479,Delayed
PO_102093,SUP_159,PROD_0173,2024/06/30,2024-07-17,2024-07-14,872,795,133,Open
PO_102094,SUP_185,PROD_0246,2024/12/01,2024-12-07,2024-12-10,596,537,466,Closed
PO_102095,SUP_126,PROD_0142,27-11-2024,2024-12-05,2024-12-10,213,187,179,Closed
PO_102096,SUP_079,PROD_0063,2024/01/04,2024-01-24,2024-01-26,569,566,478,Delayed
PO_102097,SUP_199,PROD_0198,14-06-2024,2024-06-23,2024-06-20,1919,1720,377,Open
PO_102098,SUP_059,PROD_0293,2024/12/04,2024-12-10,2024-12-15,1706,1692,186,Delayed
PO_102099,SUP_122,PROD_0024,06-07-2024,2024-07-23,2024-07-21,742,676,414,Open
PO_102100,SUP_023,PROD_0220,08-05-2024,2024-05-15,2024-05-14,1382,1358,377,Open
PO_102101,SUP_110,PROD_0140,06-02-2024,2024-02-13,2024-02-19,1669,1422,384,Delayed
PO_102102,SUP_055,PROD_0165,2024/12/09,2024-12-16,2024-12-22,1576,1454,232,Delayed
PO_102103,SUP_036,PROD_0010,2024/09/11,2024-09-27,2024-09-26,223,205,284,Closed
PO_102104,SUP_128,PROD_0050,2024/08/10,2024-08-20,2024-08-17,245,216,358,Delayed
PO_102105,SUP_147,PROD_0125,2024/12/04,2024-12-11,2024-12-10,729,715,77,Delayed
PO_102106,SUP_104,PROD_0019,2024/08/08,2024-08-25,2024-08-29,1189,1154,330,Delayed
PO_102107,SUP_124,PROD_0119,30-08-2024,2024-09-10,2024-09-08,437,381,258,Delayed
PO_102108,SUP_008,PROD_0236,2024/04/04,2024-04-13,2024-04-17,1435,1305,239,Delayed
PO_102109,SUP_164,PROD_0107,22-10-2024,2024-11-11,2024-11-16,960,895,220,Closed
PO_102110,SUP_132,PROD_0297,29-02-2024,2024-03-07,2024-03-10,773,738,198,Open
PO_102111,SUP_151,PROD_0036,03-04-2024,2024-04-15,2024-04-13,396,358,63,Closed
PO_102112,SUP_117,PROD_0146,2024/06/27,2024-07-17,2024-07-20,657,619,184,Closed
PO_102113,SUP_119,PROD_0203,2024/12/30,2025-01-05,2025-01-02,387,347,255,Open
PO_102114,SUP_152,PROD_0231,2024/10/05,2024-10-23,2024-10-27,921,861,192,Closed
PO_102115,SUP_009,PROD_0132,02-08-2024,2024-08-13,2024-08-16,1923,1803,217,Closed
PO_102116,SUP_121,PROD_0102,2024/01/12,2024-01-30,2024-01-30,822,702,201,Delayed
PO_102117,SUP_119,PROD_0226,16-07-2024,2024-07-29,2024-08-04,973,847,355,Closed
PO_102118,SUP_083,PROD_0106,21-11-2024,2024-12-07,2024-12-06,1265,1087,396,Delayed
PO_102119,SUP_042,PROD_0271,08-07-2024,2024-07-27,2024-07-24,467,416,228,Open
PO_102120,SUP_081,PROD_0149,2024/07/30,2024-08-10,2024-08-13,713,673,160,Delayed
PO_102121,SUP_106,PROD_0223,2024/10/13,2024-10-28,2024-11-03,905,832,218,Open
PO_102122,SUP_066,PROD_0038,18-06-2024,2024-07-01,2024-07-02,1626,1584,153,Open
PO_102123,SUP_193,PROD_0125,2024/11/09,2024-11-17,2024-11-20,1266,1256,348,Open
PO_102124,SUP_105,PROD_0136,2024/05/21,2024-06-09,2024-06-10,563,480,334,Delayed
PO_102125,SUP_129,PROD_0216,2024/12/12,2024-12-22,2024-12-21,559,491,64,Delayed
PO_102126,SUP_198,PROD_0268,2024/09/01,2024-09-12,2024-09-18,1470,1398,458,Open
PO_102127,SUP_195,PROD_0293,2024/02/21,2024-03-04,2024-03-03,312,293,44,Closed
PO_102128,SUP_123,PROD_0168,2024/02/01,2024-02-11,2024-02-09,1862,1736,285,Delayed
PO_102129,SUP_095,PROD_0173,2024/06/27,2024-07-08,2024-07-09,1390,1301,403,Delayed
PO_102130,SUP_072,PROD_0291,08-03-2024,2024-03-17,2024-03-14,600,565,45,Open
PO_102131,SUP_014,PROD_0015,14-07-2024,2024-07-21,2024-07-20,1581,1379,352,Delayed
PO_102132,SUP_119,PROD_0171,01-07-2024,2024-07-09,2024-07-08,1694,1640,98,Open
PO_102133,SUP_174,PROD_0242,27-09-2024,2024-10-14,2024-10-14,777,660,338,Delayed
PO_102134,SUP_067,PROD_0185,2024/08/08,2024-08-15,2024-08-21,1348,1286,151,Open
PO_102135,SUP_019,PROD_0115,06-04-2024,2024-04-19,2024-04-21,912,869,238,Closed
PO_102136,SUP_172,PROD_0070,14-04-2024,2024-04-28,2024-04-27,490,420,464,Closed
PO_102137,SUP_054,PROD_0056,09-04-2024,2024-04-23,2024-04-27,699,596,133,Open
PO_102138,SUP_173,PROD_0203,2024/04/28,2024-05-17,2024-05-23,951,946,298,Closed
PO_102139,SUP_193,PROD_0299,17-01-2024,2024-02-01,2024-01-31,1265,1087,480,Closed
PO_102140,SUP_120,PROD_0135,30-11-2024,2024-12-07,2024-12-11,997,895,495,Closed
PO_102141,SUP_094,PROD_0025,03-06-2024,2024-06-14,2024-06-16,219,196,119,Closed
PO_102142,SUP_193,PROD_0173,13-10-2024,2024-10-26,2024-10-29,900,805,213,Closed
PO_102143,SUP_003,PROD_0070,2024/04/12,2024-04-21,2024-04-26,413,352,359,Closed
PO_102144,SUP_003,PROD_0118,18-06-2024,2024-07-05,2024-07-11,320,273,150,Closed
PO_102145,SUP_178,PROD_0063,11-04-2024,2024-04-24,2024-04-27,1059,1009,265,Open
PO_102146,SUP_123,PROD_0178,05-07-2024,2024-07-10,2024-07-14,1852,1735,258,Closed
PO_102147,SUP_021,PROD_0089,30-01-2024,2024-02-09,2024-02-10,1414,1260,229,Delayed
PO_102148,SUP_070,PROD_0068,24-10-2024,2024-11-06,2024-11-10,449,386,160,Closed
PO_102149,SUP_190,PROD_0009,2024/10/03,2024-10-17,2024-10-21,239,208,449,Open
PO_102150,SUP_015,PROD_0225,2024/03/24,2024-04-03,2024-04-02,699,698,66,Delayed
PO_102151,SUP_027,PROD_0244,2024/07/30,2024-08-12,2024-08-17,1047,1015,413,Open
PO_102152,SUP_047,PROD_0136,2024/05/13,2024-05-31,2024-05-29,1374,1179,442,Open
PO_102153,SUP_174,PROD_0241,03-07-2024,2024-07-15,2024-07-20,1886,1678,265,Open
PO_102154,SUP_150,PROD_0176,2024/09/15,2024-09-22,2024-09-21,418,404,202,Open
PO_102155,SUP_038,PROD_0127,2024/09/30,2024-10-14,2024-10-15,1973,1925,299,Closed
PO_102156,SUP_048,PROD_0052,2024/11/17,2024-11-28,2024-12-02,1274,1115,433,Closed
PO_102157,SUP_011,PROD_0121,2024/02/14,2024-02-20,2024-02-18,1187,1186,274,Open
PO_102158,SUP_019,PROD_0233,2024/12/18,2025-01-05,2025-01-11,202,174,382,Open
PO_102159,SUP_151,PROD_0129,29-05-2024,2024-06-04,2024-06-04,1325,1303,117,Open
PO_102160,SUP_037,PROD_0253,01-04-2024,2024-04-16,2024-04-14,1111,1043,92,Delayed
PO_102161,SUP_006,PROD_0185,10-05-2024,2024-05-22,2024-05-22,1241,1128,272,Closed
PO_102162,SUP_176,PROD_0134,2024/03/14,2024-03-22,2024-03-25,460,439,232,Closed
PO_102163,SUP_075,PROD_0151,09-04-2024,2024-04-14,2024-04-19,1772,1660,140,Open
PO_102164,SUP_154,PROD_0298,10-01-2024,2024-01-24,2024-01-29,1821,1716,305,Closed
PO_102165,SUP_096,PROD_0194,18-05-2024,2024-06-06,2024-06-03,1747,1743,125,Delayed
PO_102166,SUP_175,PROD_0230,27-06-2024,2024-07-04,2024-07-10,1668,1544,487,Open
PO_102167,SUP_041,PROD_0163,2024/11/15,2024-11-25,2024-11-28,974,933,364,Closed
PO_102168,SUP_044,PROD_0082,17-05-2024,2024-05-27,2024-05-31,1986,1871,294,Delayed
PO_102169,SUP_139,PROD_0043,19-03-2024,2024-03-24,2024-03-27,264,233,493,Delayed
PO_102170,SUP_039,PROD_0147,2024/03/09,2024-03-14,2024-03-16,1272,1110,411,Closed
PO_102171,SUP_081,PROD_0298,2024/06/14,2024-07-02,2024-07-02,186,170,117,Closed
PO_102172,SUP_166,PROD_0210,2024/08/11,2024-08-23,2024-08-27,1468,1291,408,Delayed
PO_102173,SUP_170,PROD_0133,31-05-2024,2024-06-10,2024-06-07,983,966,233,Closed
PO_102174,SUP_058,PROD_0276,2024/11/26,2024-12-11,2024-12-09,498,428,144,Closed
PO_102175,SUP_046,PROD_0078,2024/05/19,2024-05-31,2024-05-30,231,202,459,Closed
PO_102176,SUP_029,PROD_0191,2024/02/09,2024-02-25,2024-02-26,1147,1111,379,Closed
PO_102177,SUP_003,PROD_0054,10-08-2024,2024-08-28,2024-09-02,1122,1102,245,Closed
PO_102178,SUP_080,PROD_0157,28-09-2024,2024-10-13,2024-10-14,1239,1087,315,Delayed
PO_102179,SUP_128,PROD_0227,2024/01/01,2024-01-07,2024-01-10,463,460,331,Open
PO_102180,SUP_100,PROD_0206,2024/05/05,2024-05-20,2024-05-25,770,690,437,Open
PO_102181,SUP_076,PROD_0093,08-06-2024,2024-06-16,2024-06-22,991,870,410,Delayed
PO_102182,SUP_005,PROD_0157,13-03-2024,2024-03-31,2024-03-30,466,404,78,Closed
PO_102183,SUP_029,PROD_0145,25-05-2024,2024-06-04,2024-06-10,618,618,312,Open
PO_102184,SUP_040,PROD_0209,2024/09/18,2024-09-26,2024-09-24,1064,1054,481,Delayed
PO_102185,SUP_042,PROD_0264,31-10-2024,2024-11-13,2024-11-19,1514,1464,309,Closed
PO_102186,SUP_105,PROD_0011,26-02-2024,2024-03-02,2024-02-28,549,487,488,Delayed
PO_102187,SUP_139,PROD_0173,2024/01/02,2024-01-08,2024-01-05,812,714,140,Delayed
PO_102188,SUP_084,PROD_0092,2024/07/21,2024-08-01,2024-07-30,107,98,204,Closed
PO_102189,SUP_142,PROD_0083,2024/09/28,2024-10-10,2024-10-15,1553,1426,40,Delayed
PO_102190,SUP_111,PROD_0084,2024/03/28,2024-04-03,2024-03-31,1023,986,243,Open
PO_102191,SUP_053,PROD_0257,2024/05/04,2024-05-16,2024-05-15,1828,1750,324,Delayed
PO_102192,SUP_130,PROD_0173,2024/04/14,2024-04-25,2024-04-29,934,822,500,Delayed
PO_102193,SUP_112,PROD_0283,04-10-2024,2024-10-21,2024-10-20,914,854,272,Closed
PO_102194,SUP_041,PROD_0103,2024/01/01,2024-01-08,2024-01-08,417,382,379,Delayed
PO_102195,SUP_188,PROD_0115,2024/11/07,2024-11-16,2024-11-14,1478,1345,316,Closed
PO_102196,SUP_196,PROD_0011,2024/08/24,2024-08-31,2024-09-05,1076,1017,206,Open
PO_102197,SUP_162,PROD_0190,09-09-2024,2024-09-26,2024-09-24,1432,1428,62,Delayed
PO_102198,SUP_069,PROD_0127,2024/03/26,2024-03-31,2024-04-05,1170,1013,91,Delayed
PO_102199,SUP_129,PROD_0057,06-03-2024,2024-03-25,2024-03-31,1010,948,249,Delayed
PO_102200,SUP_128,PROD_0092,02-08-2024,2024-08-14,2024-08-19,1518,1478,193,Delayed
PO_102201,SUP_103,PROD_0274,2024/01/09,2024-01-18,2024-01-21,871,838,228,Closed
PO_102202,SUP_115,PROD_0105,09-11-2024,2024-11-25,2024-12-01,1798,1685,88,Delayed
PO_102203,SUP_172,PROD_0223,2024/09/16,2024-09-26,2024-09-28,767,731,154,Delayed
PO_102204,SUP_156,PROD_0012,2024/01/05,2024-01-24,2024-01-25,1915,1854,109,Open
PO_102205,SUP_152,PROD_0156,17-11-2024,2024-12-07,2024-12-06,1666,1432,356,Open
PO_102206,SUP_153,PROD_0235,20-10-2024,2024-11-06,2024-11-10,144,131,327,Delayed
PO_102207,SUP_147,PROD_0146,2024/12/14,2025-01-03,2025-01-04,1245,1161,220,Open
PO_102208,SUP_029,PROD_0211,2024/02/08,2024-02-19,2024-02-25,1742,1716,298,Closed
PO_102209,SUP_188,PROD_0298,27-05-2024,2024-06-15,2024-06-20,1390,1318,215,Delayed
PO_102210,SUP_068,PROD_0149,2024/02/24,2024-03-12,2024-03-13,1690,1516,339,Closed
PO_102211,SUP_084,PROD_0088,2024/11/05,2024-11-15,2024-11-20,1751,1548,241,Closed
PO_102212,SUP_075,PROD_0284,24-03-2024,2024-04-10,2024-04-09,1039,1037,60,Closed
PO_102213,SUP_134,PROD_0054,10-01-2024,2024-01-20,2024-01-21,1194,1070,466,Closed
PO_102214,SUP_139,PROD_0283,11-10-2024,2024-10-22,2024-10-19,775,688,287,Delayed
PO_102215,SUP_028,PROD_0284,2024/10/31,2024-11-20,2024-11-21,1806,1712,477,Open
PO_102216,SUP_004,PROD_0025,2024/05/01,2024-05-06,2024-05-05,1995,1695,268,Closed
PO_102217,SUP_152,PROD_0183,24-01-2024,2024-02-09,2024-02-12,1656,1572,387,Closed
PO_102218,SUP_197,PROD_0290,2024/01/09,2024-01-25,2024-01-28,699,618,89,Open
PO_102219,SUP_195,PROD_0246,04-10-2024,2024-10-18,2024-10-21,1019,870,331,Delayed
PO_102220,SUP_009,PROD_0016,2024/03/01,2024-03-21,2024-03-20,948,833,489,Delayed
PO_102221,SUP_060,PROD_0139,14-04-2024,2024-05-02,2024-05-04,1919,1782,392,Open
PO_102222,SUP_071,PROD_0176,09-05-2024,2024-05-18,2024-05-24,1319,1229,62,Delayed
PO_102223,SUP_200,PROD_0065,24-07-2024,2024-08-09,2024-08-08,716,622,59,Open
PO_102224,SUP_197,PROD_0092,2024/06/25,2024-07-13,2024-07-17,380,334,201,Closed
PO_102225,SUP_166,PROD_0151,2024/03/04,2024-03-09,2024-03-11,583,551,150,Closed
PO_102226,SUP_074,PROD_0167,12-05-2024,2024-06-01,2024-06-02,1083,1015,239,Delayed
PO_102227,SUP_060,PROD_0274,2024/04/24,2024-05-12,2024-05-14,449,409,89,Open
PO_102228,SUP_090,PROD_0112,04-01-2024,2024-01-24,2024-01-22,380,329,187,Closed
PO_102229,SUP_169,PROD_0095,25-12-2024,2024-12-31,2024-12-28,1617,1616,167,Closed
PO_102230,SUP_163,PROD_0238,2024/02/04,2024-02-24,2024-02-24,1990,1944,438,Closed
PO_102231,SUP_159,PROD_0178,2024/08/05,2024-08-18,2024-08-23,1415,1344,319,Open
PO_102232,SUP_172,PROD_0157,30-12-2024,2025-01-14,2025-01-19,765,671,127,Delayed
PO_102233,SUP_129,PROD_0168,26-06-2024,2024-07-05,2024-07-07,307,291,247,Open
PO_102234,SUP_014,PROD_0271,10-11-2024,2024-11-17,2024-11-21,236,203,68,Open
PO_102235,SUP_121,PROD_0118,06-06-2024,2024-06-13,2024-06-14,1017,957,272,Delayed
PO_102236,SUP_188,PROD_0152,2024/04/19,2024-05-05,2024-05-04,709,616,264,Open
PO_102237,SUP_147,PROD_0236,2024/03/01,2024-03-17,2024-03-23,714,631,399,Open
PO_102238,SUP_137,PROD_0016,28-05-2024,2024-06-08,2024-06-05,782,692,158,Closed
PO_102239,SUP_177,PROD_0103,2024/03/04,2024-03-15,2024-03-18,270,244,487,Delayed
PO_102240,SUP_137,PROD_0090,23-09-2024,2024-10-03,2024-10-06,176,174,302,Delayed
PO_102241,SUP_003,PROD_0147,04-02-2024,2024-02-20,2024-02-19,1082,1061,318,Open
PO_102242,SUP_178,PROD_0157,04-04-2024,2024-04-19,2024-04-17,741,681,132,Open
PO_102243,SUP_132,PROD_0026,04-12-2024,2024-12-15,2024-12-17,1592,1378,155,Delayed
PO_102244,SUP_075,PROD_0143,16-10-2024,2024-10-24,2024-10-26,970,921,391,Open
PO_102245,SUP_152,PROD_0204,2024/02/14,2024-03-05,2024-03-09,1620,1527,233,Closed
PO_102246,SUP_155,PROD_0295,07-06-2024,2024-06-19,2024-06-19,1766,1632,242,Open
PO_102247,SUP_151,PROD_0295,18-11-2024,2024-12-06,2024-12-07,1955,1675,214,Delayed
PO_102248,SUP_123,PROD_0117,2024/01/19,2024-01-27,2024-01-24,1190,1158,344,Closed
PO_102249,SUP_139,PROD_0210,2024/09/29,2024-10-11,2024-10-13,435,435,88,Open
PO_102250,SUP_132,PROD_0265,2024/05/27,2024-06-06,2024-06-07,898,839,181,Delayed
PO_102251,SUP_095,PROD_0252,09-12-2024,2024-12-28,2025-01-03,859,814,264,Delayed
PO_102252,SUP_152,PROD_0027,2024/12/29,2025-01-14,2025-01-19,358,315,305,Closed
PO_102253,SUP_170,PROD_0038,2024/02/06,2024-02-25,2024-03-02,1047,924,414,Open
PO_102254,SUP_021,PROD_0237,27-09-2024,2024-10-08,2024-10-14,1958,1671,480,Open
PO_102255,SUP_069,PROD_0106,2024/10/24,2024-11-07,2024-11-08,1995,1912,208,Open
PO_102256,SUP_056,PROD_0016,22-03-2024,2024-04-08,2024-04-13,314,279,82,Delayed
PO_102257,SUP_021,PROD_0296,14-09-2024,2024-09-29,2024-10-02,1838,1687,314,Delayed
PO_102258,SUP_006,PROD_0294,2024/09/08,2024-09-15,2024-09-16,1976,1764,212,Closed
PO_102259,SUP_144,PROD_0218,15-08-2024,2024-09-03,2024-09-09,196,195,229,Open
PO_102260,SUP_161,PROD_0161,26-10-2024,2024-11-06,2024-11-06,1785,1775,444,Delayed
PO_102261,SUP_050,PROD_0065,2024/01/11,2024-01-30,2024-01-27,1674,1594,468,Open
PO_102262,SUP_021,PROD_0006,2024/01/11,2024-01-19,2024-01-17,1278,1149,163,Delayed
PO_102263,SUP_090,PROD_0063,2024/03/05,2024-03-25,2024-03-26,375,333,370,Delayed
PO_102264,SUP_137,PROD_0052,2024/08/06,2024-08-12,2024-08-18,220,219,393,Delayed
PO_102265,SUP_077,PROD_0109,2024/03/03,2024-03-09,2024-03-10,771,746,71,Open
PO_102266,SUP_136,PROD_0255,2024/04/15,2024-05-02,2024-04-30,1955,1766,215,Open
PO_102267,SUP_131,PROD_0206,2024/07/24,2024-08-02,2024-08-06,261,257,151,Closed
PO_102268,SUP_002,PROD_0171,17-04-2024,2024-05-03,2024-05-03,1735,1638,356,Open
PO_102269,SUP_167,PROD_0172,16-02-2024,2024-03-03,2024-03-04,1022,966,380,Open
PO_102270,SUP_030,PROD_0052,02-05-2024,2024-05-22,2024-05-28,480,456,222,Open
PO_102271,SUP_131,PROD_0123,06-05-2024,2024-05-23,2024-05-29,187,173,377,Open
PO_102272,SUP_108,PROD_0194,2024/04/03,2024-04-22,2024-04-19,1851,1782,121,Closed
PO_102273,SUP_066,PROD_0132,24-06-2024,2024-07-06,2024-07-07,462,400,306,Delayed
PO_102274,SUP_179,PROD_0237,15-12-2024,2025-01-02,2024-12-31,171,155,497,Delayed
PO_102275,SUP_077,PROD_0210,2024/04/14,2024-04-29,2024-05-04,1886,1738,458,Closed
PO_102276,SUP_001,PROD_0070,2024/07/10,2024-07-18,2024-07-15,486,475,382,Closed
PO_102277,SUP_035,PROD_0261,05-01-2024,2024-01-18,2024-01-17,1096,957,254,Open
PO_102278,SUP_149,PROD_0118,2024/11/20,2024-12-03,2024-12-04,1028,1024,99,Open
PO_102279,SUP_108,PROD_0254,2024/04/18,2024-04-23,2024-04-29,943,903,334,Open
PO_102280,SUP_196,PROD_0143,2024/12/21,2024-12-26,2025-01-01,455,451,128,Open
PO_102281,SUP_197,PROD_0169,2024/05/18,2024-06-02,2024-06-04,329,313,478,Delayed
PO_102282,SUP_051,PROD_0011,20-08-2024,2024-08-29,2024-09-02,352,340,272,Open
PO_102283,SUP_070,PROD_0018,2024/10/10,2024-10-18,2024-10-16,1651,1454,236,Open
PO_102284,SUP_114,PROD_0184,2024/04/16,2024-04-23,2024-04-28,1110,1074,145,Closed
PO_102285,SUP_004,PROD_0129,29-04-2024,2024-05-10,2024-05-13,681,590,429,Closed
PO_102286,SUP_090,PROD_0099,2024/01/05,2024-01-10,2024-01-16,1970,1936,97,Delayed
PO_102287,SUP_090,PROD_0136,02-08-2024,2024-08-07,2024-08-06,1216,1075,105,Closed
PO_102288,SUP_022,PROD_0018,14-05-2024,2024-05-21,2024-05-20,1866,1768,485,Open
PO_102289,SUP_006,PROD_0029,24-08-2024,2024-09-02,2024-08-30,649,641,428,Delayed
PO_102290,SUP_096,PROD_0123,10-09-2024,2024-09-23,2024-09-21,1257,1209,150,Delayed
PO_102291,SUP_026,PROD_0074,2024/02/08,2024-02-14,2024-02-20,1088,960,405,Open
PO_102292,SUP_122,PROD_0078,2024/10/05,2024-10-24,2024-10-21,1302,1296,413,Open
PO_102293,SUP_127,PROD_0153,10-05-2024,2024-05-28,2024-05-28,475,421,130,Closed
PO_102294,SUP_173,PROD_0110,2024/05/28,2024-06-02,2024-06-03,1804,1621,495,Open
PO_102295,SUP_050,PROD_0157,21-02-2024,2024-02-29,2024-03-05,1796,1721,358,Delayed
PO_102296,SUP_039,PROD_0280,08-08-2024,2024-08-16,2024-08-19,540,510,65,Open
PO_102297,SUP_153,PROD_0172,21-12-2024,2024-12-31,2024-12-28,410,397,438,Closed
PO_102298,SUP_105,PROD_0279,19-07-2024,2024-08-06,2024-08-05,243,243,332,Closed
PO_102299,SUP_016,PROD_0050,06-01-2024,2024-01-21,2024-01-25,1074,1038,349,Closed
PO_102300,SUP_056,PROD_0237,2024/03/10,2024-03-25,2024-03-31,125,108,53,Closed
PO_102301,SUP_139,PROD_0195,18-01-2024,2024-02-06,2024-02-05,428,368,87,Delayed
PO_102302,SUP_048,PROD_0062,17-09-2024,2024-10-07,2024-10-05,1441,1230,239,Open
PO_102303,SUP_029,PROD_0292,2024/06/10,2024-06-23,2024-06-26,1722,1548,97,Delayed
PO_102304,SUP_105,PROD_0028,05-02-2024,2024-02-25,2024-02-22,1031,913,171,Closed
PO_102305,SUP_166,PROD_0204,03-06-2024,2024-06-17,2024-06-16,476,405,224,Closed
PO_102306,SUP_022,PROD_0073,24-06-2024,2024-07-04,2024-07-04,1966,1679,340,Delayed
PO_102307,SUP_047,PROD_0193,19-05-2024,2024-06-02,2024-06-06,1733,1484,471,Closed
PO_102308,SUP_025,PROD_0116,11-12-2024,2024-12-21,2024-12-24,1413,1234,360,Open
PO_102309,SUP_143,PROD_0013,28-07-2024,2024-08-04,2024-08-08,1334,1306,458,Closed
PO_102310,SUP_098,PROD_0019,18-05-2024,2024-06-03,2024-06-05,1296,1134,316,Closed
PO_102311,SUP_024,PROD_0088,2024/02/24,2024-03-03,2024-03-05,1199,1129,337,Delayed
PO_102312,SUP_066,PROD_0246,2024/07/26,2024-08-09,2024-08-15,1743,1700,314,Delayed
PO_102313,SUP_016,PROD_0005,11-12-2024,2024-12-29,2024-12-28,538,521,277,Delayed
PO_102314,SUP_060,PROD_0225,2024/05/17,2024-05-31,2024-06-04,630,619,52,Delayed
PO_102315,SUP_146,PROD_0067,15-02-2024,2024-02-23,2024-02-29,166,143,291,Open
PO_102316,SUP_196,PROD_0271,2024/06/02,2024-06-08,2024-06-05,926,838,332,Open
PO_102317,SUP_072,PROD_0277,2024/11/07,2024-11-16,2024-11-16,1708,1588,206,Delayed
PO_102318,SUP_058,PROD_0294,11-08-2024,2024-08-24,2024-08-28,180,169,298,Open
PO_102319,SUP_003,PROD_0087,2024/06/12,2024-06-25,2024-06-28,483,418,115,Closed
PO_102320,SUP_085,PROD_0001,12-04-2024,2024-05-02,2024-05-01,1874,1698,47,Closed
PO_102321,SUP_064,PROD_0150,2024/01/02,2024-01-08,2024-01-05,137,128,320,Open
PO_102322,SUP_147,PROD_0291,2024/05/02,2024-05-10,2024-05-16,109,94,41,Closed
PO_102323,SUP_024,PROD_0197,09-05-2024,2024-05-17,2024-05-20,1734,1550,41,Closed
PO_102324,SUP_173,PROD_0273,2024/03/12,2024-04-01,2024-04-01,1035,1026,419,Delayed
PO_102325,SUP_087,PROD_0154,2024/08/23,2024-08-29,2024-09-01,118,117,317,Closed
PO_102326,SUP_013,PROD_0012,07-10-2024,2024-10-25,2024-10-29,628,609,238,Delayed
PO_102327,SUP_025,PROD_0126,20-09-2024,2024-10-03,2024-10-03,610,575,262,Closed
PO_102328,SUP_166,PROD_0190,2024/02/19,2024-02-26,2024-02-28,289,289,379,Open
PO_102329,SUP_005,PROD_0097,17-06-2024,2024-06-26,2024-07-02,1748,1618,198,Delayed
PO_102330,SUP_072,PROD_0212,2024/01/07,2024-01-14,2024-01-16,516,490,205,Closed
PO_102331,SUP_073,PROD_0298,2024/08/16,2024-08-31,2024-09-03,1277,1265,350,Open
PO_102332,SUP_015,PROD_0282,26-07-2024,2024-08-13,2024-08-17,403,350,406,Open
PO_102333,SUP_024,PROD_0260,2024/11/25,2024-11-30,2024-11-29,1546,1352,434,Closed
PO_102334,SUP_074,PROD_0001,2024/11/30,2024-12-12,2024-12-17,1014,899,345,Open
PO_102335,SUP_128,PROD_0135,2024/03/13,2024-03-19,2024-03-24,809,775,296,Open
PO_102336,SUP_050,PROD_0211,2024/03/10,2024-03-29,2024-03-29,1717,1618,223,Closed
PO_102337,SUP_041,PROD_0049,23-04-2024,2024-05-09,2024-05-13,135,131,44,Closed
PO_102338,SUP_018,PROD_0091,2024/10/09,2024-10-24,2024-10-22,1224,1201,99,Open
PO_102339,SUP_030,PROD_0017,2024/06/26,2024-07-01,2024-07-02,1463,1258,483,Open
PO_102340,SUP_007,PROD_0028,04-11-2024,2024-11-14,2024-11-14,213,186,175,Closed
PO_102341,SUP_023,PROD_0090,14-10-2024,2024-10-26,2024-10-31,393,346,274,Closed
PO_102342,SUP_168,PROD_0136,17-10-2024,2024-11-04,2024-11-02,818,816,85,Delayed
PO_102343,SUP_084,PROD_0115,10-07-2024,2024-07-15,2024-07-19,1606,1573,259,Delayed
PO_102344,SUP_079,PROD_0091,2024/05/12,2024-05-26,2024-05-29,1585,1575,63,Closed
PO_102345,SUP_007,PROD_0055,13-08-2024,2024-08-31,2024-08-31,1845,1613,364,Open
PO_102346,SUP_161,PROD_0105,2024/05/01,2024-05-06,2024-05-08,1122,1032,408,Open
PO_102347,SUP_022,PROD_0252,2024/03/17,2024-03-30,2024-03-30,816,745,325,Delayed
PO_102348,SUP_033,PROD_0235,2024/03/27,2024-04-06,2024-04-08,1650,1573,91,Closed
PO_102349,SUP_181,PROD_0199,2024/07/20,2024-08-08,2024-08-05,1143,1060,240,Delayed
PO_102350,SUP_160,PROD_0227,2024/07/23,2024-08-01,2024-07-31,665,617,79,Delayed
PO_102351,SUP_021,PROD_0082,14-08-2024,2024-08-27,2024-09-02,700,669,282,Closed
PO_102352,SUP_028,PROD_0262,23-11-2024,2024-12-04,2024-12-06,130,119,58,Delayed
PO_102353,SUP_070,PROD_0108,16-10-2024,2024-11-05,2024-11-06,398,357,104,Closed
PO_102354,SUP_039,PROD_0045,2024/06/06,2024-06-24,2024-06-27,1221,1123,118,Delayed
PO_102355,SUP_092,PROD_0132,09-08-2024,2024-08-22,2024-08-28,1611,1516,424,Closed
PO_102356,SUP_023,PROD_0064,2024/01/09,2024-01-26,2024-01-27,1740,1530,184,Delayed
PO_102357,SUP_038,PROD_0238,29-12-2024,2025-01-18,2025-01-18,1219,1099,321,Closed
PO_102358,SUP_151,PROD_0148,08-12-2024,2024-12-26,2024-12-26,728,682,155,Delayed
PO_102359,SUP_108,PROD_0275,2024/04/01,2024-04-08,2024-04-13,1158,989,181,Open
PO_102360,SUP_026,PROD_0023,26-07-2024,2024-08-08,2024-08-05,811,712,473,Closed
PO_102361,SUP_022,PROD_0096,2024/03/23,2024-04-08,2024-04-09,501,456,376,Closed
PO_102362,SUP_136,PROD_0218,2024/03/01,2024-03-18,2024-03-15,736,625,352,Closed
PO_102363,SUP_130,PROD_0198,2024/09/11,2024-09-20,2024-09-18,1561,1339,413,Closed
PO_102364,SUP_115,PROD_0282,13-04-2024,2024-04-23,2024-04-20,1531,1512,143,Delayed
PO_102365,SUP_004,PROD_0108,14-11-2024,2024-11-20,2024-11-18,283,259,453,Open
PO_102366,SUP_026,PROD_0239,29-02-2024,2024-03-12,2024-03-10,1636,1585,393,Delayed
PO_102367,SUP_162,PROD_0199,11-10-2024,2024-10-29,2024-10-26,1698,1522,423,Open
PO_102368,SUP_073,PROD_0239,2024/12/16,2024-12-22,2024-12-27,629,601,90,Open
PO_102369,SUP_088,PROD_0115,2024/07/05,2024-07-10,2024-07-08,257,239,145,Delayed
PO_102370,SUP_174,PROD_0228,2024/03/25,2024-04-02,2024-03-30,1067,1039,125,Delayed
PO_102371,SUP_015,PROD_0117,2024/01/02,2024-01-22,2024-01-21,1696,1680,279,Closed
PO_102372,SUP_029,PROD_0241,2024/07/31,2024-08-08,2024-08-11,156,136,322,Closed
PO_102373,SUP_138,PROD_0102,2024/04/13,2024-04-30,2024-05-01,1085,1046,291,Open
PO_102374,SUP_028,PROD_0004,2024/04/26,2024-05-02,2024-05-06,1898,1706,254,Open
PO_102375,SUP_129,PROD_0017,07-10-2024,2024-10-12,2024-10-17,850,725,441,Closed
PO_102376,SUP_055,PROD_0203,2024/11/29,2024-12-12,2024-12-13,497,445,448,Closed
PO_102377,SUP_155,PROD_0196,2024/03/03,2024-03-20,2024-03-26,177,167,444,Open
PO_102378,SUP_114,PROD_0183,21-08-2024,2024-09-03,2024-09-06,1464,1260,281,Open
PO_102379,SUP_094,PROD_0073,2024/11/13,2024-11-21,2024-11-21,1283,1112,475,Open
PO_102380,SUP_100,PROD_0038,2024/01/29,2024-02-06,2024-02-09,1932,1644,192,Open
PO_102381,SUP_167,PROD_0268,2024/01/05,2024-01-16,2024-01-16,845,784,63,Closed
PO_102382,SUP_148,PROD_0071,2024/05/24,2024-06-04,2024-06-02,1369,1236,315,Delayed
PO_102383,SUP_028,PROD_0218,29-05-2024,2024-06-05,2024-06-05,148,144,45,Closed
PO_102384,SUP_019,PROD_0194,08-01-2024,2024-01-23,2024-01-23,195,180,115,Delayed
PO_102385,SUP_060,PROD_0169,2024/07/05,2024-07-22,2024-07-23,927,846,405,Open
PO_102386,SUP_031,PROD_0142,08-10-2024,2024-10-15,2024-10-13,106,105,206,Open
PO_102387,SUP_109,PROD_0063,2024/05/12,2024-05-21,2024-05-25,1135,1045,459,Open
PO_102388,SUP_029,PROD_0071,2024/05/06,2024-05-21,2024-05-23,1624,1519,431,Closed
PO_102389,SUP_152,PROD_0191,17-08-2024,2024-09-06,2024-09-08,1753,1744,90,Delayed
PO_102390,SUP_164,PROD_0024,20-02-2024,2024-03-06,2024-03-08,631,621,119,Delayed
PO_102391,SUP_076,PROD_0150,24-08-2024,2024-09-03,2024-09-03,1603,1473,236,Delayed
PO_102392,SUP_010,PROD_0184,08-07-2024,2024-07-21,2024-07-24,1683,1446,276,Open
PO_102393,SUP_119,PROD_0063,2024/02/22,2024-02-27,2024-03-02,516,484,71,Open
PO_102394,SUP_171,PROD_0032,14-05-2024,2024-06-03,2024-06-08,1413,1256,425,Closed
PO_102395,SUP_048,PROD_0227,06-09-2024,2024-09-21,2024-09-22,567,518,311,Closed
PO_102396,SUP_042,PROD_0289,03-06-2024,2024-06-18,2024-06-22,1475,1297,132,Open
PO_102397,SUP_048,PROD_0285,2024/05/12,2024-05-29,2024-06-03,924,917,115,Open
PO_102398,SUP_115,PROD_0194,24-01-2024,2024-02-12,2024-02-15,977,882,168,Closed
PO_102399,SUP_103,PROD_0244,2024/09/01,2024-09-08,2024-09-08,792,726,146,Delayed
PO_102400,SUP_111,PROD_0259,2024/03/11,2024-03-27,2024-04-02,356,355,151,Open
PO_102401,SUP_068,PROD_0265,2024/11/06,2024-11-12,2024-11-15,1934,1910,383,Open
PO_102402,SUP_095,PROD_0121,29-10-2024,2024-11-10,2024-11-09,217,200,395,Closed
PO_102403,SUP_122,PROD_0103,2024/06/26,2024-07-01,2024-07-06,1808,1750,349,Delayed
PO_102404,SUP_066,PROD_0005,12-02-2024,2024-02-27,2024-03-04,1848,1730,270,Closed
PO_102405,SUP_129,PROD_0238,2024/12/15,2024-12-30,2025-01-02,1022,995,69,Delayed
PO_102406,SUP_151,PROD_0015,2024/06/22,2024-07-08,2024-07-09,425,391,263,Delayed
PO_102407,SUP_192,PROD_0067,2024/05/12,2024-05-21,2024-05-20,1076,1030,147,Delayed
PO_102408,SUP_165,PROD_0076,15-04-2024,2024-04-25,2024-04-22,1546,1437,130,Closed
PO_102409,SUP_126,PROD_0219,2024/02/24,2024-03-02,2024-03-06,1800,1591,229,Open
PO_102410,SUP_158,PROD_0279,24-02-2024,2024-03-13,2024-03-12,217,207,439,Closed
PO_102411,SUP_009,PROD_0192,2024/05/27,2024-06-09,2024-06-14,927,831,335,Closed
PO_102412,SUP_048,PROD_0016,2024/08/05,2024-08-10,2024-08-10,1297,1148,478,Delayed
PO_102413,SUP_102,PROD_0138,30-07-2024,2024-08-04,2024-08-02,1923,1887,176,Closed
PO_102414,SUP_119,PROD_0010,01-02-2024,2024-02-19,2024-02-24,151,134,484,Closed
PO_102415,SUP_088,PROD_0006,23-07-2024,2024-08-03,2024-08-07,1916,1644,438,Open
PO_102416,SUP_047,PROD_0130,2024/10/25,2024-11-05,2024-11-05,478,441,251,Open
PO_102417,SUP_145,PROD_0143,22-10-2024,2024-11-03,2024-11-01,1867,1813,453,Open
PO_102418,SUP_102,PROD_0167,03-05-2024,2024-05-08,2024-05-13,555,504,328,Closed
PO_102419,SUP_141,PROD_0167,2024/03/21,2024-04-06,2024-04-12,1592,1380,353,Delayed
PO_102420,SUP_041,PROD_0253,05-11-2024,2024-11-17,2024-11-23,560,499,105,Delayed
PO_102421,SUP_090,PROD_0025,14-02-2024,2024-02-24,2024-03-01,341,308,460,Delayed
PO_102422,SUP_116,PROD_0203,2024/08/07,2024-08-13,2024-08-12,1800,1699,260,Closed
PO_102423,SUP_053,PROD_0251,20-08-2024,2024-08-30,2024-09-04,1419,1273,195,Delayed
PO_102424,SUP_140,PROD_0223,16-11-2024,2024-12-02,2024-11-29,1027,949,410,Closed
PO_102425,SUP_006,PROD_0087,2024/08/02,2024-08-22,2024-08-24,1643,1407,251,Delayed
PO_102426,SUP_012,PROD_0085,06-01-2024,2024-01-14,2024-01-20,1825,1646,472,Closed
PO_102427,SUP_139,PROD_0294,09-07-2024,2024-07-23,2024-07-23,1369,1171,56,Delayed
PO_102428,SUP_045,PROD_0004,25-04-2024,2024-05-05,2024-05-04,813,813,138,Closed
PO_102429,SUP_167,PROD_0170,2024/05/05,2024-05-21,2024-05-19,183,166,118,Closed
PO_102430,SUP_175,PROD_0018,2024/02/28,2024-03-11,2024-03-13,680,606,208,Open
PO_102431,SUP_063,PROD_0099,2024/10/24,2024-11-07,2024-11-07,1377,1211,139,Open
PO_102432,SUP_138,PROD_0014,06-05-2024,2024-05-23,2024-05-22,1312,1203,258,Delayed
PO_102433,SUP_069,PROD_0139,2024/10/02,2024-10-14,2024-10-12,358,309,465,Closed
PO_102434,SUP_101,PROD_0161,2024/10/23,2024-10-29,2024-11-02,1697,1510,210,Closed
PO_102435,SUP_124,PROD_0236,01-03-2024,2024-03-10,2024-03-10,1116,1027,245,Delayed
PO_102436,SUP_153,PROD_0138,09-07-2024,2024-07-22,2024-07-21,234,203,47,Delayed
PO_102437,SUP_034,PROD_0093,14-04-2024,2024-05-03,2024-05-05,1374,1268,447,Open
PO_102438,SUP_103,PROD_0066,08-02-2024,2024-02-20,2024-02-18,1086,1031,230,Open
PO_102439,SUP_103,PROD_0129,2024/08/30,2024-09-14,2024-09-13,1467,1344,476,Closed
PO_102440,SUP_197,PROD_0118,13-03-2024,2024-03-18,2024-03-24,971,831,101,Closed
PO_102441,SUP_036,PROD_0139,19-10-2024,2024-10-29,2024-11-03,1948,1686,177,Closed
PO_102442,SUP_085,PROD_0182,26-03-2024,2024-04-03,2024-04-01,824,701,393,Open
PO_102443,SUP_149,PROD_0054,18-02-2024,2024-03-02,2024-03-02,1574,1413,435,Closed
PO_102444,SUP_152,PROD_0237,07-12-2024,2024-12-13,2024-12-18,1843,1637,266,Open
PO_102445,SUP_034,PROD_0079,26-08-2024,2024-09-04,2024-09-06,1518,1313,419,Delayed
PO_102446,SUP_180,PROD_0277,2024/10/06,2024-10-18,2024-10-19,1386,1380,448,Closed
PO_102447,SUP_127,PROD_0022,2024/10/29,2024-11-08,2024-11-05,719,666,435,Open
PO_102448,SUP_194,PROD_0088,2024/11/20,2024-12-07,2024-12-13,506,505,146,Delayed
PO_102449,SUP_015,PROD_0085,2024/10/12,2024-10-30,2024-11-01,295,271,223,Open
PO_102450,SUP_086,PROD_0258,2024/10/04,2024-10-18,2024-10-21,663,663,69,Open
PO_102451,SUP_112,PROD_0245,26-09-2024,2024-10-07,2024-10-12,451,400,436,Open
PO_102452,SUP_169,PROD_0300,29-03-2024,2024-04-03,2024-04-08,645,569,243,Open
PO_102453,SUP_150,PROD_0201,05-06-2024,2024-06-16,2024-06-18,1609,1410,231,Delayed
PO_102454,SUP_028,PROD_0274,22-03-2024,2024-04-01,2024-03-31,1880,1691,219,Open
PO_102455,SUP_115,PROD_0089,2024/12/05,2024-12-22,2024-12-21,1650,1543,492,Open
PO_102456,SUP_044,PROD_0084,06-04-2024,2024-04-19,2024-04-18,1423,1271,46,Open
PO_102457,SUP_004,PROD_0214,2024/02/14,2024-02-28,2024-03-05,1274,1182,129,Closed
PO_102458,SUP_068,PROD_0176,21-12-2024,2025-01-09,2025-01-06,375,370,249,Closed
PO_102459,SUP_073,PROD_0021,24-10-2024,2024-11-09,2024-11-12,497,424,134,Delayed
PO_102460,SUP_057,PROD_0126,28-04-2024,2024-05-05,2024-05-02,1610,1462,429,Closed
PO_102461,SUP_024,PROD_0045,2024/10/02,2024-10-12,2024-10-11,428,391,192,Open
PO_102462,SUP_125,PROD_0020,03-01-2024,2024-01-09,2024-01-12,143,131,310,Open
PO_102463,SUP_015,PROD_0243,2024/05/23,2024-06-09,2024-06-07,1991,1915,390,Closed
PO_102464,SUP_091,PROD_0006,2024/07/19,2024-08-02,2024-08-02,1551,1321,309,Delayed
PO_102465,SUP_024,PROD_0228,15-06-2024,2024-06-27,2024-07-01,455,440,142,Delayed
PO_102466,SUP_106,PROD_0059,2024/03/16,2024-03-28,2024-03-26,521,443,484,Delayed
PO_102467,SUP_077,PROD_0071,2024/11/12,2024-11-25,2024-11-26,1559,1376,87,Delayed
PO_102468,SUP_030,PROD_0101,2024/02/20,2024-03-08,2024-03-10,665,623,500,Closed
PO_102469,SUP_108,PROD_0017,25-08-2024,2024-09-14,2024-09-17,1171,1103,225,Delayed
PO_102470,SUP_012,PROD_0143,2024/04/16,2024-04-29,2024-05-05,698,647,132,Closed
PO_102471,SUP_006,PROD_0045,2024/08/30,2024-09-14,2024-09-16,304,289,301,Delayed
PO_102472,SUP_044,PROD_0147,11-11-2024,2024-11-22,2024-11-21,713,677,397,Closed
PO_102473,SUP_128,PROD_0087,15-08-2024,2024-08-29,2024-08-30,1680,1484,176,Open
PO_102474,SUP_100,PROD_0294,2024/06/25,2024-07-13,2024-07-15,1730,1600,140,Open
PO_102475,SUP_138,PROD_0190,18-10-2024,2024-10-23,2024-10-22,835,804,487,Closed
PO_102476,SUP_177,PROD_0240,12-07-2024,2024-07-21,2024-07-24,1245,1102,330,Closed
PO_102477,SUP_001,PROD_0174,21-09-2024,2024-10-09,2024-10-10,229,208,374,Delayed
PO_102478,SUP_101,PROD_0143,21-06-2024,2024-07-06,2024-07-10,1619,1436,177,Open
PO_102479,SUP_137,PROD_0040,29-10-2024,2024-11-03,2024-10-31,1291,1164,439,Delayed
PO_102480,SUP_106,PROD_0049,2024/08/06,2024-08-12,2024-08-13,1100,1010,473,Closed
PO_102481,SUP_187,PROD_0193,21-08-2024,2024-09-03,2024-09-04,534,463,274,Delayed
PO_102482,SUP_120,PROD_0068,19-08-2024,2024-09-04,2024-09-07,625,617,498,Open
PO_102483,SUP_018,PROD_0189,2024/04/29,2024-05-16,2024-05-21,1993,1846,454,Delayed
PO_102484,SUP_016,PROD_0077,2024/02/14,2024-03-01,2024-03-06,1628,1498,351,Open
PO_102485,SUP_133,PROD_0158,22-12-2024,2025-01-01,2025-01-07,1826,1723,96,Closed
PO_102486,SUP_061,PROD_0187,23-12-2024,2025-01-11,2025-01-16,888,859,50,Open
PO_102487,SUP_069,PROD_0218,18-01-2024,2024-02-02,2024-01-30,566,556,401,Delayed
PO_102488,SUP_171,PROD_0109,2024/05/05,2024-05-16,2024-05-13,911,779,287,Open
PO_102489,SUP_108,PROD_0211,2024/08/29,2024-09-06,2024-09-11,377,376,133,Open
PO_102490,SUP_116,PROD_0261,2024/10/21,2024-11-03,2024-11-01,1358,1319,48,Delayed
PO_102491,SUP_154,PROD_0024,08-08-2024,2024-08-23,2024-08-23,1128,1057,429,Open
PO_102492,SUP_179,PROD_0264,2024/04/15,2024-05-03,2024-05-03,723,702,388,Delayed
PO_102493,SUP_164,PROD_0166,2024/09/14,2024-10-04,2024-10-07,149,126,419,Delayed
PO_102494,SUP_178,PROD_0234,2024/11/22,2024-12-06,2024-12-12,382,327,111,Open
PO_102495,SUP_186,PROD_0227,27-11-2024,2024-12-15,2024-12-13,1216,1040,482,Open
PO_102496,SUP_103,PROD_0084,2024/07/19,2024-07-30,2024-07-29,1818,1552,71,Open
PO_102497,SUP_146,PROD_0275,08-04-2024,2024-04-18,2024-04-23,1818,1626,355,Open
PO_102498,SUP_197,PROD_0105,2024/03/02,2024-03-11,2024-03-14,1538,1504,205,Closed
PO_102499,SUP_079,PROD_0135,2024/08/25,2024-09-01,2024-09-05,1610,1411,43,Open
PO_102500,SUP_152,PROD_0275,2024/10/27,2024-11-10,2024-11-09,161,157,145,Delayed
PO_102501,SUP_164,PROD_0010,2024/04/30,2024-05-07,2024-05-07,769,667,194,Open
PO_102502,SUP_017,PROD_0175,2024/07/02,2024-07-20,2024-07-24,154,147,234,Open
PO_102503,SUP_070,PROD_0119,2024/04/07,2024-04-12,2024-04-14,629,605,350,Delayed
PO_102504,SUP_178,PROD_0039,2024/05/22,2024-06-03,2024-05-31,1528,1417,115,Delayed
PO_102505,SUP_002,PROD_0198,2024/10/02,2024-10-10,2024-10-13,1065,1001,297,Delayed
PO_102506,SUP_149,PROD_0027,2024/05/18,2024-05-30,2024-05-28,803,695,492,Open
PO_102507,SUP_168,PROD_0262,2024/11/29,2024-12-12,2024-12-18,1986,1735,410,Open
PO_102508,SUP_014,PROD_0080,01-01-2024,2024-01-12,2024-01-16,1686,1538,63,Delayed
PO_102509,SUP_132,PROD_0277,01-06-2024,2024-06-07,2024-06-11,1901,1631,64,Delayed
PO_102510,SUP_043,PROD_0213,23-11-2024,2024-11-30,2024-12-04,426,384,245,Delayed
PO_102511,SUP_170,PROD_0010,2024/05/31,2024-06-14,2024-06-19,768,710,425,Closed
PO_102512,SUP_162,PROD_0142,2024/09/21,2024-10-06,2024-10-12,476,415,368,Closed
PO_102513,SUP_154,PROD_0198,02-08-2024,2024-08-07,2024-08-10,1313,1144,390,Closed
PO_102514,SUP_136,PROD_0069,2024/08/29,2024-09-15,2024-09-18,371,368,47,Closed
PO_102515,SUP_045,PROD_0216,2024/05/02,2024-05-10,2024-05-14,216,195,365,Delayed
PO_102516,SUP_098,PROD_0095,2024/05/15,2024-05-28,2024-05-29,547,546,206,Open
PO_102517,SUP_192,PROD_0152,20-06-2024,2024-07-10,2024-07-07,266,235,131,Open
PO_102518,SUP_024,PROD_0080,24-03-2024,2024-04-09,2024-04-09,935,851,345,Open
PO_102519,SUP_146,PROD_0232,2024/07/05,2024-07-17,2024-07-14,474,453,322,Delayed
PO_102520,SUP_001,PROD_0068,2024/01/31,2024-02-12,2024-02-18,871,815,372,Closed
PO_102521,SUP_079,PROD_0022,2024/07/11,2024-07-26,2024-07-25,1829,1734,431,Open
PO_102522,SUP_137,PROD_0226,23-04-2024,2024-05-11,2024-05-12,1126,1051,425,Open
PO_102523,SUP_070,PROD_0262,2024/12/13,2024-12-18,2024-12-18,1889,1884,244,Closed
PO_102524,SUP_095,PROD_0142,01-03-2024,2024-03-17,2024-03-23,1025,973,295,Open
PO_102525,SUP_104,PROD_0238,18-03-2024,2024-03-29,2024-03-28,572,563,259,Delayed
PO_102526,SUP_149,PROD_0159,27-09-2024,2024-10-15,2024-10-16,1298,1248,77,Open
PO_102527,SUP_048,PROD_0269,2024/12/07,2024-12-17,2024-12-16,1632,1486,65,Closed
PO_102528,SUP_107,PROD_0204,25-03-2024,2024-04-12,2024-04-18,1369,1181,105,Open
PO_102529,SUP_157,PROD_0080,18-10-2024,2024-11-05,2024-11-04,487,483,496,Closed
PO_102530,SUP_103,PROD_0285,2024/04/20,2024-05-05,2024-05-10,1604,1494,284,Open
PO_102531,SUP_200,PROD_0223,29-12-2024,2025-01-18,2025-01-22,1351,1151,135,Open
PO_102532,SUP_065,PROD_0127,03-03-2024,2024-03-15,2024-03-16,1175,1022,128,Open
PO_102533,SUP_104,PROD_0006,2024/04/12,2024-04-23,2024-04-29,273,233,119,Closed
PO_102534,SUP_179,PROD_0239,2024/02/04,2024-02-18,2024-02-19,201,195,374,Closed
PO_102535,SUP_009,PROD_0146,2024/11/11,2024-11-18,2024-11-19,1617,1561,373,Delayed
PO_102536,SUP_148,PROD_0254,06-02-2024,2024-02-17,2024-02-18,342,310,48,Closed
PO_102537,SUP_112,PROD_0168,2024/11/21,2024-12-11,2024-12-10,167,167,342,Delayed
PO_102538,SUP_179,PROD_0070,2024/07/15,2024-07-29,2024-07-28,1620,1452,442,Closed
PO_102539,SUP_060,PROD_0016,17-06-2024,2024-06-26,2024-06-23,1162,1132,133,Open
PO_102540,SUP_067,PROD_0287,2024/08/06,2024-08-24,2024-08-30,1739,1683,92,Closed
PO_102541,SUP_002,PROD_0044,18-10-2024,2024-10-24,2024-10-26,923,905,313,Delayed
PO_102542,SUP_026,PROD_0270,05-07-2024,2024-07-17,2024-07-14,1018,975,355,Delayed
PO_102543,SUP_188,PROD_0149,2024/06/19,2024-07-09,2024-07-08,1651,1620,431,Closed
PO_102544,SUP_042,PROD_0163,07-06-2024,2024-06-19,2024-06-20,1105,996,171,Closed
PO_102545,SUP_104,PROD_0050,02-12-2024,2024-12-13,2024-12-17,1452,1237,356,Closed
PO_102546,SUP_128,PROD_0180,11-09-2024,2024-10-01,2024-10-05,502,433,368,Closed
PO_102547,SUP_012,PROD_0076,02-08-2024,2024-08-09,2024-08-15,1660,1588,379,Open
PO_102548,SUP_054,PROD_0236,14-11-2024,2024-11-21,2024-11-27,506,435,304,Closed
PO_102549,SUP_115,PROD_0147,01-06-2024,2024-06-11,2024-06-12,1844,1567,198,Open
PO_102550,SUP_107,PROD_0066,2024/09/09,2024-09-27,2024-09-24,1009,914,423,Open
PO_102551,SUP_194,PROD_0037,03-02-2024,2024-02-08,2024-02-12,946,924,204,Delayed
PO_102552,SUP_169,PROD_0086,18-01-2024,2024-02-03,2024-02-01,1089,1062,395,Delayed
PO_102553,SUP_066,PROD_0019,26-06-2024,2024-07-03,2024-07-04,820,774,236,Closed
PO_102554,SUP_190,PROD_0041,12-10-2024,2024-10-28,2024-11-02,102,89,216,Open
PO_102555,SUP_172,PROD_0188,2024/08/19,2024-09-01,2024-09-02,1571,1398,449,Delayed
PO_102556,SUP_122,PROD_0002,07-12-2024,2024-12-15,2024-12-18,196,167,371,Open
PO_102557,SUP_080,PROD_0061,06-01-2024,2024-01-18,2024-01-15,1568,1470,199,Open
PO_102558,SUP_039,PROD_0092,2024/01/10,2024-01-22,2024-01-28,1990,1732,443,Delayed
PO_102559,SUP_197,PROD_0021,2024/01/13,2024-01-24,2024-01-30,883,811,241,Delayed
PO_102560,SUP_169,PROD_0228,2024/07/09,2024-07-26,2024-07-27,1386,1314,395,Delayed
PO_102561,SUP_087,PROD_0047,2024/01/07,2024-01-16,2024-01-19,758,692,120,Open
PO_102562,SUP_061,PROD_0176,20-12-2024,2025-01-07,2025-01-13,523,497,483,Closed
PO_102563,SUP_006,PROD_0258,12-04-2024,2024-04-18,2024-04-18,1338,1266,279,Closed
PO_102564,SUP_143,PROD_0248,2024/08/09,2024-08-29,2024-08-26,1135,974,408,Delayed
PO_102565,SUP_139,PROD_0145,2024/03/27,2024-04-02,2024-03-31,1327,1183,398,Closed
PO_102566,SUP_025,PROD_0172,17-02-2024,2024-02-28,2024-02-27,1760,1637,239,Delayed
PO_102567,SUP_048,PROD_0062,22-06-2024,2024-06-28,2024-06-30,433,382,449,Delayed
PO_102568,SUP_173,PROD_0082,2024/12/01,2024-12-18,2024-12-15,704,616,272,Closed
PO_102569,SUP_122,PROD_0245,2024/06/09,2024-06-21,2024-06-27,1953,1799,280,Open
PO_102570,SUP_015,PROD_0273,2024/12/30,2025-01-12,2025-01-13,1083,955,411,Delayed
PO_102571,SUP_191,PROD_0038,10-04-2024,2024-04-17,2024-04-21,1637,1601,72,Delayed
PO_102572,SUP_125,PROD_0199,20-10-2024,2024-11-04,2024-11-04,1280,1192,179,Closed
PO_102573,SUP_097,PROD_0002,2024/07/27,2024-08-06,2024-08-06,769,699,399,Closed
PO_102574,SUP_005,PROD_0067,2024/01/07,2024-01-16,2024-01-19,250,235,418,Open
PO_102575,SUP_013,PROD_0170,2024/10/11,2024-10-30,2024-10-27,542,466,238,Open
PO_102576,SUP_003,PROD_0190,01-05-2024,2024-05-07,2024-05-10,910,784,162,Closed
PO_102577,SUP_140,PROD_0062,28-09-2024,2024-10-05,2024-10-08,644,548,468,Closed
PO_102578,SUP_190,PROD_0122,27-10-2024,2024-11-02,2024-11-08,342,330,124,Closed
PO_102579,SUP_041,PROD_0103,14-03-2024,2024-03-30,2024-03-29,147,138,351,Open
PO_102580,SUP_148,PROD_0096,2024/10/18,2024-11-06,2024-11-12,850,822,158,Closed
PO_102581,SUP_090,PROD_0253,2024/01/26,2024-02-13,2024-02-10,372,334,481,Delayed
PO_102582,SUP_012,PROD_0164,2024/06/13,2024-06-26,2024-06-27,1390,1254,342,Delayed
PO_102583,SUP_024,PROD_0064,12-10-2024,2024-10-26,2024-10-27,1995,1980,208,Closed
PO_102584,SUP_090,PROD_0272,18-11-2024,2024-11-26,2024-12-01,1319,1175,239,Open
PO_102585,SUP_153,PROD_0190,2024/05/24,2024-06-08,2024-06-11,931,829,120,Closed
PO_102586,SUP_004,PROD_0121,09-09-2024,2024-09-29,2024-09-26,744,735,398,Open
PO_102587,SUP_115,PROD_0006,22-02-2024,2024-03-11,2024-03-10,734,660,317,Open
PO_102588,SUP_051,PROD_0181,23-11-2024,2024-12-02,2024-12-05,1946,1686,247,Open
PO_102589,SUP_175,PROD_0003,2024/09/15,2024-10-01,2024-09-28,245,212,231,Open
PO_102590,SUP_109,PROD_0028,27-04-2024,2024-05-04,2024-05-07,1117,1037,454,Delayed
PO_102591,SUP_020,PROD_0108,13-08-2024,2024-08-19,2024-08-21,364,324,131,Delayed
PO_102592,SUP_097,PROD_0136,16-06-2024,2024-06-30,2024-07-04,1261,1258,175,Delayed
PO_102593,SUP_120,PROD_0299,06-07-2024,2024-07-17,2024-07-15,1492,1281,455,Open
PO_102594,SUP_135,PROD_0295,2024/08/23,2024-08-31,2024-09-06,1605,1500,80,Open
PO_102595,SUP_100,PROD_0064,10-08-2024,2024-08-24,2024-08-27,1289,1236,149,Closed
PO_102596,SUP_144,PROD_0236,2024/04/09,2024-04-24,2024-04-30,1113,1047,175,Delayed
PO_102597,SUP_063,PROD_0245,04-01-2024,2024-01-20,2024-01-24,200,197,435,Open
PO_102598,SUP_026,PROD_0289,2024/02/15,2024-02-28,2024-02-28,1852,1669,43,Closed
PO_102599,SUP_037,PROD_0246,14-01-2024,2024-01-30,2024-02-02,1101,989,163,Delayed
PO_102600,SUP_011,PROD_0096,09-03-2024,2024-03-20,2024-03-26,1862,1650,247,Open
PO_102601,SUP_097,PROD_0096,2024/05/02,2024-05-12,2024-05-15,1746,1616,498,Closed
PO_102602,SUP_185,PROD_0274,12-08-2024,2024-09-01,2024-09-01,1373,1253,403,Delayed
PO_102603,SUP_148,PROD_0049,13-03-2024,2024-03-19,2024-03-18,588,531,391,Delayed
PO_102604,SUP_045,PROD_0265,01-01-2024,2024-01-08,2024-01-11,1363,1229,136,Open
PO_102605,SUP_152,PROD_0269,11-03-2024,2024-03-22,2024-03-23,1113,984,377,Delayed
PO_102606,SUP_085,PROD_0138,2024/01/05,2024-01-25,2024-01-27,1779,1687,204,Closed
PO_102607,SUP_156,PROD_0036,2024/07/18,2024-07-24,2024-07-28,762,672,263,Delayed
PO_102608,SUP_073,PROD_0126,2024/04/23,2024-05-01,2024-04-28,107,96,406,Delayed
PO_102609,SUP_033,PROD_0253,2024/03/20,2024-03-30,2024-04-02,1380,1288,411,Open
PO_102610,SUP_130,PROD_0018,2024/08/27,2024-09-07,2024-09-07,254,240,252,Open
PO_102611,SUP_054,PROD_0286,01-06-2024,2024-06-21,2024-06-18,1995,1880,450,Closed
PO_102612,SUP_160,PROD_0258,01-05-2024,2024-05-18,2024-05-15,786,769,354,Open
PO_102613,SUP_122,PROD_0153,10-03-2024,2024-03-24,2024-03-22,1590,1537,461,Closed
PO_102614,SUP_112,PROD_0243,2024/03/08,2024-03-28,2024-03-29,137,127,385,Delayed
PO_102615,SUP_001,PROD_0221,26-03-2024,2024-04-13,2024-04-17,960,856,110,Closed
PO_102616,SUP_092,PROD_0207,2024/01/21,2024-02-02,2024-02-05,490,449,452,Open
PO_102617,SUP_125,PROD_0107,06-02-2024,2024-02-20,2024-02-26,1017,890,176,Delayed
PO_102618,SUP_154,PROD_0040,2024/04/21,2024-05-11,2024-05-17,1817,1675,317,Delayed
PO_102619,SUP_081,PROD_0161,2024/12/27,2025-01-14,2025-01-11,1306,1113,418,Open
PO_102620,SUP_112,PROD_0152,2024/11/01,2024-11-12,2024-11-11,1786,1628,253,Closed
PO_102621,SUP_034,PROD_0052,08-03-2024,2024-03-20,2024-03-26,626,552,497,Delayed
PO_102622,SUP_087,PROD_0117,07-10-2024,2024-10-14,2024-10-12,774,689,355,Closed
PO_102623,SUP_179,PROD_0084,03-01-2024,2024-01-10,2024-01-09,1502,1311,270,Closed
PO_102624,SUP_164,PROD_0083,2024/10/29,2024-11-12,2024-11-16,714,649,128,Open
PO_102625,SUP_135,PROD_0073,2024/08/24,2024-09-13,2024-09-11,1835,1624,302,Closed
PO_102626,SUP_075,PROD_0035,2024/08/18,2024-09-07,2024-09-04,775,707,376,Delayed
PO_102627,SUP_066,PROD_0295,2024/01/26,2024-02-12,2024-02-10,1597,1521,142,Open
PO_102628,SUP_070,PROD_0201,2024/07/24,2024-08-07,2024-08-11,1631,1392,334,Delayed
PO_102629,SUP_100,PROD_0099,2024/06/15,2024-07-03,2024-07-07,1376,1342,177,Delayed
PO_102630,SUP_102,PROD_0062,03-05-2024,2024-05-08,2024-05-14,1857,1603,267,Delayed
PO_102631,SUP_002,PROD_0051,31-01-2024,2024-02-09,2024-02-12,271,256,236,Open
PO_102632,SUP_072,PROD_0170,01-07-2024,2024-07-16,2024-07-20,1501,1402,299,Delayed
PO_102633,SUP_127,PROD_0181,2024/09/24,2024-10-11,2024-10-13,771,667,424,Closed
PO_102634,SUP_099,PROD_0269,10-05-2024,2024-05-30,2024-06-02,662,619,42,Open
PO_102635,SUP_015,PROD_0183,23-09-2024,2024-10-11,2024-10-16,1852,1610,107,Open
PO_102636,SUP_066,PROD_0155,14-07-2024,2024-07-30,2024-07-31,765,683,94,Closed
PO_102637,SUP_052,PROD_0104,2024/09/19,2024-10-09,2024-10-10,110,109,113,Open
PO_102638,SUP_082,PROD_0241,30-09-2024,2024-10-18,2024-10-15,1149,986,437,Delayed
PO_102639,SUP_160,PROD_0153,02-02-2024,2024-02-21,2024-02-18,602,545,249,Closed
PO_102640,SUP_086,PROD_0025,2024/04/18,2024-05-06,2024-05-03,455,455,63,Delayed
PO_102641,SUP_192,PROD_0036,2024/09/30,2024-10-12,2024-10-09,1346,1198,437,Open
PO_102642,SUP_156,PROD_0244,2024/12/08,2024-12-13,2024-12-19,1677,1577,261,Open
PO_102643,SUP_040,PROD_0285,21-10-2024,2024-11-10,2024-11-09,1821,1684,179,Closed
PO_102644,SUP_077,PROD_0163,2024/04/17,2024-05-03,2024-05-06,1348,1155,178,Open
PO_102645,SUP_131,PROD_0008,14-04-2024,2024-04-30,2024-05-03,1639,1539,393,Open
PO_102646,SUP_087,PROD_0300,12-09-2024,2024-09-24,2024-09-30,614,601,386,Delayed
PO_102647,SUP_065,PROD_0139,2024/01/24,2024-02-02,2024-02-05,102,90,126,Delayed
PO_102648,SUP_196,PROD_0072,2024/01/23,2024-02-04,2024-02-02,824,742,311,Delayed
PO_102649,SUP_011,PROD_0117,23-05-2024,2024-05-28,2024-06-01,491,429,472,Delayed
PO_102650,SUP_093,PROD_0188,13-08-2024,2024-09-01,2024-09-05,685,596,312,Delayed
PO_102651,SUP_176,PROD_0268,2024/06/07,2024-06-14,2024-06-19,1941,1730,257,Closed
PO_102652,SUP_102,PROD_0264,2024/01/02,2024-01-11,2024-01-17,755,744,442,Open
PO_102653,SUP_044,PROD_0220,2024/02/24,2024-03-13,2024-03-12,601,513,371,Delayed
PO_102654,SUP_072,PROD_0085,2024/11/25,2024-12-11,2024-12-16,871,857,406,Open
PO_102655,SUP_114,PROD_0099,2024/09/03,2024-09-17,2024-09-22,529,449,90,Open
PO_102656,SUP_175,PROD_0045,2024/07/25,2024-08-04,2024-08-10,537,503,376,Closed
PO_102657,SUP_200,PROD_0076,28-09-2024,2024-10-05,2024-10-09,1207,1122,296,Open
PO_102658,SUP_006,PROD_0216,2024/06/23,2024-07-07,2024-07-10,1375,1207,320,Closed
PO_102659,SUP_116,PROD_0258,09-03-2024,2024-03-28,2024-03-27,550,541,374,Closed
PO_102660,SUP_015,PROD_0019,2024/03/18,2024-03-28,2024-03-28,1065,1014,387,Open
PO_102661,SUP_120,PROD_0229,2024/05/19,2024-06-07,2024-06-04,1474,1400,494,Open
PO_102662,SUP_128,PROD_0161,26-12-2024,2025-01-08,2025-01-06,1384,1256,445,Closed
PO_102663,SUP_116,PROD_0108,2024/10/30,2024-11-06,2024-11-11,1207,1143,359,Delayed
PO_102664,SUP_015,PROD_0286,03-02-2024,2024-02-19,2024-02-25,232,216,204,Open
PO_102665,SUP_130,PROD_0135,2024/09/18,2024-10-05,2024-10-04,929,929,463,Delayed
PO_102666,SUP_005,PROD_0246,2024/08/14,2024-09-01,2024-09-01,1175,1100,51,Closed
PO_102667,SUP_030,PROD_0015,18-03-2024,2024-03-30,2024-04-05,917,864,388,Delayed
PO_102668,SUP_134,PROD_0199,2024/02/15,2024-02-23,2024-02-22,1261,1238,371,Closed
PO_102669,SUP_103,PROD_0199,18-09-2024,2024-09-27,2024-09-24,1428,1396,463,Delayed
PO_102670,SUP_124,PROD_0076,19-01-2024,2024-01-27,2024-01-24,1031,1026,340,Delayed
PO_102671,SUP_071,PROD_0262,14-03-2024,2024-03-31,2024-04-05,1342,1309,497,Open
PO_102672,SUP_063,PROD_0162,2024/12/04,2024-12-18,2024-12-24,1947,1676,272,Open
PO_102673,SUP_133,PROD_0116,08-09-2024,2024-09-23,2024-09-27,1146,1022,354,Open
PO_102674,SUP_190,PROD_0052,30-06-2024,2024-07-19,2024-07-16,1739,1565,289,Delayed
PO_102675,SUP_175,PROD_0163,2024/04/21,2024-04-29,2024-05-01,774,713,214,Delayed
PO_102676,SUP_159,PROD_0114,2024/01/17,2024-02-02,2024-02-01,1418,1337,87,Open
PO_102677,SUP_131,PROD_0276,29-12-2024,2025-01-11,2025-01-12,191,168,199,Closed
PO_102678,SUP_014,PROD_0053,09-02-2024,2024-02-23,2024-02-21,731,717,494,Closed
PO_102679,SUP_114,PROD_0059,2024/04/26,2024-05-11,2024-05-08,506,471,245,Delayed
PO_102680,SUP_116,PROD_0229,20-07-2024,2024-07-27,2024-07-24,1293,1236,367,Closed
PO_102681,SUP_092,PROD_0219,2024/03/13,2024-03-25,2024-03-26,1747,1746,438,Open
PO_102682,SUP_195,PROD_0119,14-05-2024,2024-06-01,2024-06-05,1276,1192,454,Delayed
PO_102683,SUP_035,PROD_0164,06-08-2024,2024-08-20,2024-08-17,235,229,261,Closed
PO_102684,SUP_094,PROD_0232,2024/09/12,2024-09-23,2024-09-21,827,792,338,Closed
PO_102685,SUP_144,PROD_0107,2024/11/03,2024-11-12,2024-11-16,578,495,93,Closed
PO_102686,SUP_170,PROD_0156,2024/10/16,2024-10-23,2024-10-25,1245,1222,228,Closed
PO_102687,SUP_189,PROD_0191,26-04-2024,2024-05-08,2024-05-07,714,614,86,Delayed
PO_102688,SUP_100,PROD_0013,26-06-2024,2024-07-09,2024-07-14,606,574,338,Closed
PO_102689,SUP_100,PROD_0091,2024/06/02,2024-06-16,2024-06-19,1833,1620,281,Open
PO_102690,SUP_161,PROD_0250,19-11-2024,2024-12-05,2024-12-10,680,612,372,Delayed
PO_102691,SUP_004,PROD_0083,08-11-2024,2024-11-16,2024-11-19,230,205,266,Closed
PO_102692,SUP_074,PROD_0051,19-09-2024,2024-09-27,2024-09-30,1256,1125,322,Open
PO_102693,SUP_152,PROD_0131,20-05-2024,2024-06-09,2024-06-12,1531,1510,495,Delayed
PO_102694,SUP_033,PROD_0065,2024/04/14,2024-05-04,2024-05-08,689,653,53,Open
PO_102695,SUP_109,PROD_0179,2024/05/27,2024-06-08,2024-06-08,1678,1674,54,Delayed
PO_102696,SUP_107,PROD_0194,2024/01/16,2024-02-02,2024-02-01,338,315,325,Open
PO_102697,SUP_001,PROD_0072,2024/03/04,2024-03-21,2024-03-24,947,884,262,Delayed
PO_102698,SUP_009,PROD_0069,2024/07/20,2024-08-01,2024-08-02,456,403,455,Closed
PO_102699,SUP_019,PROD_0107,2024/12/14,2024-12-26,2024-12-27,1356,1337,341,Open
PO_102700,SUP_005,PROD_0049,2024/08/04,2024-08-16,2024-08-19,1099,1055,223,Open
PO_102701,SUP_104,PROD_0062,10-11-2024,2024-11-17,2024-11-19,406,362,365,Open
PO_102702,SUP_017,PROD_0235,2024/01/14,2024-01-24,2024-01-24,602,549,437,Open
PO_102703,SUP_014,PROD_0057,2024/07/03,2024-07-21,2024-07-22,386,363,484,Open
PO_102704,SUP_150,PROD_0183,06-05-2024,2024-05-26,2024-05-25,877,842,151,Delayed
PO_102705,SUP_047,PROD_0249,20-11-2024,2024-12-05,2024-12-07,1293,1274,428,Open
PO_102706,SUP_056,PROD_0281,11-07-2024,2024-07-24,2024-07-22,711,645,351,Closed
PO_102707,SUP_054,PROD_0139,2024/04/01,2024-04-16,2024-04-18,230,213,413,Delayed
PO_102708,SUP_138,PROD_0118,2024/05/10,2024-05-27,2024-05-31,388,365,132,Closed
PO_102709,SUP_093,PROD_0142,02-06-2024,2024-06-22,2024-06-22,578,539,73,Delayed
PO_102710,SUP_051,PROD_0077,22-12-2024,2024-12-29,2024-12-31,1506,1371,286,Closed
PO_102711,SUP_151,PROD_0163,2024/02/28,2024-03-12,2024-03-18,1037,935,309,Closed
PO_102712,SUP_063,PROD_0226,09-03-2024,2024-03-14,2024-03-15,128,123,338,Delayed
PO_102713,SUP_136,PROD_0192,10-08-2024,2024-08-28,2024-08-26,1152,1107,139,Closed
PO_102714,SUP_053,PROD_0299,31-01-2024,2024-02-08,2024-02-13,1083,941,164,Open
PO_102715,SUP_106,PROD_0088,17-02-2024,2024-02-24,2024-02-25,568,562,261,Closed
PO_102716,SUP_012,PROD_0208,08-01-2024,2024-01-28,2024-02-02,258,252,320,Open
PO_102717,SUP_014,PROD_0209,04-08-2024,2024-08-18,2024-08-17,777,742,429,Delayed
PO_102718,SUP_169,PROD_0102,2024/11/29,2024-12-04,2024-12-03,1868,1712,259,Delayed
PO_102719,SUP_004,PROD_0207,2024/02/06,2024-02-22,2024-02-23,467,400,401,Closed
PO_102720,SUP_086,PROD_0172,04-04-2024,2024-04-15,2024-04-12,478,408,297,Delayed
PO_102721,SUP_075,PROD_0079,16-06-2024,2024-06-25,2024-06-24,690,589,419,Open
PO_102722,SUP_082,PROD_0290,28-07-2024,2024-08-17,2024-08-14,311,273,201,Closed
PO_102723,SUP_190,PROD_0266,18-02-2024,2024-03-06,2024-03-09,1928,1710,167,Closed
PO_102724,SUP_060,PROD_0067,2024/03/10,2024-03-19,2024-03-20,176,154,56,Delayed
PO_102725,SUP_025,PROD_0024,2024/03/31,2024-04-06,2024-04-08,873,761,111,Closed
PO_102726,SUP_026,PROD_0099,16-04-2024,2024-04-29,2024-05-04,728,647,147,Delayed
PO_102727,SUP_030,PROD_0110,2024/03/30,2024-04-15,2024-04-14,1158,1024,233,Closed
PO_102728,SUP_073,PROD_0171,02-11-2024,2024-11-15,2024-11-17,1804,1597,480,Closed
PO_102729,SUP_077,PROD_0227,2024/06/04,2024-06-14,2024-06-19,918,889,192,Closed
PO_102730,SUP_069,PROD_0090,29-03-2024,2024-04-11,2024-04-17,1148,988,260,Delayed
PO_102731,SUP_172,PROD_0243,25-10-2024,2024-11-10,2024-11-10,995,907,424,Open
PO_102732,SUP_092,PROD_0208,2024/12/04,2024-12-20,2024-12-19,1373,1365,281,Closed
PO_102733,SUP_145,PROD_0034,2024/06/20,2024-06-30,2024-07-03,927,855,229,Open
PO_102734,SUP_131,PROD_0032,2024/07/18,2024-07-28,2024-07-30,1712,1668,166,Open
PO_102735,SUP_057,PROD_0128,2024/06/02,2024-06-10,2024-06-11,1068,1010,440,Delayed
PO_102736,SUP_070,PROD_0202,23-12-2024,2025-01-08,2025-01-07,690,641,489,Delayed
PO_102737,SUP_177,PROD_0209,2024/06/11,2024-06-23,2024-06-25,526,463,327,Delayed
PO_102738,SUP_182,PROD_0199,22-10-2024,2024-11-06,2024-11-06,415,415,188,Delayed
PO_102739,SUP_165,PROD_0235,18-03-2024,2024-04-01,2024-03-30,793,784,283,Delayed
PO_102740,SUP_058,PROD_0166,2024/12/23,2025-01-10,2025-01-10,1625,1450,360,Closed
PO_102741,SUP_110,PROD_0127,2024/12/03,2024-12-17,2024-12-20,1223,1210,208,Delayed
PO_102742,SUP_076,PROD_0290,2024/01/14,2024-02-01,2024-01-30,905,889,414,Delayed
PO_102743,SUP_140,PROD_0040,2024/11/23,2024-12-05,2024-12-11,1346,1250,425,Closed
PO_102744,SUP_132,PROD_0101,30-06-2024,2024-07-12,2024-07-17,270,258,91,Closed
PO_102745,SUP_034,PROD_0195,15-01-2024,2024-01-27,2024-01-24,1118,965,452,Open
PO_102746,SUP_109,PROD_0247,2024/12/19,2024-12-29,2024-12-26,295,285,180,Delayed
PO_102747,SUP_031,PROD_0068,2024/01/10,2024-01-19,2024-01-22,1598,1389,180,Open
PO_102748,SUP_114,PROD_0204,2024/07/22,2024-08-02,2024-08-08,1673,1469,192,Open
PO_102749,SUP_163,PROD_0085,2024/11/24,2024-12-07,2024-12-06,1633,1487,336,Delayed
PO_102750,SUP_028,PROD_0236,31-05-2024,2024-06-16,2024-06-19,520,459,457,Delayed
PO_102751,SUP_068,PROD_0259,2024/10/26,2024-11-09,2024-11-06,540,469,242,Delayed
PO_102752,SUP_146,PROD_0236,2024/02/26,2024-03-07,2024-03-10,1538,1329,236,Delayed
PO_102753,SUP_058,PROD_0112,2024/07/28,2024-08-16,2024-08-13,943,885,389,Closed
PO_102754,SUP_090,PROD_0293,03-11-2024,2024-11-11,2024-11-08,314,267,239,Closed
PO_102755,SUP_009,PROD_0042,2024/07/24,2024-08-05,2024-08-11,1332,1181,179,Closed
PO_102756,SUP_108,PROD_0247,2024/04/28,2024-05-11,2024-05-12,541,485,283,Delayed
PO_102757,SUP_177,PROD_0136,2024/05/20,2024-05-28,2024-05-29,193,166,462,Delayed
PO_102758,SUP_019,PROD_0129,01-02-2024,2024-02-08,2024-02-11,1110,1082,347,Closed
PO_102759,SUP_152,PROD_0043,2024/02/23,2024-03-11,2024-03-08,679,675,336,Closed
PO_102760,SUP_144,PROD_0214,25-01-2024,2024-02-08,2024-02-07,1930,1853,59,Closed
PO_102761,SUP_064,PROD_0150,2024/07/25,2024-07-31,2024-07-29,1894,1682,357,Closed
PO_102762,SUP_078,PROD_0284,2024/04/12,2024-04-25,2024-04-30,1933,1776,420,Closed
PO_102763,SUP_179,PROD_0245,31-01-2024,2024-02-11,2024-02-13,504,500,78,Delayed
PO_102764,SUP_098,PROD_0031,2024/02/19,2024-03-10,2024-03-16,304,263,145,Open
PO_102765,SUP_035,PROD_0051,03-09-2024,2024-09-11,2024-09-09,1719,1619,293,Closed
PO_102766,SUP_134,PROD_0285,10-03-2024,2024-03-24,2024-03-28,1470,1454,484,Delayed
PO_102767,SUP_118,PROD_0154,2024/02/15,2024-02-29,2024-02-27,344,312,107,Closed
PO_102768,SUP_131,PROD_0189,05-09-2024,2024-09-12,2024-09-18,536,517,263,Open
PO_102769,SUP_021,PROD_0020,30-05-2024,2024-06-17,2024-06-17,1339,1301,76,Open
PO_102770,SUP_074,PROD_0087,2024/06/03,2024-06-11,2024-06-14,350,312,440,Delayed
PO_102771,SUP_182,PROD_0122,18-03-2024,2024-03-26,2024-03-28,681,588,489,Open
PO_102772,SUP_170,PROD_0095,2024/04/21,2024-05-06,2024-05-03,941,898,345,Closed
PO_102773,SUP_045,PROD_0255,2024/07/27,2024-08-09,2024-08-11,790,765,125,Open
PO_102774,SUP_185,PROD_0034,08-02-2024,2024-02-13,2024-02-12,1396,1367,226,Open
PO_102775,SUP_155,PROD_0145,25-10-2024,2024-11-07,2024-11-12,1176,1128,223,Delayed
PO_102776,SUP_161,PROD_0175,02-11-2024,2024-11-14,2024-11-11,162,150,229,Open
PO_102777,SUP_076,PROD_0075,2024/06/27,2024-07-14,2024-07-14,848,767,226,Open
PO_102778,SUP_195,PROD_0186,22-11-2024,2024-11-29,2024-12-03,419,407,239,Open
PO_102779,SUP_170,PROD_0022,14-01-2024,2024-01-27,2024-01-30,1889,1647,44,Open
PO_102780,SUP_097,PROD_0261,30-11-2024,2024-12-13,2024-12-11,1817,1759,153,Closed
PO_102781,SUP_002,PROD_0002,2024/05/13,2024-05-19,2024-05-24,1011,964,438,Open
PO_102782,SUP_035,PROD_0275,04-10-2024,2024-10-10,2024-10-11,1747,1556,428,Closed
PO_102783,SUP_032,PROD_0180,2024/08/29,2024-09-16,2024-09-15,493,439,296,Closed
PO_102784,SUP_040,PROD_0146,27-04-2024,2024-05-06,2024-05-11,403,342,132,Delayed
PO_102785,SUP_092,PROD_0153,2024/05/22,2024-06-11,2024-06-13,1874,1608,119,Closed
PO_102786,SUP_116,PROD_0060,2024/05/19,2024-05-26,2024-05-23,1587,1406,424,Open
PO_102787,SUP_199,PROD_0161,22-02-2024,2024-03-01,2024-03-01,810,712,381,Open
PO_102788,SUP_034,PROD_0004,2024/08/14,2024-08-23,2024-08-22,1669,1620,369,Open
PO_102789,SUP_154,PROD_0238,2024/05/28,2024-06-05,2024-06-07,1102,1070,324,Closed
PO_102790,SUP_077,PROD_0053,15-01-2024,2024-01-24,2024-01-29,135,133,475,Open
PO_102791,SUP_195,PROD_0065,2024/12/30,2025-01-14,2025-01-14,717,709,79,Delayed
PO_102792,SUP_117,PROD_0148,18-02-2024,2024-03-02,2024-03-03,1061,1061,324,Closed
PO_102793,SUP_143,PROD_0115,2024/10/08,2024-10-14,2024-10-13,274,233,368,Open
PO_102794,SUP_007,PROD_0117,2024/04/23,2024-05-09,2024-05-13,1969,1910,326,Delayed
PO_102795,SUP_159,PROD_0228,2024/10/26,2024-11-03,2024-11-02,299,270,153,Closed
PO_102796,SUP_089,PROD_0253,2024/07/25,2024-07-30,2024-08-01,1767,1691,209,Delayed
PO_102797,SUP_148,PROD_0001,19-10-2024,2024-11-02,2024-10-30,1215,1139,428,Delayed
PO_102798,SUP_156,PROD_0279,08-08-2024,2024-08-14,2024-08-15,835,763,497,Closed
PO_102799,SUP_062,PROD_0120,12-07-2024,2024-07-19,2024-07-16,895,875,209,Open
PO_102800,SUP_114,PROD_0213,09-07-2024,2024-07-28,2024-07-25,269,233,244,Closed
PO_102801,SUP_036,PROD_0184,2024/08/02,2024-08-09,2024-08-10,1303,1163,500,Delayed
PO_102802,SUP_158,PROD_0083,11-01-2024,2024-01-24,2024-01-24,1080,1074,410,Open
PO_102803,SUP_047,PROD_0166,2024/05/31,2024-06-13,2024-06-14,1041,886,436,Delayed
PO_102804,SUP_045,PROD_0109,2024/05/24,2024-06-03,2024-06-03,1623,1456,112,Delayed
PO_102805,SUP_079,PROD_0057,2024/01/03,2024-01-09,2024-01-10,263,244,272,Open
PO_102806,SUP_081,PROD_0235,2024/05/06,2024-05-23,2024-05-29,321,290,207,Delayed
PO_102807,SUP_097,PROD_0008,2024/01/15,2024-02-01,2024-01-31,1808,1619,295,Open
PO_102808,SUP_055,PROD_0114,2024/03/25,2024-04-10,2024-04-14,225,200,162,Delayed
PO_102809,SUP_083,PROD_0276,2024/06/22,2024-07-06,2024-07-08,471,417,153,Delayed
PO_102810,SUP_036,PROD_0223,2024/07/17,2024-07-29,2024-07-26,672,621,50,Closed
PO_102811,SUP_041,PROD_0072,19-12-2024,2024-12-26,2024-12-30,423,375,90,Closed
PO_102812,SUP_046,PROD_0062,2024/06/03,2024-06-10,2024-06-13,1050,983,317,Delayed
PO_102813,SUP_002,PROD_0203,03-05-2024,2024-05-13,2024-05-16,883,806,349,Closed
PO_102814,SUP_041,PROD_0257,30-06-2024,2024-07-06,2024-07-06,348,297,469,Open
PO_102815,SUP_025,PROD_0300,29-09-2024,2024-10-15,2024-10-12,478,412,117,Closed
PO_102816,SUP_126,PROD_0250,2024/10/22,2024-11-03,2024-11-03,533,463,231,Delayed
PO_102817,SUP_149,PROD_0175,01-02-2024,2024-02-06,2024-02-03,1423,1319,51,Closed
PO_102818,SUP_184,PROD_0144,11-07-2024,2024-07-20,2024-07-19,1823,1801,214,Closed
PO_102819,SUP_116,PROD_0297,20-09-2024,2024-10-06,2024-10-08,1328,1287,198,Closed
PO_102820,SUP_056,PROD_0070,26-04-2024,2024-05-01,2024-05-02,1725,1585,439,Closed
PO_102821,SUP_020,PROD_0146,2024/07/16,2024-08-04,2024-08-08,1976,1848,440,Open
PO_102822,SUP_190,PROD_0061,28-05-2024,2024-06-16,2024-06-17,1815,1693,165,Open
PO_102823,SUP_110,PROD_0216,2024/04/10,2024-04-18,2024-04-16,1472,1433,271,Open
PO_102824,SUP_195,PROD_0215,23-06-2024,2024-06-29,2024-07-01,462,400,377,Closed
PO_102825,SUP_083,PROD_0245,2024/01/14,2024-01-24,2024-01-29,277,270,460,Closed
PO_102826,SUP_018,PROD_0059,27-07-2024,2024-08-03,2024-08-09,222,213,119,Open
PO_102827,SUP_162,PROD_0219,2024/11/16,2024-12-05,2024-12-02,891,809,362,Open
PO_102828,SUP_139,PROD_0183,05-05-2024,2024-05-14,2024-05-13,506,504,390,Closed
PO_102829,SUP_073,PROD_0263,2024/02/06,2024-02-15,2024-02-18,1776,1697,365,Open
PO_102830,SUP_156,PROD_0160,2024/04/22,2024-05-12,2024-05-10,270,241,186,Closed
PO_102831,SUP_063,PROD_0292,21-01-2024,2024-01-26,2024-01-26,1028,1010,465,Delayed
PO_102832,SUP_037,PROD_0133,22-12-2024,2024-12-31,2024-12-31,1539,1419,397,Open
PO_102833,SUP_123,PROD_0275,02-11-2024,2024-11-19,2024-11-22,1354,1332,146,Open
PO_102834,SUP_106,PROD_0176,2024/02/22,2024-03-13,2024-03-18,513,508,450,Closed
PO_102835,SUP_200,PROD_0141,23-06-2024,2024-07-04,2024-07-09,385,369,61,Closed
PO_102836,SUP_048,PROD_0221,17-07-2024,2024-08-02,2024-08-01,1534,1416,259,Closed
PO_102837,SUP_081,PROD_0177,2024/07/07,2024-07-14,2024-07-13,1099,990,133,Closed
PO_102838,SUP_121,PROD_0211,07-09-2024,2024-09-23,2024-09-26,743,664,424,Delayed
PO_102839,SUP_148,PROD_0148,13-08-2024,2024-08-27,2024-09-02,972,920,121,Closed
PO_102840,SUP_106,PROD_0297,12-01-2024,2024-01-26,2024-01-29,1380,1206,110,Delayed
PO_102841,SUP_037,PROD_0028,2024/08/02,2024-08-17,2024-08-20,1193,1121,210,Closed
PO_102842,SUP_190,PROD_0164,2024/08/17,2024-09-04,2024-09-08,467,398,345,Delayed
PO_102843,SUP_036,PROD_0038,13-08-2024,2024-08-24,2024-08-25,1502,1309,489,Delayed
PO_102844,SUP_002,PROD_0096,2024/02/26,2024-03-11,2024-03-14,1879,1672,440,Closed
PO_102845,SUP_180,PROD_0004,2024/05/29,2024-06-18,2024-06-22,1226,1115,478,Open
PO_102846,SUP_075,PROD_0027,2024/09/09,2024-09-28,2024-09-27,865,852,99,Closed
PO_102847,SUP_116,PROD_0285,14-04-2024,2024-04-26,2024-05-02,1184,1180,108,Closed
PO_102848,SUP_178,PROD_0029,2024/05/04,2024-05-15,2024-05-19,1421,1352,414,Delayed
PO_102849,SUP_125,PROD_0205,2024/12/26,2025-01-08,2025-01-10,231,224,407,Closed
PO_102850,SUP_134,PROD_0219,2024/07/21,2024-08-01,2024-08-04,1390,1232,152,Closed
PO_102851,SUP_007,PROD_0026,2024/02/27,2024-03-05,2024-03-04,1908,1886,446,Open
PO_102852,SUP_140,PROD_0105,14-09-2024,2024-09-27,2024-09-26,894,811,458,Closed
PO_102853,SUP_131,PROD_0086,2024/08/04,2024-08-23,2024-08-29,880,851,51,Open
PO_102854,SUP_164,PROD_0130,2024/11/22,2024-11-29,2024-11-29,880,821,44,Open
PO_102855,SUP_072,PROD_0291,2024/11/02,2024-11-11,2024-11-08,1251,1246,229,Closed
PO_102856,SUP_024,PROD_0289,28-02-2024,2024-03-10,2024-03-09,635,566,358,Open
PO_102857,SUP_101,PROD_0057,26-01-2024,2024-01-31,2024-01-29,321,302,500,Open
PO_102858,SUP_135,PROD_0261,28-09-2024,2024-10-04,2024-10-09,1897,1630,64,Open
PO_102859,SUP_017,PROD_0179,10-05-2024,2024-05-17,2024-05-14,677,626,71,Open
PO_102860,SUP_049,PROD_0268,2024/09/17,2024-10-02,2024-09-30,1507,1442,149,Delayed
PO_102861,SUP_118,PROD_0164,22-02-2024,2024-03-06,2024-03-11,1422,1298,151,Delayed
PO_102862,SUP_104,PROD_0265,26-01-2024,2024-02-06,2024-02-03,1378,1252,367,Open
PO_102863,SUP_141,PROD_0135,2024/05/24,2024-06-12,2024-06-10,1097,941,470,Closed
PO_102864,SUP_169,PROD_0053,2024/11/07,2024-11-13,2024-11-12,1919,1838,276,Delayed
PO_102865,SUP_028,PROD_0188,26-09-2024,2024-10-07,2024-10-11,1537,1438,92,Open
PO_102866,SUP_099,PROD_0225,2024/08/05,2024-08-23,2024-08-21,274,254,331,Delayed
PO_102867,SUP_011,PROD_0165,30-12-2024,2025-01-10,2025-01-10,427,365,251,Open
PO_102868,SUP_139,PROD_0035,01-10-2024,2024-10-12,2024-10-14,488,458,170,Open
PO_102869,SUP_062,PROD_0127,16-06-2024,2024-07-05,2024-07-04,1217,1182,229,Delayed
PO_102870,SUP_037,PROD_0049,30-10-2024,2024-11-09,2024-11-10,426,421,238,Delayed
PO_102871,SUP_139,PROD_0138,2024/09/03,2024-09-18,2024-09-23,188,188,74,Open
PO_102872,SUP_199,PROD_0104,07-08-2024,2024-08-27,2024-09-02,1879,1600,146,Closed
PO_102873,SUP_123,PROD_0197,20-09-2024,2024-10-05,2024-10-05,422,413,462,Delayed
PO_102874,SUP_190,PROD_0032,2024/10/13,2024-10-25,2024-10-26,748,656,75,Open
PO_102875,SUP_002,PROD_0279,2024/03/05,2024-03-21,2024-03-22,973,946,94,Closed
PO_102876,SUP_164,PROD_0234,2024/01/04,2024-01-24,2024-01-23,1914,1740,409,Delayed
PO_102877,SUP_194,PROD_0060,2024/03/26,2024-04-15,2024-04-19,1060,931,273,Delayed
PO_102878,SUP_168,PROD_0259,2024/05/29,2024-06-07,2024-06-09,362,331,394,Closed
PO_102879,SUP_013,PROD_0073,01-01-2024,2024-01-07,2024-01-04,1006,926,82,Closed
PO_102880,SUP_014,PROD_0179,2024/04/09,2024-04-23,2024-04-24,1101,1058,150,Delayed
PO_102881,SUP_183,PROD_0219,2024/12/05,2024-12-24,2024-12-28,292,255,427,Delayed
PO_102882,SUP_112,PROD_0180,2024/10/23,2024-11-12,2024-11-10,870,841,226,Open
PO_102883,SUP_175,PROD_0194,2024/08/21,2024-09-08,2024-09-09,183,171,350,Closed
PO_102884,SUP_094,PROD_0078,2024/04/09,2024-04-23,2024-04-24,132,117,48,Open
PO_102885,SUP_052,PROD_0094,11-03-2024,2024-03-28,2024-03-30,501,441,439,Closed
PO_102886,SUP_118,PROD_0011,2024/10/23,2024-10-30,2024-10-31,599,555,359,Delayed
PO_102887,SUP_086,PROD_0253,2024/05/25,2024-06-14,2024-06-14,962,846,65,Closed
PO_102888,SUP_039,PROD_0215,17-06-2024,2024-06-23,2024-06-21,189,160,75,Closed
PO_102889,SUP_184,PROD_0107,2024/09/15,2024-09-21,2024-09-20,921,848,218,Open
PO_102890,SUP_082,PROD_0148,21-06-2024,2024-07-10,2024-07-15,1981,1942,477,Delayed
PO_102891,SUP_048,PROD_0056,31-12-2024,2025-01-11,2025-01-13,1107,1012,497,Delayed
PO_102892,SUP_063,PROD_0259,25-07-2024,2024-08-14,2024-08-20,286,269,458,Delayed
PO_102893,SUP_054,PROD_0047,17-07-2024,2024-07-31,2024-07-31,1763,1751,119,Delayed
PO_102894,SUP_037,PROD_0159,2024/03/12,2024-03-30,2024-04-02,847,819,114,Delayed
PO_102895,SUP_128,PROD_0066,2024/06/19,2024-07-02,2024-07-08,1946,1802,125,Closed
PO_102896,SUP_013,PROD_0045,21-01-2024,2024-01-27,2024-01-26,142,129,319,Delayed
PO_102897,SUP_197,PROD_0174,12-07-2024,2024-07-17,2024-07-19,276,251,341,Closed
PO_102898,SUP_015,PROD_0102,14-03-2024,2024-04-03,2024-04-01,920,842,373,Open
PO_102899,SUP_052,PROD_0007,2024/08/03,2024-08-14,2024-08-17,1325,1148,404,Closed
PO_102900,SUP_151,PROD_0121,2024/01/30,2024-02-05,2024-02-11,207,179,309,Delayed
PO_102901,SUP_137,PROD_0023,2024/08/15,2024-08-23,2024-08-20,1757,1581,198,Delayed
PO_102902,SUP_140,PROD_0093,25-11-2024,2024-12-07,2024-12-09,1531,1460,182,Delayed
PO_102903,SUP_163,PROD_0228,2024/01/26,2024-02-07,2024-02-04,1991,1905,174,Open
PO_102904,SUP_165,PROD_0013,2024/02/15,2024-02-27,2024-03-01,906,901,127,Closed
PO_102905,SUP_195,PROD_0293,12-03-2024,2024-03-21,2024-03-24,1164,1066,74,Open
PO_102906,SUP_184,PROD_0113,2024/12/23,2025-01-05,2025-01-09,1834,1595,41,Closed
PO_102907,SUP_063,PROD_0005,2024/01/19,2024-02-04,2024-02-09,534,531,385,Open
PO_102908,SUP_036,PROD_0049,2024/09/11,2024-09-22,2024-09-28,1017,1006,356,Delayed
PO_102909,SUP_122,PROD_0209,2024/03/04,2024-03-18,2024-03-17,1466,1433,256,Open
PO_102910,SUP_123,PROD_0051,27-11-2024,2024-12-02,2024-11-30,930,920,455,Open
PO_102911,SUP_056,PROD_0210,2024/09/02,2024-09-19,2024-09-18,1447,1289,311,Open
PO_102912,SUP_199,PROD_0083,2024/10/05,2024-10-21,2024-10-18,279,266,413,Open
PO_102913,SUP_132,PROD_0264,29-03-2024,2024-04-08,2024-04-07,970,826,261,Delayed
PO_102914,SUP_102,PROD_0167,24-12-2024,2025-01-04,2025-01-08,1418,1248,243,Closed
PO_102915,SUP_082,PROD_0290,2024/10/08,2024-10-13,2024-10-17,696,659,337,Closed
PO_102916,SUP_039,PROD_0223,10-03-2024,2024-03-25,2024-03-27,1374,1249,284,Delayed
PO_102917,SUP_143,PROD_0190,2024/09/10,2024-09-27,2024-09-28,151,151,321,Delayed
PO_102918,SUP_075,PROD_0064,2024/01/13,2024-01-28,2024-01-25,1992,1918,77,Closed
PO_102919,SUP_018,PROD_0072,17-07-2024,2024-08-01,2024-08-05,1229,1195,338,Open
PO_102920,SUP_166,PROD_0059,21-07-2024,2024-08-06,2024-08-04,1194,1092,312,Delayed
PO_102921,SUP_012,PROD_0003,07-08-2024,2024-08-13,2024-08-10,1887,1697,373,Open
PO_102922,SUP_126,PROD_0179,2024/05/18,2024-05-28,2024-06-02,1015,980,327,Closed
PO_102923,SUP_005,PROD_0064,2024/11/16,2024-11-28,2024-11-25,1685,1458,112,Delayed
PO_102924,SUP_161,PROD_0019,2024/03/17,2024-04-01,2024-03-29,230,226,369,Open
PO_102925,SUP_039,PROD_0093,2024/03/28,2024-04-02,2024-04-05,1454,1276,369,Closed
PO_102926,SUP_144,PROD_0009,06-04-2024,2024-04-24,2024-04-30,531,500,460,Closed
PO_102927,SUP_035,PROD_0134,22-01-2024,2024-01-27,2024-01-31,1408,1397,140,Closed
PO_102928,SUP_116,PROD_0187,2024/07/16,2024-08-03,2024-08-02,631,566,399,Open
PO_102929,SUP_177,PROD_0048,21-11-2024,2024-12-05,2024-12-02,1528,1504,454,Delayed
PO_102930,SUP_105,PROD_0254,21-05-2024,2024-06-04,2024-06-07,1458,1304,345,Closed
PO_102931,SUP_096,PROD_0113,13-07-2024,2024-08-02,2024-08-02,841,779,370,Open
PO_102932,SUP_138,PROD_0215,2024/02/03,2024-02-16,2024-02-19,1442,1315,259,Delayed
PO_102933,SUP_190,PROD_0118,11-04-2024,2024-04-24,2024-04-29,506,475,442,Delayed
PO_102934,SUP_056,PROD_0223,2024/10/07,2024-10-25,2024-10-24,1850,1772,253,Open
PO_102935,SUP_118,PROD_0243,2024/09/22,2024-10-07,2024-10-07,415,398,55,Delayed
PO_102936,SUP_041,PROD_0210,29-08-2024,2024-09-03,2024-09-08,1945,1940,351,Closed
PO_102937,SUP_111,PROD_0173,2024/12/02,2024-12-15,2024-12-16,599,577,486,Closed
PO_102938,SUP_185,PROD_0017,01-07-2024,2024-07-06,2024-07-07,753,716,449,Closed
PO_102939,SUP_003,PROD_0027,2024/09/29,2024-10-12,2024-10-15,1049,1008,124,Closed
PO_102940,SUP_179,PROD_0240,2024/05/23,2024-06-02,2024-06-08,1653,1519,140,Closed
PO_102941,SUP_089,PROD_0003,2024/09/07,2024-09-16,2024-09-22,744,662,178,Delayed
PO_102942,SUP_090,PROD_0057,2024/01/15,2024-01-22,2024-01-25,382,346,211,Closed
PO_102943,SUP_048,PROD_0288,12-12-2024,2024-12-21,2024-12-18,714,618,215,Open
PO_102944,SUP_119,PROD_0136,17-04-2024,2024-05-02,2024-05-02,1911,1743,73,Closed
PO_102945,SUP_026,PROD_0058,2024/09/08,2024-09-23,2024-09-23,261,230,448,Closed
PO_102946,SUP_043,PROD_0206,2024/12/02,2024-12-18,2024-12-24,159,146,180,Closed
PO_102947,SUP_098,PROD_0094,2024/08/23,2024-09-05,2024-09-04,1229,1214,262,Open
PO_102948,SUP_050,PROD_0284,26-02-2024,2024-03-03,2024-03-08,844,806,293,Open
PO_102949,SUP_011,PROD_0042,2024/05/29,2024-06-13,2024-06-11,631,610,363,Closed
PO_102950,SUP_078,PROD_0177,2024/06/14,2024-06-22,2024-06-20,1076,1005,380,Open
PO_102951,SUP_107,PROD_0070,2024/12/16,2024-12-28,2025-01-01,1530,1421,56,Closed
PO_102952,SUP_065,PROD_0198,05-10-2024,2024-10-13,2024-10-16,1033,902,142,Closed
PO_102953,SUP_196,PROD_0086,2024/02/14,2024-02-29,2024-03-04,867,844,256,Open
PO_102954,SUP_031,PROD_0262,21-02-2024,2024-03-02,2024-03-05,158,154,303,Open
PO_102955,SUP_109,PROD_0293,2024/07/19,2024-07-29,2024-07-26,1306,1169,358,Closed
PO_102956,SUP_159,PROD_0173,2024/11/04,2024-11-22,2024-11-22,141,121,444,Open
PO_102957,SUP_185,PROD_0277,2024/09/09,2024-09-15,2024-09-16,787,686,56,Closed
PO_102958,SUP_045,PROD_0111,2024/12/12,2024-12-30,2025-01-03,566,516,386,Closed
PO_102959,SUP_024,PROD_0150,2024/09/28,2024-10-04,2024-10-05,1128,1124,216,Closed
PO_102960,SUP_077,PROD_0188,30-01-2024,2024-02-08,2024-02-10,1344,1153,457,Delayed
PO_102961,SUP_121,PROD_0186,15-03-2024,2024-03-25,2024-03-25,319,294,166,Open
PO_102962,SUP_184,PROD_0170,12-07-2024,2024-07-31,2024-07-30,1341,1213,352,Delayed
PO_102963,SUP_182,PROD_0104,13-01-2024,2024-01-27,2024-01-28,497,460,498,Closed
PO_102964,SUP_010,PROD_0081,11-08-2024,2024-08-27,2024-08-27,1974,1924,447,Open
PO_102965,SUP_150,PROD_0059,01-03-2024,2024-03-09,2024-03-11,132,126,248,Delayed
PO_102966,SUP_055,PROD_0083,2024/03/05,2024-03-22,2024-03-24,1756,1752,72,Closed
PO_102967,SUP_129,PROD_0251,06-08-2024,2024-08-15,2024-08-21,270,243,420,Delayed
PO_102968,SUP_146,PROD_0039,20-03-2024,2024-03-30,2024-03-28,1315,1199,321,Open
PO_102969,SUP_007,PROD_0184,21-04-2024,2024-05-10,2024-05-13,1693,1474,287,Delayed
PO_102970,SUP_089,PROD_0042,2024/09/20,2024-10-09,2024-10-13,102,97,266,Closed
PO_102971,SUP_046,PROD_0004,29-01-2024,2024-02-11,2024-02-12,750,653,66,Delayed
PO_102972,SUP_055,PROD_0159,2024/07/12,2024-07-24,2024-07-29,1112,1108,324,Open
PO_102973,SUP_195,PROD_0204,29-01-2024,2024-02-08,2024-02-14,747,640,297,Closed
PO_102974,SUP_053,PROD_0140,2024/11/28,2024-12-04,2024-12-05,117,112,349,Delayed
PO_102975,SUP_183,PROD_0075,19-12-2024,2025-01-07,2025-01-09,709,632,360,Open
PO_102976,SUP_141,PROD_0068,04-10-2024,2024-10-12,2024-10-09,254,243,494,Closed
PO_102977,SUP_097,PROD_0031,06-02-2024,2024-02-12,2024-02-14,305,265,164,Delayed
PO_102978,SUP_169,PROD_0281,07-06-2024,2024-06-17,2024-06-16,105,94,90,Open
PO_102979,SUP_176,PROD_0040,2024/04/30,2024-05-10,2024-05-07,1678,1651,321,Delayed
PO_102980,SUP_061,PROD_0276,2024/07/17,2024-07-25,2024-07-28,555,543,252,Delayed
PO_102981,SUP_004,PROD_0239,07-12-2024,2024-12-14,2024-12-18,602,576,417,Delayed
PO_102982,SUP_011,PROD_0012,27-12-2024,2025-01-10,2025-01-14,977,920,286,Closed
PO_102983,SUP_003,PROD_0234,2024/02/11,2024-02-24,2024-02-22,1698,1501,65,Open
PO_102984,SUP_168,PROD_0273,2024/05/03,2024-05-16,2024-05-21,847,801,486,Closed
PO_102985,SUP_196,PROD_0057,02-04-2024,2024-04-13,2024-04-17,113,98,310,Delayed
PO_102986,SUP_121,PROD_0073,15-05-2024,2024-05-29,2024-05-31,631,614,226,Open
PO_102987,SUP_117,PROD_0220,2024/06/25,2024-07-10,2024-07-13,1784,1771,98,Closed
PO_102988,SUP_177,PROD_0257,2024/04/30,2024-05-19,2024-05-23,1603,1490,390,Open
PO_102989,SUP_035,PROD_0206,13-03-2024,2024-03-31,2024-03-31,1297,1297,221,Open
PO_102990,SUP_118,PROD_0051,13-08-2024,2024-08-25,2024-08-22,862,782,226,Delayed
PO_102991,SUP_036,PROD_0112,25-09-2024,2024-10-15,2024-10-16,1785,1664,63,Delayed
PO_102992,SUP_098,PROD_0091,13-07-2024,2024-07-20,2024-07-21,708,664,443,Open
PO_102993,SUP_118,PROD_0214,14-04-2024,2024-04-25,2024-04-22,707,699,388,Closed
PO_102994,SUP_048,PROD_0152,16-12-2024,2024-12-30,2024-12-29,1382,1304,383,Closed
PO_102995,SUP_107,PROD_0135,27-02-2024,2024-03-15,2024-03-20,1609,1489,255,Closed
PO_102996,SUP_100,PROD_0262,2024/05/08,2024-05-25,2024-05-27,872,864,315,Closed
PO_102997,SUP_001,PROD_0015,2024/04/20,2024-05-07,2024-05-12,1244,1128,439,Delayed
PO_102998,SUP_187,PROD_0117,22-04-2024,2024-05-12,2024-05-18,1985,1727,368,Open
PO_102999,SUP_153,PROD_0059,2024/10/22,2024-11-01,2024-10-31,1696,1526,401,Open
PO_103000,SUP_012,PROD_0136,30-01-2024,2024-02-16,2024-02-18,1325,1138,154,Open
PO_103001,SUP_044,PROD_0066,2024/12/17,2024-12-26,2025-01-01,292,280,81,Closed
PO_103002,SUP_138,PROD_0059,23-05-2024,2024-06-12,2024-06-10,1162,1101,138,Delayed
PO_103003,SUP_174,PROD_0230,25-10-2024,2024-11-11,2024-11-08,1836,1829,463,Delayed
PO_103004,SUP_158,PROD_0230,23-09-2024,2024-10-06,2024-10-12,1077,1074,497,Delayed
PO_103005,SUP_032,PROD_0057,30-01-2024,2024-02-14,2024-02-13,1878,1738,109,Delayed
PO_103006,SUP_142,PROD_0274,2024/07/28,2024-08-12,2024-08-15,828,787,304,Closed
PO_103007,SUP_176,PROD_0161,2024/01/05,2024-01-23,2024-01-21,1108,1045,148,Closed
PO_103008,SUP_119,PROD_0188,18-02-2024,2024-03-07,2024-03-07,1797,1707,88,Open
PO_103009,SUP_106,PROD_0112,01-04-2024,2024-04-19,2024-04-17,957,937,345,Delayed
PO_103010,SUP_135,PROD_0298,2024/09/16,2024-09-23,2024-09-21,1275,1232,469,Closed
PO_103011,SUP_004,PROD_0256,19-07-2024,2024-07-29,2024-07-26,333,287,430,Open
PO_103012,SUP_030,PROD_0200,2024/09/09,2024-09-25,2024-09-25,1728,1581,389,Delayed
PO_103013,SUP_121,PROD_0270,09-04-2024,2024-04-27,2024-04-25,1743,1649,468,Open
PO_103014,SUP_015,PROD_0125,2024/10/23,2024-10-29,2024-10-26,735,684,392,Delayed
PO_103015,SUP_129,PROD_0116,2024/03/24,2024-04-09,2024-04-10,860,818,304,Delayed
PO_103016,SUP_032,PROD_0079,2024/08/03,2024-08-15,2024-08-21,1978,1927,340,Open
PO_103017,SUP_088,PROD_0055,2024/04/21,2024-04-30,2024-04-29,1965,1894,204,Open
PO_103018,SUP_162,PROD_0131,2024/02/05,2024-02-15,2024-02-17,1242,1181,490,Open
PO_103019,SUP_010,PROD_0063,01-04-2024,2024-04-09,2024-04-08,1547,1492,136,Delayed
PO_103020,SUP_026,PROD_0107,21-07-2024,2024-08-02,2024-08-08,1325,1311,173,Delayed
PO_103021,SUP_199,PROD_0027,08-05-2024,2024-05-23,2024-05-23,292,286,200,Closed
PO_103022,SUP_087,PROD_0024,2024/01/05,2024-01-25,2024-01-31,919,890,306,Delayed
PO_103023,SUP_119,PROD_0070,2024/12/04,2024-12-18,2024-12-20,1906,1762,443,Delayed
PO_103024,SUP_049,PROD_0169,2024/01/17,2024-01-27,2024-01-25,1043,909,287,Open
PO_103025,SUP_160,PROD_0241,24-07-2024,2024-07-31,2024-07-29,1896,1709,145,Open
PO_103026,SUP_169,PROD_0116,19-08-2024,2024-08-24,2024-08-28,1518,1470,109,Open
PO_103027,SUP_044,PROD_0139,06-01-2024,2024-01-16,2024-01-17,371,321,373,Delayed
PO_103028,SUP_048,PROD_0121,2024/11/11,2024-11-23,2024-11-20,943,912,384,Open
PO_103029,SUP_080,PROD_0149,06-06-2024,2024-06-11,2024-06-09,1925,1773,318,Closed
PO_103030,SUP_178,PROD_0144,31-05-2024,2024-06-13,2024-06-12,1470,1311,382,Open
PO_103031,SUP_024,PROD_0061,2024/01/04,2024-01-18,2024-01-22,942,931,219,Open
PO_103032,SUP_148,PROD_0146,02-12-2024,2024-12-09,2024-12-11,953,836,180,Open
PO_103033,SUP_017,PROD_0099,2024/09/10,2024-09-26,2024-09-26,1371,1284,316,Closed
PO_103034,SUP_024,PROD_0029,12-06-2024,2024-06-26,2024-06-25,714,671,469,Closed
PO_103035,SUP_099,PROD_0164,16-07-2024,2024-07-23,2024-07-21,155,150,369,Open
PO_103036,SUP_098,PROD_0196,02-04-2024,2024-04-12,2024-04-09,1398,1298,129,Delayed
PO_103037,SUP_089,PROD_0120,05-12-2024,2024-12-23,2024-12-29,454,414,436,Delayed
PO_103038,SUP_161,PROD_0278,2024/07/15,2024-07-22,2024-07-28,612,544,87,Delayed
PO_103039,SUP_079,PROD_0065,2024/12/12,2024-12-17,2024-12-23,1724,1608,158,Delayed
PO_103040,SUP_046,PROD_0263,19-11-2024,2024-11-28,2024-11-29,104,94,233,Open
PO_103041,SUP_138,PROD_0118,2024/07/28,2024-08-08,2024-08-08,1750,1608,193,Open
PO_103042,SUP_112,PROD_0131,2024/04/16,2024-05-06,2024-05-08,309,308,417,Closed
PO_103043,SUP_064,PROD_0288,16-09-2024,2024-10-04,2024-10-06,1762,1587,187,Open
PO_103044,SUP_069,PROD_0105,13-11-2024,2024-11-22,2024-11-27,775,701,215,Closed
PO_103045,SUP_134,PROD_0192,2024/10/22,2024-11-07,2024-11-06,1654,1560,476,Open
PO_103046,SUP_155,PROD_0217,2024/09/02,2024-09-07,2024-09-07,1265,1147,258,Open
PO_103047,SUP_104,PROD_0169,2024/04/17,2024-05-02,2024-05-08,296,253,469,Open
PO_103048,SUP_196,PROD_0175,22-08-2024,2024-08-30,2024-09-04,1171,1065,143,Closed
PO_103049,SUP_157,PROD_0206,2024/10/08,2024-10-27,2024-10-27,662,647,185,Open
PO_103050,SUP_149,PROD_0133,2024/09/21,2024-10-09,2024-10-12,1021,983,341,Closed
PO_103051,SUP_006,PROD_0222,2024/07/28,2024-08-05,2024-08-09,1534,1452,476,Closed
PO_103052,SUP_195,PROD_0111,13-02-2024,2024-02-26,2024-03-03,1001,984,82,Open
PO_103053,SUP_108,PROD_0222,2024/08/17,2024-08-25,2024-08-27,903,850,285,Closed
PO_103054,SUP_006,PROD_0050,2024/11/30,2024-12-15,2024-12-13,1211,1127,412,Open
PO_103055,SUP_047,PROD_0105,2024/12/05,2024-12-19,2024-12-20,1252,1136,494,Delayed
PO_103056,SUP_148,PROD_0265,2024/04/16,2024-05-02,2024-05-08,1917,1796,367,Closed
PO_103057,SUP_105,PROD_0296,2024/05/22,2024-06-06,2024-06-03,1422,1410,211,Closed
PO_103058,SUP_192,PROD_0136,2024/09/05,2024-09-20,2024-09-21,193,192,109,Closed
PO_103059,SUP_151,PROD_0086,2024/10/14,2024-11-01,2024-10-30,1065,989,465,Open
PO_103060,SUP_175,PROD_0124,04-03-2024,2024-03-18,2024-03-15,1829,1829,106,Open
PO_103061,SUP_078,PROD_0264,2024/12/27,2025-01-16,2025-01-19,1624,1582,128,Closed
PO_103062,SUP_063,PROD_0209,18-11-2024,2024-12-06,2024-12-06,1159,1128,371,Closed
PO_103063,SUP_005,PROD_0044,09-12-2024,2024-12-26,2024-12-26,761,648,302,Closed
PO_103064,SUP_022,PROD_0107,2024/03/13,2024-04-01,2024-04-06,1283,1090,233,Open
PO_103065,SUP_126,PROD_0236,2024/11/25,2024-12-11,2024-12-10,1956,1841,484,Delayed
PO_103066,SUP_107,PROD_0076,11-07-2024,2024-07-31,2024-07-28,1925,1662,150,Closed
PO_103067,SUP_161,PROD_0133,04-08-2024,2024-08-15,2024-08-16,722,664,388,Delayed
PO_103068,SUP_173,PROD_0078,2024/11/02,2024-11-19,2024-11-19,576,514,93,Closed
PO_103069,SUP_191,PROD_0025,2024/07/08,2024-07-27,2024-07-30,281,266,284,Closed
PO_103070,SUP_119,PROD_0220,04-03-2024,2024-03-23,2024-03-24,673,594,483,Delayed
PO_103071,SUP_081,PROD_0022,30-07-2024,2024-08-08,2024-08-11,601,575,240,Delayed
PO_103072,SUP_198,PROD_0192,10-10-2024,2024-10-30,2024-11-03,642,623,441,Open
PO_103073,SUP_086,PROD_0071,2024/12/16,2024-12-30,2024-12-30,684,656,469,Open
PO_103074,SUP_008,PROD_0123,2024/04/07,2024-04-26,2024-04-30,1712,1698,169,Open
PO_103075,SUP_039,PROD_0012,26-08-2024,2024-09-13,2024-09-18,1073,1034,184,Open
PO_103076,SUP_052,PROD_0153,27-08-2024,2024-09-12,2024-09-10,731,632,345,Closed
PO_103077,SUP_160,PROD_0030,11-06-2024,2024-07-01,2024-07-01,1434,1419,437,Closed
PO_103078,SUP_105,PROD_0191,2024/11/25,2024-12-01,2024-12-07,1843,1769,182,Open
PO_103079,SUP_088,PROD_0126,2024/09/16,2024-09-25,2024-09-25,1625,1515,188,Open
PO_103080,SUP_052,PROD_0067,2024/12/01,2024-12-19,2024-12-21,603,564,215,Open
PO_103081,SUP_147,PROD_0041,17-01-2024,2024-01-22,2024-01-19,632,545,278,Closed
PO_103082,SUP_108,PROD_0040,05-05-2024,2024-05-19,2024-05-25,1643,1416,380,Delayed
PO_103083,SUP_175,PROD_0163,2024/12/18,2025-01-04,2025-01-06,264,256,84,Closed
PO_103084,SUP_079,PROD_0241,17-08-2024,2024-08-30,2024-09-02,973,941,79,Open
PO_103085,SUP_185,PROD_0237,17-02-2024,2024-03-06,2024-03-11,1097,1081,382,Open
PO_103086,SUP_005,PROD_0191,2024/07/23,2024-08-09,2024-08-14,1913,1694,115,Open
PO_103087,SUP_165,PROD_0035,25-07-2024,2024-08-09,2024-08-15,1300,1175,231,Delayed
PO_103088,SUP_181,PROD_0096,25-03-2024,2024-04-06,2024-04-06,107,105,413,Open
PO_103089,SUP_062,PROD_0274,26-05-2024,2024-05-31,2024-06-02,669,622,469,Closed
PO_103090,SUP_023,PROD_0273,20-03-2024,2024-03-27,2024-03-28,212,204,221,Open
PO_103091,SUP_055,PROD_0283,2024/01/17,2024-01-31,2024-02-04,729,694,270,Closed
PO_103092,SUP_077,PROD_0155,09-05-2024,2024-05-28,2024-06-02,795,780,125,Closed
PO_103093,SUP_005,PROD_0086,02-01-2024,2024-01-13,2024-01-15,1340,1323,174,Closed
PO_103094,SUP_138,PROD_0209,2024/09/15,2024-10-05,2024-10-05,1816,1754,222,Open
PO_103095,SUP_053,PROD_0188,11-09-2024,2024-10-01,2024-10-02,295,254,144,Delayed
PO_103096,SUP_051,PROD_0137,2024/12/11,2024-12-22,2024-12-19,389,387,221,Open
PO_103097,SUP_199,PROD_0276,2024/06/11,2024-06-18,2024-06-20,530,496,358,Delayed
PO_103098,SUP_160,PROD_0030,26-03-2024,2024-04-03,2024-04-07,1227,1189,348,Delayed
PO_103099,SUP_133,PROD_0057,04-06-2024,2024-06-11,2024-06-10,1234,1144,232,Open
PO_103100,SUP_025,PROD_0113,2024/06/25,2024-07-05,2024-07-05,1201,1099,145,Delayed
PO_103101,SUP_188,PROD_0029,2024/10/19,2024-10-26,2024-10-31,1925,1736,406,Delayed
PO_103102,SUP_156,PROD_0089,03-02-2024,2024-02-16,2024-02-19,487,452,172,Closed
PO_103103,SUP_196,PROD_0027,2024/02/22,2024-03-09,2024-03-15,1048,1040,421,Delayed
PO_103104,SUP_050,PROD_0152,22-02-2024,2024-03-03,2024-03-01,1154,1003,200,Closed
PO_103105,SUP_165,PROD_0183,31-05-2024,2024-06-17,2024-06-15,502,472,167,Closed
PO_103106,SUP_079,PROD_0152,28-01-2024,2024-02-04,2024-02-06,557,474,59,Open
PO_103107,SUP_190,PROD_0209,2024/08/13,2024-08-20,2024-08-18,1930,1824,64,Delayed
PO_103108,SUP_182,PROD_0222,08-10-2024,2024-10-22,2024-10-24,754,670,273,Delayed
PO_103109,SUP_048,PROD_0051,2024/06/05,2024-06-20,2024-06-21,345,302,440,Open
PO_103110,SUP_176,PROD_0043,10-11-2024,2024-11-23,2024-11-25,412,409,68,Delayed
PO_103111,SUP_165,PROD_0195,2024/02/22,2024-02-27,2024-03-01,314,310,395,Delayed
PO_103112,SUP_180,PROD_0270,2024/02/17,2024-02-22,2024-02-19,1933,1710,425,Closed
PO_103113,SUP_138,PROD_0073,06-12-2024,2024-12-19,2024-12-18,1738,1690,418,Delayed
PO_103114,SUP_164,PROD_0206,05-03-2024,2024-03-14,2024-03-12,1396,1229,455,Delayed
PO_103115,SUP_070,PROD_0255,14-07-2024,2024-07-31,2024-07-30,162,155,310,Delayed
PO_103116,SUP_170,PROD_0181,14-02-2024,2024-02-19,2024-02-16,807,748,331,Closed
PO_103117,SUP_008,PROD_0024,08-03-2024,2024-03-27,2024-03-24,1540,1474,143,Delayed
PO_103118,SUP_033,PROD_0131,25-08-2024,2024-09-07,2024-09-12,795,778,355,Closed
PO_103119,SUP_076,PROD_0172,11-10-2024,2024-10-30,2024-10-28,396,347,352,Delayed
PO_103120,SUP_181,PROD_0076,2024/01/23,2024-02-07,2024-02-12,1911,1888,451,Open
PO_103121,SUP_047,PROD_0135,09-01-2024,2024-01-26,2024-01-23,689,586,322,Open
PO_103122,SUP_103,PROD_0175,2024/07/02,2024-07-16,2024-07-20,639,548,270,Delayed
PO_103123,SUP_187,PROD_0300,2024/10/23,2024-10-28,2024-10-29,1883,1858,82,Open
PO_103124,SUP_100,PROD_0169,11-08-2024,2024-08-28,2024-08-29,518,485,58,Open
PO_103125,SUP_131,PROD_0227,2024/03/09,2024-03-21,2024-03-26,1244,1243,291,Open
PO_103126,SUP_053,PROD_0200,26-06-2024,2024-07-14,2024-07-20,1376,1337,464,Closed
PO_103127,SUP_023,PROD_0051,01-08-2024,2024-08-10,2024-08-09,1827,1651,342,Delayed
PO_103128,SUP_171,PROD_0229,2024/07/14,2024-07-19,2024-07-20,1087,943,465,Delayed
PO_103129,SUP_032,PROD_0132,11-11-2024,2024-11-16,2024-11-16,1142,1103,48,Delayed
PO_103130,SUP_079,PROD_0038,2024/06/14,2024-06-26,2024-07-01,445,393,407,Open
PO_103131,SUP_144,PROD_0123,23-08-2024,2024-08-29,2024-08-31,577,565,197,Open
PO_103132,SUP_145,PROD_0170,17-02-2024,2024-03-06,2024-03-10,540,487,367,Closed
PO_103133,SUP_131,PROD_0265,2024/12/02,2024-12-19,2024-12-23,116,110,453,Delayed
PO_103134,SUP_152,PROD_0086,2024/09/27,2024-10-15,2024-10-17,878,840,392,Delayed
PO_103135,SUP_001,PROD_0057,2024/12/05,2024-12-15,2024-12-14,1176,1133,124,Closed
PO_103136,SUP_131,PROD_0264,19-03-2024,2024-03-31,2024-04-02,529,492,61,Open
PO_103137,SUP_129,PROD_0010,2024/10/01,2024-10-15,2024-10-18,1093,1085,249,Open
PO_103138,SUP_188,PROD_0144,2024/05/22,2024-06-06,2024-06-11,548,538,285,Open
PO_103139,SUP_163,PROD_0103,21-10-2024,2024-11-10,2024-11-12,400,345,80,Open
PO_103140,SUP_129,PROD_0251,14-06-2024,2024-06-30,2024-07-02,1328,1198,361,Delayed
PO_103141,SUP_163,PROD_0150,28-12-2024,2025-01-16,2025-01-17,278,269,391,Open
PO_103142,SUP_192,PROD_0061,2024/12/16,2024-12-26,2024-12-29,1008,982,205,Open
PO_103143,SUP_082,PROD_0037,11-05-2024,2024-05-26,2024-05-26,649,649,353,Open
PO_103144,SUP_113,PROD_0272,2024/11/24,2024-12-12,2024-12-13,1916,1846,97,Closed
PO_103145,SUP_048,PROD_0032,2024/01/05,2024-01-11,2024-01-17,523,458,219,Open
PO_103146,SUP_122,PROD_0080,08-04-2024,2024-04-14,2024-04-12,1653,1449,417,Open
PO_103147,SUP_191,PROD_0111,2024/03/15,2024-03-24,2024-03-29,675,612,428,Delayed
PO_103148,SUP_146,PROD_0267,2024/11/03,2024-11-13,2024-11-17,881,813,250,Open
PO_103149,SUP_009,PROD_0141,2024/12/01,2024-12-07,2024-12-05,1747,1488,364,Closed
PO_103150,SUP_086,PROD_0113,2024/04/10,2024-04-24,2024-04-29,110,107,76,Delayed
PO_103151,SUP_125,PROD_0054,2024/05/03,2024-05-19,2024-05-24,917,867,244,Open
PO_103152,SUP_150,PROD_0079,13-05-2024,2024-05-26,2024-05-29,1903,1818,48,Closed
PO_103153,SUP_104,PROD_0071,2024/11/10,2024-11-28,2024-12-02,1852,1827,176,Closed
PO_103154,SUP_077,PROD_0294,2024/01/25,2024-02-09,2024-02-09,909,788,396,Closed
PO_103155,SUP_190,PROD_0079,02-11-2024,2024-11-11,2024-11-16,1781,1769,218,Open
PO_103156,SUP_083,PROD_0112,2024/01/22,2024-02-01,2024-01-30,1901,1900,491,Closed
PO_103157,SUP_036,PROD_0046,11-01-2024,2024-01-31,2024-02-04,796,793,487,Closed
PO_103158,SUP_095,PROD_0204,2024/07/16,2024-07-26,2024-07-29,632,598,151,Delayed
PO_103159,SUP_144,PROD_0012,19-09-2024,2024-10-02,2024-10-03,1632,1599,242,Open
PO_103160,SUP_156,PROD_0259,2024/06/24,2024-07-01,2024-07-07,1527,1313,331,Open
PO_103161,SUP_177,PROD_0142,2024/09/04,2024-09-20,2024-09-22,240,223,118,Closed
PO_103162,SUP_071,PROD_0278,06-06-2024,2024-06-16,2024-06-18,521,464,384,Delayed
PO_103163,SUP_147,PROD_0244,10-12-2024,2024-12-22,2024-12-27,1698,1582,369,Open
PO_103164,SUP_010,PROD_0247,15-08-2024,2024-09-02,2024-09-04,876,748,439,Open
PO_103165,SUP_054,PROD_0157,2024/06/15,2024-06-29,2024-07-05,639,571,372,Open
PO_103166,SUP_145,PROD_0090,2024/10/01,2024-10-21,2024-10-25,308,270,212,Delayed
PO_103167,SUP_104,PROD_0124,02-01-2024,2024-01-15,2024-01-21,1858,1731,499,Closed
PO_103168,SUP_014,PROD_0025,26-06-2024,2024-07-07,2024-07-09,1315,1145,277,Closed
PO_103169,SUP_074,PROD_0135,19-06-2024,2024-07-02,2024-07-06,1031,937,479,Delayed
PO_103170,SUP_094,PROD_0240,06-02-2024,2024-02-19,2024-02-24,1090,1054,108,Open
PO_103171,SUP_188,PROD_0250,24-07-2024,2024-08-06,2024-08-04,557,512,215,Closed
PO_103172,SUP_081,PROD_0078,2024/07/20,2024-08-04,2024-08-06,1057,958,149,Closed
PO_103173,SUP_199,PROD_0299,01-10-2024,2024-10-17,2024-10-19,815,792,322,Open
PO_103174,SUP_105,PROD_0207,05-09-2024,2024-09-19,2024-09-23,841,725,296,Closed
PO_103175,SUP_062,PROD_0110,28-09-2024,2024-10-11,2024-10-09,1690,1625,139,Delayed
PO_103176,SUP_027,PROD_0129,01-12-2024,2024-12-15,2024-12-19,103,99,193,Delayed
PO_103177,SUP_126,PROD_0126,2024/08/15,2024-08-23,2024-08-24,1594,1428,292,Closed
PO_103178,SUP_133,PROD_0111,2024/10/11,2024-10-27,2024-10-29,1271,1207,214,Open
PO_103179,SUP_156,PROD_0199,09-07-2024,2024-07-26,2024-07-23,351,304,276,Closed
PO_103180,SUP_011,PROD_0054,09-02-2024,2024-02-28,2024-03-01,1361,1268,387,Delayed
PO_103181,SUP_148,PROD_0018,2024/01/19,2024-02-05,2024-02-09,1273,1207,444,Delayed
PO_103182,SUP_102,PROD_0080,2024/08/09,2024-08-19,2024-08-24,740,643,200,Delayed
PO_103183,SUP_109,PROD_0228,2024/07/05,2024-07-17,2024-07-22,1678,1528,445,Delayed
PO_103184,SUP_062,PROD_0189,07-05-2024,2024-05-23,2024-05-23,1719,1643,259,Delayed
PO_103185,SUP_035,PROD_0274,26-09-2024,2024-10-14,2024-10-11,1101,1072,69,Closed
PO_103186,SUP_028,PROD_0100,18-05-2024,2024-05-25,2024-05-25,572,564,450,Closed
PO_103187,SUP_080,PROD_0085,08-02-2024,2024-02-21,2024-02-21,196,181,349,Delayed
PO_103188,SUP_058,PROD_0161,2024/06/07,2024-06-19,2024-06-22,929,911,475,Delayed
PO_103189,SUP_178,PROD_0138,2024/10/17,2024-11-04,2024-11-08,1674,1555,459,Closed
PO_103190,SUP_059,PROD_0187,2024/04/10,2024-04-15,2024-04-12,1972,1899,273,Open
PO_103191,SUP_088,PROD_0093,2024/10/14,2024-10-23,2024-10-26,1788,1731,52,Closed
PO_103192,SUP_196,PROD_0268,2024/08/29,2024-09-11,2024-09-09,389,354,493,Open
PO_103193,SUP_051,PROD_0086,2024/10/25,2024-11-02,2024-10-31,1759,1533,104,Open
PO_103194,SUP_022,PROD_0056,2024/11/16,2024-11-26,2024-11-28,1875,1843,121,Delayed
PO_103195,SUP_101,PROD_0164,2024/10/06,2024-10-15,2024-10-17,1758,1725,356,Open
PO_103196,SUP_047,PROD_0192,2024/11/18,2024-12-01,2024-12-04,1973,1839,230,Open
PO_103197,SUP_177,PROD_0273,2024/05/26,2024-06-02,2024-05-31,1166,1161,89,Delayed
PO_103198,SUP_005,PROD_0174,24-06-2024,2024-07-01,2024-07-01,882,785,270,Closed
PO_103199,SUP_185,PROD_0220,2024/04/15,2024-04-23,2024-04-29,543,526,267,Open
PO_103200,SUP_035,PROD_0085,21-02-2024,2024-03-05,2024-03-09,264,225,173,Closed
PO_103201,SUP_016,PROD_0050,13-05-2024,2024-05-25,2024-05-25,597,521,205,Closed
PO_103202,SUP_001,PROD_0261,14-08-2024,2024-08-24,2024-08-29,524,506,239,Open
PO_103203,SUP_108,PROD_0248,2024/05/29,2024-06-17,2024-06-21,194,177,414,Closed
PO_103204,SUP_096,PROD_0002,2024/10/05,2024-10-17,2024-10-21,872,864,113,Open
PO_103205,SUP_025,PROD_0256,30-11-2024,2024-12-20,2024-12-18,1403,1229,253,Closed
PO_103206,SUP_129,PROD_0200,24-05-2024,2024-06-10,2024-06-15,201,184,376,Closed
PO_103207,SUP_103,PROD_0132,2024/04/25,2024-05-05,2024-05-08,1830,1774,192,Open
PO_103208,SUP_083,PROD_0119,01-06-2024,2024-06-09,2024-06-15,1355,1306,82,Delayed
PO_103209,SUP_145,PROD_0250,2024/01/11,2024-01-28,2024-01-29,1730,1477,448,Closed
PO_103210,SUP_181,PROD_0231,2024/06/01,2024-06-10,2024-06-12,1767,1528,378,Closed
PO_103211,SUP_102,PROD_0279,09-10-2024,2024-10-16,2024-10-18,1244,1093,333,Delayed
PO_103212,SUP_086,PROD_0127,19-07-2024,2024-08-07,2024-08-04,1046,906,181,Delayed
PO_103213,SUP_044,PROD_0206,07-05-2024,2024-05-24,2024-05-23,1699,1445,487,Closed
PO_103214,SUP_007,PROD_0282,2024/03/30,2024-04-07,2024-04-10,1270,1260,416,Delayed
PO_103215,SUP_155,PROD_0119,21-08-2024,2024-09-06,2024-09-07,1153,1030,45,Open
PO_103216,SUP_160,PROD_0043,06-10-2024,2024-10-18,2024-10-23,1794,1526,192,Open
PO_103217,SUP_022,PROD_0246,04-07-2024,2024-07-23,2024-07-23,1913,1785,451,Open
PO_103218,SUP_089,PROD_0063,2024/05/09,2024-05-26,2024-06-01,545,466,435,Closed
PO_103219,SUP_039,PROD_0279,2024/02/11,2024-02-25,2024-02-22,1958,1789,453,Closed
PO_103220,SUP_124,PROD_0290,2024/02/14,2024-02-29,2024-03-02,1151,1126,365,Closed
PO_103221,SUP_127,PROD_0042,22-04-2024,2024-05-07,2024-05-13,1029,998,91,Delayed
PO_103222,SUP_015,PROD_0294,2024/01/14,2024-01-25,2024-01-22,807,723,250,Closed
PO_103223,SUP_101,PROD_0130,07-03-2024,2024-03-20,2024-03-23,109,109,208,Closed
PO_103224,SUP_067,PROD_0060,20-11-2024,2024-12-05,2024-12-05,589,571,269,Open
PO_103225,SUP_016,PROD_0005,25-07-2024,2024-08-13,2024-08-17,1872,1789,381,Open
PO_103226,SUP_151,PROD_0233,2024/04/24,2024-05-08,2024-05-10,1443,1399,471,Delayed
PO_103227,SUP_061,PROD_0023,08-12-2024,2024-12-20,2024-12-18,1408,1254,430,Closed
PO_103228,SUP_185,PROD_0232,2024/03/31,2024-04-13,2024-04-19,1720,1632,255,Open
PO_103229,SUP_072,PROD_0274,15-05-2024,2024-05-30,2024-05-28,1696,1463,40,Delayed
PO_103230,SUP_089,PROD_0199,2024/06/04,2024-06-23,2024-06-23,1827,1562,99,Open
PO_103231,SUP_150,PROD_0185,2024/05/28,2024-06-07,2024-06-11,205,193,272,Open
PO_103232,SUP_148,PROD_0243,30-07-2024,2024-08-07,2024-08-05,320,297,66,Open
PO_103233,SUP_088,PROD_0237,18-08-2024,2024-09-03,2024-09-04,1479,1295,420,Delayed
PO_103234,SUP_054,PROD_0152,2024/10/16,2024-11-04,2024-11-03,440,438,238,Open
PO_103235,SUP_067,PROD_0195,2024/05/17,2024-05-22,2024-05-22,1287,1228,45,Open
PO_103236,SUP_153,PROD_0094,2024/08/01,2024-08-06,2024-08-09,876,848,410,Closed
PO_103237,SUP_160,PROD_0227,21-04-2024,2024-04-30,2024-05-03,1701,1670,320,Open
PO_103238,SUP_146,PROD_0290,2024/08/12,2024-08-28,2024-09-01,183,183,427,Open
PO_103239,SUP_191,PROD_0228,2024/03/14,2024-03-31,2024-03-31,1117,966,279,Delayed
PO_103240,SUP_032,PROD_0067,2024/02/13,2024-02-19,2024-02-23,1655,1547,162,Delayed
PO_103241,SUP_139,PROD_0086,02-08-2024,2024-08-12,2024-08-11,1453,1308,446,Closed
PO_103242,SUP_037,PROD_0111,24-03-2024,2024-04-05,2024-04-05,1501,1432,437,Delayed
PO_103243,SUP_182,PROD_0015,2024/04/27,2024-05-10,2024-05-11,876,840,51,Delayed
PO_103244,SUP_034,PROD_0098,12-05-2024,2024-05-24,2024-05-21,916,865,353,Open
PO_103245,SUP_024,PROD_0070,2024/10/02,2024-10-19,2024-10-21,1694,1614,111,Closed
PO_103246,SUP_068,PROD_0130,2024/09/03,2024-09-09,2024-09-06,1708,1623,235,Open
PO_103247,SUP_149,PROD_0267,29-09-2024,2024-10-19,2024-10-21,602,512,94,Open
PO_103248,SUP_002,PROD_0166,2024/03/26,2024-04-11,2024-04-13,736,656,113,Open
PO_103249,SUP_123,PROD_0286,2024/07/29,2024-08-12,2024-08-11,847,827,210,Delayed
PO_103250,SUP_011,PROD_0118,2024/09/28,2024-10-17,2024-10-22,912,808,54,Closed
PO_103251,SUP_024,PROD_0167,03-03-2024,2024-03-15,2024-03-13,1978,1967,286,Open
PO_103252,SUP_139,PROD_0242,2024/07/31,2024-08-11,2024-08-17,1688,1578,335,Delayed
PO_103253,SUP_180,PROD_0040,2024/09/04,2024-09-14,2024-09-19,1117,1013,143,Closed
PO_103254,SUP_122,PROD_0296,2024/06/07,2024-06-23,2024-06-26,455,436,335,Open
PO_103255,SUP_047,PROD_0278,02-06-2024,2024-06-10,2024-06-13,117,116,160,Delayed
PO_103256,SUP_011,PROD_0092,04-01-2024,2024-01-24,2024-01-21,139,134,205,Open
PO_103257,SUP_041,PROD_0002,08-06-2024,2024-06-23,2024-06-21,407,350,50,Delayed
PO_103258,SUP_071,PROD_0272,07-09-2024,2024-09-23,2024-09-24,850,849,179,Delayed
PO_103259,SUP_107,PROD_0068,11-03-2024,2024-03-18,2024-03-15,1878,1834,494,Open
PO_103260,SUP_175,PROD_0293,28-11-2024,2024-12-03,2024-12-01,828,760,127,Open
PO_103261,SUP_015,PROD_0247,2024/05/21,2024-05-31,2024-05-28,570,552,484,Open
PO_103262,SUP_130,PROD_0253,2024/05/29,2024-06-09,2024-06-09,127,111,333,Closed
PO_103263,SUP_110,PROD_0026,2024/12/18,2024-12-29,2025-01-01,1195,1037,402,Open
PO_103264,SUP_125,PROD_0039,20-06-2024,2024-07-09,2024-07-15,414,385,157,Delayed
PO_103265,SUP_118,PROD_0004,2024/12/05,2024-12-20,2024-12-25,1541,1333,91,Open
PO_103266,SUP_124,PROD_0068,2024/01/23,2024-01-31,2024-02-06,985,844,294,Delayed
PO_103267,SUP_144,PROD_0080,07-03-2024,2024-03-23,2024-03-21,1270,1219,106,Delayed
PO_103268,SUP_145,PROD_0231,29-06-2024,2024-07-08,2024-07-08,564,479,400,Open
PO_103269,SUP_152,PROD_0053,2024/10/21,2024-11-01,2024-11-05,1299,1191,214,Delayed
PO_103270,SUP_055,PROD_0228,19-11-2024,2024-12-05,2024-12-07,1760,1538,103,Open
PO_103271,SUP_118,PROD_0155,03-11-2024,2024-11-13,2024-11-10,1951,1714,443,Open
PO_103272,SUP_150,PROD_0211,2024/04/03,2024-04-17,2024-04-22,1760,1577,279,Open
PO_103273,SUP_061,PROD_0036,2024/03/07,2024-03-23,2024-03-29,263,234,304,Open
PO_103274,SUP_112,PROD_0237,2024/11/30,2024-12-20,2024-12-24,582,555,428,Closed
PO_103275,SUP_088,PROD_0156,12-05-2024,2024-05-26,2024-05-26,1401,1349,196,Open
PO_103276,SUP_122,PROD_0057,22-09-2024,2024-10-12,2024-10-11,1336,1221,483,Open
PO_103277,SUP_166,PROD_0023,2024/12/30,2025-01-13,2025-01-13,1931,1721,305,Delayed
PO_103278,SUP_165,PROD_0152,2024/10/19,2024-10-25,2024-10-25,653,571,313,Open
PO_103279,SUP_146,PROD_0147,2024/08/29,2024-09-16,2024-09-13,1383,1177,55,Delayed
PO_103280,SUP_033,PROD_0148,03-02-2024,2024-02-21,2024-02-23,1089,967,156,Open
PO_103281,SUP_009,PROD_0114,2024/07/14,2024-07-23,2024-07-22,849,826,173,Delayed
PO_103282,SUP_069,PROD_0031,2024/04/28,2024-05-04,2024-05-10,1657,1641,83,Closed
PO_103283,SUP_182,PROD_0059,13-12-2024,2024-12-28,2024-12-27,1055,1013,163,Closed
PO_103284,SUP_085,PROD_0216,03-04-2024,2024-04-20,2024-04-21,1966,1963,73,Closed
PO_103285,SUP_058,PROD_0112,2024/01/06,2024-01-13,2024-01-18,644,589,104,Delayed
PO_103286,SUP_148,PROD_0276,27-09-2024,2024-10-10,2024-10-14,1740,1603,196,Delayed
PO_103287,SUP_123,PROD_0043,14-06-2024,2024-07-02,2024-07-05,1966,1851,395,Closed
PO_103288,SUP_042,PROD_0155,2024/10/31,2024-11-05,2024-11-04,440,433,260,Delayed
PO_103289,SUP_037,PROD_0289,2024/04/30,2024-05-17,2024-05-19,121,102,61,Delayed
PO_103290,SUP_018,PROD_0160,20-01-2024,2024-01-26,2024-01-29,715,645,471,Closed
PO_103291,SUP_082,PROD_0134,2024/08/19,2024-09-08,2024-09-08,1824,1576,417,Delayed
PO_103292,SUP_154,PROD_0074,2024/05/25,2024-06-04,2024-06-04,355,347,245,Delayed
PO_103293,SUP_147,PROD_0116,2024/02/01,2024-02-19,2024-02-23,844,767,455,Open
PO_103294,SUP_055,PROD_0094,28-04-2024,2024-05-15,2024-05-21,139,129,181,Closed
PO_103295,SUP_051,PROD_0128,19-09-2024,2024-10-09,2024-10-14,1521,1503,153,Delayed
PO_103296,SUP_088,PROD_0128,20-02-2024,2024-03-03,2024-03-03,140,139,286,Delayed
PO_103297,SUP_046,PROD_0079,16-04-2024,2024-04-22,2024-04-21,571,522,256,Open
PO_103298,SUP_118,PROD_0081,09-05-2024,2024-05-14,2024-05-20,1203,1036,231,Closed
PO_103299,SUP_033,PROD_0128,27-04-2024,2024-05-13,2024-05-10,763,753,77,Closed
PO_103300,SUP_092,PROD_0167,16-06-2024,2024-06-24,2024-06-21,1098,1069,402,Open
PO_103301,SUP_166,PROD_0154,28-01-2024,2024-02-10,2024-02-07,659,603,117,Open
PO_103302,SUP_096,PROD_0045,05-06-2024,2024-06-12,2024-06-10,1315,1150,357,Open
PO_103303,SUP_024,PROD_0128,29-04-2024,2024-05-05,2024-05-09,1678,1636,304,Delayed
PO_103304,SUP_177,PROD_0159,25-06-2024,2024-06-30,2024-07-02,1565,1486,420,Open
PO_103305,SUP_194,PROD_0161,05-02-2024,2024-02-25,2024-02-23,782,709,394,Open
PO_103306,SUP_132,PROD_0068,03-03-2024,2024-03-20,2024-03-23,1733,1615,158,Open
PO_103307,SUP_020,PROD_0275,05-05-2024,2024-05-10,2024-05-13,346,336,421,Open
PO_103308,SUP_001,PROD_0235,2024/08/09,2024-08-21,2024-08-23,369,340,44,Closed
PO_103309,SUP_144,PROD_0198,09-06-2024,2024-06-15,2024-06-16,415,397,68,Delayed
PO_103310,SUP_079,PROD_0098,2024/11/29,2024-12-17,2024-12-23,1012,915,275,Delayed
PO_103311,SUP_010,PROD_0056,2024/08/04,2024-08-09,2024-08-14,186,159,421,Closed
PO_103312,SUP_154,PROD_0077,2024/05/25,2024-06-12,2024-06-10,1839,1811,65,Delayed
PO_103313,SUP_101,PROD_0059,25-09-2024,2024-10-03,2024-10-08,1316,1216,146,Closed
PO_103314,SUP_188,PROD_0181,2024/10/11,2024-10-19,2024-10-22,1140,991,282,Delayed
PO_103315,SUP_161,PROD_0019,2024/12/16,2025-01-01,2025-01-04,1320,1291,63,Delayed
PO_103316,SUP_042,PROD_0195,2024/07/14,2024-07-29,2024-08-01,1653,1527,325,Closed
PO_103317,SUP_041,PROD_0001,2024/09/25,2024-10-01,2024-09-28,1081,1081,119,Delayed
PO_103318,SUP_054,PROD_0181,27-02-2024,2024-03-12,2024-03-16,416,406,363,Open
PO_103319,SUP_200,PROD_0015,2024/01/10,2024-01-29,2024-02-03,557,541,412,Closed
PO_103320,SUP_154,PROD_0300,2024/01/26,2024-02-12,2024-02-18,1008,1001,492,Open
PO_103321,SUP_106,PROD_0237,2024/02/22,2024-03-06,2024-03-08,681,588,351,Open
PO_103322,SUP_098,PROD_0270,2024/07/17,2024-08-06,2024-08-07,1255,1197,58,Delayed
PO_103323,SUP_196,PROD_0252,2024/08/01,2024-08-20,2024-08-22,240,210,484,Closed
PO_103324,SUP_156,PROD_0188,05-08-2024,2024-08-19,2024-08-21,982,936,63,Closed
PO_103325,SUP_168,PROD_0225,2024/06/04,2024-06-16,2024-06-14,1131,1014,64,Delayed
PO_103326,SUP_089,PROD_0220,2024/03/16,2024-03-21,2024-03-18,375,339,218,Closed
PO_103327,SUP_174,PROD_0103,02-05-2024,2024-05-22,2024-05-26,1087,948,446,Open
PO_103328,SUP_107,PROD_0056,10-09-2024,2024-09-30,2024-09-28,1312,1210,440,Open
PO_103329,SUP_068,PROD_0030,07-10-2024,2024-10-27,2024-10-26,125,110,476,Open
PO_103330,SUP_088,PROD_0152,28-05-2024,2024-06-12,2024-06-14,148,143,376,Closed
PO_103331,SUP_146,PROD_0254,2024/09/16,2024-09-22,2024-09-28,1300,1207,321,Delayed
PO_103332,SUP_097,PROD_0050,22-08-2024,2024-09-03,2024-09-08,1144,1072,284,Closed
PO_103333,SUP_172,PROD_0031,07-01-2024,2024-01-18,2024-01-19,609,520,309,Closed
PO_103334,SUP_079,PROD_0116,24-10-2024,2024-10-31,2024-11-01,557,475,200,Open
PO_103335,SUP_165,PROD_0212,2024/12/20,2025-01-02,2024-12-31,996,926,330,Open
PO_103336,SUP_050,PROD_0184,30-07-2024,2024-08-16,2024-08-15,1148,1000,357,Delayed
PO_103337,SUP_200,PROD_0168,06-11-2024,2024-11-23,2024-11-22,397,377,212,Open
PO_103338,SUP_058,PROD_0147,29-01-2024,2024-02-03,2024-02-02,360,308,167,Open
PO_103339,SUP_027,PROD_0095,2024/07/14,2024-08-02,2024-08-06,1847,1753,474,Closed
PO_103340,SUP_068,PROD_0053,03-12-2024,2024-12-19,2024-12-24,1254,1197,417,Delayed
PO_103341,SUP_012,PROD_0278,25-03-2024,2024-03-30,2024-04-01,242,212,251,Closed
PO_103342,SUP_071,PROD_0249,21-04-2024,2024-04-30,2024-05-04,1179,1164,323,Delayed
PO_103343,SUP_122,PROD_0201,18-01-2024,2024-02-04,2024-02-04,952,891,82,Delayed
PO_103344,SUP_067,PROD_0285,24-05-2024,2024-06-07,2024-06-08,418,374,47,Open
PO_103345,SUP_119,PROD_0121,01-10-2024,2024-10-18,2024-10-18,1583,1463,76,Closed
PO_103346,SUP_029,PROD_0273,2024/06/02,2024-06-18,2024-06-15,563,482,77,Delayed
PO_103347,SUP_068,PROD_0063,2024/03/19,2024-04-05,2024-04-08,1392,1337,340,Closed
PO_103348,SUP_117,PROD_0048,08-12-2024,2024-12-26,2024-12-23,884,879,83,Delayed
PO_103349,SUP_188,PROD_0162,2024/03/04,2024-03-12,2024-03-18,1747,1677,449,Delayed
PO_103350,SUP_142,PROD_0109,12-12-2024,2024-12-21,2024-12-22,1587,1422,288,Closed
PO_103351,SUP_194,PROD_0036,24-01-2024,2024-02-05,2024-02-06,260,254,183,Closed
PO_103352,SUP_179,PROD_0119,2024/02/26,2024-03-05,2024-03-06,119,106,215,Open
PO_103353,SUP_080,PROD_0160,2024/11/21,2024-11-29,2024-12-03,1889,1835,340,Closed
PO_103354,SUP_013,PROD_0198,2024/09/14,2024-09-30,2024-10-03,102,100,333,Closed
PO_103355,SUP_027,PROD_0135,31-05-2024,2024-06-19,2024-06-24,535,499,75,Open
PO_103356,SUP_084,PROD_0242,19-05-2024,2024-06-03,2024-06-07,356,340,431,Open
PO_103357,SUP_116,PROD_0136,28-01-2024,2024-02-16,2024-02-17,155,139,153,Delayed
PO_103358,SUP_028,PROD_0118,17-11-2024,2024-12-06,2024-12-03,1337,1236,157,Delayed
PO_103359,SUP_077,PROD_0037,2024/11/10,2024-11-24,2024-11-22,480,408,457,Open
PO_103360,SUP_090,PROD_0120,2024/01/09,2024-01-21,2024-01-20,973,843,428,Delayed
PO_103361,SUP_176,PROD_0019,26-11-2024,2024-12-02,2024-12-04,1101,955,243,Closed
PO_103362,SUP_043,PROD_0165,2024/09/30,2024-10-17,2024-10-19,704,626,248,Open
PO_103363,SUP_075,PROD_0267,20-01-2024,2024-02-06,2024-02-07,143,133,71,Open
PO_103364,SUP_150,PROD_0266,2024/11/02,2024-11-16,2024-11-21,875,812,436,Delayed
PO_103365,SUP_104,PROD_0055,2024/05/09,2024-05-16,2024-05-20,124,105,499,Closed
PO_103366,SUP_196,PROD_0114,21-08-2024,2024-09-09,2024-09-06,1643,1563,76,Open
PO_103367,SUP_010,PROD_0228,09-06-2024,2024-06-23,2024-06-29,504,495,454,Closed
PO_103368,SUP_109,PROD_0027,2024/02/26,2024-03-04,2024-03-08,318,272,333,Open
PO_103369,SUP_076,PROD_0045,11-11-2024,2024-11-16,2024-11-15,1988,1871,87,Open
PO_103370,SUP_171,PROD_0266,30-10-2024,2024-11-17,2024-11-21,672,609,156,Delayed
PO_103371,SUP_028,PROD_0246,16-10-2024,2024-11-03,2024-11-05,866,742,122,Closed
PO_103372,SUP_194,PROD_0029,2024/04/29,2024-05-15,2024-05-15,1957,1822,40,Delayed
PO_103373,SUP_055,PROD_0198,2024/12/21,2024-12-31,2025-01-03,1383,1358,246,Closed
PO_103374,SUP_056,PROD_0291,2024/11/10,2024-11-30,2024-12-04,582,532,93,Open
PO_103375,SUP_039,PROD_0101,2024/12/21,2024-12-30,2024-12-31,1137,1109,293,Open
PO_103376,SUP_040,PROD_0246,2024/09/26,2024-10-13,2024-10-15,1454,1403,164,Open
PO_103377,SUP_062,PROD_0141,10-10-2024,2024-10-29,2024-10-27,634,611,399,Closed
PO_103378,SUP_111,PROD_0004,2024/03/04,2024-03-24,2024-03-30,899,857,265,Open
PO_103379,SUP_119,PROD_0065,2024/10/13,2024-10-21,2024-10-25,1887,1663,157,Delayed
PO_103380,SUP_151,PROD_0286,03-03-2024,2024-03-20,2024-03-19,794,752,52,Closed
PO_103381,SUP_152,PROD_0274,08-07-2024,2024-07-21,2024-07-24,719,699,245,Delayed
PO_103382,SUP_166,PROD_0168,2024/08/17,2024-08-22,2024-08-20,706,646,379,Open
PO_103383,SUP_034,PROD_0244,03-01-2024,2024-01-15,2024-01-21,1569,1511,161,Closed
PO_103384,SUP_093,PROD_0165,2024/10/03,2024-10-20,2024-10-23,1630,1417,338,Delayed
PO_103385,SUP_100,PROD_0028,2024/11/28,2024-12-04,2024-12-06,148,125,358,Closed
PO_103386,SUP_022,PROD_0168,2024/12/07,2024-12-14,2024-12-12,1466,1354,434,Closed
PO_103387,SUP_065,PROD_0264,2024/07/31,2024-08-07,2024-08-13,1041,904,138,Closed
PO_103388,SUP_132,PROD_0072,2024/02/14,2024-02-26,2024-02-23,196,186,384,Closed
PO_103389,SUP_196,PROD_0288,2024/09/28,2024-10-12,2024-10-15,1804,1740,333,Open
PO_103390,SUP_068,PROD_0271,06-03-2024,2024-03-17,2024-03-17,250,219,71,Open
PO_103391,SUP_093,PROD_0163,2024/12/12,2024-12-31,2024-12-31,1386,1363,251,Open
PO_103392,SUP_141,PROD_0070,2024/02/05,2024-02-14,2024-02-13,247,217,435,Closed
PO_103393,SUP_074,PROD_0063,2024/07/29,2024-08-09,2024-08-07,1177,1123,412,Open
PO_103394,SUP_196,PROD_0060,02-02-2024,2024-02-14,2024-02-11,418,410,137,Delayed
PO_103395,SUP_157,PROD_0034,2024/05/02,2024-05-20,2024-05-25,487,465,202,Open
PO_103396,SUP_148,PROD_0035,10-08-2024,2024-08-23,2024-08-20,1813,1657,164,Delayed
PO_103397,SUP_163,PROD_0206,2024/04/01,2024-04-16,2024-04-15,1714,1688,500,Closed
PO_103398,SUP_155,PROD_0291,2024/03/30,2024-04-16,2024-04-22,592,544,276,Closed
PO_103399,SUP_066,PROD_0133,05-04-2024,2024-04-20,2024-04-19,1957,1817,354,Delayed
PO_103400,SUP_197,PROD_0278,2024/09/23,2024-10-06,2024-10-06,1741,1701,422,Delayed
PO_103401,SUP_057,PROD_0024,2024/02/27,2024-03-06,2024-03-04,733,677,440,Open
PO_103402,SUP_086,PROD_0163,13-01-2024,2024-01-18,2024-01-20,1250,1241,295,Open
PO_103403,SUP_124,PROD_0272,31-10-2024,2024-11-06,2024-11-09,1530,1422,495,Delayed
PO_103404,SUP_005,PROD_0137,2024/01/27,2024-02-06,2024-02-08,1281,1187,90,Closed
PO_103405,SUP_102,PROD_0203,2024/08/27,2024-09-06,2024-09-04,944,807,131,Closed
PO_103406,SUP_002,PROD_0090,15-03-2024,2024-03-26,2024-03-28,1141,1128,192,Open
PO_103407,SUP_147,PROD_0101,2024/06/25,2024-07-15,2024-07-19,1676,1578,156,Open
PO_103408,SUP_038,PROD_0131,2024/09/07,2024-09-22,2024-09-24,238,230,328,Open
PO_103409,SUP_101,PROD_0234,2024/12/15,2024-12-22,2024-12-20,231,196,285,Closed
PO_103410,SUP_119,PROD_0221,2024/12/29,2025-01-16,2025-01-15,827,715,241,Closed
PO_103411,SUP_053,PROD_0107,2024/03/23,2024-04-08,2024-04-13,697,595,413,Closed
PO_103412,SUP_131,PROD_0075,05-10-2024,2024-10-11,2024-10-13,914,818,167,Delayed
PO_103413,SUP_044,PROD_0057,2024/05/09,2024-05-18,2024-05-23,1055,906,154,Open
PO_103414,SUP_184,PROD_0219,15-12-2024,2024-12-26,2024-12-24,451,428,365,Open
PO_103415,SUP_002,PROD_0033,05-10-2024,2024-10-21,2024-10-20,476,461,41,Closed
PO_103416,SUP_173,PROD_0036,08-10-2024,2024-10-22,2024-10-21,1215,1143,280,Delayed
PO_103417,SUP_054,PROD_0203,2024/03/23,2024-04-12,2024-04-18,1529,1382,260,Closed
PO_103418,SUP_005,PROD_0010,2024/03/21,2024-04-05,2024-04-07,779,708,86,Closed
PO_103419,SUP_066,PROD_0066,2024/01/17,2024-01-25,2024-01-31,721,628,392,Open
PO_103420,SUP_116,PROD_0069,29-03-2024,2024-04-09,2024-04-06,126,111,147,Closed
PO_103421,SUP_001,PROD_0098,2024/06/13,2024-06-19,2024-06-18,1627,1553,374,Open
PO_103422,SUP_053,PROD_0295,15-12-2024,2024-12-24,2024-12-25,504,442,273,Open
PO_103423,SUP_107,PROD_0203,2024/10/20,2024-10-29,2024-11-03,161,143,482,Closed
PO_103424,SUP_187,PROD_0157,2024/08/04,2024-08-22,2024-08-28,889,757,468,Closed
PO_103425,SUP_017,PROD_0010,2024/04/15,2024-04-20,2024-04-21,865,834,182,Closed
PO_103426,SUP_176,PROD_0280,11-08-2024,2024-08-28,2024-08-29,1288,1167,277,Open
PO_103427,SUP_126,PROD_0209,2024/06/18,2024-06-23,2024-06-21,774,695,413,Closed
PO_103428,SUP_076,PROD_0050,2024/10/24,2024-11-11,2024-11-10,1156,1012,41,Open
PO_103429,SUP_105,PROD_0294,2024/01/04,2024-01-19,2024-01-16,1439,1403,352,Open
PO_103430,SUP_085,PROD_0191,20-02-2024,2024-03-02,2024-02-29,775,678,468,Delayed
PO_103431,SUP_013,PROD_0167,2024/05/05,2024-05-15,2024-05-14,1453,1363,446,Delayed
PO_103432,SUP_070,PROD_0030,08-04-2024,2024-04-27,2024-05-01,1402,1370,195,Delayed
PO_103433,SUP_174,PROD_0102,2024/06/05,2024-06-25,2024-06-28,457,434,214,Closed
PO_103434,SUP_084,PROD_0164,2024/02/24,2024-03-02,2024-02-29,1973,1936,208,Delayed
PO_103435,SUP_138,PROD_0091,2024/08/10,2024-08-20,2024-08-24,1012,962,400,Closed
PO_103436,SUP_061,PROD_0011,2024/04/23,2024-04-30,2024-05-04,665,597,312,Open
PO_103437,SUP_111,PROD_0035,2024/09/30,2024-10-05,2024-10-11,1064,983,100,Closed
PO_103438,SUP_197,PROD_0152,2024/04/01,2024-04-13,2024-04-15,1538,1476,208,Delayed
PO_103439,SUP_145,PROD_0209,2024/07/05,2024-07-15,2024-07-12,767,707,417,Open
PO_103440,SUP_175,PROD_0097,15-08-2024,2024-09-04,2024-09-10,1343,1342,476,Open
PO_103441,SUP_120,PROD_0211,2024/10/30,2024-11-11,2024-11-08,1551,1354,196,Open
PO_103442,SUP_146,PROD_0183,08-05-2024,2024-05-23,2024-05-21,279,270,239,Delayed
PO_103443,SUP_043,PROD_0093,2024/08/25,2024-08-31,2024-08-29,1898,1672,218,Closed
PO_103444,SUP_002,PROD_0264,13-04-2024,2024-04-30,2024-05-05,1318,1170,437,Open
PO_103445,SUP_148,PROD_0265,2024/08/22,2024-09-09,2024-09-07,366,348,383,Delayed
PO_103446,SUP_190,PROD_0060,2024/04/26,2024-05-01,2024-05-05,675,668,239,Closed
PO_103447,SUP_033,PROD_0239,2024/10/19,2024-11-08,2024-11-14,1910,1676,480,Delayed
PO_103448,SUP_057,PROD_0109,2024/06/17,2024-07-04,2024-07-01,1968,1938,440,Delayed
PO_103449,SUP_144,PROD_0263,2024/09/05,2024-09-21,2024-09-20,1151,1079,227,Delayed
PO_103450,SUP_061,PROD_0295,29-11-2024,2024-12-07,2024-12-12,1683,1549,432,Open
PO_103451,SUP_166,PROD_0003,2024/12/22,2025-01-03,2024-12-31,1557,1443,499,Closed
PO_103452,SUP_187,PROD_0153,2024/09/11,2024-09-25,2024-10-01,1292,1168,353,Open
PO_103453,SUP_012,PROD_0232,2024/08/24,2024-09-06,2024-09-07,667,617,96,Delayed
PO_103454,SUP_088,PROD_0146,2024/03/28,2024-04-15,2024-04-14,889,814,367,Open
PO_103455,SUP_188,PROD_0133,19-08-2024,2024-09-04,2024-09-10,323,289,392,Open
PO_103456,SUP_164,PROD_0291,2024/10/23,2024-11-03,2024-11-09,1156,995,208,Open
PO_103457,SUP_130,PROD_0115,06-11-2024,2024-11-24,2024-11-26,1136,1092,477,Open
PO_103458,SUP_056,PROD_0157,01-08-2024,2024-08-08,2024-08-11,1076,923,309,Open
PO_103459,SUP_176,PROD_0239,2024/12/21,2025-01-01,2024-12-29,1006,974,373,Open
PO_103460,SUP_001,PROD_0252,2024/02/18,2024-02-29,2024-03-02,1446,1359,53,Delayed
PO_103461,SUP_184,PROD_0257,21-04-2024,2024-05-08,2024-05-14,420,398,116,Open
PO_103462,SUP_088,PROD_0067,2024/01/07,2024-01-19,2024-01-19,937,937,337,Open
PO_103463,SUP_036,PROD_0202,2024/12/15,2024-12-21,2024-12-20,559,515,84,Closed
PO_103464,SUP_085,PROD_0061,2024/03/22,2024-04-10,2024-04-10,742,666,395,Delayed
PO_103465,SUP_036,PROD_0066,18-08-2024,2024-08-27,2024-08-28,1316,1180,393,Open
PO_103466,SUP_085,PROD_0018,2024/09/03,2024-09-23,2024-09-21,698,667,257,Closed
PO_103467,SUP_011,PROD_0077,2024/12/29,2025-01-14,2025-01-16,853,734,216,Closed
PO_103468,SUP_080,PROD_0136,29-07-2024,2024-08-06,2024-08-10,615,568,77,Delayed
PO_103469,SUP_142,PROD_0289,20-05-2024,2024-06-09,2024-06-12,327,292,432,Delayed
PO_103470,SUP_004,PROD_0215,2024/11/01,2024-11-08,2024-11-07,1078,999,386,Closed
PO_103471,SUP_039,PROD_0278,12-08-2024,2024-08-29,2024-08-27,1955,1782,118,Delayed
PO_103472,SUP_143,PROD_0181,29-12-2024,2025-01-03,2025-01-05,890,819,191,Delayed
PO_103473,SUP_088,PROD_0298,2024/01/03,2024-01-16,2024-01-18,857,813,205,Closed
PO_103474,SUP_128,PROD_0256,05-03-2024,2024-03-23,2024-03-23,1545,1437,210,Delayed
PO_103475,SUP_105,PROD_0099,06-11-2024,2024-11-20,2024-11-20,575,561,370,Delayed
PO_103476,SUP_008,PROD_0267,03-11-2024,2024-11-09,2024-11-10,1489,1310,461,Delayed
PO_103477,SUP_037,PROD_0218,2024/05/05,2024-05-22,2024-05-28,872,745,409,Closed
PO_103478,SUP_087,PROD_0012,17-12-2024,2024-12-27,2024-12-26,227,217,328,Closed
PO_103479,SUP_185,PROD_0035,22-08-2024,2024-08-28,2024-08-31,1417,1291,276,Delayed
PO_103480,SUP_054,PROD_0130,2024/02/25,2024-03-06,2024-03-03,214,200,146,Delayed
PO_103481,SUP_030,PROD_0196,2024/01/17,2024-02-05,2024-02-08,1327,1173,283,Delayed
PO_103482,SUP_151,PROD_0038,2024/02/07,2024-02-18,2024-02-18,1646,1588,391,Delayed
PO_103483,SUP_087,PROD_0115,21-03-2024,2024-04-07,2024-04-13,400,341,97,Open
PO_103484,SUP_015,PROD_0287,13-02-2024,2024-02-23,2024-02-22,1983,1749,253,Closed
PO_103485,SUP_117,PROD_0028,18-09-2024,2024-09-30,2024-10-04,1010,938,423,Open
PO_103486,SUP_114,PROD_0086,2024/11/13,2024-11-28,2024-12-02,1605,1592,317,Delayed
PO_103487,SUP_170,PROD_0266,15-03-2024,2024-03-21,2024-03-24,496,424,117,Closed
PO_103488,SUP_067,PROD_0213,2024/03/26,2024-04-13,2024-04-19,1233,1228,67,Open
PO_103489,SUP_105,PROD_0007,06-07-2024,2024-07-21,2024-07-20,1616,1589,491,Delayed
PO_103490,SUP_113,PROD_0080,2024/08/01,2024-08-06,2024-08-09,1914,1757,465,Open
PO_103491,SUP_178,PROD_0129,2024/03/31,2024-04-16,2024-04-20,545,523,271,Open
PO_103492,SUP_179,PROD_0140,2024/10/07,2024-10-20,2024-10-17,1004,959,41,Open
PO_103493,SUP_112,PROD_0045,02-09-2024,2024-09-21,2024-09-25,1688,1470,484,Delayed
PO_103494,SUP_134,PROD_0032,20-09-2024,2024-10-09,2024-10-08,1217,1187,196,Closed
PO_103495,SUP_165,PROD_0194,19-09-2024,2024-09-28,2024-10-01,1507,1345,408,Closed
PO_103496,SUP_020,PROD_0265,2024/08/12,2024-08-17,2024-08-14,799,799,140,Open
PO_103497,SUP_132,PROD_0006,18-01-2024,2024-02-02,2024-02-05,1592,1556,407,Closed
PO_103498,SUP_148,PROD_0189,2024/02/08,2024-02-25,2024-02-28,725,697,281,Closed
PO_103499,SUP_045,PROD_0135,2024/03/14,2024-04-02,2024-04-08,1172,1030,137,Delayed
PO_103500,SUP_022,PROD_0205,2024/12/16,2025-01-01,2025-01-01,864,738,384,Closed
PO_103501,SUP_006,PROD_0268,22-10-2024,2024-10-29,2024-11-04,1239,1165,388,Closed
PO_103502,SUP_186,PROD_0205,2024/12/25,2025-01-02,2025-01-06,102,101,394,Closed
PO_103503,SUP_186,PROD_0029,2024/07/06,2024-07-16,2024-07-13,1082,1039,279,Open
PO_103504,SUP_149,PROD_0191,2024/01/30,2024-02-13,2024-02-13,560,532,257,Delayed
PO_103505,SUP_172,PROD_0028,13-07-2024,2024-08-01,2024-07-31,1427,1295,190,Closed
PO_103506,SUP_121,PROD_0027,16-02-2024,2024-02-22,2024-02-28,1994,1748,40,Open
PO_103507,SUP_013,PROD_0077,11-10-2024,2024-10-27,2024-10-24,1587,1437,130,Delayed
PO_103508,SUP_059,PROD_0090,2024/05/27,2024-06-16,2024-06-15,1505,1287,430,Closed
PO_103509,SUP_160,PROD_0243,07-01-2024,2024-01-17,2024-01-23,1945,1790,493,Delayed
PO_103510,SUP_153,PROD_0232,23-08-2024,2024-09-07,2024-09-07,1877,1753,346,Open
PO_103511,SUP_158,PROD_0133,2024/03/26,2024-04-11,2024-04-10,885,794,379,Closed
PO_103512,SUP_185,PROD_0109,24-05-2024,2024-05-31,2024-06-03,682,635,97,Open
PO_103513,SUP_062,PROD_0235,2024/01/21,2024-02-06,2024-02-04,1944,1769,499,Open
PO_103514,SUP_115,PROD_0195,2024/08/04,2024-08-21,2024-08-27,1679,1563,441,Closed
PO_103515,SUP_128,PROD_0046,12-12-2024,2024-12-29,2024-12-26,1815,1776,311,Open
PO_103516,SUP_101,PROD_0265,2024/11/02,2024-11-08,2024-11-10,1166,1121,192,Closed
PO_103517,SUP_055,PROD_0173,2024/05/20,2024-06-02,2024-06-08,1353,1278,57,Open
PO_103518,SUP_068,PROD_0170,28-03-2024,2024-04-11,2024-04-08,1480,1264,222,Delayed
PO_103519,SUP_063,PROD_0163,12-11-2024,2024-11-30,2024-11-30,474,420,172,Open
PO_103520,SUP_015,PROD_0266,29-10-2024,2024-11-06,2024-11-04,1945,1843,99,Delayed
PO_103521,SUP_157,PROD_0284,2024/02/06,2024-02-19,2024-02-22,1487,1434,257,Delayed
PO_103522,SUP_148,PROD_0211,13-06-2024,2024-06-25,2024-06-24,256,224,164,Delayed
PO_103523,SUP_178,PROD_0102,06-12-2024,2024-12-17,2024-12-14,1776,1649,377,Delayed
PO_103524,SUP_108,PROD_0136,29-09-2024,2024-10-04,2024-10-01,1911,1703,119,Open
PO_103525,SUP_076,PROD_0280,2024/11/11,2024-12-01,2024-11-30,117,104,211,Delayed
PO_103526,SUP_037,PROD_0033,2024/09/21,2024-10-11,2024-10-16,1870,1733,92,Open
PO_103527,SUP_079,PROD_0198,15-12-2024,2024-12-28,2025-01-03,1592,1354,316,Open
PO_103528,SUP_065,PROD_0243,2024/03/30,2024-04-11,2024-04-15,312,276,286,Closed
PO_103529,SUP_138,PROD_0025,14-05-2024,2024-06-01,2024-05-30,1038,951,133,Open
PO_103530,SUP_110,PROD_0258,2024/03/14,2024-03-24,2024-03-27,1013,993,482,Delayed
PO_103531,SUP_121,PROD_0170,12-11-2024,2024-12-01,2024-12-07,1209,1102,308,Open
PO_103532,SUP_061,PROD_0143,2024/06/17,2024-06-30,2024-07-04,1653,1406,190,Closed
PO_103533,SUP_001,PROD_0169,08-11-2024,2024-11-17,2024-11-23,1517,1443,149,Open
PO_103534,SUP_149,PROD_0107,2024/04/03,2024-04-22,2024-04-24,1458,1303,72,Open
PO_103535,SUP_136,PROD_0147,07-05-2024,2024-05-12,2024-05-10,413,401,470,Open
PO_103536,SUP_105,PROD_0061,2024/09/02,2024-09-14,2024-09-17,1572,1571,443,Closed
PO_103537,SUP_034,PROD_0123,03-07-2024,2024-07-21,2024-07-26,1745,1514,245,Open
PO_103538,SUP_081,PROD_0119,2024/01/15,2024-02-02,2024-02-04,1356,1178,169,Open
PO_103539,SUP_062,PROD_0128,2024/01/18,2024-01-27,2024-01-26,1020,880,365,Closed
PO_103540,SUP_167,PROD_0083,13-08-2024,2024-08-23,2024-08-27,238,220,314,Open
PO_103541,SUP_027,PROD_0067,21-08-2024,2024-09-06,2024-09-09,485,421,481,Closed
PO_103542,SUP_125,PROD_0277,05-10-2024,2024-10-10,2024-10-14,1215,1044,473,Open
PO_103543,SUP_160,PROD_0262,01-08-2024,2024-08-08,2024-08-10,1527,1381,491,Delayed
PO_103544,SUP_076,PROD_0041,24-07-2024,2024-08-10,2024-08-10,824,766,261,Closed
PO_103545,SUP_170,PROD_0268,2024/03/25,2024-04-04,2024-04-06,385,372,78,Delayed
PO_103546,SUP_158,PROD_0140,2024/07/14,2024-08-01,2024-08-07,184,168,201,Delayed
PO_103547,SUP_178,PROD_0273,2024/12/31,2025-01-14,2025-01-13,1199,1092,296,Open
PO_103548,SUP_057,PROD_0086,19-01-2024,2024-02-03,2024-02-02,191,188,164,Delayed
PO_103549,SUP_043,PROD_0108,2024/10/03,2024-10-22,2024-10-20,1723,1545,415,Closed
PO_103550,SUP_033,PROD_0227,2024/04/16,2024-05-04,2024-05-07,1171,1118,263,Delayed
PO_103551,SUP_087,PROD_0096,2024/07/18,2024-07-27,2024-07-30,1209,1147,399,Closed
PO_103552,SUP_002,PROD_0259,27-09-2024,2024-10-16,2024-10-19,159,150,409,Open
PO_103553,SUP_002,PROD_0209,2024/10/14,2024-10-26,2024-10-27,996,892,80,Delayed
PO_103554,SUP_194,PROD_0189,2024/10/01,2024-10-13,2024-10-13,644,608,366,Closed
PO_103555,SUP_116,PROD_0256,24-06-2024,2024-07-12,2024-07-11,495,424,372,Closed
PO_103556,SUP_150,PROD_0241,10-05-2024,2024-05-25,2024-05-25,795,702,311,Closed
PO_103557,SUP_033,PROD_0088,2024/03/05,2024-03-24,2024-03-24,1626,1522,365,Open
PO_103558,SUP_011,PROD_0079,2024/08/17,2024-08-22,2024-08-23,1552,1403,123,Open
PO_103559,SUP_180,PROD_0115,2024/06/21,2024-07-05,2024-07-08,1167,1139,349,Open
PO_103560,SUP_143,PROD_0276,22-08-2024,2024-08-28,2024-08-29,313,270,93,Open
PO_103561,SUP_060,PROD_0271,2024/10/25,2024-11-12,2024-11-13,918,880,485,Open
PO_103562,SUP_068,PROD_0221,2024/07/13,2024-07-18,2024-07-19,670,632,303,Delayed
PO_103563,SUP_019,PROD_0084,2024/04/26,2024-05-07,2024-05-06,1557,1395,131,Delayed
PO_103564,SUP_113,PROD_0015,2024/11/04,2024-11-19,2024-11-21,1194,1016,278,Delayed
PO_103565,SUP_081,PROD_0299,04-08-2024,2024-08-14,2024-08-14,1487,1478,354,Delayed
PO_103566,SUP_106,PROD_0013,12-12-2024,2024-12-25,2024-12-24,963,960,180,Delayed
PO_103567,SUP_013,PROD_0116,2024/06/14,2024-06-25,2024-06-22,274,247,105,Delayed
PO_103568,SUP_128,PROD_0047,2024/09/18,2024-09-23,2024-09-21,594,552,409,Closed
PO_103569,SUP_014,PROD_0165,2024/10/05,2024-10-17,2024-10-17,828,817,257,Delayed
PO_103570,SUP_094,PROD_0112,2024/02/08,2024-02-14,2024-02-19,1479,1309,48,Open
PO_103571,SUP_163,PROD_0231,23-05-2024,2024-06-03,2024-06-05,926,912,274,Closed
PO_103572,SUP_111,PROD_0189,18-09-2024,2024-10-07,2024-10-05,752,698,235,Delayed
PO_103573,SUP_157,PROD_0292,2024/10/24,2024-11-07,2024-11-09,1113,1040,214,Open
PO_103574,SUP_162,PROD_0199,14-01-2024,2024-01-29,2024-01-31,1936,1713,372,Delayed
PO_103575,SUP_074,PROD_0039,2024/12/29,2025-01-05,2025-01-09,334,318,193,Closed
PO_103576,SUP_170,PROD_0188,15-11-2024,2024-12-01,2024-11-30,1512,1321,200,Closed
PO_103577,SUP_018,PROD_0095,20-08-2024,2024-08-30,2024-08-28,907,793,372,Open
PO_103578,SUP_016,PROD_0105,10-07-2024,2024-07-30,2024-07-31,1555,1331,191,Delayed
PO_103579,SUP_119,PROD_0104,2024/03/10,2024-03-30,2024-04-02,1666,1422,358,Delayed
PO_103580,SUP_093,PROD_0124,2024/10/07,2024-10-16,2024-10-17,216,194,136,Delayed
PO_103581,SUP_180,PROD_0089,16-02-2024,2024-02-26,2024-02-27,1898,1715,186,Open
PO_103582,SUP_184,PROD_0046,29-04-2024,2024-05-13,2024-05-10,1279,1228,168,Closed
PO_103583,SUP_146,PROD_0032,04-07-2024,2024-07-14,2024-07-16,1079,923,332,Open
PO_103584,SUP_061,PROD_0079,2024/09/01,2024-09-14,2024-09-12,379,342,449,Open
PO_103585,SUP_030,PROD_0105,2024/07/27,2024-08-01,2024-07-30,1233,1125,500,Delayed
PO_103586,SUP_052,PROD_0110,29-04-2024,2024-05-12,2024-05-17,1554,1473,227,Delayed
PO_103587,SUP_107,PROD_0045,15-11-2024,2024-12-03,2024-12-02,1927,1732,276,Open
PO_103588,SUP_007,PROD_0085,02-05-2024,2024-05-16,2024-05-15,337,325,433,Closed
PO_103589,SUP_075,PROD_0157,22-12-2024,2025-01-02,2025-01-07,271,265,154,Closed
PO_103590,SUP_018,PROD_0297,2024/03/24,2024-03-30,2024-04-04,1216,1130,370,Delayed
PO_103591,SUP_147,PROD_0056,30-07-2024,2024-08-13,2024-08-15,423,363,136,Delayed
PO_103592,SUP_144,PROD_0106,19-03-2024,2024-03-26,2024-03-26,493,431,204,Open
PO_103593,SUP_126,PROD_0028,2024/03/18,2024-03-30,2024-04-02,1904,1771,481,Delayed
PO_103594,SUP_056,PROD_0281,2024/12/22,2024-12-29,2025-01-02,274,268,45,Closed
PO_103595,SUP_010,PROD_0165,12-11-2024,2024-11-20,2024-11-25,1724,1480,430,Closed
PO_103596,SUP_064,PROD_0140,2024/05/02,2024-05-13,2024-05-12,146,132,430,Delayed
PO_103597,SUP_133,PROD_0244,07-07-2024,2024-07-25,2024-07-22,1109,1042,79,Open
PO_103598,SUP_092,PROD_0236,2024/01/30,2024-02-19,2024-02-23,810,707,424,Closed
PO_103599,SUP_051,PROD_0255,08-02-2024,2024-02-25,2024-02-25,340,330,241,Delayed
PO_103600,SUP_194,PROD_0226,2024/02/09,2024-02-16,2024-02-13,746,742,434,Closed
PO_103601,SUP_119,PROD_0012,06-04-2024,2024-04-23,2024-04-23,223,189,257,Open
PO_103602,SUP_102,PROD_0204,2024/10/31,2024-11-13,2024-11-16,1971,1800,345,Delayed
PO_103603,SUP_127,PROD_0056,11-03-2024,2024-03-23,2024-03-23,1513,1476,276,Delayed
PO_103604,SUP_017,PROD_0141,2024/06/11,2024-06-16,2024-06-13,1287,1260,293,Closed
PO_103605,SUP_056,PROD_0016,13-10-2024,2024-10-31,2024-10-31,611,570,133,Open
PO_103606,SUP_178,PROD_0270,2024/09/30,2024-10-20,2024-10-21,684,651,491,Closed
PO_103607,SUP_002,PROD_0296,2024/11/15,2024-11-25,2024-11-25,1058,1025,211,Closed
PO_103608,SUP_096,PROD_0282,13-03-2024,2024-03-28,2024-04-02,1817,1716,394,Delayed
PO_103609,SUP_197,PROD_0059,20-05-2024,2024-06-05,2024-06-07,1882,1814,97,Closed
PO_103610,SUP_061,PROD_0220,2024/04/19,2024-05-03,2024-05-08,1865,1838,124,Delayed
PO_103611,SUP_145,PROD_0099,14-10-2024,2024-10-25,2024-10-30,1554,1357,290,Closed
PO_103612,SUP_066,PROD_0225,29-09-2024,2024-10-04,2024-10-01,628,579,395,Delayed
PO_103613,SUP_111,PROD_0246,08-06-2024,2024-06-26,2024-06-29,1940,1785,449,Closed
PO_103614,SUP_103,PROD_0117,20-07-2024,2024-08-01,2024-08-05,1670,1446,85,Open
PO_103615,SUP_010,PROD_0063,19-06-2024,2024-07-05,2024-07-04,1277,1151,266,Open
PO_103616,SUP_199,PROD_0138,19-09-2024,2024-10-03,2024-09-30,1150,1041,92,Closed
PO_103617,SUP_183,PROD_0110,2024/07/08,2024-07-27,2024-07-26,1214,1210,97,Open
PO_103618,SUP_079,PROD_0198,05-02-2024,2024-02-12,2024-02-15,1203,1029,235,Closed
PO_103619,SUP_192,PROD_0012,11-07-2024,2024-07-18,2024-07-16,1157,1068,351,Open
PO_103620,SUP_102,PROD_0257,22-06-2024,2024-07-05,2024-07-08,818,726,172,Open
PO_103621,SUP_069,PROD_0014,16-09-2024,2024-09-29,2024-09-29,1123,1004,271,Open
PO_103622,SUP_091,PROD_0211,2024/12/12,2024-12-25,2024-12-27,675,673,213,Open
PO_103623,SUP_154,PROD_0212,15-01-2024,2024-01-20,2024-01-20,114,100,475,Closed
PO_103624,SUP_121,PROD_0137,2024/09/11,2024-09-20,2024-09-20,1170,1169,232,Closed
PO_103625,SUP_100,PROD_0272,2024/12/19,2024-12-27,2024-12-31,1623,1438,486,Delayed
PO_103626,SUP_116,PROD_0011,2024/07/07,2024-07-13,2024-07-19,765,751,468,Delayed
PO_103627,SUP_022,PROD_0209,2024/04/09,2024-04-22,2024-04-19,1699,1628,406,Closed
PO_103628,SUP_067,PROD_0010,2024/10/05,2024-10-13,2024-10-11,487,443,250,Open
PO_103629,SUP_122,PROD_0238,2024/09/27,2024-10-10,2024-10-15,657,562,136,Closed
PO_103630,SUP_085,PROD_0296,2024/12/19,2025-01-06,2025-01-05,1759,1666,289,Delayed
PO_103631,SUP_157,PROD_0199,04-03-2024,2024-03-18,2024-03-17,1316,1227,221,Delayed
PO_103632,SUP_193,PROD_0244,2024/06/17,2024-07-01,2024-06-30,1810,1719,83,Open
PO_103633,SUP_004,PROD_0058,07-03-2024,2024-03-27,2024-03-29,445,431,296,Delayed
PO_103634,SUP_170,PROD_0146,04-02-2024,2024-02-23,2024-02-23,654,644,196,Open
PO_103635,SUP_105,PROD_0109,26-10-2024,2024-11-05,2024-11-05,741,699,385,Closed
PO_103636,SUP_125,PROD_0047,2024/03/24,2024-04-11,2024-04-12,1962,1690,414,Closed
PO_103637,SUP_027,PROD_0065,2024/02/16,2024-03-06,2024-03-03,1052,966,324,Delayed
PO_103638,SUP_062,PROD_0021,2024/12/01,2024-12-16,2024-12-20,929,858,78,Delayed
PO_103639,SUP_161,PROD_0126,03-06-2024,2024-06-17,2024-06-15,1531,1381,476,Delayed
PO_103640,SUP_044,PROD_0274,28-06-2024,2024-07-07,2024-07-12,513,496,367,Delayed
PO_103641,SUP_054,PROD_0025,02-07-2024,2024-07-19,2024-07-23,1275,1118,324,Open
PO_103642,SUP_121,PROD_0050,2024/06/15,2024-07-02,2024-07-03,1405,1405,273,Closed
PO_103643,SUP_120,PROD_0020,2024/06/23,2024-07-02,2024-06-30,1811,1806,308,Delayed
PO_103644,SUP_030,PROD_0214,2024/05/22,2024-05-29,2024-05-26,1098,963,412,Closed
PO_103645,SUP_021,PROD_0053,2024/06/02,2024-06-19,2024-06-20,621,601,235,Delayed
PO_103646,SUP_045,PROD_0155,2024/05/03,2024-05-09,2024-05-15,1036,1005,225,Closed
PO_103647,SUP_172,PROD_0248,2024/12/09,2024-12-24,2024-12-23,593,541,294,Delayed
PO_103648,SUP_144,PROD_0062,11-12-2024,2024-12-31,2025-01-04,109,96,68,Open
PO_103649,SUP_167,PROD_0285,04-05-2024,2024-05-14,2024-05-16,294,250,120,Delayed
PO_103650,SUP_016,PROD_0210,2024/03/24,2024-04-03,2024-04-06,1089,1028,332,Open
PO_103651,SUP_053,PROD_0282,2024/01/10,2024-01-19,2024-01-24,981,888,224,Delayed
PO_103652,SUP_195,PROD_0272,27-11-2024,2024-12-13,2024-12-17,229,202,249,Closed
PO_103653,SUP_194,PROD_0011,01-01-2024,2024-01-06,2024-01-06,1498,1387,421,Closed
PO_103654,SUP_132,PROD_0214,2024/05/05,2024-05-25,2024-05-30,1690,1671,71,Delayed
PO_103655,SUP_193,PROD_0018,26-12-2024,2025-01-13,2025-01-19,560,549,124,Delayed
PO_103656,SUP_178,PROD_0223,30-04-2024,2024-05-13,2024-05-18,655,618,344,Delayed
PO_103657,SUP_089,PROD_0031,2024/06/04,2024-06-23,2024-06-26,1501,1493,130,Open
PO_103658,SUP_110,PROD_0242,26-05-2024,2024-06-08,2024-06-10,908,872,202,Open
PO_103659,SUP_129,PROD_0053,2024/12/12,2024-12-25,2024-12-23,1683,1544,346,Delayed
PO_103660,SUP_011,PROD_0100,18-05-2024,2024-06-07,2024-06-11,1282,1167,219,Open
PO_103661,SUP_102,PROD_0116,2024/03/08,2024-03-17,2024-03-14,480,415,263,Closed
PO_103662,SUP_096,PROD_0227,2024/03/05,2024-03-22,2024-03-23,807,713,127,Closed
PO_103663,SUP_199,PROD_0021,2024/01/06,2024-01-12,2024-01-16,1643,1583,436,Open
PO_103664,SUP_166,PROD_0077,26-04-2024,2024-05-11,2024-05-09,986,907,303,Open
PO_103665,SUP_143,PROD_0103,23-07-2024,2024-08-12,2024-08-14,350,327,104,Delayed
PO_103666,SUP_054,PROD_0205,21-10-2024,2024-10-26,2024-10-23,1574,1522,448,Open
PO_103667,SUP_056,PROD_0133,03-11-2024,2024-11-14,2024-11-14,378,329,292,Closed
PO_103668,SUP_134,PROD_0119,2024/09/29,2024-10-15,2024-10-18,426,421,435,Closed
PO_103669,SUP_054,PROD_0053,2024/04/22,2024-05-12,2024-05-11,481,412,212,Closed
PO_103670,SUP_080,PROD_0073,2024/04/27,2024-05-17,2024-05-14,114,102,318,Open
PO_103671,SUP_060,PROD_0101,18-01-2024,2024-01-29,2024-02-02,122,106,176,Delayed
PO_103672,SUP_197,PROD_0043,16-11-2024,2024-11-27,2024-12-02,675,589,227,Open
PO_103673,SUP_057,PROD_0226,26-11-2024,2024-12-16,2024-12-21,1381,1198,46,Delayed
PO_103674,SUP_099,PROD_0277,2024/09/25,2024-10-11,2024-10-09,1077,919,255,Delayed
PO_103675,SUP_079,PROD_0155,2024/11/17,2024-12-04,2024-12-05,856,763,472,Closed
PO_103676,SUP_172,PROD_0081,07-07-2024,2024-07-27,2024-08-01,1721,1684,153,Open
PO_103677,SUP_116,PROD_0102,2024/01/16,2024-01-31,2024-01-31,1560,1491,114,Delayed
PO_103678,SUP_034,PROD_0270,2024/08/07,2024-08-23,2024-08-29,518,511,174,Closed
PO_103679,SUP_156,PROD_0240,2024/11/21,2024-11-27,2024-11-27,1335,1307,273,Delayed
PO_103680,SUP_061,PROD_0085,22-09-2024,2024-10-03,2024-10-03,264,230,395,Delayed
PO_103681,SUP_089,PROD_0186,18-09-2024,2024-10-04,2024-10-10,1788,1560,385,Delayed
PO_103682,SUP_112,PROD_0269,16-12-2024,2024-12-21,2024-12-20,779,713,45,Delayed
PO_103683,SUP_077,PROD_0254,09-12-2024,2024-12-15,2024-12-18,1423,1315,274,Open
PO_103684,SUP_064,PROD_0073,2024/02/17,2024-03-02,2024-03-08,1281,1231,387,Delayed
PO_103685,SUP_080,PROD_0076,02-07-2024,2024-07-09,2024-07-06,573,547,310,Open
PO_103686,SUP_103,PROD_0124,2024/03/27,2024-04-05,2024-04-03,766,737,220,Open
PO_103687,SUP_155,PROD_0132,31-05-2024,2024-06-11,2024-06-17,1485,1419,252,Open
PO_103688,SUP_083,PROD_0147,2024/11/01,2024-11-15,2024-11-12,511,487,324,Open
PO_103689,SUP_126,PROD_0112,10-08-2024,2024-08-26,2024-08-26,252,216,280,Closed
PO_103690,SUP_120,PROD_0105,2024/03/17,2024-03-24,2024-03-21,1456,1334,114,Delayed
PO_103691,SUP_119,PROD_0105,11-07-2024,2024-07-23,2024-07-22,818,787,416,Delayed
PO_103692,SUP_145,PROD_0110,05-04-2024,2024-04-15,2024-04-15,683,656,298,Closed
PO_103693,SUP_009,PROD_0006,2024/08/06,2024-08-23,2024-08-20,1732,1626,89,Delayed
PO_103694,SUP_114,PROD_0107,22-09-2024,2024-10-10,2024-10-13,1574,1556,412,Delayed
PO_103695,SUP_197,PROD_0286,19-03-2024,2024-04-06,2024-04-07,723,687,426,Delayed
PO_103696,SUP_162,PROD_0144,2024/12/19,2024-12-30,2025-01-03,1152,1002,222,Open
PO_103697,SUP_127,PROD_0050,2024/08/08,2024-08-14,2024-08-20,1473,1358,51,Open
PO_103698,SUP_193,PROD_0252,28-12-2024,2025-01-13,2025-01-18,320,287,47,Delayed
PO_103699,SUP_127,PROD_0110,19-05-2024,2024-06-06,2024-06-09,1276,1260,467,Closed
PO_103700,SUP_183,PROD_0167,2024/10/03,2024-10-22,2024-10-27,1906,1686,69,Delayed
PO_103701,SUP_023,PROD_0284,20-10-2024,2024-10-25,2024-10-27,896,809,263,Open
PO_103702,SUP_193,PROD_0277,2024/10/04,2024-10-18,2024-10-22,1006,983,86,Closed
PO_103703,SUP_156,PROD_0207,15-08-2024,2024-08-28,2024-08-28,1769,1763,175,Open
PO_103704,SUP_083,PROD_0030,12-11-2024,2024-11-23,2024-11-28,183,159,242,Closed
PO_103705,SUP_164,PROD_0085,2024/01/24,2024-02-10,2024-02-11,905,836,450,Closed
PO_103706,SUP_085,PROD_0091,01-06-2024,2024-06-13,2024-06-15,614,535,310,Closed
PO_103707,SUP_116,PROD_0033,22-02-2024,2024-03-09,2024-03-12,165,140,461,Delayed
PO_103708,SUP_160,PROD_0149,06-10-2024,2024-10-12,2024-10-12,776,707,484,Open
PO_103709,SUP_104,PROD_0133,01-01-2024,2024-01-15,2024-01-21,1743,1706,70,Open
PO_103710,SUP_021,PROD_0219,2024/08/23,2024-09-10,2024-09-16,350,302,376,Closed
PO_103711,SUP_148,PROD_0208,31-03-2024,2024-04-08,2024-04-10,190,183,426,Open
PO_103712,SUP_145,PROD_0023,28-06-2024,2024-07-16,2024-07-21,1556,1332,399,Open
PO_103713,SUP_096,PROD_0068,03-03-2024,2024-03-18,2024-03-23,1333,1272,153,Open
PO_103714,SUP_081,PROD_0162,31-12-2024,2025-01-17,2025-01-14,305,259,457,Closed
PO_103715,SUP_028,PROD_0016,2024/03/26,2024-04-10,2024-04-14,495,428,444,Closed
PO_103716,SUP_096,PROD_0287,30-05-2024,2024-06-15,2024-06-19,293,252,317,Open
PO_103717,SUP_149,PROD_0060,2024/11/30,2024-12-07,2024-12-13,704,622,351,Open
PO_103718,SUP_148,PROD_0049,16-11-2024,2024-12-02,2024-11-29,1896,1724,222,Delayed
PO_103719,SUP_127,PROD_0040,2024/07/29,2024-08-17,2024-08-15,1127,1080,261,Closed
PO_103720,SUP_053,PROD_0084,2024/10/01,2024-10-06,2024-10-07,1349,1338,115,Delayed
PO_103721,SUP_109,PROD_0043,06-07-2024,2024-07-11,2024-07-15,1980,1761,399,Delayed
PO_103722,SUP_148,PROD_0181,22-04-2024,2024-05-03,2024-05-02,252,224,430,Closed
PO_103723,SUP_055,PROD_0245,2024/01/22,2024-02-04,2024-02-01,1463,1416,66,Closed
PO_103724,SUP_040,PROD_0230,29-08-2024,2024-09-18,2024-09-20,1169,1058,324,Delayed
PO_103725,SUP_047,PROD_0213,2024/01/04,2024-01-21,2024-01-24,317,316,74,Closed
PO_103726,SUP_095,PROD_0038,2024/01/17,2024-01-29,2024-01-26,895,869,343,Open
PO_103727,SUP_013,PROD_0033,2024/09/08,2024-09-15,2024-09-14,325,310,100,Closed
PO_103728,SUP_156,PROD_0114,2024/03/03,2024-03-12,2024-03-12,1891,1707,387,Closed
PO_103729,SUP_197,PROD_0254,2024/04/03,2024-04-18,2024-04-20,1295,1248,487,Delayed
PO_103730,SUP_073,PROD_0175,10-03-2024,2024-03-16,2024-03-19,1713,1676,117,Delayed
PO_103731,SUP_163,PROD_0056,2024/12/02,2024-12-10,2024-12-07,1905,1826,338,Delayed
PO_103732,SUP_017,PROD_0073,25-01-2024,2024-02-08,2024-02-10,163,162,216,Closed
PO_103733,SUP_071,PROD_0053,21-04-2024,2024-05-09,2024-05-06,1162,1129,102,Closed
PO_103734,SUP_180,PROD_0039,2024/05/09,2024-05-22,2024-05-25,1819,1801,61,Closed
PO_103735,SUP_145,PROD_0167,11-05-2024,2024-05-17,2024-05-22,1821,1681,160,Open
PO_103736,SUP_175,PROD_0171,16-10-2024,2024-11-01,2024-10-29,1779,1768,246,Closed
PO_103737,SUP_153,PROD_0286,30-07-2024,2024-08-08,2024-08-12,637,569,214,Delayed
PO_103738,SUP_037,PROD_0141,12-11-2024,2024-11-28,2024-12-04,1439,1243,60,Open
PO_103739,SUP_167,PROD_0227,14-03-2024,2024-03-19,2024-03-20,1370,1274,223,Closed
PO_103740,SUP_100,PROD_0044,10-06-2024,2024-06-21,2024-06-26,689,661,272,Open
PO_103741,SUP_127,PROD_0072,2024/04/09,2024-04-15,2024-04-13,900,899,478,Delayed
PO_103742,SUP_133,PROD_0164,2024/07/24,2024-08-01,2024-08-05,701,669,384,Closed
PO_103743,SUP_100,PROD_0044,09-03-2024,2024-03-26,2024-03-25,1346,1174,452,Open
PO_103744,SUP_049,PROD_0158,17-07-2024,2024-07-26,2024-07-31,917,912,262,Closed
PO_103745,SUP_173,PROD_0212,2024/05/18,2024-06-04,2024-06-09,1317,1242,363,Delayed
PO_103746,SUP_128,PROD_0252,24-01-2024,2024-02-01,2024-02-04,856,802,233,Closed
PO_103747,SUP_053,PROD_0045,2024/03/21,2024-03-28,2024-03-30,1783,1590,294,Open
PO_103748,SUP_191,PROD_0200,16-03-2024,2024-03-29,2024-03-28,515,441,214,Closed
PO_103749,SUP_100,PROD_0033,23-09-2024,2024-10-08,2024-10-13,1815,1773,357,Closed
PO_103750,SUP_161,PROD_0185,25-02-2024,2024-03-12,2024-03-09,795,791,435,Delayed
PO_103751,SUP_031,PROD_0264,26-04-2024,2024-05-11,2024-05-11,1671,1489,84,Open
PO_103752,SUP_074,PROD_0077,2024/07/30,2024-08-04,2024-08-06,1354,1212,464,Closed
PO_103753,SUP_149,PROD_0139,2024/03/05,2024-03-13,2024-03-10,1338,1203,83,Delayed
PO_103754,SUP_020,PROD_0144,2024/04/25,2024-05-03,2024-05-04,1961,1681,397,Delayed
PO_103755,SUP_175,PROD_0239,2024/09/05,2024-09-17,2024-09-18,1522,1517,449,Open
PO_103756,SUP_030,PROD_0219,29-10-2024,2024-11-07,2024-11-08,192,192,427,Delayed
PO_103757,SUP_145,PROD_0265,2024/03/16,2024-03-28,2024-03-26,544,472,291,Delayed
PO_103758,SUP_039,PROD_0160,2024/02/25,2024-03-01,2024-02-27,1746,1567,388,Open
PO_103759,SUP_112,PROD_0112,2024/06/25,2024-07-14,2024-07-19,1681,1601,355,Open
PO_103760,SUP_089,PROD_0066,2024/07/04,2024-07-24,2024-07-28,678,629,437,Closed
PO_103761,SUP_192,PROD_0253,25-12-2024,2025-01-08,2025-01-13,1170,1154,312,Closed
PO_103762,SUP_083,PROD_0104,10-06-2024,2024-06-24,2024-06-25,1631,1469,135,Closed
PO_103763,SUP_142,PROD_0013,2024/02/04,2024-02-23,2024-02-28,1491,1351,325,Closed
PO_103764,SUP_135,PROD_0096,2024/05/07,2024-05-20,2024-05-22,848,840,157,Closed
PO_103765,SUP_097,PROD_0023,04-01-2024,2024-01-17,2024-01-21,912,911,282,Closed
PO_103766,SUP_129,PROD_0229,2024/10/03,2024-10-23,2024-10-24,757,653,401,Delayed
PO_103767,SUP_019,PROD_0111,06-12-2024,2024-12-15,2024-12-12,1381,1356,281,Open
PO_103768,SUP_193,PROD_0070,11-10-2024,2024-10-27,2024-11-02,488,464,92,Closed
PO_103769,SUP_022,PROD_0132,2024/02/18,2024-02-24,2024-02-28,1823,1683,191,Closed
PO_103770,SUP_074,PROD_0183,02-01-2024,2024-01-10,2024-01-07,1749,1558,238,Delayed
PO_103771,SUP_070,PROD_0105,01-11-2024,2024-11-18,2024-11-19,821,724,402,Closed
PO_103772,SUP_093,PROD_0117,2024/10/31,2024-11-20,2024-11-18,1760,1612,102,Closed
PO_103773,SUP_120,PROD_0015,2024/05/21,2024-06-09,2024-06-08,1374,1190,261,Closed
PO_103774,SUP_154,PROD_0255,24-01-2024,2024-02-04,2024-02-05,563,524,190,Delayed
PO_103775,SUP_188,PROD_0272,2024/12/30,2025-01-15,2025-01-20,1568,1466,251,Delayed
PO_103776,SUP_034,PROD_0060,2024/02/17,2024-03-08,2024-03-13,926,880,67,Delayed
PO_103777,SUP_112,PROD_0113,29-10-2024,2024-11-07,2024-11-11,1343,1272,170,Closed
PO_103778,SUP_054,PROD_0110,2024/09/08,2024-09-22,2024-09-28,1876,1654,63,Closed
PO_103779,SUP_143,PROD_0021,26-03-2024,2024-04-05,2024-04-05,1883,1824,348,Closed
PO_103780,SUP_188,PROD_0269,2024/05/28,2024-06-16,2024-06-16,1504,1333,100,Open
PO_103781,SUP_128,PROD_0131,2024/10/11,2024-10-30,2024-10-31,1041,885,281,Open
PO_103782,SUP_196,PROD_0181,2024/01/10,2024-01-22,2024-01-25,888,856,250,Closed
PO_103783,SUP_141,PROD_0080,02-01-2024,2024-01-21,2024-01-24,1568,1362,111,Closed
PO_103784,SUP_129,PROD_0213,2024/12/17,2024-12-26,2024-12-24,1289,1232,464,Closed
PO_103785,SUP_056,PROD_0106,03-09-2024,2024-09-16,2024-09-20,373,329,258,Closed
PO_103786,SUP_170,PROD_0019,2024/06/02,2024-06-18,2024-06-24,1817,1749,260,Open
PO_103787,SUP_060,PROD_0049,2024/12/03,2024-12-20,2024-12-17,1917,1722,179,Closed
PO_103788,SUP_071,PROD_0297,2024/05/09,2024-05-22,2024-05-22,796,788,306,Delayed
PO_103789,SUP_111,PROD_0180,2024/02/16,2024-02-24,2024-02-29,1447,1254,198,Closed
PO_103790,SUP_061,PROD_0240,13-05-2024,2024-05-23,2024-05-21,159,152,486,Delayed
PO_103791,SUP_058,PROD_0193,2024/02/15,2024-03-06,2024-03-03,728,650,326,Delayed
PO_103792,SUP_149,PROD_0180,2024/09/27,2024-10-05,2024-10-03,1511,1376,250,Delayed
PO_103793,SUP_064,PROD_0256,09-10-2024,2024-10-25,2024-10-31,628,606,125,Closed
PO_103794,SUP_148,PROD_0255,23-02-2024,2024-03-05,2024-03-08,496,443,392,Open
PO_103795,SUP_094,PROD_0291,23-07-2024,2024-08-11,2024-08-14,1164,1042,292,Open
PO_103796,SUP_023,PROD_0249,2024/10/13,2024-10-31,2024-10-29,527,479,466,Delayed
PO_103797,SUP_007,PROD_0281,2024/02/07,2024-02-23,2024-02-23,1686,1600,456,Delayed
PO_103798,SUP_050,PROD_0103,2024/06/01,2024-06-11,2024-06-14,1711,1460,291,Delayed
PO_103799,SUP_025,PROD_0039,07-09-2024,2024-09-24,2024-09-22,844,737,483,Closed
PO_103800,SUP_079,PROD_0145,2024/11/08,2024-11-16,2024-11-18,730,643,309,Delayed
PO_103801,SUP_020,PROD_0134,11-04-2024,2024-04-29,2024-04-30,1122,1102,356,Delayed
PO_103802,SUP_101,PROD_0050,2024/01/07,2024-01-14,2024-01-11,1869,1784,411,Open
PO_103803,SUP_169,PROD_0293,2024/08/23,2024-08-28,2024-08-29,1818,1590,361,Open
PO_103804,SUP_157,PROD_0294,03-09-2024,2024-09-15,2024-09-20,1454,1332,53,Open
PO_103805,SUP_150,PROD_0202,2024/12/07,2024-12-19,2024-12-22,1025,901,132,Closed
PO_103806,SUP_173,PROD_0089,02-04-2024,2024-04-13,2024-04-17,471,407,261,Open
PO_103807,SUP_069,PROD_0186,2024/09/17,2024-10-04,2024-10-10,1258,1227,264,Open
PO_103808,SUP_051,PROD_0081,23-02-2024,2024-03-10,2024-03-12,1973,1927,389,Open
PO_103809,SUP_159,PROD_0050,04-01-2024,2024-01-12,2024-01-10,1495,1483,211,Open
PO_103810,SUP_106,PROD_0003,12-12-2024,2025-01-01,2025-01-01,1380,1323,453,Open
PO_103811,SUP_165,PROD_0282,2024/09/17,2024-10-02,2024-10-05,1141,1076,322,Closed
PO_103812,SUP_129,PROD_0194,2024/01/18,2024-02-02,2024-02-08,1071,1032,142,Delayed
PO_103813,SUP_128,PROD_0027,30-05-2024,2024-06-10,2024-06-10,1851,1659,250,Open
PO_103814,SUP_109,PROD_0180,12-04-2024,2024-04-21,2024-04-25,910,873,469,Open
PO_103815,SUP_150,PROD_0136,20-06-2024,2024-07-09,2024-07-12,888,867,356,Delayed
PO_103816,SUP_062,PROD_0141,2024/02/10,2024-02-26,2024-02-28,1824,1776,361,Open
PO_103817,SUP_062,PROD_0227,2024/06/12,2024-06-18,2024-06-17,618,588,52,Closed
PO_103818,SUP_192,PROD_0269,2024/11/03,2024-11-08,2024-11-13,1584,1502,179,Open
PO_103819,SUP_061,PROD_0226,2024/06/10,2024-06-22,2024-06-28,629,578,210,Open
PO_103820,SUP_137,PROD_0111,10-10-2024,2024-10-16,2024-10-20,1175,1048,43,Delayed
PO_103821,SUP_156,PROD_0062,30-09-2024,2024-10-16,2024-10-19,1288,1157,136,Open
PO_103822,SUP_071,PROD_0015,03-11-2024,2024-11-20,2024-11-21,1616,1494,308,Closed
PO_103823,SUP_091,PROD_0001,22-08-2024,2024-09-02,2024-08-30,1744,1679,488,Closed
PO_103824,SUP_189,PROD_0073,31-03-2024,2024-04-13,2024-04-10,743,683,92,Open
PO_103825,SUP_053,PROD_0104,2024/09/21,2024-10-03,2024-10-08,1025,945,363,Open
PO_103826,SUP_101,PROD_0222,2024/08/27,2024-09-09,2024-09-12,645,643,394,Closed
PO_103827,SUP_147,PROD_0243,06-05-2024,2024-05-17,2024-05-16,1950,1792,288,Closed
PO_103828,SUP_018,PROD_0028,2024/06/20,2024-06-29,2024-06-26,1551,1542,428,Closed
PO_103829,SUP_137,PROD_0057,11-01-2024,2024-01-21,2024-01-25,993,927,62,Closed
PO_103830,SUP_122,PROD_0290,2024/07/19,2024-08-02,2024-08-07,637,622,343,Open
PO_103831,SUP_023,PROD_0135,13-04-2024,2024-04-24,2024-04-24,1867,1714,467,Closed
PO_103832,SUP_136,PROD_0108,2024/06/13,2024-07-02,2024-07-04,652,597,401,Closed
PO_103833,SUP_008,PROD_0207,2024/06/25,2024-07-05,2024-07-08,164,155,135,Open
PO_103834,SUP_180,PROD_0278,20-06-2024,2024-07-08,2024-07-12,223,196,286,Closed
PO_103835,SUP_025,PROD_0112,03-11-2024,2024-11-13,2024-11-13,1908,1677,408,Closed
PO_103836,SUP_151,PROD_0267,2024/04/06,2024-04-26,2024-04-30,619,564,226,Delayed
PO_103837,SUP_115,PROD_0005,2024/02/22,2024-03-04,2024-03-04,1120,1037,250,Delayed
PO_103838,SUP_161,PROD_0208,2024/09/15,2024-09-20,2024-09-24,1285,1256,73,Open
PO_103839,SUP_117,PROD_0271,01-03-2024,2024-03-06,2024-03-09,647,575,60,Delayed
PO_103840,SUP_051,PROD_0006,14-12-2024,2024-12-28,2025-01-01,1187,1066,414,Open
PO_103841,SUP_085,PROD_0146,2024/09/21,2024-10-07,2024-10-11,536,455,261,Open
PO_103842,SUP_003,PROD_0097,14-05-2024,2024-05-23,2024-05-27,478,421,303,Open
PO_103843,SUP_022,PROD_0220,10-10-2024,2024-10-22,2024-10-25,1745,1735,171,Delayed
PO_103844,SUP_067,PROD_0137,22-09-2024,2024-10-07,2024-10-13,1129,969,464,Delayed
PO_103845,SUP_048,PROD_0018,14-10-2024,2024-10-29,2024-11-04,541,518,52,Delayed
PO_103846,SUP_040,PROD_0217,2024/07/09,2024-07-27,2024-07-24,1830,1582,405,Closed
PO_103847,SUP_034,PROD_0206,04-07-2024,2024-07-14,2024-07-14,1806,1730,372,Closed
PO_103848,SUP_063,PROD_0184,22-04-2024,2024-04-27,2024-05-03,1784,1720,496,Open
PO_103849,SUP_152,PROD_0061,2024/05/15,2024-05-20,2024-05-20,160,147,265,Open
PO_103850,SUP_038,PROD_0183,31-01-2024,2024-02-10,2024-02-14,526,474,123,Closed
PO_103851,SUP_021,PROD_0273,12-10-2024,2024-10-27,2024-10-24,145,127,189,Delayed
PO_103852,SUP_078,PROD_0271,2024/01/20,2024-02-06,2024-02-11,358,311,453,Delayed
PO_103853,SUP_074,PROD_0230,17-01-2024,2024-01-29,2024-01-26,1962,1778,217,Delayed
PO_103854,SUP_151,PROD_0270,2024/07/02,2024-07-21,2024-07-25,1328,1319,268,Closed
PO_103855,SUP_096,PROD_0044,2024/05/18,2024-06-02,2024-06-04,584,564,309,Closed
PO_103856,SUP_112,PROD_0141,2024/09/05,2024-09-14,2024-09-14,1666,1634,303,Closed
PO_103857,SUP_093,PROD_0187,27-10-2024,2024-11-12,2024-11-10,1133,1128,215,Open
PO_103858,SUP_021,PROD_0173,2024/12/17,2025-01-04,2025-01-09,1704,1621,309,Delayed
PO_103859,SUP_187,PROD_0169,2024/01/22,2024-02-03,2024-01-31,1151,1055,103,Open
PO_103860,SUP_004,PROD_0151,2024/09/13,2024-10-02,2024-10-05,311,296,385,Delayed
PO_103861,SUP_035,PROD_0131,2024/05/24,2024-06-01,2024-06-03,1609,1440,55,Open
PO_103862,SUP_106,PROD_0185,30-12-2024,2025-01-13,2025-01-10,586,542,210,Open
PO_103863,SUP_020,PROD_0032,2024/11/03,2024-11-14,2024-11-16,1863,1842,210,Delayed
PO_103864,SUP_115,PROD_0232,09-03-2024,2024-03-18,2024-03-22,998,975,437,Open
PO_103865,SUP_182,PROD_0061,19-05-2024,2024-06-04,2024-06-10,1889,1669,132,Closed
PO_103866,SUP_064,PROD_0248,2024/09/20,2024-10-09,2024-10-08,1843,1806,187,Delayed
PO_103867,SUP_085,PROD_0187,20-01-2024,2024-01-25,2024-01-29,227,210,403,Delayed
PO_103868,SUP_028,PROD_0224,2024/06/07,2024-06-25,2024-06-29,1935,1862,175,Closed
PO_103869,SUP_040,PROD_0169,11-04-2024,2024-04-26,2024-04-29,1449,1324,472,Delayed
PO_103870,SUP_115,PROD_0135,23-04-2024,2024-05-08,2024-05-05,445,380,437,Open
PO_103871,SUP_126,PROD_0076,2024/06/03,2024-06-11,2024-06-10,1966,1918,437,Open
PO_103872,SUP_029,PROD_0104,03-07-2024,2024-07-14,2024-07-12,679,612,458,Closed
PO_103873,SUP_087,PROD_0285,2024/09/11,2024-09-17,2024-09-14,794,704,184,Open
PO_103874,SUP_112,PROD_0096,2024/06/29,2024-07-15,2024-07-21,788,684,494,Open
PO_103875,SUP_169,PROD_0248,2024/10/12,2024-10-23,2024-10-23,863,839,446,Open
PO_103876,SUP_195,PROD_0004,2024/09/17,2024-09-23,2024-09-28,1780,1667,440,Delayed
PO_103877,SUP_014,PROD_0151,2024/10/24,2024-10-31,2024-10-28,1129,1010,253,Closed
PO_103878,SUP_144,PROD_0165,2024/08/30,2024-09-06,2024-09-08,1965,1751,208,Closed
PO_103879,SUP_099,PROD_0024,16-11-2024,2024-12-05,2024-12-11,574,565,154,Delayed
PO_103880,SUP_133,PROD_0260,2024/05/04,2024-05-11,2024-05-14,173,164,308,Open
PO_103881,SUP_196,PROD_0283,26-11-2024,2024-12-01,2024-11-29,168,148,228,Delayed
PO_103882,SUP_012,PROD_0083,10-02-2024,2024-02-17,2024-02-15,856,830,470,Open
PO_103883,SUP_188,PROD_0122,2024/01/25,2024-01-31,2024-02-06,1550,1498,137,Closed
PO_103884,SUP_001,PROD_0121,19-10-2024,2024-11-06,2024-11-06,1123,1093,340,Delayed
PO_103885,SUP_017,PROD_0287,2024/11/21,2024-12-10,2024-12-15,447,447,375,Delayed
PO_103886,SUP_194,PROD_0212,18-04-2024,2024-05-02,2024-05-03,1021,982,306,Open
PO_103887,SUP_190,PROD_0005,2024/07/25,2024-08-06,2024-08-07,1903,1895,471,Closed
PO_103888,SUP_104,PROD_0223,2024/06/02,2024-06-09,2024-06-08,702,633,135,Open
PO_103889,SUP_066,PROD_0238,2024/05/22,2024-05-31,2024-06-03,728,700,180,Delayed
PO_103890,SUP_062,PROD_0227,09-04-2024,2024-04-19,2024-04-23,1327,1279,460,Delayed
PO_103891,SUP_078,PROD_0140,2024/06/16,2024-06-23,2024-06-28,1071,1066,267,Delayed
PO_103892,SUP_079,PROD_0132,2024/03/27,2024-04-10,2024-04-13,1178,1099,268,Delayed
PO_103893,SUP_112,PROD_0207,21-04-2024,2024-05-06,2024-05-06,288,263,454,Delayed
PO_103894,SUP_161,PROD_0194,2024/03/14,2024-03-25,2024-03-31,671,671,45,Delayed
PO_103895,SUP_108,PROD_0266,06-01-2024,2024-01-23,2024-01-24,1668,1433,341,Closed
PO_103896,SUP_063,PROD_0070,2024/12/04,2024-12-14,2024-12-13,1280,1156,440,Open
PO_103897,SUP_054,PROD_0118,13-10-2024,2024-11-02,2024-11-01,480,470,66,Delayed
PO_103898,SUP_053,PROD_0264,2024/10/12,2024-10-25,2024-10-22,892,863,385,Open
PO_103899,SUP_068,PROD_0169,03-06-2024,2024-06-18,2024-06-22,1126,1040,165,Delayed
PO_103900,SUP_171,PROD_0191,2024/07/16,2024-07-31,2024-08-04,1456,1448,244,Open
PO_103901,SUP_091,PROD_0173,14-09-2024,2024-10-01,2024-10-06,1486,1280,41,Delayed
PO_103902,SUP_066,PROD_0136,08-03-2024,2024-03-25,2024-03-29,1434,1272,257,Open
PO_103903,SUP_066,PROD_0223,24-04-2024,2024-05-04,2024-05-08,174,158,228,Closed
PO_103904,SUP_023,PROD_0262,08-05-2024,2024-05-21,2024-05-20,186,171,71,Open
PO_103905,SUP_064,PROD_0167,08-05-2024,2024-05-27,2024-05-25,1872,1633,228,Delayed
PO_103906,SUP_169,PROD_0012,2024/10/21,2024-10-28,2024-11-03,1180,1090,217,Open
PO_103907,SUP_141,PROD_0164,2024/07/10,2024-07-18,2024-07-18,558,480,202,Delayed
PO_103908,SUP_182,PROD_0289,2024/02/14,2024-02-27,2024-02-27,1968,1928,135,Open
PO_103909,SUP_152,PROD_0025,04-08-2024,2024-08-22,2024-08-22,481,443,477,Closed
PO_103910,SUP_191,PROD_0259,16-04-2024,2024-04-27,2024-05-02,296,290,40,Closed
PO_103911,SUP_021,PROD_0271,08-09-2024,2024-09-14,2024-09-11,844,785,117,Open
PO_103912,SUP_159,PROD_0011,23-08-2024,2024-09-06,2024-09-12,1803,1702,432,Closed
PO_103913,SUP_025,PROD_0058,2024/08/30,2024-09-04,2024-09-03,819,798,355,Open
PO_103914,SUP_002,PROD_0248,20-04-2024,2024-05-05,2024-05-10,1782,1759,139,Delayed
PO_103915,SUP_153,PROD_0079,06-07-2024,2024-07-14,2024-07-14,182,182,259,Closed
PO_103916,SUP_052,PROD_0236,25-02-2024,2024-03-13,2024-03-18,1303,1135,273,Open
PO_103917,SUP_157,PROD_0065,16-08-2024,2024-08-28,2024-08-27,189,174,185,Open
PO_103918,SUP_102,PROD_0023,07-05-2024,2024-05-14,2024-05-13,947,848,257,Closed
PO_103919,SUP_087,PROD_0262,2024/04/13,2024-04-30,2024-04-28,1952,1670,251,Open
PO_103920,SUP_108,PROD_0234,15-03-2024,2024-03-28,2024-04-01,767,668,209,Closed
PO_103921,SUP_015,PROD_0074,11-12-2024,2024-12-23,2024-12-26,1388,1295,496,Delayed
PO_103922,SUP_192,PROD_0224,2024/06/09,2024-06-17,2024-06-14,115,114,495,Open
PO_103923,SUP_020,PROD_0037,22-01-2024,2024-02-09,2024-02-15,105,94,203,Closed
PO_103924,SUP_052,PROD_0093,2024/12/23,2024-12-30,2025-01-02,1029,935,485,Open
PO_103925,SUP_070,PROD_0272,2024/04/06,2024-04-18,2024-04-18,134,122,362,Delayed
PO_103926,SUP_122,PROD_0029,25-10-2024,2024-11-09,2024-11-07,1883,1826,485,Delayed
PO_103927,SUP_059,PROD_0017,2024/05/31,2024-06-11,2024-06-10,1862,1657,95,Open
PO_103928,SUP_086,PROD_0170,2024/03/31,2024-04-17,2024-04-18,944,830,423,Delayed
PO_103929,SUP_168,PROD_0034,2024/01/13,2024-01-22,2024-01-19,723,655,75,Delayed
PO_103930,SUP_049,PROD_0146,2024/06/05,2024-06-11,2024-06-13,301,280,65,Open
PO_103931,SUP_081,PROD_0247,06-05-2024,2024-05-18,2024-05-21,515,484,431,Delayed
PO_103932,SUP_148,PROD_0277,03-06-2024,2024-06-14,2024-06-18,1534,1533,485,Open
PO_103933,SUP_009,PROD_0076,2024/03/02,2024-03-19,2024-03-20,577,502,270,Open
PO_103934,SUP_088,PROD_0087,2024/01/06,2024-01-19,2024-01-23,225,205,96,Closed
PO_103935,SUP_139,PROD_0192,2024/11/17,2024-12-07,2024-12-05,1019,963,368,Delayed
PO_103936,SUP_091,PROD_0049,25-02-2024,2024-03-15,2024-03-18,1339,1264,267,Delayed
PO_103937,SUP_015,PROD_0178,01-05-2024,2024-05-13,2024-05-10,1663,1597,399,Open
PO_103938,SUP_064,PROD_0038,2024/10/28,2024-11-04,2024-11-07,1342,1264,433,Delayed
PO_103939,SUP_155,PROD_0132,18-04-2024,2024-05-05,2024-05-06,1418,1390,295,Open
PO_103940,SUP_076,PROD_0182,2024/01/23,2024-02-09,2024-02-11,1542,1521,407,Closed
PO_103941,SUP_098,PROD_0189,2024/06/20,2024-07-01,2024-07-03,1056,898,50,Delayed
PO_103942,SUP_166,PROD_0165,13-05-2024,2024-05-30,2024-05-29,1880,1815,46,Closed
PO_103943,SUP_041,PROD_0211,2024/11/30,2024-12-10,2024-12-14,326,278,337,Closed
PO_103944,SUP_006,PROD_0061,19-11-2024,2024-12-06,2024-12-04,348,296,327,Delayed
PO_103945,SUP_072,PROD_0293,22-04-2024,2024-05-10,2024-05-07,1303,1107,372,Delayed
PO_103946,SUP_035,PROD_0256,04-02-2024,2024-02-23,2024-02-20,200,192,486,Open
PO_103947,SUP_172,PROD_0269,2024/12/07,2024-12-17,2024-12-22,149,140,216,Open
PO_103948,SUP_119,PROD_0069,2024/09/08,2024-09-28,2024-09-25,273,256,182,Delayed
PO_103949,SUP_168,PROD_0206,07-03-2024,2024-03-15,2024-03-13,1253,1143,211,Open
PO_103950,SUP_153,PROD_0186,15-01-2024,2024-02-04,2024-02-08,514,485,365,Delayed
PO_103951,SUP_091,PROD_0062,15-10-2024,2024-10-23,2024-10-29,1774,1611,125,Open
PO_103952,SUP_073,PROD_0272,24-07-2024,2024-08-05,2024-08-11,1612,1570,379,Delayed
PO_103953,SUP_028,PROD_0218,08-11-2024,2024-11-18,2024-11-20,191,176,64,Delayed
PO_103954,SUP_142,PROD_0067,2024/05/16,2024-06-03,2024-06-07,487,427,225,Open
PO_103955,SUP_156,PROD_0123,11-09-2024,2024-09-24,2024-09-29,1020,962,184,Delayed
PO_103956,SUP_096,PROD_0198,2024/11/14,2024-11-29,2024-12-04,728,695,150,Delayed
PO_103957,SUP_010,PROD_0042,29-10-2024,2024-11-18,2024-11-16,463,418,219,Closed
PO_103958,SUP_039,PROD_0196,2024/12/22,2025-01-08,2025-01-09,972,951,367,Closed
PO_103959,SUP_054,PROD_0190,2024/10/22,2024-10-29,2024-11-04,960,877,339,Delayed
PO_103960,SUP_143,PROD_0111,2024/01/20,2024-01-31,2024-01-29,602,516,431,Open
PO_103961,SUP_186,PROD_0245,2024/11/24,2024-12-11,2024-12-16,371,338,303,Closed
PO_103962,SUP_014,PROD_0070,2024/04/30,2024-05-15,2024-05-17,464,429,256,Delayed
PO_103963,SUP_143,PROD_0081,08-09-2024,2024-09-21,2024-09-25,1132,1065,103,Delayed
PO_103964,SUP_060,PROD_0293,06-12-2024,2024-12-17,2024-12-18,1627,1424,228,Closed
PO_103965,SUP_111,PROD_0172,11-03-2024,2024-03-23,2024-03-21,1002,853,370,Closed
PO_103966,SUP_166,PROD_0029,2024/10/17,2024-10-30,2024-11-03,864,814,468,Open
PO_103967,SUP_118,PROD_0154,2024/09/03,2024-09-23,2024-09-27,1699,1548,472,Closed
PO_103968,SUP_090,PROD_0127,05-03-2024,2024-03-19,2024-03-19,718,674,368,Delayed
PO_103969,SUP_151,PROD_0073,09-02-2024,2024-02-16,2024-02-18,1113,1063,220,Closed
PO_103970,SUP_098,PROD_0192,2024/01/26,2024-02-08,2024-02-13,170,158,415,Delayed
PO_103971,SUP_052,PROD_0296,29-06-2024,2024-07-17,2024-07-16,1906,1671,353,Open
PO_103972,SUP_081,PROD_0167,2024/10/01,2024-10-18,2024-10-22,109,92,452,Open
PO_103973,SUP_070,PROD_0137,2024/10/20,2024-11-02,2024-11-02,1685,1637,336,Closed
PO_103974,SUP_200,PROD_0243,2024/01/31,2024-02-07,2024-02-04,714,639,114,Delayed
PO_103975,SUP_001,PROD_0055,08-04-2024,2024-04-24,2024-04-25,1823,1817,339,Closed
PO_103976,SUP_055,PROD_0080,2024/09/15,2024-10-03,2024-10-09,1930,1765,358,Open
PO_103977,SUP_163,PROD_0040,2024/08/17,2024-09-01,2024-09-01,1182,1029,197,Closed
PO_103978,SUP_095,PROD_0203,15-06-2024,2024-07-05,2024-07-02,1851,1600,136,Delayed
PO_103979,SUP_099,PROD_0096,2024/02/17,2024-03-06,2024-03-07,1823,1703,489,Open
PO_103980,SUP_032,PROD_0119,2024/06/14,2024-06-28,2024-07-01,433,411,41,Delayed
PO_103981,SUP_170,PROD_0128,08-05-2024,2024-05-25,2024-05-31,1552,1464,396,Open
PO_103982,SUP_076,PROD_0118,03-01-2024,2024-01-23,2024-01-21,1637,1461,267,Open
PO_103983,SUP_067,PROD_0242,2024/07/15,2024-07-21,2024-07-27,1996,1721,214,Delayed
PO_103984,SUP_147,PROD_0270,2024/12/04,2024-12-10,2024-12-13,203,176,447,Closed
PO_103985,SUP_020,PROD_0133,14-08-2024,2024-08-30,2024-08-28,901,786,137,Delayed
PO_103986,SUP_125,PROD_0174,2024/03/31,2024-04-05,2024-04-04,438,423,189,Closed
PO_103987,SUP_022,PROD_0271,15-07-2024,2024-07-21,2024-07-27,791,765,263,Open
PO_103988,SUP_101,PROD_0185,18-05-2024,2024-05-26,2024-05-26,547,465,385,Closed
PO_103989,SUP_111,PROD_0164,22-09-2024,2024-10-07,2024-10-13,1738,1536,74,Open
PO_103990,SUP_145,PROD_0031,2024/11/27,2024-12-05,2024-12-07,1588,1529,282,Open
PO_103991,SUP_150,PROD_0060,31-03-2024,2024-04-14,2024-04-20,465,408,127,Delayed
PO_103992,SUP_029,PROD_0149,24-05-2024,2024-06-03,2024-06-09,1293,1127,351,Open
PO_103993,SUP_178,PROD_0204,2024/01/04,2024-01-11,2024-01-11,1770,1601,302,Delayed
PO_103994,SUP_031,PROD_0084,02-03-2024,2024-03-16,2024-03-15,944,809,204,Closed
PO_103995,SUP_130,PROD_0155,2024/08/18,2024-09-01,2024-08-29,411,393,66,Open
PO_103996,SUP_019,PROD_0278,11-08-2024,2024-08-28,2024-08-31,845,755,359,Open
PO_103997,SUP_172,PROD_0168,05-04-2024,2024-04-13,2024-04-13,1455,1391,237,Closed
PO_103998,SUP_081,PROD_0098,2024/08/01,2024-08-15,2024-08-16,1521,1495,367,Closed
PO_103999,SUP_081,PROD_0071,28-02-2024,2024-03-04,2024-03-02,301,268,137,Closed
PO_104000,SUP_061,PROD_0149,2024/07/02,2024-07-19,2024-07-24,1671,1466,127,Delayed
PO_104001,SUP_189,PROD_0129,2024/05/08,2024-05-13,2024-05-12,402,366,491,Closed
PO_104002,SUP_041,PROD_0006,2024/07/20,2024-08-09,2024-08-07,1389,1215,164,Open
PO_104003,SUP_011,PROD_0230,06-05-2024,2024-05-19,2024-05-18,595,565,314,Open
PO_104004,SUP_163,PROD_0275,16-01-2024,2024-01-30,2024-01-29,1367,1287,414,Delayed
PO_104005,SUP_139,PROD_0256,27-12-2024,2025-01-14,2025-01-17,1963,1917,280,Closed
PO_104006,SUP_075,PROD_0027,08-02-2024,2024-02-14,2024-02-18,1431,1221,213,Closed
PO_104007,SUP_173,PROD_0253,21-04-2024,2024-04-27,2024-04-29,1849,1645,77,Open
PO_104008,SUP_075,PROD_0034,24-08-2024,2024-09-02,2024-09-04,666,621,133,Delayed
PO_104009,SUP_112,PROD_0120,2024/12/07,2024-12-18,2024-12-24,464,464,288,Open
PO_104010,SUP_142,PROD_0087,24-12-2024,2025-01-03,2025-01-03,1237,1181,376,Delayed
PO_104011,SUP_118,PROD_0282,07-04-2024,2024-04-24,2024-04-24,1473,1418,360,Open
PO_104012,SUP_071,PROD_0093,2024/09/21,2024-09-26,2024-09-30,1911,1742,417,Open
PO_104013,SUP_149,PROD_0121,2024/08/21,2024-09-02,2024-08-31,1167,1009,354,Closed
PO_104014,SUP_080,PROD_0240,06-08-2024,2024-08-16,2024-08-14,1432,1401,137,Closed
PO_104015,SUP_123,PROD_0192,26-06-2024,2024-07-01,2024-07-05,1850,1575,375,Delayed
PO_104016,SUP_157,PROD_0205,2024/10/12,2024-10-26,2024-11-01,678,601,377,Open
PO_104017,SUP_033,PROD_0037,2024/08/21,2024-09-07,2024-09-12,952,869,400,Delayed
PO_104018,SUP_066,PROD_0283,2024/01/06,2024-01-21,2024-01-27,834,743,77,Delayed
PO_104019,SUP_086,PROD_0173,02-07-2024,2024-07-15,2024-07-14,433,380,500,Closed
PO_104020,SUP_025,PROD_0298,06-04-2024,2024-04-12,2024-04-14,1354,1255,74,Closed
PO_104021,SUP_026,PROD_0014,2024/12/03,2024-12-19,2024-12-17,1985,1897,422,Open
PO_104022,SUP_110,PROD_0118,2024/06/07,2024-06-22,2024-06-20,1477,1357,157,Open
PO_104023,SUP_126,PROD_0122,05-11-2024,2024-11-10,2024-11-12,1603,1489,55,Closed
PO_104024,SUP_125,PROD_0258,2024/03/13,2024-03-25,2024-03-26,375,368,254,Open
PO_104025,SUP_029,PROD_0072,2024/01/21,2024-02-01,2024-01-31,543,527,364,Closed
PO_104026,SUP_146,PROD_0118,2024/08/13,2024-08-20,2024-08-25,1771,1685,358,Open
PO_104027,SUP_031,PROD_0037,2024/12/11,2024-12-30,2025-01-01,1896,1693,111,Open
PO_104028,SUP_056,PROD_0037,11-06-2024,2024-06-29,2024-06-29,1651,1425,478,Open
PO_104029,SUP_137,PROD_0258,06-11-2024,2024-11-17,2024-11-17,315,292,499,Closed
PO_104030,SUP_149,PROD_0133,03-05-2024,2024-05-09,2024-05-12,1599,1531,432,Closed
PO_104031,SUP_063,PROD_0214,2024/01/14,2024-01-26,2024-01-31,295,269,300,Delayed
PO_104032,SUP_129,PROD_0079,09-07-2024,2024-07-16,2024-07-13,1979,1837,62,Closed
PO_104033,SUP_035,PROD_0266,27-12-2024,2025-01-09,2025-01-06,1214,1098,84,Open
PO_104034,SUP_162,PROD_0099,02-02-2024,2024-02-20,2024-02-25,1063,950,312,Closed
PO_104035,SUP_006,PROD_0144,24-05-2024,2024-06-13,2024-06-10,529,473,380,Delayed
PO_104036,SUP_079,PROD_0067,08-06-2024,2024-06-28,2024-06-29,536,468,410,Closed
PO_104037,SUP_076,PROD_0203,2024/07/29,2024-08-14,2024-08-12,1883,1600,63,Closed
PO_104038,SUP_094,PROD_0171,07-01-2024,2024-01-21,2024-01-19,508,489,102,Delayed
PO_104039,SUP_038,PROD_0066,2024/06/04,2024-06-13,2024-06-10,1576,1512,281,Closed
PO_104040,SUP_119,PROD_0067,2024/11/01,2024-11-17,2024-11-20,1646,1567,480,Closed
PO_104041,SUP_154,PROD_0287,2024/09/07,2024-09-24,2024-09-22,1555,1470,307,Delayed
PO_104042,SUP_095,PROD_0033,2024/09/11,2024-09-30,2024-10-04,967,876,283,Delayed
PO_104043,SUP_138,PROD_0044,02-09-2024,2024-09-21,2024-09-19,363,342,444,Delayed
PO_104044,SUP_058,PROD_0020,2024/04/24,2024-05-13,2024-05-12,185,165,182,Open
PO_104045,SUP_131,PROD_0044,2024/02/29,2024-03-13,2024-03-15,799,761,418,Delayed
PO_104046,SUP_176,PROD_0016,2024/08/21,2024-09-02,2024-09-03,332,313,315,Delayed
PO_104047,SUP_161,PROD_0055,02-12-2024,2024-12-19,2024-12-20,1590,1440,386,Open
PO_104048,SUP_139,PROD_0167,12-06-2024,2024-06-27,2024-07-03,494,449,331,Delayed
PO_104049,SUP_154,PROD_0098,2024/07/19,2024-07-28,2024-07-25,840,812,182,Closed
PO_104050,SUP_065,PROD_0016,2024/10/25,2024-11-04,2024-11-08,266,252,385,Closed
PO_104051,SUP_014,PROD_0240,21-09-2024,2024-10-06,2024-10-09,1935,1682,273,Open
PO_104052,SUP_176,PROD_0178,10-04-2024,2024-04-29,2024-05-04,1444,1318,182,Delayed
PO_104053,SUP_069,PROD_0145,2024/11/28,2024-12-14,2024-12-16,1647,1638,152,Closed
PO_104054,SUP_135,PROD_0276,2024/08/18,2024-09-05,2024-09-09,1058,1049,397,Closed
PO_104055,SUP_117,PROD_0072,2024/11/25,2024-12-04,2024-12-02,1661,1584,56,Delayed
PO_104056,SUP_127,PROD_0035,2024/01/05,2024-01-18,2024-01-15,1674,1674,427,Closed
PO_104057,SUP_172,PROD_0252,29-03-2024,2024-04-12,2024-04-15,316,302,392,Delayed
PO_104058,SUP_080,PROD_0283,2024/01/08,2024-01-21,2024-01-19,1918,1848,51,Open
PO_104059,SUP_039,PROD_0222,2024/09/04,2024-09-11,2024-09-16,956,844,171,Open
PO_104060,SUP_107,PROD_0241,2024/06/02,2024-06-22,2024-06-19,1524,1316,172,Closed
PO_104061,SUP_060,PROD_0125,2024/01/09,2024-01-17,2024-01-22,1048,930,278,Open
PO_104062,SUP_194,PROD_0015,25-08-2024,2024-08-31,2024-09-01,1450,1350,190,Closed
PO_104063,SUP_145,PROD_0248,2024/03/09,2024-03-23,2024-03-26,1450,1400,256,Open
PO_104064,SUP_059,PROD_0263,03-11-2024,2024-11-09,2024-11-09,1408,1221,437,Open
PO_104065,SUP_073,PROD_0240,2024/08/14,2024-08-23,2024-08-24,927,792,470,Open
PO_104066,SUP_131,PROD_0219,27-09-2024,2024-10-05,2024-10-03,1492,1464,138,Open
PO_104067,SUP_092,PROD_0195,05-05-2024,2024-05-14,2024-05-14,271,253,456,Closed
PO_104068,SUP_122,PROD_0030,2024/09/18,2024-09-26,2024-09-25,1049,896,228,Closed
PO_104069,SUP_040,PROD_0182,2024/05/18,2024-05-30,2024-06-03,654,603,141,Delayed
PO_104070,SUP_177,PROD_0170,2024/08/28,2024-09-11,2024-09-08,1764,1606,446,Open
PO_104071,SUP_053,PROD_0064,2024/03/11,2024-03-26,2024-03-24,1892,1645,372,Open
PO_104072,SUP_007,PROD_0071,2024/05/12,2024-05-20,2024-05-18,332,283,343,Open
PO_104073,SUP_150,PROD_0105,06-01-2024,2024-01-26,2024-01-24,607,521,417,Closed
PO_104074,SUP_042,PROD_0218,03-07-2024,2024-07-12,2024-07-11,254,243,385,Delayed
PO_104075,SUP_081,PROD_0218,2024/05/05,2024-05-21,2024-05-21,1247,1089,175,Closed
PO_104076,SUP_184,PROD_0160,2024/07/28,2024-08-05,2024-08-07,1468,1316,431,Delayed
PO_104077,SUP_085,PROD_0162,2024/03/13,2024-03-31,2024-03-29,1193,1067,180,Open
PO_104078,SUP_160,PROD_0189,2024/06/11,2024-06-20,2024-06-23,1185,1022,105,Delayed
PO_104079,SUP_080,PROD_0017,2024/02/24,2024-03-08,2024-03-14,1288,1140,458,Closed
PO_104080,SUP_090,PROD_0262,2024/03/09,2024-03-20,2024-03-22,1236,1064,229,Delayed
PO_104081,SUP_008,PROD_0254,15-04-2024,2024-04-30,2024-04-29,1140,1049,305,Closed
PO_104082,SUP_116,PROD_0109,2024/09/11,2024-09-18,2024-09-24,1505,1371,491,Open
PO_104083,SUP_122,PROD_0253,2024/05/30,2024-06-08,2024-06-10,470,461,183,Open
PO_104084,SUP_151,PROD_0126,09-05-2024,2024-05-23,2024-05-24,1258,1077,239,Open
PO_104085,SUP_146,PROD_0273,06-08-2024,2024-08-20,2024-08-17,199,196,262,Delayed
PO_104086,SUP_190,PROD_0235,10-03-2024,2024-03-27,2024-03-28,1218,1128,262,Open
PO_104087,SUP_144,PROD_0181,2024/04/16,2024-05-06,2024-05-10,1315,1283,156,Open
PO_104088,SUP_006,PROD_0131,30-11-2024,2024-12-17,2024-12-14,1293,1105,91,Open
PO_104089,SUP_155,PROD_0223,2024/03/21,2024-04-06,2024-04-07,1758,1516,221,Closed
PO_104090,SUP_057,PROD_0073,2024/08/10,2024-08-16,2024-08-22,1807,1664,354,Open
PO_104091,SUP_093,PROD_0054,2024/01/16,2024-02-04,2024-02-10,393,379,243,Open
PO_104092,SUP_056,PROD_0068,2024/05/31,2024-06-11,2024-06-09,1504,1373,241,Closed
PO_104093,SUP_153,PROD_0261,2024/11/28,2024-12-10,2024-12-16,708,668,166,Open
PO_104094,SUP_176,PROD_0125,16-05-2024,2024-05-25,2024-05-29,1240,1163,333,Closed
PO_104095,SUP_079,PROD_0182,12-09-2024,2024-09-25,2024-10-01,948,895,411,Open
PO_104096,SUP_028,PROD_0253,16-09-2024,2024-09-24,2024-09-23,1018,938,411,Delayed
PO_104097,SUP_034,PROD_0075,2024/12/03,2024-12-12,2024-12-16,1593,1592,94,Delayed
PO_104098,SUP_101,PROD_0067,2024/05/23,2024-05-28,2024-05-27,536,515,347,Open
PO_104099,SUP_008,PROD_0142,22-02-2024,2024-03-12,2024-03-15,1980,1703,457,Open
PO_104100,SUP_097,PROD_0119,18-07-2024,2024-08-02,2024-08-04,303,289,81,Closed
PO_104101,SUP_034,PROD_0273,2024/03/03,2024-03-08,2024-03-10,113,101,109,Closed
PO_104102,SUP_135,PROD_0070,01-09-2024,2024-09-15,2024-09-17,1303,1220,222,Open
PO_104103,SUP_082,PROD_0136,2024/09/08,2024-09-28,2024-09-29,473,429,145,Closed
PO_104104,SUP_113,PROD_0267,23-11-2024,2024-12-12,2024-12-12,1597,1412,443,Delayed
PO_104105,SUP_004,PROD_0071,02-08-2024,2024-08-12,2024-08-10,1789,1714,216,Closed
PO_104106,SUP_161,PROD_0129,07-09-2024,2024-09-26,2024-09-25,238,235,171,Open
PO_104107,SUP_093,PROD_0183,18-10-2024,2024-11-04,2024-11-06,543,521,487,Closed
PO_104108,SUP_144,PROD_0100,2024/02/27,2024-03-03,2024-03-05,471,408,42,Delayed
PO_104109,SUP_093,PROD_0027,2024/08/20,2024-09-01,2024-08-29,1462,1363,454,Delayed
PO_104110,SUP_059,PROD_0054,2024/04/17,2024-04-29,2024-05-03,1020,900,475,Delayed
PO_104111,SUP_088,PROD_0027,31-08-2024,2024-09-11,2024-09-12,275,243,419,Delayed
PO_104112,SUP_179,PROD_0014,2024/12/19,2025-01-07,2025-01-09,1342,1274,367,Closed
PO_104113,SUP_045,PROD_0015,29-07-2024,2024-08-03,2024-07-31,1344,1285,70,Delayed
PO_104114,SUP_032,PROD_0268,2024/11/17,2024-12-07,2024-12-05,1884,1743,120,Open
PO_104115,SUP_106,PROD_0020,02-04-2024,2024-04-14,2024-04-20,1417,1237,398,Closed
PO_104116,SUP_160,PROD_0265,2024/04/17,2024-04-24,2024-04-26,1760,1733,357,Open
PO_104117,SUP_051,PROD_0086,2024/02/28,2024-03-18,2024-03-20,1012,910,444,Closed
PO_104118,SUP_073,PROD_0035,2024/10/09,2024-10-15,2024-10-18,1868,1825,41,Open
PO_104119,SUP_013,PROD_0228,2024/01/07,2024-01-17,2024-01-18,349,328,153,Delayed
PO_104120,SUP_125,PROD_0167,2024/10/06,2024-10-24,2024-10-28,1430,1302,218,Delayed
PO_104121,SUP_025,PROD_0156,2024/10/04,2024-10-19,2024-10-16,1303,1192,213,Closed
PO_104122,SUP_160,PROD_0150,31-05-2024,2024-06-19,2024-06-18,1945,1854,167,Closed
PO_104123,SUP_032,PROD_0148,16-08-2024,2024-08-26,2024-08-31,979,866,213,Closed
PO_104124,SUP_012,PROD_0133,2024/06/06,2024-06-18,2024-06-23,653,606,431,Closed
PO_104125,SUP_076,PROD_0104,24-02-2024,2024-03-15,2024-03-18,634,611,379,Open
PO_104126,SUP_114,PROD_0285,2024/02/24,2024-03-13,2024-03-16,1019,1009,171,Delayed
PO_104127,SUP_179,PROD_0185,2024/12/21,2025-01-08,2025-01-14,1146,1110,416,Open
PO_104128,SUP_102,PROD_0224,16-08-2024,2024-08-29,2024-09-04,254,244,424,Delayed
PO_104129,SUP_061,PROD_0297,18-03-2024,2024-04-05,2024-04-06,287,271,298,Delayed
PO_104130,SUP_041,PROD_0143,08-11-2024,2024-11-23,2024-11-23,1030,1022,282,Closed
PO_104131,SUP_134,PROD_0076,2024/02/26,2024-03-15,2024-03-16,829,822,386,Open
PO_104132,SUP_075,PROD_0021,06-05-2024,2024-05-25,2024-05-30,129,124,178,Delayed
PO_104133,SUP_115,PROD_0192,2024/10/28,2024-11-08,2024-11-11,805,734,74,Delayed
PO_104134,SUP_199,PROD_0113,01-04-2024,2024-04-19,2024-04-25,385,369,427,Delayed
PO_104135,SUP_037,PROD_0187,22-03-2024,2024-04-11,2024-04-11,801,729,437,Open
PO_104136,SUP_142,PROD_0175,04-04-2024,2024-04-11,2024-04-10,1846,1803,167,Delayed
PO_104137,SUP_181,PROD_0157,16-09-2024,2024-10-02,2024-10-08,335,295,228,Open
PO_104138,SUP_186,PROD_0001,2024/07/17,2024-08-03,2024-07-31,114,106,337,Open
PO_104139,SUP_053,PROD_0016,02-10-2024,2024-10-13,2024-10-16,1438,1273,350,Open
PO_104140,SUP_151,PROD_0264,07-02-2024,2024-02-19,2024-02-22,792,714,374,Open
PO_104141,SUP_114,PROD_0226,2024/10/01,2024-10-14,2024-10-20,1922,1647,387,Delayed
PO_104142,SUP_097,PROD_0051,12-09-2024,2024-09-18,2024-09-21,190,187,52,Open
PO_104143,SUP_188,PROD_0041,2024/05/02,2024-05-14,2024-05-18,164,162,66,Delayed
PO_104144,SUP_022,PROD_0196,2024/09/06,2024-09-20,2024-09-21,503,457,238,Delayed
PO_104145,SUP_092,PROD_0245,25-12-2024,2025-01-13,2025-01-16,481,470,487,Open
PO_104146,SUP_110,PROD_0063,2024/01/04,2024-01-19,2024-01-20,867,774,466,Open
PO_104147,SUP_130,PROD_0186,03-10-2024,2024-10-23,2024-10-24,237,215,180,Delayed
PO_104148,SUP_129,PROD_0241,2024/02/02,2024-02-15,2024-02-13,1586,1392,415,Open
PO_104149,SUP_035,PROD_0105,2024/04/16,2024-04-29,2024-05-05,452,412,82,Delayed
PO_104150,SUP_004,PROD_0237,2024/10/26,2024-11-05,2024-11-03,743,720,328,Closed
PO_104151,SUP_131,PROD_0133,18-04-2024,2024-04-27,2024-04-24,692,687,407,Open
PO_104152,SUP_171,PROD_0137,2024/08/02,2024-08-21,2024-08-25,245,215,226,Delayed
PO_104153,SUP_141,PROD_0119,25-08-2024,2024-09-11,2024-09-14,114,114,191,Closed
PO_104154,SUP_126,PROD_0231,2024/02/20,2024-03-08,2024-03-09,858,831,265,Open
PO_104155,SUP_101,PROD_0024,30-08-2024,2024-09-17,2024-09-20,920,872,480,Closed
PO_104156,SUP_083,PROD_0095,05-01-2024,2024-01-20,2024-01-19,1300,1123,263,Open
PO_104157,SUP_127,PROD_0271,2024/07/05,2024-07-11,2024-07-12,1273,1116,359,Delayed
PO_104158,SUP_071,PROD_0073,12-10-2024,2024-11-01,2024-10-31,1058,941,224,Closed
PO_104159,SUP_156,PROD_0088,08-08-2024,2024-08-15,2024-08-20,840,790,394,Delayed
PO_104160,SUP_009,PROD_0032,2024/08/27,2024-09-08,2024-09-13,984,933,441,Open
PO_104161,SUP_010,PROD_0126,12-03-2024,2024-03-26,2024-03-29,1863,1666,261,Closed
PO_104162,SUP_049,PROD_0291,2024/05/11,2024-05-23,2024-05-20,497,452,85,Closed
PO_104163,SUP_131,PROD_0135,2024/01/11,2024-01-18,2024-01-16,1987,1698,97,Open
PO_104164,SUP_128,PROD_0164,30-06-2024,2024-07-13,2024-07-18,1189,1105,205,Closed
PO_104165,SUP_088,PROD_0039,22-12-2024,2025-01-05,2025-01-07,414,386,331,Closed
PO_104166,SUP_134,PROD_0109,2024/07/29,2024-08-17,2024-08-18,809,727,272,Closed
PO_104167,SUP_169,PROD_0124,2024/08/19,2024-08-30,2024-09-04,1034,962,404,Open
PO_104168,SUP_053,PROD_0278,22-07-2024,2024-08-09,2024-08-15,984,983,488,Open
PO_104169,SUP_037,PROD_0168,2024/12/29,2025-01-16,2025-01-17,239,227,277,Closed
PO_104170,SUP_029,PROD_0222,2024/12/20,2024-12-28,2025-01-03,1358,1187,423,Open
PO_104171,SUP_152,PROD_0101,2024/08/05,2024-08-19,2024-08-23,962,917,400,Delayed
PO_104172,SUP_030,PROD_0249,2024/10/01,2024-10-15,2024-10-14,983,952,308,Closed
PO_104173,SUP_013,PROD_0047,2024/08/10,2024-08-30,2024-09-05,1588,1557,469,Closed
PO_104174,SUP_159,PROD_0161,08-03-2024,2024-03-28,2024-03-26,1342,1324,428,Delayed
PO_104175,SUP_117,PROD_0082,2024/12/12,2024-12-21,2024-12-18,484,423,316,Closed
PO_104176,SUP_091,PROD_0196,2024/03/04,2024-03-20,2024-03-18,1271,1123,61,Open
PO_104177,SUP_087,PROD_0218,18-05-2024,2024-06-05,2024-06-04,408,372,58,Closed
PO_104178,SUP_134,PROD_0080,19-11-2024,2024-12-01,2024-12-07,534,489,387,Closed
PO_104179,SUP_024,PROD_0142,2024/03/08,2024-03-25,2024-03-24,761,647,163,Closed
PO_104180,SUP_135,PROD_0146,2024/01/28,2024-02-17,2024-02-19,741,637,477,Delayed
PO_104181,SUP_077,PROD_0098,20-05-2024,2024-05-30,2024-05-27,389,378,492,Open
PO_104182,SUP_191,PROD_0109,2024/01/26,2024-02-15,2024-02-16,855,789,47,Closed
PO_104183,SUP_120,PROD_0013,2024/09/20,2024-09-26,2024-10-02,1410,1233,491,Open
PO_104184,SUP_007,PROD_0007,18-05-2024,2024-05-23,2024-05-24,2000,1939,443,Open
PO_104185,SUP_062,PROD_0067,2024/02/19,2024-02-29,2024-02-29,1487,1456,208,Open
PO_104186,SUP_113,PROD_0204,31-08-2024,2024-09-12,2024-09-16,993,860,221,Open
PO_104187,SUP_080,PROD_0286,06-03-2024,2024-03-25,2024-03-27,1074,939,155,Open
PO_104188,SUP_028,PROD_0174,27-08-2024,2024-09-04,2024-09-03,1961,1792,239,Delayed
PO_104189,SUP_014,PROD_0072,21-04-2024,2024-04-30,2024-05-06,645,556,131,Open
PO_104190,SUP_057,PROD_0128,2024/01/31,2024-02-08,2024-02-08,1911,1649,170,Open
PO_104191,SUP_157,PROD_0170,2024/03/21,2024-04-10,2024-04-16,1850,1830,419,Closed
PO_104192,SUP_145,PROD_0036,2024/05/27,2024-06-15,2024-06-19,486,429,150,Delayed
PO_104193,SUP_029,PROD_0076,2024/11/05,2024-11-11,2024-11-11,1021,980,97,Open
PO_104194,SUP_119,PROD_0045,02-11-2024,2024-11-14,2024-11-20,1527,1370,443,Closed
PO_104195,SUP_009,PROD_0201,2024/02/13,2024-02-20,2024-02-23,1479,1476,135,Delayed
PO_104196,SUP_071,PROD_0129,10-12-2024,2024-12-25,2024-12-31,281,250,63,Open
PO_104197,SUP_042,PROD_0289,08-05-2024,2024-05-19,2024-05-22,646,602,188,Delayed
PO_104198,SUP_182,PROD_0004,2024/02/17,2024-03-01,2024-02-29,420,364,393,Open
PO_104199,SUP_102,PROD_0257,2024/11/18,2024-11-27,2024-11-26,1983,1807,495,Open
PO_104200,SUP_115,PROD_0280,2024/03/21,2024-04-09,2024-04-14,196,176,473,Delayed
PO_104201,SUP_193,PROD_0191,03-09-2024,2024-09-11,2024-09-08,1332,1187,151,Closed
PO_104202,SUP_109,PROD_0109,08-01-2024,2024-01-14,2024-01-20,188,179,500,Closed
PO_104203,SUP_104,PROD_0190,24-06-2024,2024-07-12,2024-07-16,1013,1002,492,Open
PO_104204,SUP_119,PROD_0015,02-03-2024,2024-03-22,2024-03-21,1232,1108,376,Open
PO_104205,SUP_097,PROD_0182,2024/05/20,2024-06-07,2024-06-07,551,551,134,Delayed
PO_104206,SUP_189,PROD_0103,2024/07/30,2024-08-13,2024-08-11,784,708,191,Closed
PO_104207,SUP_194,PROD_0035,2024/08/26,2024-09-10,2024-09-14,517,504,200,Open
PO_104208,SUP_181,PROD_0290,25-02-2024,2024-03-16,2024-03-19,1265,1167,385,Delayed
PO_104209,SUP_164,PROD_0118,2024/07/28,2024-08-12,2024-08-15,125,113,61,Open
PO_104210,SUP_070,PROD_0265,10-06-2024,2024-06-19,2024-06-18,1266,1141,471,Delayed
PO_104211,SUP_033,PROD_0167,12-03-2024,2024-03-19,2024-03-16,1254,1088,121,Delayed
PO_104212,SUP_185,PROD_0102,2024/05/15,2024-05-30,2024-06-01,1082,1035,340,Delayed
PO_104213,SUP_018,PROD_0146,07-03-2024,2024-03-19,2024-03-23,912,811,251,Open
PO_104214,SUP_012,PROD_0280,2024/06/06,2024-06-17,2024-06-14,478,415,356,Closed
PO_104215,SUP_005,PROD_0103,06-09-2024,2024-09-15,2024-09-14,1309,1204,326,Delayed
PO_104216,SUP_164,PROD_0190,17-03-2024,2024-03-31,2024-03-31,1341,1147,118,Closed
PO_104217,SUP_067,PROD_0014,10-12-2024,2024-12-24,2024-12-30,907,887,499,Open
PO_104218,SUP_120,PROD_0276,2024/12/12,2024-12-27,2024-12-27,1335,1188,67,Delayed
PO_104219,SUP_007,PROD_0026,2024/12/02,2024-12-16,2024-12-20,925,898,274,Delayed
PO_104220,SUP_097,PROD_0159,2024/03/20,2024-04-03,2024-04-04,917,835,260,Open
PO_104221,SUP_105,PROD_0259,16-12-2024,2024-12-21,2024-12-27,1397,1227,198,Delayed
PO_104222,SUP_086,PROD_0219,2024/07/01,2024-07-06,2024-07-11,769,674,211,Delayed
PO_104223,SUP_038,PROD_0108,2024/09/01,2024-09-11,2024-09-14,878,782,329,Open
PO_104224,SUP_184,PROD_0212,2024/08/17,2024-08-27,2024-08-31,601,579,363,Delayed
PO_104225,SUP_120,PROD_0091,2024/11/06,2024-11-16,2024-11-20,212,192,412,Delayed
PO_104226,SUP_111,PROD_0214,2024/12/14,2024-12-26,2024-12-27,1406,1296,168,Closed
PO_104227,SUP_099,PROD_0045,2024/01/24,2024-02-09,2024-02-07,710,672,346,Closed
PO_104228,SUP_194,PROD_0267,2024/07/12,2024-07-29,2024-07-28,1128,1091,456,Open
PO_104229,SUP_066,PROD_0010,2024/11/11,2024-11-21,2024-11-22,613,552,349,Delayed
PO_104230,SUP_083,PROD_0214,2024/11/28,2024-12-14,2024-12-12,1165,1012,258,Closed
PO_104231,SUP_139,PROD_0117,2024/12/07,2024-12-21,2024-12-22,196,188,475,Delayed
PO_104232,SUP_102,PROD_0297,30-04-2024,2024-05-08,2024-05-13,607,539,318,Open
PO_104233,SUP_053,PROD_0253,28-08-2024,2024-09-15,2024-09-21,239,234,451,Delayed
PO_104234,SUP_041,PROD_0015,2024/05/06,2024-05-11,2024-05-09,1689,1454,384,Open
PO_104235,SUP_002,PROD_0079,20-04-2024,2024-04-28,2024-05-03,1665,1476,227,Delayed
PO_104236,SUP_063,PROD_0203,2024/02/20,2024-03-07,2024-03-06,542,541,77,Delayed
PO_104237,SUP_046,PROD_0041,2024/04/21,2024-04-28,2024-04-29,1672,1463,42,Open
PO_104238,SUP_110,PROD_0248,2024/01/24,2024-02-03,2024-02-03,350,308,321,Closed
PO_104239,SUP_063,PROD_0051,27-02-2024,2024-03-08,2024-03-14,812,774,349,Open
PO_104240,SUP_004,PROD_0004,2024/09/05,2024-09-20,2024-09-23,1951,1660,334,Delayed
PO_104241,SUP_055,PROD_0090,23-02-2024,2024-03-01,2024-03-05,870,814,484,Open
PO_104242,SUP_200,PROD_0247,2024/09/28,2024-10-10,2024-10-11,547,478,441,Open
PO_104243,SUP_159,PROD_0060,07-02-2024,2024-02-22,2024-02-23,1572,1365,292,Open
PO_104244,SUP_037,PROD_0273,16-11-2024,2024-11-22,2024-11-27,1026,919,45,Closed
PO_104245,SUP_188,PROD_0267,2024/05/10,2024-05-16,2024-05-13,1376,1171,161,Delayed
PO_104246,SUP_053,PROD_0086,13-04-2024,2024-04-27,2024-05-03,1413,1229,98,Open
PO_104247,SUP_182,PROD_0110,2024/12/07,2024-12-12,2024-12-09,867,781,480,Open
PO_104248,SUP_194,PROD_0180,2024/12/23,2024-12-30,2025-01-04,578,514,111,Delayed
PO_104249,SUP_011,PROD_0084,2024/08/18,2024-09-04,2024-09-03,839,724,115,Closed
PO_104250,SUP_075,PROD_0085,27-02-2024,2024-03-06,2024-03-09,1057,1033,328,Delayed
PO_104251,SUP_192,PROD_0043,20-04-2024,2024-04-30,2024-05-03,1111,1046,387,Open
PO_104252,SUP_120,PROD_0275,2024/09/15,2024-09-23,2024-09-21,1744,1692,261,Delayed
PO_104253,SUP_130,PROD_0204,10-03-2024,2024-03-15,2024-03-14,755,752,89,Open
PO_104254,SUP_044,PROD_0021,27-03-2024,2024-04-14,2024-04-18,578,569,439,Delayed
PO_104255,SUP_087,PROD_0107,2024/06/02,2024-06-09,2024-06-13,1504,1442,453,Closed
PO_104256,SUP_134,PROD_0144,24-05-2024,2024-05-29,2024-05-31,1721,1500,141,Closed
PO_104257,SUP_001,PROD_0271,2024/12/06,2024-12-21,2024-12-18,1016,929,205,Delayed
PO_104258,SUP_115,PROD_0032,2024/06/12,2024-06-22,2024-06-27,696,620,251,Open
PO_104259,SUP_188,PROD_0004,15-09-2024,2024-09-28,2024-10-01,1025,1014,352,Delayed
PO_104260,SUP_011,PROD_0174,2024/04/26,2024-05-01,2024-05-05,904,898,179,Closed
PO_104261,SUP_114,PROD_0086,2024/06/13,2024-06-28,2024-06-25,272,260,294,Delayed
PO_104262,SUP_145,PROD_0014,2024/10/31,2024-11-19,2024-11-19,1584,1376,110,Delayed
PO_104263,SUP_193,PROD_0081,07-10-2024,2024-10-19,2024-10-18,122,105,224,Closed
PO_104264,SUP_137,PROD_0016,2024/05/10,2024-05-15,2024-05-18,1933,1680,140,Delayed
PO_104265,SUP_103,PROD_0162,01-11-2024,2024-11-07,2024-11-09,160,138,131,Closed
PO_104266,SUP_185,PROD_0046,2024/12/11,2024-12-31,2025-01-01,1852,1809,283,Closed
PO_104267,SUP_113,PROD_0291,2024/12/08,2024-12-25,2024-12-26,1207,1136,220,Delayed
PO_104268,SUP_066,PROD_0029,11-10-2024,2024-10-28,2024-10-28,1391,1296,376,Delayed
PO_104269,SUP_021,PROD_0127,2024/12/04,2024-12-09,2024-12-10,1399,1327,192,Delayed
PO_104270,SUP_193,PROD_0141,23-09-2024,2024-10-01,2024-10-07,227,213,103,Delayed
PO_104271,SUP_019,PROD_0300,27-07-2024,2024-08-16,2024-08-19,1051,979,264,Closed
PO_104272,SUP_040,PROD_0049,17-05-2024,2024-06-03,2024-05-31,297,280,287,Open
PO_104273,SUP_120,PROD_0021,2024/06/05,2024-06-20,2024-06-18,1942,1716,287,Closed
PO_104274,SUP_090,PROD_0118,2024/12/06,2024-12-17,2024-12-22,108,100,168,Open
PO_104275,SUP_049,PROD_0077,15-09-2024,2024-09-25,2024-09-29,1042,900,376,Delayed
PO_104276,SUP_122,PROD_0121,2024/06/29,2024-07-09,2024-07-14,648,596,308,Delayed
PO_104277,SUP_049,PROD_0111,2024/09/14,2024-10-04,2024-10-03,1039,969,127,Delayed
PO_104278,SUP_157,PROD_0125,29-08-2024,2024-09-03,2024-09-02,1533,1450,170,Delayed
PO_104279,SUP_079,PROD_0197,2024/07/24,2024-08-11,2024-08-11,1562,1400,350,Delayed
PO_104280,SUP_143,PROD_0120,26-05-2024,2024-06-08,2024-06-07,1487,1344,272,Delayed
PO_104281,SUP_142,PROD_0284,2024/07/20,2024-08-05,2024-08-04,1554,1426,162,Delayed
PO_104282,SUP_086,PROD_0116,20-08-2024,2024-09-06,2024-09-05,1715,1577,119,Open
PO_104283,SUP_109,PROD_0100,02-01-2024,2024-01-19,2024-01-18,215,197,476,Open
PO_104284,SUP_096,PROD_0204,31-01-2024,2024-02-08,2024-02-09,1515,1463,489,Closed
PO_104285,SUP_044,PROD_0271,10-05-2024,2024-05-25,2024-05-24,1889,1889,252,Open
PO_104286,SUP_071,PROD_0137,03-04-2024,2024-04-14,2024-04-14,846,812,275,Open
PO_104287,SUP_038,PROD_0044,01-03-2024,2024-03-15,2024-03-15,654,564,486,Closed
PO_104288,SUP_146,PROD_0171,27-08-2024,2024-09-11,2024-09-12,1921,1876,334,Delayed
PO_104289,SUP_077,PROD_0092,2024/05/27,2024-06-06,2024-06-04,1393,1344,323,Open
PO_104290,SUP_042,PROD_0057,12-07-2024,2024-07-24,2024-07-29,324,282,500,Open
PO_104291,SUP_074,PROD_0092,2024/05/19,2024-06-08,2024-06-14,455,450,168,Open
PO_104292,SUP_167,PROD_0271,29-03-2024,2024-04-11,2024-04-15,1591,1577,144,Open
PO_104293,SUP_119,PROD_0162,10-07-2024,2024-07-18,2024-07-20,591,517,477,Open
PO_104294,SUP_146,PROD_0091,07-07-2024,2024-07-14,2024-07-19,551,498,478,Closed
PO_104295,SUP_051,PROD_0040,22-06-2024,2024-07-11,2024-07-16,451,386,173,Delayed
PO_104296,SUP_062,PROD_0245,2024/09/14,2024-09-21,2024-09-20,614,589,247,Delayed
PO_104297,SUP_163,PROD_0037,2024/12/14,2024-12-31,2024-12-30,731,655,145,Delayed
PO_104298,SUP_100,PROD_0059,2024/07/31,2024-08-05,2024-08-08,961,822,417,Open
PO_104299,SUP_156,PROD_0053,2024/10/31,2024-11-18,2024-11-18,1635,1614,268,Closed
PO_104300,SUP_087,PROD_0005,02-02-2024,2024-02-22,2024-02-28,1533,1411,361,Closed
PO_104301,SUP_028,PROD_0085,16-05-2024,2024-06-04,2024-06-02,816,733,337,Closed
PO_104302,SUP_066,PROD_0027,12-03-2024,2024-03-23,2024-03-21,950,854,62,Open
PO_104303,SUP_045,PROD_0031,25-03-2024,2024-04-12,2024-04-17,564,549,367,Open
PO_104304,SUP_010,PROD_0237,10-02-2024,2024-02-23,2024-02-29,1222,1196,191,Open
PO_104305,SUP_016,PROD_0035,13-07-2024,2024-08-01,2024-08-06,1892,1754,173,Closed
PO_104306,SUP_122,PROD_0115,22-05-2024,2024-06-04,2024-06-03,627,594,240,Closed
PO_104307,SUP_044,PROD_0266,2024/05/06,2024-05-24,2024-05-22,1571,1515,221,Open
PO_104308,SUP_112,PROD_0110,02-11-2024,2024-11-15,2024-11-19,762,761,377,Open
PO_104309,SUP_128,PROD_0245,25-12-2024,2025-01-04,2025-01-10,570,557,54,Open
PO_104310,SUP_080,PROD_0052,03-12-2024,2024-12-14,2024-12-17,1008,866,262,Open
PO_104311,SUP_027,PROD_0163,2024/10/27,2024-11-07,2024-11-13,658,559,413,Open
PO_104312,SUP_007,PROD_0069,27-04-2024,2024-05-03,2024-05-03,798,745,453,Open
PO_104313,SUP_004,PROD_0215,09-10-2024,2024-10-27,2024-11-02,1395,1239,236,Open
PO_104314,SUP_021,PROD_0088,06-06-2024,2024-06-25,2024-06-28,135,116,288,Closed
PO_104315,SUP_098,PROD_0160,2024/02/15,2024-02-29,2024-02-28,897,835,124,Closed
PO_104316,SUP_076,PROD_0032,26-09-2024,2024-10-01,2024-09-30,1850,1828,182,Open
PO_104317,SUP_041,PROD_0142,06-11-2024,2024-11-18,2024-11-20,930,852,231,Open
PO_104318,SUP_107,PROD_0186,2024/08/20,2024-09-04,2024-09-01,1785,1682,268,Open
PO_104319,SUP_187,PROD_0181,2024/04/24,2024-05-14,2024-05-15,1247,1245,455,Delayed
PO_104320,SUP_191,PROD_0283,2024/03/20,2024-04-04,2024-04-02,449,418,127,Open
PO_104321,SUP_198,PROD_0087,2024/08/22,2024-08-28,2024-08-26,1451,1451,291,Closed
PO_104322,SUP_110,PROD_0168,2024/09/02,2024-09-12,2024-09-18,660,581,328,Closed
PO_104323,SUP_145,PROD_0028,2024/11/15,2024-12-02,2024-12-06,621,545,387,Closed
PO_104324,SUP_144,PROD_0135,24-04-2024,2024-05-09,2024-05-10,177,174,264,Closed
PO_104325,SUP_190,PROD_0164,24-06-2024,2024-07-01,2024-06-30,679,637,113,Open
PO_104326,SUP_156,PROD_0247,2024/04/23,2024-05-08,2024-05-06,1548,1411,143,Delayed
PO_104327,SUP_080,PROD_0067,06-05-2024,2024-05-21,2024-05-20,1359,1340,185,Open
PO_104328,SUP_006,PROD_0204,26-03-2024,2024-03-31,2024-04-01,221,202,301,Closed
PO_104329,SUP_135,PROD_0254,2024/05/14,2024-06-01,2024-05-30,241,216,309,Open
PO_104330,SUP_049,PROD_0112,2024/03/14,2024-03-24,2024-03-27,1947,1913,218,Closed
PO_104331,SUP_099,PROD_0025,26-05-2024,2024-06-03,2024-06-09,235,214,286,Closed
PO_104332,SUP_073,PROD_0045,12-12-2024,2024-12-24,2024-12-21,1133,1098,457,Delayed
PO_104333,SUP_014,PROD_0093,2024/06/03,2024-06-15,2024-06-18,1436,1393,451,Closed
PO_104334,SUP_139,PROD_0025,2024/11/18,2024-11-29,2024-11-27,555,491,281,Delayed
PO_104335,SUP_186,PROD_0212,04-02-2024,2024-02-10,2024-02-16,592,566,252,Open
PO_104336,SUP_117,PROD_0194,25-08-2024,2024-09-13,2024-09-13,1847,1728,253,Open
PO_104337,SUP_065,PROD_0259,27-06-2024,2024-07-11,2024-07-13,1364,1187,493,Delayed
PO_104338,SUP_029,PROD_0056,2024/06/18,2024-07-01,2024-07-01,833,823,435,Closed
PO_104339,SUP_053,PROD_0121,12-03-2024,2024-03-29,2024-04-04,518,446,333,Delayed
PO_104340,SUP_022,PROD_0106,12-11-2024,2024-11-21,2024-11-21,1515,1380,167,Delayed
PO_104341,SUP_008,PROD_0238,2024/02/05,2024-02-19,2024-02-24,744,634,212,Closed
PO_104342,SUP_109,PROD_0008,2024/07/11,2024-07-24,2024-07-21,985,935,110,Open
PO_104343,SUP_077,PROD_0157,2024/05/24,2024-06-01,2024-06-03,1394,1392,103,Delayed
PO_104344,SUP_144,PROD_0126,2024/09/01,2024-09-19,2024-09-18,319,318,255,Open
PO_104345,SUP_149,PROD_0233,2024/12/04,2024-12-13,2024-12-17,1527,1360,489,Closed
PO_104346,SUP_123,PROD_0087,30-03-2024,2024-04-13,2024-04-10,994,932,330,Closed
PO_104347,SUP_093,PROD_0260,2024/12/07,2024-12-13,2024-12-12,568,561,419,Closed
PO_104348,SUP_138,PROD_0136,2024/08/20,2024-09-08,2024-09-06,429,374,231,Delayed
PO_104349,SUP_186,PROD_0171,08-12-2024,2024-12-22,2024-12-28,833,787,82,Delayed
PO_104350,SUP_076,PROD_0153,04-02-2024,2024-02-17,2024-02-19,1812,1761,458,Open
PO_104351,SUP_067,PROD_0038,13-06-2024,2024-06-22,2024-06-22,1788,1708,339,Closed
PO_104352,SUP_085,PROD_0131,2024/06/04,2024-06-13,2024-06-18,869,864,293,Closed
PO_104353,SUP_012,PROD_0064,05-02-2024,2024-02-25,2024-02-29,1326,1302,391,Open
PO_104354,SUP_059,PROD_0217,2024/07/11,2024-07-30,2024-07-27,1633,1513,355,Closed
PO_104355,SUP_179,PROD_0015,2024/11/24,2024-12-09,2024-12-06,1621,1391,105,Delayed
PO_104356,SUP_163,PROD_0254,2024/06/07,2024-06-14,2024-06-18,1090,987,500,Open
PO_104357,SUP_026,PROD_0114,24-12-2024,2025-01-11,2025-01-08,1478,1425,167,Open
PO_104358,SUP_191,PROD_0045,2024/01/07,2024-01-27,2024-02-02,1365,1258,105,Open
PO_104359,SUP_074,PROD_0092,28-06-2024,2024-07-18,2024-07-20,1826,1809,130,Delayed
PO_104360,SUP_126,PROD_0258,2024/12/07,2024-12-18,2024-12-17,1657,1494,327,Closed
PO_104361,SUP_131,PROD_0036,30-06-2024,2024-07-06,2024-07-09,1958,1841,492,Open
PO_104362,SUP_107,PROD_0042,27-08-2024,2024-09-04,2024-09-06,847,826,467,Open
PO_104363,SUP_192,PROD_0123,13-10-2024,2024-10-27,2024-10-24,1258,1168,162,Open
PO_104364,SUP_031,PROD_0212,27-07-2024,2024-08-01,2024-08-03,1264,1103,491,Closed
PO_104365,SUP_048,PROD_0068,2024/04/22,2024-05-03,2024-05-09,784,699,252,Open
PO_104366,SUP_152,PROD_0066,08-02-2024,2024-02-17,2024-02-19,908,791,350,Closed
PO_104367,SUP_080,PROD_0286,2024/11/24,2024-12-12,2024-12-18,1023,968,472,Delayed
PO_104368,SUP_130,PROD_0210,2024/09/05,2024-09-19,2024-09-24,1086,973,332,Closed
PO_104369,SUP_161,PROD_0027,19-10-2024,2024-11-06,2024-11-06,219,202,217,Delayed
PO_104370,SUP_047,PROD_0178,2024/04/14,2024-05-01,2024-05-07,1892,1648,465,Open
PO_104371,SUP_073,PROD_0208,08-05-2024,2024-05-17,2024-05-17,108,91,101,Closed
PO_104372,SUP_147,PROD_0258,2024/09/06,2024-09-23,2024-09-23,321,299,425,Closed
PO_104373,SUP_100,PROD_0003,26-08-2024,2024-08-31,2024-09-05,843,823,381,Closed
PO_104374,SUP_121,PROD_0106,29-03-2024,2024-04-09,2024-04-06,946,894,136,Open
PO_104375,SUP_197,PROD_0267,20-08-2024,2024-09-05,2024-09-08,1370,1243,414,Closed
PO_104376,SUP_191,PROD_0082,01-01-2024,2024-01-15,2024-01-12,1816,1783,403,Closed
PO_104377,SUP_182,PROD_0228,2024/01/10,2024-01-21,2024-01-20,731,659,432,Delayed
PO_104378,SUP_088,PROD_0212,2024/07/14,2024-07-25,2024-07-27,360,311,389,Closed
PO_104379,SUP_001,PROD_0220,2024/10/12,2024-10-21,2024-10-18,597,593,467,Delayed
PO_104380,SUP_170,PROD_0035,2024/10/25,2024-11-09,2024-11-14,1464,1387,251,Open
PO_104381,SUP_129,PROD_0041,2024/04/12,2024-04-19,2024-04-17,292,277,375,Open
PO_104382,SUP_101,PROD_0118,04-11-2024,2024-11-09,2024-11-09,1405,1294,240,Delayed
PO_104383,SUP_064,PROD_0082,11-11-2024,2024-11-25,2024-11-29,458,442,299,Open
PO_104384,SUP_176,PROD_0252,24-10-2024,2024-11-06,2024-11-08,120,103,138,Delayed
PO_104385,SUP_056,PROD_0177,29-03-2024,2024-04-11,2024-04-08,1805,1635,155,Delayed
PO_104386,SUP_033,PROD_0230,2024/02/25,2024-03-07,2024-03-06,1555,1497,168,Open
PO_104387,SUP_188,PROD_0128,31-07-2024,2024-08-19,2024-08-17,1292,1111,363,Open
PO_104388,SUP_033,PROD_0204,2024/07/25,2024-08-13,2024-08-18,226,213,273,Closed
PO_104389,SUP_041,PROD_0259,2024/05/25,2024-06-08,2024-06-13,1336,1195,76,Delayed
PO_104390,SUP_031,PROD_0142,14-09-2024,2024-09-24,2024-09-21,1957,1902,405,Open
PO_104391,SUP_186,PROD_0044,11-09-2024,2024-09-29,2024-09-30,1276,1188,85,Open
PO_104392,SUP_043,PROD_0069,2024/08/13,2024-08-31,2024-09-02,381,368,300,Open
PO_104393,SUP_007,PROD_0068,2024/02/25,2024-03-11,2024-03-12,1550,1461,328,Open
PO_104394,SUP_191,PROD_0132,14-10-2024,2024-10-27,2024-11-02,1694,1602,191,Open
PO_104395,SUP_139,PROD_0275,2024/09/02,2024-09-20,2024-09-23,257,245,409,Open
PO_104396,SUP_009,PROD_0299,2024/11/16,2024-12-01,2024-11-28,1691,1654,417,Closed
PO_104397,SUP_114,PROD_0264,23-12-2024,2025-01-08,2025-01-14,809,711,408,Closed
PO_104398,SUP_004,PROD_0060,16-04-2024,2024-05-02,2024-05-08,1649,1549,136,Open
PO_104399,SUP_144,PROD_0168,14-02-2024,2024-02-23,2024-02-27,162,158,252,Closed
PO_104400,SUP_113,PROD_0070,28-07-2024,2024-08-03,2024-08-08,1109,942,313,Delayed
PO_104401,SUP_141,PROD_0282,2024/03/12,2024-03-17,2024-03-17,1997,1748,364,Closed
PO_104402,SUP_123,PROD_0220,21-03-2024,2024-03-26,2024-04-01,1365,1216,258,Open
PO_104403,SUP_199,PROD_0129,24-03-2024,2024-03-29,2024-03-29,1424,1338,267,Closed
PO_104404,SUP_026,PROD_0297,11-07-2024,2024-07-27,2024-07-30,1089,1086,40,Delayed
PO_104405,SUP_074,PROD_0100,02-01-2024,2024-01-18,2024-01-21,1450,1382,478,Open
PO_104406,SUP_116,PROD_0104,07-09-2024,2024-09-27,2024-09-24,750,713,173,Closed
PO_104407,SUP_191,PROD_0175,08-02-2024,2024-02-25,2024-02-26,1586,1417,345,Open
PO_104408,SUP_091,PROD_0265,08-10-2024,2024-10-28,2024-10-28,1571,1463,378,Open
PO_104409,SUP_025,PROD_0070,30-09-2024,2024-10-08,2024-10-05,1840,1654,122,Open
PO_104410,SUP_013,PROD_0017,2024/08/02,2024-08-11,2024-08-13,657,630,293,Open
PO_104411,SUP_076,PROD_0198,21-09-2024,2024-09-27,2024-09-28,128,111,474,Open
PO_104412,SUP_149,PROD_0029,07-11-2024,2024-11-26,2024-11-23,183,183,53,Closed
PO_104413,SUP_113,PROD_0119,18-08-2024,2024-08-29,2024-09-03,1137,1127,203,Open
PO_104414,SUP_060,PROD_0294,2024/09/11,2024-09-25,2024-09-25,1829,1570,245,Delayed
PO_104415,SUP_082,PROD_0295,2024/11/05,2024-11-18,2024-11-16,531,499,94,Open
PO_104416,SUP_090,PROD_0151,2024/02/04,2024-02-16,2024-02-15,323,282,142,Delayed
PO_104417,SUP_023,PROD_0299,04-10-2024,2024-10-17,2024-10-16,834,791,362,Closed
PO_104418,SUP_148,PROD_0151,2024/04/10,2024-04-26,2024-05-02,714,627,480,Delayed
PO_104419,SUP_115,PROD_0019,22-10-2024,2024-11-05,2024-11-03,1791,1638,132,Closed
PO_104420,SUP_010,PROD_0199,2024/05/06,2024-05-25,2024-05-28,1058,941,239,Delayed
PO_104421,SUP_080,PROD_0009,2024/09/25,2024-10-10,2024-10-08,1931,1749,143,Delayed
PO_104422,SUP_075,PROD_0100,09-11-2024,2024-11-29,2024-12-04,546,466,313,Delayed
PO_104423,SUP_146,PROD_0105,2024/02/21,2024-03-03,2024-03-06,589,581,122,Delayed
PO_104424,SUP_063,PROD_0262,2024/12/16,2025-01-04,2025-01-01,469,419,237,Closed
PO_104425,SUP_084,PROD_0061,29-08-2024,2024-09-06,2024-09-08,732,650,326,Closed
PO_104426,SUP_113,PROD_0230,23-02-2024,2024-03-01,2024-03-05,1143,1074,252,Open
PO_104427,SUP_171,PROD_0287,2024/09/09,2024-09-16,2024-09-22,379,357,400,Delayed
PO_104428,SUP_114,PROD_0164,2024/03/10,2024-03-16,2024-03-16,220,215,119,Open
PO_104429,SUP_061,PROD_0007,2024/01/18,2024-02-03,2024-02-08,1378,1224,425,Open
PO_104430,SUP_153,PROD_0087,07-01-2024,2024-01-24,2024-01-28,1101,1003,311,Delayed
PO_104431,SUP_120,PROD_0033,2024/08/29,2024-09-08,2024-09-11,762,671,214,Open
PO_104432,SUP_178,PROD_0159,24-05-2024,2024-06-11,2024-06-15,629,574,397,Closed
PO_104433,SUP_077,PROD_0266,2024/08/19,2024-09-04,2024-09-03,827,770,267,Closed
PO_104434,SUP_147,PROD_0025,2024/06/14,2024-06-23,2024-06-26,1440,1405,471,Closed
PO_104435,SUP_081,PROD_0222,2024/09/23,2024-10-09,2024-10-07,1660,1532,92,Closed
PO_104436,SUP_189,PROD_0216,28-04-2024,2024-05-14,2024-05-12,754,703,275,Closed
PO_104437,SUP_137,PROD_0005,2024/11/28,2024-12-14,2024-12-11,1453,1390,251,Delayed
PO_104438,SUP_112,PROD_0166,13-04-2024,2024-04-24,2024-04-22,1860,1611,338,Closed
PO_104439,SUP_161,PROD_0154,05-09-2024,2024-09-20,2024-09-25,977,918,66,Open
PO_104440,SUP_063,PROD_0154,2024/04/13,2024-04-25,2024-04-25,1692,1597,316,Open
PO_104441,SUP_082,PROD_0173,11-03-2024,2024-03-24,2024-03-26,1025,991,67,Delayed
PO_104442,SUP_164,PROD_0104,2024/11/22,2024-12-01,2024-12-04,493,440,314,Open
PO_104443,SUP_135,PROD_0200,12-12-2024,2024-12-21,2024-12-25,281,248,233,Delayed
PO_104444,SUP_107,PROD_0093,18-12-2024,2025-01-04,2025-01-10,1047,944,416,Delayed
PO_104445,SUP_072,PROD_0241,28-08-2024,2024-09-02,2024-09-02,1501,1418,324,Open
PO_104446,SUP_049,PROD_0063,2024/12/21,2024-12-31,2025-01-03,1178,1157,89,Closed
PO_104447,SUP_045,PROD_0115,2024/04/01,2024-04-14,2024-04-12,1680,1463,446,Delayed
PO_104448,SUP_149,PROD_0129,22-12-2024,2024-12-27,2024-12-30,479,419,218,Delayed
PO_104449,SUP_139,PROD_0085,03-07-2024,2024-07-16,2024-07-18,853,806,182,Delayed
PO_104450,SUP_060,PROD_0178,28-09-2024,2024-10-10,2024-10-08,635,590,432,Closed
PO_104451,SUP_049,PROD_0168,15-01-2024,2024-01-26,2024-01-25,1134,1133,117,Open
PO_104452,SUP_140,PROD_0195,2024/11/09,2024-11-14,2024-11-15,1014,953,336,Open
PO_104453,SUP_036,PROD_0048,21-02-2024,2024-03-10,2024-03-15,1296,1150,405,Closed
PO_104454,SUP_105,PROD_0275,2024/07/06,2024-07-12,2024-07-17,955,891,128,Open
PO_104455,SUP_175,PROD_0269,29-05-2024,2024-06-09,2024-06-10,997,984,237,Closed
PO_104456,SUP_113,PROD_0091,17-04-2024,2024-04-22,2024-04-28,448,446,475,Delayed
PO_104457,SUP_101,PROD_0108,2024/11/29,2024-12-13,2024-12-16,1056,916,488,Open
PO_104458,SUP_011,PROD_0053,13-04-2024,2024-04-25,2024-04-22,1844,1807,323,Closed
PO_104459,SUP_054,PROD_0208,20-07-2024,2024-07-29,2024-08-03,1675,1502,47,Delayed
PO_104460,SUP_024,PROD_0222,26-01-2024,2024-02-09,2024-02-13,676,604,332,Open
PO_104461,SUP_177,PROD_0051,29-11-2024,2024-12-11,2024-12-08,568,531,88,Open
PO_104462,SUP_135,PROD_0141,2024/04/30,2024-05-17,2024-05-20,466,442,424,Open
PO_104463,SUP_085,PROD_0233,2024/06/05,2024-06-12,2024-06-13,1636,1547,41,Open
PO_104464,SUP_027,PROD_0001,2024/03/18,2024-03-28,2024-04-03,820,762,78,Open
PO_104465,SUP_199,PROD_0213,2024/09/26,2024-10-14,2024-10-12,174,170,235,Closed
PO_104466,SUP_076,PROD_0215,2024/12/03,2024-12-09,2024-12-08,1874,1601,239,Delayed
PO_104467,SUP_131,PROD_0055,23-02-2024,2024-03-13,2024-03-14,1354,1334,377,Open
PO_104468,SUP_161,PROD_0252,09-03-2024,2024-03-23,2024-03-24,248,244,52,Delayed
PO_104469,SUP_038,PROD_0039,2024/05/27,2024-06-11,2024-06-15,1889,1825,153,Open
PO_104470,SUP_135,PROD_0293,29-01-2024,2024-02-08,2024-02-09,413,363,499,Open
PO_104471,SUP_165,PROD_0008,2024/05/16,2024-05-29,2024-05-26,1043,1004,79,Closed
PO_104472,SUP_007,PROD_0178,2024/11/11,2024-11-27,2024-11-24,445,381,164,Open
PO_104473,SUP_057,PROD_0102,10-08-2024,2024-08-29,2024-08-27,617,539,316,Open
PO_104474,SUP_066,PROD_0034,11-02-2024,2024-02-24,2024-02-28,1277,1128,429,Delayed
PO_104475,SUP_041,PROD_0003,2024/10/09,2024-10-19,2024-10-20,1643,1606,428,Closed
PO_104476,SUP_131,PROD_0182,16-09-2024,2024-09-23,2024-09-25,1710,1524,374,Closed
PO_104477,SUP_041,PROD_0214,2024/08/13,2024-08-30,2024-09-04,107,103,101,Closed
PO_104478,SUP_059,PROD_0070,20-06-2024,2024-06-26,2024-06-28,1654,1476,69,Delayed
PO_104479,SUP_014,PROD_0127,03-11-2024,2024-11-10,2024-11-10,1917,1715,347,Open
PO_104480,SUP_039,PROD_0123,24-01-2024,2024-02-03,2024-02-07,613,592,347,Closed
PO_104481,SUP_174,PROD_0119,2024/09/15,2024-09-29,2024-09-30,196,181,428,Delayed
PO_104482,SUP_069,PROD_0080,2024/07/20,2024-08-05,2024-08-06,531,522,345,Open
PO_104483,SUP_164,PROD_0131,2024/09/25,2024-09-30,2024-09-30,560,488,53,Open
PO_104484,SUP_012,PROD_0264,2024/10/11,2024-10-29,2024-10-29,1798,1691,105,Closed
PO_104485,SUP_170,PROD_0055,2024/06/19,2024-06-25,2024-06-26,1474,1337,301,Delayed
PO_104486,SUP_120,PROD_0250,2024/01/15,2024-01-30,2024-01-28,1240,1097,104,Closed
PO_104487,SUP_147,PROD_0119,31-01-2024,2024-02-06,2024-02-10,618,597,187,Closed
PO_104488,SUP_183,PROD_0006,2024/12/20,2024-12-27,2024-12-31,355,302,288,Closed
PO_104489,SUP_130,PROD_0142,2024/12/29,2025-01-11,2025-01-13,907,905,310,Open
PO_104490,SUP_154,PROD_0194,2024/06/17,2024-07-07,2024-07-07,1080,1021,190,Open
PO_104491,SUP_015,PROD_0150,03-01-2024,2024-01-22,2024-01-21,548,525,241,Open
PO_104492,SUP_050,PROD_0224,2024/02/23,2024-03-03,2024-02-29,1243,1188,94,Delayed
PO_104493,SUP_137,PROD_0300,17-04-2024,2024-04-26,2024-04-28,1820,1691,479,Closed
PO_104494,SUP_103,PROD_0010,05-06-2024,2024-06-16,2024-06-22,605,531,436,Open
PO_104495,SUP_111,PROD_0215,07-11-2024,2024-11-22,2024-11-26,1003,995,231,Open
PO_104496,SUP_051,PROD_0205,13-10-2024,2024-10-19,2024-10-19,1464,1364,419,Delayed
PO_104497,SUP_142,PROD_0035,2024/02/05,2024-02-24,2024-02-26,406,360,173,Open
PO_104498,SUP_132,PROD_0118,04-05-2024,2024-05-24,2024-05-27,1915,1739,177,Closed
PO_104499,SUP_179,PROD_0204,17-04-2024,2024-05-03,2024-05-03,1327,1137,227,Delayed
PO_104500,SUP_120,PROD_0122,2024/11/30,2024-12-16,2024-12-16,470,436,347,Delayed
PO_104501,SUP_126,PROD_0156,2024/01/16,2024-01-23,2024-01-21,620,585,357,Open
PO_104502,SUP_119,PROD_0019,2024/05/19,2024-06-08,2024-06-08,1476,1324,485,Delayed
PO_104503,SUP_155,PROD_0159,2024/11/11,2024-11-17,2024-11-23,954,903,274,Open
PO_104504,SUP_200,PROD_0017,21-06-2024,2024-07-11,2024-07-15,577,574,352,Closed
PO_104505,SUP_103,PROD_0278,17-12-2024,2024-12-30,2024-12-27,802,796,280,Delayed
PO_104506,SUP_076,PROD_0057,2024/10/24,2024-11-01,2024-10-29,1162,1159,483,Open
PO_104507,SUP_009,PROD_0243,2024/06/09,2024-06-27,2024-07-03,1408,1378,182,Closed
PO_104508,SUP_109,PROD_0296,2024/02/23,2024-03-13,2024-03-17,1742,1531,74,Open
PO_104509,SUP_196,PROD_0036,12-06-2024,2024-07-01,2024-06-30,574,502,250,Closed
PO_104510,SUP_029,PROD_0075,15-05-2024,2024-05-30,2024-06-03,1238,1150,405,Open
PO_104511,SUP_037,PROD_0061,2024/09/01,2024-09-11,2024-09-16,1803,1617,74,Open
PO_104512,SUP_150,PROD_0033,2024/10/14,2024-10-30,2024-10-29,628,612,335,Open
PO_104513,SUP_144,PROD_0172,14-01-2024,2024-01-28,2024-01-26,1572,1560,396,Open
PO_104514,SUP_055,PROD_0234,2024/04/08,2024-04-27,2024-04-27,226,218,401,Closed
PO_104515,SUP_006,PROD_0253,2024/03/04,2024-03-19,2024-03-21,1258,1100,246,Open
PO_104516,SUP_025,PROD_0139,2024/11/14,2024-11-27,2024-11-28,1221,1115,403,Closed
PO_104517,SUP_106,PROD_0024,03-01-2024,2024-01-09,2024-01-10,174,151,441,Closed
PO_104518,SUP_197,PROD_0249,03-03-2024,2024-03-09,2024-03-12,739,648,437,Delayed
PO_104519,SUP_085,PROD_0157,2024/07/29,2024-08-08,2024-08-07,1601,1399,327,Open
PO_104520,SUP_190,PROD_0077,15-04-2024,2024-04-28,2024-04-29,1305,1204,404,Closed
PO_104521,SUP_083,PROD_0142,24-11-2024,2024-12-14,2024-12-14,1763,1726,250,Delayed
PO_104522,SUP_063,PROD_0248,2024/07/06,2024-07-25,2024-07-30,1538,1324,381,Closed
PO_104523,SUP_091,PROD_0029,2024/12/24,2025-01-08,2025-01-08,1302,1216,421,Delayed
PO_104524,SUP_103,PROD_0002,10-09-2024,2024-09-29,2024-09-27,1243,1218,205,Closed
PO_104525,SUP_041,PROD_0180,31-08-2024,2024-09-14,2024-09-14,1534,1399,50,Closed
PO_104526,SUP_175,PROD_0204,24-01-2024,2024-02-07,2024-02-05,511,497,500,Open
PO_104527,SUP_040,PROD_0230,29-06-2024,2024-07-08,2024-07-12,1690,1583,40,Delayed
PO_104528,SUP_084,PROD_0005,18-12-2024,2025-01-06,2025-01-04,999,954,260,Open
PO_104529,SUP_007,PROD_0151,2024/04/01,2024-04-20,2024-04-19,1266,1129,408,Delayed
PO_104530,SUP_102,PROD_0070,07-10-2024,2024-10-15,2024-10-19,1960,1751,408,Open
PO_104531,SUP_102,PROD_0119,2024/01/18,2024-01-27,2024-01-29,738,700,166,Closed
PO_104532,SUP_086,PROD_0215,12-06-2024,2024-06-26,2024-06-29,658,565,493,Open
PO_104533,SUP_053,PROD_0224,15-07-2024,2024-08-03,2024-08-08,422,360,374,Open
PO_104534,SUP_009,PROD_0095,2024/12/21,2024-12-29,2024-12-31,1554,1420,447,Closed
PO_104535,SUP_121,PROD_0116,2024/05/01,2024-05-14,2024-05-11,1536,1328,359,Closed
PO_104536,SUP_083,PROD_0147,20-03-2024,2024-03-26,2024-03-29,886,754,264,Open
PO_104537,SUP_030,PROD_0211,2024/04/29,2024-05-09,2024-05-10,421,392,361,Closed
PO_104538,SUP_019,PROD_0239,20-06-2024,2024-07-02,2024-07-01,1125,1096,421,Delayed
PO_104539,SUP_133,PROD_0017,07-01-2024,2024-01-23,2024-01-28,1921,1802,74,Open
PO_104540,SUP_114,PROD_0286,2024/04/24,2024-05-04,2024-05-02,557,556,233,Delayed
PO_104541,SUP_105,PROD_0057,16-07-2024,2024-07-30,2024-08-01,780,703,466,Closed
PO_104542,SUP_128,PROD_0005,2024/01/16,2024-02-04,2024-02-01,1605,1457,218,Closed
PO_104543,SUP_069,PROD_0149,2024/11/14,2024-11-30,2024-11-27,1251,1086,244,Closed
PO_104544,SUP_179,PROD_0280,2024/04/07,2024-04-22,2024-04-28,1293,1249,468,Open
PO_104545,SUP_103,PROD_0127,2024/12/01,2024-12-11,2024-12-13,1249,1141,243,Open
PO_104546,SUP_089,PROD_0033,13-01-2024,2024-01-19,2024-01-22,1427,1305,135,Closed
PO_104547,SUP_122,PROD_0267,2024/09/04,2024-09-23,2024-09-25,254,231,483,Delayed
PO_104548,SUP_051,PROD_0137,20-06-2024,2024-07-01,2024-06-29,1810,1666,128,Open
PO_104549,SUP_041,PROD_0058,28-09-2024,2024-10-03,2024-10-01,1378,1221,292,Open
PO_104550,SUP_082,PROD_0077,01-08-2024,2024-08-08,2024-08-11,667,655,389,Open
PO_104551,SUP_173,PROD_0134,20-06-2024,2024-07-02,2024-07-01,1763,1728,112,Closed
PO_104552,SUP_028,PROD_0086,2024/12/12,2024-12-20,2024-12-17,319,308,178,Delayed
PO_104553,SUP_199,PROD_0285,14-08-2024,2024-08-21,2024-08-27,1243,1209,314,Delayed
PO_104554,SUP_142,PROD_0062,2024/05/08,2024-05-20,2024-05-24,1672,1628,444,Closed
PO_104555,SUP_187,PROD_0008,24-07-2024,2024-08-01,2024-08-05,1644,1530,347,Closed
PO_104556,SUP_131,PROD_0022,2024/06/14,2024-06-19,2024-06-21,1846,1630,375,Open
PO_104557,SUP_088,PROD_0018,2024/01/09,2024-01-20,2024-01-20,678,646,404,Delayed
PO_104558,SUP_165,PROD_0266,27-02-2024,2024-03-04,2024-03-06,871,850,403,Delayed
PO_104559,SUP_018,PROD_0050,29-10-2024,2024-11-04,2024-11-03,316,294,438,Delayed
PO_104560,SUP_163,PROD_0039,31-07-2024,2024-08-14,2024-08-17,145,128,495,Open
PO_104561,SUP_030,PROD_0077,08-08-2024,2024-08-27,2024-08-30,1688,1614,172,Delayed
PO_104562,SUP_069,PROD_0261,26-06-2024,2024-07-07,2024-07-10,1691,1647,121,Delayed
PO_104563,SUP_002,PROD_0297,14-05-2024,2024-05-29,2024-06-04,253,224,473,Closed
PO_104564,SUP_111,PROD_0190,05-05-2024,2024-05-17,2024-05-15,1582,1450,471,Delayed
PO_104565,SUP_126,PROD_0263,30-06-2024,2024-07-20,2024-07-18,1654,1566,254,Closed
PO_104566,SUP_015,PROD_0156,18-04-2024,2024-04-23,2024-04-24,1276,1144,359,Delayed
PO_104567,SUP_091,PROD_0021,18-10-2024,2024-11-04,2024-11-05,1429,1349,91,Open
PO_104568,SUP_033,PROD_0116,14-03-2024,2024-03-29,2024-03-29,1726,1478,494,Open
PO_104569,SUP_025,PROD_0096,16-03-2024,2024-03-29,2024-04-03,1978,1892,290,Closed
PO_104570,SUP_102,PROD_0061,21-04-2024,2024-05-07,2024-05-09,1103,1066,168,Delayed
PO_104571,SUP_010,PROD_0266,07-01-2024,2024-01-22,2024-01-27,509,460,335,Open
PO_104572,SUP_136,PROD_0181,18-05-2024,2024-05-31,2024-05-30,1483,1404,367,Delayed
PO_104573,SUP_099,PROD_0191,18-09-2024,2024-09-26,2024-10-02,452,432,47,Delayed
PO_104574,SUP_037,PROD_0235,10-04-2024,2024-04-20,2024-04-22,1460,1352,346,Delayed
PO_104575,SUP_045,PROD_0241,24-03-2024,2024-04-02,2024-04-02,948,892,315,Closed
PO_104576,SUP_181,PROD_0177,2024/05/10,2024-05-18,2024-05-23,521,485,353,Delayed
PO_104577,SUP_035,PROD_0264,2024/08/28,2024-09-03,2024-09-02,1953,1669,441,Closed
PO_104578,SUP_145,PROD_0152,20-08-2024,2024-09-09,2024-09-07,1488,1356,53,Closed
PO_104579,SUP_199,PROD_0187,09-03-2024,2024-03-26,2024-04-01,686,668,176,Closed
PO_104580,SUP_008,PROD_0112,2024/05/22,2024-05-30,2024-05-31,1526,1344,166,Closed
PO_104581,SUP_110,PROD_0240,2024/12/24,2025-01-01,2025-01-06,983,981,469,Delayed
PO_104582,SUP_066,PROD_0241,2024/01/26,2024-02-13,2024-02-16,1410,1321,289,Delayed
PO_104583,SUP_016,PROD_0152,20-11-2024,2024-11-29,2024-11-26,1559,1325,89,Delayed
PO_104584,SUP_045,PROD_0202,2024/04/27,2024-05-10,2024-05-10,1618,1379,279,Closed
PO_104585,SUP_193,PROD_0178,2024/11/24,2024-12-13,2024-12-17,1557,1487,283,Closed
PO_104586,SUP_058,PROD_0067,06-04-2024,2024-04-20,2024-04-19,372,324,206,Open
PO_104587,SUP_117,PROD_0234,2024/03/06,2024-03-22,2024-03-26,1076,978,270,Open
PO_104588,SUP_134,PROD_0270,2024/08/16,2024-08-31,2024-08-28,437,415,94,Closed
PO_104589,SUP_009,PROD_0117,17-02-2024,2024-02-25,2024-02-26,1177,1096,198,Closed
PO_104590,SUP_137,PROD_0251,2024/09/28,2024-10-10,2024-10-16,1793,1782,242,Open
PO_104591,SUP_161,PROD_0287,2024/03/31,2024-04-05,2024-04-06,1046,952,209,Open
PO_104592,SUP_099,PROD_0296,05-12-2024,2024-12-19,2024-12-23,1641,1573,283,Delayed
PO_104593,SUP_164,PROD_0028,05-05-2024,2024-05-15,2024-05-20,797,696,163,Open
PO_104594,SUP_181,PROD_0243,2024/06/07,2024-06-25,2024-06-23,1845,1716,254,Open
PO_104595,SUP_195,PROD_0292,15-08-2024,2024-09-03,2024-09-08,1460,1373,446,Open
PO_104596,SUP_084,PROD_0149,2024/04/20,2024-05-08,2024-05-06,1888,1771,155,Delayed
PO_104597,SUP_113,PROD_0089,10-03-2024,2024-03-17,2024-03-15,1558,1382,326,Delayed
PO_104598,SUP_127,PROD_0250,19-06-2024,2024-06-25,2024-06-23,1367,1307,183,Open
PO_104599,SUP_091,PROD_0150,2024/03/11,2024-03-28,2024-03-28,1134,1107,440,Delayed
PO_104600,SUP_161,PROD_0079,09-09-2024,2024-09-28,2024-10-04,275,241,402,Closed
PO_104601,SUP_066,PROD_0092,23-01-2024,2024-01-31,2024-01-28,1715,1715,55,Open
PO_104602,SUP_022,PROD_0165,07-12-2024,2024-12-25,2024-12-31,218,216,242,Open
PO_104603,SUP_194,PROD_0022,2024/10/27,2024-11-11,2024-11-09,618,597,483,Delayed
PO_104604,SUP_004,PROD_0262,2024/07/22,2024-08-10,2024-08-08,1395,1187,397,Closed
PO_104605,SUP_047,PROD_0140,31-12-2024,2025-01-13,2025-01-15,1154,1020,395,Delayed
PO_104606,SUP_101,PROD_0217,2024/03/30,2024-04-19,2024-04-20,1895,1788,408,Delayed
PO_104607,SUP_012,PROD_0177,2024/12/03,2024-12-12,2024-12-18,709,616,457,Open
PO_104608,SUP_168,PROD_0112,04-03-2024,2024-03-23,2024-03-22,1621,1598,209,Open
PO_104609,SUP_173,PROD_0230,15-04-2024,2024-04-27,2024-04-29,575,575,261,Open
PO_104610,SUP_034,PROD_0199,2024/09/11,2024-09-30,2024-09-30,613,563,409,Delayed
PO_104611,SUP_077,PROD_0225,03-09-2024,2024-09-18,2024-09-15,523,520,380,Closed
PO_104612,SUP_176,PROD_0094,11-05-2024,2024-05-16,2024-05-20,1968,1933,284,Closed
PO_104613,SUP_068,PROD_0202,30-07-2024,2024-08-06,2024-08-12,1321,1222,58,Delayed
PO_104614,SUP_192,PROD_0047,2024/07/30,2024-08-19,2024-08-20,1071,1027,117,Closed
PO_104615,SUP_169,PROD_0126,28-03-2024,2024-04-11,2024-04-11,854,737,239,Closed
PO_104616,SUP_096,PROD_0074,2024/03/19,2024-04-04,2024-04-04,892,850,473,Open
PO_104617,SUP_003,PROD_0243,29-09-2024,2024-10-18,2024-10-21,1102,1079,145,Closed
PO_104618,SUP_153,PROD_0153,29-01-2024,2024-02-18,2024-02-17,1170,1112,392,Open
PO_104619,SUP_067,PROD_0105,17-05-2024,2024-06-04,2024-06-02,475,454,388,Delayed
PO_104620,SUP_113,PROD_0171,2024/05/01,2024-05-09,2024-05-15,908,871,130,Delayed
PO_104621,SUP_150,PROD_0164,2024/06/01,2024-06-14,2024-06-14,1288,1110,484,Delayed
PO_104622,SUP_005,PROD_0032,05-11-2024,2024-11-20,2024-11-23,1920,1833,245,Closed
PO_104623,SUP_020,PROD_0200,18-07-2024,2024-07-27,2024-07-25,1723,1596,67,Closed
PO_104624,SUP_129,PROD_0056,2024/08/16,2024-09-04,2024-09-01,1884,1647,193,Closed
PO_104625,SUP_192,PROD_0127,2024/11/30,2024-12-16,2024-12-16,1889,1817,392,Open
PO_104626,SUP_149,PROD_0279,2024/03/22,2024-04-11,2024-04-10,1667,1516,450,Open
PO_104627,SUP_152,PROD_0300,23-08-2024,2024-09-12,2024-09-09,785,758,224,Closed
PO_104628,SUP_099,PROD_0050,2024/08/30,2024-09-06,2024-09-05,1520,1375,340,Open
PO_104629,SUP_147,PROD_0127,2024/12/26,2025-01-05,2025-01-09,119,107,65,Delayed
PO_104630,SUP_121,PROD_0135,2024/02/23,2024-03-05,2024-03-04,900,872,300,Closed
PO_104631,SUP_138,PROD_0148,2024/03/21,2024-03-28,2024-03-28,989,859,428,Open
PO_104632,SUP_018,PROD_0270,2024/09/12,2024-10-02,2024-09-30,1519,1359,109,Closed
PO_104633,SUP_106,PROD_0044,24-12-2024,2025-01-09,2025-01-07,1579,1463,342,Open
PO_104634,SUP_057,PROD_0189,07-12-2024,2024-12-23,2024-12-25,1242,1147,347,Closed
PO_104635,SUP_112,PROD_0100,19-12-2024,2025-01-03,2025-01-08,1104,939,382,Delayed
PO_104636,SUP_156,PROD_0115,2024/03/18,2024-03-27,2024-04-01,1693,1643,485,Closed
PO_104637,SUP_128,PROD_0054,2024/07/01,2024-07-10,2024-07-15,1848,1761,264,Delayed
PO_104638,SUP_041,PROD_0211,09-04-2024,2024-04-25,2024-05-01,1428,1347,249,Delayed
PO_104639,SUP_083,PROD_0018,2024/06/07,2024-06-27,2024-06-28,944,918,181,Delayed
PO_104640,SUP_032,PROD_0282,2024/03/18,2024-03-30,2024-03-28,1652,1646,45,Open
PO_104641,SUP_123,PROD_0162,2024/12/16,2024-12-22,2024-12-27,1218,1138,65,Delayed
PO_104642,SUP_029,PROD_0007,07-06-2024,2024-06-23,2024-06-20,1630,1466,386,Delayed
PO_104643,SUP_175,PROD_0216,2024/01/06,2024-01-14,2024-01-11,1251,1187,368,Delayed
PO_104644,SUP_055,PROD_0229,08-09-2024,2024-09-21,2024-09-22,1123,1090,262,Delayed
PO_104645,SUP_163,PROD_0152,07-10-2024,2024-10-25,2024-10-28,497,471,464,Open
PO_104646,SUP_071,PROD_0294,04-05-2024,2024-05-16,2024-05-16,715,659,458,Closed
PO_104647,SUP_178,PROD_0221,11-04-2024,2024-05-01,2024-05-07,1931,1728,480,Delayed
PO_104648,SUP_075,PROD_0106,28-02-2024,2024-03-06,2024-03-08,101,100,132,Closed
PO_104649,SUP_075,PROD_0005,27-05-2024,2024-06-11,2024-06-08,761,686,124,Delayed
PO_104650,SUP_160,PROD_0245,02-01-2024,2024-01-15,2024-01-19,367,366,424,Delayed
PO_104651,SUP_151,PROD_0250,15-10-2024,2024-11-02,2024-11-01,1318,1235,78,Closed
PO_104652,SUP_082,PROD_0298,2024/07/28,2024-08-14,2024-08-11,1271,1109,312,Delayed
PO_104653,SUP_185,PROD_0119,12-10-2024,2024-10-19,2024-10-23,1638,1491,192,Open
PO_104654,SUP_090,PROD_0269,2024/07/05,2024-07-16,2024-07-22,1003,967,370,Open
PO_104655,SUP_162,PROD_0275,16-09-2024,2024-10-02,2024-10-04,1027,936,99,Open
PO_104656,SUP_145,PROD_0164,15-05-2024,2024-06-01,2024-05-30,1981,1775,262,Open
PO_104657,SUP_113,PROD_0081,02-09-2024,2024-09-15,2024-09-19,1076,934,287,Closed
PO_104658,SUP_019,PROD_0042,23-04-2024,2024-05-06,2024-05-11,1032,1017,267,Delayed
PO_104659,SUP_172,PROD_0276,2024/09/22,2024-10-12,2024-10-14,864,790,292,Closed
PO_104660,SUP_004,PROD_0164,05-04-2024,2024-04-11,2024-04-08,1980,1829,70,Open
PO_104661,SUP_073,PROD_0017,2024/02/28,2024-03-18,2024-03-18,877,827,204,Delayed
PO_104662,SUP_048,PROD_0149,17-10-2024,2024-10-24,2024-10-30,558,526,181,Closed
PO_104663,SUP_064,PROD_0029,2024/12/02,2024-12-22,2024-12-20,375,367,136,Open
PO_104664,SUP_183,PROD_0189,2024/06/21,2024-07-03,2024-07-03,861,851,489,Open
PO_104665,SUP_048,PROD_0062,26-10-2024,2024-10-31,2024-11-06,910,876,455,Closed
PO_104666,SUP_163,PROD_0241,2024/09/25,2024-10-15,2024-10-20,1101,1064,431,Delayed
PO_104667,SUP_109,PROD_0127,2024/10/09,2024-10-18,2024-10-22,489,421,278,Delayed
PO_104668,SUP_186,PROD_0127,2024/08/28,2024-09-16,2024-09-16,1289,1206,368,Open
PO_104669,SUP_128,PROD_0258,2024/07/29,2024-08-03,2024-08-09,1123,1037,376,Open
PO_104670,SUP_114,PROD_0072,2024/01/06,2024-01-12,2024-01-13,668,643,226,Open
PO_104671,SUP_182,PROD_0094,2024/03/21,2024-03-26,2024-03-24,135,118,266,Open
PO_104672,SUP_099,PROD_0122,01-07-2024,2024-07-10,2024-07-14,1158,988,121,Open
PO_104673,SUP_031,PROD_0035,14-11-2024,2024-11-28,2024-11-26,1611,1486,219,Open
PO_104674,SUP_186,PROD_0227,2024/06/12,2024-06-23,2024-06-29,1228,1085,470,Open
PO_104675,SUP_142,PROD_0236,2024/11/22,2024-12-07,2024-12-12,285,284,406,Closed
PO_104676,SUP_196,PROD_0103,2024/09/16,2024-09-30,2024-09-27,1113,1086,208,Closed
PO_104677,SUP_037,PROD_0224,2024/07/05,2024-07-16,2024-07-19,793,740,356,Closed
PO_104678,SUP_007,PROD_0179,2024/11/13,2024-11-29,2024-11-26,1675,1444,272,Closed
PO_104679,SUP_200,PROD_0066,24-01-2024,2024-02-11,2024-02-17,950,943,269,Closed
PO_104680,SUP_008,PROD_0094,11-06-2024,2024-06-28,2024-07-03,596,567,323,Delayed
PO_104681,SUP_198,PROD_0080,2024/06/19,2024-07-01,2024-07-05,1265,1103,489,Open
PO_104682,SUP_123,PROD_0124,20-10-2024,2024-10-30,2024-10-31,272,231,154,Open
PO_104683,SUP_096,PROD_0272,2024/12/18,2024-12-29,2025-01-04,172,152,464,Closed
PO_104684,SUP_196,PROD_0265,27-07-2024,2024-08-09,2024-08-14,518,455,480,Open
PO_104685,SUP_171,PROD_0212,14-08-2024,2024-08-24,2024-08-24,1197,1028,242,Open
PO_104686,SUP_063,PROD_0168,31-08-2024,2024-09-20,2024-09-22,816,730,328,Closed
PO_104687,SUP_091,PROD_0007,2024/01/02,2024-01-17,2024-01-21,1085,997,500,Closed
PO_104688,SUP_141,PROD_0034,2024/04/01,2024-04-16,2024-04-21,1433,1224,354,Delayed
PO_104689,SUP_088,PROD_0249,03-10-2024,2024-10-18,2024-10-20,1182,1132,269,Open
PO_104690,SUP_074,PROD_0059,03-07-2024,2024-07-23,2024-07-22,195,165,309,Open
PO_104691,SUP_196,PROD_0156,2024/02/13,2024-02-29,2024-02-26,1716,1583,279,Closed
PO_104692,SUP_197,PROD_0059,26-07-2024,2024-08-12,2024-08-09,1171,1017,383,Open
PO_104693,SUP_073,PROD_0009,21-11-2024,2024-12-07,2024-12-10,994,914,85,Open
PO_104694,SUP_080,PROD_0172,2024/12/05,2024-12-21,2024-12-18,186,175,61,Open
PO_104695,SUP_147,PROD_0020,18-01-2024,2024-01-27,2024-01-26,1382,1340,284,Open
PO_104696,SUP_090,PROD_0260,07-06-2024,2024-06-21,2024-06-27,595,510,210,Delayed
PO_104697,SUP_125,PROD_0072,25-04-2024,2024-05-12,2024-05-12,1251,1105,151,Open
PO_104698,SUP_010,PROD_0269,04-07-2024,2024-07-19,2024-07-24,1976,1792,420,Closed
PO_104699,SUP_067,PROD_0140,2024/06/27,2024-07-04,2024-07-05,1884,1809,369,Open
PO_104700,SUP_009,PROD_0134,25-12-2024,2025-01-06,2025-01-12,172,157,434,Closed
PO_104701,SUP_141,PROD_0279,2024/10/29,2024-11-03,2024-11-04,1536,1509,486,Delayed
PO_104702,SUP_003,PROD_0295,01-08-2024,2024-08-21,2024-08-20,1824,1742,201,Closed
PO_104703,SUP_054,PROD_0038,2024/08/12,2024-08-18,2024-08-24,1286,1220,297,Closed
PO_104704,SUP_027,PROD_0115,2024/10/29,2024-11-06,2024-11-09,932,796,313,Closed
PO_104705,SUP_141,PROD_0050,2024/11/16,2024-11-30,2024-12-03,1334,1226,95,Closed
PO_104706,SUP_099,PROD_0079,2024/02/21,2024-03-09,2024-03-10,766,698,173,Open
PO_104707,SUP_028,PROD_0066,28-04-2024,2024-05-06,2024-05-05,1873,1817,218,Open
PO_104708,SUP_194,PROD_0300,2024/10/30,2024-11-18,2024-11-21,452,429,434,Open
PO_104709,SUP_016,PROD_0289,23-11-2024,2024-12-07,2024-12-11,673,654,226,Delayed
PO_104710,SUP_023,PROD_0173,2024/11/11,2024-11-30,2024-11-28,1054,1021,158,Closed
PO_104711,SUP_022,PROD_0136,2024/08/05,2024-08-11,2024-08-12,453,417,235,Open
PO_104712,SUP_197,PROD_0054,14-02-2024,2024-03-03,2024-03-05,175,159,474,Closed
PO_104713,SUP_190,PROD_0074,2024/08/08,2024-08-21,2024-08-22,806,761,389,Open
PO_104714,SUP_147,PROD_0059,2024/11/01,2024-11-15,2024-11-17,626,560,84,Delayed
PO_104715,SUP_110,PROD_0070,25-08-2024,2024-08-31,2024-09-01,1318,1125,299,Delayed
PO_104716,SUP_084,PROD_0085,06-04-2024,2024-04-17,2024-04-21,604,552,344,Closed
PO_104717,SUP_169,PROD_0062,31-08-2024,2024-09-18,2024-09-15,1543,1390,450,Open
PO_104718,SUP_032,PROD_0098,13-05-2024,2024-05-26,2024-05-23,1731,1651,127,Closed
PO_104719,SUP_143,PROD_0102,24-05-2024,2024-06-02,2024-06-04,823,717,214,Open
PO_104720,SUP_177,PROD_0185,2024/03/19,2024-03-26,2024-03-26,1192,1101,170,Closed
PO_104721,SUP_093,PROD_0073,2024/01/05,2024-01-21,2024-01-22,371,370,485,Open
PO_104722,SUP_016,PROD_0262,2024/06/22,2024-06-27,2024-06-29,923,854,317,Delayed
PO_104723,SUP_039,PROD_0201,26-09-2024,2024-10-06,2024-10-03,998,896,120,Closed
PO_104724,SUP_136,PROD_0054,06-06-2024,2024-06-12,2024-06-11,1444,1414,356,Closed
PO_104725,SUP_040,PROD_0210,18-03-2024,2024-04-05,2024-04-09,424,376,271,Open
PO_104726,SUP_086,PROD_0260,2024/08/16,2024-09-03,2024-09-07,696,692,262,Delayed
PO_104727,SUP_118,PROD_0151,2024/03/04,2024-03-18,2024-03-21,1200,1169,268,Delayed
PO_104728,SUP_019,PROD_0104,18-03-2024,2024-04-01,2024-04-02,1343,1247,352,Open
PO_104729,SUP_104,PROD_0210,2024/06/26,2024-07-16,2024-07-15,1874,1850,464,Open
PO_104730,SUP_113,PROD_0257,2024/12/29,2025-01-03,2025-01-05,570,510,247,Closed
PO_104731,SUP_183,PROD_0106,2024/01/17,2024-01-28,2024-01-26,912,802,103,Open
PO_104732,SUP_054,PROD_0284,18-08-2024,2024-08-23,2024-08-25,598,595,194,Delayed
PO_104733,SUP_171,PROD_0050,23-04-2024,2024-05-04,2024-05-04,308,293,374,Closed
PO_104734,SUP_041,PROD_0128,2024/02/23,2024-03-11,2024-03-14,672,625,316,Closed
PO_104735,SUP_136,PROD_0188,02-10-2024,2024-10-08,2024-10-06,1884,1700,345,Closed
PO_104736,SUP_062,PROD_0289,2024/02/26,2024-03-13,2024-03-14,1686,1556,493,Delayed
PO_104737,SUP_082,PROD_0297,2024/02/18,2024-03-05,2024-03-09,603,522,173,Closed
PO_104738,SUP_047,PROD_0121,10-12-2024,2024-12-27,2024-12-30,125,118,296,Open
PO_104739,SUP_168,PROD_0090,31-01-2024,2024-02-14,2024-02-17,177,175,112,Closed
PO_104740,SUP_087,PROD_0054,08-06-2024,2024-06-28,2024-07-03,1408,1359,349,Delayed
PO_104741,SUP_199,PROD_0126,2024/12/22,2024-12-31,2025-01-03,1413,1287,90,Closed
PO_104742,SUP_020,PROD_0166,31-07-2024,2024-08-09,2024-08-07,223,219,311,Delayed
PO_104743,SUP_135,PROD_0033,2024/10/24,2024-11-13,2024-11-10,908,780,109,Delayed
PO_104744,SUP_136,PROD_0203,2024/11/09,2024-11-29,2024-12-01,476,457,484,Open
PO_104745,SUP_143,PROD_0084,2024/01/26,2024-02-06,2024-02-09,1231,1075,87,Open
PO_104746,SUP_176,PROD_0233,22-01-2024,2024-02-10,2024-02-10,1064,925,140,Open
PO_104747,SUP_040,PROD_0014,2024/04/11,2024-04-16,2024-04-16,1367,1174,45,Open
PO_104748,SUP_002,PROD_0091,06-12-2024,2024-12-23,2024-12-22,914,848,447,Open
PO_104749,SUP_136,PROD_0088,2024/05/26,2024-06-10,2024-06-14,1377,1186,307,Closed
PO_104750,SUP_045,PROD_0079,2024/03/27,2024-04-15,2024-04-15,1191,1164,100,Closed
PO_104751,SUP_198,PROD_0168,2024/03/29,2024-04-07,2024-04-13,1028,938,383,Closed
PO_104752,SUP_141,PROD_0152,2024/02/27,2024-03-12,2024-03-18,1473,1377,476,Open
PO_104753,SUP_080,PROD_0185,29-05-2024,2024-06-10,2024-06-08,1136,1118,314,Open
PO_104754,SUP_147,PROD_0089,2024/08/20,2024-08-26,2024-08-23,1073,981,456,Open
PO_104755,SUP_123,PROD_0180,2024/04/20,2024-05-07,2024-05-10,1326,1219,467,Delayed
PO_104756,SUP_140,PROD_0125,2024/11/28,2024-12-14,2024-12-11,673,641,465,Open
PO_104757,SUP_119,PROD_0017,03-07-2024,2024-07-09,2024-07-06,1890,1633,419,Delayed
PO_104758,SUP_020,PROD_0117,06-04-2024,2024-04-14,2024-04-18,1716,1643,114,Delayed
PO_104759,SUP_194,PROD_0192,27-12-2024,2025-01-01,2025-01-02,495,473,147,Delayed
PO_104760,SUP_104,PROD_0016,03-08-2024,2024-08-16,2024-08-13,336,290,64,Delayed
PO_104761,SUP_112,PROD_0086,12-12-2024,2024-12-23,2024-12-23,769,675,135,Open
PO_104762,SUP_195,PROD_0198,28-01-2024,2024-02-08,2024-02-06,894,861,420,Closed
PO_104763,SUP_141,PROD_0080,28-04-2024,2024-05-06,2024-05-09,293,261,189,Closed
PO_104764,SUP_155,PROD_0299,04-01-2024,2024-01-11,2024-01-15,275,251,393,Open
PO_104765,SUP_171,PROD_0294,26-08-2024,2024-09-08,2024-09-05,784,712,430,Closed
PO_104766,SUP_194,PROD_0171,10-10-2024,2024-10-17,2024-10-23,1934,1854,403,Open
PO_104767,SUP_094,PROD_0189,2024/04/29,2024-05-15,2024-05-14,1743,1525,253,Open
PO_104768,SUP_167,PROD_0015,09-08-2024,2024-08-21,2024-08-23,472,420,175,Delayed
PO_104769,SUP_084,PROD_0217,05-04-2024,2024-04-22,2024-04-26,300,256,67,Closed
PO_104770,SUP_114,PROD_0148,30-05-2024,2024-06-09,2024-06-09,850,742,492,Delayed
PO_104771,SUP_050,PROD_0078,03-06-2024,2024-06-09,2024-06-11,1064,936,83,Delayed
PO_104772,SUP_081,PROD_0270,2024/09/10,2024-09-30,2024-10-02,434,427,241,Delayed
PO_104773,SUP_064,PROD_0051,2024/11/15,2024-11-23,2024-11-26,1770,1748,413,Closed
PO_104774,SUP_068,PROD_0060,11-06-2024,2024-06-19,2024-06-17,236,210,172,Open
PO_104775,SUP_113,PROD_0112,2024/12/25,2025-01-08,2025-01-10,1916,1666,196,Delayed
PO_104776,SUP_183,PROD_0136,14-04-2024,2024-05-03,2024-05-01,1990,1738,419,Delayed
PO_104777,SUP_082,PROD_0028,01-01-2024,2024-01-19,2024-01-22,1322,1261,204,Open
PO_104778,SUP_167,PROD_0047,2024/08/31,2024-09-05,2024-09-05,620,590,43,Open
PO_104779,SUP_010,PROD_0059,15-02-2024,2024-03-05,2024-03-02,892,784,93,Delayed
PO_104780,SUP_171,PROD_0268,2024/03/05,2024-03-24,2024-03-24,1190,1172,153,Delayed
PO_104781,SUP_121,PROD_0195,2024/02/14,2024-03-04,2024-03-03,160,147,165,Open
PO_104782,SUP_199,PROD_0163,12-05-2024,2024-05-17,2024-05-14,230,213,331,Closed
PO_104783,SUP_075,PROD_0039,2024/07/23,2024-07-29,2024-08-02,1232,1078,459,Open
PO_104784,SUP_170,PROD_0036,23-05-2024,2024-06-03,2024-06-04,1661,1625,392,Closed
PO_104785,SUP_112,PROD_0074,2024/05/09,2024-05-29,2024-05-31,1897,1752,189,Delayed
PO_104786,SUP_076,PROD_0065,2024/03/15,2024-03-24,2024-03-24,1826,1589,71,Closed
PO_104787,SUP_153,PROD_0179,2024/08/04,2024-08-17,2024-08-20,212,186,154,Delayed
PO_104788,SUP_177,PROD_0217,25-12-2024,2025-01-09,2025-01-15,404,368,161,Open
PO_104789,SUP_049,PROD_0120,16-03-2024,2024-03-23,2024-03-27,687,595,257,Open
PO_104790,SUP_166,PROD_0148,2024/05/18,2024-06-02,2024-05-30,980,859,57,Closed
PO_104791,SUP_165,PROD_0149,2024/12/19,2024-12-30,2025-01-03,1437,1385,93,Open
PO_104792,SUP_176,PROD_0024,2024/05/03,2024-05-11,2024-05-08,1116,1111,318,Open
PO_104793,SUP_116,PROD_0193,2024/10/01,2024-10-19,2024-10-25,1811,1566,390,Closed
PO_104794,SUP_083,PROD_0143,2024/10/12,2024-10-24,2024-10-21,661,642,94,Open
PO_104795,SUP_058,PROD_0191,07-09-2024,2024-09-21,2024-09-25,592,586,161,Delayed
PO_104796,SUP_009,PROD_0049,2024/11/07,2024-11-27,2024-11-27,984,945,428,Delayed
PO_104797,SUP_180,PROD_0248,03-07-2024,2024-07-12,2024-07-14,1813,1704,163,Closed
PO_104798,SUP_192,PROD_0060,10-05-2024,2024-05-15,2024-05-21,538,523,282,Open
PO_104799,SUP_165,PROD_0010,14-11-2024,2024-12-01,2024-12-06,1272,1269,396,Delayed
PO_104800,SUP_169,PROD_0182,2024/07/02,2024-07-12,2024-07-18,143,122,207,Delayed
PO_104801,SUP_069,PROD_0229,28-06-2024,2024-07-18,2024-07-24,413,397,297,Closed
PO_104802,SUP_190,PROD_0089,2024/07/18,2024-08-04,2024-08-09,201,188,243,Closed
PO_104803,SUP_010,PROD_0196,2024/08/06,2024-08-14,2024-08-12,1322,1168,217,Delayed
PO_104804,SUP_014,PROD_0202,2024/09/06,2024-09-11,2024-09-16,1191,1140,416,Closed
PO_104805,SUP_150,PROD_0171,15-02-2024,2024-02-23,2024-02-22,1467,1400,460,Closed
PO_104806,SUP_048,PROD_0169,2024/10/10,2024-10-19,2024-10-18,529,498,163,Open
PO_104807,SUP_055,PROD_0266,2024/09/12,2024-09-21,2024-09-23,104,99,462,Open
PO_104808,SUP_067,PROD_0048,2024/03/04,2024-03-22,2024-03-21,1511,1332,275,Open
PO_104809,SUP_167,PROD_0252,30-03-2024,2024-04-19,2024-04-23,486,442,113,Delayed
PO_104810,SUP_080,PROD_0078,07-09-2024,2024-09-20,2024-09-19,1959,1671,441,Delayed
PO_104811,SUP_124,PROD_0134,09-05-2024,2024-05-19,2024-05-16,999,877,344,Open
PO_104812,SUP_037,PROD_0176,2024/11/28,2024-12-17,2024-12-15,1364,1171,402,Delayed
PO_104813,SUP_001,PROD_0295,2024/06/17,2024-06-26,2024-06-28,563,524,485,Open
PO_104814,SUP_156,PROD_0115,2024/12/18,2025-01-07,2025-01-11,1344,1243,449,Open
PO_104815,SUP_117,PROD_0077,2024/12/09,2024-12-19,2024-12-23,531,479,275,Delayed
PO_104816,SUP_033,PROD_0299,2024/11/16,2024-11-24,2024-11-27,1494,1307,441,Closed
PO_104817,SUP_019,PROD_0123,2024/05/02,2024-05-17,2024-05-15,308,302,377,Closed
PO_104818,SUP_196,PROD_0023,26-01-2024,2024-02-03,2024-01-31,1073,957,208,Open
PO_104819,SUP_183,PROD_0054,2024/07/26,2024-08-08,2024-08-13,1804,1620,437,Closed
PO_104820,SUP_009,PROD_0286,12-03-2024,2024-03-21,2024-03-20,567,542,478,Closed
PO_104821,SUP_185,PROD_0295,2024/09/25,2024-10-10,2024-10-14,221,206,433,Closed
PO_104822,SUP_091,PROD_0288,2024/10/26,2024-11-03,2024-11-03,1083,1032,46,Delayed
PO_104823,SUP_029,PROD_0218,15-04-2024,2024-05-05,2024-05-11,447,402,103,Closed
PO_104824,SUP_153,PROD_0108,2024/07/11,2024-07-17,2024-07-22,113,110,356,Closed
PO_104825,SUP_140,PROD_0155,2024/07/09,2024-07-17,2024-07-23,574,521,78,Delayed
PO_104826,SUP_072,PROD_0225,02-11-2024,2024-11-14,2024-11-19,106,97,141,Delayed
PO_104827,SUP_172,PROD_0129,04-03-2024,2024-03-12,2024-03-12,1724,1601,146,Open
PO_104828,SUP_125,PROD_0008,27-03-2024,2024-04-10,2024-04-12,741,630,197,Open
PO_104829,SUP_053,PROD_0136,2024/04/29,2024-05-15,2024-05-17,1431,1357,299,Delayed
PO_104830,SUP_046,PROD_0290,2024/02/21,2024-02-29,2024-03-05,156,152,381,Delayed
PO_104831,SUP_137,PROD_0144,2024/04/28,2024-05-13,2024-05-10,1750,1738,109,Open
PO_104832,SUP_057,PROD_0238,2024/10/29,2024-11-08,2024-11-10,1155,998,288,Open
PO_104833,SUP_061,PROD_0111,2024/08/06,2024-08-20,2024-08-18,757,738,492,Closed
PO_104834,SUP_127,PROD_0032,2024/08/16,2024-08-21,2024-08-24,941,901,253,Closed
PO_104835,SUP_184,PROD_0221,2024/04/29,2024-05-06,2024-05-04,1273,1260,443,Closed
PO_104836,SUP_063,PROD_0251,23-02-2024,2024-03-09,2024-03-11,1622,1430,152,Delayed
PO_104837,SUP_127,PROD_0040,28-02-2024,2024-03-10,2024-03-11,1503,1396,69,Closed
PO_104838,SUP_107,PROD_0050,20-04-2024,2024-05-10,2024-05-16,1392,1390,373,Delayed
PO_104839,SUP_095,PROD_0265,24-10-2024,2024-11-02,2024-10-30,1935,1710,47,Closed
PO_104840,SUP_115,PROD_0153,2024/09/01,2024-09-10,2024-09-08,901,797,133,Open
PO_104841,SUP_083,PROD_0032,08-08-2024,2024-08-21,2024-08-25,599,563,115,Open
PO_104842,SUP_113,PROD_0062,09-03-2024,2024-03-14,2024-03-16,1567,1364,496,Closed
PO_104843,SUP_170,PROD_0012,18-08-2024,2024-08-28,2024-08-25,1372,1225,216,Open
PO_104844,SUP_155,PROD_0213,22-12-2024,2025-01-06,2025-01-03,1984,1962,315,Delayed
PO_104845,SUP_115,PROD_0276,2024/05/14,2024-05-27,2024-05-29,991,862,207,Delayed
PO_104846,SUP_067,PROD_0029,2024/08/16,2024-08-29,2024-08-30,479,453,57,Closed
PO_104847,SUP_003,PROD_0289,2024/07/08,2024-07-23,2024-07-26,1091,971,448,Closed
PO_104848,SUP_153,PROD_0125,2024/02/29,2024-03-17,2024-03-21,1736,1493,201,Closed
PO_104849,SUP_009,PROD_0179,06-02-2024,2024-02-18,2024-02-19,1869,1863,361,Closed
PO_104850,SUP_070,PROD_0222,2024/07/17,2024-08-06,2024-08-03,1269,1169,76,Open
PO_104851,SUP_076,PROD_0020,22-09-2024,2024-10-05,2024-10-02,200,170,46,Open
PO_104852,SUP_119,PROD_0198,31-12-2024,2025-01-18,2025-01-19,1839,1833,223,Closed
PO_104853,SUP_073,PROD_0283,31-05-2024,2024-06-19,2024-06-21,448,398,224,Open
PO_104854,SUP_022,PROD_0099,21-07-2024,2024-08-08,2024-08-07,747,701,267,Closed
PO_104855,SUP_130,PROD_0058,22-12-2024,2025-01-11,2025-01-17,778,682,418,Delayed
PO_104856,SUP_016,PROD_0286,2024/02/24,2024-03-12,2024-03-14,462,407,388,Open
PO_104857,SUP_087,PROD_0012,16-10-2024,2024-10-31,2024-11-06,146,138,197,Closed
PO_104858,SUP_124,PROD_0248,2024/09/11,2024-09-24,2024-09-22,1394,1380,261,Delayed
PO_104859,SUP_026,PROD_0021,2024/12/04,2024-12-21,2024-12-21,1776,1626,434,Closed
PO_104860,SUP_015,PROD_0084,24-12-2024,2025-01-05,2025-01-03,1295,1192,274,Open
PO_104861,SUP_072,PROD_0195,2024/07/11,2024-07-19,2024-07-22,1144,1123,170,Open
PO_104862,SUP_175,PROD_0158,24-05-2024,2024-06-09,2024-06-14,1343,1162,428,Delayed
PO_104863,SUP_023,PROD_0124,2024/10/04,2024-10-16,2024-10-15,1141,1082,498,Delayed
PO_104864,SUP_153,PROD_0081,2024/03/06,2024-03-19,2024-03-20,1671,1619,292,Delayed
PO_104865,SUP_077,PROD_0272,2024/08/22,2024-09-06,2024-09-12,289,281,407,Open
PO_104866,SUP_195,PROD_0279,11-01-2024,2024-01-16,2024-01-22,1452,1299,198,Open
PO_104867,SUP_129,PROD_0254,2024/04/30,2024-05-09,2024-05-10,1247,1202,419,Closed
PO_104868,SUP_173,PROD_0245,2024/11/25,2024-12-15,2024-12-15,1079,1024,243,Open
PO_104869,SUP_064,PROD_0141,19-10-2024,2024-11-08,2024-11-08,1027,909,311,Open
PO_104870,SUP_138,PROD_0293,27-02-2024,2024-03-06,2024-03-11,1030,989,102,Open
PO_104871,SUP_103,PROD_0030,2024/08/14,2024-09-01,2024-09-05,985,857,257,Delayed
PO_104872,SUP_033,PROD_0176,2024/03/02,2024-03-13,2024-03-15,435,395,234,Closed
PO_104873,SUP_004,PROD_0272,2024/08/17,2024-09-04,2024-09-10,1116,1038,472,Open
PO_104874,SUP_168,PROD_0224,2024/08/17,2024-09-01,2024-09-07,339,334,53,Closed
PO_104875,SUP_072,PROD_0229,29-10-2024,2024-11-16,2024-11-20,195,180,378,Open
PO_104876,SUP_120,PROD_0029,26-02-2024,2024-03-10,2024-03-07,827,719,452,Open
PO_104877,SUP_073,PROD_0019,10-01-2024,2024-01-17,2024-01-19,854,807,184,Open
PO_104878,SUP_067,PROD_0137,14-06-2024,2024-06-23,2024-06-25,897,830,362,Open
PO_104879,SUP_173,PROD_0210,2024/06/21,2024-07-06,2024-07-10,899,817,466,Closed
PO_104880,SUP_086,PROD_0014,2024/06/22,2024-07-05,2024-07-04,106,100,402,Closed
PO_104881,SUP_136,PROD_0074,06-01-2024,2024-01-25,2024-01-24,1063,1024,415,Open
PO_104882,SUP_184,PROD_0285,19-10-2024,2024-11-03,2024-11-08,1903,1756,324,Closed
PO_104883,SUP_109,PROD_0277,26-11-2024,2024-12-14,2024-12-17,146,124,160,Delayed
PO_104884,SUP_139,PROD_0089,05-04-2024,2024-04-24,2024-04-27,1495,1434,488,Delayed
PO_104885,SUP_155,PROD_0204,2024/05/26,2024-06-06,2024-06-08,194,189,68,Closed
PO_104886,SUP_120,PROD_0270,2024/08/09,2024-08-25,2024-08-25,1079,982,293,Closed
PO_104887,SUP_017,PROD_0058,2024/05/22,2024-06-11,2024-06-09,960,915,187,Closed
PO_104888,SUP_176,PROD_0242,2024/12/14,2025-01-01,2025-01-07,783,767,51,Closed
PO_104889,SUP_019,PROD_0179,24-06-2024,2024-07-04,2024-07-06,173,160,90,Delayed
PO_104890,SUP_014,PROD_0245,31-08-2024,2024-09-06,2024-09-10,1379,1343,300,Closed
PO_104891,SUP_079,PROD_0297,2024/01/11,2024-01-18,2024-01-18,541,461,426,Closed
PO_104892,SUP_111,PROD_0294,2024/04/16,2024-05-06,2024-05-07,574,509,131,Open
PO_104893,SUP_098,PROD_0296,15-11-2024,2024-11-29,2024-11-27,1230,1208,41,Open
PO_104894,SUP_077,PROD_0216,08-11-2024,2024-11-16,2024-11-14,1420,1274,395,Closed
PO_104895,SUP_154,PROD_0049,2024/05/06,2024-05-13,2024-05-11,1210,1095,119,Open
PO_104896,SUP_049,PROD_0119,01-07-2024,2024-07-17,2024-07-15,268,263,374,Delayed
PO_104897,SUP_166,PROD_0297,2024/01/31,2024-02-16,2024-02-22,888,818,261,Closed
PO_104898,SUP_124,PROD_0183,21-04-2024,2024-05-05,2024-05-05,1242,1228,385,Delayed
PO_104899,SUP_122,PROD_0246,26-05-2024,2024-06-05,2024-06-10,1125,1017,193,Open
PO_104900,SUP_188,PROD_0092,17-11-2024,2024-12-02,2024-11-29,1605,1587,164,Open
PO_104901,SUP_020,PROD_0206,31-08-2024,2024-09-09,2024-09-07,1029,914,334,Open
PO_104902,SUP_159,PROD_0075,24-01-2024,2024-02-08,2024-02-10,505,464,120,Delayed
PO_104903,SUP_102,PROD_0286,20-11-2024,2024-12-04,2024-12-09,603,603,393,Open
PO_104904,SUP_171,PROD_0270,2024/12/28,2025-01-17,2025-01-23,1912,1762,163,Delayed
PO_104905,SUP_125,PROD_0246,10-02-2024,2024-02-20,2024-02-25,993,909,266,Open
PO_104906,SUP_114,PROD_0195,02-10-2024,2024-10-19,2024-10-25,270,239,66,Delayed
PO_104907,SUP_026,PROD_0163,2024/07/12,2024-07-29,2024-07-31,474,464,467,Closed
PO_104908,SUP_020,PROD_0005,08-02-2024,2024-02-14,2024-02-13,137,130,186,Closed
PO_104909,SUP_064,PROD_0128,2024/10/17,2024-10-24,2024-10-23,1318,1236,437,Closed
PO_104910,SUP_075,PROD_0203,2024/04/02,2024-04-20,2024-04-22,996,902,310,Open
PO_104911,SUP_017,PROD_0041,11-06-2024,2024-06-16,2024-06-14,1292,1105,147,Closed
PO_104912,SUP_024,PROD_0113,2024/06/14,2024-06-28,2024-06-30,910,895,266,Closed
PO_104913,SUP_146,PROD_0098,21-12-2024,2024-12-27,2024-12-25,1460,1264,394,Open
PO_104914,SUP_002,PROD_0095,2024/07/03,2024-07-21,2024-07-18,1742,1533,295,Delayed
PO_104915,SUP_153,PROD_0247,24-12-2024,2025-01-12,2025-01-12,1028,884,149,Closed
PO_104916,SUP_020,PROD_0283,03-01-2024,2024-01-11,2024-01-12,1258,1226,127,Closed
PO_104917,SUP_135,PROD_0196,22-03-2024,2024-04-04,2024-04-01,100,95,252,Open
PO_104918,SUP_081,PROD_0044,2024/12/20,2025-01-07,2025-01-10,208,193,127,Closed
PO_104919,SUP_143,PROD_0016,23-06-2024,2024-06-29,2024-06-30,1797,1543,281,Open
PO_104920,SUP_018,PROD_0058,2024/06/22,2024-06-28,2024-06-26,1931,1808,201,Delayed
PO_104921,SUP_154,PROD_0098,17-11-2024,2024-12-05,2024-12-02,1800,1670,117,Open
PO_104922,SUP_129,PROD_0171,05-09-2024,2024-09-23,2024-09-26,201,194,473,Closed
PO_104923,SUP_046,PROD_0159,11-06-2024,2024-07-01,2024-07-03,116,110,468,Open
PO_104924,SUP_178,PROD_0257,2024/01/30,2024-02-16,2024-02-22,1895,1822,174,Closed
PO_104925,SUP_041,PROD_0256,2024/09/08,2024-09-23,2024-09-24,1901,1870,94,Closed
PO_104926,SUP_098,PROD_0029,2024/02/29,2024-03-14,2024-03-19,1242,1149,463,Delayed
PO_104927,SUP_085,PROD_0182,2024/01/11,2024-01-18,2024-01-24,1122,1078,383,Closed
PO_104928,SUP_084,PROD_0024,2024/10/12,2024-10-22,2024-10-25,1107,1007,417,Open
PO_104929,SUP_160,PROD_0134,2024/05/28,2024-06-04,2024-06-05,1955,1735,182,Delayed
PO_104930,SUP_089,PROD_0023,26-07-2024,2024-08-15,2024-08-12,1185,1023,315,Open
PO_104931,SUP_198,PROD_0091,2024/03/04,2024-03-16,2024-03-20,1470,1354,302,Delayed
PO_104932,SUP_106,PROD_0289,09-05-2024,2024-05-28,2024-05-25,700,680,113,Delayed
PO_104933,SUP_098,PROD_0276,29-02-2024,2024-03-14,2024-03-13,1890,1646,42,Open
PO_104934,SUP_068,PROD_0113,30-11-2024,2024-12-05,2024-12-02,978,940,313,Open
PO_104935,SUP_167,PROD_0240,2024/10/22,2024-11-11,2024-11-10,1475,1353,155,Open
PO_104936,SUP_022,PROD_0166,2024/02/23,2024-02-29,2024-03-02,615,526,102,Closed
PO_104937,SUP_118,PROD_0179,2024/09/10,2024-09-28,2024-09-25,264,231,392,Delayed
PO_104938,SUP_142,PROD_0129,2024/10/01,2024-10-06,2024-10-03,1941,1740,269,Delayed
PO_104939,SUP_161,PROD_0220,25-05-2024,2024-06-10,2024-06-12,1035,1002,263,Open
PO_104940,SUP_155,PROD_0082,2024/01/24,2024-02-11,2024-02-14,1099,979,107,Delayed
PO_104941,SUP_003,PROD_0078,29-04-2024,2024-05-13,2024-05-19,1869,1644,100,Open
PO_104942,SUP_137,PROD_0114,2024/03/22,2024-04-10,2024-04-09,1626,1432,226,Open
PO_104943,SUP_027,PROD_0088,2024/08/25,2024-09-07,2024-09-04,1933,1666,308,Open
PO_104944,SUP_198,PROD_0201,2024/10/30,2024-11-12,2024-11-13,1509,1433,278,Delayed
PO_104945,SUP_088,PROD_0208,2024/09/30,2024-10-05,2024-10-03,461,407,383,Closed
PO_104946,SUP_144,PROD_0277,29-09-2024,2024-10-10,2024-10-13,296,253,420,Closed
PO_104947,SUP_167,PROD_0087,2024/07/02,2024-07-22,2024-07-19,1722,1487,75,Delayed
PO_104948,SUP_096,PROD_0173,30-11-2024,2024-12-17,2024-12-17,1037,971,71,Delayed
PO_104949,SUP_193,PROD_0040,2024/02/24,2024-03-10,2024-03-08,901,876,264,Delayed
PO_104950,SUP_089,PROD_0278,2024/07/30,2024-08-08,2024-08-14,931,892,488,Delayed
PO_104951,SUP_097,PROD_0263,08-04-2024,2024-04-25,2024-04-22,371,346,439,Closed
PO_104952,SUP_071,PROD_0185,14-03-2024,2024-03-20,2024-03-26,403,344,131,Delayed
PO_104953,SUP_144,PROD_0238,2024/01/11,2024-01-28,2024-02-03,649,577,49,Delayed
PO_104954,SUP_052,PROD_0148,2024/10/13,2024-11-02,2024-10-31,1773,1567,470,Closed
PO_104955,SUP_132,PROD_0148,2024/01/27,2024-02-01,2024-02-04,897,823,205,Delayed
PO_104956,SUP_016,PROD_0116,15-10-2024,2024-10-27,2024-10-24,1649,1580,42,Open
PO_104957,SUP_161,PROD_0255,2024/11/28,2024-12-16,2024-12-13,1551,1545,313,Closed
PO_104958,SUP_121,PROD_0191,2024/07/15,2024-07-28,2024-08-03,1865,1587,474,Open
PO_104959,SUP_081,PROD_0284,2024/05/24,2024-06-12,2024-06-18,204,188,365,Closed
PO_104960,SUP_148,PROD_0013,2024/05/14,2024-06-03,2024-05-31,359,315,290,Open
PO_104961,SUP_197,PROD_0025,05-08-2024,2024-08-18,2024-08-20,332,302,136,Delayed
PO_104962,SUP_085,PROD_0153,2024/01/26,2024-02-03,2024-02-09,1217,1157,207,Closed
PO_104963,SUP_007,PROD_0196,04-10-2024,2024-10-09,2024-10-14,679,597,132,Delayed
PO_104964,SUP_058,PROD_0095,25-03-2024,2024-04-09,2024-04-06,1010,861,123,Open
PO_104965,SUP_095,PROD_0029,21-12-2024,2024-12-30,2025-01-04,838,726,77,Closed
PO_104966,SUP_113,PROD_0284,17-06-2024,2024-06-27,2024-06-28,1058,1029,81,Open
PO_104967,SUP_160,PROD_0062,10-12-2024,2024-12-26,2024-12-23,1573,1561,225,Delayed
PO_104968,SUP_024,PROD_0149,21-11-2024,2024-12-04,2024-12-02,1150,1003,52,Closed
PO_104969,SUP_071,PROD_0192,2024/01/12,2024-01-17,2024-01-21,628,541,363,Open
PO_104970,SUP_105,PROD_0075,07-08-2024,2024-08-18,2024-08-18,1742,1675,435,Delayed
PO_104971,SUP_157,PROD_0104,19-10-2024,2024-11-01,2024-11-05,563,483,301,Delayed
PO_104972,SUP_097,PROD_0027,2024/03/18,2024-04-03,2024-04-02,1842,1752,144,Open
PO_104973,SUP_032,PROD_0105,11-04-2024,2024-04-29,2024-04-26,998,970,81,Closed
PO_104974,SUP_138,PROD_0036,2024/11/08,2024-11-22,2024-11-28,277,271,110,Closed
PO_104975,SUP_077,PROD_0107,08-08-2024,2024-08-25,2024-08-31,688,638,485,Open
PO_104976,SUP_081,PROD_0144,2024/12/13,2024-12-24,2024-12-22,1447,1324,196,Open
PO_104977,SUP_082,PROD_0056,2024/10/09,2024-10-17,2024-10-19,164,148,426,Open
PO_104978,SUP_149,PROD_0246,2024/12/25,2025-01-06,2025-01-04,1193,1119,269,Closed
PO_104979,SUP_054,PROD_0124,02-05-2024,2024-05-08,2024-05-07,506,458,44,Delayed
PO_104980,SUP_197,PROD_0075,22-09-2024,2024-10-04,2024-10-02,1454,1318,331,Closed
PO_104981,SUP_200,PROD_0159,08-11-2024,2024-11-17,2024-11-21,133,120,172,Delayed
PO_104982,SUP_128,PROD_0079,10-08-2024,2024-08-27,2024-08-30,1154,1079,195,Closed
PO_104983,SUP_108,PROD_0219,2024/03/23,2024-04-11,2024-04-13,1076,965,415,Open
PO_104984,SUP_015,PROD_0285,14-09-2024,2024-09-19,2024-09-21,520,509,288,Closed
PO_104985,SUP_156,PROD_0298,13-04-2024,2024-04-24,2024-04-21,1255,1204,275,Closed
PO_104986,SUP_093,PROD_0051,2024/05/30,2024-06-18,2024-06-22,203,197,363,Closed
PO_104987,SUP_168,PROD_0212,2024/02/23,2024-02-28,2024-03-05,1138,1015,378,Open
PO_104988,SUP_109,PROD_0279,23-08-2024,2024-09-02,2024-09-07,1428,1359,372,Open
PO_104989,SUP_130,PROD_0269,2024/01/06,2024-01-11,2024-01-14,1687,1449,492,Closed
PO_104990,SUP_044,PROD_0279,06-09-2024,2024-09-12,2024-09-13,1588,1521,483,Open
PO_104991,SUP_020,PROD_0231,2024/07/12,2024-07-27,2024-08-01,147,143,256,Closed
PO_104992,SUP_117,PROD_0227,2024/03/21,2024-04-04,2024-04-02,1463,1245,352,Closed
PO_104993,SUP_144,PROD_0003,04-03-2024,2024-03-10,2024-03-15,227,226,311,Open
PO_104994,SUP_070,PROD_0274,2024/05/12,2024-05-25,2024-05-30,1033,941,322,Closed
PO_104995,SUP_118,PROD_0070,2024/05/10,2024-05-28,2024-05-30,1204,1122,233,Closed
PO_104996,SUP_177,PROD_0016,2024/04/03,2024-04-11,2024-04-11,243,233,383,Delayed
PO_104997,SUP_156,PROD_0296,2024/08/04,2024-08-22,2024-08-23,214,211,203,Delayed
PO_104998,SUP_186,PROD_0285,2024/12/16,2024-12-30,2024-12-30,1411,1201,52,Delayed
PO_104999,SUP_181,PROD_0124,2024/04/18,2024-05-07,2024-05-12,454,441,368,Closed
PO_105000,SUP_021,PROD_0171,05-03-2024,2024-03-23,2024-03-28,1180,1084,294,Open
PO_105001,SUP_183,PROD_0040,03-10-2024,2024-10-11,2024-10-11,1393,1256,415,Closed
PO_105002,SUP_153,PROD_0142,02-03-2024,2024-03-22,2024-03-24,894,823,110,Closed
PO_105003,SUP_185,PROD_0020,10-04-2024,2024-04-18,2024-04-22,1215,1122,121,Delayed
PO_105004,SUP_080,PROD_0008,11-11-2024,2024-12-01,2024-12-04,990,953,109,Delayed
PO_105005,SUP_086,PROD_0227,2024/05/20,2024-06-06,2024-06-07,1936,1874,46,Open
PO_105006,SUP_125,PROD_0262,2024/07/27,2024-08-13,2024-08-12,339,330,347,Open
PO_105007,SUP_077,PROD_0077,2024/08/06,2024-08-21,2024-08-20,747,667,215,Open
PO_105008,SUP_147,PROD_0029,2024/10/14,2024-11-01,2024-11-04,1030,993,129,Closed
PO_105009,SUP_171,PROD_0013,10-03-2024,2024-03-28,2024-04-01,1361,1181,178,Open
PO_105010,SUP_060,PROD_0286,13-05-2024,2024-05-21,2024-05-21,1158,1088,123,Delayed
PO_105011,SUP_138,PROD_0269,2024/10/02,2024-10-13,2024-10-13,1361,1255,109,Closed
PO_105012,SUP_108,PROD_0096,2024/03/20,2024-04-05,2024-04-06,966,965,372,Open
PO_105013,SUP_128,PROD_0138,08-08-2024,2024-08-15,2024-08-12,564,561,224,Delayed
PO_105014,SUP_181,PROD_0157,2024/01/27,2024-02-10,2024-02-10,1104,1086,373,Closed
PO_105015,SUP_166,PROD_0205,29-07-2024,2024-08-07,2024-08-11,574,491,360,Closed
PO_105016,SUP_100,PROD_0019,09-02-2024,2024-02-18,2024-02-21,944,913,481,Closed
PO_105017,SUP_013,PROD_0055,25-05-2024,2024-05-31,2024-06-06,1957,1883,478,Open
PO_105018,SUP_064,PROD_0020,2024/07/01,2024-07-16,2024-07-17,795,681,199,Closed
PO_105019,SUP_126,PROD_0153,2024/08/30,2024-09-12,2024-09-15,366,366,375,Delayed
PO_105020,SUP_183,PROD_0067,19-12-2024,2024-12-29,2024-12-26,1966,1845,371,Delayed
PO_105021,SUP_051,PROD_0081,2024/12/11,2024-12-30,2024-12-30,215,188,295,Open
PO_105022,SUP_192,PROD_0230,22-07-2024,2024-08-07,2024-08-10,1266,1091,493,Delayed
PO_105023,SUP_024,PROD_0110,2024/09/29,2024-10-16,2024-10-14,1870,1718,100,Closed
PO_105024,SUP_046,PROD_0076,23-11-2024,2024-12-02,2024-12-04,168,156,51,Open
PO_105025,SUP_196,PROD_0212,2024/05/11,2024-05-23,2024-05-24,1804,1706,334,Closed
PO_105026,SUP_073,PROD_0256,2024/08/08,2024-08-24,2024-08-21,1835,1810,203,Delayed
PO_105027,SUP_096,PROD_0294,14-05-2024,2024-05-21,2024-05-19,942,890,47,Closed
PO_105028,SUP_144,PROD_0253,2024/10/08,2024-10-28,2024-10-30,835,827,346,Open
PO_105029,SUP_089,PROD_0166,15-10-2024,2024-10-25,2024-10-22,633,558,410,Delayed
PO_105030,SUP_071,PROD_0119,25-03-2024,2024-04-06,2024-04-03,1750,1497,481,Delayed
PO_105031,SUP_076,PROD_0148,2024/05/06,2024-05-15,2024-05-21,1113,1004,274,Closed
PO_105032,SUP_128,PROD_0145,2024/03/15,2024-03-29,2024-03-31,1490,1490,273,Delayed
PO_105033,SUP_163,PROD_0202,28-01-2024,2024-02-11,2024-02-15,1030,945,106,Delayed
PO_105034,SUP_027,PROD_0289,2024/09/03,2024-09-12,2024-09-17,532,453,378,Open
PO_105035,SUP_144,PROD_0150,2024/08/18,2024-08-25,2024-08-22,165,149,345,Closed
PO_105036,SUP_163,PROD_0133,10-11-2024,2024-11-20,2024-11-26,1267,1109,166,Closed
PO_105037,SUP_155,PROD_0241,06-03-2024,2024-03-15,2024-03-18,828,827,299,Closed
PO_105038,SUP_165,PROD_0187,02-04-2024,2024-04-16,2024-04-21,1312,1235,76,Delayed
PO_105039,SUP_191,PROD_0134,2024/10/20,2024-10-27,2024-10-29,1670,1477,474,Open
PO_105040,SUP_198,PROD_0115,2024/12/13,2024-12-29,2025-01-01,817,730,99,Closed
PO_105041,SUP_007,PROD_0264,15-05-2024,2024-05-28,2024-05-25,1567,1528,485,Closed
PO_105042,SUP_157,PROD_0150,2024/07/31,2024-08-11,2024-08-09,1602,1422,162,Open
PO_105043,SUP_054,PROD_0064,2024/08/18,2024-08-31,2024-09-02,1368,1201,50,Delayed
PO_105044,SUP_079,PROD_0078,24-03-2024,2024-03-31,2024-03-29,1726,1515,76,Delayed
PO_105045,SUP_142,PROD_0259,2024/09/18,2024-09-25,2024-09-27,624,604,174,Closed
PO_105046,SUP_008,PROD_0228,25-08-2024,2024-09-13,2024-09-10,1098,939,69,Delayed
PO_105047,SUP_048,PROD_0228,2024/07/08,2024-07-13,2024-07-16,366,336,237,Closed
PO_105048,SUP_001,PROD_0254,10-05-2024,2024-05-21,2024-05-20,975,962,211,Closed
PO_105049,SUP_191,PROD_0124,2024/05/10,2024-05-30,2024-05-27,1085,1034,302,Delayed
PO_105050,SUP_167,PROD_0098,21-09-2024,2024-10-11,2024-10-15,1458,1397,208,Delayed
PO_105051,SUP_133,PROD_0154,2024/11/14,2024-12-02,2024-12-02,896,853,329,Open
PO_105052,SUP_130,PROD_0186,17-05-2024,2024-05-25,2024-05-31,1216,1148,384,Delayed
PO_105053,SUP_191,PROD_0010,2024/10/18,2024-10-27,2024-11-01,439,385,244,Open
PO_105054,SUP_043,PROD_0247,2024/06/29,2024-07-07,2024-07-09,1335,1206,410,Open
PO_105055,SUP_058,PROD_0099,05-10-2024,2024-10-25,2024-10-23,839,836,369,Closed
PO_105056,SUP_171,PROD_0110,06-02-2024,2024-02-25,2024-03-02,1685,1596,156,Open
PO_105057,SUP_109,PROD_0049,2024/09/10,2024-09-25,2024-09-28,1901,1852,72,Open
PO_105058,SUP_006,PROD_0023,03-07-2024,2024-07-09,2024-07-08,330,290,450,Open
PO_105059,SUP_092,PROD_0268,2024/09/27,2024-10-15,2024-10-16,1457,1409,352,Open
PO_105060,SUP_084,PROD_0117,29-01-2024,2024-02-03,2024-02-05,347,326,365,Delayed
PO_105061,SUP_085,PROD_0111,2024/01/28,2024-02-15,2024-02-15,295,281,354,Open
PO_105062,SUP_148,PROD_0086,02-11-2024,2024-11-13,2024-11-12,1595,1536,324,Open
PO_105063,SUP_174,PROD_0244,2024/05/26,2024-06-12,2024-06-11,466,436,242,Closed
PO_105064,SUP_053,PROD_0276,15-02-2024,2024-02-22,2024-02-24,434,430,382,Closed
PO_105065,SUP_188,PROD_0050,2024/12/02,2024-12-07,2024-12-11,765,689,268,Delayed
PO_105066,SUP_030,PROD_0290,2024/06/02,2024-06-15,2024-06-21,648,598,454,Delayed
PO_105067,SUP_046,PROD_0135,2024/05/18,2024-06-02,2024-06-08,1655,1577,430,Closed
PO_105068,SUP_197,PROD_0253,2024/10/10,2024-10-23,2024-10-20,1276,1198,406,Delayed
PO_105069,SUP_106,PROD_0271,2024/02/08,2024-02-24,2024-02-28,1848,1739,157,Closed
PO_105070,SUP_139,PROD_0080,27-11-2024,2024-12-16,2024-12-13,756,686,385,Closed
PO_105071,SUP_112,PROD_0232,2024/11/26,2024-12-04,2024-12-01,492,434,85,Closed
PO_105072,SUP_190,PROD_0192,01-09-2024,2024-09-17,2024-09-23,315,293,180,Open
PO_105073,SUP_003,PROD_0048,2024/02/09,2024-02-27,2024-03-01,1591,1536,275,Open
PO_105074,SUP_001,PROD_0095,2024/01/28,2024-02-10,2024-02-10,657,608,40,Delayed
PO_105075,SUP_095,PROD_0215,09-07-2024,2024-07-24,2024-07-28,875,844,395,Open
PO_105076,SUP_078,PROD_0043,22-08-2024,2024-09-02,2024-09-01,1304,1303,369,Closed
PO_105077,SUP_193,PROD_0078,2024/06/21,2024-06-26,2024-06-29,1164,1050,206,Closed
PO_105078,SUP_080,PROD_0249,28-01-2024,2024-02-11,2024-02-14,1658,1571,399,Closed
PO_105079,SUP_119,PROD_0113,02-08-2024,2024-08-10,2024-08-13,1806,1541,211,Open
PO_105080,SUP_126,PROD_0271,14-04-2024,2024-04-28,2024-04-27,1212,1047,345,Delayed
PO_105081,SUP_167,PROD_0194,2024/08/01,2024-08-10,2024-08-16,514,450,71,Open
PO_105082,SUP_102,PROD_0063,29-01-2024,2024-02-18,2024-02-16,1858,1782,471,Delayed
PO_105083,SUP_085,PROD_0296,28-01-2024,2024-02-09,2024-02-12,1835,1589,485,Open
PO_105084,SUP_175,PROD_0241,2024/03/01,2024-03-09,2024-03-13,1445,1341,470,Delayed
PO_105085,SUP_106,PROD_0227,2024/08/08,2024-08-19,2024-08-17,1317,1127,334,Delayed
PO_105086,SUP_108,PROD_0036,14-11-2024,2024-12-01,2024-11-28,1225,1079,276,Closed
PO_105087,SUP_139,PROD_0265,2024/11/05,2024-11-17,2024-11-14,1150,1056,382,Delayed
PO_105088,SUP_040,PROD_0132,2024/08/28,2024-09-16,2024-09-22,1204,1078,300,Open
PO_105089,SUP_111,PROD_0091,2024/06/27,2024-07-14,2024-07-19,1617,1488,240,Open
PO_105090,SUP_010,PROD_0292,2024/09/14,2024-09-24,2024-09-24,125,120,486,Closed
PO_105091,SUP_091,PROD_0009,2024/06/15,2024-06-28,2024-07-02,1767,1560,210,Closed
PO_105092,SUP_023,PROD_0034,2024/04/20,2024-05-07,2024-05-11,1856,1744,117,Open
PO_105093,SUP_137,PROD_0094,16-08-2024,2024-08-23,2024-08-24,136,124,314,Open
PO_105094,SUP_084,PROD_0029,06-06-2024,2024-06-14,2024-06-14,1020,1012,80,Open
PO_105095,SUP_146,PROD_0210,09-12-2024,2024-12-19,2024-12-19,1453,1398,94,Closed
PO_105096,SUP_157,PROD_0033,2024/08/28,2024-09-04,2024-09-04,341,312,491,Closed
PO_105097,SUP_006,PROD_0014,2024/09/19,2024-09-26,2024-09-26,880,818,453,Open
PO_105098,SUP_154,PROD_0135,31-10-2024,2024-11-06,2024-11-07,985,852,415,Open
PO_105099,SUP_158,PROD_0131,2024/12/15,2024-12-22,2024-12-24,301,264,349,Open
PO_105100,SUP_137,PROD_0028,13-10-2024,2024-10-20,2024-10-18,1374,1172,391,Delayed
PO_105101,SUP_134,PROD_0038,2024/09/13,2024-10-01,2024-09-28,1411,1273,256,Open
PO_105102,SUP_027,PROD_0245,11-02-2024,2024-02-29,2024-03-03,1883,1838,409,Delayed
PO_105103,SUP_121,PROD_0026,2024/03/18,2024-03-31,2024-03-30,104,88,249,Open
PO_105104,SUP_003,PROD_0131,2024/09/22,2024-10-08,2024-10-13,414,412,183,Open
PO_105105,SUP_009,PROD_0119,2024/12/30,2025-01-14,2025-01-18,461,398,185,Closed
PO_105106,SUP_106,PROD_0048,2024/02/12,2024-02-28,2024-02-26,1628,1497,442,Open
PO_105107,SUP_157,PROD_0156,2024/10/28,2024-11-15,2024-11-14,1683,1592,117,Open
PO_105108,SUP_089,PROD_0260,2024/08/02,2024-08-15,2024-08-13,1349,1200,178,Closed
PO_105109,SUP_035,PROD_0207,04-07-2024,2024-07-11,2024-07-17,1272,1140,59,Closed
PO_105110,SUP_195,PROD_0243,14-05-2024,2024-05-23,2024-05-22,1007,869,424,Delayed
PO_105111,SUP_158,PROD_0185,16-06-2024,2024-06-30,2024-06-29,965,914,299,Open
PO_105112,SUP_062,PROD_0268,11-04-2024,2024-04-24,2024-04-25,1202,1183,443,Closed
PO_105113,SUP_104,PROD_0142,01-03-2024,2024-03-09,2024-03-11,1427,1411,479,Closed
PO_105114,SUP_093,PROD_0189,2024/12/10,2024-12-26,2024-12-24,531,482,358,Closed
PO_105115,SUP_157,PROD_0254,2024/04/14,2024-05-04,2024-05-06,128,115,298,Closed
PO_105116,SUP_184,PROD_0113,24-08-2024,2024-09-08,2024-09-07,1770,1579,203,Open
PO_105117,SUP_090,PROD_0248,30-04-2024,2024-05-13,2024-05-12,296,287,418,Open
PO_105118,SUP_058,PROD_0192,15-06-2024,2024-07-03,2024-07-02,1229,1048,43,Closed
PO_105119,SUP_012,PROD_0157,2024/08/03,2024-08-16,2024-08-18,1679,1627,206,Delayed
PO_105120,SUP_041,PROD_0266,2024/03/28,2024-04-11,2024-04-08,1074,1009,479,Closed
PO_105121,SUP_049,PROD_0232,06-07-2024,2024-07-22,2024-07-27,1002,856,423,Open
PO_105122,SUP_005,PROD_0269,21-03-2024,2024-04-06,2024-04-11,1048,905,410,Open
PO_105123,SUP_181,PROD_0043,2024/06/29,2024-07-08,2024-07-07,956,916,113,Open
PO_105124,SUP_035,PROD_0231,10-07-2024,2024-07-15,2024-07-13,272,232,229,Closed
PO_105125,SUP_194,PROD_0195,2024/06/02,2024-06-10,2024-06-11,1008,995,284,Delayed
PO_105126,SUP_113,PROD_0276,22-12-2024,2025-01-09,2025-01-09,1607,1485,289,Closed
PO_105127,SUP_150,PROD_0282,25-09-2024,2024-09-30,2024-10-02,608,525,299,Closed
PO_105128,SUP_085,PROD_0232,2024/12/26,2025-01-04,2025-01-04,1449,1407,484,Delayed
PO_105129,SUP_074,PROD_0171,05-07-2024,2024-07-16,2024-07-20,1722,1521,428,Closed
PO_105130,SUP_139,PROD_0106,16-11-2024,2024-12-01,2024-12-04,416,388,126,Open
PO_105131,SUP_099,PROD_0063,2024/05/11,2024-05-24,2024-05-23,1304,1161,329,Delayed
PO_105132,SUP_097,PROD_0023,2024/01/30,2024-02-18,2024-02-16,1244,1243,387,Open
PO_105133,SUP_010,PROD_0197,18-10-2024,2024-10-29,2024-11-04,1326,1295,174,Delayed
PO_105134,SUP_150,PROD_0265,12-04-2024,2024-04-21,2024-04-27,388,375,76,Open
PO_105135,SUP_127,PROD_0055,08-01-2024,2024-01-22,2024-01-21,1092,942,299,Closed
PO_105136,SUP_167,PROD_0213,2024/08/03,2024-08-14,2024-08-11,837,827,232,Closed
PO_105137,SUP_036,PROD_0110,10-06-2024,2024-06-16,2024-06-22,885,833,354,Closed
PO_105138,SUP_133,PROD_0197,2024/10/07,2024-10-12,2024-10-17,1921,1647,303,Delayed
PO_105139,SUP_191,PROD_0090,05-02-2024,2024-02-12,2024-02-09,1042,937,90,Delayed
PO_105140,SUP_130,PROD_0171,2024/07/23,2024-07-28,2024-07-28,1697,1588,251,Open
PO_105141,SUP_051,PROD_0089,19-05-2024,2024-05-30,2024-06-03,375,345,439,Delayed
PO_105142,SUP_144,PROD_0115,29-12-2024,2025-01-18,2025-01-22,1848,1607,253,Delayed
PO_105143,SUP_132,PROD_0153,27-10-2024,2024-11-03,2024-11-08,212,195,450,Closed
PO_105144,SUP_097,PROD_0263,2024/10/29,2024-11-18,2024-11-24,1099,1000,208,Closed
PO_105145,SUP_135,PROD_0242,01-03-2024,2024-03-09,2024-03-14,1654,1476,56,Open
PO_105146,SUP_099,PROD_0183,26-03-2024,2024-04-02,2024-04-02,314,305,102,Delayed
PO_105147,SUP_176,PROD_0109,13-08-2024,2024-08-27,2024-08-30,115,100,151,Closed
PO_105148,SUP_005,PROD_0158,2024/02/06,2024-02-26,2024-03-02,332,293,269,Delayed
PO_105149,SUP_142,PROD_0048,2024/05/05,2024-05-14,2024-05-18,1853,1615,201,Delayed
PO_105150,SUP_067,PROD_0060,11-06-2024,2024-06-21,2024-06-18,948,902,151,Open
PO_105151,SUP_146,PROD_0053,07-03-2024,2024-03-26,2024-03-25,1895,1614,242,Delayed
PO_105152,SUP_018,PROD_0236,2024/06/25,2024-07-07,2024-07-05,187,177,49,Delayed
PO_105153,SUP_044,PROD_0080,2024/04/02,2024-04-17,2024-04-15,561,500,243,Delayed
PO_105154,SUP_009,PROD_0091,29-11-2024,2024-12-04,2024-12-02,540,462,379,Delayed
PO_105155,SUP_194,PROD_0142,30-11-2024,2024-12-07,2024-12-13,738,676,42,Delayed
PO_105156,SUP_120,PROD_0254,17-07-2024,2024-07-24,2024-07-24,1771,1578,246,Open
PO_105157,SUP_147,PROD_0283,2024/03/21,2024-03-27,2024-03-28,846,720,64,Open
PO_105158,SUP_029,PROD_0206,14-04-2024,2024-04-30,2024-04-30,593,527,145,Open
PO_105159,SUP_148,PROD_0140,2024/03/08,2024-03-23,2024-03-21,173,159,199,Closed
PO_105160,SUP_020,PROD_0174,05-09-2024,2024-09-17,2024-09-14,1899,1665,497,Closed
PO_105161,SUP_015,PROD_0077,23-04-2024,2024-05-02,2024-04-29,1311,1189,242,Closed
PO_105162,SUP_146,PROD_0215,01-09-2024,2024-09-15,2024-09-13,1406,1301,471,Open
PO_105163,SUP_058,PROD_0265,2024/05/02,2024-05-14,2024-05-20,202,194,153,Open
PO_105164,SUP_130,PROD_0010,2024/05/22,2024-06-02,2024-06-02,1339,1317,91,Closed
PO_105165,SUP_125,PROD_0185,2024/01/15,2024-01-29,2024-01-27,902,777,112,Closed
PO_105166,SUP_069,PROD_0201,2024/12/31,2025-01-14,2025-01-17,1163,1080,163,Closed
PO_105167,SUP_095,PROD_0185,2024/01/10,2024-01-22,2024-01-28,623,594,433,Delayed
PO_105168,SUP_042,PROD_0031,11-12-2024,2024-12-25,2024-12-28,1861,1631,420,Delayed
PO_105169,SUP_097,PROD_0179,24-02-2024,2024-02-29,2024-02-28,537,469,126,Delayed
PO_105170,SUP_029,PROD_0250,2024/09/24,2024-09-29,2024-10-02,1623,1575,48,Open
PO_105171,SUP_042,PROD_0200,2024/01/17,2024-02-05,2024-02-07,345,345,420,Open
PO_105172,SUP_101,PROD_0082,30-08-2024,2024-09-15,2024-09-12,674,656,245,Closed
PO_105173,SUP_089,PROD_0218,2024/12/10,2024-12-24,2024-12-24,1601,1497,349,Delayed
PO_105174,SUP_066,PROD_0285,2024/11/21,2024-12-11,2024-12-10,120,117,112,Closed
PO_105175,SUP_073,PROD_0250,16-01-2024,2024-01-28,2024-01-31,1703,1639,384,Open
PO_105176,SUP_182,PROD_0241,2024/02/15,2024-02-28,2024-02-29,1708,1509,113,Delayed
PO_105177,SUP_076,PROD_0187,25-10-2024,2024-11-13,2024-11-14,790,745,151,Open
PO_105178,SUP_159,PROD_0010,30-06-2024,2024-07-05,2024-07-10,204,200,65,Delayed
PO_105179,SUP_109,PROD_0131,2024/10/25,2024-11-10,2024-11-11,1063,937,140,Open
PO_105180,SUP_024,PROD_0020,18-12-2024,2024-12-27,2025-01-02,620,605,144,Closed
PO_105181,SUP_030,PROD_0136,2024/10/16,2024-10-26,2024-10-27,762,737,69,Open
PO_105182,SUP_108,PROD_0004,2024/12/06,2024-12-20,2024-12-24,184,170,117,Open
PO_105183,SUP_045,PROD_0186,27-02-2024,2024-03-18,2024-03-15,1706,1536,259,Open
PO_105184,SUP_116,PROD_0216,2024/06/14,2024-06-25,2024-06-23,485,435,170,Closed
PO_105185,SUP_126,PROD_0190,2024/10/06,2024-10-11,2024-10-17,809,721,193,Delayed
PO_105186,SUP_090,PROD_0282,2024/01/17,2024-01-25,2024-01-28,606,549,269,Delayed
PO_105187,SUP_194,PROD_0208,25-03-2024,2024-04-02,2024-04-06,484,424,354,Closed
PO_105188,SUP_091,PROD_0223,2024/10/05,2024-10-15,2024-10-21,966,848,373,Closed
PO_105189,SUP_123,PROD_0193,2024/02/01,2024-02-18,2024-02-19,891,823,182,Open
PO_105190,SUP_143,PROD_0134,2024/10/11,2024-10-27,2024-10-30,447,424,209,Closed
PO_105191,SUP_147,PROD_0298,2024/12/14,2024-12-21,2024-12-22,607,587,446,Closed
PO_105192,SUP_044,PROD_0264,2024/07/01,2024-07-20,2024-07-17,1903,1838,337,Closed
PO_105193,SUP_028,PROD_0129,05-01-2024,2024-01-14,2024-01-19,805,714,361,Delayed
PO_105194,SUP_064,PROD_0096,12-12-2024,2024-12-21,2024-12-23,1499,1446,210,Delayed
PO_105195,SUP_196,PROD_0063,04-10-2024,2024-10-22,2024-10-24,1805,1804,328,Closed
PO_105196,SUP_198,PROD_0022,2024/06/27,2024-07-07,2024-07-12,1853,1748,145,Closed
PO_105197,SUP_172,PROD_0278,08-01-2024,2024-01-26,2024-01-30,549,494,495,Closed
PO_105198,SUP_122,PROD_0238,26-04-2024,2024-05-10,2024-05-07,314,291,417,Delayed
PO_105199,SUP_005,PROD_0169,13-03-2024,2024-03-20,2024-03-26,1871,1596,371,Open
PO_105200,SUP_076,PROD_0157,2024/02/21,2024-03-11,2024-03-08,1332,1221,221,Delayed
PO_105201,SUP_064,PROD_0262,2024/05/22,2024-05-27,2024-05-30,1310,1229,99,Open
PO_105202,SUP_198,PROD_0163,29-08-2024,2024-09-09,2024-09-14,1417,1394,196,Open
PO_105203,SUP_119,PROD_0084,2024/07/30,2024-08-19,2024-08-22,1345,1287,201,Open
PO_105204,SUP_043,PROD_0136,02-04-2024,2024-04-20,2024-04-20,436,399,406,Open
PO_105205,SUP_011,PROD_0168,2024/01/22,2024-02-02,2024-02-08,261,247,332,Open
PO_105206,SUP_049,PROD_0011,13-06-2024,2024-06-21,2024-06-22,228,221,390,Open
PO_105207,SUP_099,PROD_0281,2024/09/22,2024-10-04,2024-10-03,1282,1110,439,Delayed
PO_105208,SUP_023,PROD_0299,2024/11/20,2024-12-08,2024-12-05,825,714,454,Open
PO_105209,SUP_192,PROD_0124,04-01-2024,2024-01-14,2024-01-15,481,464,483,Open
PO_105210,SUP_056,PROD_0039,04-12-2024,2024-12-15,2024-12-19,610,585,313,Open
PO_105211,SUP_124,PROD_0062,2024/04/08,2024-04-22,2024-04-20,485,467,216,Delayed
PO_105212,SUP_074,PROD_0237,14-10-2024,2024-10-23,2024-10-26,354,324,73,Closed
PO_105213,SUP_193,PROD_0118,2024/01/13,2024-02-01,2024-02-01,622,621,276,Open
PO_105214,SUP_107,PROD_0157,2024/06/08,2024-06-16,2024-06-17,1789,1751,205,Closed
PO_105215,SUP_046,PROD_0208,02-02-2024,2024-02-10,2024-02-13,1148,1078,313,Closed
PO_105216,SUP_155,PROD_0138,2024/08/30,2024-09-04,2024-09-01,1217,1091,484,Delayed
PO_105217,SUP_122,PROD_0260,2024/04/09,2024-04-15,2024-04-13,710,697,320,Closed
PO_105218,SUP_013,PROD_0136,2024/07/26,2024-08-11,2024-08-14,120,104,305,Delayed
PO_105219,SUP_184,PROD_0095,2024/12/16,2024-12-22,2024-12-21,676,645,185,Delayed
PO_105220,SUP_097,PROD_0018,28-03-2024,2024-04-15,2024-04-13,1057,1037,145,Open
PO_105221,SUP_177,PROD_0048,2024/04/21,2024-05-09,2024-05-09,260,254,174,Closed
PO_105222,SUP_052,PROD_0267,2024/04/07,2024-04-26,2024-04-25,1662,1602,117,Closed
PO_105223,SUP_165,PROD_0269,05-06-2024,2024-06-20,2024-06-17,1431,1417,157,Delayed
PO_105224,SUP_074,PROD_0251,27-04-2024,2024-05-10,2024-05-16,329,305,375,Open
PO_105225,SUP_105,PROD_0285,2024/10/24,2024-11-03,2024-11-07,504,440,327,Closed
PO_105226,SUP_125,PROD_0286,29-04-2024,2024-05-19,2024-05-18,1918,1682,397,Delayed
PO_105227,SUP_048,PROD_0187,2024/02/08,2024-02-24,2024-02-26,1939,1905,146,Delayed
PO_105228,SUP_017,PROD_0209,07-05-2024,2024-05-13,2024-05-12,280,241,142,Delayed
PO_105229,SUP_122,PROD_0267,2024/05/02,2024-05-14,2024-05-19,736,683,77,Open
PO_105230,SUP_004,PROD_0242,2024/01/07,2024-01-16,2024-01-21,1109,982,198,Open
PO_105231,SUP_178,PROD_0016,19-12-2024,2025-01-01,2025-01-06,1142,1033,76,Delayed
PO_105232,SUP_131,PROD_0125,15-02-2024,2024-03-04,2024-03-08,1199,1132,78,Delayed
PO_105233,SUP_163,PROD_0291,20-11-2024,2024-12-02,2024-12-08,1427,1269,316,Closed
PO_105234,SUP_133,PROD_0050,2024/10/11,2024-10-20,2024-10-19,1712,1595,269,Open
PO_105235,SUP_199,PROD_0216,19-10-2024,2024-11-04,2024-11-04,1315,1268,202,Delayed
PO_105236,SUP_077,PROD_0262,17-03-2024,2024-03-29,2024-03-28,187,171,264,Closed
PO_105237,SUP_200,PROD_0082,2024/12/13,2024-12-20,2024-12-22,984,895,449,Closed
PO_105238,SUP_148,PROD_0144,21-12-2024,2025-01-07,2025-01-11,1231,1144,55,Open
PO_105239,SUP_144,PROD_0001,2024/01/20,2024-01-27,2024-01-28,1541,1374,79,Open
PO_105240,SUP_108,PROD_0066,12-08-2024,2024-08-20,2024-08-19,176,158,327,Delayed
PO_105241,SUP_115,PROD_0279,16-08-2024,2024-08-30,2024-09-04,775,740,246,Delayed
PO_105242,SUP_034,PROD_0232,2024/08/05,2024-08-12,2024-08-16,1997,1932,153,Open
PO_105243,SUP_085,PROD_0034,2024/01/13,2024-01-31,2024-01-31,1351,1328,488,Closed
PO_105244,SUP_020,PROD_0212,27-07-2024,2024-08-02,2024-08-05,836,785,435,Delayed
PO_105245,SUP_064,PROD_0244,08-05-2024,2024-05-20,2024-05-23,928,883,402,Open
PO_105246,SUP_124,PROD_0254,13-02-2024,2024-02-26,2024-02-28,553,537,215,Open
PO_105247,SUP_106,PROD_0038,2024/10/15,2024-10-24,2024-10-30,666,634,213,Delayed
PO_105248,SUP_145,PROD_0086,2024/09/19,2024-09-30,2024-10-04,697,616,199,Delayed
PO_105249,SUP_002,PROD_0094,12-07-2024,2024-07-18,2024-07-19,367,333,177,Open
PO_105250,SUP_045,PROD_0171,2024/09/11,2024-09-17,2024-09-16,346,344,285,Delayed
PO_105251,SUP_060,PROD_0225,2024/10/11,2024-10-18,2024-10-21,1654,1589,95,Open
PO_105252,SUP_131,PROD_0016,16-04-2024,2024-04-26,2024-05-02,697,630,41,Closed
PO_105253,SUP_141,PROD_0005,08-09-2024,2024-09-21,2024-09-19,1380,1304,120,Delayed
PO_105254,SUP_106,PROD_0053,11-07-2024,2024-07-26,2024-07-28,1858,1815,101,Closed
PO_105255,SUP_061,PROD_0066,2024/09/10,2024-09-21,2024-09-27,1719,1616,145,Closed
PO_105256,SUP_011,PROD_0034,26-03-2024,2024-04-15,2024-04-17,1304,1211,188,Open
PO_105257,SUP_097,PROD_0109,17-08-2024,2024-09-02,2024-09-04,754,721,283,Closed
PO_105258,SUP_192,PROD_0002,11-10-2024,2024-10-18,2024-10-15,1503,1477,381,Open
PO_105259,SUP_184,PROD_0146,20-07-2024,2024-07-26,2024-07-28,744,646,285,Closed
PO_105260,SUP_098,PROD_0060,2024/10/19,2024-11-05,2024-11-02,1695,1648,54,Delayed
PO_105261,SUP_006,PROD_0085,04-02-2024,2024-02-19,2024-02-19,262,240,265,Open
PO_105262,SUP_024,PROD_0262,2024/12/21,2025-01-06,2025-01-09,1330,1151,277,Open
PO_105263,SUP_085,PROD_0235,2024/04/19,2024-05-01,2024-05-04,1875,1763,357,Open
PO_105264,SUP_199,PROD_0093,14-05-2024,2024-05-31,2024-05-28,887,859,324,Closed
PO_105265,SUP_162,PROD_0159,2024/07/09,2024-07-20,2024-07-20,1883,1822,308,Delayed
PO_105266,SUP_186,PROD_0060,2024/07/23,2024-08-09,2024-08-06,1219,1167,400,Open
PO_105267,SUP_050,PROD_0215,2024/06/12,2024-06-18,2024-06-19,321,286,188,Open
PO_105268,SUP_191,PROD_0200,26-09-2024,2024-10-15,2024-10-16,783,680,93,Delayed
PO_105269,SUP_168,PROD_0107,03-05-2024,2024-05-22,2024-05-28,215,183,483,Delayed
PO_105270,SUP_022,PROD_0102,2024/11/27,2024-12-11,2024-12-12,541,494,75,Delayed
PO_105271,SUP_011,PROD_0244,2024/06/14,2024-06-29,2024-07-03,1342,1187,352,Open
PO_105272,SUP_015,PROD_0196,2024/07/24,2024-08-10,2024-08-15,1093,1093,107,Closed
PO_105273,SUP_114,PROD_0038,2024/08/02,2024-08-18,2024-08-22,1868,1776,309,Closed
PO_105274,SUP_124,PROD_0195,27-01-2024,2024-02-10,2024-02-08,583,557,244,Delayed
PO_105275,SUP_154,PROD_0197,03-07-2024,2024-07-14,2024-07-13,1573,1459,107,Closed
PO_105276,SUP_200,PROD_0232,27-08-2024,2024-09-03,2024-09-09,963,848,281,Closed
PO_105277,SUP_042,PROD_0276,16-01-2024,2024-01-30,2024-02-01,640,634,383,Delayed
PO_105278,SUP_136,PROD_0071,2024/12/18,2024-12-31,2025-01-01,516,486,326,Delayed
PO_105279,SUP_100,PROD_0199,16-08-2024,2024-09-02,2024-09-08,671,632,101,Open
PO_105280,SUP_003,PROD_0266,06-10-2024,2024-10-24,2024-10-29,1337,1332,338,Open
PO_105281,SUP_077,PROD_0063,2024/09/22,2024-10-10,2024-10-10,1256,1205,80,Delayed
PO_105282,SUP_160,PROD_0147,2024/05/02,2024-05-17,2024-05-23,178,170,421,Closed
PO_105283,SUP_118,PROD_0028,17-12-2024,2024-12-31,2025-01-01,633,595,278,Closed
PO_105284,SUP_144,PROD_0211,04-07-2024,2024-07-18,2024-07-19,803,690,411,Closed
PO_105285,SUP_141,PROD_0244,2024/11/04,2024-11-19,2024-11-20,1042,955,463,Closed
PO_105286,SUP_032,PROD_0130,21-08-2024,2024-09-05,2024-09-03,1886,1798,354,Closed
PO_105287,SUP_008,PROD_0117,2024/05/02,2024-05-21,2024-05-26,444,417,326,Open
PO_105288,SUP_137,PROD_0254,2024/09/24,2024-10-02,2024-09-29,1246,1181,373,Open
PO_105289,SUP_168,PROD_0111,01-01-2024,2024-01-21,2024-01-23,160,155,94,Delayed
PO_105290,SUP_123,PROD_0156,2024/03/29,2024-04-13,2024-04-16,1025,971,468,Closed
PO_105291,SUP_105,PROD_0209,17-02-2024,2024-03-08,2024-03-12,237,229,305,Delayed
PO_105292,SUP_196,PROD_0288,2024/09/27,2024-10-15,2024-10-13,926,887,159,Closed
PO_105293,SUP_105,PROD_0067,30-09-2024,2024-10-08,2024-10-08,121,111,141,Delayed
PO_105294,SUP_102,PROD_0188,10-11-2024,2024-11-28,2024-11-29,155,139,352,Delayed
PO_105295,SUP_077,PROD_0138,06-09-2024,2024-09-25,2024-09-22,1692,1684,200,Closed
PO_105296,SUP_120,PROD_0195,11-05-2024,2024-05-26,2024-05-27,311,274,107,Closed
PO_105297,SUP_158,PROD_0128,2024/10/03,2024-10-09,2024-10-07,1534,1532,130,Open
PO_105298,SUP_151,PROD_0084,2024/09/16,2024-09-26,2024-10-01,118,100,52,Open
PO_105299,SUP_103,PROD_0269,2024/05/06,2024-05-23,2024-05-25,153,143,187,Delayed
PO_105300,SUP_056,PROD_0097,2024/08/02,2024-08-08,2024-08-05,1999,1744,80,Open
PO_105301,SUP_081,PROD_0234,2024/03/09,2024-03-23,2024-03-20,657,599,496,Delayed
PO_105302,SUP_024,PROD_0090,2024/12/19,2025-01-01,2024-12-31,1046,1011,256,Open
PO_105303,SUP_112,PROD_0160,2024/10/19,2024-10-30,2024-10-30,563,497,162,Closed
PO_105304,SUP_097,PROD_0043,17-02-2024,2024-03-01,2024-03-02,1731,1683,204,Delayed
PO_105305,SUP_198,PROD_0187,2024/12/08,2024-12-18,2024-12-24,1822,1575,465,Delayed
PO_105306,SUP_079,PROD_0033,31-07-2024,2024-08-14,2024-08-12,128,128,149,Delayed
PO_105307,SUP_036,PROD_0109,06-09-2024,2024-09-18,2024-09-17,1407,1260,248,Delayed
PO_105308,SUP_033,PROD_0032,2024/08/07,2024-08-23,2024-08-25,676,602,259,Delayed
PO_105309,SUP_078,PROD_0027,23-05-2024,2024-06-10,2024-06-14,1483,1279,128,Delayed
PO_105310,SUP_077,PROD_0108,19-09-2024,2024-09-29,2024-10-04,1939,1818,348,Closed
PO_105311,SUP_111,PROD_0065,2024/06/22,2024-07-05,2024-07-04,802,787,362,Delayed
PO_105312,SUP_022,PROD_0128,2024/12/08,2024-12-26,2024-12-23,1116,1077,395,Open
PO_105313,SUP_196,PROD_0132,30-12-2024,2025-01-18,2025-01-20,1834,1580,77,Open
PO_105314,SUP_082,PROD_0010,2024/12/10,2024-12-23,2024-12-29,280,261,297,Delayed
PO_105315,SUP_081,PROD_0138,01-10-2024,2024-10-10,2024-10-11,206,201,428,Delayed
PO_105316,SUP_170,PROD_0221,2024/06/28,2024-07-05,2024-07-04,221,193,245,Closed
PO_105317,SUP_040,PROD_0169,2024/11/15,2024-12-01,2024-12-07,1030,936,151,Closed
PO_105318,SUP_059,PROD_0129,28-04-2024,2024-05-06,2024-05-08,1195,1084,179,Closed
PO_105319,SUP_150,PROD_0085,07-10-2024,2024-10-12,2024-10-14,620,620,384,Closed
PO_105320,SUP_004,PROD_0176,25-02-2024,2024-03-12,2024-03-09,1067,954,326,Delayed
PO_105321,SUP_196,PROD_0108,2024/01/14,2024-01-20,2024-01-20,1654,1647,179,Closed
PO_105322,SUP_175,PROD_0187,2024/11/14,2024-11-24,2024-11-27,391,381,52,Delayed
PO_105323,SUP_078,PROD_0255,2024/07/07,2024-07-23,2024-07-26,1777,1700,115,Open
PO_105324,SUP_059,PROD_0125,2024/06/25,2024-07-14,2024-07-19,1516,1442,152,Delayed
PO_105325,SUP_021,PROD_0277,2024/05/28,2024-06-08,2024-06-06,160,152,336,Delayed
PO_105326,SUP_136,PROD_0008,2024/06/29,2024-07-18,2024-07-23,1000,994,311,Open
PO_105327,SUP_051,PROD_0007,03-09-2024,2024-09-13,2024-09-18,596,593,349,Closed
PO_105328,SUP_197,PROD_0268,2024/10/14,2024-11-01,2024-11-03,1392,1257,369,Open
PO_105329,SUP_108,PROD_0081,21-11-2024,2024-11-26,2024-11-30,1643,1567,189,Open
PO_105330,SUP_041,PROD_0230,13-12-2024,2024-12-30,2025-01-03,107,93,498,Delayed
PO_105331,SUP_014,PROD_0297,2024/11/23,2024-12-12,2024-12-14,1165,1131,271,Closed
PO_105332,SUP_170,PROD_0065,2024/12/06,2024-12-15,2024-12-12,1094,940,214,Open
PO_105333,SUP_162,PROD_0205,2024/07/23,2024-07-29,2024-08-02,688,617,146,Delayed
PO_105334,SUP_039,PROD_0153,08-05-2024,2024-05-28,2024-06-01,489,447,354,Open
PO_105335,SUP_021,PROD_0278,2024/01/07,2024-01-27,2024-01-27,1401,1357,91,Delayed
PO_105336,SUP_051,PROD_0204,10-12-2024,2024-12-15,2024-12-13,238,233,132,Closed
PO_105337,SUP_033,PROD_0222,2024/11/08,2024-11-15,2024-11-18,1366,1182,452,Delayed
PO_105338,SUP_008,PROD_0251,19-07-2024,2024-08-06,2024-08-09,662,650,287,Delayed
PO_105339,SUP_035,PROD_0013,22-04-2024,2024-05-08,2024-05-07,1007,994,214,Closed
PO_105340,SUP_099,PROD_0041,24-02-2024,2024-03-06,2024-03-03,1434,1380,42,Delayed
PO_105341,SUP_012,PROD_0031,2024/04/23,2024-05-03,2024-05-01,776,766,121,Open
PO_105342,SUP_069,PROD_0108,2024/05/31,2024-06-07,2024-06-10,1894,1628,233,Delayed
PO_105343,SUP_061,PROD_0050,2024/07/12,2024-07-17,2024-07-18,403,367,324,Open
PO_105344,SUP_190,PROD_0130,12-03-2024,2024-03-23,2024-03-22,1843,1709,193,Open
PO_105345,SUP_111,PROD_0233,29-02-2024,2024-03-06,2024-03-09,198,198,444,Delayed
PO_105346,SUP_043,PROD_0038,2024/05/01,2024-05-21,2024-05-25,1182,1069,312,Closed
PO_105347,SUP_156,PROD_0014,05-10-2024,2024-10-13,2024-10-10,222,220,275,Delayed
PO_105348,SUP_012,PROD_0054,2024/05/11,2024-05-31,2024-06-06,1758,1542,465,Open
PO_105349,SUP_174,PROD_0220,2024/02/01,2024-02-17,2024-02-20,655,650,278,Open
PO_105350,SUP_006,PROD_0116,03-10-2024,2024-10-19,2024-10-23,1648,1606,226,Delayed
PO_105351,SUP_151,PROD_0144,25-04-2024,2024-05-12,2024-05-16,1883,1850,412,Delayed
PO_105352,SUP_150,PROD_0112,2024/02/12,2024-02-17,2024-02-23,1658,1599,356,Open
PO_105353,SUP_042,PROD_0112,27-09-2024,2024-10-11,2024-10-16,1566,1528,476,Closed
PO_105354,SUP_068,PROD_0109,02-10-2024,2024-10-07,2024-10-08,746,637,469,Open
PO_105355,SUP_001,PROD_0013,2024/11/09,2024-11-19,2024-11-16,1712,1533,277,Open
PO_105356,SUP_182,PROD_0223,27-08-2024,2024-09-12,2024-09-14,636,577,268,Delayed
PO_105357,SUP_027,PROD_0242,15-02-2024,2024-03-04,2024-03-04,1183,1041,111,Delayed
PO_105358,SUP_042,PROD_0046,13-04-2024,2024-04-19,2024-04-19,1825,1794,454,Closed
PO_105359,SUP_014,PROD_0133,2024/07/17,2024-07-29,2024-07-29,1872,1597,54,Delayed
PO_105360,SUP_129,PROD_0011,2024/12/19,2025-01-06,2025-01-04,319,290,125,Open
PO_105361,SUP_200,PROD_0238,2024/12/25,2025-01-06,2025-01-03,914,899,203,Closed
PO_105362,SUP_133,PROD_0055,2024/02/17,2024-02-25,2024-02-24,1011,859,94,Delayed
PO_105363,SUP_060,PROD_0189,28-09-2024,2024-10-06,2024-10-10,951,840,500,Closed
PO_105364,SUP_116,PROD_0059,2024/06/19,2024-06-28,2024-07-01,1091,945,143,Closed
PO_105365,SUP_111,PROD_0141,2024/08/19,2024-08-24,2024-08-27,1193,1121,250,Delayed
PO_105366,SUP_156,PROD_0160,06-06-2024,2024-06-14,2024-06-15,1068,1016,493,Delayed
PO_105367,SUP_048,PROD_0176,18-10-2024,2024-11-02,2024-11-02,1402,1235,278,Open
PO_105368,SUP_164,PROD_0252,2024/08/23,2024-09-11,2024-09-14,1202,1144,338,Closed
PO_105369,SUP_009,PROD_0115,2024/12/14,2024-12-30,2024-12-28,894,800,360,Delayed
PO_105370,SUP_068,PROD_0009,29-11-2024,2024-12-11,2024-12-15,1614,1596,464,Delayed
PO_105371,SUP_090,PROD_0050,2024/06/29,2024-07-05,2024-07-09,1730,1664,370,Delayed
PO_105372,SUP_125,PROD_0252,2024/12/07,2024-12-19,2024-12-18,557,492,69,Open
PO_105373,SUP_165,PROD_0177,29-10-2024,2024-11-16,2024-11-14,1537,1481,86,Delayed
PO_105374,SUP_075,PROD_0047,2024/11/18,2024-11-30,2024-11-30,1747,1685,438,Closed
PO_105375,SUP_131,PROD_0045,2024/12/15,2024-12-20,2024-12-23,479,448,320,Delayed
PO_105376,SUP_050,PROD_0014,2024/12/22,2025-01-09,2025-01-12,209,180,378,Open
PO_105377,SUP_053,PROD_0209,2024/02/12,2024-02-23,2024-02-24,509,463,180,Open
PO_105378,SUP_194,PROD_0128,2024/08/10,2024-08-16,2024-08-21,1121,1024,266,Open
PO_105379,SUP_100,PROD_0074,15-03-2024,2024-03-29,2024-03-30,292,254,400,Delayed
PO_105380,SUP_128,PROD_0155,08-09-2024,2024-09-22,2024-09-22,142,124,356,Delayed
PO_105381,SUP_078,PROD_0268,23-11-2024,2024-12-04,2024-12-03,900,888,310,Closed
PO_105382,SUP_173,PROD_0087,05-11-2024,2024-11-15,2024-11-21,1837,1581,211,Delayed
PO_105383,SUP_036,PROD_0225,08-06-2024,2024-06-24,2024-06-25,1177,1122,444,Closed
PO_105384,SUP_172,PROD_0287,24-04-2024,2024-05-02,2024-05-01,791,788,306,Open
PO_105385,SUP_027,PROD_0227,20-07-2024,2024-08-06,2024-08-06,644,642,43,Open
PO_105386,SUP_197,PROD_0067,13-05-2024,2024-06-01,2024-06-04,798,716,406,Open
PO_105387,SUP_030,PROD_0212,2024/11/08,2024-11-25,2024-11-30,1734,1564,209,Closed
PO_105388,SUP_177,PROD_0074,01-09-2024,2024-09-17,2024-09-15,1044,1028,93,Open
PO_105389,SUP_084,PROD_0004,2024/06/16,2024-06-29,2024-07-03,159,155,404,Closed
PO_105390,SUP_012,PROD_0249,2024/06/30,2024-07-19,2024-07-20,1498,1379,210,Open
PO_105391,SUP_171,PROD_0128,08-06-2024,2024-06-27,2024-07-02,710,618,98,Closed
PO_105392,SUP_051,PROD_0180,2024/08/21,2024-09-08,2024-09-05,1114,1101,314,Open
PO_105393,SUP_074,PROD_0278,03-10-2024,2024-10-13,2024-10-12,1984,1960,171,Closed
PO_105394,SUP_080,PROD_0056,2024/07/17,2024-07-22,2024-07-22,1902,1865,226,Open
PO_105395,SUP_026,PROD_0053,2024/12/24,2025-01-09,2025-01-10,934,820,94,Closed
PO_105396,SUP_057,PROD_0291,30-11-2024,2024-12-08,2024-12-09,1479,1421,437,Delayed
PO_105397,SUP_167,PROD_0121,2024/12/14,2024-12-21,2024-12-20,1796,1686,335,Delayed
PO_105398,SUP_026,PROD_0069,08-05-2024,2024-05-22,2024-05-27,1933,1877,403,Open
PO_105399,SUP_083,PROD_0198,07-02-2024,2024-02-16,2024-02-20,1103,1102,397,Delayed
PO_105400,SUP_175,PROD_0231,2024/06/22,2024-07-03,2024-07-09,109,101,466,Open
PO_105401,SUP_050,PROD_0015,06-09-2024,2024-09-19,2024-09-16,1968,1947,309,Delayed
PO_105402,SUP_067,PROD_0050,2024/03/22,2024-04-01,2024-04-07,1400,1344,62,Delayed
PO_105403,SUP_178,PROD_0290,18-07-2024,2024-08-02,2024-08-07,1633,1450,191,Open
PO_105404,SUP_082,PROD_0285,03-08-2024,2024-08-16,2024-08-18,359,333,460,Closed
PO_105405,SUP_082,PROD_0215,2024/09/25,2024-09-30,2024-09-29,587,520,321,Open
PO_105406,SUP_007,PROD_0062,2024/01/23,2024-01-28,2024-02-02,116,114,226,Delayed
PO_105407,SUP_086,PROD_0100,18-09-2024,2024-09-23,2024-09-20,1531,1417,166,Delayed
PO_105408,SUP_186,PROD_0080,2024/03/19,2024-04-05,2024-04-10,1607,1378,285,Closed
PO_105409,SUP_196,PROD_0218,2024/01/06,2024-01-25,2024-01-23,225,201,479,Closed
PO_105410,SUP_094,PROD_0138,14-04-2024,2024-05-03,2024-05-06,1426,1229,240,Open
PO_105411,SUP_200,PROD_0065,22-12-2024,2024-12-29,2025-01-04,1249,1177,70,Delayed
PO_105412,SUP_040,PROD_0287,2024/03/09,2024-03-19,2024-03-25,731,673,474,Closed
PO_105413,SUP_100,PROD_0103,2024/06/19,2024-07-01,2024-07-02,1295,1243,125,Delayed
PO_105414,SUP_023,PROD_0028,22-11-2024,2024-12-12,2024-12-13,1361,1312,205,Closed
PO_105415,SUP_090,PROD_0234,2024/04/27,2024-05-09,2024-05-11,843,754,474,Delayed
PO_105416,SUP_133,PROD_0050,28-11-2024,2024-12-10,2024-12-11,919,892,375,Closed
PO_105417,SUP_054,PROD_0010,05-12-2024,2024-12-10,2024-12-12,757,732,324,Delayed
PO_105418,SUP_172,PROD_0030,2024/03/17,2024-04-04,2024-04-02,656,643,408,Delayed
PO_105419,SUP_169,PROD_0081,01-06-2024,2024-06-08,2024-06-11,1058,909,329,Closed
PO_105420,SUP_139,PROD_0042,25-08-2024,2024-09-02,2024-09-03,772,759,475,Closed
PO_105421,SUP_087,PROD_0265,2024/10/14,2024-10-22,2024-10-26,1382,1251,122,Delayed
PO_105422,SUP_148,PROD_0090,2024/09/04,2024-09-17,2024-09-23,627,585,61,Closed
PO_105423,SUP_127,PROD_0095,2024/10/09,2024-10-26,2024-10-28,1605,1369,316,Closed
PO_105424,SUP_146,PROD_0255,12-10-2024,2024-10-17,2024-10-19,1035,952,450,Closed
PO_105425,SUP_158,PROD_0066,02-12-2024,2024-12-17,2024-12-21,758,686,391,Open
PO_105426,SUP_141,PROD_0138,2024/12/23,2025-01-08,2025-01-11,1124,1063,52,Delayed
PO_105427,SUP_029,PROD_0066,2024/01/07,2024-01-12,2024-01-10,795,774,395,Closed
PO_105428,SUP_166,PROD_0147,13-07-2024,2024-07-22,2024-07-23,1541,1509,135,Open
PO_105429,SUP_178,PROD_0021,13-12-2024,2024-12-19,2024-12-16,377,345,216,Delayed
PO_105430,SUP_013,PROD_0185,2024/08/17,2024-08-26,2024-08-27,1522,1500,177,Open
PO_105431,SUP_125,PROD_0148,2024/12/18,2025-01-07,2025-01-06,1815,1776,187,Open
PO_105432,SUP_172,PROD_0275,04-05-2024,2024-05-10,2024-05-15,535,531,210,Closed
PO_105433,SUP_107,PROD_0128,2024/11/12,2024-11-20,2024-11-17,175,156,406,Delayed
PO_105434,SUP_199,PROD_0069,2024/08/23,2024-09-06,2024-09-04,1134,974,47,Delayed
PO_105435,SUP_145,PROD_0245,2024/03/19,2024-03-29,2024-03-29,131,122,201,Open
PO_105436,SUP_048,PROD_0257,2024/05/07,2024-05-18,2024-05-21,1237,1173,436,Open
PO_105437,SUP_085,PROD_0261,25-06-2024,2024-07-14,2024-07-16,1590,1456,222,Delayed
PO_105438,SUP_110,PROD_0197,2024/06/14,2024-07-01,2024-07-06,837,745,52,Delayed
PO_105439,SUP_122,PROD_0058,2024/09/01,2024-09-11,2024-09-14,734,651,487,Closed
PO_105440,SUP_165,PROD_0136,27-01-2024,2024-02-02,2024-02-01,803,725,220,Closed
PO_105441,SUP_150,PROD_0136,02-05-2024,2024-05-16,2024-05-20,1373,1329,300,Delayed
PO_105442,SUP_031,PROD_0160,17-09-2024,2024-10-01,2024-10-02,1032,972,43,Closed
PO_105443,SUP_110,PROD_0172,17-06-2024,2024-07-04,2024-07-04,1667,1582,140,Closed
PO_105444,SUP_137,PROD_0226,03-02-2024,2024-02-11,2024-02-17,906,863,371,Delayed
PO_105445,SUP_148,PROD_0269,11-11-2024,2024-11-27,2024-11-29,1254,1091,183,Delayed
PO_105446,SUP_158,PROD_0236,2024/04/07,2024-04-19,2024-04-18,691,646,79,Delayed
PO_105447,SUP_178,PROD_0194,14-02-2024,2024-02-21,2024-02-26,111,108,480,Delayed
PO_105448,SUP_140,PROD_0002,2024/08/23,2024-09-06,2024-09-06,876,828,66,Delayed
PO_105449,SUP_147,PROD_0139,2024/03/20,2024-04-08,2024-04-06,628,593,154,Open
PO_105450,SUP_133,PROD_0274,05-11-2024,2024-11-16,2024-11-17,1688,1583,285,Closed
PO_105451,SUP_180,PROD_0270,2024/09/15,2024-10-03,2024-10-01,900,888,363,Open
PO_105452,SUP_075,PROD_0097,15-07-2024,2024-07-29,2024-07-31,1172,1016,385,Delayed
PO_105453,SUP_115,PROD_0289,2024/07/31,2024-08-15,2024-08-14,1586,1536,74,Closed
PO_105454,SUP_108,PROD_0011,23-11-2024,2024-11-28,2024-11-30,496,468,379,Open
PO_105455,SUP_137,PROD_0155,2024/12/22,2025-01-11,2025-01-12,227,213,111,Delayed
PO_105456,SUP_025,PROD_0088,07-07-2024,2024-07-26,2024-07-29,1273,1188,204,Delayed
PO_105457,SUP_054,PROD_0056,16-02-2024,2024-02-28,2024-02-25,1115,1080,305,Delayed
PO_105458,SUP_189,PROD_0121,19-12-2024,2024-12-31,2025-01-02,1290,1286,197,Open
PO_105459,SUP_133,PROD_0029,16-06-2024,2024-06-26,2024-06-26,461,414,455,Open
PO_105460,SUP_046,PROD_0239,2024/06/26,2024-07-11,2024-07-15,258,236,92,Closed
PO_105461,SUP_106,PROD_0103,2024/06/19,2024-06-27,2024-06-28,1322,1157,104,Open
PO_105462,SUP_163,PROD_0018,24-12-2024,2024-12-30,2024-12-29,520,458,91,Delayed
PO_105463,SUP_125,PROD_0199,2024/02/08,2024-02-14,2024-02-17,105,96,439,Open
PO_105464,SUP_047,PROD_0193,20-05-2024,2024-05-31,2024-05-31,673,598,388,Closed
PO_105465,SUP_046,PROD_0281,06-07-2024,2024-07-23,2024-07-24,251,244,403,Closed
PO_105466,SUP_023,PROD_0138,2024/03/28,2024-04-12,2024-04-11,293,292,224,Delayed
PO_105467,SUP_172,PROD_0196,2024/04/26,2024-05-12,2024-05-10,1072,1040,106,Open
PO_105468,SUP_014,PROD_0073,23-01-2024,2024-02-05,2024-02-06,1197,1079,226,Open
PO_105469,SUP_082,PROD_0185,27-05-2024,2024-06-16,2024-06-15,1896,1732,126,Closed
PO_105470,SUP_069,PROD_0188,26-07-2024,2024-08-02,2024-07-31,562,560,353,Delayed
PO_105471,SUP_051,PROD_0138,2024/11/05,2024-11-14,2024-11-18,845,731,472,Delayed
PO_105472,SUP_171,PROD_0116,2024/09/08,2024-09-14,2024-09-16,957,869,327,Open
PO_105473,SUP_143,PROD_0033,06-07-2024,2024-07-22,2024-07-25,591,569,300,Closed
PO_105474,SUP_077,PROD_0272,2024/10/11,2024-10-24,2024-10-24,1354,1352,328,Open
PO_105475,SUP_126,PROD_0107,2024/10/23,2024-10-29,2024-10-26,1890,1709,216,Delayed
PO_105476,SUP_100,PROD_0001,02-01-2024,2024-01-21,2024-01-27,1604,1510,104,Delayed
PO_105477,SUP_095,PROD_0014,2024/05/27,2024-06-01,2024-06-02,615,535,273,Open
PO_105478,SUP_089,PROD_0166,2024/06/10,2024-06-15,2024-06-17,944,934,387,Delayed
PO_105479,SUP_152,PROD_0255,2024/11/09,2024-11-15,2024-11-18,761,756,313,Delayed
PO_105480,SUP_011,PROD_0130,30-12-2024,2025-01-08,2025-01-07,513,466,126,Closed
PO_105481,SUP_010,PROD_0220,2024/02/01,2024-02-18,2024-02-18,1513,1504,72,Delayed
PO_105482,SUP_152,PROD_0041,28-08-2024,2024-09-05,2024-09-05,881,771,428,Open
PO_105483,SUP_037,PROD_0111,16-03-2024,2024-03-22,2024-03-21,1221,1077,243,Delayed
PO_105484,SUP_163,PROD_0148,2024/07/29,2024-08-06,2024-08-07,104,98,406,Open
PO_105485,SUP_074,PROD_0123,10-03-2024,2024-03-19,2024-03-20,1611,1374,344,Closed
PO_105486,SUP_034,PROD_0230,28-04-2024,2024-05-07,2024-05-04,130,126,53,Delayed
PO_105487,SUP_165,PROD_0251,28-03-2024,2024-04-07,2024-04-08,1456,1382,160,Closed
PO_105488,SUP_083,PROD_0195,31-12-2024,2025-01-12,2025-01-14,571,499,428,Delayed
PO_105489,SUP_179,PROD_0266,2024/09/05,2024-09-23,2024-09-22,1305,1179,183,Open
PO_105490,SUP_193,PROD_0233,2024/09/06,2024-09-23,2024-09-24,214,210,500,Delayed
PO_105491,SUP_049,PROD_0001,04-07-2024,2024-07-15,2024-07-18,241,233,180,Closed
PO_105492,SUP_097,PROD_0029,2024/11/01,2024-11-07,2024-11-10,603,528,498,Open
PO_105493,SUP_042,PROD_0216,2024/04/06,2024-04-14,2024-04-16,966,838,280,Open
PO_105494,SUP_154,PROD_0280,11-04-2024,2024-04-29,2024-04-28,1303,1253,114,Open
PO_105495,SUP_047,PROD_0154,2024/12/28,2025-01-16,2025-01-20,500,449,318,Delayed
PO_105496,SUP_043,PROD_0096,2024/03/20,2024-03-27,2024-03-28,985,878,125,Delayed
PO_105497,SUP_129,PROD_0167,24-04-2024,2024-05-05,2024-05-10,1576,1384,442,Delayed
PO_105498,SUP_125,PROD_0015,24-03-2024,2024-04-04,2024-04-06,1331,1328,54,Delayed
PO_105499,SUP_072,PROD_0154,2024/12/27,2025-01-10,2025-01-07,1897,1650,408,Closed
PO_105500,SUP_065,PROD_0190,2024/06/08,2024-06-23,2024-06-22,479,456,342,Open
PO_105501,SUP_057,PROD_0295,2024/12/11,2024-12-16,2024-12-21,1462,1422,461,Closed
PO_105502,SUP_178,PROD_0097,2024/12/23,2025-01-08,2025-01-05,672,596,252,Delayed
PO_105503,SUP_142,PROD_0120,2024/08/23,2024-09-05,2024-09-03,821,723,140,Delayed
PO_105504,SUP_160,PROD_0041,24-09-2024,2024-10-13,2024-10-18,1418,1392,338,Delayed
PO_105505,SUP_191,PROD_0138,2024/01/12,2024-01-27,2024-01-27,1661,1498,56,Delayed
PO_105506,SUP_048,PROD_0177,2024/09/03,2024-09-19,2024-09-25,807,788,70,Open
PO_105507,SUP_004,PROD_0003,2024/03/07,2024-03-19,2024-03-18,1617,1497,397,Closed
PO_105508,SUP_078,PROD_0258,2024/10/13,2024-10-31,2024-10-29,1241,1130,263,Open
PO_105509,SUP_090,PROD_0087,2024/12/14,2025-01-02,2025-01-03,1055,1054,408,Closed
PO_105510,SUP_011,PROD_0285,2024/05/17,2024-05-29,2024-05-31,1423,1372,234,Open
PO_105511,SUP_170,PROD_0001,2024/10/19,2024-10-28,2024-10-27,1038,926,472,Open
PO_105512,SUP_029,PROD_0032,07-03-2024,2024-03-23,2024-03-24,1927,1825,360,Open
PO_105513,SUP_105,PROD_0229,29-07-2024,2024-08-08,2024-08-09,246,235,113,Delayed
PO_105514,SUP_190,PROD_0161,2024/09/16,2024-09-21,2024-09-27,1794,1729,175,Open
PO_105515,SUP_044,PROD_0148,2024/09/04,2024-09-10,2024-09-10,510,474,257,Closed
PO_105516,SUP_188,PROD_0116,2024/03/20,2024-03-25,2024-03-28,755,658,178,Open
PO_105517,SUP_179,PROD_0107,2024/11/20,2024-11-27,2024-11-28,551,529,192,Closed
PO_105518,SUP_156,PROD_0034,25-06-2024,2024-07-04,2024-07-05,489,457,446,Delayed
PO_105519,SUP_062,PROD_0040,2024/07/29,2024-08-10,2024-08-07,1367,1352,497,Closed
PO_105520,SUP_071,PROD_0228,2024/03/24,2024-04-09,2024-04-08,1610,1440,480,Open
PO_105521,SUP_172,PROD_0196,2024/10/08,2024-10-27,2024-10-24,990,915,264,Open
PO_105522,SUP_189,PROD_0016,2024/03/24,2024-04-11,2024-04-11,175,162,278,Delayed
PO_105523,SUP_076,PROD_0149,10-02-2024,2024-02-16,2024-02-14,1601,1494,58,Closed
PO_105524,SUP_027,PROD_0058,2024/07/09,2024-07-26,2024-08-01,1411,1388,192,Delayed
PO_105525,SUP_066,PROD_0300,03-09-2024,2024-09-17,2024-09-23,1437,1238,50,Closed
PO_105526,SUP_019,PROD_0151,02-12-2024,2024-12-08,2024-12-12,447,401,397,Closed
PO_105527,SUP_068,PROD_0044,25-05-2024,2024-06-05,2024-06-02,1560,1359,252,Closed
PO_105528,SUP_053,PROD_0039,31-01-2024,2024-02-19,2024-02-16,1474,1259,473,Open
PO_105529,SUP_132,PROD_0234,2024/07/08,2024-07-13,2024-07-13,280,273,226,Open
PO_105530,SUP_092,PROD_0060,20-01-2024,2024-02-06,2024-02-09,131,119,434,Closed
PO_105531,SUP_146,PROD_0180,15-05-2024,2024-05-27,2024-05-29,247,216,210,Open
PO_105532,SUP_088,PROD_0118,08-03-2024,2024-03-27,2024-03-31,205,198,390,Closed
PO_105533,SUP_112,PROD_0090,2024/02/23,2024-03-09,2024-03-07,340,335,80,Open
PO_105534,SUP_068,PROD_0058,2024/02/19,2024-03-03,2024-03-03,1638,1401,229,Open
PO_105535,SUP_179,PROD_0256,23-02-2024,2024-03-12,2024-03-14,121,107,363,Open
PO_105536,SUP_052,PROD_0256,27-06-2024,2024-07-08,2024-07-06,1839,1601,397,Closed
PO_105537,SUP_140,PROD_0157,2024/03/15,2024-03-20,2024-03-24,397,357,204,Delayed
PO_105538,SUP_009,PROD_0220,31-03-2024,2024-04-14,2024-04-11,1223,1211,304,Delayed
PO_105539,SUP_026,PROD_0008,06-03-2024,2024-03-21,2024-03-21,1764,1620,160,Closed
PO_105540,SUP_153,PROD_0259,29-10-2024,2024-11-06,2024-11-07,1682,1458,70,Closed
PO_105541,SUP_180,PROD_0095,15-11-2024,2024-12-04,2024-12-02,1720,1691,340,Open
PO_105542,SUP_092,PROD_0136,2024/02/09,2024-02-24,2024-03-01,1868,1685,171,Open
PO_105543,SUP_166,PROD_0089,28-12-2024,2025-01-12,2025-01-09,404,373,247,Closed
PO_105544,SUP_072,PROD_0281,2024/09/29,2024-10-17,2024-10-23,1849,1603,241,Closed
PO_105545,SUP_187,PROD_0070,2024/01/20,2024-02-04,2024-02-02,1668,1595,127,Open
PO_105546,SUP_121,PROD_0255,16-03-2024,2024-03-29,2024-03-29,139,137,416,Delayed
PO_105547,SUP_127,PROD_0002,29-04-2024,2024-05-16,2024-05-20,1039,1013,299,Delayed
PO_105548,SUP_163,PROD_0184,2024/03/09,2024-03-22,2024-03-19,1130,981,352,Delayed
PO_105549,SUP_091,PROD_0233,21-12-2024,2025-01-02,2025-01-02,1620,1524,430,Closed
PO_105550,SUP_182,PROD_0199,29-01-2024,2024-02-08,2024-02-08,1720,1545,261,Closed
PO_105551,SUP_188,PROD_0060,2024/02/12,2024-03-02,2024-03-01,1307,1283,455,Closed
PO_105552,SUP_108,PROD_0217,2024/07/14,2024-07-31,2024-07-28,1905,1675,389,Closed
PO_105553,SUP_191,PROD_0291,2024/01/11,2024-01-24,2024-01-21,1479,1303,162,Delayed
PO_105554,SUP_106,PROD_0011,01-12-2024,2024-12-21,2024-12-24,1939,1918,287,Open
PO_105555,SUP_089,PROD_0023,2024/04/27,2024-05-08,2024-05-08,1771,1705,338,Open
PO_105556,SUP_088,PROD_0182,2024/12/25,2025-01-11,2025-01-15,976,834,44,Delayed
PO_105557,SUP_174,PROD_0028,2024/11/26,2024-12-01,2024-11-28,795,745,465,Closed
PO_105558,SUP_182,PROD_0259,23-01-2024,2024-02-10,2024-02-16,482,413,224,Open
PO_105559,SUP_147,PROD_0148,08-07-2024,2024-07-26,2024-07-27,738,726,449,Closed
PO_105560,SUP_096,PROD_0007,05-03-2024,2024-03-18,2024-03-18,955,857,73,Delayed
PO_105561,SUP_196,PROD_0259,2024/11/21,2024-11-27,2024-12-01,917,807,87,Delayed
PO_105562,SUP_004,PROD_0122,07-06-2024,2024-06-18,2024-06-21,1110,977,307,Closed
PO_105563,SUP_024,PROD_0061,2024/08/18,2024-09-06,2024-09-07,1254,1187,466,Open
PO_105564,SUP_011,PROD_0143,2024/08/12,2024-08-27,2024-08-29,147,130,394,Open
PO_105565,SUP_166,PROD_0068,22-06-2024,2024-07-03,2024-07-01,780,777,459,Closed
PO_105566,SUP_144,PROD_0202,13-11-2024,2024-11-28,2024-11-25,1566,1340,315,Closed
PO_105567,SUP_110,PROD_0227,25-10-2024,2024-10-31,2024-10-31,969,915,293,Open
PO_105568,SUP_020,PROD_0162,29-08-2024,2024-09-14,2024-09-14,1681,1491,446,Open
PO_105569,SUP_128,PROD_0001,2024/12/04,2024-12-24,2024-12-25,513,502,346,Closed
PO_105570,SUP_184,PROD_0014,2024/03/28,2024-04-03,2024-04-07,1217,1087,62,Open
PO_105571,SUP_037,PROD_0003,03-10-2024,2024-10-10,2024-10-07,336,317,41,Closed
PO_105572,SUP_153,PROD_0013,02-05-2024,2024-05-15,2024-05-13,1764,1736,433,Open
PO_105573,SUP_145,PROD_0010,07-09-2024,2024-09-23,2024-09-21,1915,1882,245,Open
PO_105574,SUP_058,PROD_0148,13-05-2024,2024-05-27,2024-05-28,1934,1847,346,Delayed
PO_105575,SUP_120,PROD_0228,08-02-2024,2024-02-26,2024-02-25,356,310,393,Open
PO_105576,SUP_010,PROD_0087,2024/02/23,2024-02-28,2024-03-01,650,644,439,Open
PO_105577,SUP_106,PROD_0183,2024/01/10,2024-01-20,2024-01-25,1430,1399,194,Open
PO_105578,SUP_099,PROD_0277,2024/10/26,2024-11-04,2024-11-02,1548,1444,311,Open
PO_105579,SUP_071,PROD_0181,08-05-2024,2024-05-19,2024-05-19,1469,1296,339,Delayed
PO_105580,SUP_113,PROD_0211,02-02-2024,2024-02-08,2024-02-07,577,500,317,Delayed
PO_105581,SUP_058,PROD_0226,2024/06/04,2024-06-18,2024-06-19,558,503,414,Open
PO_105582,SUP_113,PROD_0174,2024/11/25,2024-12-01,2024-12-07,1831,1670,71,Delayed
PO_105583,SUP_136,PROD_0112,27-08-2024,2024-09-10,2024-09-14,903,832,425,Closed
PO_105584,SUP_043,PROD_0250,2024/12/29,2025-01-03,2024-12-31,424,403,186,Closed
PO_105585,SUP_018,PROD_0082,13-04-2024,2024-04-27,2024-04-30,1583,1373,377,Open
PO_105586,SUP_105,PROD_0023,2024/09/08,2024-09-25,2024-09-22,1780,1558,307,Closed
PO_105587,SUP_129,PROD_0082,2024/07/12,2024-07-30,2024-08-01,1135,1043,493,Closed
PO_105588,SUP_056,PROD_0286,2024/07/08,2024-07-26,2024-07-28,1231,1130,106,Open
PO_105589,SUP_005,PROD_0120,2024/12/25,2024-12-31,2025-01-01,1578,1566,190,Delayed
PO_105590,SUP_192,PROD_0130,2024/10/08,2024-10-25,2024-10-25,1179,1098,492,Open
PO_105591,SUP_136,PROD_0201,04-11-2024,2024-11-09,2024-11-14,345,295,171,Closed
PO_105592,SUP_182,PROD_0115,2024/11/05,2024-11-22,2024-11-24,561,485,133,Open
PO_105593,SUP_154,PROD_0054,05-12-2024,2024-12-16,2024-12-13,1081,1076,48,Closed
PO_105594,SUP_016,PROD_0264,29-05-2024,2024-06-18,2024-06-23,970,881,51,Closed
PO_105595,SUP_155,PROD_0129,2024/05/21,2024-06-05,2024-06-03,467,440,350,Open
PO_105596,SUP_028,PROD_0156,2024/02/14,2024-02-25,2024-02-25,1694,1690,294,Delayed
PO_105597,SUP_079,PROD_0114,2024/06/06,2024-06-15,2024-06-17,148,141,274,Closed
PO_105598,SUP_167,PROD_0029,2024/01/24,2024-02-04,2024-02-10,828,759,462,Delayed
PO_105599,SUP_009,PROD_0165,07-08-2024,2024-08-26,2024-08-30,1875,1690,210,Delayed
PO_105600,SUP_101,PROD_0232,2024/06/12,2024-07-02,2024-07-05,1560,1379,70,Closed
PO_105601,SUP_022,PROD_0183,18-07-2024,2024-07-25,2024-07-26,470,410,169,Open
PO_105602,SUP_017,PROD_0141,24-04-2024,2024-05-03,2024-05-09,747,699,263,Delayed
PO_105603,SUP_020,PROD_0228,2024/03/21,2024-04-03,2024-04-03,953,945,194,Closed
PO_105604,SUP_016,PROD_0199,22-12-2024,2025-01-10,2025-01-12,1624,1397,293,Open
PO_105605,SUP_023,PROD_0194,19-07-2024,2024-07-24,2024-07-22,1108,1019,382,Closed
PO_105606,SUP_131,PROD_0104,31-01-2024,2024-02-06,2024-02-12,417,396,207,Delayed
PO_105607,SUP_143,PROD_0243,01-12-2024,2024-12-19,2024-12-18,1013,983,306,Open
PO_105608,SUP_121,PROD_0063,14-07-2024,2024-07-29,2024-07-30,100,94,108,Open
PO_105609,SUP_200,PROD_0066,2024/02/28,2024-03-10,2024-03-14,658,627,377,Delayed
PO_105610,SUP_111,PROD_0176,2024/03/24,2024-04-11,2024-04-13,1733,1565,456,Delayed
PO_105611,SUP_095,PROD_0129,24-04-2024,2024-05-11,2024-05-15,841,801,238,Delayed
PO_105612,SUP_131,PROD_0294,2024/05/12,2024-05-17,2024-05-17,1695,1566,196,Delayed
PO_105613,SUP_169,PROD_0153,17-08-2024,2024-09-02,2024-09-08,833,788,208,Closed
PO_105614,SUP_066,PROD_0134,02-04-2024,2024-04-08,2024-04-14,636,603,264,Open
PO_105615,SUP_003,PROD_0035,2024/07/02,2024-07-13,2024-07-19,1454,1378,432,Delayed
PO_105616,SUP_043,PROD_0229,2024/12/01,2024-12-20,2024-12-23,1682,1444,393,Open
PO_105617,SUP_017,PROD_0181,2024/05/02,2024-05-17,2024-05-16,1873,1857,485,Closed
PO_105618,SUP_159,PROD_0239,2024/05/18,2024-05-31,2024-05-31,150,149,107,Closed
PO_105619,SUP_072,PROD_0032,2024/10/08,2024-10-23,2024-10-24,653,574,486,Delayed
PO_105620,SUP_099,PROD_0286,2024/05/12,2024-05-17,2024-05-18,1531,1463,257,Delayed
PO_105621,SUP_066,PROD_0090,2024/01/24,2024-02-12,2024-02-15,508,493,494,Closed
PO_105622,SUP_141,PROD_0234,06-06-2024,2024-06-25,2024-06-29,312,277,97,Open
PO_105623,SUP_104,PROD_0081,01-10-2024,2024-10-08,2024-10-10,1921,1665,248,Delayed
PO_105624,SUP_190,PROD_0271,07-09-2024,2024-09-18,2024-09-21,1070,1035,472,Closed
PO_105625,SUP_020,PROD_0292,2024/02/02,2024-02-16,2024-02-13,1530,1476,367,Closed
PO_105626,SUP_109,PROD_0087,2024/07/22,2024-08-09,2024-08-12,1875,1752,436,Delayed
PO_105627,SUP_148,PROD_0221,2024/12/11,2024-12-28,2025-01-03,1583,1467,319,Open
PO_105628,SUP_146,PROD_0093,29-03-2024,2024-04-05,2024-04-10,383,333,132,Open
PO_105629,SUP_176,PROD_0234,09-09-2024,2024-09-26,2024-10-01,967,847,265,Open
PO_105630,SUP_118,PROD_0073,2024/08/14,2024-08-21,2024-08-22,1162,1072,380,Open
PO_105631,SUP_153,PROD_0258,2024/10/01,2024-10-17,2024-10-16,493,426,201,Closed
PO_105632,SUP_114,PROD_0123,13-11-2024,2024-11-24,2024-11-25,1653,1469,75,Open
PO_105633,SUP_194,PROD_0050,2024/05/17,2024-05-26,2024-05-27,1079,933,466,Open
PO_105634,SUP_145,PROD_0171,10-06-2024,2024-06-20,2024-06-19,235,204,325,Open
PO_105635,SUP_121,PROD_0219,17-02-2024,2024-02-22,2024-02-26,1785,1618,53,Closed
PO_105636,SUP_063,PROD_0284,17-04-2024,2024-04-25,2024-04-28,1946,1754,482,Closed
PO_105637,SUP_058,PROD_0185,2024/07/23,2024-08-06,2024-08-05,814,722,205,Closed
PO_105638,SUP_077,PROD_0207,21-12-2024,2024-12-31,2024-12-29,167,155,91,Open
PO_105639,SUP_092,PROD_0293,2024/11/01,2024-11-08,2024-11-09,1286,1286,341,Open
PO_105640,SUP_001,PROD_0185,2024/08/29,2024-09-04,2024-09-04,295,277,399,Delayed
PO_105641,SUP_018,PROD_0137,02-12-2024,2024-12-11,2024-12-13,1230,1100,140,Open
PO_105642,SUP_102,PROD_0242,05-06-2024,2024-06-21,2024-06-24,1747,1745,482,Delayed
PO_105643,SUP_162,PROD_0154,17-12-2024,2024-12-29,2025-01-01,1125,1035,261,Delayed
PO_105644,SUP_050,PROD_0068,2024/06/07,2024-06-15,2024-06-12,1455,1436,246,Open
PO_105645,SUP_182,PROD_0012,17-08-2024,2024-08-28,2024-09-03,385,344,364,Closed
PO_105646,SUP_194,PROD_0040,2024/10/24,2024-11-07,2024-11-06,1361,1178,352,Delayed
PO_105647,SUP_162,PROD_0175,2024/03/30,2024-04-12,2024-04-16,637,547,148,Open
PO_105648,SUP_149,PROD_0107,04-11-2024,2024-11-24,2024-11-29,1942,1907,126,Open
PO_105649,SUP_039,PROD_0259,09-03-2024,2024-03-17,2024-03-15,383,337,49,Delayed
PO_105650,SUP_171,PROD_0189,01-11-2024,2024-11-07,2024-11-05,855,815,495,Open
PO_105651,SUP_016,PROD_0199,2024/09/07,2024-09-25,2024-09-23,990,972,326,Closed
PO_105652,SUP_084,PROD_0139,01-05-2024,2024-05-07,2024-05-08,1589,1572,477,Open
PO_105653,SUP_031,PROD_0141,2024/09/23,2024-09-28,2024-09-26,1746,1592,398,Closed
PO_105654,SUP_027,PROD_0056,01-08-2024,2024-08-06,2024-08-08,1110,973,174,Open
PO_105655,SUP_160,PROD_0067,2024/05/16,2024-05-31,2024-06-06,1393,1331,418,Closed
PO_105656,SUP_160,PROD_0025,2024/12/15,2025-01-04,2025-01-10,1606,1519,95,Closed
PO_105657,SUP_082,PROD_0292,2024/04/30,2024-05-17,2024-05-18,234,206,290,Closed
PO_105658,SUP_007,PROD_0292,2024/07/07,2024-07-21,2024-07-26,1399,1195,144,Closed
PO_105659,SUP_170,PROD_0111,03-08-2024,2024-08-08,2024-08-06,1648,1589,82,Open
PO_105660,SUP_162,PROD_0101,10-01-2024,2024-01-27,2024-01-28,530,484,351,Delayed
PO_105661,SUP_106,PROD_0018,2024/09/09,2024-09-20,2024-09-19,220,194,41,Open
PO_105662,SUP_008,PROD_0184,2024/04/10,2024-04-25,2024-04-25,1746,1596,362,Closed
PO_105663,SUP_144,PROD_0280,2024/06/25,2024-07-13,2024-07-12,1998,1985,197,Delayed
PO_105664,SUP_106,PROD_0142,18-12-2024,2024-12-23,2024-12-24,1320,1263,293,Delayed
PO_105665,SUP_188,PROD_0108,18-06-2024,2024-07-03,2024-07-05,299,264,389,Delayed
PO_105666,SUP_116,PROD_0149,2024/05/24,2024-05-30,2024-06-01,1927,1688,431,Closed
PO_105667,SUP_001,PROD_0121,23-11-2024,2024-12-04,2024-12-06,507,495,330,Delayed
PO_105668,SUP_113,PROD_0014,23-10-2024,2024-10-30,2024-11-02,1767,1685,433,Closed
PO_105669,SUP_184,PROD_0022,2024/02/07,2024-02-22,2024-02-27,1841,1697,233,Delayed
PO_105670,SUP_132,PROD_0272,06-04-2024,2024-04-19,2024-04-18,1308,1261,47,Closed
PO_105671,SUP_184,PROD_0279,16-06-2024,2024-07-01,2024-07-05,1152,990,444,Closed
PO_105672,SUP_022,PROD_0079,01-09-2024,2024-09-06,2024-09-06,1026,885,281,Open
PO_105673,SUP_091,PROD_0106,09-10-2024,2024-10-27,2024-11-02,1415,1379,392,Closed
PO_105674,SUP_049,PROD_0132,21-08-2024,2024-09-03,2024-09-08,1039,888,322,Delayed
PO_105675,SUP_015,PROD_0037,30-10-2024,2024-11-15,2024-11-13,1992,1976,180,Closed
PO_105676,SUP_010,PROD_0142,04-05-2024,2024-05-21,2024-05-19,1112,1076,489,Open
PO_105677,SUP_130,PROD_0054,2024/06/04,2024-06-12,2024-06-11,1496,1273,138,Delayed
PO_105678,SUP_064,PROD_0293,25-10-2024,2024-11-08,2024-11-10,438,421,202,Closed
PO_105679,SUP_040,PROD_0289,14-06-2024,2024-06-30,2024-07-03,260,255,179,Open
PO_105680,SUP_032,PROD_0171,2024/02/01,2024-02-08,2024-02-05,1353,1187,137,Delayed
PO_105681,SUP_025,PROD_0158,10-05-2024,2024-05-18,2024-05-22,1751,1751,260,Closed
PO_105682,SUP_194,PROD_0070,2024/03/21,2024-04-03,2024-03-31,1326,1300,247,Open
PO_105683,SUP_183,PROD_0289,2024/02/09,2024-02-18,2024-02-16,894,835,458,Delayed
PO_105684,SUP_054,PROD_0113,15-02-2024,2024-02-21,2024-02-18,257,219,72,Closed
PO_105685,SUP_095,PROD_0200,02-08-2024,2024-08-21,2024-08-27,1790,1758,235,Closed
PO_105686,SUP_050,PROD_0199,2024/04/05,2024-04-17,2024-04-22,1588,1478,371,Open
PO_105687,SUP_044,PROD_0090,20-02-2024,2024-03-05,2024-03-05,729,721,184,Delayed
PO_105688,SUP_081,PROD_0103,2024/01/12,2024-02-01,2024-02-02,1456,1368,348,Delayed
PO_105689,SUP_158,PROD_0139,19-10-2024,2024-10-24,2024-10-26,1595,1396,354,Delayed
PO_105690,SUP_085,PROD_0229,24-11-2024,2024-12-01,2024-12-04,1212,1155,158,Closed
PO_105691,SUP_032,PROD_0026,13-02-2024,2024-02-18,2024-02-23,1104,1033,134,Delayed
PO_105692,SUP_192,PROD_0044,2024/02/10,2024-02-26,2024-03-01,1953,1851,485,Open
PO_105693,SUP_095,PROD_0086,21-06-2024,2024-06-28,2024-07-03,738,706,343,Open
PO_105694,SUP_051,PROD_0066,11-05-2024,2024-05-23,2024-05-25,387,363,110,Open
PO_105695,SUP_146,PROD_0274,2024/03/13,2024-03-26,2024-03-31,1082,934,369,Delayed
PO_105696,SUP_118,PROD_0089,2024/03/23,2024-03-28,2024-03-27,1364,1257,78,Open
PO_105697,SUP_086,PROD_0252,24-02-2024,2024-03-07,2024-03-08,398,371,56,Closed
PO_105698,SUP_036,PROD_0191,2024/05/05,2024-05-13,2024-05-14,843,774,430,Closed
PO_105699,SUP_005,PROD_0008,21-04-2024,2024-04-27,2024-04-26,674,586,475,Closed
PO_105700,SUP_048,PROD_0043,2024/04/17,2024-04-24,2024-04-25,968,894,194,Closed
PO_105701,SUP_096,PROD_0172,2024/08/26,2024-09-15,2024-09-20,1488,1433,487,Delayed
PO_105702,SUP_033,PROD_0219,2024/03/11,2024-03-20,2024-03-24,1071,923,52,Delayed
PO_105703,SUP_150,PROD_0266,05-06-2024,2024-06-24,2024-06-27,1375,1283,373,Delayed
PO_105704,SUP_200,PROD_0157,04-04-2024,2024-04-20,2024-04-23,1475,1272,342,Closed
PO_105705,SUP_075,PROD_0195,2024/04/18,2024-05-04,2024-05-01,1849,1802,269,Closed
PO_105706,SUP_130,PROD_0014,2024/12/24,2025-01-12,2025-01-15,489,420,151,Open
PO_105707,SUP_013,PROD_0183,27-02-2024,2024-03-06,2024-03-12,1868,1681,184,Closed
PO_105708,SUP_124,PROD_0005,2024/01/24,2024-02-01,2024-01-30,394,380,492,Open
PO_105709,SUP_167,PROD_0071,13-03-2024,2024-03-22,2024-03-24,1267,1129,411,Delayed
PO_105710,SUP_020,PROD_0221,13-02-2024,2024-02-27,2024-02-27,534,504,97,Delayed
PO_105711,SUP_106,PROD_0299,2024/11/14,2024-12-04,2024-12-05,1488,1388,197,Closed
PO_105712,SUP_149,PROD_0170,2024/09/06,2024-09-14,2024-09-12,1336,1152,309,Closed
PO_105713,SUP_150,PROD_0031,01-03-2024,2024-03-17,2024-03-21,1216,1083,272,Open
PO_105714,SUP_047,PROD_0206,01-03-2024,2024-03-16,2024-03-18,1988,1843,304,Closed
PO_105715,SUP_131,PROD_0276,17-04-2024,2024-05-04,2024-05-03,1582,1528,470,Open
PO_105716,SUP_072,PROD_0237,30-12-2024,2025-01-16,2025-01-22,1842,1819,145,Open
PO_105717,SUP_017,PROD_0035,14-01-2024,2024-01-19,2024-01-21,1423,1418,395,Open
PO_105718,SUP_188,PROD_0250,27-09-2024,2024-10-10,2024-10-11,671,603,65,Delayed
PO_105719,SUP_114,PROD_0105,2024/11/04,2024-11-17,2024-11-16,665,616,197,Open
PO_105720,SUP_189,PROD_0235,2024/08/07,2024-08-13,2024-08-14,733,637,315,Closed
PO_105721,SUP_126,PROD_0226,02-10-2024,2024-10-09,2024-10-12,238,216,309,Open
PO_105722,SUP_133,PROD_0150,16-08-2024,2024-09-04,2024-09-05,1304,1203,253,Delayed
PO_105723,SUP_164,PROD_0053,2024/03/05,2024-03-24,2024-03-24,1516,1451,164,Delayed
PO_105724,SUP_073,PROD_0062,23-09-2024,2024-10-01,2024-10-03,950,861,293,Open
PO_105725,SUP_164,PROD_0016,2024/05/21,2024-06-06,2024-06-08,1455,1421,264,Open
PO_105726,SUP_080,PROD_0192,2024/11/03,2024-11-09,2024-11-13,1929,1811,266,Closed
PO_105727,SUP_068,PROD_0054,14-01-2024,2024-01-19,2024-01-17,1093,967,140,Open
PO_105728,SUP_148,PROD_0284,2024/03/29,2024-04-14,2024-04-20,459,435,95,Open
PO_105729,SUP_166,PROD_0084,17-08-2024,2024-08-26,2024-08-27,207,195,227,Closed
PO_105730,SUP_083,PROD_0080,12-09-2024,2024-10-02,2024-10-03,1399,1355,312,Open
PO_105731,SUP_130,PROD_0070,06-06-2024,2024-06-15,2024-06-16,542,479,264,Closed
PO_105732,SUP_075,PROD_0293,04-04-2024,2024-04-13,2024-04-10,663,614,77,Closed
PO_105733,SUP_176,PROD_0055,2024/08/22,2024-09-01,2024-09-04,797,769,120,Open
PO_105734,SUP_060,PROD_0225,19-09-2024,2024-10-08,2024-10-11,196,171,358,Open
PO_105735,SUP_189,PROD_0294,2024/01/18,2024-01-24,2024-01-30,588,542,122,Open
PO_105736,SUP_109,PROD_0178,2024/11/14,2024-11-25,2024-11-24,221,189,231,Open
PO_105737,SUP_086,PROD_0277,2024/10/17,2024-11-03,2024-11-01,1478,1389,409,Open
PO_105738,SUP_068,PROD_0037,19-05-2024,2024-06-04,2024-06-03,545,476,243,Delayed
PO_105739,SUP_126,PROD_0207,2024/01/14,2024-01-20,2024-01-19,167,164,315,Closed
PO_105740,SUP_025,PROD_0186,2024/06/01,2024-06-07,2024-06-10,394,341,165,Delayed
PO_105741,SUP_046,PROD_0296,26-08-2024,2024-09-10,2024-09-08,1333,1237,232,Closed
PO_105742,SUP_174,PROD_0109,2024/06/21,2024-07-09,2024-07-11,579,526,81,Closed
PO_105743,SUP_056,PROD_0041,2024/04/01,2024-04-07,2024-04-11,1793,1547,63,Open
PO_105744,SUP_159,PROD_0171,22-08-2024,2024-09-01,2024-08-31,393,392,327,Delayed
PO_105745,SUP_187,PROD_0204,17-10-2024,2024-10-28,2024-10-31,1096,939,190,Closed
PO_105746,SUP_055,PROD_0258,2024/09/05,2024-09-22,2024-09-26,1467,1441,483,Delayed
PO_105747,SUP_168,PROD_0180,30-01-2024,2024-02-07,2024-02-05,230,206,452,Delayed
PO_105748,SUP_043,PROD_0076,24-10-2024,2024-11-02,2024-11-02,1184,1059,153,Open
PO_105749,SUP_008,PROD_0204,2024/09/09,2024-09-24,2024-09-21,652,637,186,Closed
PO_105750,SUP_103,PROD_0282,2024/11/18,2024-11-28,2024-11-29,670,601,321,Open
PO_105751,SUP_027,PROD_0203,18-01-2024,2024-01-31,2024-01-29,1996,1883,405,Open
PO_105752,SUP_169,PROD_0293,19-11-2024,2024-12-03,2024-12-02,1056,1017,339,Closed
PO_105753,SUP_099,PROD_0018,08-03-2024,2024-03-16,2024-03-17,1472,1330,235,Open
PO_105754,SUP_110,PROD_0188,2024/12/08,2024-12-25,2024-12-23,203,188,116,Open
PO_105755,SUP_009,PROD_0086,12-02-2024,2024-02-18,2024-02-19,506,483,290,Open
PO_105756,SUP_044,PROD_0122,17-01-2024,2024-02-01,2024-01-29,521,499,204,Closed
PO_105757,SUP_102,PROD_0005,2024/05/20,2024-06-06,2024-06-07,1680,1503,206,Delayed
PO_105758,SUP_104,PROD_0164,01-07-2024,2024-07-08,2024-07-06,1298,1295,343,Open
PO_105759,SUP_019,PROD_0060,30-04-2024,2024-05-10,2024-05-09,1478,1275,246,Open
PO_105760,SUP_044,PROD_0233,2024/09/17,2024-10-02,2024-09-30,468,419,217,Delayed
PO_105761,SUP_034,PROD_0073,2024/02/09,2024-02-26,2024-03-03,696,635,111,Closed
PO_105762,SUP_123,PROD_0200,06-10-2024,2024-10-19,2024-10-17,1230,1067,266,Open
PO_105763,SUP_094,PROD_0267,2024/07/26,2024-08-11,2024-08-15,431,396,121,Open
PO_105764,SUP_170,PROD_0145,09-08-2024,2024-08-14,2024-08-18,1298,1115,326,Delayed
PO_105765,SUP_163,PROD_0058,12-04-2024,2024-04-23,2024-04-27,1147,1064,151,Delayed
PO_105766,SUP_165,PROD_0266,22-10-2024,2024-11-01,2024-11-04,949,812,307,Delayed
PO_105767,SUP_014,PROD_0013,12-01-2024,2024-02-01,2024-02-07,856,739,253,Closed
PO_105768,SUP_105,PROD_0009,14-03-2024,2024-04-03,2024-04-05,127,115,355,Open
PO_105769,SUP_116,PROD_0045,2024/01/03,2024-01-12,2024-01-17,173,155,160,Closed
PO_105770,SUP_046,PROD_0256,15-12-2024,2024-12-23,2024-12-23,1747,1600,281,Delayed
PO_105771,SUP_072,PROD_0293,2024/03/30,2024-04-08,2024-04-11,1582,1427,400,Open
PO_105772,SUP_064,PROD_0127,21-03-2024,2024-04-10,2024-04-13,1618,1615,488,Open
PO_105773,SUP_121,PROD_0090,20-10-2024,2024-10-31,2024-10-30,1640,1598,198,Delayed
PO_105774,SUP_171,PROD_0214,2024/02/13,2024-02-29,2024-03-06,1128,977,93,Delayed
PO_105775,SUP_008,PROD_0274,2024/09/13,2024-09-18,2024-09-24,1737,1507,299,Open
PO_105776,SUP_038,PROD_0138,10-01-2024,2024-01-21,2024-01-21,906,847,410,Open
PO_105777,SUP_100,PROD_0251,06-03-2024,2024-03-16,2024-03-20,836,739,348,Closed
PO_105778,SUP_081,PROD_0179,19-12-2024,2025-01-08,2025-01-07,479,437,498,Closed
PO_105779,SUP_049,PROD_0096,2024/06/12,2024-06-18,2024-06-16,903,880,356,Open
PO_105780,SUP_180,PROD_0036,04-07-2024,2024-07-12,2024-07-10,1543,1419,380,Closed
PO_105781,SUP_084,PROD_0055,2024/10/06,2024-10-23,2024-10-22,1687,1490,191,Closed
PO_105782,SUP_189,PROD_0175,24-10-2024,2024-11-11,2024-11-14,1765,1737,409,Open
PO_105783,SUP_123,PROD_0034,2024/03/17,2024-04-03,2024-04-06,1623,1553,196,Closed
PO_105784,SUP_001,PROD_0233,19-09-2024,2024-09-26,2024-09-26,1968,1751,499,Closed
PO_105785,SUP_103,PROD_0169,2024/10/20,2024-10-28,2024-11-03,1553,1413,84,Closed
PO_105786,SUP_131,PROD_0175,2024/07/29,2024-08-09,2024-08-12,1288,1110,395,Open
PO_105787,SUP_193,PROD_0298,2024/08/22,2024-09-09,2024-09-11,827,711,357,Delayed
PO_105788,SUP_048,PROD_0071,13-07-2024,2024-07-31,2024-08-06,1006,905,247,Open
PO_105789,SUP_089,PROD_0054,2024/05/20,2024-06-03,2024-06-09,1552,1535,333,Open
PO_105790,SUP_175,PROD_0129,30-04-2024,2024-05-19,2024-05-16,1611,1408,177,Open
PO_105791,SUP_128,PROD_0240,06-11-2024,2024-11-14,2024-11-17,418,415,260,Open
PO_105792,SUP_048,PROD_0155,28-12-2024,2025-01-10,2025-01-09,470,415,114,Delayed
PO_105793,SUP_175,PROD_0296,2024/02/25,2024-03-16,2024-03-16,1151,985,87,Closed
PO_105794,SUP_009,PROD_0091,11-05-2024,2024-05-30,2024-05-30,312,302,272,Open
PO_105795,SUP_053,PROD_0121,2024/10/03,2024-10-15,2024-10-20,769,674,47,Open
PO_105796,SUP_083,PROD_0045,2024/02/21,2024-02-26,2024-02-27,743,658,146,Open
PO_105797,SUP_058,PROD_0034,28-11-2024,2024-12-16,2024-12-16,1476,1432,402,Open
PO_105798,SUP_090,PROD_0134,09-02-2024,2024-02-16,2024-02-19,571,542,452,Delayed
PO_105799,SUP_164,PROD_0260,13-02-2024,2024-02-29,2024-03-01,1872,1676,148,Open
PO_105800,SUP_037,PROD_0076,2024/06/03,2024-06-11,2024-06-15,1740,1495,250,Open
PO_105801,SUP_066,PROD_0175,2024/10/03,2024-10-12,2024-10-18,1420,1404,343,Delayed
PO_105802,SUP_031,PROD_0286,18-12-2024,2024-12-24,2024-12-23,1149,1082,195,Delayed
PO_105803,SUP_022,PROD_0219,2024/12/17,2024-12-25,2024-12-31,1459,1430,369,Closed
PO_105804,SUP_078,PROD_0165,08-07-2024,2024-07-22,2024-07-28,1339,1201,140,Delayed
PO_105805,SUP_112,PROD_0057,2024/08/02,2024-08-17,2024-08-15,510,461,151,Open
PO_105806,SUP_003,PROD_0164,26-08-2024,2024-09-09,2024-09-12,267,243,260,Closed
PO_105807,SUP_178,PROD_0122,2024/04/25,2024-05-14,2024-05-11,1091,1024,425,Open
PO_105808,SUP_107,PROD_0192,10-02-2024,2024-02-19,2024-02-23,1535,1365,172,Closed
PO_105809,SUP_153,PROD_0155,2024/03/30,2024-04-07,2024-04-11,1716,1458,310,Delayed
PO_105810,SUP_153,PROD_0219,17-12-2024,2025-01-03,2025-01-09,1676,1538,270,Closed
PO_105811,SUP_051,PROD_0034,27-01-2024,2024-02-09,2024-02-07,1235,1206,260,Closed
PO_105812,SUP_081,PROD_0286,2024/11/26,2024-12-13,2024-12-17,1230,1143,493,Delayed
PO_105813,SUP_030,PROD_0074,2024/05/12,2024-06-01,2024-06-02,129,129,494,Open
PO_105814,SUP_001,PROD_0134,25-06-2024,2024-07-07,2024-07-05,1027,972,211,Closed
PO_105815,SUP_188,PROD_0140,2024/08/10,2024-08-18,2024-08-19,1545,1325,159,Closed
PO_105816,SUP_073,PROD_0177,04-11-2024,2024-11-23,2024-11-22,1831,1781,233,Open
PO_105817,SUP_092,PROD_0032,28-10-2024,2024-11-03,2024-11-09,702,674,85,Open
PO_105818,SUP_131,PROD_0170,19-07-2024,2024-07-30,2024-08-02,1486,1428,414,Open
PO_105819,SUP_159,PROD_0219,23-03-2024,2024-04-02,2024-04-02,337,317,147,Delayed
PO_105820,SUP_172,PROD_0187,2024/04/20,2024-05-04,2024-05-04,835,788,314,Delayed
PO_105821,SUP_132,PROD_0201,2024/02/25,2024-03-15,2024-03-19,938,834,166,Closed
PO_105822,SUP_108,PROD_0208,20-06-2024,2024-07-03,2024-07-03,1098,978,394,Delayed
PO_105823,SUP_112,PROD_0190,11-09-2024,2024-09-19,2024-09-17,1045,942,455,Delayed
PO_105824,SUP_095,PROD_0025,24-06-2024,2024-07-09,2024-07-11,499,478,350,Delayed
PO_105825,SUP_068,PROD_0276,17-10-2024,2024-11-01,2024-11-06,1694,1650,376,Closed
PO_105826,SUP_161,PROD_0142,01-02-2024,2024-02-20,2024-02-19,1166,1022,210,Open
PO_105827,SUP_145,PROD_0061,24-10-2024,2024-11-04,2024-11-10,712,638,152,Closed
PO_105828,SUP_009,PROD_0297,2024/02/06,2024-02-22,2024-02-23,734,674,409,Open
PO_105829,SUP_093,PROD_0254,2024/07/18,2024-07-27,2024-07-28,1963,1801,113,Closed
PO_105830,SUP_125,PROD_0239,2024/06/07,2024-06-12,2024-06-14,425,363,421,Closed
PO_105831,SUP_060,PROD_0026,2024/07/07,2024-07-20,2024-07-24,982,949,234,Delayed
PO_105832,SUP_150,PROD_0015,2024/08/14,2024-09-03,2024-09-05,257,243,381,Delayed
PO_105833,SUP_125,PROD_0087,01-12-2024,2024-12-17,2024-12-15,1372,1370,475,Closed
PO_105834,SUP_031,PROD_0033,23-05-2024,2024-06-10,2024-06-08,842,842,411,Closed
PO_105835,SUP_037,PROD_0163,19-09-2024,2024-09-28,2024-10-04,410,353,111,Delayed
PO_105836,SUP_012,PROD_0033,2024/04/17,2024-04-22,2024-04-19,467,407,339,Open
PO_105837,SUP_182,PROD_0178,2024/08/13,2024-08-26,2024-08-30,461,438,355,Open
PO_105838,SUP_008,PROD_0130,2024/03/05,2024-03-17,2024-03-21,1132,1118,136,Open
PO_105839,SUP_073,PROD_0146,2024/06/25,2024-07-15,2024-07-16,741,646,232,Open
PO_105840,SUP_163,PROD_0286,2024/04/28,2024-05-09,2024-05-09,1786,1675,165,Delayed
PO_105841,SUP_075,PROD_0288,31-07-2024,2024-08-15,2024-08-13,1268,1128,61,Closed
PO_105842,SUP_109,PROD_0026,13-10-2024,2024-10-22,2024-10-23,282,264,146,Delayed
PO_105843,SUP_191,PROD_0290,10-05-2024,2024-05-23,2024-05-29,184,163,143,Open
PO_105844,SUP_050,PROD_0105,2024/03/01,2024-03-21,2024-03-25,1614,1443,492,Delayed
PO_105845,SUP_117,PROD_0057,2024/12/17,2024-12-29,2024-12-26,1652,1544,400,Delayed
PO_105846,SUP_172,PROD_0009,2024/03/18,2024-03-26,2024-03-31,426,417,87,Delayed
PO_105847,SUP_119,PROD_0267,2024/04/06,2024-04-16,2024-04-16,237,208,310,Delayed
PO_105848,SUP_061,PROD_0278,13-02-2024,2024-02-18,2024-02-23,1743,1604,71,Open
PO_105849,SUP_172,PROD_0183,22-10-2024,2024-11-11,2024-11-08,1677,1540,385,Delayed
PO_105850,SUP_017,PROD_0036,11-06-2024,2024-06-23,2024-06-25,966,869,198,Open
PO_105851,SUP_145,PROD_0201,29-05-2024,2024-06-17,2024-06-16,1171,1036,240,Open
PO_105852,SUP_160,PROD_0074,09-01-2024,2024-01-19,2024-01-19,1128,972,399,Closed
PO_105853,SUP_003,PROD_0023,06-02-2024,2024-02-26,2024-02-28,1375,1321,78,Delayed
PO_105854,SUP_036,PROD_0267,2024/01/13,2024-01-24,2024-01-30,1482,1355,226,Delayed
PO_105855,SUP_023,PROD_0013,2024/05/03,2024-05-18,2024-05-18,1280,1186,367,Delayed
PO_105856,SUP_099,PROD_0164,03-09-2024,2024-09-15,2024-09-15,536,482,306,Open
PO_105857,SUP_101,PROD_0267,2024/10/03,2024-10-09,2024-10-08,1517,1446,193,Delayed
PO_105858,SUP_186,PROD_0170,2024/12/26,2025-01-05,2025-01-05,1241,1100,225,Closed
PO_105859,SUP_178,PROD_0187,2024/02/07,2024-02-12,2024-02-10,1399,1362,398,Open
PO_105860,SUP_037,PROD_0003,04-06-2024,2024-06-18,2024-06-23,1839,1791,198,Open
PO_105861,SUP_141,PROD_0239,2024/01/30,2024-02-15,2024-02-13,1735,1481,412,Closed
PO_105862,SUP_117,PROD_0169,2024/12/13,2024-12-22,2024-12-21,310,302,409,Delayed
PO_105863,SUP_161,PROD_0272,2024/01/28,2024-02-06,2024-02-08,1692,1499,168,Delayed
PO_105864,SUP_028,PROD_0027,2024/02/08,2024-02-13,2024-02-13,460,420,43,Delayed
PO_105865,SUP_039,PROD_0233,06-09-2024,2024-09-15,2024-09-20,1660,1455,74,Delayed
PO_105866,SUP_040,PROD_0221,2024/06/23,2024-07-12,2024-07-14,831,733,492,Open
PO_105867,SUP_168,PROD_0109,29-01-2024,2024-02-04,2024-02-08,1661,1464,350,Delayed
PO_105868,SUP_110,PROD_0224,12-01-2024,2024-01-22,2024-01-21,814,797,92,Delayed
PO_105869,SUP_107,PROD_0083,14-11-2024,2024-11-24,2024-11-22,1955,1711,124,Closed
PO_105870,SUP_144,PROD_0091,2024/04/19,2024-05-03,2024-05-05,1281,1251,495,Delayed
PO_105871,SUP_044,PROD_0167,07-07-2024,2024-07-24,2024-07-26,914,784,121,Delayed
PO_105872,SUP_094,PROD_0107,17-10-2024,2024-10-31,2024-11-01,253,243,424,Open
PO_105873,SUP_045,PROD_0179,2024/04/10,2024-04-29,2024-05-04,1957,1876,403,Open
PO_105874,SUP_112,PROD_0214,2024/09/17,2024-10-03,2024-10-08,977,921,199,Delayed
PO_105875,SUP_144,PROD_0209,14-06-2024,2024-07-04,2024-07-08,1580,1563,42,Open
PO_105876,SUP_106,PROD_0144,2024/01/27,2024-02-13,2024-02-17,1326,1213,413,Closed
PO_105877,SUP_036,PROD_0170,20-02-2024,2024-03-07,2024-03-13,1413,1306,42,Delayed
PO_105878,SUP_097,PROD_0256,21-08-2024,2024-08-26,2024-08-27,1887,1785,124,Closed
PO_105879,SUP_002,PROD_0200,06-10-2024,2024-10-12,2024-10-13,1510,1339,243,Delayed
PO_105880,SUP_027,PROD_0214,2024/12/26,2025-01-05,2025-01-10,860,767,56,Open
PO_105881,SUP_047,PROD_0172,2024/06/18,2024-06-23,2024-06-22,156,137,367,Closed
PO_105882,SUP_173,PROD_0145,2024/04/04,2024-04-16,2024-04-21,125,114,129,Delayed
PO_105883,SUP_185,PROD_0050,14-07-2024,2024-07-23,2024-07-27,874,817,164,Delayed
PO_105884,SUP_081,PROD_0050,2024/08/25,2024-09-07,2024-09-13,1846,1636,281,Delayed
PO_105885,SUP_154,PROD_0124,2024/11/01,2024-11-16,2024-11-17,857,808,425,Closed
PO_105886,SUP_147,PROD_0035,2024/11/19,2024-12-01,2024-12-03,1124,1065,482,Delayed
PO_105887,SUP_154,PROD_0174,2024/06/26,2024-07-08,2024-07-10,1988,1762,430,Closed
PO_105888,SUP_147,PROD_0023,2024/10/08,2024-10-28,2024-10-30,262,226,106,Delayed
PO_105889,SUP_197,PROD_0033,15-02-2024,2024-03-06,2024-03-07,1644,1428,334,Closed
PO_105890,SUP_145,PROD_0278,2024/05/27,2024-06-14,2024-06-14,529,527,256,Delayed
PO_105891,SUP_193,PROD_0165,19-02-2024,2024-02-25,2024-02-27,1471,1404,41,Open
PO_105892,SUP_069,PROD_0032,2024/11/21,2024-11-29,2024-12-05,1440,1231,271,Delayed
PO_105893,SUP_173,PROD_0149,04-07-2024,2024-07-24,2024-07-26,1690,1527,306,Delayed
PO_105894,SUP_005,PROD_0261,19-05-2024,2024-05-29,2024-05-27,133,122,406,Closed
PO_105895,SUP_146,PROD_0019,20-09-2024,2024-09-30,2024-10-05,1384,1295,248,Delayed
PO_105896,SUP_080,PROD_0062,2024/08/14,2024-08-24,2024-08-26,773,699,57,Closed
PO_105897,SUP_115,PROD_0239,06-11-2024,2024-11-12,2024-11-18,519,441,274,Open
PO_105898,SUP_172,PROD_0217,23-10-2024,2024-11-09,2024-11-06,1856,1718,389,Closed
PO_105899,SUP_143,PROD_0105,2024/04/18,2024-05-04,2024-05-02,451,431,458,Delayed
PO_105900,SUP_041,PROD_0249,2024/06/09,2024-06-25,2024-07-01,1799,1766,226,Delayed
PO_105901,SUP_035,PROD_0213,01-02-2024,2024-02-19,2024-02-25,1368,1315,473,Delayed
PO_105902,SUP_065,PROD_0015,2024/02/26,2024-03-13,2024-03-16,1253,1176,384,Closed
PO_105903,SUP_044,PROD_0116,25-09-2024,2024-10-05,2024-10-09,969,913,103,Closed
PO_105904,SUP_067,PROD_0188,2024/12/02,2024-12-11,2024-12-08,1990,1887,359,Delayed
PO_105905,SUP_067,PROD_0100,26-02-2024,2024-03-12,2024-03-16,520,513,400,Open
PO_105906,SUP_132,PROD_0138,21-11-2024,2024-12-09,2024-12-09,518,515,284,Delayed
PO_105907,SUP_136,PROD_0255,2024/02/13,2024-02-25,2024-03-01,1606,1587,282,Closed
PO_105908,SUP_122,PROD_0167,27-02-2024,2024-03-05,2024-03-03,345,335,409,Closed
PO_105909,SUP_021,PROD_0227,16-04-2024,2024-04-27,2024-04-25,644,548,160,Delayed
PO_105910,SUP_155,PROD_0214,26-08-2024,2024-09-03,2024-09-02,1102,997,297,Closed
PO_105911,SUP_186,PROD_0036,2024/09/18,2024-10-08,2024-10-14,1422,1257,60,Delayed
PO_105912,SUP_047,PROD_0028,2024/03/29,2024-04-08,2024-04-05,1800,1686,299,Open
PO_105913,SUP_126,PROD_0264,22-09-2024,2024-10-06,2024-10-06,1864,1634,202,Open
PO_105914,SUP_075,PROD_0073,2024/05/10,2024-05-26,2024-05-30,328,320,451,Open
PO_105915,SUP_048,PROD_0262,2024/11/14,2024-11-19,2024-11-16,1540,1384,440,Closed
PO_105916,SUP_139,PROD_0115,2024/03/09,2024-03-22,2024-03-20,1121,1112,62,Closed
PO_105917,SUP_009,PROD_0115,02-05-2024,2024-05-22,2024-05-26,1484,1276,181,Open
PO_105918,SUP_164,PROD_0047,2024/12/07,2024-12-27,2025-01-02,449,444,210,Closed
PO_105919,SUP_129,PROD_0084,24-04-2024,2024-05-06,2024-05-08,1166,1032,98,Closed
PO_105920,SUP_108,PROD_0284,11-02-2024,2024-02-26,2024-02-25,1355,1245,392,Open
PO_105921,SUP_003,PROD_0028,2024/07/25,2024-08-04,2024-08-02,289,271,237,Closed
PO_105922,SUP_118,PROD_0194,23-01-2024,2024-02-01,2024-01-30,1786,1739,107,Open
PO_105923,SUP_033,PROD_0060,2024/11/21,2024-12-06,2024-12-06,896,823,118,Delayed
PO_105924,SUP_156,PROD_0194,19-06-2024,2024-06-25,2024-06-23,314,300,162,Delayed
PO_105925,SUP_022,PROD_0270,2024/10/23,2024-11-07,2024-11-04,1308,1184,107,Delayed
PO_105926,SUP_150,PROD_0143,2024/10/26,2024-11-08,2024-11-10,656,651,382,Delayed
PO_105927,SUP_169,PROD_0029,2024/08/12,2024-08-21,2024-08-23,703,633,278,Open
PO_105928,SUP_093,PROD_0211,08-05-2024,2024-05-22,2024-05-21,1490,1325,95,Delayed
PO_105929,SUP_073,PROD_0155,11-05-2024,2024-05-16,2024-05-17,1765,1632,236,Open
PO_105930,SUP_075,PROD_0163,03-08-2024,2024-08-19,2024-08-23,733,643,304,Open
PO_105931,SUP_144,PROD_0118,2024/03/09,2024-03-26,2024-03-27,876,750,202,Open
PO_105932,SUP_061,PROD_0051,01-05-2024,2024-05-08,2024-05-12,1242,1112,190,Open
PO_105933,SUP_055,PROD_0250,25-12-2024,2025-01-14,2025-01-16,633,600,309,Open
PO_105934,SUP_042,PROD_0132,2024/03/08,2024-03-27,2024-03-25,841,743,168,Closed
PO_105935,SUP_071,PROD_0051,2024/06/11,2024-06-16,2024-06-16,1844,1662,309,Open
PO_105936,SUP_038,PROD_0023,2024/08/31,2024-09-09,2024-09-08,570,540,482,Open
PO_105937,SUP_173,PROD_0027,05-02-2024,2024-02-25,2024-02-27,543,515,461,Closed
PO_105938,SUP_161,PROD_0285,2024/03/23,2024-04-04,2024-04-10,1978,1931,349,Open
PO_105939,SUP_136,PROD_0175,2024/04/17,2024-04-29,2024-05-01,426,386,89,Delayed
PO_105940,SUP_046,PROD_0213,2024/08/23,2024-09-08,2024-09-10,1497,1329,319,Closed
PO_105941,SUP_143,PROD_0268,2024/02/14,2024-02-27,2024-02-29,1900,1792,91,Delayed
PO_105942,SUP_155,PROD_0139,2024/10/15,2024-10-22,2024-10-27,350,308,91,Delayed
PO_105943,SUP_165,PROD_0002,02-03-2024,2024-03-22,2024-03-27,581,545,186,Open
PO_105944,SUP_082,PROD_0174,2024/04/07,2024-04-18,2024-04-24,1626,1430,375,Open
PO_105945,SUP_026,PROD_0228,10-04-2024,2024-04-21,2024-04-22,1254,1097,386,Delayed
PO_105946,SUP_056,PROD_0095,2024/01/07,2024-01-20,2024-01-17,1797,1676,486,Closed
PO_105947,SUP_021,PROD_0236,2024/05/21,2024-06-01,2024-05-29,1873,1707,52,Closed
PO_105948,SUP_001,PROD_0265,2024/07/11,2024-07-22,2024-07-22,373,358,190,Delayed
PO_105949,SUP_147,PROD_0015,2024/09/11,2024-09-21,2024-09-22,621,589,285,Closed
PO_105950,SUP_139,PROD_0222,2024/03/10,2024-03-17,2024-03-16,849,740,293,Closed
PO_105951,SUP_169,PROD_0092,2024/03/16,2024-03-30,2024-03-28,1265,1195,297,Closed
PO_105952,SUP_113,PROD_0197,2024/05/23,2024-06-06,2024-06-12,837,784,130,Delayed
PO_105953,SUP_054,PROD_0044,2024/11/17,2024-11-24,2024-11-26,393,339,457,Delayed
PO_105954,SUP_104,PROD_0184,25-08-2024,2024-09-14,2024-09-19,1280,1102,222,Closed
PO_105955,SUP_006,PROD_0074,30-09-2024,2024-10-06,2024-10-03,862,851,181,Open
PO_105956,SUP_025,PROD_0200,18-07-2024,2024-07-24,2024-07-22,1462,1277,483,Open
PO_105957,SUP_099,PROD_0211,29-08-2024,2024-09-14,2024-09-12,150,144,57,Open
PO_105958,SUP_122,PROD_0122,2024/08/29,2024-09-12,2024-09-12,1299,1244,438,Open
PO_105959,SUP_129,PROD_0039,2024/08/18,2024-08-25,2024-08-30,651,602,450,Closed
PO_105960,SUP_138,PROD_0082,2024/01/25,2024-02-04,2024-02-02,456,411,343,Open
PO_105961,SUP_036,PROD_0267,09-04-2024,2024-04-29,2024-04-28,776,663,462,Delayed
PO_105962,SUP_113,PROD_0013,15-04-2024,2024-04-22,2024-04-19,415,398,234,Closed
PO_105963,SUP_174,PROD_0180,2024/07/15,2024-08-03,2024-08-04,1240,1094,410,Closed
PO_105964,SUP_101,PROD_0173,2024/10/21,2024-10-31,2024-11-02,676,670,474,Delayed
PO_105965,SUP_111,PROD_0048,2024/12/10,2024-12-23,2024-12-27,870,815,153,Open
PO_105966,SUP_192,PROD_0145,30-06-2024,2024-07-06,2024-07-06,888,794,213,Closed
PO_105967,SUP_099,PROD_0065,13-08-2024,2024-08-23,2024-08-24,994,886,257,Open
PO_105968,SUP_113,PROD_0007,23-12-2024,2025-01-12,2025-01-15,251,230,292,Open
PO_105969,SUP_178,PROD_0023,2024/06/20,2024-06-30,2024-06-29,702,642,410,Delayed
PO_105970,SUP_137,PROD_0027,2024/08/06,2024-08-19,2024-08-18,850,818,187,Open
PO_105971,SUP_168,PROD_0204,2024/04/27,2024-05-17,2024-05-15,1364,1169,471,Delayed
PO_105972,SUP_160,PROD_0249,2024/11/27,2024-12-08,2024-12-09,1841,1677,424,Closed
PO_105973,SUP_088,PROD_0121,25-02-2024,2024-03-14,2024-03-11,351,334,218,Delayed
PO_105974,SUP_188,PROD_0163,2024/07/08,2024-07-18,2024-07-16,296,268,435,Closed
PO_105975,SUP_067,PROD_0110,2024/05/10,2024-05-15,2024-05-13,811,796,51,Delayed
PO_105976,SUP_136,PROD_0263,2024/08/26,2024-09-01,2024-09-06,951,869,468,Open
PO_105977,SUP_058,PROD_0219,2024/09/26,2024-10-12,2024-10-14,1129,1025,370,Open
PO_105978,SUP_145,PROD_0248,14-05-2024,2024-06-02,2024-06-04,1667,1482,353,Closed
PO_105979,SUP_015,PROD_0156,2024/06/27,2024-07-11,2024-07-10,1394,1238,337,Open
PO_105980,SUP_150,PROD_0254,2024/09/28,2024-10-08,2024-10-12,768,765,246,Delayed
PO_105981,SUP_116,PROD_0268,2024/09/27,2024-10-12,2024-10-09,1752,1709,394,Open
PO_105982,SUP_086,PROD_0272,2024/04/02,2024-04-17,2024-04-17,216,183,428,Delayed
PO_105983,SUP_153,PROD_0134,2024/07/25,2024-08-13,2024-08-18,1481,1353,438,Closed
PO_105984,SUP_019,PROD_0289,25-02-2024,2024-03-08,2024-03-07,1745,1562,185,Open
PO_105985,SUP_003,PROD_0076,21-06-2024,2024-07-01,2024-07-01,999,943,500,Delayed
PO_105986,SUP_144,PROD_0249,2024/11/24,2024-12-11,2024-12-11,751,682,77,Open
PO_105987,SUP_184,PROD_0126,29-01-2024,2024-02-14,2024-02-14,1768,1694,132,Closed
PO_105988,SUP_071,PROD_0056,2024/04/23,2024-04-28,2024-04-26,690,665,199,Open
PO_105989,SUP_127,PROD_0168,21-03-2024,2024-04-04,2024-04-02,1447,1364,69,Closed
PO_105990,SUP_186,PROD_0269,2024/07/17,2024-07-29,2024-07-28,1552,1547,413,Delayed
PO_105991,SUP_049,PROD_0018,16-05-2024,2024-05-22,2024-05-20,287,258,273,Delayed
PO_105992,SUP_106,PROD_0235,2024/09/05,2024-09-10,2024-09-16,1041,1035,91,Closed
PO_105993,SUP_056,PROD_0055,09-10-2024,2024-10-28,2024-11-01,1737,1689,397,Delayed
PO_105994,SUP_106,PROD_0025,14-03-2024,2024-04-02,2024-04-04,1348,1166,126,Closed
PO_105995,SUP_121,PROD_0150,2024/01/09,2024-01-26,2024-02-01,1967,1697,373,Closed
PO_105996,SUP_095,PROD_0204,31-10-2024,2024-11-19,2024-11-16,229,218,302,Delayed
PO_105997,SUP_087,PROD_0125,2024/02/06,2024-02-11,2024-02-14,292,277,41,Closed
PO_105998,SUP_039,PROD_0072,04-01-2024,2024-01-24,2024-01-21,1798,1595,50,Delayed
PO_105999,SUP_158,PROD_0022,29-02-2024,2024-03-10,2024-03-13,1246,1140,464,Closed
PO_106000,SUP_018,PROD_0194,2024/01/19,2024-01-27,2024-01-25,1659,1554,497,Closed
PO_106001,SUP_112,PROD_0266,2024/05/17,2024-05-25,2024-05-22,1703,1691,235,Closed
PO_106002,SUP_199,PROD_0218,21-01-2024,2024-01-29,2024-01-30,1357,1211,196,Closed
PO_106003,SUP_066,PROD_0070,2024/10/13,2024-10-22,2024-10-21,843,800,97,Delayed
PO_106004,SUP_017,PROD_0249,19-11-2024,2024-12-06,2024-12-04,986,843,268,Closed
PO_106005,SUP_081,PROD_0168,2024/06/16,2024-06-29,2024-06-30,1711,1472,457,Closed
PO_106006,SUP_133,PROD_0073,27-12-2024,2025-01-09,2025-01-08,1945,1819,406,Open
PO_106007,SUP_159,PROD_0169,2024/11/21,2024-11-27,2024-11-29,1524,1295,278,Closed
PO_106008,SUP_056,PROD_0126,30-05-2024,2024-06-08,2024-06-09,1432,1312,432,Closed
PO_106009,SUP_114,PROD_0255,26-04-2024,2024-05-04,2024-05-08,1388,1210,204,Delayed
PO_106010,SUP_177,PROD_0106,09-04-2024,2024-04-18,2024-04-15,416,369,48,Closed
PO_106011,SUP_188,PROD_0237,30-04-2024,2024-05-08,2024-05-13,950,878,270,Open
PO_106012,SUP_003,PROD_0256,22-09-2024,2024-10-02,2024-10-01,1145,1022,421,Delayed
PO_106013,SUP_179,PROD_0297,01-02-2024,2024-02-07,2024-02-08,1353,1248,261,Open
PO_106014,SUP_162,PROD_0081,19-07-2024,2024-08-07,2024-08-10,457,443,330,Delayed
PO_106015,SUP_032,PROD_0213,2024/06/08,2024-06-15,2024-06-12,626,570,445,Delayed
PO_106016,SUP_188,PROD_0156,2024/06/16,2024-06-29,2024-07-01,1406,1299,297,Open
PO_106017,SUP_163,PROD_0231,2024/08/27,2024-09-15,2024-09-13,602,525,392,Open
PO_106018,SUP_055,PROD_0090,2024/04/11,2024-04-24,2024-04-23,1053,1028,297,Open
PO_106019,SUP_110,PROD_0165,2024/04/20,2024-04-29,2024-04-28,1750,1618,279,Delayed
PO_106020,SUP_153,PROD_0149,30-09-2024,2024-10-14,2024-10-13,1123,1063,480,Delayed
PO_106021,SUP_187,PROD_0016,05-06-2024,2024-06-20,2024-06-21,1426,1396,70,Closed
PO_106022,SUP_194,PROD_0289,20-03-2024,2024-03-28,2024-03-29,578,528,236,Open
PO_106023,SUP_086,PROD_0126,13-04-2024,2024-04-23,2024-04-23,379,335,167,Open
PO_106024,SUP_199,PROD_0269,2024/07/17,2024-08-04,2024-08-09,1756,1704,122,Open
PO_106025,SUP_002,PROD_0114,04-09-2024,2024-09-20,2024-09-21,1338,1316,364,Delayed
PO_106026,SUP_120,PROD_0204,2024/10/07,2024-10-12,2024-10-10,513,445,159,Delayed
PO_106027,SUP_080,PROD_0046,09-02-2024,2024-02-25,2024-02-29,1086,952,44,Closed
PO_106028,SUP_091,PROD_0125,01-07-2024,2024-07-09,2024-07-12,1815,1681,118,Closed
PO_106029,SUP_185,PROD_0208,07-10-2024,2024-10-14,2024-10-12,833,751,319,Closed
PO_106030,SUP_164,PROD_0187,2024/10/22,2024-10-29,2024-11-01,513,438,499,Open
PO_106031,SUP_010,PROD_0286,12-08-2024,2024-08-21,2024-08-19,1885,1649,450,Closed
PO_106032,SUP_118,PROD_0250,16-01-2024,2024-01-29,2024-01-30,552,497,47,Closed
PO_106033,SUP_115,PROD_0212,08-01-2024,2024-01-25,2024-01-27,913,824,329,Delayed
PO_106034,SUP_101,PROD_0228,2024/01/05,2024-01-15,2024-01-18,1868,1800,141,Delayed
PO_106035,SUP_016,PROD_0235,25-04-2024,2024-05-03,2024-05-01,733,666,166,Closed
PO_106036,SUP_048,PROD_0222,01-11-2024,2024-11-21,2024-11-19,665,657,95,Open
PO_106037,SUP_066,PROD_0196,2024/03/09,2024-03-21,2024-03-18,1726,1524,232,Open
PO_106038,SUP_128,PROD_0154,11-04-2024,2024-04-22,2024-04-27,1886,1671,421,Delayed
PO_106039,SUP_073,PROD_0243,03-10-2024,2024-10-18,2024-10-19,1886,1735,66,Closed
PO_106040,SUP_131,PROD_0248,12-10-2024,2024-10-26,2024-10-30,1896,1693,212,Delayed
PO_106041,SUP_151,PROD_0279,2024/06/05,2024-06-20,2024-06-26,1038,927,328,Closed
PO_106042,SUP_167,PROD_0144,27-05-2024,2024-06-11,2024-06-13,1517,1327,191,Closed
PO_106043,SUP_103,PROD_0061,2024/01/11,2024-01-16,2024-01-14,714,620,365,Open
PO_106044,SUP_167,PROD_0017,2024/08/16,2024-08-31,2024-09-01,861,819,146,Open
PO_106045,SUP_046,PROD_0111,26-12-2024,2025-01-12,2025-01-15,362,322,420,Delayed
PO_106046,SUP_033,PROD_0178,2024/06/22,2024-07-04,2024-07-01,166,164,421,Open
PO_106047,SUP_178,PROD_0106,10-04-2024,2024-04-25,2024-04-24,1874,1824,367,Open
PO_106048,SUP_080,PROD_0186,08-12-2024,2024-12-19,2024-12-17,459,457,458,Delayed
PO_106049,SUP_030,PROD_0033,2024/09/07,2024-09-13,2024-09-11,552,525,88,Open
PO_106050,SUP_051,PROD_0211,03-03-2024,2024-03-23,2024-03-23,1466,1282,145,Open
PO_106051,SUP_149,PROD_0159,15-10-2024,2024-10-25,2024-10-23,789,709,84,Closed
PO_106052,SUP_018,PROD_0119,10-10-2024,2024-10-30,2024-11-04,1074,994,75,Delayed
PO_106053,SUP_175,PROD_0300,2024/11/07,2024-11-18,2024-11-20,1935,1686,396,Closed
PO_106054,SUP_045,PROD_0170,2024/06/28,2024-07-11,2024-07-16,1936,1866,434,Closed
PO_106055,SUP_173,PROD_0104,04-09-2024,2024-09-15,2024-09-21,969,854,442,Open
PO_106056,SUP_141,PROD_0216,2024/02/12,2024-02-21,2024-02-18,1419,1375,346,Delayed
PO_106057,SUP_121,PROD_0247,2024/12/04,2024-12-24,2024-12-29,700,637,118,Closed
PO_106058,SUP_013,PROD_0226,2024/06/10,2024-06-22,2024-06-25,1446,1420,265,Open
PO_106059,SUP_165,PROD_0066,19-01-2024,2024-02-05,2024-02-08,1361,1343,343,Delayed
PO_106060,SUP_075,PROD_0041,2024/06/09,2024-06-26,2024-07-01,775,711,329,Open
PO_106061,SUP_023,PROD_0164,2024/10/19,2024-10-31,2024-10-31,303,281,432,Delayed
PO_106062,SUP_033,PROD_0051,28-12-2024,2025-01-12,2025-01-13,158,150,127,Closed
PO_106063,SUP_060,PROD_0190,20-07-2024,2024-07-25,2024-07-25,1636,1579,249,Closed
PO_106064,SUP_110,PROD_0182,2024/10/08,2024-10-23,2024-10-22,396,361,344,Closed
PO_106065,SUP_159,PROD_0264,12-04-2024,2024-04-18,2024-04-22,1604,1475,455,Closed
PO_106066,SUP_070,PROD_0158,27-11-2024,2024-12-11,2024-12-16,692,613,388,Closed
PO_106067,SUP_196,PROD_0231,2024/01/03,2024-01-22,2024-01-23,1702,1696,212,Open
PO_106068,SUP_192,PROD_0178,2024/05/28,2024-06-05,2024-06-06,1940,1700,255,Delayed
PO_106069,SUP_094,PROD_0114,2024/04/17,2024-04-25,2024-04-28,600,541,142,Delayed
PO_106070,SUP_119,PROD_0259,2024/08/09,2024-08-20,2024-08-17,780,767,273,Open
PO_106071,SUP_087,PROD_0012,2024/07/25,2024-07-31,2024-08-04,219,215,135,Delayed
PO_106072,SUP_173,PROD_0183,2024/07/14,2024-08-01,2024-08-04,191,162,237,Delayed
PO_106073,SUP_158,PROD_0210,03-07-2024,2024-07-12,2024-07-15,267,249,64,Open
PO_106074,SUP_028,PROD_0133,17-04-2024,2024-04-26,2024-04-29,1663,1429,170,Closed
PO_106075,SUP_051,PROD_0292,2024/12/10,2024-12-23,2024-12-20,1481,1369,425,Delayed
PO_106076,SUP_013,PROD_0004,2024/05/25,2024-06-05,2024-06-07,1294,1100,443,Closed
PO_106077,SUP_100,PROD_0111,09-10-2024,2024-10-18,2024-10-15,1946,1925,302,Delayed
PO_106078,SUP_021,PROD_0290,03-03-2024,2024-03-14,2024-03-20,1393,1208,368,Delayed
PO_106079,SUP_157,PROD_0274,30-10-2024,2024-11-11,2024-11-16,1822,1792,478,Delayed
PO_106080,SUP_135,PROD_0038,06-03-2024,2024-03-14,2024-03-17,780,722,41,Delayed
PO_106081,SUP_009,PROD_0267,04-07-2024,2024-07-23,2024-07-26,1624,1490,44,Delayed
PO_106082,SUP_153,PROD_0045,13-08-2024,2024-08-28,2024-08-27,358,325,250,Closed
PO_106083,SUP_104,PROD_0224,2024/12/17,2024-12-29,2024-12-28,1145,1059,94,Delayed
PO_106084,SUP_158,PROD_0236,11-02-2024,2024-03-02,2024-03-06,511,471,79,Delayed
PO_106085,SUP_191,PROD_0251,2024/05/05,2024-05-13,2024-05-13,767,737,110,Open
PO_106086,SUP_109,PROD_0190,2024/04/03,2024-04-19,2024-04-21,1363,1174,166,Closed
PO_106087,SUP_161,PROD_0173,2024/09/22,2024-10-01,2024-10-03,995,873,425,Open
PO_106088,SUP_085,PROD_0129,19-04-2024,2024-04-27,2024-05-01,447,447,280,Delayed
PO_106089,SUP_050,PROD_0148,2024/04/09,2024-04-27,2024-04-26,1195,1046,87,Closed
PO_106090,SUP_183,PROD_0243,19-06-2024,2024-06-24,2024-06-24,513,475,185,Delayed
PO_106091,SUP_076,PROD_0220,2024/07/31,2024-08-19,2024-08-21,1013,941,194,Open
PO_106092,SUP_126,PROD_0112,2024/12/28,2025-01-10,2025-01-15,391,371,98,Delayed
PO_106093,SUP_084,PROD_0262,2024/12/03,2024-12-13,2024-12-11,1652,1543,105,Open
PO_106094,SUP_056,PROD_0034,29-08-2024,2024-09-11,2024-09-08,1942,1824,438,Closed
PO_106095,SUP_170,PROD_0213,2024/04/16,2024-04-30,2024-05-03,864,816,67,Delayed
PO_106096,SUP_076,PROD_0246,2024/08/02,2024-08-20,2024-08-20,1217,1159,291,Closed
PO_106097,SUP_165,PROD_0266,2024/04/26,2024-05-10,2024-05-08,438,403,213,Open
PO_106098,SUP_035,PROD_0229,14-02-2024,2024-02-19,2024-02-22,854,832,437,Open
PO_106099,SUP_108,PROD_0256,06-07-2024,2024-07-24,2024-07-23,1560,1487,435,Closed
PO_106100,SUP_125,PROD_0233,2024/04/30,2024-05-12,2024-05-12,869,803,265,Open
PO_106101,SUP_032,PROD_0058,2024/02/18,2024-02-24,2024-02-29,615,588,143,Closed
PO_106102,SUP_071,PROD_0019,2024/12/26,2025-01-01,2024-12-29,546,543,383,Delayed
PO_106103,SUP_030,PROD_0249,2024/05/05,2024-05-20,2024-05-25,475,428,284,Delayed
PO_106104,SUP_102,PROD_0203,10-03-2024,2024-03-16,2024-03-16,263,241,380,Open
PO_106105,SUP_122,PROD_0261,2024/12/25,2025-01-10,2025-01-08,1825,1811,296,Open
PO_106106,SUP_090,PROD_0257,2024/11/24,2024-12-13,2024-12-18,1224,1200,302,Delayed
PO_106107,SUP_026,PROD_0150,08-09-2024,2024-09-24,2024-09-28,1534,1526,337,Delayed
PO_106108,SUP_166,PROD_0028,14-02-2024,2024-03-04,2024-03-10,1825,1743,190,Delayed
PO_106109,SUP_091,PROD_0050,2024/12/28,2025-01-07,2025-01-07,1407,1200,407,Delayed
PO_106110,SUP_102,PROD_0201,2024/11/28,2024-12-09,2024-12-08,1660,1544,292,Open
PO_106111,SUP_099,PROD_0170,04-10-2024,2024-10-18,2024-10-17,136,116,50,Delayed
PO_106112,SUP_025,PROD_0140,26-04-2024,2024-05-02,2024-05-04,1975,1764,111,Closed
PO_106113,SUP_058,PROD_0111,2024/08/14,2024-09-01,2024-09-03,1828,1725,88,Closed
PO_106114,SUP_064,PROD_0292,15-10-2024,2024-10-29,2024-11-04,865,841,283,Delayed
PO_106115,SUP_162,PROD_0291,2024/02/06,2024-02-11,2024-02-16,653,576,442,Delayed
PO_106116,SUP_134,PROD_0218,29-10-2024,2024-11-18,2024-11-15,716,677,435,Open
PO_106117,SUP_106,PROD_0252,2024/07/22,2024-07-29,2024-07-28,1522,1389,424,Closed
PO_106118,SUP_193,PROD_0035,28-02-2024,2024-03-10,2024-03-12,714,641,363,Delayed
PO_106119,SUP_132,PROD_0098,2024/04/26,2024-05-04,2024-05-06,1617,1549,141,Open
PO_106120,SUP_013,PROD_0017,2024/10/12,2024-10-28,2024-10-28,235,232,131,Open
PO_106121,SUP_045,PROD_0144,22-10-2024,2024-10-28,2024-10-29,197,170,438,Delayed
PO_106122,SUP_063,PROD_0252,18-08-2024,2024-08-24,2024-08-24,928,851,406,Closed
PO_106123,SUP_017,PROD_0150,09-02-2024,2024-02-20,2024-02-21,1773,1732,364,Closed
PO_106124,SUP_123,PROD_0241,19-09-2024,2024-10-09,2024-10-12,432,404,472,Delayed
PO_106125,SUP_035,PROD_0254,13-03-2024,2024-03-23,2024-03-21,171,153,457,Delayed
PO_106126,SUP_197,PROD_0173,2024/03/09,2024-03-16,2024-03-18,1929,1649,84,Delayed
PO_106127,SUP_176,PROD_0031,08-09-2024,2024-09-26,2024-09-26,264,241,155,Delayed
PO_106128,SUP_163,PROD_0164,2024/07/18,2024-07-25,2024-07-31,1943,1698,254,Delayed
PO_106129,SUP_124,PROD_0027,21-07-2024,2024-08-07,2024-08-06,1085,1030,87,Open
PO_106130,SUP_055,PROD_0227,2024/12/19,2025-01-06,2025-01-11,992,973,123,Open
PO_106131,SUP_119,PROD_0063,2024/12/22,2025-01-10,2025-01-14,297,263,386,Closed
PO_106132,SUP_185,PROD_0245,21-10-2024,2024-11-01,2024-11-07,1713,1456,84,Delayed
PO_106133,SUP_148,PROD_0218,2024/09/07,2024-09-12,2024-09-09,360,355,127,Closed
PO_106134,SUP_075,PROD_0101,2024/05/21,2024-06-04,2024-06-06,474,402,266,Delayed
PO_106135,SUP_194,PROD_0021,2024/01/06,2024-01-18,2024-01-24,1216,1140,294,Open
PO_106136,SUP_169,PROD_0277,2024/08/04,2024-08-19,2024-08-25,729,672,417,Delayed
PO_106137,SUP_070,PROD_0100,26-11-2024,2024-12-10,2024-12-16,1433,1396,301,Closed
PO_106138,SUP_104,PROD_0257,04-01-2024,2024-01-15,2024-01-21,389,360,125,Closed
PO_106139,SUP_189,PROD_0252,2024/11/27,2024-12-08,2024-12-12,851,817,230,Open
PO_106140,SUP_149,PROD_0074,16-06-2024,2024-07-06,2024-07-09,1916,1761,206,Delayed
PO_106141,SUP_034,PROD_0077,02-08-2024,2024-08-16,2024-08-16,136,120,298,Open
PO_106142,SUP_108,PROD_0202,23-08-2024,2024-09-08,2024-09-05,629,573,78,Closed
PO_106143,SUP_081,PROD_0190,2024/12/20,2025-01-05,2025-01-02,1271,1269,183,Delayed
PO_106144,SUP_039,PROD_0218,2024/11/25,2024-12-14,2024-12-14,300,282,186,Closed
PO_106145,SUP_143,PROD_0078,15-03-2024,2024-03-28,2024-04-01,997,975,259,Closed
PO_106146,SUP_135,PROD_0271,03-09-2024,2024-09-10,2024-09-07,200,191,113,Open
PO_106147,SUP_155,PROD_0200,19-05-2024,2024-05-27,2024-05-31,1441,1380,340,Open
PO_106148,SUP_052,PROD_0126,2024/11/04,2024-11-16,2024-11-16,1647,1528,447,Closed
PO_106149,SUP_185,PROD_0205,10-04-2024,2024-04-29,2024-05-02,1234,1181,302,Delayed
PO_106150,SUP_054,PROD_0286,2024/09/28,2024-10-07,2024-10-09,1150,1088,102,Delayed
PO_106151,SUP_086,PROD_0020,22-02-2024,2024-03-10,2024-03-12,469,460,420,Delayed
PO_106152,SUP_162,PROD_0185,04-11-2024,2024-11-16,2024-11-20,1212,1064,291,Closed
PO_106153,SUP_153,PROD_0207,2024/10/23,2024-10-28,2024-10-31,1157,990,170,Delayed
PO_106154,SUP_200,PROD_0180,2024/04/10,2024-04-21,2024-04-22,461,398,344,Delayed
PO_106155,SUP_162,PROD_0223,21-07-2024,2024-08-09,2024-08-08,1573,1384,118,Delayed
PO_106156,SUP_114,PROD_0276,15-02-2024,2024-02-21,2024-02-25,927,892,265,Open
PO_106157,SUP_018,PROD_0024,2024/12/09,2024-12-21,2024-12-27,1087,1014,78,Delayed
PO_106158,SUP_147,PROD_0292,2024/10/22,2024-11-10,2024-11-11,1958,1780,260,Closed
PO_106159,SUP_172,PROD_0218,17-01-2024,2024-02-02,2024-02-02,1517,1329,288,Open
PO_106160,SUP_039,PROD_0144,12-03-2024,2024-03-29,2024-03-27,213,211,403,Open
PO_106161,SUP_200,PROD_0057,2024/04/06,2024-04-23,2024-04-25,322,312,310,Delayed
PO_106162,SUP_006,PROD_0205,2024/07/28,2024-08-14,2024-08-12,533,483,112,Open
PO_106163,SUP_154,PROD_0282,2024/08/29,2024-09-08,2024-09-09,1056,986,246,Open
PO_106164,SUP_036,PROD_0284,16-03-2024,2024-04-02,2024-04-07,761,732,57,Delayed
PO_106165,SUP_135,PROD_0005,2024/06/02,2024-06-14,2024-06-19,1427,1218,404,Delayed
PO_106166,SUP_146,PROD_0083,2024/11/14,2024-12-02,2024-12-05,1941,1786,391,Delayed
PO_106167,SUP_008,PROD_0159,09-06-2024,2024-06-14,2024-06-16,232,229,486,Open
PO_106168,SUP_074,PROD_0165,24-04-2024,2024-05-10,2024-05-16,1098,993,231,Open
PO_106169,SUP_185,PROD_0294,30-05-2024,2024-06-16,2024-06-14,1565,1484,71,Delayed
PO_106170,SUP_110,PROD_0158,15-08-2024,2024-09-03,2024-09-02,406,400,122,Open
PO_106171,SUP_003,PROD_0076,2024/12/11,2024-12-18,2024-12-20,595,568,161,Closed
PO_106172,SUP_122,PROD_0215,2024/03/10,2024-03-29,2024-03-31,1619,1582,70,Delayed
PO_106173,SUP_010,PROD_0164,2024/08/28,2024-09-15,2024-09-21,598,521,478,Open
PO_106174,SUP_003,PROD_0060,2024/07/02,2024-07-14,2024-07-19,872,852,372,Delayed
PO_106175,SUP_014,PROD_0013,2024/02/06,2024-02-15,2024-02-12,1119,1054,215,Delayed
PO_106176,SUP_089,PROD_0292,2024/11/12,2024-11-19,2024-11-21,849,777,311,Delayed
PO_106177,SUP_092,PROD_0224,04-12-2024,2024-12-14,2024-12-13,1874,1765,172,Closed
PO_106178,SUP_138,PROD_0159,2024/04/18,2024-04-28,2024-04-27,296,268,195,Closed
PO_106179,SUP_154,PROD_0102,07-04-2024,2024-04-23,2024-04-21,1963,1774,268,Closed
PO_106180,SUP_011,PROD_0247,02-05-2024,2024-05-09,2024-05-11,988,842,338,Open
PO_106181,SUP_111,PROD_0107,03-12-2024,2024-12-21,2024-12-27,856,832,402,Closed
PO_106182,SUP_011,PROD_0258,29-11-2024,2024-12-06,2024-12-05,1162,1152,476,Closed
PO_106183,SUP_154,PROD_0118,02-02-2024,2024-02-21,2024-02-21,150,143,391,Closed
PO_106184,SUP_133,PROD_0299,05-02-2024,2024-02-18,2024-02-20,371,353,319,Delayed
PO_106185,SUP_061,PROD_0004,2024/10/16,2024-11-02,2024-11-01,1134,1127,335,Closed
PO_106186,SUP_092,PROD_0025,09-10-2024,2024-10-23,2024-10-20,838,753,113,Open
PO_106187,SUP_105,PROD_0028,27-01-2024,2024-02-07,2024-02-05,1269,1145,89,Delayed
PO_106188,SUP_157,PROD_0283,06-10-2024,2024-10-22,2024-10-27,1261,1088,255,Delayed
PO_106189,SUP_110,PROD_0181,19-05-2024,2024-06-01,2024-05-29,1316,1196,487,Open
PO_106190,SUP_176,PROD_0191,2024/02/05,2024-02-15,2024-02-19,1413,1265,472,Delayed
PO_106191,SUP_098,PROD_0079,22-08-2024,2024-09-05,2024-09-10,1066,963,58,Closed
PO_106192,SUP_080,PROD_0140,2024/01/25,2024-02-10,2024-02-13,113,108,339,Closed
PO_106193,SUP_200,PROD_0114,2024/07/03,2024-07-08,2024-07-06,383,383,470,Open
PO_106194,SUP_111,PROD_0029,2024/01/27,2024-02-14,2024-02-17,1386,1270,231,Closed
PO_106195,SUP_179,PROD_0235,2024/06/27,2024-07-02,2024-07-07,1846,1788,224,Open
PO_106196,SUP_150,PROD_0050,2024/09/05,2024-09-16,2024-09-20,1273,1236,398,Open
PO_106197,SUP_152,PROD_0022,2024/09/06,2024-09-19,2024-09-19,1045,936,117,Open
PO_106198,SUP_005,PROD_0064,2024/03/19,2024-03-26,2024-04-01,1598,1364,238,Closed
PO_106199,SUP_197,PROD_0158,2024/08/21,2024-09-08,2024-09-09,1118,997,76,Open
PO_106200,SUP_162,PROD_0298,11-12-2024,2024-12-23,2024-12-22,265,228,91,Closed
PO_106201,SUP_162,PROD_0283,11-08-2024,2024-08-29,2024-08-28,580,506,288,Closed
PO_106202,SUP_068,PROD_0190,07-05-2024,2024-05-12,2024-05-18,1955,1744,315,Closed
PO_106203,SUP_051,PROD_0093,08-09-2024,2024-09-13,2024-09-13,732,687,237,Open
PO_106204,SUP_142,PROD_0202,15-05-2024,2024-05-24,2024-05-26,953,915,203,Delayed
PO_106205,SUP_093,PROD_0285,18-01-2024,2024-02-02,2024-02-07,183,173,56,Delayed
PO_106206,SUP_096,PROD_0028,28-06-2024,2024-07-09,2024-07-14,337,291,207,Open
PO_106207,SUP_086,PROD_0233,2024/05/18,2024-05-30,2024-06-04,1509,1420,422,Closed
PO_106208,SUP_183,PROD_0141,2024/10/13,2024-10-19,2024-10-23,1029,901,357,Open
PO_106209,SUP_030,PROD_0152,2024/09/28,2024-10-06,2024-10-08,1471,1319,427,Open
PO_106210,SUP_029,PROD_0233,27-07-2024,2024-08-03,2024-08-09,1447,1252,344,Closed
PO_106211,SUP_102,PROD_0201,02-01-2024,2024-01-20,2024-01-22,949,915,471,Delayed
PO_106212,SUP_086,PROD_0121,10-10-2024,2024-10-26,2024-10-27,1854,1779,441,Closed
PO_106213,SUP_091,PROD_0024,2024/09/11,2024-10-01,2024-10-04,987,881,224,Delayed
PO_106214,SUP_060,PROD_0288,2024/04/27,2024-05-10,2024-05-11,1989,1742,436,Open
PO_106215,SUP_080,PROD_0056,2024/04/02,2024-04-12,2024-04-15,978,965,177,Delayed
PO_106216,SUP_133,PROD_0120,19-07-2024,2024-07-27,2024-07-28,888,857,493,Closed
PO_106217,SUP_053,PROD_0103,30-12-2024,2025-01-14,2025-01-19,222,193,377,Delayed
PO_106218,SUP_089,PROD_0221,2024/07/03,2024-07-10,2024-07-10,258,226,386,Closed
PO_106219,SUP_049,PROD_0153,15-08-2024,2024-08-20,2024-08-19,1093,1007,299,Open
PO_106220,SUP_198,PROD_0057,22-10-2024,2024-11-02,2024-11-06,449,442,423,Open
PO_106221,SUP_134,PROD_0280,08-02-2024,2024-02-26,2024-03-02,428,406,491,Delayed
PO_106222,SUP_193,PROD_0161,2024/09/24,2024-10-07,2024-10-07,346,338,150,Delayed
PO_106223,SUP_115,PROD_0141,14-12-2024,2025-01-03,2025-01-04,130,110,310,Open
PO_106224,SUP_191,PROD_0250,09-04-2024,2024-04-29,2024-04-28,1276,1172,361,Open
PO_106225,SUP_015,PROD_0198,2024/06/23,2024-07-12,2024-07-16,1307,1141,332,Delayed
PO_106226,SUP_130,PROD_0020,04-05-2024,2024-05-18,2024-05-19,405,382,208,Open
PO_106227,SUP_170,PROD_0065,2024/05/13,2024-05-28,2024-05-30,259,238,339,Closed
PO_106228,SUP_065,PROD_0004,07-07-2024,2024-07-16,2024-07-21,984,853,161,Open
PO_106229,SUP_098,PROD_0129,2024/02/14,2024-03-04,2024-03-01,1924,1695,465,Open
PO_106230,SUP_090,PROD_0092,2024/06/05,2024-06-20,2024-06-20,602,513,292,Closed
PO_106231,SUP_173,PROD_0056,03-07-2024,2024-07-20,2024-07-26,295,274,181,Delayed
PO_106232,SUP_122,PROD_0218,01-06-2024,2024-06-08,2024-06-10,1904,1883,282,Open
PO_106233,SUP_130,PROD_0036,2024/01/04,2024-01-11,2024-01-11,647,550,76,Delayed
PO_106234,SUP_027,PROD_0154,03-01-2024,2024-01-23,2024-01-21,1275,1171,231,Closed
PO_106235,SUP_167,PROD_0184,2024/06/08,2024-06-24,2024-06-22,672,612,338,Delayed
PO_106236,SUP_120,PROD_0090,06-04-2024,2024-04-26,2024-04-26,885,852,321,Open
PO_106237,SUP_133,PROD_0036,2024/02/09,2024-02-15,2024-02-20,626,580,163,Delayed
PO_106238,SUP_167,PROD_0012,2024/06/08,2024-06-17,2024-06-21,1561,1536,126,Delayed
PO_106239,SUP_186,PROD_0198,2024/11/05,2024-11-11,2024-11-15,2000,1841,48,Open
PO_106240,SUP_172,PROD_0002,23-06-2024,2024-06-28,2024-06-28,144,130,379,Open
PO_106241,SUP_132,PROD_0246,2024/12/31,2025-01-08,2025-01-14,1358,1213,64,Closed
PO_106242,SUP_062,PROD_0072,2024/01/28,2024-02-02,2024-02-01,1109,1058,366,Closed
PO_106243,SUP_083,PROD_0031,26-03-2024,2024-04-06,2024-04-10,554,503,466,Closed
PO_106244,SUP_119,PROD_0120,15-03-2024,2024-04-01,2024-03-29,779,707,339,Closed
PO_106245,SUP_094,PROD_0134,2024/06/16,2024-06-25,2024-06-24,956,864,427,Closed
PO_106246,SUP_079,PROD_0190,25-06-2024,2024-07-06,2024-07-12,1058,923,494,Closed
PO_106247,SUP_108,PROD_0031,12-12-2024,2024-12-28,2025-01-03,1303,1269,262,Open
PO_106248,SUP_041,PROD_0240,2024/02/01,2024-02-06,2024-02-12,1250,1127,358,Closed
PO_106249,SUP_030,PROD_0199,2024/12/24,2025-01-08,2025-01-06,629,571,375,Closed
PO_106250,SUP_184,PROD_0026,05-02-2024,2024-02-12,2024-02-12,989,880,227,Delayed
PO_106251,SUP_033,PROD_0277,03-07-2024,2024-07-17,2024-07-16,976,976,60,Delayed
PO_106252,SUP_119,PROD_0097,03-04-2024,2024-04-13,2024-04-13,1166,1128,172,Delayed
PO_106253,SUP_144,PROD_0290,2024/11/01,2024-11-16,2024-11-22,715,628,228,Closed
PO_106254,SUP_046,PROD_0139,15-06-2024,2024-06-22,2024-06-26,670,648,484,Open
PO_106255,SUP_132,PROD_0263,22-08-2024,2024-09-07,2024-09-10,850,807,201,Open
PO_106256,SUP_198,PROD_0233,13-04-2024,2024-04-24,2024-04-27,1104,952,248,Closed
PO_106257,SUP_063,PROD_0115,2024/02/11,2024-02-16,2024-02-14,443,442,105,Open
PO_106258,SUP_189,PROD_0262,01-07-2024,2024-07-12,2024-07-13,465,422,77,Open
PO_106259,SUP_183,PROD_0119,2024/05/27,2024-06-11,2024-06-15,690,665,328,Open
PO_106260,SUP_096,PROD_0147,23-09-2024,2024-10-04,2024-10-09,1519,1346,105,Closed
PO_106261,SUP_087,PROD_0089,2024/11/15,2024-11-26,2024-11-28,1511,1300,167,Open
PO_106262,SUP_108,PROD_0011,2024/02/02,2024-02-22,2024-02-22,1493,1470,186,Open
PO_106263,SUP_122,PROD_0165,2024/09/29,2024-10-08,2024-10-09,1063,1009,92,Closed
PO_106264,SUP_006,PROD_0084,09-01-2024,2024-01-15,2024-01-13,179,157,450,Closed
PO_106265,SUP_025,PROD_0214,12-03-2024,2024-03-23,2024-03-29,792,749,226,Delayed
PO_106266,SUP_067,PROD_0051,24-04-2024,2024-05-03,2024-05-03,413,367,324,Closed
PO_106267,SUP_192,PROD_0066,25-03-2024,2024-04-12,2024-04-12,1385,1206,108,Open
PO_106268,SUP_166,PROD_0019,15-05-2024,2024-05-30,2024-05-30,1960,1802,283,Open
PO_106269,SUP_141,PROD_0257,04-03-2024,2024-03-21,2024-03-25,1213,1039,481,Closed
PO_106270,SUP_046,PROD_0217,13-12-2024,2024-12-21,2024-12-23,1659,1547,350,Open
PO_106271,SUP_087,PROD_0182,05-04-2024,2024-04-16,2024-04-15,1546,1517,391,Open
PO_106272,SUP_189,PROD_0289,31-07-2024,2024-08-06,2024-08-06,493,443,407,Closed
PO_106273,SUP_046,PROD_0103,18-01-2024,2024-02-02,2024-02-06,269,263,330,Closed
PO_106274,SUP_144,PROD_0241,30-06-2024,2024-07-14,2024-07-16,793,729,110,Delayed
PO_106275,SUP_085,PROD_0220,2024/03/23,2024-04-09,2024-04-06,1901,1760,133,Closed
PO_106276,SUP_137,PROD_0222,2024/12/12,2024-12-24,2024-12-21,1374,1297,353,Delayed
PO_106277,SUP_127,PROD_0292,2024/02/10,2024-02-26,2024-02-23,1086,1023,396,Delayed
PO_106278,SUP_032,PROD_0291,2024/10/19,2024-10-30,2024-11-04,321,290,331,Delayed
PO_106279,SUP_169,PROD_0043,15-12-2024,2025-01-03,2025-01-04,896,763,100,Closed
PO_106280,SUP_084,PROD_0267,13-03-2024,2024-03-27,2024-03-25,841,815,212,Closed
PO_106281,SUP_122,PROD_0018,19-08-2024,2024-08-30,2024-09-01,518,456,143,Delayed
PO_106282,SUP_137,PROD_0189,30-10-2024,2024-11-16,2024-11-19,989,978,296,Delayed
PO_106283,SUP_018,PROD_0031,17-05-2024,2024-05-28,2024-05-26,282,281,237,Delayed
PO_106284,SUP_119,PROD_0106,2024/07/26,2024-08-11,2024-08-09,724,715,398,Delayed
PO_106285,SUP_088,PROD_0182,25-07-2024,2024-08-10,2024-08-11,1634,1500,142,Open
PO_106286,SUP_198,PROD_0074,2024/02/03,2024-02-09,2024-02-09,1493,1387,68,Open
PO_106287,SUP_149,PROD_0170,2024/10/20,2024-11-07,2024-11-04,1241,1194,362,Open
PO_106288,SUP_077,PROD_0105,2024/11/08,2024-11-27,2024-12-03,487,445,209,Closed
PO_106289,SUP_043,PROD_0052,2024/04/06,2024-04-14,2024-04-15,1261,1114,181,Open
PO_106290,SUP_195,PROD_0003,2024/12/28,2025-01-15,2025-01-12,968,953,111,Closed
PO_106291,SUP_185,PROD_0300,2024/10/09,2024-10-15,2024-10-16,197,170,374,Open
PO_106292,SUP_016,PROD_0286,04-03-2024,2024-03-18,2024-03-16,697,636,41,Closed
PO_106293,SUP_070,PROD_0083,06-12-2024,2024-12-13,2024-12-13,1481,1411,176,Delayed
PO_106294,SUP_044,PROD_0211,2024/07/24,2024-08-05,2024-08-08,621,565,76,Open
PO_106295,SUP_190,PROD_0092,2024/03/10,2024-03-25,2024-03-26,1511,1357,152,Open
PO_106296,SUP_007,PROD_0275,18-04-2024,2024-05-05,2024-05-02,1835,1601,188,Open
PO_106297,SUP_147,PROD_0205,24-05-2024,2024-06-06,2024-06-05,852,810,384,Delayed
PO_106298,SUP_146,PROD_0051,05-04-2024,2024-04-24,2024-04-27,1130,1100,478,Delayed
PO_106299,SUP_197,PROD_0197,2024/10/08,2024-10-16,2024-10-15,412,374,197,Closed
PO_106300,SUP_001,PROD_0083,2024/05/12,2024-05-22,2024-05-27,180,153,349,Delayed
PO_106301,SUP_026,PROD_0163,27-08-2024,2024-09-01,2024-09-07,991,861,385,Closed
PO_106302,SUP_035,PROD_0180,28-08-2024,2024-09-12,2024-09-12,582,520,100,Closed
PO_106303,SUP_166,PROD_0121,12-09-2024,2024-10-02,2024-09-29,1188,1128,239,Open
PO_106304,SUP_023,PROD_0253,25-06-2024,2024-07-14,2024-07-13,1674,1457,228,Closed
PO_106305,SUP_002,PROD_0103,16-12-2024,2024-12-24,2024-12-26,571,508,162,Open
PO_106306,SUP_018,PROD_0098,14-07-2024,2024-08-01,2024-08-02,1011,919,430,Closed
PO_106307,SUP_157,PROD_0149,2024/02/21,2024-03-08,2024-03-06,1318,1258,252,Delayed
PO_106308,SUP_023,PROD_0189,03-06-2024,2024-06-13,2024-06-12,944,879,375,Closed
PO_106309,SUP_178,PROD_0292,2024/01/10,2024-01-15,2024-01-15,1414,1231,374,Closed
PO_106310,SUP_182,PROD_0195,08-02-2024,2024-02-24,2024-02-27,1411,1309,215,Open
PO_106311,SUP_181,PROD_0101,2024/02/15,2024-02-26,2024-02-29,726,659,254,Closed
PO_106312,SUP_035,PROD_0109,2024/06/03,2024-06-18,2024-06-17,476,421,303,Open
PO_106313,SUP_048,PROD_0229,17-12-2024,2024-12-28,2024-12-29,1147,1130,377,Delayed
PO_106314,SUP_113,PROD_0234,18-04-2024,2024-05-01,2024-05-07,1838,1723,248,Delayed
PO_106315,SUP_128,PROD_0001,2024/05/02,2024-05-14,2024-05-16,461,440,101,Open
PO_106316,SUP_178,PROD_0040,04-01-2024,2024-01-22,2024-01-23,280,258,113,Open
PO_106317,SUP_003,PROD_0232,2024/01/21,2024-01-30,2024-01-31,635,581,275,Closed
PO_106318,SUP_049,PROD_0138,2024/02/24,2024-03-12,2024-03-12,390,367,294,Closed
PO_106319,SUP_155,PROD_0204,09-05-2024,2024-05-17,2024-05-14,1483,1311,217,Open
PO_106320,SUP_104,PROD_0134,01-06-2024,2024-06-11,2024-06-15,412,393,413,Open
PO_106321,SUP_197,PROD_0247,2024/05/25,2024-06-05,2024-06-08,1096,1087,254,Open
PO_106322,SUP_048,PROD_0198,2024/09/02,2024-09-16,2024-09-19,1081,1070,362,Delayed
PO_106323,SUP_060,PROD_0106,28-07-2024,2024-08-08,2024-08-05,1927,1749,443,Closed
PO_106324,SUP_165,PROD_0214,06-09-2024,2024-09-15,2024-09-13,1799,1776,271,Closed
PO_106325,SUP_160,PROD_0049,2024/11/04,2024-11-21,2024-11-19,707,669,478,Open
PO_106326,SUP_107,PROD_0022,2024/03/02,2024-03-16,2024-03-20,826,803,256,Closed
PO_106327,SUP_008,PROD_0215,05-10-2024,2024-10-19,2024-10-25,768,717,393,Closed
PO_106328,SUP_079,PROD_0044,21-03-2024,2024-04-09,2024-04-15,741,725,403,Closed
PO_106329,SUP_158,PROD_0087,2024/10/16,2024-11-02,2024-11-05,243,218,384,Closed
PO_106330,SUP_130,PROD_0172,2024/06/21,2024-07-10,2024-07-15,1326,1138,63,Open
PO_106331,SUP_198,PROD_0114,2024/10/18,2024-10-23,2024-10-23,212,198,456,Delayed
PO_106332,SUP_055,PROD_0013,04-09-2024,2024-09-11,2024-09-09,476,421,65,Closed
PO_106333,SUP_025,PROD_0072,2024/09/27,2024-10-13,2024-10-19,1804,1611,209,Closed
PO_106334,SUP_063,PROD_0191,2024/08/25,2024-09-03,2024-09-02,503,497,63,Closed
PO_106335,SUP_018,PROD_0055,2024/04/23,2024-05-05,2024-05-11,1207,1203,356,Closed
PO_106336,SUP_170,PROD_0235,03-05-2024,2024-05-23,2024-05-27,1982,1764,447,Open
PO_106337,SUP_063,PROD_0201,2024/10/09,2024-10-28,2024-10-31,996,847,313,Delayed
PO_106338,SUP_195,PROD_0209,2024/10/09,2024-10-23,2024-10-22,366,332,343,Closed
PO_106339,SUP_118,PROD_0139,04-06-2024,2024-06-17,2024-06-18,1730,1571,300,Closed
PO_106340,SUP_174,PROD_0286,25-07-2024,2024-08-03,2024-07-31,882,825,310,Delayed
PO_106341,SUP_013,PROD_0089,10-11-2024,2024-11-18,2024-11-24,1135,1115,399,Delayed
PO_106342,SUP_070,PROD_0122,10-02-2024,2024-02-17,2024-02-17,120,108,428,Delayed
PO_106343,SUP_194,PROD_0039,2024/03/02,2024-03-16,2024-03-14,1286,1272,401,Delayed
PO_106344,SUP_087,PROD_0001,12-08-2024,2024-08-30,2024-08-30,1928,1870,139,Open
PO_106345,SUP_044,PROD_0226,19-10-2024,2024-11-03,2024-10-31,1877,1644,184,Delayed
PO_106346,SUP_167,PROD_0136,26-03-2024,2024-03-31,2024-03-30,1546,1509,306,Closed
PO_106347,SUP_105,PROD_0092,2024/07/28,2024-08-04,2024-08-07,1312,1184,149,Closed
PO_106348,SUP_060,PROD_0068,2024/09/23,2024-10-08,2024-10-06,1924,1758,375,Delayed
PO_106349,SUP_124,PROD_0151,2024/02/23,2024-03-05,2024-03-09,128,110,500,Closed
PO_106350,SUP_187,PROD_0172,04-05-2024,2024-05-24,2024-05-27,1998,1835,121,Closed
PO_106351,SUP_135,PROD_0180,2024/06/16,2024-06-25,2024-06-27,1896,1653,447,Open
PO_106352,SUP_031,PROD_0211,2024/04/29,2024-05-14,2024-05-18,1158,1056,77,Open
PO_106353,SUP_123,PROD_0055,31-12-2024,2025-01-18,2025-01-21,1784,1613,296,Closed
PO_106354,SUP_155,PROD_0052,2024/12/16,2024-12-22,2024-12-20,1689,1675,70,Open
PO_106355,SUP_135,PROD_0042,2024/09/23,2024-10-08,2024-10-06,1818,1606,90,Closed
PO_106356,SUP_191,PROD_0190,18-02-2024,2024-03-03,2024-03-06,193,171,107,Open
PO_106357,SUP_025,PROD_0139,2024/11/20,2024-12-07,2024-12-12,433,374,301,Delayed
PO_106358,SUP_021,PROD_0205,28-02-2024,2024-03-08,2024-03-08,789,733,259,Open
PO_106359,SUP_150,PROD_0093,21-07-2024,2024-07-27,2024-07-26,1027,990,88,Delayed
PO_106360,SUP_118,PROD_0046,2024/11/20,2024-12-03,2024-12-07,1149,1115,434,Closed
PO_106361,SUP_114,PROD_0024,11-11-2024,2024-11-22,2024-11-27,570,528,197,Closed
PO_106362,SUP_143,PROD_0016,2024/01/07,2024-01-20,2024-01-24,576,512,40,Delayed
PO_106363,SUP_077,PROD_0262,25-03-2024,2024-04-02,2024-04-02,332,293,400,Open
PO_106364,SUP_195,PROD_0152,18-11-2024,2024-11-25,2024-11-26,1611,1448,159,Open
PO_106365,SUP_084,PROD_0289,17-10-2024,2024-11-05,2024-11-10,1383,1280,341,Closed
PO_106366,SUP_135,PROD_0116,02-06-2024,2024-06-07,2024-06-04,287,258,342,Open
PO_106367,SUP_023,PROD_0045,2024/07/03,2024-07-08,2024-07-05,629,559,93,Delayed
PO_106368,SUP_100,PROD_0037,23-01-2024,2024-02-03,2024-01-31,1007,977,437,Closed
PO_106369,SUP_188,PROD_0138,17-07-2024,2024-07-25,2024-07-28,1503,1495,410,Open
PO_106370,SUP_136,PROD_0159,08-06-2024,2024-06-17,2024-06-14,1327,1323,307,Delayed
PO_106371,SUP_036,PROD_0116,06-02-2024,2024-02-14,2024-02-19,897,833,333,Open
PO_106372,SUP_080,PROD_0256,11-05-2024,2024-05-17,2024-05-19,857,846,265,Closed
PO_106373,SUP_104,PROD_0079,12-02-2024,2024-02-24,2024-03-01,939,804,476,Delayed
PO_106374,SUP_150,PROD_0151,2024/10/25,2024-11-01,2024-11-04,115,100,378,Open
PO_106375,SUP_017,PROD_0225,2024/12/24,2025-01-03,2025-01-03,239,206,497,Delayed
PO_106376,SUP_113,PROD_0069,18-07-2024,2024-08-05,2024-08-10,1987,1739,232,Delayed
PO_106377,SUP_132,PROD_0129,2024/10/06,2024-10-22,2024-10-27,1279,1273,150,Delayed
PO_106378,SUP_094,PROD_0234,2024/12/01,2024-12-07,2024-12-08,1085,944,60,Closed
PO_106379,SUP_178,PROD_0143,2024/08/01,2024-08-16,2024-08-19,809,699,236,Delayed
PO_106380,SUP_086,PROD_0235,07-08-2024,2024-08-22,2024-08-25,898,791,254,Closed
PO_106381,SUP_177,PROD_0010,01-03-2024,2024-03-10,2024-03-07,1112,1031,49,Delayed
PO_106382,SUP_151,PROD_0096,26-09-2024,2024-10-07,2024-10-09,1266,1180,256,Closed
PO_106383,SUP_090,PROD_0015,04-07-2024,2024-07-19,2024-07-18,806,776,275,Delayed
PO_106384,SUP_161,PROD_0263,2024/05/01,2024-05-12,2024-05-14,1885,1734,462,Delayed
PO_106385,SUP_172,PROD_0265,2024/01/25,2024-02-12,2024-02-10,1132,1010,260,Closed
PO_106386,SUP_171,PROD_0254,2024/05/09,2024-05-20,2024-05-21,397,371,122,Open
PO_106387,SUP_183,PROD_0124,21-04-2024,2024-04-30,2024-04-28,1515,1343,393,Delayed
PO_106388,SUP_013,PROD_0127,05-10-2024,2024-10-16,2024-10-13,1257,1193,47,Open
PO_106389,SUP_078,PROD_0022,25-06-2024,2024-07-09,2024-07-15,1454,1321,466,Open
PO_106390,SUP_126,PROD_0020,19-06-2024,2024-06-24,2024-06-23,1808,1559,220,Delayed
PO_106391,SUP_145,PROD_0004,2024/06/15,2024-06-21,2024-06-20,1497,1341,276,Open
PO_106392,SUP_196,PROD_0295,2024/04/08,2024-04-25,2024-05-01,1858,1636,74,Delayed
PO_106393,SUP_098,PROD_0069,2024/04/08,2024-04-26,2024-04-27,1186,1112,426,Delayed
PO_106394,SUP_114,PROD_0244,31-07-2024,2024-08-07,2024-08-10,1534,1529,139,Closed
PO_106395,SUP_175,PROD_0293,21-08-2024,2024-09-09,2024-09-11,479,445,346,Delayed
PO_106396,SUP_182,PROD_0277,2024/04/02,2024-04-19,2024-04-25,303,297,223,Delayed
PO_106397,SUP_084,PROD_0084,24-08-2024,2024-08-31,2024-09-01,297,280,393,Open
PO_106398,SUP_121,PROD_0173,2024/01/19,2024-02-04,2024-02-01,1723,1637,313,Closed
PO_106399,SUP_137,PROD_0042,2024/06/13,2024-07-01,2024-06-30,643,615,191,Delayed
PO_106400,SUP_007,PROD_0052,2024/10/01,2024-10-18,2024-10-22,1157,1040,342,Delayed
PO_106401,SUP_072,PROD_0042,27-02-2024,2024-03-09,2024-03-14,1044,963,71,Closed
PO_106402,SUP_169,PROD_0276,2024/01/12,2024-01-20,2024-01-20,666,605,468,Closed
PO_106403,SUP_080,PROD_0009,2024/10/09,2024-10-19,2024-10-24,1459,1314,431,Open
PO_106404,SUP_051,PROD_0184,2024/03/31,2024-04-14,2024-04-18,1191,1124,263,Closed
PO_106405,SUP_129,PROD_0293,20-04-2024,2024-05-08,2024-05-07,1086,925,156,Closed
PO_106406,SUP_073,PROD_0128,2024/06/05,2024-06-20,2024-06-21,734,720,243,Closed
PO_106407,SUP_100,PROD_0288,2024/02/02,2024-02-08,2024-02-14,759,698,191,Closed
PO_106408,SUP_145,PROD_0002,2024/09/06,2024-09-25,2024-09-25,217,188,440,Delayed
PO_106409,SUP_005,PROD_0295,19-10-2024,2024-11-01,2024-11-04,1013,956,254,Closed
PO_106410,SUP_187,PROD_0084,17-02-2024,2024-02-23,2024-02-23,1563,1409,470,Open
PO_106411,SUP_186,PROD_0018,2024/12/20,2025-01-06,2025-01-05,241,213,69,Delayed
PO_106412,SUP_180,PROD_0176,2024/01/14,2024-01-30,2024-02-03,1652,1499,480,Closed
PO_106413,SUP_110,PROD_0196,13-01-2024,2024-01-19,2024-01-20,709,689,180,Closed
PO_106414,SUP_112,PROD_0080,22-01-2024,2024-02-07,2024-02-11,1934,1738,120,Closed
PO_106415,SUP_144,PROD_0109,2024/03/24,2024-04-01,2024-04-05,753,712,316,Delayed
PO_106416,SUP_059,PROD_0245,12-01-2024,2024-01-27,2024-01-27,1041,984,54,Delayed
PO_106417,SUP_040,PROD_0143,2024/01/15,2024-02-03,2024-02-02,109,108,383,Delayed
PO_106418,SUP_124,PROD_0188,2024/04/08,2024-04-17,2024-04-17,1427,1319,278,Open
PO_106419,SUP_053,PROD_0096,2024/08/31,2024-09-13,2024-09-16,894,829,483,Closed
PO_106420,SUP_155,PROD_0261,2024/05/30,2024-06-13,2024-06-12,957,953,372,Delayed
PO_106421,SUP_074,PROD_0224,2024/01/19,2024-02-08,2024-02-12,835,810,283,Open
PO_106422,SUP_077,PROD_0188,28-09-2024,2024-10-13,2024-10-17,1224,1062,230,Delayed
PO_106423,SUP_068,PROD_0198,2024/10/24,2024-11-03,2024-11-04,381,357,269,Delayed
PO_106424,SUP_171,PROD_0267,06-03-2024,2024-03-22,2024-03-20,916,903,217,Closed
PO_106425,SUP_101,PROD_0124,16-06-2024,2024-06-24,2024-06-22,1227,1108,279,Delayed
PO_106426,SUP_113,PROD_0154,2024/02/04,2024-02-17,2024-02-18,1246,1172,284,Open
PO_106427,SUP_138,PROD_0225,10-04-2024,2024-04-29,2024-04-27,137,121,138,Open
PO_106428,SUP_130,PROD_0268,2024/09/06,2024-09-24,2024-09-21,1891,1802,249,Open
PO_106429,SUP_008,PROD_0167,2024/12/07,2024-12-21,2024-12-20,118,115,209,Delayed
PO_106430,SUP_054,PROD_0135,31-05-2024,2024-06-17,2024-06-16,395,384,461,Open
PO_106431,SUP_198,PROD_0059,2024/06/18,2024-06-25,2024-06-30,1577,1428,247,Closed
PO_106432,SUP_060,PROD_0267,13-02-2024,2024-02-22,2024-02-20,700,611,496,Delayed
PO_106433,SUP_188,PROD_0221,2024/11/11,2024-12-01,2024-12-07,196,187,312,Delayed
PO_106434,SUP_105,PROD_0028,06-08-2024,2024-08-21,2024-08-19,1985,1739,367,Open
PO_106435,SUP_010,PROD_0055,08-01-2024,2024-01-24,2024-01-30,585,585,354,Open
PO_106436,SUP_035,PROD_0135,08-07-2024,2024-07-18,2024-07-17,893,857,197,Open
PO_106437,SUP_116,PROD_0101,20-06-2024,2024-06-29,2024-07-05,839,830,407,Open
PO_106438,SUP_047,PROD_0082,28-02-2024,2024-03-16,2024-03-21,588,558,111,Delayed
PO_106439,SUP_016,PROD_0074,2024/03/04,2024-03-11,2024-03-11,1436,1241,81,Delayed
PO_106440,SUP_066,PROD_0227,2024/05/22,2024-05-28,2024-05-25,1574,1512,431,Open
PO_106441,SUP_176,PROD_0111,19-06-2024,2024-07-05,2024-07-09,1501,1313,288,Delayed
PO_106442,SUP_170,PROD_0034,02-04-2024,2024-04-14,2024-04-20,239,238,136,Delayed
PO_106443,SUP_068,PROD_0265,2024/05/03,2024-05-21,2024-05-24,1288,1157,455,Open
PO_106444,SUP_193,PROD_0255,2024/10/27,2024-11-01,2024-11-06,656,583,239,Closed
PO_106445,SUP_110,PROD_0073,2024/10/22,2024-11-10,2024-11-12,1145,1094,179,Closed
PO_106446,SUP_077,PROD_0201,27-11-2024,2024-12-08,2024-12-12,209,194,360,Open
PO_106447,SUP_008,PROD_0294,15-10-2024,2024-10-20,2024-10-26,225,210,234,Open
PO_106448,SUP_109,PROD_0149,25-09-2024,2024-10-06,2024-10-03,1771,1712,253,Delayed
PO_106449,SUP_100,PROD_0125,2024/06/18,2024-07-08,2024-07-07,648,560,177,Closed
PO_106450,SUP_045,PROD_0235,2024/09/28,2024-10-11,2024-10-10,1507,1358,61,Delayed
PO_106451,SUP_037,PROD_0071,2024/05/05,2024-05-11,2024-05-17,1156,991,87,Closed
PO_106452,SUP_091,PROD_0041,2024/02/07,2024-02-22,2024-02-20,383,338,370,Open
PO_106453,SUP_184,PROD_0199,2024/09/17,2024-09-30,2024-09-27,764,734,188,Open
PO_106454,SUP_116,PROD_0256,2024/03/25,2024-04-06,2024-04-10,116,113,40,Open
PO_106455,SUP_186,PROD_0221,09-02-2024,2024-02-15,2024-02-12,521,445,130,Open
PO_106456,SUP_042,PROD_0219,03-05-2024,2024-05-17,2024-05-21,1143,1090,422,Open
PO_106457,SUP_199,PROD_0032,29-09-2024,2024-10-13,2024-10-16,657,584,365,Closed
PO_106458,SUP_066,PROD_0125,21-04-2024,2024-05-03,2024-05-08,1459,1354,453,Delayed
PO_106459,SUP_088,PROD_0276,10-08-2024,2024-08-30,2024-08-30,212,191,422,Closed
PO_106460,SUP_157,PROD_0215,2024/11/13,2024-12-01,2024-12-02,1660,1550,214,Closed
PO_106461,SUP_021,PROD_0077,2024/03/11,2024-03-24,2024-03-24,290,268,109,Open
PO_106462,SUP_123,PROD_0279,13-09-2024,2024-09-24,2024-09-30,444,392,392,Open
PO_106463,SUP_116,PROD_0030,2024/02/26,2024-03-06,2024-03-08,1057,1015,50,Open
PO_106464,SUP_088,PROD_0154,2024/11/13,2024-11-23,2024-11-24,619,586,499,Open
PO_106465,SUP_096,PROD_0213,2024/11/30,2024-12-19,2024-12-17,311,297,158,Open
PO_106466,SUP_076,PROD_0163,17-04-2024,2024-04-25,2024-04-22,367,349,192,Delayed
PO_106467,SUP_096,PROD_0263,2024/08/07,2024-08-19,2024-08-25,672,598,258,Delayed
PO_106468,SUP_143,PROD_0177,2024/02/20,2024-02-25,2024-03-02,129,125,138,Delayed
PO_106469,SUP_122,PROD_0180,31-08-2024,2024-09-09,2024-09-12,489,419,388,Closed
PO_106470,SUP_029,PROD_0004,08-09-2024,2024-09-15,2024-09-21,416,375,239,Closed
PO_106471,SUP_141,PROD_0016,2024/10/08,2024-10-27,2024-10-26,1849,1821,304,Closed
PO_106472,SUP_167,PROD_0161,10-08-2024,2024-08-28,2024-08-29,1265,1223,292,Delayed
PO_106473,SUP_162,PROD_0137,13-11-2024,2024-11-18,2024-11-16,1253,1121,460,Delayed
PO_106474,SUP_086,PROD_0014,04-12-2024,2024-12-16,2024-12-18,947,848,113,Closed
PO_106475,SUP_002,PROD_0021,2024/02/09,2024-02-17,2024-02-22,1065,1042,42,Closed
PO_106476,SUP_043,PROD_0022,01-04-2024,2024-04-10,2024-04-07,835,778,160,Delayed
PO_106477,SUP_136,PROD_0016,2024/04/30,2024-05-16,2024-05-19,1669,1492,65,Open
PO_106478,SUP_024,PROD_0147,2024/07/15,2024-07-22,2024-07-26,338,317,467,Delayed
PO_106479,SUP_158,PROD_0052,2024/04/02,2024-04-15,2024-04-19,1788,1581,220,Open
PO_106480,SUP_104,PROD_0264,08-04-2024,2024-04-14,2024-04-17,957,948,205,Delayed
PO_106481,SUP_047,PROD_0239,2024/09/14,2024-09-30,2024-10-04,1568,1567,259,Closed
PO_106482,SUP_014,PROD_0079,2024/03/03,2024-03-21,2024-03-18,588,587,464,Open
PO_106483,SUP_119,PROD_0032,23-06-2024,2024-06-28,2024-07-01,1784,1694,142,Closed
PO_106484,SUP_197,PROD_0161,20-05-2024,2024-05-27,2024-05-30,1346,1254,456,Open
PO_106485,SUP_169,PROD_0131,2024/07/14,2024-08-01,2024-08-04,1056,1002,243,Delayed
PO_106486,SUP_005,PROD_0003,02-03-2024,2024-03-15,2024-03-14,1562,1558,298,Closed
PO_106487,SUP_115,PROD_0262,23-12-2024,2024-12-31,2024-12-31,1656,1476,267,Open
PO_106488,SUP_049,PROD_0093,2024/02/19,2024-02-24,2024-02-28,592,521,299,Open
PO_106489,SUP_043,PROD_0073,2024/12/05,2024-12-17,2024-12-17,1084,974,258,Delayed
PO_106490,SUP_031,PROD_0242,30-04-2024,2024-05-13,2024-05-15,190,176,99,Open
PO_106491,SUP_011,PROD_0026,07-07-2024,2024-07-26,2024-07-31,963,827,457,Closed
PO_106492,SUP_165,PROD_0138,28-06-2024,2024-07-05,2024-07-03,1184,1133,499,Delayed
PO_106493,SUP_022,PROD_0147,2024/05/02,2024-05-13,2024-05-13,717,616,300,Closed
PO_106494,SUP_089,PROD_0180,2024/07/21,2024-08-07,2024-08-07,276,267,203,Closed
PO_106495,SUP_087,PROD_0236,28-11-2024,2024-12-03,2024-12-08,1084,1005,229,Closed
PO_106496,SUP_186,PROD_0283,19-12-2024,2024-12-30,2024-12-28,1142,1004,430,Closed
PO_106497,SUP_138,PROD_0164,08-09-2024,2024-09-14,2024-09-19,675,575,180,Closed
PO_106498,SUP_184,PROD_0153,2024/12/07,2024-12-18,2024-12-23,279,243,165,Delayed
PO_106499,SUP_190,PROD_0144,2024/06/07,2024-06-17,2024-06-23,562,518,122,Open
PO_106500,SUP_115,PROD_0128,2024/01/24,2024-01-31,2024-02-04,1864,1701,454,Open
PO_106501,SUP_103,PROD_0023,04-12-2024,2024-12-10,2024-12-08,196,177,256,Open
PO_106502,SUP_021,PROD_0020,2024/10/16,2024-11-05,2024-11-03,476,472,282,Closed
PO_106503,SUP_199,PROD_0001,17-07-2024,2024-07-27,2024-07-31,1058,1010,200,Delayed
PO_106504,SUP_100,PROD_0006,2024/01/12,2024-01-26,2024-01-24,1135,1120,262,Open
PO_106505,SUP_143,PROD_0096,2024/07/15,2024-08-01,2024-07-30,273,267,459,Delayed
PO_106506,SUP_078,PROD_0113,2024/03/07,2024-03-14,2024-03-11,1084,1013,200,Delayed
PO_106507,SUP_051,PROD_0194,01-05-2024,2024-05-06,2024-05-12,1109,992,204,Closed
PO_106508,SUP_149,PROD_0049,14-05-2024,2024-05-23,2024-05-28,1389,1312,342,Delayed
PO_106509,SUP_111,PROD_0112,25-07-2024,2024-08-02,2024-08-06,754,672,371,Open
PO_106510,SUP_044,PROD_0089,2024/12/03,2024-12-16,2024-12-22,882,756,183,Open
PO_106511,SUP_062,PROD_0028,2024/10/17,2024-10-26,2024-10-28,1684,1433,215,Closed
PO_106512,SUP_161,PROD_0126,28-06-2024,2024-07-04,2024-07-09,1691,1502,275,Delayed
PO_106513,SUP_060,PROD_0149,28-05-2024,2024-06-05,2024-06-02,1138,1109,305,Delayed
PO_106514,SUP_113,PROD_0084,2024/05/02,2024-05-09,2024-05-15,1807,1766,426,Open
PO_106515,SUP_176,PROD_0097,2024/09/16,2024-09-27,2024-09-28,196,170,294,Delayed
PO_106516,SUP_126,PROD_0232,10-02-2024,2024-02-17,2024-02-20,1456,1407,282,Closed
PO_106517,SUP_126,PROD_0113,02-03-2024,2024-03-07,2024-03-07,682,634,62,Closed
PO_106518,SUP_028,PROD_0243,2024/09/12,2024-09-26,2024-09-28,1031,892,427,Delayed
PO_106519,SUP_004,PROD_0047,19-05-2024,2024-05-24,2024-05-21,1722,1579,71,Closed
PO_106520,SUP_005,PROD_0131,2024/01/31,2024-02-10,2024-02-08,665,566,462,Closed
PO_106521,SUP_163,PROD_0286,17-02-2024,2024-02-29,2024-03-06,431,375,95,Delayed
PO_106522,SUP_166,PROD_0230,17-03-2024,2024-04-05,2024-04-09,401,385,176,Open
PO_106523,SUP_190,PROD_0159,2024/05/27,2024-06-11,2024-06-14,254,242,305,Delayed
PO_106524,SUP_191,PROD_0101,2024/10/20,2024-10-28,2024-10-30,1951,1763,392,Open
PO_106525,SUP_162,PROD_0054,17-06-2024,2024-07-06,2024-07-07,1098,1007,492,Delayed
PO_106526,SUP_193,PROD_0008,2024/08/24,2024-09-01,2024-09-07,479,472,397,Closed
PO_106527,SUP_121,PROD_0274,24-04-2024,2024-05-03,2024-05-06,811,770,256,Delayed
PO_106528,SUP_158,PROD_0298,12-07-2024,2024-07-19,2024-07-18,872,771,246,Open
PO_106529,SUP_173,PROD_0258,2024/10/20,2024-10-30,2024-11-03,1880,1815,271,Delayed
PO_106530,SUP_138,PROD_0218,11-07-2024,2024-07-27,2024-07-31,1984,1876,445,Delayed
PO_106531,SUP_124,PROD_0110,18-08-2024,2024-09-06,2024-09-08,1329,1306,277,Delayed
PO_106532,SUP_188,PROD_0211,16-11-2024,2024-11-21,2024-11-18,1948,1923,276,Closed
PO_106533,SUP_145,PROD_0123,2024/04/08,2024-04-20,2024-04-24,581,528,468,Open
PO_106534,SUP_104,PROD_0173,2024/05/24,2024-05-31,2024-05-30,988,953,295,Closed
PO_106535,SUP_104,PROD_0002,16-08-2024,2024-08-28,2024-09-02,1952,1843,228,Closed
PO_106536,SUP_001,PROD_0171,11-02-2024,2024-03-01,2024-03-01,377,352,74,Open
PO_106537,SUP_043,PROD_0081,14-12-2024,2024-12-24,2024-12-29,1175,1148,494,Delayed
PO_106538,SUP_015,PROD_0263,2024/06/26,2024-07-11,2024-07-15,915,910,356,Delayed
PO_106539,SUP_186,PROD_0036,2024/04/20,2024-05-10,2024-05-07,998,850,346,Open
PO_106540,SUP_198,PROD_0157,06-03-2024,2024-03-17,2024-03-15,808,723,419,Delayed
PO_106541,SUP_164,PROD_0280,10-02-2024,2024-03-01,2024-03-02,1928,1784,475,Delayed
PO_106542,SUP_198,PROD_0082,22-07-2024,2024-08-11,2024-08-09,328,296,400,Delayed
PO_106543,SUP_109,PROD_0192,27-09-2024,2024-10-12,2024-10-18,872,753,162,Delayed
PO_106544,SUP_178,PROD_0201,2024/05/08,2024-05-16,2024-05-19,389,359,363,Closed
PO_106545,SUP_171,PROD_0253,16-05-2024,2024-05-21,2024-05-26,1342,1154,234,Closed
PO_106546,SUP_102,PROD_0218,31-12-2024,2025-01-12,2025-01-11,1835,1788,91,Closed
PO_106547,SUP_002,PROD_0138,02-02-2024,2024-02-09,2024-02-14,1052,979,100,Delayed
PO_106548,SUP_133,PROD_0282,08-11-2024,2024-11-18,2024-11-15,1075,918,454,Closed
PO_106549,SUP_102,PROD_0017,2024/03/29,2024-04-05,2024-04-05,314,286,324,Closed
PO_106550,SUP_024,PROD_0243,2024/04/07,2024-04-21,2024-04-24,323,289,484,Open
PO_106551,SUP_089,PROD_0187,16-02-2024,2024-03-07,2024-03-08,1966,1824,85,Open
PO_106552,SUP_088,PROD_0187,2024/02/13,2024-02-23,2024-02-23,1860,1619,145,Open
PO_106553,SUP_007,PROD_0101,03-06-2024,2024-06-10,2024-06-12,1443,1323,250,Closed
PO_106554,SUP_014,PROD_0229,29-04-2024,2024-05-17,2024-05-18,1142,1045,244,Open
PO_106555,SUP_167,PROD_0001,16-04-2024,2024-05-01,2024-04-30,1941,1681,451,Delayed
PO_106556,SUP_006,PROD_0202,14-02-2024,2024-03-03,2024-03-05,573,570,243,Open
PO_106557,SUP_054,PROD_0136,2024/11/10,2024-11-28,2024-12-02,1094,945,299,Open
PO_106558,SUP_111,PROD_0141,2024/06/24,2024-07-03,2024-07-04,1853,1608,181,Delayed
PO_106559,SUP_172,PROD_0136,2024/06/10,2024-06-21,2024-06-23,1978,1781,52,Open
PO_106560,SUP_154,PROD_0079,2024/02/08,2024-02-21,2024-02-18,1917,1760,233,Delayed
PO_106561,SUP_117,PROD_0044,25-07-2024,2024-08-10,2024-08-08,1696,1466,144,Closed
PO_106562,SUP_200,PROD_0144,2024/06/02,2024-06-10,2024-06-09,979,892,432,Delayed
PO_106563,SUP_148,PROD_0082,2024/05/15,2024-06-04,2024-06-01,1600,1525,352,Closed
PO_106564,SUP_062,PROD_0291,2024/07/04,2024-07-10,2024-07-16,294,292,236,Delayed
PO_106565,SUP_057,PROD_0069,2024/03/18,2024-03-30,2024-04-02,360,341,202,Open
PO_106566,SUP_156,PROD_0087,2024/07/03,2024-07-23,2024-07-21,327,322,395,Open
PO_106567,SUP_198,PROD_0109,2024/10/20,2024-10-28,2024-10-27,1146,974,433,Closed
PO_106568,SUP_055,PROD_0088,06-08-2024,2024-08-16,2024-08-16,1652,1472,312,Open
PO_106569,SUP_103,PROD_0063,29-02-2024,2024-03-18,2024-03-22,1268,1251,85,Delayed
PO_106570,SUP_025,PROD_0242,2024/10/20,2024-11-07,2024-11-04,1106,976,357,Delayed
PO_106571,SUP_064,PROD_0108,2024/03/17,2024-03-29,2024-03-29,1540,1401,207,Closed
PO_106572,SUP_194,PROD_0279,12-02-2024,2024-02-28,2024-02-28,821,806,261,Open
PO_106573,SUP_198,PROD_0140,2024/03/11,2024-03-25,2024-03-27,1529,1482,464,Delayed
PO_106574,SUP_128,PROD_0047,15-01-2024,2024-01-28,2024-01-26,645,644,446,Open
PO_106575,SUP_020,PROD_0275,2024/10/08,2024-10-18,2024-10-23,1464,1410,352,Closed
PO_106576,SUP_025,PROD_0205,2024/05/28,2024-06-11,2024-06-14,1221,1086,122,Open
PO_106577,SUP_165,PROD_0146,07-03-2024,2024-03-27,2024-03-24,534,534,307,Delayed
PO_106578,SUP_036,PROD_0071,12-08-2024,2024-08-24,2024-08-23,1567,1395,123,Closed
PO_106579,SUP_101,PROD_0263,2024/08/09,2024-08-20,2024-08-24,1883,1640,324,Closed
PO_106580,SUP_134,PROD_0249,2024/06/23,2024-07-06,2024-07-04,701,699,215,Delayed
PO_106581,SUP_120,PROD_0145,23-05-2024,2024-06-12,2024-06-14,1351,1326,43,Closed
PO_106582,SUP_001,PROD_0177,14-08-2024,2024-09-01,2024-09-02,539,516,179,Delayed
PO_106583,SUP_090,PROD_0112,02-06-2024,2024-06-08,2024-06-11,1515,1332,204,Delayed
PO_106584,SUP_138,PROD_0119,06-05-2024,2024-05-15,2024-05-16,712,640,467,Delayed
PO_106585,SUP_002,PROD_0282,10-07-2024,2024-07-18,2024-07-24,1302,1272,228,Delayed
PO_106586,SUP_035,PROD_0279,05-11-2024,2024-11-24,2024-11-28,751,738,454,Closed
PO_106587,SUP_089,PROD_0001,13-06-2024,2024-07-02,2024-06-29,1966,1724,259,Delayed
PO_106588,SUP_115,PROD_0228,07-08-2024,2024-08-17,2024-08-16,153,133,193,Open
PO_106589,SUP_133,PROD_0129,09-11-2024,2024-11-23,2024-11-28,1996,1995,283,Closed
PO_106590,SUP_176,PROD_0122,2024/08/07,2024-08-15,2024-08-17,452,384,305,Open
PO_106591,SUP_131,PROD_0090,2024/08/05,2024-08-14,2024-08-11,1861,1591,326,Delayed
PO_106592,SUP_044,PROD_0019,2024/08/30,2024-09-04,2024-09-10,1127,1105,303,Closed
PO_106593,SUP_152,PROD_0141,2024/07/01,2024-07-11,2024-07-09,108,95,371,Closed
PO_106594,SUP_013,PROD_0081,21-11-2024,2024-12-07,2024-12-08,1105,1064,329,Delayed
PO_106595,SUP_173,PROD_0086,07-03-2024,2024-03-12,2024-03-11,745,654,84,Open
PO_106596,SUP_147,PROD_0263,2024/11/02,2024-11-11,2024-11-13,1815,1811,277,Closed
PO_106597,SUP_060,PROD_0092,2024/06/19,2024-07-02,2024-07-02,445,399,260,Open
PO_106598,SUP_060,PROD_0247,26-01-2024,2024-01-31,2024-02-04,1069,1044,368,Closed
PO_106599,SUP_084,PROD_0076,08-09-2024,2024-09-16,2024-09-18,200,179,498,Open
PO_106600,SUP_084,PROD_0060,07-01-2024,2024-01-23,2024-01-29,431,411,385,Closed
PO_106601,SUP_006,PROD_0294,2024/04/05,2024-04-14,2024-04-19,953,926,236,Delayed
PO_106602,SUP_096,PROD_0299,28-05-2024,2024-06-10,2024-06-08,310,266,438,Closed
PO_106603,SUP_033,PROD_0177,26-07-2024,2024-08-09,2024-08-14,1575,1495,290,Delayed
PO_106604,SUP_110,PROD_0260,2024/12/05,2024-12-10,2024-12-08,398,355,201,Delayed
PO_106605,SUP_145,PROD_0227,2024/12/19,2024-12-30,2024-12-31,1656,1545,157,Delayed
PO_106606,SUP_169,PROD_0095,2024/08/06,2024-08-26,2024-08-24,786,771,199,Delayed
PO_106607,SUP_083,PROD_0249,2024/10/17,2024-11-01,2024-11-07,1990,1732,494,Delayed
PO_106608,SUP_023,PROD_0043,03-06-2024,2024-06-22,2024-06-26,205,177,62,Closed
PO_106609,SUP_090,PROD_0077,06-07-2024,2024-07-17,2024-07-17,922,812,457,Delayed
PO_106610,SUP_193,PROD_0045,2024/08/28,2024-09-07,2024-09-07,644,594,45,Open
PO_106611,SUP_169,PROD_0140,2024/09/29,2024-10-17,2024-10-20,607,600,458,Closed
PO_106612,SUP_078,PROD_0075,04-10-2024,2024-10-23,2024-10-20,868,766,96,Closed
PO_106613,SUP_030,PROD_0076,2024/12/22,2025-01-06,2025-01-12,625,623,345,Delayed
PO_106614,SUP_060,PROD_0202,16-07-2024,2024-07-31,2024-08-06,787,751,100,Open
PO_106615,SUP_056,PROD_0231,04-08-2024,2024-08-18,2024-08-23,345,309,182,Closed
PO_106616,SUP_028,PROD_0003,2024/01/01,2024-01-08,2024-01-14,1219,1140,69,Closed
PO_106617,SUP_041,PROD_0197,11-10-2024,2024-10-21,2024-10-20,660,605,468,Open
PO_106618,SUP_169,PROD_0257,2024/10/18,2024-11-02,2024-10-31,1464,1274,303,Delayed
PO_106619,SUP_084,PROD_0034,23-10-2024,2024-11-12,2024-11-17,1439,1338,379,Delayed
PO_106620,SUP_143,PROD_0021,27-02-2024,2024-03-14,2024-03-15,1886,1712,162,Open
PO_106621,SUP_073,PROD_0140,06-07-2024,2024-07-19,2024-07-24,1317,1131,144,Delayed
PO_106622,SUP_103,PROD_0277,2024/01/24,2024-01-31,2024-01-28,111,96,253,Delayed
PO_106623,SUP_121,PROD_0087,01-10-2024,2024-10-12,2024-10-12,1933,1842,137,Open
PO_106624,SUP_001,PROD_0173,27-05-2024,2024-06-01,2024-06-01,1549,1460,64,Delayed
PO_106625,SUP_016,PROD_0193,2024/10/17,2024-10-22,2024-10-25,669,625,50,Closed
PO_106626,SUP_005,PROD_0167,30-01-2024,2024-02-07,2024-02-11,1377,1324,232,Closed
PO_106627,SUP_149,PROD_0140,14-01-2024,2024-01-31,2024-02-02,540,504,410,Delayed
PO_106628,SUP_188,PROD_0223,2024/07/01,2024-07-12,2024-07-18,485,461,83,Delayed
PO_106629,SUP_131,PROD_0055,2024/06/19,2024-07-02,2024-07-08,603,530,170,Open
PO_106630,SUP_162,PROD_0286,2024/09/21,2024-09-29,2024-09-26,1060,997,361,Delayed
PO_106631,SUP_011,PROD_0112,2024/11/17,2024-11-29,2024-11-28,220,188,81,Open
PO_106632,SUP_184,PROD_0089,17-11-2024,2024-11-25,2024-11-29,1612,1453,256,Open
PO_106633,SUP_160,PROD_0060,2024/09/28,2024-10-06,2024-10-04,1424,1252,419,Delayed
PO_106634,SUP_025,PROD_0280,13-08-2024,2024-09-01,2024-09-04,301,256,491,Open
PO_106635,SUP_112,PROD_0010,14-09-2024,2024-09-27,2024-09-28,359,308,174,Open
PO_106636,SUP_081,PROD_0255,2024/12/03,2024-12-12,2024-12-14,1345,1166,267,Closed
PO_106637,SUP_113,PROD_0291,2024/06/22,2024-07-05,2024-07-06,1891,1787,219,Closed
PO_106638,SUP_158,PROD_0010,2024/10/31,2024-11-17,2024-11-15,620,535,333,Delayed
PO_106639,SUP_006,PROD_0172,2024/12/26,2025-01-08,2025-01-05,1518,1367,489,Delayed
PO_106640,SUP_096,PROD_0075,2024/06/02,2024-06-16,2024-06-22,965,848,127,Open
PO_106641,SUP_199,PROD_0112,2024/06/27,2024-07-09,2024-07-14,1949,1680,462,Open
PO_106642,SUP_066,PROD_0153,2024/07/25,2024-08-11,2024-08-14,1095,976,222,Closed
PO_106643,SUP_003,PROD_0208,2024/05/03,2024-05-11,2024-05-13,1084,1009,341,Delayed
PO_106644,SUP_122,PROD_0225,2024/02/03,2024-02-11,2024-02-10,668,637,228,Closed
PO_106645,SUP_108,PROD_0262,2024/08/11,2024-08-23,2024-08-25,187,159,385,Closed
PO_106646,SUP_108,PROD_0213,2024/10/18,2024-10-27,2024-10-26,1041,927,101,Closed
PO_106647,SUP_119,PROD_0230,06-11-2024,2024-11-18,2024-11-20,469,420,254,Open
PO_106648,SUP_033,PROD_0223,2024/06/24,2024-07-09,2024-07-14,237,207,468,Closed
PO_106649,SUP_002,PROD_0043,2024/06/20,2024-07-03,2024-07-02,1789,1585,271,Closed
PO_106650,SUP_176,PROD_0115,13-04-2024,2024-04-22,2024-04-19,205,176,125,Open
PO_106651,SUP_140,PROD_0191,23-07-2024,2024-08-12,2024-08-13,134,120,439,Closed
PO_106652,SUP_057,PROD_0166,2024/02/27,2024-03-05,2024-03-07,926,893,191,Closed
PO_106653,SUP_131,PROD_0133,11-10-2024,2024-10-30,2024-11-01,495,489,391,Closed
PO_106654,SUP_039,PROD_0213,01-05-2024,2024-05-18,2024-05-19,1252,1128,117,Open
PO_106655,SUP_157,PROD_0108,23-09-2024,2024-10-12,2024-10-10,874,754,236,Closed
PO_106656,SUP_183,PROD_0263,2024/03/08,2024-03-18,2024-03-16,988,850,428,Open
PO_106657,SUP_180,PROD_0172,2024/01/02,2024-01-10,2024-01-15,419,399,485,Open
PO_106658,SUP_046,PROD_0054,14-05-2024,2024-05-21,2024-05-20,1749,1583,425,Delayed
PO_106659,SUP_148,PROD_0038,09-04-2024,2024-04-23,2024-04-20,1850,1727,373,Open
PO_106660,SUP_189,PROD_0199,2024/12/23,2025-01-07,2025-01-09,1907,1812,282,Closed
PO_106661,SUP_125,PROD_0063,25-06-2024,2024-07-06,2024-07-09,1024,904,466,Closed
PO_106662,SUP_032,PROD_0228,2024/04/26,2024-05-10,2024-05-12,1513,1373,285,Open
PO_106663,SUP_048,PROD_0150,2024/06/25,2024-07-05,2024-07-05,111,99,64,Closed
PO_106664,SUP_056,PROD_0099,28-04-2024,2024-05-17,2024-05-15,924,876,237,Closed
PO_106665,SUP_082,PROD_0069,02-11-2024,2024-11-21,2024-11-20,1979,1764,73,Open
PO_106666,SUP_162,PROD_0132,05-01-2024,2024-01-16,2024-01-13,963,850,455,Closed
PO_106667,SUP_063,PROD_0039,2024/11/20,2024-11-28,2024-11-26,1121,962,428,Closed
PO_106668,SUP_010,PROD_0025,21-01-2024,2024-01-29,2024-01-26,1494,1479,432,Open
PO_106669,SUP_107,PROD_0274,2024/04/05,2024-04-11,2024-04-12,1298,1205,214,Delayed
PO_106670,SUP_092,PROD_0108,2024/06/26,2024-07-03,2024-06-30,510,493,320,Delayed
PO_106671,SUP_136,PROD_0118,2024/11/20,2024-11-30,2024-11-29,1040,1030,435,Closed
PO_106672,SUP_079,PROD_0138,03-11-2024,2024-11-08,2024-11-07,797,744,444,Delayed
PO_106673,SUP_186,PROD_0224,2024/10/05,2024-10-10,2024-10-14,1683,1521,249,Open
PO_106674,SUP_153,PROD_0085,2024/08/30,2024-09-16,2024-09-18,738,697,149,Delayed
PO_106675,SUP_168,PROD_0152,21-02-2024,2024-03-05,2024-03-08,583,538,430,Delayed
PO_106676,SUP_017,PROD_0040,2024/05/01,2024-05-14,2024-05-18,635,590,337,Closed
PO_106677,SUP_143,PROD_0081,2024/09/17,2024-09-30,2024-10-04,1214,1068,388,Closed
PO_106678,SUP_072,PROD_0233,2024/04/19,2024-05-02,2024-05-03,1399,1390,333,Delayed
PO_106679,SUP_200,PROD_0159,2024/06/03,2024-06-17,2024-06-22,827,740,442,Open
PO_106680,SUP_036,PROD_0048,11-02-2024,2024-02-24,2024-02-23,341,305,362,Closed
PO_106681,SUP_149,PROD_0044,13-07-2024,2024-07-19,2024-07-23,231,213,152,Closed
PO_106682,SUP_102,PROD_0060,30-09-2024,2024-10-09,2024-10-13,925,819,442,Closed
PO_106683,SUP_164,PROD_0076,2024/11/03,2024-11-19,2024-11-21,640,586,227,Delayed
PO_106684,SUP_003,PROD_0212,2024/10/19,2024-10-27,2024-10-27,1004,972,128,Open
PO_106685,SUP_007,PROD_0124,22-11-2024,2024-12-03,2024-11-30,1370,1320,386,Delayed
PO_106686,SUP_183,PROD_0246,19-04-2024,2024-05-02,2024-05-05,1245,1145,242,Closed
PO_106687,SUP_164,PROD_0299,2024/10/15,2024-10-23,2024-10-29,278,248,429,Delayed
PO_106688,SUP_186,PROD_0165,21-03-2024,2024-03-28,2024-04-02,1821,1553,409,Open
PO_106689,SUP_093,PROD_0019,30-04-2024,2024-05-14,2024-05-19,1407,1295,204,Delayed
PO_106690,SUP_035,PROD_0236,01-03-2024,2024-03-17,2024-03-15,1502,1404,84,Open
PO_106691,SUP_181,PROD_0202,2024/07/21,2024-08-08,2024-08-07,246,219,280,Delayed
PO_106692,SUP_032,PROD_0157,2024/08/24,2024-09-03,2024-09-04,571,519,458,Open
PO_106693,SUP_152,PROD_0232,2024/07/28,2024-08-13,2024-08-11,1552,1406,473,Closed
PO_106694,SUP_055,PROD_0125,28-11-2024,2024-12-04,2024-12-02,706,669,172,Open
PO_106695,SUP_033,PROD_0073,13-06-2024,2024-06-28,2024-06-29,783,682,449,Closed
PO_106696,SUP_014,PROD_0184,11-11-2024,2024-11-25,2024-11-30,305,297,144,Closed
PO_106697,SUP_048,PROD_0078,29-01-2024,2024-02-10,2024-02-07,1258,1251,399,Closed
PO_106698,SUP_152,PROD_0225,25-03-2024,2024-04-08,2024-04-06,1757,1516,295,Delayed
PO_106699,SUP_182,PROD_0210,25-07-2024,2024-08-05,2024-08-10,425,418,322,Open
PO_106700,SUP_057,PROD_0168,31-01-2024,2024-02-05,2024-02-02,1325,1302,379,Open
PO_106701,SUP_090,PROD_0010,2024/10/24,2024-11-11,2024-11-10,848,749,380,Closed
PO_106702,SUP_042,PROD_0174,16-02-2024,2024-02-27,2024-02-29,780,691,136,Open
PO_106703,SUP_149,PROD_0114,16-12-2024,2024-12-27,2024-12-30,1592,1472,172,Closed
PO_106704,SUP_006,PROD_0108,06-08-2024,2024-08-26,2024-08-28,1975,1722,262,Open
PO_106705,SUP_067,PROD_0170,2024/09/20,2024-09-30,2024-09-29,344,340,77,Delayed
PO_106706,SUP_082,PROD_0117,09-09-2024,2024-09-19,2024-09-16,1922,1716,480,Closed
PO_106707,SUP_153,PROD_0146,22-07-2024,2024-08-06,2024-08-08,749,738,40,Open
PO_106708,SUP_014,PROD_0237,2024/01/08,2024-01-24,2024-01-29,1771,1586,146,Closed
PO_106709,SUP_149,PROD_0077,2024/10/13,2024-10-27,2024-11-02,1280,1274,142,Delayed
PO_106710,SUP_026,PROD_0016,2024/11/20,2024-12-08,2024-12-11,1135,1066,336,Delayed
PO_106711,SUP_080,PROD_0101,13-12-2024,2024-12-28,2024-12-27,1185,1015,216,Open
PO_106712,SUP_196,PROD_0049,2024/03/30,2024-04-10,2024-04-13,311,291,170,Closed
PO_106713,SUP_067,PROD_0072,30-11-2024,2024-12-19,2024-12-16,1043,893,366,Closed
PO_106714,SUP_002,PROD_0227,2024/12/03,2024-12-19,2024-12-16,475,475,372,Delayed
PO_106715,SUP_022,PROD_0025,2024/04/26,2024-05-15,2024-05-19,1603,1600,327,Open
PO_106716,SUP_007,PROD_0184,2024/09/17,2024-10-03,2024-10-09,305,275,218,Closed
PO_106717,SUP_027,PROD_0158,31-05-2024,2024-06-19,2024-06-24,678,639,364,Closed
PO_106718,SUP_133,PROD_0238,2024/05/13,2024-05-18,2024-05-23,1860,1830,427,Delayed
PO_106719,SUP_042,PROD_0069,2024/06/27,2024-07-04,2024-07-06,1529,1450,245,Closed
PO_106720,SUP_161,PROD_0033,2024/11/26,2024-12-07,2024-12-11,1394,1285,433,Delayed
PO_106721,SUP_104,PROD_0121,25-09-2024,2024-10-09,2024-10-06,731,650,397,Closed
PO_106722,SUP_079,PROD_0053,2024/11/15,2024-11-29,2024-12-03,1686,1664,368,Open
PO_106723,SUP_098,PROD_0252,01-12-2024,2024-12-11,2024-12-16,718,715,110,Open
PO_106724,SUP_072,PROD_0209,2024/05/22,2024-05-30,2024-06-02,788,763,163,Open
PO_106725,SUP_097,PROD_0152,13-08-2024,2024-08-28,2024-08-31,521,472,390,Open
PO_106726,SUP_151,PROD_0191,2024/02/04,2024-02-12,2024-02-10,929,824,452,Open
PO_106727,SUP_126,PROD_0281,06-02-2024,2024-02-26,2024-02-24,981,874,307,Open
PO_106728,SUP_084,PROD_0045,27-07-2024,2024-08-08,2024-08-09,1599,1361,418,Closed
PO_106729,SUP_134,PROD_0104,2024/02/11,2024-02-16,2024-02-15,1447,1406,451,Closed
PO_106730,SUP_190,PROD_0067,17-05-2024,2024-05-24,2024-05-25,256,219,67,Closed
PO_106731,SUP_024,PROD_0161,2024/11/27,2024-12-16,2024-12-17,1057,1019,172,Delayed
PO_106732,SUP_034,PROD_0097,11-08-2024,2024-08-19,2024-08-25,1881,1854,455,Closed
PO_106733,SUP_138,PROD_0079,2024/04/05,2024-04-12,2024-04-11,627,565,204,Open
PO_106734,SUP_133,PROD_0186,05-01-2024,2024-01-10,2024-01-14,188,173,339,Open
PO_106735,SUP_174,PROD_0159,08-04-2024,2024-04-26,2024-04-27,435,428,208,Closed
PO_106736,SUP_170,PROD_0150,2024/03/29,2024-04-15,2024-04-21,1898,1817,95,Open
PO_106737,SUP_147,PROD_0236,2024/08/11,2024-08-20,2024-08-17,1090,964,436,Closed
PO_106738,SUP_131,PROD_0211,2024/04/30,2024-05-08,2024-05-13,1427,1389,264,Closed
PO_106739,SUP_093,PROD_0024,2024/04/16,2024-04-30,2024-05-01,817,764,158,Closed
PO_106740,SUP_100,PROD_0257,2024/10/18,2024-10-23,2024-10-23,1151,989,408,Closed
PO_106741,SUP_052,PROD_0215,12-10-2024,2024-10-26,2024-10-27,103,91,118,Delayed
PO_106742,SUP_174,PROD_0151,12-07-2024,2024-07-25,2024-07-31,1936,1879,191,Delayed
PO_106743,SUP_061,PROD_0252,29-01-2024,2024-02-11,2024-02-12,1033,1033,207,Closed
PO_106744,SUP_034,PROD_0128,2024/07/24,2024-07-29,2024-08-01,143,142,498,Delayed
PO_106745,SUP_153,PROD_0242,2024/03/16,2024-03-21,2024-03-18,128,125,389,Closed
PO_106746,SUP_081,PROD_0161,03-08-2024,2024-08-23,2024-08-28,384,338,360,Closed
PO_106747,SUP_132,PROD_0281,08-11-2024,2024-11-17,2024-11-16,470,412,127,Open
PO_106748,SUP_056,PROD_0090,2024/11/15,2024-11-20,2024-11-20,1727,1543,203,Closed
PO_106749,SUP_069,PROD_0037,26-03-2024,2024-04-15,2024-04-14,561,526,196,Closed
PO_106750,SUP_066,PROD_0279,2024/09/21,2024-10-02,2024-10-07,1175,1147,369,Delayed
PO_106751,SUP_043,PROD_0110,2024/10/31,2024-11-13,2024-11-18,1470,1424,125,Closed
PO_106752,SUP_102,PROD_0062,05-03-2024,2024-03-15,2024-03-20,1589,1504,194,Delayed
PO_106753,SUP_197,PROD_0261,2024/10/17,2024-11-05,2024-11-03,192,175,300,Closed
PO_106754,SUP_193,PROD_0163,16-03-2024,2024-03-24,2024-03-24,1417,1387,156,Delayed
PO_106755,SUP_078,PROD_0132,01-04-2024,2024-04-08,2024-04-09,806,742,378,Closed
PO_106756,SUP_133,PROD_0253,2024/03/20,2024-04-09,2024-04-06,1563,1533,66,Open
PO_106757,SUP_116,PROD_0103,2024/05/10,2024-05-20,2024-05-19,1446,1237,215,Closed
PO_106758,SUP_014,PROD_0269,08-09-2024,2024-09-21,2024-09-26,1860,1689,452,Open
PO_106759,SUP_014,PROD_0205,2024/05/17,2024-05-29,2024-05-28,1603,1530,65,Closed
PO_106760,SUP_112,PROD_0196,27-11-2024,2024-12-09,2024-12-06,1408,1319,272,Open
PO_106761,SUP_024,PROD_0163,2024/09/16,2024-10-02,2024-10-08,1162,1106,266,Closed
PO_106762,SUP_197,PROD_0020,25-04-2024,2024-05-07,2024-05-09,555,494,296,Closed
PO_106763,SUP_075,PROD_0235,2024/09/30,2024-10-14,2024-10-11,768,700,263,Closed
PO_106764,SUP_040,PROD_0023,2024/11/09,2024-11-19,2024-11-23,1612,1488,493,Delayed
PO_106765,SUP_148,PROD_0181,19-11-2024,2024-12-06,2024-12-05,673,592,316,Closed
PO_106766,SUP_116,PROD_0126,14-05-2024,2024-05-23,2024-05-27,771,769,258,Open
PO_106767,SUP_006,PROD_0033,2024/03/18,2024-03-24,2024-03-22,1074,940,475,Open
PO_106768,SUP_076,PROD_0246,13-06-2024,2024-06-28,2024-06-30,1520,1355,240,Open
PO_106769,SUP_077,PROD_0134,27-02-2024,2024-03-04,2024-03-07,1028,1027,406,Delayed
PO_106770,SUP_161,PROD_0252,17-09-2024,2024-09-23,2024-09-27,354,333,398,Delayed
PO_106771,SUP_074,PROD_0295,30-12-2024,2025-01-05,2025-01-05,137,120,454,Closed
PO_106772,SUP_031,PROD_0274,11-12-2024,2024-12-16,2024-12-13,1247,1181,149,Closed
PO_106773,SUP_050,PROD_0029,2024/06/12,2024-06-27,2024-06-24,1756,1609,140,Delayed
PO_106774,SUP_064,PROD_0226,06-01-2024,2024-01-17,2024-01-19,651,647,145,Closed
PO_106775,SUP_199,PROD_0139,2024/02/25,2024-03-05,2024-03-11,856,754,447,Delayed
PO_106776,SUP_119,PROD_0117,2024/10/04,2024-10-24,2024-10-26,1257,1103,474,Delayed
PO_106777,SUP_037,PROD_0268,2024/03/31,2024-04-09,2024-04-13,1175,1058,59,Delayed
PO_106778,SUP_010,PROD_0215,05-12-2024,2024-12-22,2024-12-22,1890,1697,335,Closed
PO_106779,SUP_011,PROD_0114,2024/05/21,2024-06-08,2024-06-12,1250,1200,252,Closed
PO_106780,SUP_123,PROD_0021,2024/07/17,2024-07-24,2024-07-30,1645,1517,171,Delayed
PO_106781,SUP_017,PROD_0062,13-07-2024,2024-07-31,2024-08-01,658,628,462,Open
PO_106782,SUP_113,PROD_0090,2024/02/11,2024-02-17,2024-02-15,802,722,174,Open
PO_106783,SUP_192,PROD_0024,2024/08/23,2024-09-04,2024-09-01,1608,1500,92,Open
PO_106784,SUP_005,PROD_0068,2024/03/10,2024-03-25,2024-03-30,717,629,129,Delayed
PO_106785,SUP_030,PROD_0177,31-08-2024,2024-09-10,2024-09-14,1515,1502,465,Closed
PO_106786,SUP_069,PROD_0114,06-09-2024,2024-09-15,2024-09-15,241,222,483,Closed
PO_106787,SUP_113,PROD_0188,16-07-2024,2024-08-02,2024-08-02,1210,1177,121,Open
PO_106788,SUP_131,PROD_0141,2024/03/08,2024-03-27,2024-03-31,1054,999,96,Closed
PO_106789,SUP_113,PROD_0147,29-06-2024,2024-07-10,2024-07-11,907,785,414,Delayed
PO_106790,SUP_112,PROD_0259,2024/07/14,2024-07-26,2024-07-27,1514,1411,371,Closed
PO_106791,SUP_145,PROD_0048,2024/08/06,2024-08-20,2024-08-23,1715,1711,121,Open
PO_106792,SUP_153,PROD_0002,2024/04/08,2024-04-25,2024-04-22,766,720,163,Closed
PO_106793,SUP_121,PROD_0277,2024/02/13,2024-02-18,2024-02-15,165,147,286,Closed
PO_106794,SUP_019,PROD_0277,2024/09/22,2024-10-02,2024-10-05,516,500,284,Delayed
PO_106795,SUP_132,PROD_0046,25-01-2024,2024-02-05,2024-02-04,480,433,202,Closed
PO_106796,SUP_075,PROD_0190,15-11-2024,2024-11-24,2024-11-23,1072,978,487,Delayed
PO_106797,SUP_042,PROD_0228,2024/12/21,2025-01-06,2025-01-07,1674,1554,184,Open
PO_106798,SUP_174,PROD_0236,29-12-2024,2025-01-08,2025-01-09,678,585,448,Open
PO_106799,SUP_116,PROD_0292,2024/06/08,2024-06-13,2024-06-16,1995,1990,240,Delayed
PO_106800,SUP_056,PROD_0242,13-05-2024,2024-05-22,2024-05-19,1494,1378,435,Delayed
PO_106801,SUP_144,PROD_0068,29-09-2024,2024-10-09,2024-10-09,1027,953,232,Delayed
PO_106802,SUP_198,PROD_0253,2024/11/05,2024-11-16,2024-11-13,1215,1176,292,Closed
PO_106803,SUP_022,PROD_0083,03-11-2024,2024-11-10,2024-11-09,1124,1058,79,Closed
PO_106804,SUP_045,PROD_0200,10-06-2024,2024-06-18,2024-06-20,989,883,284,Closed
PO_106805,SUP_108,PROD_0067,29-12-2024,2025-01-13,2025-01-11,1344,1339,142,Delayed
PO_106806,SUP_139,PROD_0095,27-05-2024,2024-06-10,2024-06-10,1097,1060,384,Open
PO_106807,SUP_015,PROD_0023,2024/01/15,2024-01-23,2024-01-22,826,735,493,Closed
PO_106808,SUP_196,PROD_0061,05-04-2024,2024-04-11,2024-04-17,242,214,316,Open
PO_106809,SUP_132,PROD_0106,2024/09/03,2024-09-20,2024-09-23,982,840,448,Closed
PO_106810,SUP_158,PROD_0111,19-02-2024,2024-03-10,2024-03-09,1322,1244,421,Open
PO_106811,SUP_137,PROD_0133,2024/02/11,2024-02-22,2024-02-26,951,943,493,Closed
PO_106812,SUP_158,PROD_0052,04-06-2024,2024-06-12,2024-06-18,1607,1507,234,Open
PO_106813,SUP_070,PROD_0219,2024/06/16,2024-06-23,2024-06-29,414,395,41,Closed
PO_106814,SUP_096,PROD_0207,19-09-2024,2024-10-04,2024-10-02,1956,1938,331,Open
PO_106815,SUP_014,PROD_0051,2024/12/15,2024-12-31,2025-01-06,1835,1583,149,Open
PO_106816,SUP_156,PROD_0243,2024/07/05,2024-07-15,2024-07-20,1027,914,402,Closed
PO_106817,SUP_087,PROD_0128,2024/06/22,2024-07-12,2024-07-14,196,194,105,Delayed
PO_106818,SUP_074,PROD_0292,01-03-2024,2024-03-11,2024-03-10,1072,1004,126,Open
PO_106819,SUP_082,PROD_0280,16-11-2024,2024-11-21,2024-11-21,1494,1302,46,Open
PO_106820,SUP_097,PROD_0227,08-05-2024,2024-05-26,2024-05-30,1001,974,116,Delayed
PO_106821,SUP_052,PROD_0279,07-04-2024,2024-04-12,2024-04-16,754,640,497,Open
PO_106822,SUP_077,PROD_0007,2024/08/06,2024-08-16,2024-08-19,1645,1553,287,Delayed
PO_106823,SUP_044,PROD_0058,2024/10/23,2024-10-29,2024-11-02,527,510,278,Open
PO_106824,SUP_171,PROD_0183,20-05-2024,2024-05-25,2024-05-25,919,858,75,Open
PO_106825,SUP_086,PROD_0010,13-01-2024,2024-01-23,2024-01-29,263,243,353,Delayed
PO_106826,SUP_070,PROD_0293,2024/09/24,2024-10-07,2024-10-12,715,629,76,Closed
PO_106827,SUP_035,PROD_0070,02-10-2024,2024-10-14,2024-10-16,1560,1540,245,Delayed
PO_106828,SUP_077,PROD_0262,29-04-2024,2024-05-15,2024-05-13,267,266,379,Open
PO_106829,SUP_090,PROD_0276,2024/04/06,2024-04-24,2024-04-30,596,538,316,Open
PO_106830,SUP_059,PROD_0173,2024/01/18,2024-02-07,2024-02-04,1453,1406,446,Delayed
PO_106831,SUP_042,PROD_0217,23-02-2024,2024-03-14,2024-03-16,1341,1155,138,Closed
PO_106832,SUP_020,PROD_0129,2024/10/04,2024-10-17,2024-10-19,913,890,142,Delayed
PO_106833,SUP_013,PROD_0271,29-10-2024,2024-11-15,2024-11-13,1669,1555,131,Delayed
PO_106834,SUP_050,PROD_0243,2024/11/07,2024-11-27,2024-11-29,786,743,298,Delayed
PO_106835,SUP_183,PROD_0215,07-12-2024,2024-12-27,2025-01-01,1147,1105,469,Delayed
PO_106836,SUP_193,PROD_0260,2024/01/23,2024-02-09,2024-02-11,259,255,93,Open
PO_106837,SUP_122,PROD_0232,26-05-2024,2024-06-09,2024-06-13,497,487,445,Open
PO_106838,SUP_175,PROD_0237,30-05-2024,2024-06-14,2024-06-18,684,583,498,Open
PO_106839,SUP_049,PROD_0160,2024/01/21,2024-02-05,2024-02-07,1230,1183,409,Open
PO_106840,SUP_094,PROD_0158,31-07-2024,2024-08-14,2024-08-14,441,384,477,Closed
PO_106841,SUP_022,PROD_0177,13-06-2024,2024-07-01,2024-07-03,407,397,282,Open
PO_106842,SUP_138,PROD_0042,2024/03/23,2024-04-09,2024-04-12,1918,1906,427,Closed
PO_106843,SUP_012,PROD_0286,07-07-2024,2024-07-16,2024-07-20,1754,1656,340,Open
PO_106844,SUP_072,PROD_0210,2024/07/22,2024-08-03,2024-08-01,965,830,408,Open
PO_106845,SUP_042,PROD_0123,17-12-2024,2025-01-03,2025-01-04,1255,1190,438,Open
PO_106846,SUP_058,PROD_0117,2024/06/17,2024-06-28,2024-07-03,1166,1158,143,Closed
PO_106847,SUP_084,PROD_0296,14-05-2024,2024-05-26,2024-05-25,832,794,475,Closed
PO_106848,SUP_083,PROD_0107,13-09-2024,2024-09-23,2024-09-20,1752,1621,241,Open
PO_106849,SUP_039,PROD_0275,08-11-2024,2024-11-27,2024-11-25,171,147,330,Closed
PO_106850,SUP_103,PROD_0210,2024/01/21,2024-01-26,2024-01-26,1934,1689,125,Open
PO_106851,SUP_066,PROD_0158,2024/10/14,2024-10-19,2024-10-24,1569,1510,301,Delayed
PO_106852,SUP_200,PROD_0212,2024/12/26,2025-01-02,2025-01-05,394,356,293,Closed
PO_106853,SUP_040,PROD_0069,2024/03/16,2024-03-30,2024-03-29,825,805,71,Delayed
PO_106854,SUP_150,PROD_0081,29-02-2024,2024-03-16,2024-03-16,854,848,143,Closed
PO_106855,SUP_097,PROD_0086,2024/10/30,2024-11-18,2024-11-21,1626,1455,241,Closed
PO_106856,SUP_172,PROD_0025,06-11-2024,2024-11-17,2024-11-17,1186,1129,52,Delayed
PO_106857,SUP_076,PROD_0158,2024/01/23,2024-01-31,2024-02-04,1044,988,426,Closed
PO_106858,SUP_030,PROD_0250,03-10-2024,2024-10-15,2024-10-16,1245,1140,232,Closed
PO_106859,SUP_082,PROD_0116,21-08-2024,2024-09-01,2024-08-30,370,331,144,Delayed
PO_106860,SUP_019,PROD_0016,12-09-2024,2024-09-29,2024-09-28,311,304,468,Closed
PO_106861,SUP_144,PROD_0210,19-08-2024,2024-09-04,2024-09-02,710,691,94,Open
PO_106862,SUP_050,PROD_0067,27-09-2024,2024-10-07,2024-10-07,1348,1258,407,Delayed
PO_106863,SUP_160,PROD_0212,20-07-2024,2024-07-26,2024-07-25,1763,1608,309,Open
PO_106864,SUP_154,PROD_0291,06-07-2024,2024-07-22,2024-07-19,239,208,112,Open
PO_106865,SUP_087,PROD_0296,2024/12/12,2024-12-28,2024-12-27,758,690,137,Closed
PO_106866,SUP_187,PROD_0250,04-01-2024,2024-01-11,2024-01-17,893,773,226,Open
PO_106867,SUP_146,PROD_0052,2024/11/15,2024-11-29,2024-11-30,838,745,387,Open
PO_106868,SUP_053,PROD_0259,2024/03/16,2024-03-23,2024-03-20,380,357,59,Delayed
PO_106869,SUP_163,PROD_0220,2024/08/31,2024-09-05,2024-09-09,249,212,166,Open
PO_106870,SUP_002,PROD_0018,2024/03/08,2024-03-15,2024-03-14,1979,1828,90,Open
PO_106871,SUP_011,PROD_0031,04-10-2024,2024-10-24,2024-10-30,1065,1039,221,Open
PO_106872,SUP_085,PROD_0222,09-10-2024,2024-10-27,2024-10-29,713,696,129,Delayed
PO_106873,SUP_192,PROD_0165,15-07-2024,2024-07-24,2024-07-23,438,406,356,Open
PO_106874,SUP_098,PROD_0255,2024/02/18,2024-03-08,2024-03-06,136,121,217,Delayed
PO_106875,SUP_120,PROD_0005,2024/03/14,2024-03-25,2024-03-28,1644,1610,333,Open
PO_106876,SUP_135,PROD_0097,08-05-2024,2024-05-28,2024-05-27,1564,1472,163,Delayed
PO_106877,SUP_036,PROD_0028,21-10-2024,2024-11-05,2024-11-03,1046,966,488,Open
PO_106878,SUP_002,PROD_0229,04-09-2024,2024-09-09,2024-09-06,727,667,306,Closed
PO_106879,SUP_041,PROD_0236,24-08-2024,2024-09-05,2024-09-04,841,792,215,Closed
PO_106880,SUP_042,PROD_0066,12-10-2024,2024-10-24,2024-10-23,1526,1383,459,Closed
PO_106881,SUP_192,PROD_0071,05-08-2024,2024-08-16,2024-08-17,1184,1065,147,Closed
PO_106882,SUP_200,PROD_0016,06-02-2024,2024-02-19,2024-02-22,625,562,257,Delayed
PO_106883,SUP_081,PROD_0085,29-01-2024,2024-02-13,2024-02-14,1941,1680,498,Closed
PO_106884,SUP_031,PROD_0011,2024/10/26,2024-11-15,2024-11-13,1830,1696,62,Open
PO_106885,SUP_139,PROD_0028,20-04-2024,2024-05-01,2024-04-28,844,778,430,Open
PO_106886,SUP_124,PROD_0207,2024/01/22,2024-02-09,2024-02-06,212,212,413,Open
PO_106887,SUP_040,PROD_0084,2024/12/07,2024-12-24,2024-12-26,770,698,306,Closed
PO_106888,SUP_094,PROD_0223,25-08-2024,2024-09-13,2024-09-16,1170,1069,220,Open
PO_106889,SUP_155,PROD_0108,13-03-2024,2024-03-23,2024-03-27,1111,981,214,Open
PO_106890,SUP_048,PROD_0089,07-03-2024,2024-03-25,2024-03-29,739,639,352,Open
PO_106891,SUP_131,PROD_0053,16-07-2024,2024-07-22,2024-07-28,1925,1776,221,Delayed
PO_106892,SUP_006,PROD_0114,07-10-2024,2024-10-26,2024-10-24,1511,1454,187,Open
PO_106893,SUP_065,PROD_0026,21-08-2024,2024-09-10,2024-09-14,1375,1242,152,Delayed
PO_106894,SUP_018,PROD_0252,2024/05/05,2024-05-22,2024-05-22,868,823,115,Delayed
PO_106895,SUP_077,PROD_0248,28-06-2024,2024-07-09,2024-07-09,1597,1476,279,Delayed
PO_106896,SUP_112,PROD_0164,2024/08/09,2024-08-20,2024-08-17,1888,1878,436,Open
PO_106897,SUP_092,PROD_0154,17-09-2024,2024-09-26,2024-09-30,1907,1818,451,Delayed
PO_106898,SUP_146,PROD_0251,2024/10/27,2024-11-03,2024-11-05,1484,1317,366,Delayed
PO_106899,SUP_136,PROD_0053,2024/01/15,2024-01-27,2024-01-31,1642,1630,301,Open
PO_106900,SUP_052,PROD_0210,2024/12/08,2024-12-22,2024-12-21,1260,1207,308,Open
PO_106901,SUP_082,PROD_0203,28-07-2024,2024-08-05,2024-08-11,143,123,275,Closed
PO_106902,SUP_077,PROD_0280,26-06-2024,2024-07-12,2024-07-14,1745,1545,89,Delayed
PO_106903,SUP_023,PROD_0191,2024/09/23,2024-10-10,2024-10-16,1887,1887,235,Delayed
PO_106904,SUP_113,PROD_0065,2024/11/07,2024-11-12,2024-11-10,1099,1085,76,Open
PO_106905,SUP_165,PROD_0060,2024/01/05,2024-01-12,2024-01-11,1906,1802,252,Open
PO_106906,SUP_164,PROD_0036,27-03-2024,2024-04-09,2024-04-08,223,195,239,Open
PO_106907,SUP_064,PROD_0171,15-11-2024,2024-12-05,2024-12-08,1349,1341,45,Closed
PO_106908,SUP_182,PROD_0230,2024/07/26,2024-08-04,2024-08-02,1338,1158,459,Delayed
PO_106909,SUP_009,PROD_0243,2024/01/01,2024-01-10,2024-01-10,454,416,294,Closed
PO_106910,SUP_047,PROD_0123,23-06-2024,2024-07-12,2024-07-14,1376,1376,465,Closed
PO_106911,SUP_163,PROD_0032,2024/04/13,2024-04-27,2024-05-02,1355,1234,328,Open
PO_106912,SUP_199,PROD_0041,30-12-2024,2025-01-12,2025-01-12,1892,1637,81,Delayed
PO_106913,SUP_019,PROD_0269,2024/11/30,2024-12-13,2024-12-16,529,498,434,Delayed
PO_106914,SUP_054,PROD_0180,20-08-2024,2024-08-25,2024-08-23,1259,1075,315,Delayed
PO_106915,SUP_141,PROD_0055,12-06-2024,2024-06-26,2024-06-27,840,742,357,Closed
PO_106916,SUP_148,PROD_0298,17-03-2024,2024-04-02,2024-04-03,1947,1909,266,Closed
PO_106917,SUP_006,PROD_0176,2024/05/11,2024-05-19,2024-05-19,832,742,373,Delayed
PO_106918,SUP_029,PROD_0285,2024/01/04,2024-01-23,2024-01-26,620,614,424,Open
PO_106919,SUP_177,PROD_0057,20-12-2024,2024-12-29,2025-01-04,652,578,138,Closed
PO_106920,SUP_167,PROD_0005,31-05-2024,2024-06-15,2024-06-15,1643,1595,355,Open
PO_106921,SUP_187,PROD_0178,2024/03/09,2024-03-14,2024-03-18,1665,1585,312,Delayed
PO_106922,SUP_042,PROD_0228,21-05-2024,2024-06-05,2024-06-10,717,701,67,Open
PO_106923,SUP_109,PROD_0223,2024/07/12,2024-07-17,2024-07-16,296,282,323,Closed
PO_106924,SUP_187,PROD_0146,2024/06/20,2024-06-30,2024-07-04,1309,1177,138,Open
PO_106925,SUP_077,PROD_0074,28-06-2024,2024-07-06,2024-07-12,178,153,247,Delayed
PO_106926,SUP_076,PROD_0103,2024/01/04,2024-01-15,2024-01-12,951,933,146,Closed
PO_106927,SUP_089,PROD_0139,2024/01/10,2024-01-23,2024-01-22,779,685,267,Closed
PO_106928,SUP_117,PROD_0065,23-08-2024,2024-09-04,2024-09-06,531,490,392,Delayed
PO_106929,SUP_200,PROD_0114,02-08-2024,2024-08-13,2024-08-12,430,408,499,Closed
PO_106930,SUP_164,PROD_0297,2024/04/04,2024-04-14,2024-04-18,1013,862,173,Closed
PO_106931,SUP_123,PROD_0005,27-04-2024,2024-05-10,2024-05-14,1890,1779,96,Delayed
PO_106932,SUP_022,PROD_0083,09-09-2024,2024-09-29,2024-10-01,387,374,123,Closed
PO_106933,SUP_072,PROD_0069,18-01-2024,2024-02-01,2024-01-29,1398,1200,116,Closed
PO_106934,SUP_197,PROD_0108,25-04-2024,2024-05-15,2024-05-15,1232,1138,194,Closed
PO_106935,SUP_062,PROD_0279,2024/01/28,2024-02-06,2024-02-04,742,655,379,Open
PO_106936,SUP_105,PROD_0174,2024/07/12,2024-07-30,2024-08-05,673,636,367,Open
PO_106937,SUP_139,PROD_0165,2024/11/14,2024-11-28,2024-12-04,245,215,350,Closed
PO_106938,SUP_064,PROD_0083,2024/12/29,2025-01-12,2025-01-13,1741,1678,201,Open
PO_106939,SUP_040,PROD_0278,2024/09/11,2024-09-22,2024-09-26,1847,1676,201,Closed
PO_106940,SUP_063,PROD_0154,14-09-2024,2024-10-01,2024-09-29,914,823,254,Delayed
PO_106941,SUP_098,PROD_0262,2024/01/18,2024-01-25,2024-01-23,794,696,172,Open
PO_106942,SUP_067,PROD_0294,06-11-2024,2024-11-25,2024-11-29,111,97,427,Closed
PO_106943,SUP_070,PROD_0253,11-12-2024,2024-12-24,2024-12-21,1884,1804,259,Open
PO_106944,SUP_167,PROD_0141,2024/02/18,2024-02-28,2024-03-02,1088,1076,390,Closed
PO_106945,SUP_064,PROD_0134,22-08-2024,2024-09-07,2024-09-07,813,810,91,Open
PO_106946,SUP_154,PROD_0167,30-07-2024,2024-08-09,2024-08-15,542,514,153,Open
PO_106947,SUP_055,PROD_0027,2024/02/25,2024-03-11,2024-03-16,414,389,119,Open
PO_106948,SUP_190,PROD_0187,24-07-2024,2024-07-30,2024-08-01,1262,1243,258,Open
PO_106949,SUP_059,PROD_0153,2024/02/12,2024-02-22,2024-02-23,1256,1133,320,Closed
PO_106950,SUP_149,PROD_0105,2024/06/08,2024-06-25,2024-06-29,1735,1734,336,Delayed
PO_106951,SUP_074,PROD_0115,17-03-2024,2024-04-02,2024-04-01,1836,1802,354,Closed
PO_106952,SUP_022,PROD_0042,2024/06/22,2024-07-02,2024-07-08,197,189,305,Open
PO_106953,SUP_068,PROD_0230,2024/12/18,2025-01-05,2025-01-09,1512,1419,175,Open
PO_106954,SUP_137,PROD_0045,26-09-2024,2024-10-15,2024-10-15,368,318,41,Open
PO_106955,SUP_037,PROD_0202,2024/11/11,2024-11-24,2024-11-25,1814,1796,98,Delayed
PO_106956,SUP_185,PROD_0293,12-02-2024,2024-03-02,2024-02-28,1561,1468,98,Delayed
PO_106957,SUP_148,PROD_0034,24-08-2024,2024-09-06,2024-09-03,818,769,424,Delayed
PO_106958,SUP_032,PROD_0063,25-10-2024,2024-11-08,2024-11-14,1194,1137,364,Open
PO_106959,SUP_114,PROD_0159,27-03-2024,2024-04-13,2024-04-11,737,629,107,Open
PO_106960,SUP_085,PROD_0257,2024/07/02,2024-07-09,2024-07-08,1809,1648,125,Delayed
PO_106961,SUP_089,PROD_0232,2024/08/23,2024-08-28,2024-09-02,336,328,65,Open
PO_106962,SUP_080,PROD_0299,24-04-2024,2024-05-01,2024-05-06,1260,1116,99,Open
PO_106963,SUP_139,PROD_0184,2024/07/24,2024-07-30,2024-07-28,1920,1764,481,Delayed
PO_106964,SUP_026,PROD_0172,2024/12/01,2024-12-20,2024-12-19,919,794,436,Delayed
PO_106965,SUP_014,PROD_0138,06-02-2024,2024-02-11,2024-02-16,990,874,263,Delayed
PO_106966,SUP_083,PROD_0143,2024/10/23,2024-11-08,2024-11-12,1326,1298,49,Closed
PO_106967,SUP_057,PROD_0185,2024/07/17,2024-07-30,2024-07-29,1627,1527,374,Delayed
PO_106968,SUP_184,PROD_0215,23-05-2024,2024-06-12,2024-06-15,1375,1240,379,Delayed
PO_106969,SUP_073,PROD_0292,21-12-2024,2025-01-04,2025-01-02,459,438,81,Closed
PO_106970,SUP_119,PROD_0074,28-06-2024,2024-07-09,2024-07-13,186,165,401,Open
PO_106971,SUP_023,PROD_0057,12-03-2024,2024-03-29,2024-03-30,1558,1386,444,Delayed
PO_106972,SUP_111,PROD_0083,30-09-2024,2024-10-20,2024-10-17,1548,1529,204,Delayed
PO_106973,SUP_129,PROD_0253,2024/09/16,2024-09-29,2024-10-03,1600,1371,231,Delayed
PO_106974,SUP_147,PROD_0144,27-01-2024,2024-02-14,2024-02-15,943,932,100,Closed
PO_106975,SUP_109,PROD_0258,19-09-2024,2024-10-05,2024-10-08,1579,1428,62,Delayed
PO_106976,SUP_188,PROD_0071,30-07-2024,2024-08-18,2024-08-22,1178,1079,348,Delayed
PO_106977,SUP_165,PROD_0201,18-08-2024,2024-09-02,2024-09-02,1355,1170,147,Delayed
PO_106978,SUP_139,PROD_0204,19-10-2024,2024-10-30,2024-10-29,874,770,414,Delayed
PO_106979,SUP_190,PROD_0097,2024/07/09,2024-07-28,2024-07-29,371,370,484,Open
PO_106980,SUP_056,PROD_0232,30-09-2024,2024-10-11,2024-10-15,1608,1386,308,Open
PO_106981,SUP_117,PROD_0146,2024/02/07,2024-02-25,2024-02-27,1202,1124,490,Closed
PO_106982,SUP_078,PROD_0168,19-12-2024,2024-12-28,2024-12-25,614,569,468,Open
PO_106983,SUP_054,PROD_0201,2024/08/10,2024-08-27,2024-08-27,1513,1335,237,Delayed
PO_106984,SUP_169,PROD_0072,09-10-2024,2024-10-17,2024-10-17,1976,1769,356,Closed
PO_106985,SUP_153,PROD_0293,30-01-2024,2024-02-13,2024-02-12,298,288,69,Closed
PO_106986,SUP_189,PROD_0111,2024/01/16,2024-01-30,2024-02-04,1013,988,328,Delayed
PO_106987,SUP_115,PROD_0292,24-01-2024,2024-01-31,2024-01-30,574,514,142,Delayed
PO_106988,SUP_154,PROD_0067,10-09-2024,2024-09-30,2024-10-02,1322,1273,43,Delayed
PO_106989,SUP_060,PROD_0108,13-11-2024,2024-11-22,2024-11-28,416,409,494,Closed
PO_106990,SUP_170,PROD_0283,2024/05/26,2024-06-10,2024-06-14,1907,1784,176,Closed
PO_106991,SUP_021,PROD_0116,2024/08/29,2024-09-12,2024-09-18,1407,1349,80,Closed
PO_106992,SUP_192,PROD_0160,2024/10/02,2024-10-11,2024-10-11,1888,1726,250,Delayed
PO_106993,SUP_004,PROD_0010,16-03-2024,2024-04-03,2024-04-08,559,502,84,Closed
PO_106994,SUP_192,PROD_0102,2024/10/14,2024-10-25,2024-10-25,1979,1889,262,Closed
PO_106995,SUP_156,PROD_0148,02-06-2024,2024-06-08,2024-06-09,1121,1045,384,Open
PO_106996,SUP_020,PROD_0006,14-02-2024,2024-02-29,2024-03-05,320,297,298,Delayed
PO_106997,SUP_048,PROD_0085,2024/11/08,2024-11-22,2024-11-21,1735,1594,497,Closed
PO_106998,SUP_088,PROD_0268,2024/11/13,2024-12-03,2024-12-08,1286,1241,404,Closed
PO_106999,SUP_175,PROD_0287,25-11-2024,2024-12-04,2024-12-01,231,229,446,Delayed
PO_107000,SUP_037,PROD_0255,08-02-2024,2024-02-13,2024-02-17,424,398,157,Delayed
PO_107001,SUP_080,PROD_0137,2024/08/13,2024-08-25,2024-08-22,285,249,359,Closed
PO_107002,SUP_087,PROD_0128,17-09-2024,2024-09-28,2024-09-29,1659,1534,177,Open
PO_107003,SUP_127,PROD_0257,11-03-2024,2024-03-24,2024-03-30,1652,1488,193,Delayed
PO_107004,SUP_034,PROD_0260,14-05-2024,2024-06-03,2024-06-07,188,180,119,Delayed
PO_107005,SUP_018,PROD_0048,07-04-2024,2024-04-14,2024-04-11,1334,1135,73,Open
PO_107006,SUP_045,PROD_0123,2024/11/24,2024-12-06,2024-12-12,1010,937,433,Closed
PO_107007,SUP_156,PROD_0200,15-01-2024,2024-01-24,2024-01-25,395,348,218,Closed
PO_107008,SUP_073,PROD_0034,2024/01/29,2024-02-15,2024-02-14,967,961,469,Open
PO_107009,SUP_121,PROD_0219,27-08-2024,2024-09-14,2024-09-19,1351,1310,252,Delayed
PO_107010,SUP_006,PROD_0155,2024/08/12,2024-08-22,2024-08-28,954,853,104,Delayed
PO_107011,SUP_024,PROD_0159,09-09-2024,2024-09-25,2024-09-30,1386,1194,85,Closed
PO_107012,SUP_055,PROD_0025,2024/01/15,2024-01-24,2024-01-26,1985,1885,343,Open
PO_107013,SUP_084,PROD_0061,19-02-2024,2024-02-27,2024-03-02,946,885,325,Closed
PO_107014,SUP_007,PROD_0187,2024/09/15,2024-09-20,2024-09-17,734,658,351,Open
PO_107015,SUP_165,PROD_0172,2024/10/15,2024-10-20,2024-10-22,1826,1596,62,Open
PO_107016,SUP_123,PROD_0108,2024/01/08,2024-01-21,2024-01-20,1753,1501,65,Delayed
PO_107017,SUP_043,PROD_0268,13-08-2024,2024-09-01,2024-09-03,359,321,237,Open
PO_107018,SUP_167,PROD_0028,29-02-2024,2024-03-12,2024-03-12,1490,1486,138,Closed
PO_107019,SUP_004,PROD_0015,2024/12/15,2024-12-22,2024-12-19,541,477,285,Closed
PO_107020,SUP_007,PROD_0224,19-04-2024,2024-05-04,2024-05-09,385,338,141,Open
PO_107021,SUP_131,PROD_0272,07-06-2024,2024-06-14,2024-06-16,1069,959,499,Closed
PO_107022,SUP_080,PROD_0116,16-09-2024,2024-10-03,2024-09-30,640,587,89,Open
PO_107023,SUP_166,PROD_0258,2024/04/22,2024-05-06,2024-05-12,1963,1961,97,Closed
PO_107024,SUP_108,PROD_0152,06-06-2024,2024-06-22,2024-06-24,1026,931,413,Closed
PO_107025,SUP_012,PROD_0174,28-04-2024,2024-05-04,2024-05-05,1772,1547,48,Delayed
PO_107026,SUP_111,PROD_0065,01-03-2024,2024-03-17,2024-03-22,816,770,160,Closed
PO_107027,SUP_017,PROD_0292,03-07-2024,2024-07-09,2024-07-15,1746,1612,345,Closed
PO_107028,SUP_158,PROD_0105,14-08-2024,2024-08-25,2024-08-25,537,523,74,Open
PO_107029,SUP_169,PROD_0031,29-06-2024,2024-07-14,2024-07-17,1688,1653,322,Closed
PO_107030,SUP_181,PROD_0153,11-03-2024,2024-03-16,2024-03-21,136,130,231,Delayed
PO_107031,SUP_048,PROD_0144,11-12-2024,2024-12-20,2024-12-24,1316,1219,229,Open
PO_107032,SUP_112,PROD_0059,08-02-2024,2024-02-19,2024-02-21,1899,1699,344,Closed
PO_107033,SUP_130,PROD_0116,2024/02/28,2024-03-12,2024-03-09,1592,1423,272,Closed
PO_107034,SUP_167,PROD_0216,2024/01/03,2024-01-22,2024-01-26,1714,1486,78,Closed
PO_107035,SUP_080,PROD_0290,2024/01/16,2024-01-28,2024-01-26,1849,1791,265,Closed
PO_107036,SUP_062,PROD_0238,2024/03/30,2024-04-07,2024-04-09,836,820,153,Open
PO_107037,SUP_140,PROD_0193,2024/04/13,2024-04-21,2024-04-25,770,666,107,Closed
PO_107038,SUP_172,PROD_0025,2024/12/04,2024-12-14,2024-12-15,147,125,499,Closed
PO_107039,SUP_139,PROD_0043,09-06-2024,2024-06-20,2024-06-24,1818,1817,402,Closed
PO_107040,SUP_192,PROD_0137,2024/06/24,2024-06-30,2024-06-27,478,407,114,Delayed
PO_107041,SUP_133,PROD_0134,2024/09/28,2024-10-18,2024-10-20,1421,1241,289,Closed
PO_107042,SUP_041,PROD_0223,2024/06/26,2024-07-03,2024-07-08,1479,1336,59,Closed
PO_107043,SUP_131,PROD_0153,2024/02/26,2024-03-11,2024-03-17,385,331,486,Open
PO_107044,SUP_048,PROD_0249,2024/04/29,2024-05-12,2024-05-13,1105,1103,279,Delayed
PO_107045,SUP_002,PROD_0178,2024/08/01,2024-08-12,2024-08-18,1475,1347,479,Closed
PO_107046,SUP_184,PROD_0097,2024/07/06,2024-07-25,2024-07-22,1718,1578,168,Closed
PO_107047,SUP_093,PROD_0291,2024/05/28,2024-06-09,2024-06-10,1376,1312,179,Delayed
PO_107048,SUP_062,PROD_0253,14-03-2024,2024-03-31,2024-04-05,1063,955,189,Closed
PO_107049,SUP_006,PROD_0026,14-05-2024,2024-05-19,2024-05-18,1347,1283,50,Closed
PO_107050,SUP_165,PROD_0154,17-12-2024,2024-12-22,2024-12-22,1343,1144,86,Open
PO_107051,SUP_044,PROD_0037,2024/06/25,2024-07-11,2024-07-17,1058,1005,315,Closed
PO_107052,SUP_078,PROD_0134,09-05-2024,2024-05-23,2024-05-24,579,573,70,Open
PO_107053,SUP_059,PROD_0284,21-06-2024,2024-07-07,2024-07-04,1723,1538,303,Delayed
PO_107054,SUP_168,PROD_0044,2024/11/21,2024-11-29,2024-12-02,264,261,159,Open
PO_107055,SUP_037,PROD_0249,2024/12/16,2024-12-21,2024-12-25,562,492,445,Open
PO_107056,SUP_079,PROD_0223,13-07-2024,2024-07-25,2024-07-27,802,785,190,Delayed
PO_107057,SUP_043,PROD_0103,31-07-2024,2024-08-11,2024-08-16,1009,991,130,Closed
PO_107058,SUP_062,PROD_0072,2024/03/20,2024-03-29,2024-04-02,224,220,199,Delayed
PO_107059,SUP_083,PROD_0093,29-05-2024,2024-06-03,2024-06-02,877,812,220,Open
PO_107060,SUP_031,PROD_0015,2024/10/13,2024-10-19,2024-10-18,582,558,409,Closed
PO_107061,SUP_084,PROD_0048,2024/09/15,2024-10-01,2024-10-02,1576,1403,314,Closed
PO_107062,SUP_069,PROD_0297,2024/12/03,2024-12-13,2024-12-17,561,481,289,Delayed
PO_107063,SUP_165,PROD_0034,2024/10/20,2024-11-02,2024-11-03,1118,1001,86,Closed
PO_107064,SUP_073,PROD_0210,31-05-2024,2024-06-06,2024-06-09,406,351,492,Closed
PO_107065,SUP_064,PROD_0242,2024/04/20,2024-05-06,2024-05-07,996,861,136,Closed
PO_107066,SUP_101,PROD_0098,2024/06/13,2024-06-28,2024-06-30,1646,1473,460,Delayed
PO_107067,SUP_091,PROD_0238,2024/10/08,2024-10-16,2024-10-17,334,312,477,Delayed
PO_107068,SUP_037,PROD_0097,2024/02/26,2024-03-03,2024-03-07,1974,1896,168,Open
PO_107069,SUP_164,PROD_0133,2024/07/03,2024-07-12,2024-07-17,1398,1215,227,Delayed
PO_107070,SUP_071,PROD_0192,2024/01/01,2024-01-11,2024-01-15,669,620,202,Open
PO_107071,SUP_049,PROD_0117,24-10-2024,2024-11-02,2024-11-04,136,130,289,Delayed
PO_107072,SUP_194,PROD_0119,28-04-2024,2024-05-16,2024-05-17,1834,1811,436,Closed
PO_107073,SUP_016,PROD_0030,02-04-2024,2024-04-10,2024-04-11,907,854,164,Delayed
PO_107074,SUP_139,PROD_0201,2024/04/15,2024-04-20,2024-04-21,451,410,434,Closed
PO_107075,SUP_082,PROD_0255,02-05-2024,2024-05-09,2024-05-06,462,428,246,Open
PO_107076,SUP_059,PROD_0167,15-05-2024,2024-05-29,2024-06-04,509,450,242,Closed
PO_107077,SUP_130,PROD_0234,23-07-2024,2024-07-28,2024-08-02,606,550,192,Closed
PO_107078,SUP_157,PROD_0201,2024/11/12,2024-11-23,2024-11-29,516,473,176,Open
PO_107079,SUP_087,PROD_0200,2024/11/02,2024-11-13,2024-11-15,548,485,357,Closed
PO_107080,SUP_106,PROD_0233,15-06-2024,2024-06-29,2024-06-28,1543,1527,451,Closed
PO_107081,SUP_054,PROD_0221,26-09-2024,2024-10-06,2024-10-09,1604,1379,284,Delayed
PO_107082,SUP_037,PROD_0062,17-02-2024,2024-03-06,2024-03-09,999,966,152,Delayed
PO_107083,SUP_068,PROD_0250,17-08-2024,2024-09-02,2024-09-08,667,627,455,Delayed
PO_107084,SUP_114,PROD_0199,2024/04/01,2024-04-06,2024-04-07,799,754,155,Open
PO_107085,SUP_070,PROD_0126,02-11-2024,2024-11-10,2024-11-13,381,359,275,Open
PO_107086,SUP_120,PROD_0272,03-12-2024,2024-12-09,2024-12-12,552,491,59,Closed
PO_107087,SUP_129,PROD_0252,28-12-2024,2025-01-08,2025-01-13,1291,1290,488,Closed
PO_107088,SUP_028,PROD_0258,06-12-2024,2024-12-22,2024-12-25,552,527,358,Delayed
PO_107089,SUP_147,PROD_0270,2024/02/22,2024-03-10,2024-03-09,884,873,369,Open
PO_107090,SUP_164,PROD_0237,2024/04/22,2024-05-07,2024-05-05,198,174,220,Open
PO_107091,SUP_010,PROD_0151,2024/06/02,2024-06-20,2024-06-25,802,738,452,Delayed
PO_107092,SUP_152,PROD_0084,2024/12/12,2024-12-25,2024-12-29,1651,1552,380,Closed
PO_107093,SUP_040,PROD_0021,27-11-2024,2024-12-14,2024-12-12,894,872,477,Delayed
PO_107094,SUP_110,PROD_0251,08-03-2024,2024-03-25,2024-03-30,1905,1850,236,Open
PO_107095,SUP_122,PROD_0123,28-04-2024,2024-05-15,2024-05-18,571,536,482,Closed
PO_107096,SUP_167,PROD_0287,10-01-2024,2024-01-29,2024-01-31,853,795,45,Closed
PO_107097,SUP_014,PROD_0051,2024/12/29,2025-01-09,2025-01-14,573,495,439,Open
PO_107098,SUP_165,PROD_0241,11-06-2024,2024-06-20,2024-06-25,1422,1360,107,Closed
PO_107099,SUP_138,PROD_0206,2024/09/11,2024-10-01,2024-10-07,1444,1258,297,Delayed
PO_107100,SUP_067,PROD_0021,30-03-2024,2024-04-15,2024-04-18,1546,1541,75,Closed
PO_107101,SUP_044,PROD_0092,09-10-2024,2024-10-14,2024-10-13,1923,1788,327,Open
PO_107102,SUP_122,PROD_0185,17-07-2024,2024-08-04,2024-08-02,1526,1440,251,Open
PO_107103,SUP_128,PROD_0027,22-07-2024,2024-08-09,2024-08-08,1839,1715,246,Closed
PO_107104,SUP_173,PROD_0268,05-10-2024,2024-10-16,2024-10-16,1644,1464,332,Closed
PO_107105,SUP_020,PROD_0234,2024/11/14,2024-11-22,2024-11-21,1685,1535,242,Open
PO_107106,SUP_114,PROD_0108,21-10-2024,2024-11-06,2024-11-10,1010,938,491,Delayed
PO_107107,SUP_117,PROD_0014,2024/10/10,2024-10-23,2024-10-20,1490,1450,389,Open
PO_107108,SUP_111,PROD_0138,2024/06/02,2024-06-21,2024-06-20,198,195,425,Open
PO_107109,SUP_153,PROD_0129,18-12-2024,2025-01-02,2025-01-01,1302,1226,251,Closed
PO_107110,SUP_060,PROD_0059,13-09-2024,2024-09-20,2024-09-23,939,809,316,Closed
PO_107111,SUP_172,PROD_0024,10-02-2024,2024-02-29,2024-03-06,1064,917,280,Closed
PO_107112,SUP_111,PROD_0158,2024/03/22,2024-03-27,2024-03-24,1427,1409,167,Closed
PO_107113,SUP_037,PROD_0016,21-04-2024,2024-05-01,2024-04-30,608,593,215,Open
PO_107114,SUP_048,PROD_0056,2024/02/21,2024-03-02,2024-03-03,788,687,375,Delayed
PO_107115,SUP_007,PROD_0296,2024/01/12,2024-01-22,2024-01-24,628,565,456,Closed
PO_107116,SUP_090,PROD_0082,10-02-2024,2024-02-21,2024-02-27,1711,1622,246,Delayed
PO_107117,SUP_184,PROD_0287,09-06-2024,2024-06-17,2024-06-21,1690,1492,239,Open
PO_107118,SUP_046,PROD_0209,2024/06/04,2024-06-19,2024-06-16,1796,1601,346,Delayed
PO_107119,SUP_187,PROD_0099,11-11-2024,2024-12-01,2024-12-03,1485,1444,291,Closed
PO_107120,SUP_046,PROD_0262,26-05-2024,2024-06-06,2024-06-03,930,918,91,Open
PO_107121,SUP_006,PROD_0213,2024/09/27,2024-10-11,2024-10-15,180,172,347,Delayed
PO_107122,SUP_121,PROD_0037,07-10-2024,2024-10-15,2024-10-20,1259,1085,105,Open
PO_107123,SUP_169,PROD_0217,04-06-2024,2024-06-10,2024-06-14,296,267,376,Open
PO_107124,SUP_120,PROD_0264,2024/10/03,2024-10-09,2024-10-12,1554,1400,312,Delayed
PO_107125,SUP_118,PROD_0248,2024/01/14,2024-01-25,2024-01-31,305,298,112,Closed
PO_107126,SUP_185,PROD_0260,21-06-2024,2024-07-02,2024-07-07,1621,1554,295,Delayed
PO_107127,SUP_165,PROD_0028,2024/06/23,2024-07-04,2024-07-05,469,427,468,Delayed
PO_107128,SUP_008,PROD_0130,24-08-2024,2024-09-13,2024-09-13,575,499,303,Open
PO_107129,SUP_187,PROD_0160,2024/12/07,2024-12-18,2024-12-17,1437,1383,436,Open
PO_107130,SUP_037,PROD_0008,2024/03/04,2024-03-09,2024-03-10,1668,1425,108,Delayed
PO_107131,SUP_178,PROD_0098,15-12-2024,2025-01-01,2025-01-03,1219,1093,232,Open
PO_107132,SUP_043,PROD_0048,14-10-2024,2024-11-03,2024-11-08,237,205,355,Open
PO_107133,SUP_125,PROD_0113,2024/08/12,2024-08-26,2024-08-29,1059,943,201,Delayed
PO_107134,SUP_018,PROD_0234,2024/06/11,2024-06-18,2024-06-19,323,286,210,Closed
PO_107135,SUP_118,PROD_0294,2024/03/31,2024-04-13,2024-04-13,406,406,99,Closed
PO_107136,SUP_059,PROD_0168,09-05-2024,2024-05-29,2024-06-01,333,323,276,Delayed
PO_107137,SUP_134,PROD_0139,2024/04/14,2024-04-20,2024-04-17,1674,1453,210,Open
PO_107138,SUP_126,PROD_0169,20-03-2024,2024-04-09,2024-04-09,655,589,68,Closed
PO_107139,SUP_172,PROD_0053,2024/04/26,2024-05-06,2024-05-09,497,462,407,Closed
PO_107140,SUP_152,PROD_0078,09-10-2024,2024-10-18,2024-10-17,1356,1189,298,Closed
PO_107141,SUP_180,PROD_0022,2024/04/24,2024-05-05,2024-05-09,162,143,169,Delayed
PO_107142,SUP_050,PROD_0018,2024/09/20,2024-10-08,2024-10-05,1116,1053,124,Closed
PO_107143,SUP_036,PROD_0294,14-09-2024,2024-10-03,2024-10-03,1680,1522,180,Closed
PO_107144,SUP_139,PROD_0197,10-11-2024,2024-11-29,2024-11-28,1199,1146,414,Delayed
PO_107145,SUP_040,PROD_0243,03-05-2024,2024-05-11,2024-05-14,1951,1920,487,Open
PO_107146,SUP_200,PROD_0186,2024/04/10,2024-04-24,2024-04-29,1997,1897,265,Delayed
PO_107147,SUP_105,PROD_0179,2024/02/18,2024-02-27,2024-03-03,1820,1709,68,Closed
PO_107148,SUP_085,PROD_0109,2024/03/04,2024-03-12,2024-03-09,1526,1317,461,Open
PO_107149,SUP_142,PROD_0173,26-02-2024,2024-03-12,2024-03-15,1757,1720,240,Closed
PO_107150,SUP_038,PROD_0275,18-04-2024,2024-05-01,2024-04-29,332,325,464,Delayed
PO_107151,SUP_162,PROD_0167,04-02-2024,2024-02-09,2024-02-10,445,401,475,Open
PO_107152,SUP_091,PROD_0023,18-08-2024,2024-09-04,2024-09-06,1510,1489,467,Delayed
PO_107153,SUP_154,PROD_0264,2024/06/14,2024-06-29,2024-06-30,1207,1186,305,Delayed
PO_107154,SUP_141,PROD_0244,23-01-2024,2024-02-09,2024-02-15,203,190,196,Delayed
PO_107155,SUP_038,PROD_0199,23-11-2024,2024-12-07,2024-12-08,1830,1572,40,Delayed
PO_107156,SUP_165,PROD_0068,21-11-2024,2024-12-07,2024-12-13,729,632,64,Delayed
PO_107157,SUP_128,PROD_0239,2024/09/26,2024-10-01,2024-09-30,1973,1932,40,Closed
PO_107158,SUP_149,PROD_0113,27-01-2024,2024-02-03,2024-02-05,570,510,50,Closed
PO_107159,SUP_127,PROD_0297,17-07-2024,2024-08-05,2024-08-09,224,198,216,Open
PO_107160,SUP_179,PROD_0230,29-04-2024,2024-05-13,2024-05-11,1544,1462,438,Delayed
PO_107161,SUP_036,PROD_0184,2024/02/23,2024-03-06,2024-03-05,865,865,152,Open
PO_107162,SUP_125,PROD_0141,26-11-2024,2024-12-01,2024-12-02,1652,1449,80,Closed
PO_107163,SUP_084,PROD_0155,2024/02/19,2024-02-28,2024-02-26,280,279,421,Open
PO_107164,SUP_105,PROD_0038,07-06-2024,2024-06-23,2024-06-20,398,339,386,Delayed
PO_107165,SUP_001,PROD_0254,19-12-2024,2024-12-26,2024-12-29,1803,1584,313,Closed
PO_107166,SUP_004,PROD_0172,03-09-2024,2024-09-23,2024-09-29,1832,1605,420,Delayed
PO_107167,SUP_045,PROD_0030,2024/06/04,2024-06-21,2024-06-18,1015,940,137,Closed
PO_107168,SUP_006,PROD_0053,04-05-2024,2024-05-14,2024-05-15,118,105,185,Closed
PO_107169,SUP_053,PROD_0159,2024/08/15,2024-08-30,2024-09-02,1549,1367,367,Open
PO_107170,SUP_041,PROD_0009,05-02-2024,2024-02-18,2024-02-20,846,783,461,Closed
PO_107171,SUP_110,PROD_0235,2024/02/12,2024-02-22,2024-02-27,990,953,314,Open
PO_107172,SUP_129,PROD_0104,2024/07/15,2024-07-29,2024-08-01,1933,1838,352,Closed
PO_107173,SUP_025,PROD_0209,2024/04/15,2024-04-24,2024-04-21,1264,1203,184,Open
PO_107174,SUP_001,PROD_0269,2024/04/07,2024-04-14,2024-04-20,1940,1890,336,Closed
PO_107175,SUP_015,PROD_0084,04-02-2024,2024-02-18,2024-02-21,331,311,303,Delayed
PO_107176,SUP_200,PROD_0119,26-04-2024,2024-05-05,2024-05-06,1736,1520,239,Open
PO_107177,SUP_131,PROD_0265,2024/12/19,2025-01-05,2025-01-06,422,380,210,Closed
PO_107178,SUP_111,PROD_0157,2024/03/13,2024-03-26,2024-03-26,1378,1354,250,Delayed
PO_107179,SUP_066,PROD_0085,17-08-2024,2024-09-06,2024-09-06,404,381,167,Closed
PO_107180,SUP_002,PROD_0202,28-11-2024,2024-12-05,2024-12-05,572,495,110,Delayed
PO_107181,SUP_039,PROD_0230,25-07-2024,2024-08-08,2024-08-11,141,127,223,Open
PO_107182,SUP_043,PROD_0196,2024/01/14,2024-01-30,2024-02-02,1364,1180,223,Open
PO_107183,SUP_134,PROD_0037,2024/10/25,2024-11-02,2024-11-02,666,585,153,Open
PO_107184,SUP_022,PROD_0227,13-10-2024,2024-10-19,2024-10-18,755,675,482,Open
PO_107185,SUP_038,PROD_0137,11-08-2024,2024-08-17,2024-08-18,1600,1387,192,Open
PO_107186,SUP_102,PROD_0029,15-03-2024,2024-04-02,2024-04-04,868,802,119,Open
PO_107187,SUP_042,PROD_0157,01-06-2024,2024-06-13,2024-06-10,1899,1851,408,Open
PO_107188,SUP_056,PROD_0247,17-07-2024,2024-07-22,2024-07-24,1687,1626,407,Delayed
PO_107189,SUP_185,PROD_0115,17-04-2024,2024-05-06,2024-05-07,1078,1042,232,Open
PO_107190,SUP_066,PROD_0087,03-09-2024,2024-09-13,2024-09-14,1680,1551,421,Delayed
PO_107191,SUP_164,PROD_0212,2024/06/08,2024-06-15,2024-06-14,1833,1612,315,Closed
PO_107192,SUP_183,PROD_0299,15-09-2024,2024-09-24,2024-09-27,316,307,121,Delayed
PO_107193,SUP_169,PROD_0259,2024/08/24,2024-09-12,2024-09-18,1261,1089,347,Delayed
PO_107194,SUP_118,PROD_0178,08-06-2024,2024-06-14,2024-06-17,1547,1416,322,Closed
PO_107195,SUP_049,PROD_0074,06-01-2024,2024-01-20,2024-01-17,1244,1139,257,Delayed
PO_107196,SUP_041,PROD_0142,20-07-2024,2024-08-02,2024-08-07,246,238,55,Closed
PO_107197,SUP_194,PROD_0275,2024/07/17,2024-08-02,2024-08-05,1360,1345,139,Open
PO_107198,SUP_091,PROD_0066,11-06-2024,2024-06-18,2024-06-17,152,145,212,Closed
PO_107199,SUP_030,PROD_0216,04-09-2024,2024-09-22,2024-09-23,1051,1041,432,Open
PO_107200,SUP_033,PROD_0252,11-03-2024,2024-03-16,2024-03-15,1458,1246,162,Open
PO_107201,SUP_139,PROD_0170,2024/07/09,2024-07-21,2024-07-26,247,233,146,Delayed
PO_107202,SUP_167,PROD_0035,11-03-2024,2024-03-22,2024-03-24,703,617,481,Delayed
PO_107203,SUP_107,PROD_0113,2024/01/10,2024-01-24,2024-01-26,1216,1214,449,Delayed
PO_107204,SUP_087,PROD_0021,2024/06/30,2024-07-16,2024-07-15,694,596,458,Open
PO_107205,SUP_196,PROD_0209,2024/06/10,2024-06-17,2024-06-14,1600,1363,244,Open
PO_107206,SUP_067,PROD_0109,11-10-2024,2024-10-17,2024-10-23,746,708,331,Delayed
PO_107207,SUP_042,PROD_0080,2024/11/30,2024-12-07,2024-12-09,1178,1096,360,Open
PO_107208,SUP_100,PROD_0207,2024/01/29,2024-02-08,2024-02-06,319,313,250,Closed
PO_107209,SUP_158,PROD_0260,23-03-2024,2024-04-02,2024-04-07,1899,1815,476,Open
PO_107210,SUP_094,PROD_0133,2024/08/10,2024-08-18,2024-08-22,1230,1217,96,Delayed
PO_107211,SUP_018,PROD_0162,2024/12/23,2025-01-03,2025-01-06,1744,1605,84,Delayed
PO_107212,SUP_198,PROD_0157,2024/04/22,2024-05-04,2024-05-07,895,832,430,Delayed
PO_107213,SUP_060,PROD_0151,10-04-2024,2024-04-24,2024-04-28,1535,1468,184,Closed
PO_107214,SUP_088,PROD_0203,08-08-2024,2024-08-27,2024-09-01,1630,1496,437,Delayed
PO_107215,SUP_020,PROD_0210,2024/02/03,2024-02-11,2024-02-13,817,811,244,Closed
PO_107216,SUP_131,PROD_0253,01-11-2024,2024-11-18,2024-11-19,1475,1470,69,Open
PO_107217,SUP_160,PROD_0196,01-08-2024,2024-08-06,2024-08-04,1064,928,318,Open
PO_107218,SUP_139,PROD_0015,17-11-2024,2024-12-07,2024-12-07,134,117,271,Open
PO_107219,SUP_029,PROD_0219,02-11-2024,2024-11-22,2024-11-21,1948,1811,294,Open
PO_107220,SUP_168,PROD_0201,2024/07/09,2024-07-18,2024-07-16,1073,992,189,Delayed
PO_107221,SUP_076,PROD_0156,24-10-2024,2024-11-06,2024-11-06,1744,1597,323,Delayed
PO_107222,SUP_078,PROD_0192,12-10-2024,2024-10-17,2024-10-20,1907,1858,307,Delayed
PO_107223,SUP_088,PROD_0218,2024/06/30,2024-07-16,2024-07-20,503,484,323,Delayed
PO_107224,SUP_109,PROD_0043,31-10-2024,2024-11-20,2024-11-19,1184,1054,81,Delayed
PO_107225,SUP_104,PROD_0111,2024/01/11,2024-01-20,2024-01-20,1854,1621,122,Open
PO_107226,SUP_148,PROD_0231,2024/12/30,2025-01-13,2025-01-19,1122,1053,145,Delayed
PO_107227,SUP_128,PROD_0056,25-08-2024,2024-09-11,2024-09-13,1294,1235,249,Closed
PO_107228,SUP_111,PROD_0056,11-12-2024,2024-12-31,2025-01-02,564,560,176,Delayed
PO_107229,SUP_081,PROD_0215,2024/11/23,2024-12-12,2024-12-14,332,295,84,Open
PO_107230,SUP_151,PROD_0052,23-05-2024,2024-05-29,2024-06-01,202,195,118,Closed
PO_107231,SUP_199,PROD_0233,09-08-2024,2024-08-27,2024-09-02,959,944,285,Delayed
PO_107232,SUP_054,PROD_0252,02-05-2024,2024-05-13,2024-05-12,1758,1596,455,Closed
PO_107233,SUP_149,PROD_0257,16-10-2024,2024-11-03,2024-11-08,457,397,195,Closed
PO_107234,SUP_115,PROD_0081,2024/01/24,2024-01-30,2024-02-02,1068,1015,324,Open
PO_107235,SUP_186,PROD_0240,2024/03/02,2024-03-18,2024-03-21,1297,1105,84,Closed
PO_107236,SUP_092,PROD_0150,21-03-2024,2024-04-01,2024-04-07,1632,1407,433,Open
PO_107237,SUP_011,PROD_0001,21-05-2024,2024-06-07,2024-06-04,1098,1043,391,Delayed
PO_107238,SUP_052,PROD_0026,2024/12/21,2025-01-07,2025-01-09,1970,1690,124,Open
PO_107239,SUP_103,PROD_0274,2024/06/16,2024-07-02,2024-07-06,1523,1514,374,Open
PO_107240,SUP_190,PROD_0027,12-11-2024,2024-11-22,2024-11-21,410,349,481,Open
PO_107241,SUP_070,PROD_0070,26-06-2024,2024-07-16,2024-07-20,726,698,368,Closed
PO_107242,SUP_001,PROD_0194,2024/02/12,2024-02-17,2024-02-17,1983,1966,186,Open
PO_107243,SUP_110,PROD_0214,2024/03/29,2024-04-05,2024-04-09,156,148,183,Open
PO_107244,SUP_100,PROD_0073,24-11-2024,2024-11-29,2024-12-04,347,301,449,Closed
PO_107245,SUP_100,PROD_0176,10-08-2024,2024-08-30,2024-08-28,400,372,160,Closed
PO_107246,SUP_191,PROD_0050,22-07-2024,2024-08-07,2024-08-13,1347,1248,316,Delayed
PO_107247,SUP_058,PROD_0217,31-07-2024,2024-08-16,2024-08-21,1771,1713,390,Delayed
PO_107248,SUP_097,PROD_0033,24-03-2024,2024-04-03,2024-04-02,1861,1595,468,Closed
PO_107249,SUP_147,PROD_0196,21-02-2024,2024-03-04,2024-03-01,1552,1531,397,Closed
PO_107250,SUP_136,PROD_0281,2024/11/04,2024-11-17,2024-11-21,1227,1060,139,Delayed
PO_107251,SUP_143,PROD_0075,2024/05/16,2024-06-02,2024-05-30,1650,1468,384,Delayed
PO_107252,SUP_078,PROD_0107,2024/08/15,2024-08-29,2024-08-26,1616,1452,279,Open
PO_107253,SUP_099,PROD_0046,25-05-2024,2024-06-02,2024-06-06,1784,1719,228,Closed
PO_107254,SUP_159,PROD_0192,2024/02/14,2024-02-26,2024-02-25,582,495,338,Closed
PO_107255,SUP_035,PROD_0053,2024/12/11,2024-12-31,2025-01-03,268,252,60,Open
PO_107256,SUP_122,PROD_0018,14-09-2024,2024-09-19,2024-09-24,1041,968,116,Delayed
PO_107257,SUP_055,PROD_0032,2024/02/08,2024-02-16,2024-02-22,559,552,472,Closed
PO_107258,SUP_121,PROD_0096,2024/05/18,2024-06-02,2024-06-07,279,275,242,Closed
PO_107259,SUP_009,PROD_0045,2024/11/03,2024-11-15,2024-11-12,655,627,106,Open
PO_107260,SUP_021,PROD_0282,26-10-2024,2024-11-01,2024-11-03,427,418,284,Open
PO_107261,SUP_028,PROD_0081,28-06-2024,2024-07-16,2024-07-20,1989,1951,135,Open
PO_107262,SUP_014,PROD_0050,20-06-2024,2024-06-25,2024-06-25,1833,1739,304,Delayed
PO_107263,SUP_177,PROD_0139,2024/11/05,2024-11-15,2024-11-14,471,432,175,Open
PO_107264,SUP_147,PROD_0091,2024/01/15,2024-02-01,2024-02-04,1997,1762,83,Closed
PO_107265,SUP_139,PROD_0198,27-01-2024,2024-02-16,2024-02-19,1535,1320,385,Delayed
PO_107266,SUP_151,PROD_0061,06-04-2024,2024-04-16,2024-04-18,1745,1633,490,Closed
PO_107267,SUP_090,PROD_0194,31-03-2024,2024-04-07,2024-04-05,1550,1505,287,Closed
PO_107268,SUP_010,PROD_0283,2024/06/25,2024-07-02,2024-07-07,458,441,68,Closed
PO_107269,SUP_058,PROD_0266,19-08-2024,2024-08-24,2024-08-29,1112,1023,96,Open
PO_107270,SUP_177,PROD_0184,2024/04/10,2024-04-19,2024-04-20,417,413,70,Closed
PO_107271,SUP_048,PROD_0162,24-04-2024,2024-05-12,2024-05-14,1264,1196,432,Closed
PO_107272,SUP_041,PROD_0001,2024/09/09,2024-09-19,2024-09-23,1824,1684,374,Delayed
PO_107273,SUP_022,PROD_0117,08-08-2024,2024-08-15,2024-08-13,1591,1474,264,Closed
PO_107274,SUP_177,PROD_0244,02-04-2024,2024-04-20,2024-04-18,884,797,290,Open
PO_107275,SUP_043,PROD_0214,28-01-2024,2024-02-06,2024-02-05,1596,1397,189,Closed
PO_107276,SUP_005,PROD_0297,2024/01/09,2024-01-20,2024-01-17,1225,1063,145,Open
PO_107277,SUP_066,PROD_0035,29-12-2024,2025-01-10,2025-01-08,1814,1709,335,Closed
PO_107278,SUP_124,PROD_0119,16-02-2024,2024-02-23,2024-02-28,1316,1138,125,Closed
PO_107279,SUP_046,PROD_0271,2024/10/28,2024-11-16,2024-11-15,1262,1187,316,Open
PO_107280,SUP_130,PROD_0241,2024/02/07,2024-02-18,2024-02-15,719,696,112,Open
PO_107281,SUP_124,PROD_0235,2024/09/15,2024-09-20,2024-09-26,114,109,47,Open
PO_107282,SUP_119,PROD_0272,2024/03/21,2024-04-09,2024-04-13,1609,1567,57,Open
PO_107283,SUP_017,PROD_0097,2024/03/17,2024-04-02,2024-04-02,1824,1818,433,Open
PO_107284,SUP_161,PROD_0134,2024/06/06,2024-06-13,2024-06-13,350,313,481,Delayed
PO_107285,SUP_072,PROD_0088,10-12-2024,2024-12-25,2024-12-23,1728,1582,338,Closed
PO_107286,SUP_168,PROD_0260,2024/05/13,2024-05-26,2024-05-23,458,435,230,Open
PO_107287,SUP_027,PROD_0228,02-02-2024,2024-02-07,2024-02-12,1175,1022,350,Closed
PO_107288,SUP_087,PROD_0222,24-09-2024,2024-10-13,2024-10-14,1196,1089,206,Delayed
PO_107289,SUP_087,PROD_0129,2024/07/22,2024-07-27,2024-08-01,1626,1509,269,Open
PO_107290,SUP_031,PROD_0231,2024/09/12,2024-09-27,2024-09-27,1147,1085,428,Delayed
PO_107291,SUP_021,PROD_0058,25-04-2024,2024-05-11,2024-05-11,364,309,180,Delayed
PO_107292,SUP_123,PROD_0131,2024/03/01,2024-03-19,2024-03-18,333,332,351,Open
PO_107293,SUP_179,PROD_0177,2024/08/03,2024-08-14,2024-08-12,958,832,326,Open
PO_107294,SUP_070,PROD_0143,27-05-2024,2024-06-04,2024-06-10,138,127,292,Closed
PO_107295,SUP_062,PROD_0013,2024/11/02,2024-11-19,2024-11-20,1803,1726,334,Delayed
PO_107296,SUP_070,PROD_0266,05-08-2024,2024-08-12,2024-08-18,128,117,98,Closed
PO_107297,SUP_119,PROD_0062,2024/06/12,2024-06-22,2024-06-23,1857,1689,249,Closed
PO_107298,SUP_007,PROD_0271,2024/07/14,2024-07-28,2024-08-01,1968,1917,141,Open
PO_107299,SUP_042,PROD_0140,2024/04/08,2024-04-23,2024-04-28,1439,1276,328,Open
PO_107300,SUP_184,PROD_0210,07-12-2024,2024-12-23,2024-12-21,582,570,137,Open
PO_107301,SUP_146,PROD_0113,17-05-2024,2024-05-28,2024-05-27,601,554,133,Open
PO_107302,SUP_050,PROD_0255,2024/03/04,2024-03-22,2024-03-28,1116,1069,322,Open
PO_107303,SUP_031,PROD_0258,2024/03/21,2024-03-27,2024-03-28,571,550,328,Delayed
PO_107304,SUP_097,PROD_0218,13-12-2024,2024-12-26,2024-12-25,1053,975,473,Open
PO_107305,SUP_042,PROD_0267,2024/05/24,2024-06-09,2024-06-11,1602,1427,151,Closed
PO_107306,SUP_190,PROD_0190,14-04-2024,2024-04-27,2024-05-01,985,905,346,Open
PO_107307,SUP_077,PROD_0077,2024/01/01,2024-01-19,2024-01-22,1160,1073,344,Closed
PO_107308,SUP_161,PROD_0284,23-03-2024,2024-04-03,2024-04-06,1291,1104,158,Closed
PO_107309,SUP_140,PROD_0097,20-02-2024,2024-03-11,2024-03-10,332,328,373,Closed
PO_107310,SUP_161,PROD_0175,2024/03/25,2024-03-31,2024-03-28,1759,1724,221,Closed
PO_107311,SUP_188,PROD_0025,06-12-2024,2024-12-17,2024-12-22,978,850,381,Delayed
PO_107312,SUP_197,PROD_0221,2024/08/07,2024-08-14,2024-08-20,321,315,492,Open
PO_107313,SUP_093,PROD_0039,31-01-2024,2024-02-18,2024-02-24,781,728,316,Open
PO_107314,SUP_010,PROD_0121,24-01-2024,2024-02-07,2024-02-11,1960,1727,289,Delayed
PO_107315,SUP_100,PROD_0115,27-09-2024,2024-10-11,2024-10-17,1042,931,465,Closed
PO_107316,SUP_058,PROD_0118,2024/09/26,2024-10-11,2024-10-13,932,900,478,Open
PO_107317,SUP_187,PROD_0048,05-12-2024,2024-12-10,2024-12-09,556,535,211,Delayed
PO_107318,SUP_137,PROD_0294,2024/10/20,2024-10-29,2024-10-27,341,293,476,Closed
PO_107319,SUP_157,PROD_0010,15-01-2024,2024-01-30,2024-01-28,141,130,119,Delayed
PO_107320,SUP_108,PROD_0027,2024/09/23,2024-09-30,2024-10-01,1041,969,484,Open
PO_107321,SUP_148,PROD_0231,12-03-2024,2024-03-24,2024-03-24,172,158,342,Delayed
PO_107322,SUP_099,PROD_0141,2024/09/26,2024-10-11,2024-10-12,504,469,173,Delayed
PO_107323,SUP_123,PROD_0107,20-03-2024,2024-04-04,2024-04-05,925,849,469,Closed
PO_107324,SUP_026,PROD_0196,06-01-2024,2024-01-12,2024-01-12,1592,1523,43,Open
PO_107325,SUP_191,PROD_0024,18-03-2024,2024-03-30,2024-03-31,1435,1249,130,Closed
PO_107326,SUP_028,PROD_0046,2024/11/20,2024-11-27,2024-12-03,690,603,46,Delayed
PO_107327,SUP_027,PROD_0275,2024/06/25,2024-07-04,2024-07-01,1099,1060,379,Delayed
PO_107328,SUP_107,PROD_0122,02-12-2024,2024-12-16,2024-12-14,721,669,237,Closed
PO_107329,SUP_169,PROD_0244,09-09-2024,2024-09-15,2024-09-16,1671,1469,393,Open
PO_107330,SUP_062,PROD_0165,26-12-2024,2025-01-11,2025-01-09,622,572,160,Delayed
PO_107331,SUP_182,PROD_0154,2024/05/14,2024-06-01,2024-05-31,358,333,118,Open
PO_107332,SUP_199,PROD_0296,17-07-2024,2024-07-23,2024-07-20,1351,1148,289,Delayed
PO_107333,SUP_143,PROD_0051,16-02-2024,2024-02-25,2024-02-28,320,295,350,Closed
PO_107334,SUP_077,PROD_0030,01-06-2024,2024-06-09,2024-06-14,1710,1482,484,Open
PO_107335,SUP_099,PROD_0289,2024/09/17,2024-10-04,2024-10-06,990,935,43,Open
PO_107336,SUP_191,PROD_0290,2024/12/09,2024-12-22,2024-12-28,1858,1818,200,Open
PO_107337,SUP_042,PROD_0126,2024/07/03,2024-07-19,2024-07-22,1971,1824,489,Closed
PO_107338,SUP_076,PROD_0013,2024/01/24,2024-01-31,2024-02-02,373,357,131,Closed
PO_107339,SUP_070,PROD_0088,2024/07/01,2024-07-06,2024-07-10,981,838,124,Closed
PO_107340,SUP_152,PROD_0154,16-03-2024,2024-03-24,2024-03-28,379,336,437,Open
PO_107341,SUP_022,PROD_0281,30-03-2024,2024-04-09,2024-04-06,1160,1153,110,Open
PO_107342,SUP_172,PROD_0123,25-08-2024,2024-09-13,2024-09-18,1072,1025,148,Closed
PO_107343,SUP_164,PROD_0109,16-04-2024,2024-04-22,2024-04-26,562,526,201,Delayed
PO_107344,SUP_152,PROD_0185,05-02-2024,2024-02-24,2024-02-28,620,553,335,Delayed
PO_107345,SUP_064,PROD_0164,15-12-2024,2024-12-31,2024-12-30,757,684,313,Delayed
PO_107346,SUP_075,PROD_0128,12-11-2024,2024-11-27,2024-11-25,744,685,178,Closed
PO_107347,SUP_061,PROD_0002,2024/05/27,2024-06-08,2024-06-13,1109,1080,105,Delayed
PO_107348,SUP_031,PROD_0153,30-05-2024,2024-06-16,2024-06-13,972,902,475,Delayed
PO_107349,SUP_149,PROD_0099,2024/03/19,2024-04-04,2024-04-01,1262,1135,483,Open
PO_107350,SUP_092,PROD_0009,18-06-2024,2024-07-08,2024-07-14,1498,1408,64,Delayed
PO_107351,SUP_086,PROD_0140,2024/01/01,2024-01-19,2024-01-19,1273,1170,213,Closed
PO_107352,SUP_062,PROD_0248,17-11-2024,2024-12-02,2024-12-01,1972,1699,348,Open
PO_107353,SUP_091,PROD_0203,2024/08/30,2024-09-17,2024-09-22,1915,1907,71,Closed
PO_107354,SUP_071,PROD_0158,2024/06/09,2024-06-15,2024-06-17,300,256,461,Closed
PO_107355,SUP_014,PROD_0064,22-08-2024,2024-09-07,2024-09-09,636,575,364,Closed
PO_107356,SUP_148,PROD_0126,28-10-2024,2024-11-12,2024-11-09,592,551,362,Delayed
PO_107357,SUP_008,PROD_0138,25-04-2024,2024-05-09,2024-05-06,416,397,488,Open
PO_107358,SUP_049,PROD_0157,19-10-2024,2024-10-25,2024-10-26,896,815,53,Closed
PO_107359,SUP_051,PROD_0159,2024/11/13,2024-12-01,2024-12-04,1875,1656,263,Open
PO_107360,SUP_049,PROD_0295,11-07-2024,2024-07-17,2024-07-19,1620,1387,205,Open
PO_107361,SUP_057,PROD_0099,2024/07/02,2024-07-17,2024-07-18,493,429,253,Delayed
PO_107362,SUP_184,PROD_0024,2024/11/16,2024-11-27,2024-11-25,1529,1441,119,Closed
PO_107363,SUP_187,PROD_0281,01-03-2024,2024-03-07,2024-03-07,1211,1035,290,Closed
PO_107364,SUP_025,PROD_0293,2024/08/16,2024-09-05,2024-09-10,1331,1307,441,Open
PO_107365,SUP_111,PROD_0261,2024/10/09,2024-10-28,2024-10-25,1520,1461,253,Delayed
PO_107366,SUP_153,PROD_0278,01-06-2024,2024-06-12,2024-06-12,281,251,261,Closed
PO_107367,SUP_156,PROD_0023,2024/09/29,2024-10-06,2024-10-05,1104,965,111,Open
PO_107368,SUP_097,PROD_0265,28-01-2024,2024-02-13,2024-02-14,508,507,345,Delayed
PO_107369,SUP_152,PROD_0163,15-05-2024,2024-06-04,2024-06-04,1155,1035,488,Open
PO_107370,SUP_087,PROD_0119,2024/04/01,2024-04-17,2024-04-22,125,117,86,Delayed
PO_107371,SUP_047,PROD_0116,24-05-2024,2024-06-11,2024-06-10,1872,1609,49,Closed
PO_107372,SUP_103,PROD_0031,2024/01/06,2024-01-14,2024-01-20,377,374,234,Closed
PO_107373,SUP_094,PROD_0182,2024/09/08,2024-09-20,2024-09-25,826,708,205,Open
PO_107374,SUP_024,PROD_0155,2024/02/18,2024-02-25,2024-02-29,1837,1642,386,Open
PO_107375,SUP_123,PROD_0002,02-08-2024,2024-08-11,2024-08-12,726,722,156,Open
PO_107376,SUP_162,PROD_0092,18-11-2024,2024-11-25,2024-11-23,132,132,296,Open
PO_107377,SUP_123,PROD_0133,2024/05/21,2024-05-29,2024-05-29,1998,1967,204,Delayed
PO_107378,SUP_087,PROD_0110,02-07-2024,2024-07-19,2024-07-20,386,333,230,Open
PO_107379,SUP_045,PROD_0184,07-09-2024,2024-09-14,2024-09-11,842,819,437,Open
PO_107380,SUP_050,PROD_0158,2024/07/16,2024-07-28,2024-07-28,1117,1088,141,Delayed
PO_107381,SUP_193,PROD_0016,2024/11/07,2024-11-14,2024-11-20,223,190,52,Closed
PO_107382,SUP_034,PROD_0231,08-05-2024,2024-05-18,2024-05-15,1971,1911,444,Open
PO_107383,SUP_150,PROD_0190,15-01-2024,2024-02-01,2024-02-04,1902,1857,108,Delayed
PO_107384,SUP_129,PROD_0160,29-08-2024,2024-09-12,2024-09-13,327,309,89,Open
PO_107385,SUP_125,PROD_0130,2024/03/30,2024-04-06,2024-04-10,1604,1559,129,Delayed
PO_107386,SUP_074,PROD_0243,2024/03/17,2024-03-24,2024-03-30,624,601,68,Delayed
PO_107387,SUP_018,PROD_0214,15-10-2024,2024-10-22,2024-10-22,985,971,285,Open
PO_107388,SUP_136,PROD_0065,28-10-2024,2024-11-04,2024-11-03,886,868,486,Delayed
PO_107389,SUP_089,PROD_0002,2024/06/06,2024-06-13,2024-06-14,817,769,370,Open
PO_107390,SUP_134,PROD_0245,2024/05/02,2024-05-13,2024-05-13,1926,1660,63,Closed
PO_107391,SUP_140,PROD_0185,2024/09/20,2024-09-30,2024-10-01,1822,1627,127,Open
PO_107392,SUP_072,PROD_0157,2024/01/31,2024-02-14,2024-02-20,1013,939,361,Open
PO_107393,SUP_111,PROD_0174,17-04-2024,2024-05-01,2024-05-04,634,610,286,Closed
PO_107394,SUP_096,PROD_0066,2024/05/07,2024-05-15,2024-05-13,129,114,76,Delayed
PO_107395,SUP_139,PROD_0273,2024/02/07,2024-02-14,2024-02-16,1908,1657,426,Closed
PO_107396,SUP_131,PROD_0283,10-04-2024,2024-04-28,2024-05-03,1178,1045,250,Closed
PO_107397,SUP_150,PROD_0169,16-03-2024,2024-03-28,2024-03-30,307,305,76,Closed
PO_107398,SUP_093,PROD_0231,2024/03/29,2024-04-13,2024-04-14,1278,1090,389,Closed
PO_107399,SUP_023,PROD_0110,10-02-2024,2024-03-01,2024-03-04,1217,1074,377,Open
PO_107400,SUP_075,PROD_0041,2024/08/28,2024-09-03,2024-09-07,485,447,69,Closed
PO_107401,SUP_175,PROD_0141,2024/04/24,2024-05-13,2024-05-15,997,942,181,Delayed
PO_107402,SUP_018,PROD_0209,03-03-2024,2024-03-22,2024-03-22,1651,1489,368,Delayed
PO_107403,SUP_096,PROD_0289,2024/05/14,2024-06-02,2024-06-05,855,744,269,Open
PO_107404,SUP_113,PROD_0075,2024/07/19,2024-08-04,2024-08-06,1402,1391,384,Delayed
PO_107405,SUP_014,PROD_0059,17-07-2024,2024-07-30,2024-07-29,256,247,433,Closed
PO_107406,SUP_033,PROD_0146,2024/06/04,2024-06-24,2024-06-23,1902,1785,128,Closed
PO_107407,SUP_075,PROD_0051,20-02-2024,2024-03-08,2024-03-10,266,261,236,Delayed
PO_107408,SUP_084,PROD_0116,08-01-2024,2024-01-23,2024-01-24,1852,1839,45,Delayed
PO_107409,SUP_120,PROD_0204,2024/01/07,2024-01-20,2024-01-19,138,120,439,Delayed
PO_107410,SUP_152,PROD_0219,2024/11/10,2024-11-16,2024-11-22,1048,974,342,Delayed
PO_107411,SUP_128,PROD_0012,2024/10/21,2024-10-28,2024-10-28,306,302,93,Delayed
PO_107412,SUP_175,PROD_0062,2024/08/23,2024-08-30,2024-09-01,1016,971,173,Open
PO_107413,SUP_148,PROD_0270,04-02-2024,2024-02-22,2024-02-24,987,948,281,Open
PO_107414,SUP_006,PROD_0104,2024/09/09,2024-09-24,2024-09-22,1598,1500,257,Open
PO_107415,SUP_017,PROD_0173,2024/03/15,2024-03-31,2024-04-04,1353,1223,193,Delayed
PO_107416,SUP_143,PROD_0175,2024/02/12,2024-02-28,2024-02-25,917,801,303,Closed
PO_107417,SUP_126,PROD_0274,2024/10/05,2024-10-12,2024-10-10,879,872,387,Closed
PO_107418,SUP_065,PROD_0207,19-05-2024,2024-05-25,2024-05-30,1686,1654,204,Open
PO_107419,SUP_098,PROD_0293,2024/08/19,2024-09-04,2024-09-08,1449,1312,91,Open
PO_107420,SUP_195,PROD_0148,2024/01/13,2024-01-22,2024-01-22,292,259,440,Delayed
PO_107421,SUP_151,PROD_0177,2024/07/16,2024-07-27,2024-08-02,1439,1341,438,Closed
PO_107422,SUP_141,PROD_0150,22-04-2024,2024-05-08,2024-05-12,144,133,63,Closed
PO_107423,SUP_016,PROD_0090,2024/11/16,2024-11-25,2024-11-24,1599,1415,178,Delayed
PO_107424,SUP_076,PROD_0239,15-08-2024,2024-08-26,2024-08-23,515,487,315,Closed
PO_107425,SUP_048,PROD_0217,2024/05/20,2024-05-25,2024-05-31,911,810,487,Delayed
PO_107426,SUP_183,PROD_0183,2024/03/23,2024-04-01,2024-04-03,1698,1546,330,Open
PO_107427,SUP_141,PROD_0185,2024/08/06,2024-08-16,2024-08-14,1855,1678,42,Closed
PO_107428,SUP_011,PROD_0222,2024/08/15,2024-08-24,2024-08-28,1742,1683,109,Open
PO_107429,SUP_148,PROD_0255,07-07-2024,2024-07-20,2024-07-26,1426,1266,47,Closed
PO_107430,SUP_066,PROD_0192,03-05-2024,2024-05-22,2024-05-24,1464,1445,163,Delayed
PO_107431,SUP_036,PROD_0289,2024/02/01,2024-02-12,2024-02-09,1570,1400,245,Delayed
PO_107432,SUP_125,PROD_0077,2024/03/03,2024-03-22,2024-03-19,669,642,336,Open
PO_107433,SUP_018,PROD_0220,2024/03/10,2024-03-29,2024-04-04,1666,1648,83,Closed
PO_107434,SUP_038,PROD_0001,2024/08/19,2024-08-24,2024-08-21,651,574,426,Delayed
PO_107435,SUP_125,PROD_0002,2024/09/28,2024-10-08,2024-10-08,1284,1234,266,Open
PO_107436,SUP_191,PROD_0154,31-08-2024,2024-09-06,2024-09-04,747,721,381,Closed
PO_107437,SUP_033,PROD_0294,2024/05/16,2024-05-30,2024-05-30,278,249,62,Closed
PO_107438,SUP_068,PROD_0019,2024/02/18,2024-02-23,2024-02-23,927,796,281,Delayed
PO_107439,SUP_151,PROD_0264,04-04-2024,2024-04-19,2024-04-20,401,353,294,Closed
PO_107440,SUP_049,PROD_0016,2024/12/20,2024-12-28,2025-01-02,224,219,161,Closed
PO_107441,SUP_089,PROD_0013,2024/06/03,2024-06-14,2024-06-11,776,760,422,Delayed
PO_107442,SUP_182,PROD_0204,2024/03/08,2024-03-28,2024-03-30,1504,1410,494,Open
PO_107443,SUP_175,PROD_0154,2024/10/10,2024-10-18,2024-10-24,1110,1049,183,Delayed
PO_107444,SUP_044,PROD_0276,12-08-2024,2024-08-25,2024-08-30,1902,1820,119,Open
PO_107445,SUP_119,PROD_0048,25-03-2024,2024-04-09,2024-04-06,720,701,248,Delayed
PO_107446,SUP_140,PROD_0279,24-12-2024,2025-01-13,2025-01-14,384,383,238,Open
PO_107447,SUP_070,PROD_0177,2024/01/28,2024-02-15,2024-02-18,1725,1479,83,Closed
PO_107448,SUP_164,PROD_0139,05-02-2024,2024-02-23,2024-02-20,1759,1553,91,Delayed
PO_107449,SUP_190,PROD_0052,23-02-2024,2024-03-02,2024-03-05,208,177,273,Delayed
PO_107450,SUP_144,PROD_0139,23-07-2024,2024-08-02,2024-08-05,1602,1481,132,Closed
PO_107451,SUP_080,PROD_0035,10-01-2024,2024-01-20,2024-01-17,877,753,139,Delayed
PO_107452,SUP_192,PROD_0153,2024/03/07,2024-03-20,2024-03-21,539,458,133,Delayed
PO_107453,SUP_147,PROD_0202,25-06-2024,2024-07-13,2024-07-18,1537,1496,239,Closed
PO_107454,SUP_195,PROD_0235,2024/12/28,2025-01-17,2025-01-16,1670,1651,181,Closed
PO_107455,SUP_126,PROD_0019,2024/09/08,2024-09-19,2024-09-17,1174,1108,481,Closed
PO_107456,SUP_073,PROD_0148,07-06-2024,2024-06-20,2024-06-23,391,378,48,Open
PO_107457,SUP_175,PROD_0245,2024/08/31,2024-09-07,2024-09-13,1379,1223,79,Open
PO_107458,SUP_026,PROD_0143,2024/12/23,2025-01-01,2024-12-30,620,530,114,Open
PO_107459,SUP_080,PROD_0068,01-12-2024,2024-12-08,2024-12-08,994,846,379,Open
PO_107460,SUP_075,PROD_0089,2024/01/30,2024-02-10,2024-02-15,1763,1734,153,Closed
PO_107461,SUP_171,PROD_0153,22-04-2024,2024-05-05,2024-05-04,709,687,290,Delayed
PO_107462,SUP_114,PROD_0050,18-10-2024,2024-10-27,2024-10-26,1801,1745,105,Delayed
PO_107463,SUP_181,PROD_0293,2024/05/28,2024-06-03,2024-05-31,673,618,475,Closed
PO_107464,SUP_181,PROD_0187,14-05-2024,2024-05-22,2024-05-23,554,524,366,Open
PO_107465,SUP_129,PROD_0022,28-07-2024,2024-08-14,2024-08-14,1336,1158,286,Closed
PO_107466,SUP_127,PROD_0183,2024/01/23,2024-02-09,2024-02-09,593,585,221,Delayed
PO_107467,SUP_104,PROD_0236,09-11-2024,2024-11-29,2024-12-05,659,605,345,Open
PO_107468,SUP_113,PROD_0131,23-05-2024,2024-06-09,2024-06-12,1115,1094,233,Delayed
PO_107469,SUP_150,PROD_0143,17-02-2024,2024-02-29,2024-03-01,1538,1310,301,Closed
PO_107470,SUP_180,PROD_0131,26-03-2024,2024-04-09,2024-04-08,430,410,96,Closed
PO_107471,SUP_035,PROD_0062,2024/12/25,2025-01-03,2025-01-04,1577,1418,186,Open
PO_107472,SUP_081,PROD_0022,2024/02/18,2024-02-23,2024-02-20,681,584,332,Open
PO_107473,SUP_020,PROD_0150,14-09-2024,2024-09-22,2024-09-28,1248,1162,138,Delayed
PO_107474,SUP_059,PROD_0247,2024/01/30,2024-02-14,2024-02-20,1464,1349,83,Open
PO_107475,SUP_118,PROD_0276,14-04-2024,2024-05-03,2024-05-09,1639,1448,56,Open
PO_107476,SUP_152,PROD_0170,16-02-2024,2024-02-21,2024-02-26,201,173,294,Delayed
PO_107477,SUP_111,PROD_0141,18-04-2024,2024-05-03,2024-05-04,1949,1675,230,Closed
PO_107478,SUP_012,PROD_0288,2024/12/23,2025-01-06,2025-01-05,1591,1437,116,Delayed
PO_107479,SUP_194,PROD_0050,13-06-2024,2024-06-18,2024-06-18,1720,1646,91,Open
PO_107480,SUP_095,PROD_0293,2024/10/20,2024-11-05,2024-11-11,1357,1351,472,Closed
PO_107481,SUP_101,PROD_0174,17-05-2024,2024-05-24,2024-05-30,1522,1375,264,Closed
PO_107482,SUP_121,PROD_0001,13-07-2024,2024-07-19,2024-07-17,1217,1086,84,Closed
PO_107483,SUP_138,PROD_0103,07-10-2024,2024-10-13,2024-10-13,409,372,395,Closed
PO_107484,SUP_019,PROD_0215,2024/05/26,2024-06-08,2024-06-14,348,316,280,Closed
PO_107485,SUP_076,PROD_0210,2024/06/08,2024-06-16,2024-06-14,303,292,482,Open
PO_107486,SUP_004,PROD_0089,01-04-2024,2024-04-18,2024-04-16,342,297,292,Open
PO_107487,SUP_084,PROD_0300,16-04-2024,2024-04-29,2024-05-01,185,176,482,Open
PO_107488,SUP_031,PROD_0104,24-08-2024,2024-09-05,2024-09-03,507,439,380,Delayed
PO_107489,SUP_098,PROD_0199,2024/04/04,2024-04-18,2024-04-18,622,544,402,Delayed
PO_107490,SUP_152,PROD_0142,26-02-2024,2024-03-08,2024-03-11,465,428,80,Closed
PO_107491,SUP_029,PROD_0068,15-07-2024,2024-07-20,2024-07-18,1819,1550,189,Open
PO_107492,SUP_116,PROD_0191,10-10-2024,2024-10-23,2024-10-29,1242,1111,184,Delayed
PO_107493,SUP_028,PROD_0104,12-04-2024,2024-04-30,2024-04-27,157,154,285,Closed
PO_107494,SUP_160,PROD_0141,2024/07/08,2024-07-20,2024-07-20,1521,1308,165,Open
PO_107495,SUP_170,PROD_0180,28-06-2024,2024-07-06,2024-07-11,160,148,384,Open
PO_107496,SUP_062,PROD_0260,2024/10/01,2024-10-10,2024-10-12,771,709,173,Delayed
PO_107497,SUP_088,PROD_0267,2024/07/11,2024-07-18,2024-07-17,506,492,496,Delayed
PO_107498,SUP_180,PROD_0032,02-01-2024,2024-01-17,2024-01-14,1081,1041,455,Closed
PO_107499,SUP_064,PROD_0199,2024/10/16,2024-10-29,2024-11-03,742,684,237,Open
PO_107500,SUP_190,PROD_0208,2024/08/14,2024-08-25,2024-08-23,1969,1764,149,Delayed
PO_107501,SUP_086,PROD_0158,2024/09/22,2024-10-09,2024-10-09,518,502,318,Closed
PO_107502,SUP_182,PROD_0184,01-03-2024,2024-03-08,2024-03-07,271,268,187,Delayed
PO_107503,SUP_044,PROD_0263,2024/04/07,2024-04-19,2024-04-25,631,631,122,Closed
PO_107504,SUP_160,PROD_0196,29-09-2024,2024-10-07,2024-10-09,1911,1631,253,Open
PO_107505,SUP_118,PROD_0238,28-01-2024,2024-02-07,2024-02-12,1447,1233,277,Open
PO_107506,SUP_041,PROD_0080,23-05-2024,2024-05-30,2024-05-30,590,535,212,Delayed
PO_107507,SUP_104,PROD_0280,2024/05/25,2024-06-03,2024-06-03,1923,1898,206,Open
PO_107508,SUP_160,PROD_0200,2024/04/20,2024-05-02,2024-05-08,1737,1489,154,Open
PO_107509,SUP_059,PROD_0057,2024/12/24,2025-01-02,2025-01-05,502,502,317,Closed
PO_107510,SUP_176,PROD_0242,2024/10/26,2024-11-09,2024-11-13,1989,1832,397,Open
PO_107511,SUP_004,PROD_0099,2024/05/11,2024-05-27,2024-05-30,1567,1500,388,Closed
PO_107512,SUP_150,PROD_0094,28-11-2024,2024-12-16,2024-12-21,1936,1888,462,Delayed
PO_107513,SUP_156,PROD_0212,2024/11/01,2024-11-15,2024-11-20,333,301,459,Open
PO_107514,SUP_187,PROD_0178,2024/05/25,2024-06-03,2024-06-07,1114,1100,103,Closed
PO_107515,SUP_186,PROD_0117,20-11-2024,2024-11-28,2024-12-04,1634,1490,340,Open
PO_107516,SUP_139,PROD_0258,07-06-2024,2024-06-26,2024-06-30,429,400,336,Open
PO_107517,SUP_143,PROD_0091,2024/01/23,2024-01-31,2024-02-01,1015,912,439,Closed
PO_107518,SUP_132,PROD_0280,16-12-2024,2025-01-02,2024-12-31,1066,940,372,Delayed
PO_107519,SUP_114,PROD_0061,05-12-2024,2024-12-18,2024-12-19,1974,1936,415,Closed
PO_107520,SUP_139,PROD_0290,2024/05/15,2024-05-31,2024-06-02,1353,1245,86,Closed
PO_107521,SUP_164,PROD_0158,2024/03/23,2024-03-31,2024-04-04,1948,1882,196,Open
PO_107522,SUP_056,PROD_0241,2024/08/04,2024-08-16,2024-08-19,800,683,103,Open
PO_107523,SUP_032,PROD_0084,22-08-2024,2024-08-28,2024-08-27,494,465,482,Closed
PO_107524,SUP_057,PROD_0189,11-07-2024,2024-07-21,2024-07-19,1600,1491,110,Closed
PO_107525,SUP_175,PROD_0222,03-05-2024,2024-05-22,2024-05-28,1453,1397,209,Closed
PO_107526,SUP_093,PROD_0260,25-12-2024,2025-01-07,2025-01-09,406,381,175,Open
PO_107527,SUP_146,PROD_0263,2024/03/29,2024-04-10,2024-04-12,1319,1253,72,Open
PO_107528,SUP_124,PROD_0018,2024/07/02,2024-07-12,2024-07-11,1329,1175,119,Open
PO_107529,SUP_081,PROD_0146,18-11-2024,2024-12-02,2024-12-04,1247,1093,454,Closed
PO_107530,SUP_116,PROD_0092,2024/01/20,2024-02-04,2024-02-05,1592,1568,297,Delayed
PO_107531,SUP_175,PROD_0289,2024/02/26,2024-03-07,2024-03-13,1132,1064,376,Open
PO_107532,SUP_117,PROD_0015,2024/05/02,2024-05-14,2024-05-16,1484,1477,482,Delayed
PO_107533,SUP_020,PROD_0226,07-08-2024,2024-08-18,2024-08-17,522,453,66,Delayed
PO_107534,SUP_153,PROD_0192,30-06-2024,2024-07-16,2024-07-20,1727,1528,260,Open
PO_107535,SUP_163,PROD_0243,2024/07/30,2024-08-08,2024-08-06,1893,1747,218,Delayed
PO_107536,SUP_061,PROD_0009,11-07-2024,2024-07-22,2024-07-26,678,603,458,Open
PO_107537,SUP_033,PROD_0198,2024/07/20,2024-08-01,2024-08-06,975,958,381,Open
PO_107538,SUP_006,PROD_0171,2024/02/29,2024-03-19,2024-03-21,1129,1016,172,Closed
PO_107539,SUP_130,PROD_0264,29-09-2024,2024-10-17,2024-10-19,1218,1198,206,Open
PO_107540,SUP_107,PROD_0030,18-07-2024,2024-07-26,2024-07-30,421,358,276,Closed
PO_107541,SUP_143,PROD_0089,2024/05/30,2024-06-06,2024-06-03,1661,1616,231,Delayed
PO_107542,SUP_151,PROD_0138,18-08-2024,2024-08-23,2024-08-23,863,846,85,Open
PO_107543,SUP_069,PROD_0133,22-06-2024,2024-06-27,2024-06-24,1336,1147,284,Delayed
PO_107544,SUP_074,PROD_0215,30-08-2024,2024-09-06,2024-09-05,1493,1296,204,Closed
PO_107545,SUP_162,PROD_0016,2024/06/15,2024-06-30,2024-07-02,473,419,467,Open
PO_107546,SUP_030,PROD_0118,2024/10/13,2024-10-23,2024-10-20,332,283,225,Delayed
PO_107547,SUP_197,PROD_0223,29-11-2024,2024-12-11,2024-12-17,818,776,137,Delayed
PO_107548,SUP_194,PROD_0106,14-06-2024,2024-06-22,2024-06-24,1746,1618,105,Open
PO_107549,SUP_020,PROD_0112,2024/01/29,2024-02-16,2024-02-13,1507,1404,448,Open
PO_107550,SUP_016,PROD_0197,2024/07/15,2024-08-03,2024-07-31,1446,1424,487,Closed
PO_107551,SUP_108,PROD_0149,07-08-2024,2024-08-13,2024-08-15,1568,1339,488,Open
PO_107552,SUP_071,PROD_0012,2024/02/18,2024-02-25,2024-03-01,569,495,131,Delayed
PO_107553,SUP_052,PROD_0265,30-05-2024,2024-06-12,2024-06-09,1030,1019,357,Closed
PO_107554,SUP_075,PROD_0222,2024/06/13,2024-06-25,2024-06-23,1030,902,137,Open
PO_107555,SUP_021,PROD_0035,2024/12/08,2024-12-24,2024-12-23,417,385,188,Open
PO_107556,SUP_188,PROD_0282,10-02-2024,2024-02-24,2024-02-29,1786,1586,93,Open
PO_107557,SUP_138,PROD_0105,08-07-2024,2024-07-20,2024-07-22,1402,1376,129,Delayed
PO_107558,SUP_184,PROD_0210,11-11-2024,2024-11-29,2024-12-04,1218,1191,205,Open
PO_107559,SUP_014,PROD_0111,15-06-2024,2024-07-02,2024-07-07,1388,1199,474,Delayed
PO_107560,SUP_145,PROD_0054,10-07-2024,2024-07-30,2024-08-05,1463,1289,341,Delayed
PO_107561,SUP_199,PROD_0131,2024/05/04,2024-05-17,2024-05-18,1776,1620,451,Closed
PO_107562,SUP_068,PROD_0129,2024/08/25,2024-09-08,2024-09-10,1030,1027,479,Delayed
PO_107563,SUP_122,PROD_0059,2024/02/01,2024-02-11,2024-02-11,219,205,285,Delayed
PO_107564,SUP_143,PROD_0217,2024/07/16,2024-07-31,2024-07-28,1438,1225,385,Closed
PO_107565,SUP_018,PROD_0017,2024/02/09,2024-02-21,2024-02-25,936,925,467,Closed
PO_107566,SUP_029,PROD_0023,06-10-2024,2024-10-14,2024-10-14,1068,979,310,Open
PO_107567,SUP_081,PROD_0118,02-01-2024,2024-01-15,2024-01-16,1529,1497,443,Delayed
PO_107568,SUP_178,PROD_0033,09-03-2024,2024-03-25,2024-03-28,1062,1046,108,Delayed
PO_107569,SUP_186,PROD_0068,18-06-2024,2024-06-25,2024-06-23,115,109,330,Open
PO_107570,SUP_077,PROD_0223,25-09-2024,2024-10-04,2024-10-02,932,836,214,Delayed
PO_107571,SUP_134,PROD_0242,2024/01/06,2024-01-11,2024-01-08,1191,1176,302,Open
PO_107572,SUP_043,PROD_0082,2024/06/01,2024-06-09,2024-06-10,591,524,274,Delayed
PO_107573,SUP_176,PROD_0098,2024/07/07,2024-07-22,2024-07-25,1715,1497,336,Open
PO_107574,SUP_185,PROD_0023,2024/10/15,2024-10-27,2024-10-29,688,676,314,Open
PO_107575,SUP_183,PROD_0037,2024/04/12,2024-04-21,2024-04-25,952,819,481,Closed
PO_107576,SUP_044,PROD_0164,17-08-2024,2024-09-06,2024-09-10,605,602,85,Closed
PO_107577,SUP_140,PROD_0161,20-08-2024,2024-09-04,2024-09-10,549,480,146,Delayed
PO_107578,SUP_006,PROD_0254,26-06-2024,2024-07-03,2024-07-04,1276,1151,180,Open
PO_107579,SUP_134,PROD_0275,2024/08/30,2024-09-08,2024-09-08,1303,1127,274,Closed
PO_107580,SUP_113,PROD_0194,2024/09/25,2024-10-04,2024-10-02,1649,1619,423,Delayed
PO_107581,SUP_138,PROD_0238,2024/01/17,2024-02-01,2024-02-07,1985,1710,226,Open
PO_107582,SUP_105,PROD_0209,2024/03/14,2024-03-30,2024-03-30,1517,1411,264,Delayed
PO_107583,SUP_098,PROD_0016,2024/05/07,2024-05-16,2024-05-18,1918,1878,178,Closed
PO_107584,SUP_033,PROD_0108,31-03-2024,2024-04-20,2024-04-20,1641,1534,447,Closed
PO_107585,SUP_190,PROD_0224,03-07-2024,2024-07-22,2024-07-20,419,379,99,Delayed
PO_107586,SUP_123,PROD_0118,2024/07/15,2024-08-01,2024-08-06,1391,1249,433,Closed
PO_107587,SUP_190,PROD_0150,2024/09/25,2024-10-01,2024-10-02,448,417,243,Open
PO_107588,SUP_130,PROD_0123,02-01-2024,2024-01-19,2024-01-24,1179,1039,334,Closed
PO_107589,SUP_072,PROD_0153,15-11-2024,2024-11-22,2024-11-22,486,429,415,Closed
PO_107590,SUP_089,PROD_0214,2024/09/01,2024-09-16,2024-09-16,713,638,393,Open
PO_107591,SUP_199,PROD_0159,08-01-2024,2024-01-22,2024-01-23,949,880,126,Closed
PO_107592,SUP_185,PROD_0198,2024/07/26,2024-08-06,2024-08-04,969,896,411,Closed
PO_107593,SUP_151,PROD_0009,06-09-2024,2024-09-12,2024-09-09,227,208,153,Open
PO_107594,SUP_109,PROD_0203,2024/05/16,2024-05-25,2024-05-23,371,316,423,Open
PO_107595,SUP_002,PROD_0068,11-12-2024,2024-12-16,2024-12-21,1671,1605,206,Delayed
PO_107596,SUP_129,PROD_0006,2024/12/07,2024-12-15,2024-12-19,206,203,296,Closed
PO_107597,SUP_194,PROD_0288,21-05-2024,2024-05-30,2024-05-27,1077,1028,208,Open
PO_107598,SUP_101,PROD_0228,15-03-2024,2024-03-24,2024-03-27,1809,1652,346,Open
PO_107599,SUP_016,PROD_0046,13-11-2024,2024-11-28,2024-12-03,1526,1485,442,Open
PO_107600,SUP_083,PROD_0139,2024/12/31,2025-01-06,2025-01-03,1183,1152,230,Closed
PO_107601,SUP_128,PROD_0300,30-12-2024,2025-01-13,2025-01-16,817,715,74,Closed
PO_107602,SUP_082,PROD_0073,2024/03/14,2024-04-02,2024-03-31,1573,1440,348,Closed
PO_107603,SUP_150,PROD_0221,04-09-2024,2024-09-12,2024-09-17,958,943,280,Closed
PO_107604,SUP_198,PROD_0224,2024/12/23,2025-01-12,2025-01-11,1906,1750,53,Delayed
PO_107605,SUP_035,PROD_0167,29-11-2024,2024-12-14,2024-12-15,1047,1030,80,Closed
PO_107606,SUP_059,PROD_0010,2024/12/24,2025-01-11,2025-01-11,619,530,323,Open
PO_107607,SUP_165,PROD_0201,2024/12/14,2024-12-26,2024-12-29,1899,1672,113,Delayed
PO_107608,SUP_088,PROD_0285,19-06-2024,2024-07-01,2024-07-07,1867,1627,386,Delayed
PO_107609,SUP_110,PROD_0194,12-09-2024,2024-09-29,2024-09-28,1980,1730,184,Closed
PO_107610,SUP_089,PROD_0260,02-02-2024,2024-02-08,2024-02-11,1505,1498,399,Closed
PO_107611,SUP_147,PROD_0278,2024/07/11,2024-07-18,2024-07-23,1354,1260,143,Open
PO_107612,SUP_005,PROD_0040,08-04-2024,2024-04-26,2024-04-29,1684,1572,97,Closed
PO_107613,SUP_059,PROD_0238,14-10-2024,2024-11-03,2024-11-08,843,793,487,Delayed
PO_107614,SUP_043,PROD_0199,13-04-2024,2024-04-30,2024-04-28,462,404,213,Delayed
PO_107615,SUP_183,PROD_0082,04-11-2024,2024-11-11,2024-11-10,738,635,72,Closed
PO_107616,SUP_012,PROD_0198,11-02-2024,2024-02-23,2024-02-23,1218,1044,272,Closed
PO_107617,SUP_178,PROD_0184,2024/11/28,2024-12-08,2024-12-13,1307,1228,267,Closed
PO_107618,SUP_162,PROD_0152,2024/08/27,2024-09-15,2024-09-17,992,869,419,Closed
PO_107619,SUP_198,PROD_0173,08-10-2024,2024-10-22,2024-10-24,382,362,56,Open
PO_107620,SUP_178,PROD_0041,2024/01/04,2024-01-15,2024-01-19,889,804,174,Closed
PO_107621,SUP_035,PROD_0192,2024/01/12,2024-01-25,2024-01-27,839,754,119,Open
PO_107622,SUP_019,PROD_0133,14-11-2024,2024-11-27,2024-11-26,446,390,300,Closed
PO_107623,SUP_199,PROD_0221,19-07-2024,2024-07-30,2024-07-29,819,805,491,Closed
PO_107624,SUP_090,PROD_0219,30-04-2024,2024-05-11,2024-05-11,1999,1749,374,Delayed
PO_107625,SUP_063,PROD_0253,2024/04/26,2024-05-04,2024-05-02,353,308,383,Closed
PO_107626,SUP_131,PROD_0093,2024/12/22,2025-01-09,2025-01-13,1568,1522,392,Closed
PO_107627,SUP_031,PROD_0040,18-04-2024,2024-05-04,2024-05-03,1615,1398,117,Delayed
PO_107628,SUP_013,PROD_0260,2024/10/26,2024-10-31,2024-11-06,1224,1163,150,Delayed
PO_107629,SUP_017,PROD_0097,2024/10/18,2024-10-29,2024-10-29,523,510,63,Delayed
PO_107630,SUP_006,PROD_0083,05-11-2024,2024-11-12,2024-11-18,1251,1067,455,Delayed
PO_107631,SUP_069,PROD_0121,2024/03/19,2024-04-06,2024-04-11,1402,1243,100,Open
PO_107632,SUP_095,PROD_0259,2024/11/25,2024-12-13,2024-12-12,1210,1171,167,Closed
PO_107633,SUP_129,PROD_0019,2024/07/04,2024-07-23,2024-07-27,1449,1348,459,Open
PO_107634,SUP_108,PROD_0134,11-10-2024,2024-10-31,2024-11-06,205,191,131,Closed
PO_107635,SUP_185,PROD_0196,2024/04/12,2024-04-28,2024-05-04,1184,1075,409,Delayed
PO_107636,SUP_008,PROD_0075,2024/05/19,2024-05-24,2024-05-30,480,413,391,Open
PO_107637,SUP_164,PROD_0135,2024/07/09,2024-07-22,2024-07-21,1730,1488,464,Closed
PO_107638,SUP_054,PROD_0206,2024/06/03,2024-06-22,2024-06-25,1207,1073,335,Delayed
PO_107639,SUP_196,PROD_0261,10-12-2024,2024-12-18,2024-12-20,1934,1835,358,Open
PO_107640,SUP_070,PROD_0276,12-12-2024,2024-12-20,2024-12-21,210,194,439,Open
PO_107641,SUP_049,PROD_0089,2024/05/21,2024-06-05,2024-06-05,962,923,272,Closed
PO_107642,SUP_172,PROD_0037,21-04-2024,2024-05-04,2024-05-06,1497,1290,267,Open
PO_107643,SUP_075,PROD_0157,2024/07/02,2024-07-19,2024-07-22,1749,1703,84,Open
PO_107644,SUP_183,PROD_0180,2024/07/10,2024-07-23,2024-07-29,220,217,308,Closed
PO_107645,SUP_004,PROD_0091,26-01-2024,2024-02-15,2024-02-12,886,795,99,Delayed
PO_107646,SUP_090,PROD_0267,19-04-2024,2024-05-04,2024-05-10,955,896,45,Open
PO_107647,SUP_006,PROD_0155,2024/03/29,2024-04-08,2024-04-14,1700,1592,450,Closed
PO_107648,SUP_074,PROD_0274,2024/08/10,2024-08-15,2024-08-16,1193,1182,303,Delayed
PO_107649,SUP_083,PROD_0226,31-12-2024,2025-01-17,2025-01-15,1191,1092,95,Open
PO_107650,SUP_154,PROD_0007,2024/07/25,2024-08-03,2024-08-06,1434,1380,149,Closed
PO_107651,SUP_109,PROD_0182,16-09-2024,2024-10-06,2024-10-06,1427,1369,442,Delayed
PO_107652,SUP_065,PROD_0111,18-01-2024,2024-02-06,2024-02-10,663,587,256,Open
PO_107653,SUP_008,PROD_0057,04-01-2024,2024-01-23,2024-01-20,756,730,213,Delayed
PO_107654,SUP_059,PROD_0046,12-04-2024,2024-04-23,2024-04-23,1770,1744,436,Delayed
PO_107655,SUP_025,PROD_0257,2024/03/09,2024-03-29,2024-03-30,1374,1296,256,Open
PO_107656,SUP_032,PROD_0025,30-04-2024,2024-05-13,2024-05-10,1663,1444,114,Open
PO_107657,SUP_054,PROD_0043,2024/09/23,2024-10-08,2024-10-07,880,759,146,Open
PO_107658,SUP_073,PROD_0215,2024/12/25,2025-01-09,2025-01-13,1070,945,303,Closed
PO_107659,SUP_024,PROD_0266,2024/07/09,2024-07-23,2024-07-22,137,129,423,Open
PO_107660,SUP_078,PROD_0024,18-09-2024,2024-09-28,2024-10-02,437,381,244,Delayed
PO_107661,SUP_113,PROD_0132,2024/10/06,2024-10-13,2024-10-14,1257,1095,264,Delayed
PO_107662,SUP_192,PROD_0053,08-02-2024,2024-02-17,2024-02-21,262,234,371,Closed
PO_107663,SUP_196,PROD_0072,2024/10/29,2024-11-11,2024-11-16,447,438,418,Open
PO_107664,SUP_111,PROD_0120,2024/12/23,2025-01-04,2025-01-05,529,496,447,Open
PO_107665,SUP_072,PROD_0242,23-02-2024,2024-03-11,2024-03-16,1654,1652,140,Closed
PO_107666,SUP_178,PROD_0229,26-08-2024,2024-09-09,2024-09-11,1043,933,96,Open
PO_107667,SUP_177,PROD_0277,15-05-2024,2024-06-03,2024-06-09,1991,1705,143,Open
PO_107668,SUP_027,PROD_0075,07-02-2024,2024-02-16,2024-02-16,489,428,257,Open
PO_107669,SUP_151,PROD_0232,30-06-2024,2024-07-13,2024-07-12,1801,1761,152,Delayed
PO_107670,SUP_180,PROD_0173,25-12-2024,2024-12-30,2024-12-31,1488,1402,92,Delayed
PO_107671,SUP_063,PROD_0189,30-07-2024,2024-08-06,2024-08-06,908,779,178,Open
PO_107672,SUP_087,PROD_0134,04-05-2024,2024-05-13,2024-05-18,1037,1009,271,Open
PO_107673,SUP_176,PROD_0296,2024/01/20,2024-01-25,2024-01-26,407,376,74,Delayed
PO_107674,SUP_174,PROD_0293,22-12-2024,2025-01-06,2025-01-10,934,896,403,Delayed
PO_107675,SUP_145,PROD_0096,2024/08/01,2024-08-18,2024-08-22,1272,1207,144,Delayed
PO_107676,SUP_200,PROD_0253,10-12-2024,2024-12-21,2024-12-24,1407,1343,405,Delayed
PO_107677,SUP_137,PROD_0094,2024/11/01,2024-11-07,2024-11-13,1097,936,416,Open
PO_107678,SUP_028,PROD_0097,2024/12/03,2024-12-15,2024-12-15,1165,1093,76,Closed
PO_107679,SUP_086,PROD_0077,23-05-2024,2024-05-28,2024-06-02,1622,1561,137,Delayed
PO_107680,SUP_083,PROD_0211,2024/07/12,2024-07-25,2024-07-28,1086,972,186,Delayed
PO_107681,SUP_098,PROD_0239,01-04-2024,2024-04-10,2024-04-12,146,140,227,Delayed
PO_107682,SUP_003,PROD_0192,2024/12/04,2024-12-18,2024-12-23,1887,1772,324,Open
PO_107683,SUP_146,PROD_0077,02-09-2024,2024-09-16,2024-09-15,115,104,54,Open
PO_107684,SUP_182,PROD_0146,23-04-2024,2024-05-12,2024-05-10,706,624,482,Delayed
PO_107685,SUP_046,PROD_0140,14-09-2024,2024-09-20,2024-09-18,603,589,408,Closed
PO_107686,SUP_104,PROD_0215,2024/10/01,2024-10-15,2024-10-12,1702,1608,417,Open
PO_107687,SUP_028,PROD_0091,24-04-2024,2024-05-09,2024-05-09,1384,1214,278,Closed
PO_107688,SUP_147,PROD_0279,05-09-2024,2024-09-14,2024-09-12,1788,1543,477,Open
PO_107689,SUP_127,PROD_0019,15-07-2024,2024-07-20,2024-07-19,1972,1794,134,Closed
PO_107690,SUP_049,PROD_0238,2024/11/24,2024-12-01,2024-12-01,1700,1453,472,Closed
PO_107691,SUP_038,PROD_0294,17-07-2024,2024-07-31,2024-07-28,1361,1215,391,Delayed
PO_107692,SUP_049,PROD_0090,2024/07/04,2024-07-19,2024-07-21,180,177,264,Closed
PO_107693,SUP_175,PROD_0063,20-01-2024,2024-01-29,2024-01-28,1740,1591,492,Closed
PO_107694,SUP_169,PROD_0249,17-11-2024,2024-12-04,2024-12-02,100,86,302,Open
PO_107695,SUP_098,PROD_0141,2024/03/03,2024-03-14,2024-03-17,621,539,40,Open
PO_107696,SUP_029,PROD_0115,25-02-2024,2024-03-04,2024-03-09,379,364,133,Delayed
PO_107697,SUP_046,PROD_0100,25-03-2024,2024-04-10,2024-04-07,259,230,53,Delayed
PO_107698,SUP_184,PROD_0277,2024/03/02,2024-03-13,2024-03-19,1283,1170,366,Delayed
PO_107699,SUP_045,PROD_0071,02-03-2024,2024-03-16,2024-03-15,1113,971,159,Delayed
PO_107700,SUP_195,PROD_0044,17-05-2024,2024-05-24,2024-05-27,1836,1733,87,Closed
PO_107701,SUP_129,PROD_0153,2024/12/15,2024-12-24,2024-12-22,100,90,208,Delayed
PO_107702,SUP_083,PROD_0062,03-10-2024,2024-10-10,2024-10-11,1437,1403,482,Delayed
PO_107703,SUP_156,PROD_0276,2024/11/12,2024-11-26,2024-11-24,1379,1194,479,Open
PO_107704,SUP_168,PROD_0053,2024/07/27,2024-08-08,2024-08-05,1461,1268,94,Open
PO_107705,SUP_014,PROD_0041,2024/05/21,2024-06-01,2024-05-30,1766,1650,262,Closed
PO_107706,SUP_105,PROD_0135,2024/01/01,2024-01-15,2024-01-20,1168,1162,110,Open
PO_107707,SUP_049,PROD_0091,2024/07/13,2024-07-22,2024-07-19,1389,1360,53,Open
PO_107708,SUP_145,PROD_0105,2024/04/07,2024-04-25,2024-04-27,397,376,371,Open
PO_107709,SUP_081,PROD_0194,2024/03/07,2024-03-23,2024-03-22,205,196,420,Open
PO_107710,SUP_109,PROD_0228,2024/12/18,2025-01-06,2025-01-12,1567,1546,88,Closed
PO_107711,SUP_005,PROD_0050,13-03-2024,2024-04-01,2024-04-07,736,654,451,Closed
PO_107712,SUP_167,PROD_0085,27-06-2024,2024-07-16,2024-07-15,757,682,448,Delayed
PO_107713,SUP_102,PROD_0285,25-10-2024,2024-11-13,2024-11-10,1038,990,381,Delayed
PO_107714,SUP_148,PROD_0094,2024/09/17,2024-10-07,2024-10-12,1820,1578,263,Delayed
PO_107715,SUP_012,PROD_0138,10-12-2024,2024-12-19,2024-12-18,1212,1033,399,Closed
PO_107716,SUP_134,PROD_0131,2024/07/25,2024-08-01,2024-08-04,1869,1751,239,Delayed
PO_107717,SUP_034,PROD_0085,2024/02/01,2024-02-09,2024-02-11,1731,1646,261,Delayed
PO_107718,SUP_075,PROD_0171,14-05-2024,2024-05-22,2024-05-28,1649,1613,49,Delayed
PO_107719,SUP_122,PROD_0019,08-11-2024,2024-11-18,2024-11-22,1224,1127,73,Delayed
PO_107720,SUP_124,PROD_0075,2024/08/10,2024-08-24,2024-08-30,1688,1582,276,Closed
PO_107721,SUP_063,PROD_0115,28-03-2024,2024-04-14,2024-04-20,1151,1047,88,Open
PO_107722,SUP_157,PROD_0071,25-04-2024,2024-05-06,2024-05-11,709,655,458,Delayed
PO_107723,SUP_046,PROD_0026,2024/08/20,2024-08-31,2024-08-31,341,321,65,Open
PO_107724,SUP_087,PROD_0269,18-12-2024,2024-12-27,2024-12-24,1416,1205,225,Closed
PO_107725,SUP_112,PROD_0183,2024/05/12,2024-05-25,2024-05-22,797,770,315,Delayed
PO_107726,SUP_179,PROD_0125,2024/07/05,2024-07-12,2024-07-18,1769,1679,281,Closed
PO_107727,SUP_180,PROD_0289,2024/05/08,2024-05-22,2024-05-23,1875,1664,485,Delayed
PO_107728,SUP_155,PROD_0045,09-01-2024,2024-01-25,2024-01-26,755,664,227,Delayed
PO_107729,SUP_147,PROD_0146,2024/04/17,2024-04-24,2024-04-22,1751,1638,271,Open
PO_107730,SUP_147,PROD_0172,2024/03/08,2024-03-18,2024-03-23,584,581,112,Delayed
PO_107731,SUP_106,PROD_0113,2024/08/23,2024-09-06,2024-09-05,997,847,500,Open
PO_107732,SUP_078,PROD_0227,2024/11/10,2024-11-25,2024-11-27,147,141,330,Delayed
PO_107733,SUP_140,PROD_0284,11-12-2024,2024-12-28,2024-12-29,237,211,491,Delayed
PO_107734,SUP_145,PROD_0083,2024/12/09,2024-12-16,2024-12-13,1576,1428,212,Closed
PO_107735,SUP_073,PROD_0196,2024/03/25,2024-04-02,2024-03-31,1883,1681,298,Closed
PO_107736,SUP_095,PROD_0200,23-02-2024,2024-03-01,2024-03-04,1928,1752,232,Delayed
PO_107737,SUP_174,PROD_0099,06-08-2024,2024-08-18,2024-08-15,199,175,388,Open
PO_107738,SUP_004,PROD_0235,2024/10/24,2024-10-30,2024-10-28,813,776,242,Delayed
PO_107739,SUP_068,PROD_0200,2024/07/05,2024-07-20,2024-07-23,1261,1257,186,Open
PO_107740,SUP_185,PROD_0197,2024/04/17,2024-05-02,2024-05-08,398,389,393,Closed
PO_107741,SUP_101,PROD_0063,07-07-2024,2024-07-27,2024-07-31,636,594,398,Open
PO_107742,SUP_004,PROD_0204,01-08-2024,2024-08-18,2024-08-20,1947,1762,277,Closed
PO_107743,SUP_030,PROD_0044,15-07-2024,2024-07-31,2024-08-02,1141,983,240,Open
PO_107744,SUP_158,PROD_0095,2024/10/19,2024-11-06,2024-11-10,1268,1148,239,Delayed
PO_107745,SUP_109,PROD_0089,25-11-2024,2024-12-13,2024-12-12,564,543,199,Open
PO_107746,SUP_128,PROD_0146,2024/02/12,2024-02-28,2024-03-02,480,464,405,Open
PO_107747,SUP_180,PROD_0127,18-11-2024,2024-12-02,2024-11-30,1123,1060,417,Delayed
PO_107748,SUP_123,PROD_0197,2024/01/29,2024-02-06,2024-02-03,1062,913,315,Open
PO_107749,SUP_141,PROD_0052,19-04-2024,2024-05-03,2024-05-05,174,160,144,Delayed
PO_107750,SUP_161,PROD_0029,2024/12/05,2024-12-21,2024-12-22,1351,1308,409,Delayed
PO_107751,SUP_142,PROD_0253,20-07-2024,2024-07-28,2024-08-02,1832,1749,199,Closed
PO_107752,SUP_007,PROD_0105,24-09-2024,2024-10-10,2024-10-14,1946,1846,240,Closed
PO_107753,SUP_104,PROD_0092,2024/12/04,2024-12-14,2024-12-15,366,320,315,Open
PO_107754,SUP_192,PROD_0173,20-02-2024,2024-02-29,2024-02-27,1035,990,154,Open
PO_107755,SUP_199,PROD_0023,2024/08/22,2024-09-03,2024-09-09,214,212,233,Closed
PO_107756,SUP_106,PROD_0192,2024/09/11,2024-10-01,2024-09-30,1998,1926,443,Open
PO_107757,SUP_178,PROD_0241,08-02-2024,2024-02-21,2024-02-25,1530,1460,261,Closed
PO_107758,SUP_029,PROD_0066,01-08-2024,2024-08-14,2024-08-11,1938,1747,120,Open
PO_107759,SUP_177,PROD_0135,25-10-2024,2024-11-07,2024-11-09,1588,1501,269,Closed
PO_107760,SUP_109,PROD_0050,2024/08/21,2024-09-08,2024-09-09,1201,1097,407,Delayed
PO_107761,SUP_088,PROD_0245,2024/11/21,2024-11-28,2024-11-25,1284,1222,344,Closed
PO_107762,SUP_126,PROD_0007,2024/10/14,2024-10-26,2024-10-26,1163,1044,366,Delayed
PO_107763,SUP_124,PROD_0005,02-05-2024,2024-05-10,2024-05-12,906,857,431,Closed
PO_107764,SUP_138,PROD_0103,07-05-2024,2024-05-13,2024-05-18,1699,1641,208,Closed
PO_107765,SUP_155,PROD_0187,2024/07/22,2024-08-08,2024-08-07,729,672,356,Delayed
PO_107766,SUP_139,PROD_0226,19-10-2024,2024-10-26,2024-10-24,187,185,471,Open
PO_107767,SUP_008,PROD_0133,2024/09/27,2024-10-14,2024-10-14,1237,1065,394,Open
PO_107768,SUP_165,PROD_0051,17-05-2024,2024-05-25,2024-05-28,252,226,242,Closed
PO_107769,SUP_147,PROD_0215,22-07-2024,2024-08-02,2024-08-04,681,589,309,Delayed
PO_107770,SUP_002,PROD_0162,2024/01/07,2024-01-21,2024-01-26,1710,1697,50,Open
PO_107771,SUP_185,PROD_0028,2024/12/14,2025-01-03,2025-01-05,1185,1050,402,Open
PO_107772,SUP_138,PROD_0073,2024/10/29,2024-11-10,2024-11-15,1041,1001,74,Delayed
PO_107773,SUP_068,PROD_0138,2024/12/18,2024-12-30,2025-01-01,1470,1335,184,Delayed
PO_107774,SUP_052,PROD_0032,12-11-2024,2024-11-17,2024-11-19,1860,1644,416,Delayed
PO_107775,SUP_180,PROD_0181,2024/11/03,2024-11-18,2024-11-17,910,886,78,Delayed
PO_107776,SUP_109,PROD_0117,2024/09/22,2024-10-02,2024-10-03,853,836,415,Closed
PO_107777,SUP_106,PROD_0101,2024/01/25,2024-02-10,2024-02-08,383,378,304,Open
PO_107778,SUP_063,PROD_0101,2024/11/12,2024-11-30,2024-11-30,1900,1716,85,Delayed
PO_107779,SUP_196,PROD_0171,29-06-2024,2024-07-16,2024-07-21,1388,1293,167,Closed
PO_107780,SUP_181,PROD_0125,19-11-2024,2024-11-25,2024-11-23,774,691,386,Closed
PO_107781,SUP_083,PROD_0208,02-03-2024,2024-03-20,2024-03-19,1348,1192,130,Closed
PO_107782,SUP_023,PROD_0089,2024/05/02,2024-05-15,2024-05-15,590,503,229,Open
PO_107783,SUP_164,PROD_0274,06-09-2024,2024-09-20,2024-09-26,363,335,459,Closed
PO_107784,SUP_171,PROD_0262,2024/07/13,2024-07-23,2024-07-28,1352,1263,270,Closed
PO_107785,SUP_084,PROD_0120,2024/03/13,2024-03-26,2024-03-28,922,813,198,Delayed
PO_107786,SUP_123,PROD_0016,2024/01/26,2024-02-15,2024-02-18,1409,1200,339,Delayed
PO_107787,SUP_079,PROD_0136,22-10-2024,2024-11-08,2024-11-05,1224,1098,333,Delayed
PO_107788,SUP_019,PROD_0209,2024/06/14,2024-06-26,2024-06-27,845,746,375,Open
PO_107789,SUP_174,PROD_0042,28-11-2024,2024-12-16,2024-12-16,603,514,239,Delayed
PO_107790,SUP_047,PROD_0098,10-12-2024,2024-12-17,2024-12-17,1503,1282,123,Closed
PO_107791,SUP_059,PROD_0021,23-07-2024,2024-08-12,2024-08-11,975,966,297,Closed
PO_107792,SUP_192,PROD_0140,29-07-2024,2024-08-04,2024-08-04,801,696,54,Closed
PO_107793,SUP_135,PROD_0005,23-07-2024,2024-08-01,2024-08-06,1572,1406,352,Closed
PO_107794,SUP_135,PROD_0286,2024/05/29,2024-06-13,2024-06-11,1387,1366,79,Closed
PO_107795,SUP_064,PROD_0194,2024/10/26,2024-11-05,2024-11-03,1765,1753,73,Delayed
PO_107796,SUP_068,PROD_0198,2024/06/26,2024-07-15,2024-07-15,497,470,450,Open
PO_107797,SUP_007,PROD_0250,07-08-2024,2024-08-24,2024-08-29,363,321,355,Open
PO_107798,SUP_111,PROD_0138,08-01-2024,2024-01-20,2024-01-25,1027,931,447,Delayed
PO_107799,SUP_096,PROD_0231,2024/12/05,2024-12-20,2024-12-17,1174,1004,305,Open
PO_107800,SUP_095,PROD_0263,2024/05/16,2024-05-31,2024-06-02,619,595,123,Open
PO_107801,SUP_060,PROD_0279,2024/11/17,2024-11-30,2024-11-29,299,256,64,Open
PO_107802,SUP_131,PROD_0262,24-05-2024,2024-06-12,2024-06-18,1428,1272,412,Closed
PO_107803,SUP_184,PROD_0240,02-03-2024,2024-03-20,2024-03-17,1964,1857,314,Delayed
PO_107804,SUP_097,PROD_0232,22-04-2024,2024-05-04,2024-05-10,1231,1154,485,Closed
PO_107805,SUP_062,PROD_0211,2024/01/15,2024-01-28,2024-01-27,1081,1003,60,Open
PO_107806,SUP_196,PROD_0264,26-09-2024,2024-10-10,2024-10-10,1496,1436,424,Closed
PO_107807,SUP_162,PROD_0041,06-07-2024,2024-07-17,2024-07-20,573,536,168,Open
PO_107808,SUP_114,PROD_0284,2024/09/14,2024-09-20,2024-09-21,1698,1474,457,Open
PO_107809,SUP_044,PROD_0190,18-11-2024,2024-12-02,2024-12-03,812,755,443,Closed
PO_107810,SUP_067,PROD_0168,2024/05/14,2024-05-22,2024-05-23,1218,1181,43,Closed
PO_107811,SUP_134,PROD_0247,19-02-2024,2024-03-01,2024-02-28,1686,1532,404,Delayed
PO_107812,SUP_022,PROD_0197,2024/07/23,2024-08-05,2024-08-08,234,218,321,Delayed
PO_107813,SUP_142,PROD_0232,12-09-2024,2024-09-19,2024-09-20,312,284,378,Delayed
PO_107814,SUP_034,PROD_0211,01-03-2024,2024-03-06,2024-03-08,921,827,250,Open
PO_107815,SUP_193,PROD_0253,04-08-2024,2024-08-15,2024-08-12,469,467,433,Delayed
PO_107816,SUP_108,PROD_0201,2024/07/31,2024-08-15,2024-08-15,786,726,286,Closed
PO_107817,SUP_029,PROD_0086,2024/08/06,2024-08-11,2024-08-11,1986,1829,114,Open
PO_107818,SUP_157,PROD_0296,14-10-2024,2024-11-01,2024-10-30,833,830,490,Delayed
PO_107819,SUP_154,PROD_0211,01-06-2024,2024-06-14,2024-06-12,1215,1163,387,Closed
PO_107820,SUP_137,PROD_0030,2024/12/19,2024-12-29,2025-01-02,1619,1506,254,Closed
PO_107821,SUP_003,PROD_0085,2024/04/22,2024-05-12,2024-05-10,156,138,231,Closed
PO_107822,SUP_039,PROD_0252,2024/12/19,2024-12-24,2024-12-25,1012,906,402,Closed
PO_107823,SUP_191,PROD_0051,2024/05/19,2024-05-30,2024-06-03,1990,1743,201,Open
PO_107824,SUP_191,PROD_0229,2024/03/09,2024-03-25,2024-03-31,899,780,421,Delayed
PO_107825,SUP_114,PROD_0227,2024/07/07,2024-07-14,2024-07-12,649,610,382,Closed
PO_107826,SUP_051,PROD_0269,2024/07/15,2024-07-26,2024-07-24,1508,1293,201,Delayed
PO_107827,SUP_200,PROD_0057,24-07-2024,2024-08-02,2024-08-06,1147,997,424,Delayed
PO_107828,SUP_184,PROD_0144,20-10-2024,2024-10-27,2024-11-02,437,405,325,Closed
PO_107829,SUP_058,PROD_0171,2024/03/07,2024-03-25,2024-03-22,1468,1416,302,Delayed
PO_107830,SUP_166,PROD_0157,04-10-2024,2024-10-23,2024-10-24,1398,1203,367,Delayed
PO_107831,SUP_195,PROD_0186,10-06-2024,2024-06-24,2024-06-23,1835,1687,40,Delayed
PO_107832,SUP_111,PROD_0232,2024/04/01,2024-04-21,2024-04-24,1996,1857,279,Closed
PO_107833,SUP_088,PROD_0109,23-09-2024,2024-10-11,2024-10-14,1247,1210,304,Closed
PO_107834,SUP_052,PROD_0251,10-12-2024,2024-12-24,2024-12-22,1864,1688,447,Closed
PO_107835,SUP_154,PROD_0154,2024/03/29,2024-04-15,2024-04-16,1819,1704,66,Open
PO_107836,SUP_120,PROD_0120,14-10-2024,2024-10-20,2024-10-19,148,136,306,Delayed
PO_107837,SUP_172,PROD_0260,24-10-2024,2024-11-01,2024-11-07,361,333,87,Open
PO_107838,SUP_111,PROD_0041,26-12-2024,2025-01-08,2025-01-13,1793,1609,424,Closed
PO_107839,SUP_148,PROD_0025,09-06-2024,2024-06-18,2024-06-23,1016,959,54,Closed
PO_107840,SUP_033,PROD_0078,2024/05/26,2024-06-13,2024-06-15,411,371,73,Open
PO_107841,SUP_040,PROD_0080,19-03-2024,2024-04-01,2024-04-02,548,469,276,Open
PO_107842,SUP_164,PROD_0216,2024/08/02,2024-08-18,2024-08-19,851,849,252,Closed
PO_107843,SUP_014,PROD_0290,07-04-2024,2024-04-26,2024-04-23,1000,945,64,Delayed
PO_107844,SUP_186,PROD_0067,2024/07/05,2024-07-25,2024-07-27,578,534,299,Delayed
PO_107845,SUP_122,PROD_0037,2024/08/19,2024-09-01,2024-09-01,1039,1025,87,Open
PO_107846,SUP_185,PROD_0242,22-12-2024,2025-01-08,2025-01-14,318,304,392,Closed
PO_107847,SUP_023,PROD_0185,2024/09/13,2024-10-03,2024-10-05,1976,1960,447,Delayed
PO_107848,SUP_133,PROD_0137,02-03-2024,2024-03-20,2024-03-19,583,502,348,Delayed
PO_107849,SUP_089,PROD_0206,27-11-2024,2024-12-16,2024-12-14,1277,1130,226,Closed
PO_107850,SUP_018,PROD_0293,2024/01/05,2024-01-11,2024-01-08,629,571,289,Closed
PO_107851,SUP_010,PROD_0029,2024/08/10,2024-08-25,2024-08-28,1156,1031,213,Open
PO_107852,SUP_053,PROD_0043,03-01-2024,2024-01-21,2024-01-19,1996,1723,194,Closed
PO_107853,SUP_130,PROD_0100,2024/08/23,2024-09-06,2024-09-05,544,519,281,Delayed
PO_107854,SUP_071,PROD_0242,2024/08/04,2024-08-13,2024-08-13,326,277,410,Closed
PO_107855,SUP_181,PROD_0081,2024/03/15,2024-04-01,2024-03-29,1631,1545,229,Closed
PO_107856,SUP_035,PROD_0027,25-07-2024,2024-08-11,2024-08-17,432,379,498,Closed
PO_107857,SUP_128,PROD_0224,2024/05/28,2024-06-06,2024-06-04,615,551,406,Closed
PO_107858,SUP_005,PROD_0104,16-03-2024,2024-04-02,2024-04-01,1128,988,96,Delayed
PO_107859,SUP_190,PROD_0179,19-07-2024,2024-08-03,2024-08-03,846,766,342,Delayed
PO_107860,SUP_115,PROD_0269,2024/08/07,2024-08-19,2024-08-23,1960,1933,493,Delayed
PO_107861,SUP_032,PROD_0267,2024/09/28,2024-10-07,2024-10-08,778,724,390,Delayed
PO_107862,SUP_039,PROD_0102,2024/02/27,2024-03-09,2024-03-09,1263,1106,101,Delayed
PO_107863,SUP_118,PROD_0164,2024/09/22,2024-10-02,2024-10-02,1367,1239,133,Closed
PO_107864,SUP_073,PROD_0014,14-04-2024,2024-05-04,2024-05-01,862,817,203,Delayed
PO_107865,SUP_029,PROD_0104,01-06-2024,2024-06-21,2024-06-23,820,750,138,Delayed
PO_107866,SUP_165,PROD_0154,21-01-2024,2024-02-10,2024-02-07,1731,1531,475,Open
PO_107867,SUP_121,PROD_0283,2024/12/11,2024-12-19,2024-12-16,1513,1403,280,Delayed
PO_107868,SUP_177,PROD_0196,2024/10/16,2024-11-03,2024-11-07,1637,1625,222,Closed
PO_107869,SUP_156,PROD_0145,01-01-2024,2024-01-14,2024-01-16,1637,1426,195,Open
PO_107870,SUP_102,PROD_0295,08-07-2024,2024-07-20,2024-07-24,539,502,272,Closed
PO_107871,SUP_122,PROD_0062,2024/08/18,2024-08-27,2024-08-28,739,648,180,Closed
PO_107872,SUP_062,PROD_0214,2024/07/12,2024-07-27,2024-07-25,694,665,372,Closed
PO_107873,SUP_089,PROD_0262,24-01-2024,2024-01-30,2024-02-05,297,275,437,Closed
PO_107874,SUP_131,PROD_0295,2024/06/08,2024-06-14,2024-06-13,1331,1221,288,Closed
PO_107875,SUP_020,PROD_0106,16-09-2024,2024-10-06,2024-10-03,991,968,379,Open
PO_107876,SUP_057,PROD_0252,10-10-2024,2024-10-27,2024-10-31,1240,1151,454,Delayed
PO_107877,SUP_147,PROD_0125,05-03-2024,2024-03-18,2024-03-21,241,211,43,Delayed
PO_107878,SUP_007,PROD_0168,2024/01/12,2024-01-26,2024-01-27,1690,1445,288,Delayed
PO_107879,SUP_004,PROD_0210,18-12-2024,2025-01-02,2024-12-31,782,761,339,Closed
PO_107880,SUP_119,PROD_0006,2024/05/04,2024-05-19,2024-05-22,1397,1285,441,Closed
PO_107881,SUP_125,PROD_0054,2024/01/10,2024-01-26,2024-01-23,219,209,434,Closed
PO_107882,SUP_192,PROD_0135,13-08-2024,2024-08-22,2024-08-27,1915,1630,89,Delayed
PO_107883,SUP_055,PROD_0039,10-11-2024,2024-11-24,2024-11-28,1282,1263,266,Delayed
PO_107884,SUP_077,PROD_0110,01-03-2024,2024-03-17,2024-03-18,760,741,422,Closed
PO_107885,SUP_119,PROD_0001,19-12-2024,2024-12-28,2025-01-02,1194,1024,160,Delayed
PO_107886,SUP_107,PROD_0283,2024/08/21,2024-09-03,2024-09-01,1841,1634,457,Delayed
PO_107887,SUP_139,PROD_0280,2024/12/17,2025-01-06,2025-01-08,1102,1053,89,Closed
PO_107888,SUP_089,PROD_0243,20-11-2024,2024-12-01,2024-11-28,1506,1492,264,Delayed
PO_107889,SUP_026,PROD_0101,2024/07/27,2024-08-04,2024-08-07,748,741,480,Closed
PO_107890,SUP_103,PROD_0092,19-01-2024,2024-01-30,2024-01-29,436,372,51,Open
PO_107891,SUP_062,PROD_0214,2024/11/29,2024-12-17,2024-12-21,452,394,355,Delayed
PO_107892,SUP_129,PROD_0091,17-11-2024,2024-12-01,2024-11-29,1581,1495,480,Open
PO_107893,SUP_168,PROD_0079,2024/04/13,2024-04-18,2024-04-17,992,986,199,Closed
PO_107894,SUP_044,PROD_0221,2024/04/28,2024-05-05,2024-05-07,319,291,361,Delayed
PO_107895,SUP_166,PROD_0095,2024/09/26,2024-10-03,2024-10-07,1047,977,129,Open
PO_107896,SUP_033,PROD_0114,2024/09/28,2024-10-09,2024-10-12,579,494,252,Open
PO_107897,SUP_013,PROD_0021,19-12-2024,2024-12-31,2024-12-30,1824,1585,207,Delayed
PO_107898,SUP_123,PROD_0109,2024/02/15,2024-02-23,2024-02-22,1979,1950,165,Delayed
PO_107899,SUP_035,PROD_0136,14-10-2024,2024-10-20,2024-10-18,1389,1340,112,Closed
PO_107900,SUP_020,PROD_0017,15-12-2024,2025-01-02,2025-01-04,361,334,461,Delayed
PO_107901,SUP_090,PROD_0027,19-05-2024,2024-06-03,2024-06-02,1959,1682,482,Delayed
PO_107902,SUP_030,PROD_0165,2024/10/22,2024-10-29,2024-10-27,1344,1271,361,Closed
PO_107903,SUP_083,PROD_0012,18-09-2024,2024-10-04,2024-10-02,270,248,395,Closed
PO_107904,SUP_043,PROD_0258,25-03-2024,2024-04-04,2024-04-06,222,217,469,Open
PO_107905,SUP_145,PROD_0029,31-01-2024,2024-02-10,2024-02-13,1057,1048,450,Open
PO_107906,SUP_155,PROD_0124,06-05-2024,2024-05-11,2024-05-15,1362,1283,341,Closed
PO_107907,SUP_032,PROD_0131,03-11-2024,2024-11-10,2024-11-07,664,612,229,Delayed
PO_107908,SUP_011,PROD_0290,02-10-2024,2024-10-10,2024-10-14,751,682,424,Delayed
PO_107909,SUP_153,PROD_0034,26-04-2024,2024-05-10,2024-05-15,1580,1552,162,Closed
PO_107910,SUP_122,PROD_0029,27-08-2024,2024-09-11,2024-09-11,954,900,421,Closed
PO_107911,SUP_199,PROD_0296,27-04-2024,2024-05-08,2024-05-09,1075,930,212,Open
PO_107912,SUP_166,PROD_0194,08-10-2024,2024-10-19,2024-10-21,1597,1595,255,Open
PO_107913,SUP_026,PROD_0280,2024/01/18,2024-02-03,2024-02-08,777,707,299,Open
PO_107914,SUP_116,PROD_0185,18-08-2024,2024-09-07,2024-09-05,1064,1024,51,Open
PO_107915,SUP_182,PROD_0200,2024/08/09,2024-08-18,2024-08-22,246,215,69,Closed
PO_107916,SUP_181,PROD_0179,25-05-2024,2024-06-04,2024-06-01,611,548,50,Delayed
PO_107917,SUP_120,PROD_0275,2024/07/18,2024-07-27,2024-08-01,234,199,204,Closed
PO_107918,SUP_001,PROD_0032,27-08-2024,2024-09-13,2024-09-11,1982,1950,492,Open
PO_107919,SUP_113,PROD_0153,05-05-2024,2024-05-18,2024-05-22,770,721,201,Closed
PO_107920,SUP_072,PROD_0211,2024/05/12,2024-05-26,2024-05-27,585,574,430,Closed
PO_107921,SUP_089,PROD_0050,23-07-2024,2024-08-09,2024-08-08,948,938,434,Closed
PO_107922,SUP_180,PROD_0156,31-12-2024,2025-01-12,2025-01-17,1902,1656,159,Open
PO_107923,SUP_041,PROD_0237,2024/06/21,2024-07-01,2024-07-07,1617,1492,472,Open
PO_107924,SUP_155,PROD_0211,2024/12/13,2025-01-01,2024-12-30,489,430,229,Open
PO_107925,SUP_173,PROD_0253,12-01-2024,2024-01-18,2024-01-16,519,505,93,Open
PO_107926,SUP_135,PROD_0297,2024/02/04,2024-02-24,2024-03-01,1708,1535,276,Delayed
PO_107927,SUP_121,PROD_0073,03-05-2024,2024-05-09,2024-05-15,217,204,438,Delayed
PO_107928,SUP_107,PROD_0096,01-06-2024,2024-06-07,2024-06-04,1341,1301,368,Open
PO_107929,SUP_001,PROD_0172,2024/01/14,2024-01-27,2024-01-30,1543,1537,236,Closed
PO_107930,SUP_188,PROD_0081,2024/08/01,2024-08-06,2024-08-05,1768,1760,226,Delayed
PO_107931,SUP_007,PROD_0227,2024/11/01,2024-11-20,2024-11-20,1042,887,366,Open
PO_107932,SUP_174,PROD_0054,28-02-2024,2024-03-04,2024-03-03,649,614,460,Open
PO_107933,SUP_059,PROD_0017,10-03-2024,2024-03-21,2024-03-25,1267,1221,364,Closed
PO_107934,SUP_152,PROD_0083,17-06-2024,2024-06-29,2024-06-29,1656,1491,68,Closed
PO_107935,SUP_096,PROD_0163,26-09-2024,2024-10-14,2024-10-15,1017,875,50,Closed
PO_107936,SUP_194,PROD_0151,2024/04/14,2024-04-21,2024-04-21,1697,1580,270,Open
PO_107937,SUP_122,PROD_0051,02-03-2024,2024-03-18,2024-03-21,833,749,66,Delayed
PO_107938,SUP_057,PROD_0262,2024/12/28,2025-01-02,2024-12-30,1091,965,171,Open
PO_107939,SUP_184,PROD_0056,02-10-2024,2024-10-11,2024-10-08,267,246,113,Closed
PO_107940,SUP_200,PROD_0218,2024/07/26,2024-08-05,2024-08-02,1090,1046,377,Delayed
PO_107941,SUP_194,PROD_0259,05-07-2024,2024-07-25,2024-07-27,1491,1377,276,Delayed
PO_107942,SUP_153,PROD_0239,17-08-2024,2024-08-26,2024-08-28,132,119,453,Open
PO_107943,SUP_169,PROD_0108,2024/06/24,2024-07-13,2024-07-19,634,553,341,Delayed
PO_107944,SUP_163,PROD_0286,2024/06/26,2024-07-04,2024-07-02,116,100,488,Open
PO_107945,SUP_019,PROD_0031,2024/09/19,2024-09-30,2024-09-28,567,556,208,Delayed
PO_107946,SUP_105,PROD_0185,10-04-2024,2024-04-28,2024-05-01,1572,1465,96,Delayed
PO_107947,SUP_108,PROD_0035,2024/02/13,2024-02-25,2024-02-29,1808,1766,233,Closed
PO_107948,SUP_089,PROD_0277,2024/03/08,2024-03-24,2024-03-26,1510,1350,68,Delayed
PO_107949,SUP_108,PROD_0137,2024/04/10,2024-04-18,2024-04-22,1196,1030,121,Delayed
PO_107950,SUP_047,PROD_0265,10-04-2024,2024-04-23,2024-04-24,728,684,146,Open
PO_107951,SUP_117,PROD_0232,18-12-2024,2025-01-02,2025-01-08,1317,1146,83,Open
PO_107952,SUP_126,PROD_0298,09-06-2024,2024-06-27,2024-06-30,1590,1351,389,Closed
PO_107953,SUP_042,PROD_0032,2024/09/16,2024-09-23,2024-09-28,968,824,429,Open
PO_107954,SUP_001,PROD_0055,14-04-2024,2024-05-01,2024-05-03,1918,1692,188,Closed
PO_107955,SUP_035,PROD_0135,2024/07/20,2024-07-30,2024-08-04,1347,1290,275,Open
PO_107956,SUP_137,PROD_0254,27-07-2024,2024-08-03,2024-08-09,1696,1683,387,Delayed
PO_107957,SUP_183,PROD_0274,14-12-2024,2024-12-31,2024-12-28,297,279,153,Closed
PO_107958,SUP_194,PROD_0253,2024/05/13,2024-05-29,2024-05-29,262,228,103,Delayed
PO_107959,SUP_030,PROD_0005,2024/03/12,2024-03-29,2024-03-31,375,343,132,Delayed
PO_107960,SUP_092,PROD_0214,2024/05/13,2024-05-31,2024-06-03,1823,1736,483,Delayed
PO_107961,SUP_149,PROD_0043,2024/05/08,2024-05-14,2024-05-15,476,411,365,Closed
PO_107962,SUP_093,PROD_0213,14-08-2024,2024-08-27,2024-09-02,1024,996,139,Closed
PO_107963,SUP_115,PROD_0222,2024/03/22,2024-03-29,2024-03-28,713,687,351,Open
PO_107964,SUP_191,PROD_0070,2024/02/08,2024-02-23,2024-02-25,1071,941,464,Delayed
PO_107965,SUP_097,PROD_0270,2024/05/06,2024-05-13,2024-05-19,270,244,166,Delayed
PO_107966,SUP_148,PROD_0232,2024/12/25,2024-12-31,2024-12-30,1712,1676,449,Open
PO_107967,SUP_198,PROD_0040,2024/03/31,2024-04-10,2024-04-07,1114,1001,454,Open
PO_107968,SUP_152,PROD_0148,2024/01/15,2024-01-27,2024-01-27,933,866,251,Delayed
PO_107969,SUP_072,PROD_0152,13-03-2024,2024-04-02,2024-04-07,521,504,258,Closed
PO_107970,SUP_147,PROD_0170,2024/03/27,2024-04-10,2024-04-12,1024,963,98,Open
PO_107971,SUP_117,PROD_0206,16-10-2024,2024-11-03,2024-11-08,618,530,283,Open
PO_107972,SUP_125,PROD_0047,05-02-2024,2024-02-15,2024-02-20,289,269,284,Delayed
PO_107973,SUP_144,PROD_0097,2024/10/29,2024-11-12,2024-11-13,734,697,134,Open
PO_107974,SUP_080,PROD_0086,2024/04/19,2024-04-29,2024-04-30,1109,1091,60,Delayed
PO_107975,SUP_121,PROD_0060,02-12-2024,2024-12-18,2024-12-20,1581,1385,403,Closed
PO_107976,SUP_138,PROD_0023,2024/01/19,2024-02-07,2024-02-07,280,262,236,Delayed
PO_107977,SUP_122,PROD_0225,2024/04/02,2024-04-15,2024-04-14,602,561,356,Delayed
PO_107978,SUP_138,PROD_0114,2024/09/03,2024-09-18,2024-09-18,360,342,359,Closed
PO_107979,SUP_129,PROD_0272,09-10-2024,2024-10-29,2024-10-31,1343,1217,333,Closed
PO_107980,SUP_076,PROD_0060,25-10-2024,2024-11-08,2024-11-13,475,411,181,Delayed
PO_107981,SUP_012,PROD_0010,24-09-2024,2024-09-29,2024-09-29,1585,1455,178,Closed
PO_107982,SUP_131,PROD_0038,04-08-2024,2024-08-15,2024-08-20,1725,1481,175,Delayed
PO_107983,SUP_113,PROD_0087,2024/07/21,2024-08-02,2024-08-06,1839,1599,42,Delayed
PO_107984,SUP_103,PROD_0128,09-07-2024,2024-07-15,2024-07-20,361,325,110,Closed
PO_107985,SUP_084,PROD_0011,2024/06/24,2024-07-08,2024-07-11,685,678,353,Closed
PO_107986,SUP_003,PROD_0037,31-08-2024,2024-09-16,2024-09-15,1780,1745,198,Open
PO_107987,SUP_116,PROD_0281,04-07-2024,2024-07-09,2024-07-10,1312,1144,380,Open
PO_107988,SUP_188,PROD_0185,17-02-2024,2024-02-26,2024-03-01,1094,990,52,Closed
PO_107989,SUP_062,PROD_0087,2024/09/23,2024-10-13,2024-10-19,1997,1760,109,Closed
PO_107990,SUP_072,PROD_0024,2024/05/03,2024-05-11,2024-05-09,1443,1240,323,Open
PO_107991,SUP_187,PROD_0130,2024/05/09,2024-05-21,2024-05-20,891,811,124,Closed
PO_107992,SUP_055,PROD_0164,2024/04/24,2024-05-14,2024-05-17,184,168,412,Open
PO_107993,SUP_124,PROD_0089,11-03-2024,2024-03-24,2024-03-25,1953,1730,114,Closed
PO_107994,SUP_165,PROD_0126,2024/08/04,2024-08-18,2024-08-22,405,358,296,Open
PO_107995,SUP_176,PROD_0112,2024/04/30,2024-05-10,2024-05-13,190,166,435,Closed
PO_107996,SUP_091,PROD_0271,17-03-2024,2024-04-05,2024-04-07,868,791,91,Open
PO_107997,SUP_160,PROD_0260,15-12-2024,2024-12-28,2024-12-26,1779,1554,273,Delayed
PO_107998,SUP_169,PROD_0073,20-09-2024,2024-09-27,2024-10-03,1553,1391,113,Closed
PO_107999,SUP_095,PROD_0083,2024/03/28,2024-04-15,2024-04-15,829,721,455,Delayed
PO_108000,SUP_151,PROD_0251,2024/12/22,2025-01-03,2025-01-02,163,162,429,Open
PO_108001,SUP_157,PROD_0119,2024/11/12,2024-11-18,2024-11-15,1782,1722,443,Open
PO_108002,SUP_198,PROD_0160,12-08-2024,2024-08-28,2024-08-26,664,600,218,Open
PO_108003,SUP_057,PROD_0251,05-06-2024,2024-06-14,2024-06-20,1950,1732,370,Open
PO_108004,SUP_065,PROD_0273,14-10-2024,2024-10-25,2024-10-24,1722,1572,158,Closed
PO_108005,SUP_057,PROD_0253,2024/09/05,2024-09-21,2024-09-23,1512,1423,269,Open
PO_108006,SUP_100,PROD_0169,17-02-2024,2024-02-29,2024-03-06,501,452,79,Closed
PO_108007,SUP_158,PROD_0194,2024/03/15,2024-04-02,2024-04-03,809,743,235,Open
PO_108008,SUP_123,PROD_0048,2024/08/14,2024-08-20,2024-08-22,1078,1008,94,Delayed
PO_108009,SUP_058,PROD_0119,2024/11/26,2024-12-03,2024-12-08,556,518,157,Open
PO_108010,SUP_196,PROD_0283,26-03-2024,2024-04-11,2024-04-13,135,123,102,Closed
PO_108011,SUP_113,PROD_0099,2024/01/29,2024-02-10,2024-02-11,270,237,79,Closed
PO_108012,SUP_117,PROD_0117,2024/12/04,2024-12-13,2024-12-12,165,157,82,Closed
PO_108013,SUP_162,PROD_0285,2024/03/05,2024-03-23,2024-03-20,1736,1686,243,Open
PO_108014,SUP_106,PROD_0146,2024/04/27,2024-05-02,2024-05-06,133,130,359,Delayed
PO_108015,SUP_116,PROD_0161,2024/07/27,2024-08-08,2024-08-14,1634,1632,352,Open
PO_108016,SUP_085,PROD_0294,2024/10/14,2024-10-22,2024-10-28,446,389,359,Closed
PO_108017,SUP_054,PROD_0270,2024/01/10,2024-01-19,2024-01-25,1176,1047,196,Open
PO_108018,SUP_159,PROD_0199,08-01-2024,2024-01-20,2024-01-19,1007,929,228,Delayed
PO_108019,SUP_063,PROD_0007,2024/07/21,2024-08-01,2024-07-31,213,206,396,Open
PO_108020,SUP_101,PROD_0037,2024/04/10,2024-04-21,2024-04-20,585,509,347,Delayed
PO_108021,SUP_029,PROD_0038,2024/10/12,2024-10-29,2024-11-01,733,666,492,Closed
PO_108022,SUP_155,PROD_0076,2024/07/16,2024-07-30,2024-07-31,1993,1792,251,Delayed
PO_108023,SUP_150,PROD_0010,31-07-2024,2024-08-16,2024-08-22,1067,919,327,Delayed
PO_108024,SUP_042,PROD_0214,08-01-2024,2024-01-13,2024-01-14,1032,887,41,Delayed
PO_108025,SUP_178,PROD_0137,07-01-2024,2024-01-21,2024-01-21,1969,1908,328,Closed
PO_108026,SUP_166,PROD_0114,2024/03/01,2024-03-06,2024-03-08,535,466,327,Closed
PO_108027,SUP_042,PROD_0258,2024/11/15,2024-11-20,2024-11-21,1888,1678,489,Closed
PO_108028,SUP_170,PROD_0252,03-08-2024,2024-08-11,2024-08-14,168,146,431,Delayed
PO_108029,SUP_192,PROD_0049,13-10-2024,2024-10-24,2024-10-29,451,388,75,Closed
PO_108030,SUP_191,PROD_0251,2024/07/04,2024-07-12,2024-07-09,1973,1940,252,Open
PO_108031,SUP_180,PROD_0018,2024/10/15,2024-11-04,2024-11-01,676,648,385,Open
PO_108032,SUP_062,PROD_0053,2024/12/10,2024-12-29,2025-01-01,1828,1569,258,Closed
PO_108033,SUP_182,PROD_0143,2024/11/04,2024-11-18,2024-11-20,511,451,79,Closed
PO_108034,SUP_122,PROD_0041,19-04-2024,2024-05-06,2024-05-08,1622,1444,453,Open
PO_108035,SUP_040,PROD_0101,2024/12/21,2024-12-31,2025-01-02,126,114,286,Closed
PO_108036,SUP_080,PROD_0133,22-08-2024,2024-09-07,2024-09-04,1291,1228,379,Closed
PO_108037,SUP_055,PROD_0213,2024/02/12,2024-03-03,2024-03-04,1629,1386,337,Closed
PO_108038,SUP_191,PROD_0197,22-07-2024,2024-07-29,2024-08-01,1563,1385,302,Delayed
PO_108039,SUP_169,PROD_0162,16-01-2024,2024-02-05,2024-02-05,1052,1017,123,Open
PO_108040,SUP_031,PROD_0228,06-10-2024,2024-10-19,2024-10-24,593,508,246,Closed
PO_108041,SUP_114,PROD_0285,18-04-2024,2024-04-26,2024-04-23,394,367,331,Closed
PO_108042,SUP_087,PROD_0272,2024/03/29,2024-04-09,2024-04-09,1487,1372,477,Closed
PO_108043,SUP_075,PROD_0068,19-04-2024,2024-05-02,2024-05-01,1444,1263,107,Open
PO_108044,SUP_037,PROD_0099,2024/06/03,2024-06-10,2024-06-07,349,296,172,Open
PO_108045,SUP_004,PROD_0207,14-07-2024,2024-07-31,2024-08-02,1646,1426,264,Delayed
PO_108046,SUP_078,PROD_0089,22-11-2024,2024-12-01,2024-12-03,354,307,288,Closed
PO_108047,SUP_145,PROD_0103,2024/10/04,2024-10-18,2024-10-18,1363,1336,314,Delayed
PO_108048,SUP_100,PROD_0222,14-01-2024,2024-01-26,2024-01-24,991,974,349,Closed
PO_108049,SUP_089,PROD_0057,2024/03/17,2024-04-03,2024-04-08,1073,1073,189,Delayed
PO_108050,SUP_030,PROD_0076,2024/02/22,2024-03-12,2024-03-15,1458,1310,405,Open
PO_108051,SUP_117,PROD_0194,2024/12/16,2025-01-02,2025-01-07,767,705,442,Open
PO_108052,SUP_164,PROD_0021,2024/08/07,2024-08-17,2024-08-20,852,770,346,Delayed
PO_108053,SUP_193,PROD_0143,22-03-2024,2024-04-11,2024-04-15,1530,1483,192,Delayed
PO_108054,SUP_063,PROD_0151,03-04-2024,2024-04-18,2024-04-19,1745,1633,200,Open
PO_108055,SUP_170,PROD_0198,08-12-2024,2024-12-18,2024-12-15,197,183,95,Closed
PO_108056,SUP_173,PROD_0136,04-07-2024,2024-07-14,2024-07-19,258,230,160,Closed
PO_108057,SUP_018,PROD_0253,27-05-2024,2024-06-14,2024-06-16,565,561,488,Closed
PO_108058,SUP_147,PROD_0282,21-06-2024,2024-07-11,2024-07-10,874,791,447,Closed
PO_108059,SUP_052,PROD_0025,25-01-2024,2024-02-03,2024-01-31,493,481,59,Open
PO_108060,SUP_023,PROD_0185,16-10-2024,2024-10-21,2024-10-18,1404,1242,87,Closed
PO_108061,SUP_095,PROD_0174,2024/05/06,2024-05-20,2024-05-17,1852,1579,331,Open
PO_108062,SUP_052,PROD_0037,23-03-2024,2024-04-12,2024-04-10,1241,1206,103,Delayed
PO_108063,SUP_100,PROD_0231,06-07-2024,2024-07-20,2024-07-21,1627,1610,318,Delayed
PO_108064,SUP_176,PROD_0017,2024/07/14,2024-07-27,2024-07-30,387,370,365,Delayed
PO_108065,SUP_103,PROD_0164,03-08-2024,2024-08-18,2024-08-16,917,843,218,Open
PO_108066,SUP_017,PROD_0156,2024/04/10,2024-04-30,2024-04-27,658,574,124,Open
PO_108067,SUP_193,PROD_0271,2024/03/14,2024-03-26,2024-03-31,1021,993,264,Closed
PO_108068,SUP_089,PROD_0029,14-01-2024,2024-01-19,2024-01-25,1184,1110,214,Delayed
PO_108069,SUP_172,PROD_0106,01-11-2024,2024-11-12,2024-11-14,1381,1304,283,Delayed
PO_108070,SUP_166,PROD_0100,2024/02/29,2024-03-10,2024-03-10,1917,1738,205,Open
PO_108071,SUP_106,PROD_0029,24-01-2024,2024-02-10,2024-02-09,111,98,145,Delayed
PO_108072,SUP_102,PROD_0215,20-01-2024,2024-02-09,2024-02-06,1012,997,166,Closed
PO_108073,SUP_112,PROD_0009,2024/05/03,2024-05-10,2024-05-13,1809,1766,351,Delayed
PO_108074,SUP_006,PROD_0023,2024/11/06,2024-11-11,2024-11-12,1936,1817,236,Open
PO_108075,SUP_049,PROD_0141,29-10-2024,2024-11-10,2024-11-08,1295,1168,336,Delayed
PO_108076,SUP_048,PROD_0287,2024/12/29,2025-01-05,2025-01-08,274,260,226,Delayed
PO_108077,SUP_084,PROD_0173,23-12-2024,2025-01-01,2025-01-04,1443,1311,128,Open
PO_108078,SUP_163,PROD_0023,2024/06/04,2024-06-12,2024-06-18,1967,1937,173,Delayed
PO_108079,SUP_060,PROD_0137,09-11-2024,2024-11-15,2024-11-18,886,756,52,Delayed
PO_108080,SUP_145,PROD_0112,2024/11/26,2024-12-03,2024-12-06,1896,1674,80,Closed
PO_108081,SUP_045,PROD_0274,11-04-2024,2024-04-23,2024-04-26,511,437,189,Open
PO_108082,SUP_066,PROD_0143,2024/12/06,2024-12-18,2024-12-18,464,428,419,Open
PO_108083,SUP_107,PROD_0050,2024/09/18,2024-09-26,2024-09-29,718,711,339,Open
PO_108084,SUP_157,PROD_0056,2024/03/21,2024-04-08,2024-04-13,332,305,207,Open
PO_108085,SUP_151,PROD_0130,2024/08/26,2024-09-09,2024-09-06,1390,1327,289,Closed
PO_108086,SUP_139,PROD_0051,2024/08/12,2024-08-17,2024-08-20,133,117,382,Open
PO_108087,SUP_136,PROD_0085,2024/08/13,2024-08-19,2024-08-22,162,141,119,Open
PO_108088,SUP_105,PROD_0250,08-10-2024,2024-10-27,2024-10-25,739,672,283,Delayed
PO_108089,SUP_173,PROD_0010,19-07-2024,2024-08-03,2024-07-31,1702,1539,452,Closed
PO_108090,SUP_108,PROD_0156,2024/12/13,2025-01-01,2025-01-07,1012,973,435,Closed
PO_108091,SUP_104,PROD_0175,29-11-2024,2024-12-13,2024-12-18,938,898,379,Closed
PO_108092,SUP_149,PROD_0178,13-03-2024,2024-03-27,2024-03-30,943,817,108,Closed
PO_108093,SUP_129,PROD_0016,2024/07/09,2024-07-16,2024-07-19,1722,1552,450,Open
PO_108094,SUP_170,PROD_0150,2024/02/25,2024-03-09,2024-03-08,1980,1938,117,Open
PO_108095,SUP_109,PROD_0271,15-07-2024,2024-08-04,2024-08-09,804,692,493,Delayed
PO_108096,SUP_087,PROD_0282,20-05-2024,2024-05-25,2024-05-26,645,552,415,Closed
PO_108097,SUP_115,PROD_0053,2024/11/22,2024-12-01,2024-12-05,1764,1635,110,Closed
PO_108098,SUP_089,PROD_0268,24-02-2024,2024-03-04,2024-03-02,469,462,352,Delayed
PO_108099,SUP_163,PROD_0087,2024/09/14,2024-09-28,2024-09-26,1294,1195,140,Delayed
PO_108100,SUP_078,PROD_0300,2024/12/22,2025-01-02,2024-12-31,1684,1496,153,Open
PO_108101,SUP_160,PROD_0173,2024/01/15,2024-02-03,2024-02-08,241,212,408,Closed
PO_108102,SUP_158,PROD_0112,28-10-2024,2024-11-09,2024-11-14,801,695,123,Closed
PO_108103,SUP_080,PROD_0248,08-06-2024,2024-06-18,2024-06-18,262,259,80,Delayed
PO_108104,SUP_176,PROD_0293,2024/08/19,2024-08-24,2024-08-25,1884,1874,359,Delayed
PO_108105,SUP_045,PROD_0009,2024/09/18,2024-09-30,2024-09-28,1718,1653,481,Delayed
PO_108106,SUP_080,PROD_0126,2024/01/19,2024-02-03,2024-02-03,1293,1292,215,Delayed
PO_108107,SUP_034,PROD_0289,26-03-2024,2024-04-08,2024-04-10,1823,1656,369,Delayed
PO_108108,SUP_147,PROD_0042,22-08-2024,2024-09-04,2024-09-04,257,234,41,Delayed
PO_108109,SUP_002,PROD_0300,18-08-2024,2024-09-05,2024-09-06,465,416,266,Closed
PO_108110,SUP_154,PROD_0279,21-02-2024,2024-03-12,2024-03-09,1906,1720,438,Closed
PO_108111,SUP_045,PROD_0262,19-10-2024,2024-10-28,2024-10-29,214,182,80,Closed
PO_108112,SUP_027,PROD_0295,2024/07/31,2024-08-06,2024-08-10,595,564,127,Open
PO_108113,SUP_143,PROD_0010,16-11-2024,2024-11-22,2024-11-26,1105,1049,116,Open
PO_108114,SUP_060,PROD_0144,2024/06/28,2024-07-04,2024-07-06,971,830,225,Closed
PO_108115,SUP_035,PROD_0235,17-03-2024,2024-04-04,2024-04-08,269,256,250,Open
PO_108116,SUP_179,PROD_0220,2024/04/29,2024-05-14,2024-05-15,1897,1660,147,Closed
PO_108117,SUP_199,PROD_0089,2024/10/03,2024-10-21,2024-10-27,1159,1151,96,Closed
PO_108118,SUP_014,PROD_0013,2024/09/16,2024-10-02,2024-10-08,469,435,330,Delayed
PO_108119,SUP_142,PROD_0240,20-05-2024,2024-05-29,2024-05-28,1953,1865,337,Delayed
PO_108120,SUP_096,PROD_0238,22-02-2024,2024-03-11,2024-03-14,1689,1444,103,Delayed
PO_108121,SUP_122,PROD_0119,26-01-2024,2024-02-02,2024-01-30,1834,1784,333,Delayed
PO_108122,SUP_122,PROD_0060,2024/12/23,2025-01-10,2025-01-13,758,721,223,Open
PO_108123,SUP_018,PROD_0118,18-06-2024,2024-07-08,2024-07-07,1261,1210,61,Open
PO_108124,SUP_169,PROD_0118,2024/06/09,2024-06-16,2024-06-20,887,875,294,Closed
PO_108125,SUP_008,PROD_0204,2024/09/05,2024-09-15,2024-09-17,1813,1638,341,Open
PO_108126,SUP_093,PROD_0039,09-11-2024,2024-11-21,2024-11-19,420,362,435,Closed
PO_108127,SUP_047,PROD_0140,2024/11/06,2024-11-14,2024-11-13,1379,1305,481,Open
PO_108128,SUP_084,PROD_0267,18-02-2024,2024-02-29,2024-02-27,298,254,40,Open
PO_108129,SUP_015,PROD_0130,26-08-2024,2024-09-02,2024-08-30,1930,1814,342,Delayed
PO_108130,SUP_097,PROD_0116,24-10-2024,2024-11-05,2024-11-10,1074,1045,351,Delayed
PO_108131,SUP_101,PROD_0280,03-06-2024,2024-06-18,2024-06-18,767,665,411,Delayed
PO_108132,SUP_185,PROD_0025,2024/08/01,2024-08-18,2024-08-17,1793,1528,138,Closed
PO_108133,SUP_175,PROD_0177,2024/08/15,2024-08-27,2024-08-30,502,487,278,Closed
PO_108134,SUP_182,PROD_0007,2024/09/22,2024-09-29,2024-10-01,230,224,395,Open
PO_108135,SUP_106,PROD_0033,2024/10/03,2024-10-15,2024-10-15,1678,1500,258,Delayed
PO_108136,SUP_094,PROD_0230,2024/12/31,2025-01-14,2025-01-17,641,588,436,Closed
PO_108137,SUP_144,PROD_0228,2024/02/04,2024-02-10,2024-02-07,378,340,250,Closed
PO_108138,SUP_017,PROD_0091,2024/08/30,2024-09-14,2024-09-18,245,231,179,Open
PO_108139,SUP_127,PROD_0291,2024/03/08,2024-03-16,2024-03-19,806,717,143,Open
PO_108140,SUP_086,PROD_0283,2024/08/19,2024-09-01,2024-08-29,234,224,381,Open
PO_108141,SUP_041,PROD_0185,26-09-2024,2024-10-10,2024-10-16,1771,1636,127,Open
PO_108142,SUP_036,PROD_0097,2024/03/27,2024-04-07,2024-04-06,661,565,54,Delayed
PO_108143,SUP_149,PROD_0145,2024/10/25,2024-11-01,2024-10-31,431,390,491,Delayed
PO_108144,SUP_172,PROD_0127,13-08-2024,2024-08-21,2024-08-23,174,165,94,Open
PO_108145,SUP_016,PROD_0292,2024/02/29,2024-03-14,2024-03-13,1477,1332,393,Closed
PO_108146,SUP_163,PROD_0050,03-03-2024,2024-03-22,2024-03-26,1791,1611,412,Delayed
PO_108147,SUP_029,PROD_0004,2024/04/13,2024-04-22,2024-04-23,1259,1221,229,Delayed
PO_108148,SUP_076,PROD_0033,06-08-2024,2024-08-25,2024-08-22,1498,1291,451,Open
PO_108149,SUP_197,PROD_0232,2024/10/22,2024-11-03,2024-11-04,1577,1458,274,Open
PO_108150,SUP_054,PROD_0002,14-03-2024,2024-04-03,2024-04-04,1627,1559,239,Open
PO_108151,SUP_166,PROD_0300,16-03-2024,2024-03-24,2024-03-28,1826,1621,323,Open
PO_108152,SUP_065,PROD_0202,2024/11/05,2024-11-10,2024-11-07,928,862,419,Closed
PO_108153,SUP_100,PROD_0098,2024/09/29,2024-10-19,2024-10-19,716,694,227,Open
PO_108154,SUP_056,PROD_0188,19-09-2024,2024-10-08,2024-10-08,298,271,84,Delayed
PO_108155,SUP_082,PROD_0209,09-11-2024,2024-11-19,2024-11-21,1250,1136,235,Open
PO_108156,SUP_191,PROD_0192,24-04-2024,2024-05-02,2024-05-02,435,418,314,Closed
PO_108157,SUP_170,PROD_0075,2024/04/13,2024-05-01,2024-05-06,480,412,152,Delayed
PO_108158,SUP_099,PROD_0227,2024/05/29,2024-06-16,2024-06-13,1850,1724,304,Closed
PO_108159,SUP_012,PROD_0056,2024/08/28,2024-09-06,2024-09-07,1765,1763,437,Open
PO_108160,SUP_006,PROD_0277,2024/11/15,2024-12-05,2024-12-03,1700,1575,289,Delayed
PO_108161,SUP_019,PROD_0184,2024/02/11,2024-02-26,2024-02-25,1103,978,271,Open
PO_108162,SUP_194,PROD_0218,2024/06/13,2024-06-18,2024-06-22,1398,1209,415,Closed
PO_108163,SUP_102,PROD_0128,2024/04/05,2024-04-11,2024-04-12,216,193,449,Closed
PO_108164,SUP_165,PROD_0298,2024/04/09,2024-04-26,2024-04-25,1416,1409,299,Open
PO_108165,SUP_122,PROD_0118,15-10-2024,2024-10-22,2024-10-20,1716,1673,82,Open
PO_108166,SUP_151,PROD_0221,2024/02/16,2024-03-04,2024-03-08,1938,1871,96,Delayed
PO_108167,SUP_194,PROD_0139,04-02-2024,2024-02-21,2024-02-20,921,798,234,Open
PO_108168,SUP_127,PROD_0022,06-10-2024,2024-10-16,2024-10-19,1459,1253,393,Open
PO_108169,SUP_171,PROD_0072,20-04-2024,2024-04-30,2024-04-28,1758,1537,110,Open
PO_108170,SUP_040,PROD_0235,04-03-2024,2024-03-23,2024-03-20,1342,1196,471,Closed
PO_108171,SUP_159,PROD_0077,2024/08/07,2024-08-27,2024-08-27,1803,1664,169,Closed
PO_108172,SUP_115,PROD_0257,08-08-2024,2024-08-28,2024-09-02,948,876,416,Closed
PO_108173,SUP_005,PROD_0209,14-06-2024,2024-06-28,2024-07-03,813,704,372,Closed
PO_108174,SUP_069,PROD_0258,12-07-2024,2024-08-01,2024-08-01,1062,1018,46,Open
PO_108175,SUP_191,PROD_0065,2024/02/21,2024-03-08,2024-03-13,1427,1406,479,Open
PO_108176,SUP_060,PROD_0111,2024/10/11,2024-10-19,2024-10-18,1507,1463,223,Delayed
PO_108177,SUP_149,PROD_0110,2024/12/16,2024-12-23,2024-12-29,1106,1047,494,Delayed
PO_108178,SUP_187,PROD_0069,03-08-2024,2024-08-16,2024-08-15,340,334,201,Open
PO_108179,SUP_136,PROD_0078,2024/02/04,2024-02-09,2024-02-15,1599,1481,73,Open
PO_108180,SUP_144,PROD_0109,2024/06/10,2024-06-27,2024-06-29,491,479,350,Open
PO_108181,SUP_079,PROD_0083,16-11-2024,2024-12-05,2024-12-05,1741,1702,120,Delayed
PO_108182,SUP_035,PROD_0104,31-07-2024,2024-08-19,2024-08-23,533,496,54,Delayed
PO_108183,SUP_010,PROD_0235,11-03-2024,2024-03-31,2024-04-06,1480,1276,177,Delayed
PO_108184,SUP_136,PROD_0158,26-07-2024,2024-08-04,2024-08-08,920,915,263,Open
PO_108185,SUP_182,PROD_0012,15-01-2024,2024-01-30,2024-02-02,613,572,100,Open
PO_108186,SUP_037,PROD_0156,2024/07/20,2024-07-26,2024-07-25,1355,1236,399,Closed
PO_108187,SUP_020,PROD_0134,2024/04/13,2024-04-29,2024-05-02,113,112,347,Closed
PO_108188,SUP_152,PROD_0187,2024/07/24,2024-07-31,2024-07-28,1910,1623,259,Closed
PO_108189,SUP_044,PROD_0117,24-11-2024,2024-12-11,2024-12-11,1497,1393,440,Open
PO_108190,SUP_185,PROD_0215,2024/01/12,2024-01-27,2024-01-28,529,450,118,Closed
PO_108191,SUP_015,PROD_0193,03-09-2024,2024-09-16,2024-09-19,1536,1535,133,Delayed
PO_108192,SUP_067,PROD_0183,2024/09/21,2024-10-02,2024-10-06,1767,1748,211,Delayed
PO_108193,SUP_017,PROD_0023,28-01-2024,2024-02-06,2024-02-06,1639,1584,49,Open
PO_108194,SUP_079,PROD_0055,11-07-2024,2024-07-25,2024-07-22,1617,1469,51,Delayed
PO_108195,SUP_186,PROD_0012,16-07-2024,2024-08-05,2024-08-11,751,719,384,Delayed
PO_108196,SUP_165,PROD_0190,2024/09/10,2024-09-23,2024-09-21,747,636,426,Open
PO_108197,SUP_161,PROD_0127,2024/06/18,2024-07-08,2024-07-11,629,607,196,Closed
PO_108198,SUP_080,PROD_0086,2024/02/19,2024-03-04,2024-03-09,1733,1614,101,Delayed
PO_108199,SUP_083,PROD_0041,01-02-2024,2024-02-15,2024-02-15,920,801,227,Delayed
PO_108200,SUP_039,PROD_0219,2024/08/06,2024-08-12,2024-08-09,1411,1373,130,Open
PO_108201,SUP_108,PROD_0193,2024/12/30,2025-01-17,2025-01-21,1894,1677,345,Open
PO_108202,SUP_169,PROD_0034,2024/04/27,2024-05-10,2024-05-08,1922,1787,277,Delayed
PO_108203,SUP_093,PROD_0286,2024/12/12,2024-12-18,2024-12-23,1349,1243,400,Closed
PO_108204,SUP_030,PROD_0040,2024/06/01,2024-06-19,2024-06-25,411,403,376,Delayed
PO_108205,SUP_071,PROD_0047,23-04-2024,2024-05-10,2024-05-15,1050,935,424,Closed
PO_108206,SUP_069,PROD_0158,2024/12/31,2025-01-20,2025-01-23,1094,1050,46,Closed
PO_108207,SUP_155,PROD_0027,02-10-2024,2024-10-19,2024-10-25,707,632,377,Closed
PO_108208,SUP_188,PROD_0267,03-10-2024,2024-10-09,2024-10-14,1975,1796,248,Open
PO_108209,SUP_009,PROD_0112,24-12-2024,2025-01-08,2025-01-12,306,265,184,Delayed
PO_108210,SUP_150,PROD_0172,2024/02/12,2024-02-22,2024-02-20,408,360,211,Open
PO_108211,SUP_107,PROD_0207,2024/04/19,2024-04-28,2024-04-29,344,336,124,Closed
PO_108212,SUP_106,PROD_0023,02-12-2024,2024-12-08,2024-12-11,1250,1219,497,Closed
PO_108213,SUP_018,PROD_0036,2024/12/28,2025-01-06,2025-01-11,1222,1057,209,Delayed
PO_108214,SUP_097,PROD_0047,01-03-2024,2024-03-10,2024-03-07,284,262,223,Open
PO_108215,SUP_024,PROD_0140,10-05-2024,2024-05-19,2024-05-23,1998,1731,393,Closed
PO_108216,SUP_105,PROD_0149,2024/06/08,2024-06-24,2024-06-23,1888,1825,306,Delayed
PO_108217,SUP_160,PROD_0165,2024/09/18,2024-09-23,2024-09-29,151,132,402,Open
PO_108218,SUP_095,PROD_0151,2024/01/15,2024-01-30,2024-01-28,1614,1558,419,Delayed
PO_108219,SUP_197,PROD_0287,15-07-2024,2024-07-28,2024-07-26,1875,1647,143,Closed
PO_108220,SUP_137,PROD_0208,06-03-2024,2024-03-16,2024-03-16,259,234,195,Open
PO_108221,SUP_140,PROD_0176,04-08-2024,2024-08-10,2024-08-09,1345,1336,202,Delayed
PO_108222,SUP_106,PROD_0178,2024/12/26,2025-01-14,2025-01-16,1782,1764,454,Closed
PO_108223,SUP_073,PROD_0099,2024/01/30,2024-02-15,2024-02-18,385,383,308,Closed
PO_108224,SUP_012,PROD_0211,14-11-2024,2024-11-20,2024-11-25,280,249,401,Delayed
PO_108225,SUP_192,PROD_0223,2024/12/17,2024-12-29,2025-01-04,1582,1367,207,Closed
PO_108226,SUP_197,PROD_0004,14-07-2024,2024-07-21,2024-07-23,1723,1568,92,Open
PO_108227,SUP_159,PROD_0215,2024/05/12,2024-05-21,2024-05-19,1734,1670,116,Closed
PO_108228,SUP_024,PROD_0186,26-01-2024,2024-02-15,2024-02-19,1828,1738,390,Open
PO_108229,SUP_107,PROD_0159,16-07-2024,2024-07-25,2024-07-25,1278,1190,390,Delayed
PO_108230,SUP_096,PROD_0004,11-11-2024,2024-11-18,2024-11-19,1809,1709,212,Closed
PO_108231,SUP_016,PROD_0184,2024/11/04,2024-11-09,2024-11-15,740,677,345,Closed
PO_108232,SUP_196,PROD_0069,2024/04/20,2024-04-29,2024-05-02,1819,1720,483,Delayed
PO_108233,SUP_007,PROD_0261,2024/02/19,2024-02-25,2024-02-25,298,282,226,Closed
PO_108234,SUP_124,PROD_0246,02-05-2024,2024-05-14,2024-05-11,1837,1775,123,Delayed
PO_108235,SUP_115,PROD_0003,2024/11/15,2024-12-03,2024-12-08,1436,1328,324,Open
PO_108236,SUP_017,PROD_0004,2024/02/15,2024-02-21,2024-02-26,209,207,358,Delayed
PO_108237,SUP_135,PROD_0174,20-03-2024,2024-04-07,2024-04-11,450,426,130,Closed
PO_108238,SUP_073,PROD_0294,23-06-2024,2024-07-12,2024-07-09,515,448,172,Open
PO_108239,SUP_088,PROD_0253,2024/02/09,2024-02-15,2024-02-12,577,570,374,Closed
PO_108240,SUP_152,PROD_0144,20-06-2024,2024-07-02,2024-07-02,1426,1274,447,Delayed
PO_108241,SUP_103,PROD_0286,06-09-2024,2024-09-20,2024-09-24,867,822,70,Closed
PO_108242,SUP_150,PROD_0120,15-10-2024,2024-10-25,2024-10-30,917,843,409,Delayed
PO_108243,SUP_026,PROD_0205,10-02-2024,2024-02-17,2024-02-19,380,345,222,Closed
PO_108244,SUP_007,PROD_0177,2024/08/08,2024-08-22,2024-08-22,1545,1388,156,Closed
PO_108245,SUP_099,PROD_0286,2024/07/25,2024-08-12,2024-08-14,304,269,181,Open
PO_108246,SUP_160,PROD_0127,13-03-2024,2024-03-28,2024-03-31,1661,1420,471,Closed
PO_108247,SUP_024,PROD_0243,2024/10/24,2024-11-02,2024-11-01,670,629,481,Closed
PO_108248,SUP_182,PROD_0248,07-07-2024,2024-07-23,2024-07-23,978,905,291,Closed
PO_108249,SUP_149,PROD_0082,2024/02/03,2024-02-11,2024-02-13,370,366,92,Open
PO_108250,SUP_011,PROD_0241,2024/11/03,2024-11-15,2024-11-18,114,102,335,Delayed
PO_108251,SUP_062,PROD_0292,13-11-2024,2024-11-29,2024-12-01,305,293,159,Open
PO_108252,SUP_037,PROD_0116,04-10-2024,2024-10-22,2024-10-22,781,664,344,Delayed
PO_108253,SUP_064,PROD_0239,29-08-2024,2024-09-14,2024-09-17,1653,1647,270,Delayed
PO_108254,SUP_035,PROD_0188,2024/09/07,2024-09-13,2024-09-19,909,877,169,Closed
PO_108255,SUP_029,PROD_0080,2024/09/17,2024-10-03,2024-10-01,990,857,54,Delayed
PO_108256,SUP_021,PROD_0160,11-02-2024,2024-02-25,2024-02-26,371,336,417,Open
PO_108257,SUP_088,PROD_0131,30-01-2024,2024-02-11,2024-02-10,1076,1024,405,Open
PO_108258,SUP_035,PROD_0256,03-04-2024,2024-04-12,2024-04-14,857,746,330,Delayed
PO_108259,SUP_028,PROD_0151,03-04-2024,2024-04-08,2024-04-12,719,697,180,Delayed
PO_108260,SUP_131,PROD_0097,2024/07/16,2024-07-26,2024-08-01,1789,1587,382,Delayed
PO_108261,SUP_043,PROD_0293,15-09-2024,2024-09-29,2024-10-01,494,434,306,Delayed
PO_108262,SUP_177,PROD_0015,2024/08/10,2024-08-28,2024-08-25,1857,1693,177,Delayed
PO_108263,SUP_095,PROD_0045,04-08-2024,2024-08-23,2024-08-20,235,233,280,Open
PO_108264,SUP_016,PROD_0163,26-11-2024,2024-12-15,2024-12-16,630,567,447,Delayed
PO_108265,SUP_107,PROD_0154,2024/05/07,2024-05-14,2024-05-13,360,343,123,Closed
PO_108266,SUP_200,PROD_0184,2024/04/23,2024-05-02,2024-05-06,438,376,192,Closed
PO_108267,SUP_160,PROD_0300,2024/09/14,2024-09-25,2024-09-26,1085,1004,257,Closed
PO_108268,SUP_122,PROD_0244,29-12-2024,2025-01-09,2025-01-08,1837,1712,203,Closed
PO_108269,SUP_066,PROD_0124,21-03-2024,2024-04-08,2024-04-12,229,216,234,Closed
PO_108270,SUP_100,PROD_0021,26-05-2024,2024-06-11,2024-06-12,1586,1430,384,Open
PO_108271,SUP_147,PROD_0051,2024/04/27,2024-05-13,2024-05-15,816,786,317,Delayed
PO_108272,SUP_065,PROD_0141,28-09-2024,2024-10-04,2024-10-04,648,645,281,Delayed
PO_108273,SUP_195,PROD_0054,2024/10/22,2024-11-07,2024-11-12,784,681,148,Closed
PO_108274,SUP_021,PROD_0096,24-04-2024,2024-04-30,2024-05-05,1779,1565,146,Open
PO_108275,SUP_195,PROD_0295,2024/02/21,2024-03-11,2024-03-14,385,356,222,Closed
PO_108276,SUP_154,PROD_0265,2024/12/13,2024-12-21,2024-12-18,403,382,446,Closed
PO_108277,SUP_037,PROD_0257,2024/04/21,2024-04-29,2024-04-28,995,869,206,Closed
PO_108278,SUP_157,PROD_0280,2024/01/29,2024-02-17,2024-02-18,1741,1724,476,Closed
PO_108279,SUP_063,PROD_0285,05-01-2024,2024-01-21,2024-01-22,1170,1007,189,Closed
PO_108280,SUP_168,PROD_0040,2024/10/04,2024-10-21,2024-10-24,940,879,209,Closed
PO_108281,SUP_062,PROD_0124,2024/11/14,2024-11-26,2024-11-29,418,381,114,Open
PO_108282,SUP_080,PROD_0221,2024/05/21,2024-06-08,2024-06-14,815,810,176,Open
PO_108283,SUP_135,PROD_0186,2024/12/22,2024-12-31,2024-12-28,842,728,193,Open
PO_108284,SUP_048,PROD_0030,18-04-2024,2024-04-27,2024-04-29,1048,1013,347,Open
PO_108285,SUP_034,PROD_0021,25-03-2024,2024-04-12,2024-04-18,363,346,226,Delayed
PO_108286,SUP_035,PROD_0175,2024/11/29,2024-12-16,2024-12-19,399,389,271,Closed
PO_108287,SUP_141,PROD_0146,06-09-2024,2024-09-11,2024-09-09,377,322,435,Open
PO_108288,SUP_080,PROD_0263,06-07-2024,2024-07-16,2024-07-15,398,358,285,Delayed
PO_108289,SUP_130,PROD_0242,2024/11/11,2024-11-23,2024-11-21,1113,1075,303,Delayed
PO_108290,SUP_102,PROD_0246,04-09-2024,2024-09-15,2024-09-16,208,201,219,Open
PO_108291,SUP_049,PROD_0227,2024/08/21,2024-08-26,2024-08-26,1891,1814,286,Open
PO_108292,SUP_182,PROD_0295,2024/03/13,2024-03-19,2024-03-19,937,860,266,Delayed
PO_108293,SUP_087,PROD_0248,25-07-2024,2024-08-10,2024-08-07,280,271,135,Closed
PO_108294,SUP_119,PROD_0019,2024/03/30,2024-04-10,2024-04-16,656,626,498,Closed
PO_108295,SUP_095,PROD_0119,05-06-2024,2024-06-11,2024-06-14,410,373,232,Open
PO_108296,SUP_126,PROD_0226,07-06-2024,2024-06-14,2024-06-15,1203,1184,477,Open
PO_108297,SUP_132,PROD_0003,22-06-2024,2024-07-05,2024-07-03,1126,1095,314,Delayed
PO_108298,SUP_113,PROD_0200,26-09-2024,2024-10-02,2024-10-08,1657,1480,138,Open
PO_108299,SUP_091,PROD_0067,2024/09/26,2024-10-03,2024-10-07,1802,1702,221,Delayed
PO_108300,SUP_083,PROD_0015,27-04-2024,2024-05-04,2024-05-03,1664,1644,219,Closed
PO_108301,SUP_052,PROD_0244,2024/04/08,2024-04-14,2024-04-19,1279,1191,392,Closed
PO_108302,SUP_051,PROD_0128,05-12-2024,2024-12-15,2024-12-19,1161,1020,282,Closed
PO_108303,SUP_054,PROD_0021,2024/11/25,2024-12-10,2024-12-15,1683,1480,147,Delayed
PO_108304,SUP_110,PROD_0239,2024/11/15,2024-11-24,2024-11-29,1788,1657,216,Closed
PO_108305,SUP_136,PROD_0267,2024/11/18,2024-12-05,2024-12-02,697,622,297,Closed
PO_108306,SUP_113,PROD_0163,19-07-2024,2024-07-28,2024-08-02,1504,1279,372,Open
PO_108307,SUP_133,PROD_0007,2024/01/21,2024-02-04,2024-02-08,233,222,313,Delayed
PO_108308,SUP_032,PROD_0142,15-11-2024,2024-12-01,2024-11-29,1832,1640,159,Delayed
PO_108309,SUP_101,PROD_0281,27-07-2024,2024-08-15,2024-08-15,1694,1638,47,Delayed
PO_108310,SUP_191,PROD_0234,14-04-2024,2024-05-01,2024-05-02,896,786,468,Closed
PO_108311,SUP_109,PROD_0167,19-08-2024,2024-09-07,2024-09-13,626,572,357,Delayed
PO_108312,SUP_184,PROD_0075,08-11-2024,2024-11-17,2024-11-17,1926,1884,346,Closed
PO_108313,SUP_195,PROD_0186,2024/05/30,2024-06-07,2024-06-08,1412,1306,100,Closed
PO_108314,SUP_061,PROD_0057,2024/05/01,2024-05-13,2024-05-13,1189,1112,470,Open
PO_108315,SUP_175,PROD_0158,01-04-2024,2024-04-07,2024-04-04,580,575,271,Open
PO_108316,SUP_023,PROD_0101,2024/01/31,2024-02-13,2024-02-11,1585,1360,353,Open
PO_108317,SUP_003,PROD_0102,01-06-2024,2024-06-16,2024-06-18,401,362,346,Delayed
PO_108318,SUP_009,PROD_0284,2024/03/27,2024-04-01,2024-04-03,1960,1766,284,Delayed
PO_108319,SUP_001,PROD_0106,2024/12/15,2024-12-24,2024-12-23,951,821,163,Open
PO_108320,SUP_067,PROD_0076,2024/09/15,2024-09-27,2024-10-01,235,216,470,Delayed
PO_108321,SUP_126,PROD_0275,2024/07/25,2024-08-02,2024-08-01,1391,1351,220,Delayed
PO_108322,SUP_176,PROD_0216,2024/03/03,2024-03-13,2024-03-13,488,417,440,Closed
PO_108323,SUP_021,PROD_0045,2024/01/27,2024-02-06,2024-02-08,924,859,163,Closed
PO_108324,SUP_004,PROD_0145,2024/03/28,2024-04-05,2024-04-07,529,456,65,Closed
PO_108325,SUP_026,PROD_0087,23-08-2024,2024-09-10,2024-09-08,1055,1027,496,Delayed
PO_108326,SUP_066,PROD_0071,2024/05/07,2024-05-19,2024-05-18,548,483,181,Delayed
PO_108327,SUP_100,PROD_0091,2024/04/15,2024-04-22,2024-04-26,1493,1473,295,Closed
PO_108328,SUP_087,PROD_0225,2024/05/20,2024-05-30,2024-06-03,950,812,225,Open
PO_108329,SUP_105,PROD_0112,2024/08/05,2024-08-14,2024-08-12,1511,1505,170,Open
PO_108330,SUP_006,PROD_0194,29-01-2024,2024-02-07,2024-02-05,681,661,135,Closed
PO_108331,SUP_073,PROD_0165,2024/03/03,2024-03-16,2024-03-14,195,175,422,Delayed
PO_108332,SUP_017,PROD_0066,05-04-2024,2024-04-10,2024-04-07,1498,1474,333,Open
PO_108333,SUP_079,PROD_0209,2024/05/09,2024-05-25,2024-05-23,868,822,89,Closed
PO_108334,SUP_172,PROD_0242,2024/08/25,2024-08-30,2024-09-05,411,387,151,Delayed
PO_108335,SUP_063,PROD_0195,2024/04/30,2024-05-10,2024-05-10,447,435,425,Open
PO_108336,SUP_091,PROD_0034,2024/01/13,2024-01-29,2024-01-29,1875,1847,192,Closed
PO_108337,SUP_174,PROD_0081,2024/03/03,2024-03-14,2024-03-16,1125,986,313,Open
PO_108338,SUP_064,PROD_0001,2024/07/10,2024-07-26,2024-07-25,640,640,326,Delayed
PO_108339,SUP_024,PROD_0285,29-08-2024,2024-09-06,2024-09-06,126,123,428,Closed
PO_108340,SUP_017,PROD_0067,2024/06/07,2024-06-14,2024-06-12,1539,1406,132,Closed
PO_108341,SUP_036,PROD_0293,26-01-2024,2024-01-31,2024-02-03,1512,1484,100,Open
PO_108342,SUP_113,PROD_0262,2024/08/29,2024-09-11,2024-09-14,1861,1593,400,Closed
PO_108343,SUP_153,PROD_0111,25-05-2024,2024-06-05,2024-06-03,992,920,449,Delayed
PO_108344,SUP_139,PROD_0175,2024/04/30,2024-05-16,2024-05-18,1004,965,199,Open
PO_108345,SUP_105,PROD_0150,06-09-2024,2024-09-13,2024-09-17,1006,988,94,Delayed
PO_108346,SUP_068,PROD_0201,19-12-2024,2025-01-05,2025-01-06,582,569,118,Open
PO_108347,SUP_137,PROD_0216,29-04-2024,2024-05-07,2024-05-12,1399,1189,91,Delayed
PO_108348,SUP_014,PROD_0077,11-11-2024,2024-11-22,2024-11-21,894,869,143,Closed
PO_108349,SUP_089,PROD_0075,10-01-2024,2024-01-24,2024-01-29,376,323,168,Open
PO_108350,SUP_158,PROD_0228,2024/04/16,2024-04-24,2024-04-21,238,217,377,Delayed
PO_108351,SUP_169,PROD_0084,15-04-2024,2024-04-25,2024-04-26,1716,1632,284,Delayed
PO_108352,SUP_016,PROD_0098,26-10-2024,2024-11-12,2024-11-16,1901,1667,463,Open
PO_108353,SUP_139,PROD_0262,18-10-2024,2024-11-06,2024-11-05,1818,1734,306,Delayed
PO_108354,SUP_075,PROD_0118,2024/09/30,2024-10-13,2024-10-10,1036,901,163,Delayed
PO_108355,SUP_159,PROD_0265,11-01-2024,2024-01-27,2024-01-31,1534,1527,148,Delayed
PO_108356,SUP_122,PROD_0032,2024/08/10,2024-08-29,2024-08-31,1502,1299,321,Open
PO_108357,SUP_170,PROD_0253,20-12-2024,2025-01-03,2025-01-02,1921,1652,380,Delayed
PO_108358,SUP_041,PROD_0018,2024/07/07,2024-07-23,2024-07-27,1032,889,489,Delayed
PO_108359,SUP_185,PROD_0027,2024/06/13,2024-06-25,2024-06-28,1693,1580,321,Delayed
PO_108360,SUP_063,PROD_0279,2024/08/09,2024-08-22,2024-08-22,741,651,405,Closed
PO_108361,SUP_042,PROD_0293,2024/02/22,2024-03-13,2024-03-17,945,871,271,Delayed
PO_108362,SUP_158,PROD_0056,2024/05/09,2024-05-16,2024-05-14,858,767,153,Delayed
PO_108363,SUP_046,PROD_0027,09-09-2024,2024-09-15,2024-09-19,496,473,498,Delayed
PO_108364,SUP_004,PROD_0291,18-03-2024,2024-04-07,2024-04-06,629,608,495,Open
PO_108365,SUP_038,PROD_0120,28-08-2024,2024-09-10,2024-09-12,127,125,272,Closed
PO_108366,SUP_094,PROD_0171,2024/07/01,2024-07-10,2024-07-13,1484,1438,217,Delayed
PO_108367,SUP_032,PROD_0057,2024/08/15,2024-08-30,2024-09-03,935,835,495,Closed
PO_108368,SUP_089,PROD_0125,2024/01/19,2024-02-04,2024-02-07,1819,1570,204,Delayed
PO_108369,SUP_051,PROD_0105,2024/12/06,2024-12-19,2024-12-16,1087,1058,448,Open
PO_108370,SUP_156,PROD_0110,2024/03/21,2024-04-09,2024-04-06,1073,970,374,Open
PO_108371,SUP_065,PROD_0284,2024/11/13,2024-11-23,2024-11-24,442,391,139,Closed
PO_108372,SUP_121,PROD_0033,18-12-2024,2024-12-27,2025-01-01,1307,1119,46,Open
PO_108373,SUP_032,PROD_0280,2024/04/13,2024-05-03,2024-05-08,254,242,392,Delayed
PO_108374,SUP_187,PROD_0176,2024/10/27,2024-11-08,2024-11-13,532,485,339,Closed
PO_108375,SUP_144,PROD_0146,21-05-2024,2024-06-05,2024-06-09,1523,1308,393,Closed
PO_108376,SUP_136,PROD_0238,2024/09/16,2024-09-29,2024-09-26,1878,1599,228,Open
PO_108377,SUP_167,PROD_0237,10-11-2024,2024-11-17,2024-11-23,506,458,455,Closed
PO_108378,SUP_014,PROD_0213,2024/04/29,2024-05-10,2024-05-12,308,269,330,Closed
PO_108379,SUP_192,PROD_0291,06-05-2024,2024-05-20,2024-05-21,152,152,385,Delayed
PO_108380,SUP_063,PROD_0101,2024/12/08,2024-12-20,2024-12-25,1598,1411,355,Open
PO_108381,SUP_191,PROD_0269,13-12-2024,2025-01-02,2025-01-02,1469,1263,377,Open
PO_108382,SUP_136,PROD_0174,2024/10/08,2024-10-18,2024-10-24,1388,1324,465,Delayed
PO_108383,SUP_158,PROD_0172,14-09-2024,2024-09-21,2024-09-22,1159,1002,314,Open
PO_108384,SUP_047,PROD_0237,24-06-2024,2024-07-12,2024-07-16,661,586,246,Closed
PO_108385,SUP_072,PROD_0269,20-01-2024,2024-02-07,2024-02-07,901,887,190,Closed
PO_108386,SUP_070,PROD_0277,30-05-2024,2024-06-08,2024-06-13,1969,1728,360,Delayed
PO_108387,SUP_163,PROD_0234,13-03-2024,2024-03-27,2024-03-28,1007,980,256,Delayed
PO_108388,SUP_011,PROD_0059,2024/10/20,2024-11-01,2024-11-06,138,124,170,Closed
PO_108389,SUP_152,PROD_0056,2024/04/11,2024-04-30,2024-05-03,1863,1633,45,Delayed
PO_108390,SUP_173,PROD_0230,09-09-2024,2024-09-28,2024-09-25,1709,1562,209,Closed
PO_108391,SUP_059,PROD_0217,11-01-2024,2024-01-17,2024-01-16,1099,976,420,Closed
PO_108392,SUP_145,PROD_0005,11-06-2024,2024-06-27,2024-07-01,1165,1053,184,Closed
PO_108393,SUP_130,PROD_0261,2024/03/06,2024-03-15,2024-03-13,339,315,152,Delayed
PO_108394,SUP_121,PROD_0008,2024/11/24,2024-12-01,2024-12-06,929,867,261,Closed
PO_108395,SUP_106,PROD_0286,19-12-2024,2025-01-03,2025-01-07,426,405,433,Delayed
PO_108396,SUP_100,PROD_0291,16-09-2024,2024-09-29,2024-10-01,1529,1429,447,Delayed
PO_108397,SUP_003,PROD_0187,2024/02/07,2024-02-13,2024-02-15,508,459,413,Open
PO_108398,SUP_055,PROD_0022,2024/09/11,2024-09-25,2024-10-01,474,471,499,Closed
PO_108399,SUP_070,PROD_0182,2024/01/26,2024-02-15,2024-02-21,1294,1202,444,Open
PO_108400,SUP_171,PROD_0087,2024/02/06,2024-02-18,2024-02-24,1464,1343,53,Open
PO_108401,SUP_034,PROD_0163,2024/06/02,2024-06-17,2024-06-17,1599,1545,155,Delayed
PO_108402,SUP_168,PROD_0094,2024/10/30,2024-11-06,2024-11-10,1884,1847,321,Closed
PO_108403,SUP_180,PROD_0083,11-06-2024,2024-06-21,2024-06-20,1026,907,160,Open
PO_108404,SUP_017,PROD_0099,12-04-2024,2024-04-30,2024-04-28,1058,1039,96,Closed
PO_108405,SUP_092,PROD_0079,22-06-2024,2024-06-30,2024-07-04,1138,1043,88,Delayed
PO_108406,SUP_138,PROD_0109,2024/06/13,2024-06-18,2024-06-18,743,677,272,Open
PO_108407,SUP_167,PROD_0174,01-04-2024,2024-04-08,2024-04-06,1542,1431,487,Delayed
PO_108408,SUP_085,PROD_0235,21-07-2024,2024-07-28,2024-07-29,636,614,191,Delayed
PO_108409,SUP_042,PROD_0249,06-09-2024,2024-09-20,2024-09-20,269,267,491,Closed
PO_108410,SUP_011,PROD_0208,26-02-2024,2024-03-02,2024-03-06,724,662,262,Closed
PO_108411,SUP_104,PROD_0178,2024/01/05,2024-01-15,2024-01-12,152,149,256,Closed
PO_108412,SUP_165,PROD_0148,2024/04/06,2024-04-16,2024-04-13,721,632,109,Closed
PO_108413,SUP_076,PROD_0257,2024/05/22,2024-06-10,2024-06-07,635,579,120,Closed
PO_108414,SUP_006,PROD_0288,08-02-2024,2024-02-19,2024-02-22,1088,1081,110,Closed
PO_108415,SUP_177,PROD_0282,2024/03/13,2024-03-19,2024-03-16,1181,1177,202,Open
PO_108416,SUP_099,PROD_0153,14-06-2024,2024-06-23,2024-06-21,1903,1758,331,Delayed
PO_108417,SUP_030,PROD_0069,11-07-2024,2024-07-25,2024-07-25,302,257,50,Delayed
PO_108418,SUP_092,PROD_0253,07-09-2024,2024-09-25,2024-09-27,1981,1741,306,Delayed
PO_108419,SUP_134,PROD_0089,25-12-2024,2025-01-14,2025-01-19,1662,1529,256,Delayed
PO_108420,SUP_045,PROD_0292,2024/10/22,2024-11-11,2024-11-17,493,451,168,Delayed
PO_108421,SUP_003,PROD_0062,2024/01/09,2024-01-29,2024-01-30,388,357,245,Open
PO_108422,SUP_090,PROD_0017,01-02-2024,2024-02-09,2024-02-13,1078,972,218,Delayed
PO_108423,SUP_110,PROD_0220,08-02-2024,2024-02-26,2024-03-02,350,316,223,Delayed
PO_108424,SUP_005,PROD_0108,08-01-2024,2024-01-26,2024-01-31,113,96,99,Delayed
PO_108425,SUP_079,PROD_0227,29-11-2024,2024-12-07,2024-12-13,1043,989,413,Open
PO_108426,SUP_144,PROD_0277,2024/11/14,2024-11-29,2024-11-30,1890,1890,187,Delayed
PO_108427,SUP_147,PROD_0105,20-06-2024,2024-06-25,2024-06-25,1743,1494,291,Open
PO_108428,SUP_151,PROD_0209,2024/02/17,2024-02-22,2024-02-27,1437,1225,192,Delayed
PO_108429,SUP_141,PROD_0256,2024/12/30,2025-01-13,2025-01-16,421,386,68,Delayed
PO_108430,SUP_101,PROD_0119,05-06-2024,2024-06-17,2024-06-16,443,413,91,Closed
PO_108431,SUP_090,PROD_0066,05-11-2024,2024-11-25,2024-11-28,1840,1688,297,Delayed
PO_108432,SUP_181,PROD_0088,2024/02/18,2024-03-04,2024-03-05,1069,1063,197,Delayed
PO_108433,SUP_136,PROD_0118,01-07-2024,2024-07-16,2024-07-20,824,746,200,Closed
PO_108434,SUP_008,PROD_0242,2024/08/11,2024-08-27,2024-08-28,247,226,136,Open
PO_108435,SUP_198,PROD_0002,07-05-2024,2024-05-16,2024-05-22,1093,976,331,Closed
PO_108436,SUP_169,PROD_0005,2024/04/05,2024-04-13,2024-04-12,581,577,387,Closed
PO_108437,SUP_122,PROD_0031,2024/03/20,2024-03-29,2024-04-03,1127,1003,313,Delayed
PO_108438,SUP_109,PROD_0059,10-08-2024,2024-08-15,2024-08-12,1400,1197,220,Delayed
PO_108439,SUP_150,PROD_0254,27-05-2024,2024-06-04,2024-06-01,1757,1735,451,Delayed
PO_108440,SUP_141,PROD_0202,25-11-2024,2024-12-14,2024-12-16,485,436,497,Delayed
PO_108441,SUP_038,PROD_0060,2024/11/23,2024-12-13,2024-12-17,520,498,246,Delayed
PO_108442,SUP_171,PROD_0010,2024/06/20,2024-07-10,2024-07-09,1858,1715,126,Delayed
PO_108443,SUP_190,PROD_0151,22-12-2024,2025-01-03,2025-01-06,1332,1179,85,Delayed
PO_108444,SUP_149,PROD_0043,2024/04/18,2024-04-24,2024-04-29,992,976,348,Closed
PO_108445,SUP_034,PROD_0231,20-10-2024,2024-10-28,2024-11-01,713,704,203,Open
PO_108446,SUP_065,PROD_0057,2024/11/22,2024-12-03,2024-12-07,1861,1598,44,Closed
PO_108447,SUP_074,PROD_0041,2024/04/12,2024-04-24,2024-04-27,1683,1447,121,Open
PO_108448,SUP_142,PROD_0120,05-11-2024,2024-11-14,2024-11-18,1065,923,373,Delayed
PO_108449,SUP_111,PROD_0168,2024/04/24,2024-05-12,2024-05-13,1291,1212,50,Closed
PO_108450,SUP_154,PROD_0016,04-08-2024,2024-08-24,2024-08-23,1308,1130,373,Closed
PO_108451,SUP_125,PROD_0133,12-02-2024,2024-02-28,2024-03-01,656,593,45,Delayed
PO_108452,SUP_128,PROD_0050,05-09-2024,2024-09-10,2024-09-10,1934,1890,324,Open
PO_108453,SUP_198,PROD_0243,2024/09/04,2024-09-18,2024-09-24,1907,1713,51,Closed
PO_108454,SUP_102,PROD_0075,13-03-2024,2024-03-29,2024-03-29,580,518,495,Closed
PO_108455,SUP_177,PROD_0026,2024/12/20,2025-01-04,2025-01-08,921,900,117,Closed
PO_108456,SUP_184,PROD_0188,2024/07/16,2024-08-03,2024-08-09,596,570,102,Open
PO_108457,SUP_154,PROD_0184,29-03-2024,2024-04-06,2024-04-11,991,941,112,Closed
PO_108458,SUP_066,PROD_0105,24-10-2024,2024-11-06,2024-11-11,1107,1014,184,Delayed
PO_108459,SUP_150,PROD_0081,2024/01/30,2024-02-10,2024-02-11,391,358,237,Closed
PO_108460,SUP_029,PROD_0010,06-06-2024,2024-06-19,2024-06-20,1248,1154,147,Open
PO_108461,SUP_117,PROD_0252,21-06-2024,2024-07-08,2024-07-05,243,216,344,Delayed
PO_108462,SUP_190,PROD_0276,18-07-2024,2024-08-07,2024-08-09,1414,1207,426,Open
PO_108463,SUP_118,PROD_0064,2024/04/09,2024-04-23,2024-04-25,1526,1302,392,Open
PO_108464,SUP_083,PROD_0020,2024/02/23,2024-03-13,2024-03-18,145,128,249,Open
PO_108465,SUP_106,PROD_0151,04-06-2024,2024-06-24,2024-06-23,373,367,143,Closed
PO_108466,SUP_125,PROD_0294,24-01-2024,2024-02-02,2024-01-30,1975,1898,268,Open
PO_108467,SUP_059,PROD_0152,21-08-2024,2024-09-06,2024-09-11,265,242,393,Open
PO_108468,SUP_146,PROD_0198,2024/08/14,2024-08-31,2024-08-30,574,539,243,Delayed
PO_108469,SUP_002,PROD_0134,06-05-2024,2024-05-25,2024-05-30,1946,1834,258,Delayed
PO_108470,SUP_065,PROD_0030,2024/09/09,2024-09-29,2024-10-02,1086,987,474,Delayed
PO_108471,SUP_090,PROD_0044,2024/06/27,2024-07-02,2024-07-05,1714,1519,369,Closed
PO_108472,SUP_046,PROD_0073,2024/06/26,2024-07-12,2024-07-15,803,740,447,Delayed
PO_108473,SUP_141,PROD_0006,11-10-2024,2024-10-19,2024-10-19,929,857,113,Open
PO_108474,SUP_150,PROD_0174,2024/09/03,2024-09-23,2024-09-29,548,471,141,Closed
PO_108475,SUP_173,PROD_0198,2024/11/16,2024-12-05,2024-12-10,891,808,378,Delayed
PO_108476,SUP_009,PROD_0099,2024/02/25,2024-03-09,2024-03-07,567,558,202,Open
PO_108477,SUP_005,PROD_0035,25-09-2024,2024-10-10,2024-10-08,713,615,458,Delayed
PO_108478,SUP_140,PROD_0164,2024/01/13,2024-01-30,2024-02-03,1096,975,157,Delayed
PO_108479,SUP_030,PROD_0172,30-04-2024,2024-05-19,2024-05-20,1999,1874,277,Delayed
PO_108480,SUP_001,PROD_0266,24-05-2024,2024-06-13,2024-06-13,1138,995,487,Closed
PO_108481,SUP_171,PROD_0246,01-02-2024,2024-02-17,2024-02-16,286,270,125,Delayed
PO_108482,SUP_158,PROD_0273,2024/07/30,2024-08-19,2024-08-24,874,841,399,Open
PO_108483,SUP_059,PROD_0105,28-05-2024,2024-06-13,2024-06-13,598,523,304,Closed
PO_108484,SUP_023,PROD_0021,2024/08/12,2024-08-26,2024-08-30,919,901,52,Open
PO_108485,SUP_068,PROD_0041,2024/08/22,2024-09-02,2024-09-04,604,547,160,Open
PO_108486,SUP_146,PROD_0275,16-02-2024,2024-02-26,2024-03-01,1719,1468,430,Closed
PO_108487,SUP_051,PROD_0170,2024/08/22,2024-08-31,2024-08-28,1357,1194,351,Open
PO_108488,SUP_092,PROD_0175,06-02-2024,2024-02-15,2024-02-12,1365,1239,311,Delayed
PO_108489,SUP_175,PROD_0281,23-07-2024,2024-08-12,2024-08-09,121,116,186,Closed
PO_108490,SUP_050,PROD_0141,20-02-2024,2024-02-29,2024-03-05,139,121,327,Closed
PO_108491,SUP_003,PROD_0272,19-07-2024,2024-07-30,2024-08-04,957,864,77,Closed
PO_108492,SUP_163,PROD_0071,2024/02/22,2024-03-09,2024-03-09,802,791,425,Open
PO_108493,SUP_010,PROD_0261,11-10-2024,2024-10-16,2024-10-13,1751,1696,412,Closed
PO_108494,SUP_140,PROD_0160,12-10-2024,2024-10-26,2024-10-24,1331,1158,236,Delayed
PO_108495,SUP_186,PROD_0185,2024/05/13,2024-05-26,2024-05-30,676,637,239,Delayed
PO_108496,SUP_139,PROD_0102,26-03-2024,2024-04-07,2024-04-06,1457,1384,414,Open
PO_108497,SUP_136,PROD_0119,03-09-2024,2024-09-21,2024-09-26,1919,1728,496,Open
PO_108498,SUP_120,PROD_0285,11-07-2024,2024-07-20,2024-07-21,330,305,351,Closed
PO_108499,SUP_144,PROD_0188,2024/02/20,2024-03-01,2024-03-05,1161,1091,234,Delayed
PO_108500,SUP_153,PROD_0186,28-08-2024,2024-09-14,2024-09-18,1537,1404,143,Delayed
PO_108501,SUP_169,PROD_0209,2024/09/23,2024-09-29,2024-10-04,760,701,418,Open
PO_108502,SUP_177,PROD_0156,14-03-2024,2024-03-22,2024-03-25,1849,1840,498,Open
PO_108503,SUP_032,PROD_0027,2024/10/09,2024-10-26,2024-10-27,1874,1760,487,Closed
PO_108504,SUP_170,PROD_0193,2024/11/28,2024-12-05,2024-12-10,682,617,449,Closed
PO_108505,SUP_137,PROD_0123,03-01-2024,2024-01-13,2024-01-12,1761,1660,492,Delayed
PO_108506,SUP_058,PROD_0178,2024/06/14,2024-07-04,2024-07-09,1171,1029,50,Open
PO_108507,SUP_047,PROD_0227,2024/03/29,2024-04-17,2024-04-17,1984,1888,380,Closed
PO_108508,SUP_002,PROD_0042,11-08-2024,2024-08-30,2024-08-27,914,896,114,Delayed
PO_108509,SUP_182,PROD_0276,2024/11/30,2024-12-10,2024-12-13,301,300,88,Closed
PO_108510,SUP_166,PROD_0294,2024/11/07,2024-11-22,2024-11-25,1539,1464,70,Closed
PO_108511,SUP_178,PROD_0123,02-04-2024,2024-04-14,2024-04-13,1606,1467,139,Delayed
PO_108512,SUP_188,PROD_0245,2024/06/23,2024-07-06,2024-07-03,267,239,424,Closed
PO_108513,SUP_119,PROD_0087,2024/02/05,2024-02-12,2024-02-11,146,129,472,Closed
PO_108514,SUP_161,PROD_0049,2024/07/20,2024-08-01,2024-07-30,1100,1093,191,Delayed
PO_108515,SUP_005,PROD_0172,2024/04/24,2024-05-03,2024-05-07,596,574,154,Open
PO_108516,SUP_036,PROD_0197,05-05-2024,2024-05-20,2024-05-21,994,953,339,Closed
PO_108517,SUP_191,PROD_0218,2024/05/11,2024-05-20,2024-05-26,1589,1578,343,Open
PO_108518,SUP_109,PROD_0105,2024/04/24,2024-04-29,2024-05-03,667,592,107,Delayed
PO_108519,SUP_007,PROD_0005,2024/11/17,2024-11-24,2024-11-23,403,353,310,Closed
PO_108520,SUP_174,PROD_0210,2024/11/24,2024-12-14,2024-12-11,1395,1190,436,Delayed
PO_108521,SUP_063,PROD_0128,16-12-2024,2024-12-27,2024-12-25,685,631,73,Closed
PO_108522,SUP_141,PROD_0132,2024/03/22,2024-04-03,2024-04-09,545,506,143,Delayed
PO_108523,SUP_175,PROD_0173,2024/05/23,2024-06-11,2024-06-13,1779,1592,81,Closed
PO_108524,SUP_006,PROD_0196,28-09-2024,2024-10-13,2024-10-18,1277,1201,264,Delayed
PO_108525,SUP_057,PROD_0231,2024/02/08,2024-02-20,2024-02-19,372,368,483,Delayed
PO_108526,SUP_101,PROD_0160,09-01-2024,2024-01-14,2024-01-14,314,284,162,Closed
PO_108527,SUP_057,PROD_0296,2024/11/05,2024-11-10,2024-11-08,773,771,386,Open
PO_108528,SUP_109,PROD_0185,2024/10/13,2024-10-25,2024-10-25,1517,1299,108,Delayed
PO_108529,SUP_167,PROD_0274,2024/01/07,2024-01-15,2024-01-14,1180,1159,76,Closed
PO_108530,SUP_016,PROD_0127,2024/11/21,2024-12-08,2024-12-09,783,776,347,Delayed
PO_108531,SUP_018,PROD_0104,2024/01/27,2024-02-02,2024-02-05,1053,967,440,Open
PO_108532,SUP_089,PROD_0203,13-10-2024,2024-10-19,2024-10-22,1385,1193,449,Closed
PO_108533,SUP_125,PROD_0093,2024/02/27,2024-03-18,2024-03-19,1066,960,111,Open
PO_108534,SUP_039,PROD_0247,20-01-2024,2024-02-07,2024-02-12,1219,1122,407,Delayed
PO_108535,SUP_182,PROD_0029,2024/04/11,2024-04-29,2024-05-02,1225,1154,344,Closed
PO_108536,SUP_131,PROD_0105,2024/06/02,2024-06-11,2024-06-09,1200,1047,48,Open
PO_108537,SUP_198,PROD_0191,2024/11/05,2024-11-14,2024-11-14,1575,1400,295,Delayed
PO_108538,SUP_006,PROD_0234,03-06-2024,2024-06-12,2024-06-09,774,685,250,Open
PO_108539,SUP_046,PROD_0277,28-03-2024,2024-04-14,2024-04-18,749,636,238,Open
PO_108540,SUP_005,PROD_0138,04-05-2024,2024-05-10,2024-05-10,913,887,100,Delayed
PO_108541,SUP_145,PROD_0175,11-01-2024,2024-01-26,2024-01-24,104,88,51,Closed
PO_108542,SUP_037,PROD_0231,2024/11/15,2024-12-05,2024-12-04,909,798,178,Open
PO_108543,SUP_063,PROD_0171,21-08-2024,2024-09-06,2024-09-05,1836,1694,44,Closed
PO_108544,SUP_048,PROD_0129,08-07-2024,2024-07-28,2024-07-27,581,552,336,Open
PO_108545,SUP_149,PROD_0162,2024/03/17,2024-04-01,2024-04-06,1304,1265,89,Open
PO_108546,SUP_109,PROD_0192,2024/06/07,2024-06-25,2024-06-27,283,264,334,Closed
PO_108547,SUP_144,PROD_0284,26-02-2024,2024-03-14,2024-03-11,1724,1597,144,Delayed
PO_108548,SUP_178,PROD_0253,30-09-2024,2024-10-20,2024-10-25,1796,1590,353,Open
PO_108549,SUP_129,PROD_0006,25-04-2024,2024-05-11,2024-05-10,1163,1161,322,Delayed
PO_108550,SUP_170,PROD_0020,28-09-2024,2024-10-08,2024-10-08,299,296,199,Closed
PO_108551,SUP_148,PROD_0265,27-06-2024,2024-07-06,2024-07-03,123,123,374,Closed
PO_108552,SUP_139,PROD_0245,2024/05/28,2024-06-07,2024-06-10,1275,1222,395,Closed
PO_108553,SUP_151,PROD_0300,2024/06/10,2024-06-22,2024-06-23,872,854,293,Delayed
PO_108554,SUP_018,PROD_0128,15-09-2024,2024-09-30,2024-09-27,1644,1427,262,Delayed
PO_108555,SUP_185,PROD_0274,2024/03/18,2024-03-26,2024-03-30,1996,1962,310,Delayed
PO_108556,SUP_104,PROD_0261,16-11-2024,2024-11-23,2024-11-26,1422,1329,134,Open
PO_108557,SUP_136,PROD_0148,12-03-2024,2024-03-22,2024-03-22,1896,1766,478,Open
PO_108558,SUP_082,PROD_0155,2024/07/23,2024-07-30,2024-07-28,1043,1038,330,Delayed
PO_108559,SUP_200,PROD_0006,07-07-2024,2024-07-26,2024-07-24,1493,1344,461,Delayed
PO_108560,SUP_032,PROD_0132,11-05-2024,2024-05-25,2024-05-23,844,802,138,Closed
PO_108561,SUP_025,PROD_0270,17-12-2024,2024-12-28,2024-12-26,1972,1732,464,Delayed
PO_108562,SUP_093,PROD_0202,2024/07/12,2024-08-01,2024-07-29,717,715,462,Closed
PO_108563,SUP_098,PROD_0263,06-01-2024,2024-01-12,2024-01-16,361,349,261,Open
PO_108564,SUP_165,PROD_0218,2024/02/06,2024-02-24,2024-02-25,1623,1452,493,Closed
PO_108565,SUP_074,PROD_0151,2024/01/27,2024-02-11,2024-02-16,1665,1503,420,Closed
PO_108566,SUP_041,PROD_0275,2024/03/09,2024-03-19,2024-03-23,1700,1483,111,Closed
PO_108567,SUP_042,PROD_0139,2024/08/04,2024-08-22,2024-08-23,1760,1622,486,Closed
PO_108568,SUP_160,PROD_0056,2024/06/10,2024-06-25,2024-06-29,714,702,397,Closed
PO_108569,SUP_058,PROD_0131,2024/04/15,2024-05-05,2024-05-07,1289,1188,336,Delayed
PO_108570,SUP_029,PROD_0204,2024/04/05,2024-04-16,2024-04-21,1191,1163,85,Open
PO_108571,SUP_157,PROD_0070,2024/07/15,2024-08-03,2024-08-05,985,883,327,Open
PO_108572,SUP_085,PROD_0241,27-11-2024,2024-12-16,2024-12-19,1163,1157,56,Delayed
PO_108573,SUP_072,PROD_0215,14-08-2024,2024-08-30,2024-08-28,488,438,87,Open
PO_108574,SUP_004,PROD_0222,2024/09/12,2024-09-30,2024-09-29,312,274,151,Delayed
PO_108575,SUP_128,PROD_0070,2024/05/25,2024-06-07,2024-06-08,1052,973,361,Open
PO_108576,SUP_198,PROD_0256,2024/06/14,2024-07-04,2024-07-07,1327,1207,340,Closed
PO_108577,SUP_052,PROD_0114,23-02-2024,2024-03-08,2024-03-13,1312,1216,479,Closed
PO_108578,SUP_127,PROD_0059,2024/11/11,2024-11-29,2024-11-26,237,224,199,Delayed
PO_108579,SUP_067,PROD_0140,22-10-2024,2024-11-10,2024-11-14,1448,1314,463,Delayed
PO_108580,SUP_117,PROD_0233,2024/07/05,2024-07-22,2024-07-20,639,582,59,Closed
PO_108581,SUP_098,PROD_0130,17-09-2024,2024-10-01,2024-09-29,1798,1542,498,Open
PO_108582,SUP_035,PROD_0237,2024/05/06,2024-05-22,2024-05-21,1324,1228,153,Delayed
PO_108583,SUP_117,PROD_0093,24-12-2024,2025-01-13,2025-01-13,1524,1325,376,Delayed
PO_108584,SUP_034,PROD_0223,2024/08/08,2024-08-21,2024-08-23,1769,1550,491,Open
PO_108585,SUP_057,PROD_0143,2024/11/12,2024-11-19,2024-11-23,1761,1672,171,Delayed
PO_108586,SUP_133,PROD_0006,2024/03/24,2024-04-03,2024-04-07,1552,1409,343,Open
PO_108587,SUP_194,PROD_0287,2024/05/15,2024-06-04,2024-06-01,213,212,402,Closed
PO_108588,SUP_089,PROD_0210,03-01-2024,2024-01-12,2024-01-18,954,873,374,Closed
PO_108589,SUP_038,PROD_0279,19-07-2024,2024-08-01,2024-07-29,1680,1650,336,Closed
PO_108590,SUP_046,PROD_0211,2024/08/14,2024-08-21,2024-08-20,1628,1445,446,Closed
PO_108591,SUP_077,PROD_0024,11-01-2024,2024-01-28,2024-02-02,1033,990,128,Open
PO_108592,SUP_003,PROD_0143,09-05-2024,2024-05-16,2024-05-19,1869,1698,299,Closed
PO_108593,SUP_194,PROD_0234,22-09-2024,2024-09-29,2024-09-28,1045,1006,288,Open
PO_108594,SUP_197,PROD_0136,2024/12/13,2024-12-23,2024-12-27,1197,1065,349,Open
PO_108595,SUP_129,PROD_0042,05-10-2024,2024-10-25,2024-10-24,652,588,110,Closed
PO_108596,SUP_140,PROD_0005,2024/12/21,2025-01-07,2025-01-09,1805,1723,69,Closed
PO_108597,SUP_163,PROD_0135,25-02-2024,2024-03-14,2024-03-15,1003,992,64,Delayed
PO_108598,SUP_166,PROD_0111,26-08-2024,2024-09-10,2024-09-10,1537,1352,178,Delayed
PO_108599,SUP_173,PROD_0294,2024/11/21,2024-12-05,2024-12-07,870,799,462,Closed
PO_108600,SUP_010,PROD_0281,2024/03/11,2024-03-18,2024-03-22,278,247,468,Closed
PO_108601,SUP_066,PROD_0292,06-10-2024,2024-10-14,2024-10-20,648,639,68,Open
PO_108602,SUP_099,PROD_0227,22-08-2024,2024-09-07,2024-09-13,1723,1582,490,Open
PO_108603,SUP_140,PROD_0210,20-09-2024,2024-10-04,2024-10-06,660,623,337,Delayed
PO_108604,SUP_037,PROD_0119,2024/09/25,2024-10-03,2024-10-03,1131,987,385,Delayed
PO_108605,SUP_072,PROD_0232,20-02-2024,2024-03-09,2024-03-13,1691,1517,404,Delayed
PO_108606,SUP_133,PROD_0265,23-09-2024,2024-10-05,2024-10-05,829,789,233,Closed
PO_108607,SUP_174,PROD_0298,2024/09/18,2024-09-28,2024-09-27,1014,981,44,Open
PO_108608,SUP_047,PROD_0297,2024/08/21,2024-09-10,2024-09-10,167,166,312,Delayed
PO_108609,SUP_036,PROD_0109,09-06-2024,2024-06-15,2024-06-19,1801,1751,264,Delayed
PO_108610,SUP_100,PROD_0126,2024/02/15,2024-02-21,2024-02-22,1881,1670,256,Delayed
PO_108611,SUP_034,PROD_0038,10-01-2024,2024-01-17,2024-01-19,1766,1632,193,Delayed
PO_108612,SUP_168,PROD_0213,2024/10/27,2024-11-03,2024-11-02,1410,1371,133,Open
PO_108613,SUP_164,PROD_0296,06-04-2024,2024-04-14,2024-04-20,632,569,413,Delayed
PO_108614,SUP_085,PROD_0259,17-03-2024,2024-04-04,2024-04-06,1491,1281,93,Closed
PO_108615,SUP_166,PROD_0086,2024/01/04,2024-01-14,2024-01-14,288,250,205,Delayed
PO_108616,SUP_157,PROD_0080,25-12-2024,2024-12-30,2025-01-05,941,814,75,Closed
PO_108617,SUP_122,PROD_0115,2024/10/08,2024-10-22,2024-10-22,764,650,415,Delayed
PO_108618,SUP_049,PROD_0267,23-09-2024,2024-09-29,2024-10-02,754,646,281,Closed
PO_108619,SUP_050,PROD_0094,01-08-2024,2024-08-16,2024-08-21,728,705,475,Open
PO_108620,SUP_001,PROD_0205,26-06-2024,2024-07-10,2024-07-07,1611,1452,224,Open
PO_108621,SUP_154,PROD_0267,16-09-2024,2024-09-24,2024-09-26,634,584,360,Delayed
PO_108622,SUP_145,PROD_0224,21-03-2024,2024-03-29,2024-04-02,1540,1342,281,Closed
PO_108623,SUP_106,PROD_0247,23-10-2024,2024-11-02,2024-11-02,1579,1369,386,Delayed
PO_108624,SUP_036,PROD_0232,03-06-2024,2024-06-16,2024-06-19,252,233,376,Closed
PO_108625,SUP_181,PROD_0197,2024/01/13,2024-02-01,2024-02-04,1586,1462,383,Delayed
PO_108626,SUP_183,PROD_0154,2024/05/09,2024-05-14,2024-05-11,303,286,364,Delayed
PO_108627,SUP_094,PROD_0098,2024/11/27,2024-12-15,2024-12-18,1299,1192,346,Delayed
PO_108628,SUP_014,PROD_0282,11-07-2024,2024-07-16,2024-07-20,279,253,114,Delayed
PO_108629,SUP_197,PROD_0178,2024/08/31,2024-09-17,2024-09-19,1534,1400,119,Closed
PO_108630,SUP_164,PROD_0265,04-04-2024,2024-04-18,2024-04-22,355,334,312,Closed
PO_108631,SUP_074,PROD_0163,17-11-2024,2024-12-01,2024-12-01,1034,1011,92,Closed
PO_108632,SUP_007,PROD_0233,13-07-2024,2024-07-19,2024-07-25,923,864,421,Closed
PO_108633,SUP_042,PROD_0038,2024/08/23,2024-09-11,2024-09-13,1692,1554,485,Delayed
PO_108634,SUP_129,PROD_0036,2024/01/05,2024-01-23,2024-01-26,1111,1074,267,Delayed
PO_108635,SUP_111,PROD_0258,2024/04/12,2024-04-17,2024-04-15,916,847,143,Closed
PO_108636,SUP_151,PROD_0049,2024/08/05,2024-08-17,2024-08-17,995,905,81,Open
PO_108637,SUP_141,PROD_0253,23-06-2024,2024-07-11,2024-07-13,1036,1021,123,Closed
PO_108638,SUP_098,PROD_0095,2024/12/02,2024-12-15,2024-12-13,1582,1550,195,Delayed
PO_108639,SUP_015,PROD_0149,2024/05/01,2024-05-07,2024-05-06,904,872,456,Closed
PO_108640,SUP_191,PROD_0209,12-10-2024,2024-10-30,2024-11-03,1489,1460,287,Open
PO_108641,SUP_170,PROD_0295,07-02-2024,2024-02-15,2024-02-16,1983,1981,255,Closed
PO_108642,SUP_038,PROD_0266,2024/03/18,2024-03-30,2024-04-02,1933,1658,142,Delayed
PO_108643,SUP_002,PROD_0038,2024/12/04,2024-12-14,2024-12-20,1017,918,347,Open
PO_108644,SUP_063,PROD_0276,05-09-2024,2024-09-14,2024-09-11,1256,1252,262,Open
PO_108645,SUP_054,PROD_0228,17-07-2024,2024-08-06,2024-08-08,238,226,359,Open
PO_108646,SUP_124,PROD_0155,2024/01/13,2024-01-25,2024-01-31,1876,1637,409,Open
PO_108647,SUP_001,PROD_0176,28-04-2024,2024-05-10,2024-05-16,1006,911,385,Closed
PO_108648,SUP_010,PROD_0053,2024/10/08,2024-10-19,2024-10-19,1791,1672,232,Open
PO_108649,SUP_139,PROD_0288,2024/09/07,2024-09-15,2024-09-17,255,249,82,Delayed
PO_108650,SUP_044,PROD_0152,28-12-2024,2025-01-07,2025-01-11,207,207,163,Delayed
PO_108651,SUP_115,PROD_0138,2024/02/02,2024-02-14,2024-02-17,179,163,196,Open
PO_108652,SUP_078,PROD_0010,17-08-2024,2024-09-03,2024-09-06,1690,1573,411,Closed
PO_108653,SUP_071,PROD_0267,2024/10/19,2024-10-28,2024-11-01,779,779,299,Closed
PO_108654,SUP_116,PROD_0096,2024/09/07,2024-09-26,2024-09-28,1314,1159,195,Open
PO_108655,SUP_097,PROD_0238,09-12-2024,2024-12-15,2024-12-13,1310,1203,117,Delayed
PO_108656,SUP_122,PROD_0062,10-06-2024,2024-06-30,2024-07-06,1391,1358,236,Closed
PO_108657,SUP_142,PROD_0234,03-11-2024,2024-11-14,2024-11-16,342,297,484,Open
PO_108658,SUP_053,PROD_0225,09-06-2024,2024-06-15,2024-06-20,1751,1690,96,Closed
PO_108659,SUP_027,PROD_0220,2024/04/21,2024-05-06,2024-05-05,689,659,118,Open
PO_108660,SUP_042,PROD_0238,17-06-2024,2024-06-29,2024-07-04,630,552,201,Open
PO_108661,SUP_161,PROD_0284,2024/05/19,2024-06-07,2024-06-09,1655,1520,143,Delayed
PO_108662,SUP_133,PROD_0076,2024/11/27,2024-12-06,2024-12-03,283,279,184,Closed
PO_108663,SUP_174,PROD_0294,11-04-2024,2024-05-01,2024-05-07,1800,1725,447,Delayed
PO_108664,SUP_022,PROD_0206,29-07-2024,2024-08-13,2024-08-10,877,833,253,Open
PO_108665,SUP_008,PROD_0122,26-09-2024,2024-10-13,2024-10-15,293,269,81,Open
PO_108666,SUP_176,PROD_0027,2024/07/08,2024-07-16,2024-07-21,1487,1369,68,Open
PO_108667,SUP_195,PROD_0248,2024/12/01,2024-12-06,2024-12-08,967,943,474,Delayed
PO_108668,SUP_070,PROD_0110,05-04-2024,2024-04-13,2024-04-13,993,982,49,Closed
PO_108669,SUP_060,PROD_0253,2024/01/13,2024-01-31,2024-01-31,1575,1473,351,Closed
PO_108670,SUP_174,PROD_0256,04-05-2024,2024-05-22,2024-05-28,1537,1475,98,Delayed
PO_108671,SUP_051,PROD_0004,2024/08/19,2024-08-29,2024-08-27,1280,1264,90,Delayed
PO_108672,SUP_011,PROD_0016,10-11-2024,2024-11-18,2024-11-21,776,693,86,Open
PO_108673,SUP_171,PROD_0017,04-04-2024,2024-04-12,2024-04-14,507,432,209,Delayed
PO_108674,SUP_016,PROD_0096,16-04-2024,2024-05-01,2024-05-06,1021,869,488,Closed
PO_108675,SUP_028,PROD_0279,04-12-2024,2024-12-20,2024-12-22,1452,1349,226,Delayed
PO_108676,SUP_151,PROD_0135,2024/10/23,2024-10-28,2024-10-25,1436,1256,206,Closed
PO_108677,SUP_052,PROD_0101,2024/03/08,2024-03-24,2024-03-26,1459,1305,175,Delayed
PO_108678,SUP_045,PROD_0155,28-03-2024,2024-04-08,2024-04-07,1420,1257,440,Closed
PO_108679,SUP_064,PROD_0009,2024/03/13,2024-03-28,2024-04-02,1446,1284,365,Open
PO_108680,SUP_109,PROD_0297,2024/11/18,2024-11-25,2024-11-25,376,319,111,Open
PO_108681,SUP_059,PROD_0007,2024/11/28,2024-12-18,2024-12-19,710,680,294,Delayed
PO_108682,SUP_114,PROD_0285,2024/09/19,2024-09-27,2024-09-25,1817,1550,55,Delayed
PO_108683,SUP_079,PROD_0174,12-10-2024,2024-11-01,2024-11-04,1789,1625,234,Closed
PO_108684,SUP_132,PROD_0153,2024/05/28,2024-06-08,2024-06-08,818,723,387,Open
PO_108685,SUP_012,PROD_0102,2024/01/21,2024-01-28,2024-01-26,1139,1018,429,Delayed
PO_108686,SUP_084,PROD_0013,23-07-2024,2024-07-30,2024-07-30,902,873,148,Closed
PO_108687,SUP_025,PROD_0058,2024/06/09,2024-06-15,2024-06-15,598,558,409,Closed
PO_108688,SUP_091,PROD_0231,2024/12/04,2024-12-24,2024-12-29,1645,1558,499,Closed
PO_108689,SUP_063,PROD_0137,30-07-2024,2024-08-09,2024-08-11,1918,1694,472,Open
PO_108690,SUP_033,PROD_0206,02-01-2024,2024-01-12,2024-01-16,1811,1605,160,Open
PO_108691,SUP_191,PROD_0008,2024/03/10,2024-03-29,2024-03-26,366,312,134,Delayed
PO_108692,SUP_200,PROD_0096,07-09-2024,2024-09-22,2024-09-20,1834,1679,498,Delayed
PO_108693,SUP_106,PROD_0181,2024/11/18,2024-12-01,2024-11-28,1277,1192,438,Open
PO_108694,SUP_156,PROD_0269,2024/10/12,2024-10-28,2024-10-31,662,646,499,Closed
PO_108695,SUP_042,PROD_0075,14-08-2024,2024-08-21,2024-08-21,1894,1758,495,Open
PO_108696,SUP_053,PROD_0112,29-03-2024,2024-04-08,2024-04-06,534,469,318,Closed
PO_108697,SUP_075,PROD_0085,2024/05/04,2024-05-16,2024-05-13,1910,1792,71,Open
PO_108698,SUP_175,PROD_0001,2024/01/01,2024-01-12,2024-01-09,1640,1542,106,Open
PO_108699,SUP_116,PROD_0183,14-09-2024,2024-10-04,2024-10-03,154,134,126,Closed
PO_108700,SUP_022,PROD_0262,2024/01/11,2024-01-21,2024-01-23,831,761,241,Closed
PO_108701,SUP_069,PROD_0124,2024/08/10,2024-08-20,2024-08-20,1771,1750,366,Open
PO_108702,SUP_059,PROD_0181,03-06-2024,2024-06-15,2024-06-19,1843,1780,165,Closed
PO_108703,SUP_126,PROD_0196,2024/09/06,2024-09-24,2024-09-24,129,116,57,Delayed
PO_108704,SUP_113,PROD_0198,05-04-2024,2024-04-20,2024-04-19,1037,1005,376,Open
PO_108705,SUP_003,PROD_0119,08-10-2024,2024-10-15,2024-10-15,1284,1218,88,Open
PO_108706,SUP_077,PROD_0015,20-07-2024,2024-08-03,2024-08-01,1728,1520,198,Closed
PO_108707,SUP_095,PROD_0124,2024/10/28,2024-11-17,2024-11-22,732,712,122,Closed
PO_108708,SUP_193,PROD_0096,24-08-2024,2024-09-01,2024-09-06,1999,1973,340,Open
PO_108709,SUP_047,PROD_0280,2024/01/07,2024-01-23,2024-01-26,1478,1455,153,Open
PO_108710,SUP_074,PROD_0047,17-03-2024,2024-03-24,2024-03-23,1655,1509,66,Open
PO_108711,SUP_104,PROD_0134,10-10-2024,2024-10-26,2024-10-24,1863,1859,228,Open
PO_108712,SUP_062,PROD_0188,17-01-2024,2024-01-28,2024-01-27,347,340,305,Closed
PO_108713,SUP_093,PROD_0136,2024/12/07,2024-12-20,2024-12-19,1717,1463,158,Closed
PO_108714,SUP_109,PROD_0283,05-02-2024,2024-02-23,2024-02-29,1207,1042,395,Closed
PO_108715,SUP_038,PROD_0074,2024/06/24,2024-07-11,2024-07-11,1502,1345,404,Delayed
PO_108716,SUP_032,PROD_0187,27-05-2024,2024-06-14,2024-06-13,978,956,210,Delayed
PO_108717,SUP_022,PROD_0246,18-08-2024,2024-08-27,2024-08-27,792,689,377,Open
PO_108718,SUP_120,PROD_0022,2024/05/23,2024-06-06,2024-06-10,2000,1880,344,Delayed
PO_108719,SUP_081,PROD_0116,02-11-2024,2024-11-15,2024-11-16,873,844,90,Closed
PO_108720,SUP_109,PROD_0251,2024/08/02,2024-08-16,2024-08-17,1120,1030,415,Closed
PO_108721,SUP_130,PROD_0234,07-11-2024,2024-11-14,2024-11-13,889,768,55,Closed
PO_108722,SUP_131,PROD_0028,2024/08/17,2024-08-24,2024-08-22,152,133,259,Closed
PO_108723,SUP_161,PROD_0262,2024/03/15,2024-03-31,2024-04-05,912,779,328,Closed
PO_108724,SUP_155,PROD_0160,2024/10/04,2024-10-12,2024-10-13,1175,1097,193,Delayed
PO_108725,SUP_184,PROD_0090,17-06-2024,2024-06-30,2024-06-28,1532,1338,74,Delayed
PO_108726,SUP_143,PROD_0093,29-07-2024,2024-08-04,2024-08-07,1668,1617,357,Delayed
PO_108727,SUP_037,PROD_0040,2024/03/02,2024-03-22,2024-03-21,1619,1518,435,Open
PO_108728,SUP_169,PROD_0298,08-08-2024,2024-08-27,2024-09-01,1840,1772,113,Open
PO_108729,SUP_075,PROD_0285,14-06-2024,2024-07-02,2024-07-06,943,902,402,Closed
PO_108730,SUP_114,PROD_0057,2024/08/18,2024-09-07,2024-09-12,815,806,211,Closed
PO_108731,SUP_030,PROD_0272,2024/09/24,2024-10-14,2024-10-13,678,669,406,Open
PO_108732,SUP_117,PROD_0134,2024/01/10,2024-01-28,2024-01-28,545,519,284,Closed
PO_108733,SUP_099,PROD_0266,28-12-2024,2025-01-15,2025-01-19,1577,1368,148,Closed
PO_108734,SUP_103,PROD_0158,2024/08/01,2024-08-08,2024-08-10,1446,1241,414,Open
PO_108735,SUP_046,PROD_0276,2024/12/20,2025-01-06,2025-01-05,194,168,397,Delayed
PO_108736,SUP_083,PROD_0210,2024/01/15,2024-02-04,2024-02-05,1388,1225,340,Delayed
PO_108737,SUP_088,PROD_0056,22-05-2024,2024-05-29,2024-05-29,1987,1754,439,Closed
PO_108738,SUP_044,PROD_0042,12-12-2024,2024-12-19,2024-12-20,1452,1441,389,Open
PO_108739,SUP_199,PROD_0176,23-09-2024,2024-10-02,2024-10-04,1841,1624,477,Open
PO_108740,SUP_015,PROD_0270,22-04-2024,2024-05-06,2024-05-06,1209,1124,115,Delayed
PO_108741,SUP_065,PROD_0039,05-11-2024,2024-11-14,2024-11-11,814,737,75,Delayed
PO_108742,SUP_039,PROD_0265,2024/06/04,2024-06-13,2024-06-18,484,442,184,Open
PO_108743,SUP_166,PROD_0039,10-03-2024,2024-03-29,2024-03-26,958,884,45,Delayed
PO_108744,SUP_157,PROD_0055,02-09-2024,2024-09-19,2024-09-20,392,364,158,Delayed
PO_108745,SUP_073,PROD_0036,24-01-2024,2024-02-05,2024-02-04,739,686,128,Delayed
PO_108746,SUP_010,PROD_0187,22-08-2024,2024-08-31,2024-08-29,1483,1301,93,Open
PO_108747,SUP_193,PROD_0242,09-06-2024,2024-06-26,2024-06-23,1372,1196,52,Open
PO_108748,SUP_005,PROD_0081,28-03-2024,2024-04-03,2024-04-09,1476,1367,315,Closed
PO_108749,SUP_024,PROD_0251,25-11-2024,2024-12-08,2024-12-08,286,250,219,Open
PO_108750,SUP_103,PROD_0047,2024/09/24,2024-10-12,2024-10-11,806,732,497,Open
PO_108751,SUP_172,PROD_0198,03-05-2024,2024-05-21,2024-05-26,1211,1191,244,Delayed
PO_108752,SUP_100,PROD_0003,22-06-2024,2024-06-27,2024-06-28,1655,1602,205,Delayed
PO_108753,SUP_194,PROD_0250,31-07-2024,2024-08-10,2024-08-15,817,798,156,Open
PO_108754,SUP_121,PROD_0040,05-11-2024,2024-11-15,2024-11-20,1388,1386,451,Closed
PO_108755,SUP_049,PROD_0061,2024/12/21,2025-01-01,2025-01-04,578,520,219,Closed
PO_108756,SUP_112,PROD_0147,2024/03/01,2024-03-08,2024-03-07,1506,1361,290,Open
PO_108757,SUP_006,PROD_0143,2024/09/02,2024-09-13,2024-09-19,1626,1599,375,Delayed
PO_108758,SUP_058,PROD_0244,2024/08/30,2024-09-06,2024-09-03,589,575,60,Delayed
PO_108759,SUP_042,PROD_0237,2024/02/29,2024-03-17,2024-03-15,1151,1080,211,Open
PO_108760,SUP_054,PROD_0016,27-01-2024,2024-02-14,2024-02-15,678,665,473,Open
PO_108761,SUP_075,PROD_0007,2024/09/03,2024-09-22,2024-09-25,1827,1748,406,Delayed
PO_108762,SUP_143,PROD_0213,19-03-2024,2024-04-05,2024-04-02,189,166,216,Open
PO_108763,SUP_170,PROD_0173,2024/09/07,2024-09-20,2024-09-17,1772,1560,325,Open
PO_108764,SUP_196,PROD_0270,06-06-2024,2024-06-19,2024-06-20,694,658,78,Closed
PO_108765,SUP_038,PROD_0201,10-06-2024,2024-06-20,2024-06-20,1688,1492,378,Open
PO_108766,SUP_099,PROD_0052,2024/04/15,2024-04-27,2024-05-02,1668,1543,70,Open
PO_108767,SUP_178,PROD_0045,12-11-2024,2024-11-18,2024-11-19,1843,1593,429,Closed
PO_108768,SUP_162,PROD_0181,2024/07/22,2024-08-02,2024-07-31,105,89,201,Open
PO_108769,SUP_110,PROD_0260,25-07-2024,2024-08-02,2024-08-03,109,106,383,Closed
PO_108770,SUP_062,PROD_0116,2024/12/03,2024-12-21,2024-12-27,221,196,286,Closed
PO_108771,SUP_072,PROD_0270,30-01-2024,2024-02-09,2024-02-06,194,183,358,Closed
PO_108772,SUP_131,PROD_0144,29-02-2024,2024-03-17,2024-03-22,814,750,490,Delayed
PO_108773,SUP_155,PROD_0006,2024/04/08,2024-04-20,2024-04-23,1977,1895,171,Delayed
PO_108774,SUP_060,PROD_0267,27-02-2024,2024-03-03,2024-03-09,975,867,58,Closed
PO_108775,SUP_062,PROD_0192,15-12-2024,2024-12-26,2024-12-31,1392,1237,402,Open
PO_108776,SUP_086,PROD_0068,2024/06/11,2024-06-26,2024-06-30,378,369,278,Delayed
PO_108777,SUP_138,PROD_0228,2024/06/11,2024-06-16,2024-06-14,1213,1069,476,Closed
PO_108778,SUP_113,PROD_0255,2024/07/28,2024-08-14,2024-08-16,1872,1798,434,Open
PO_108779,SUP_161,PROD_0131,26-08-2024,2024-09-15,2024-09-13,488,478,477,Closed
PO_108780,SUP_109,PROD_0109,04-11-2024,2024-11-24,2024-11-23,103,91,60,Delayed
PO_108781,SUP_091,PROD_0225,2024/06/20,2024-07-08,2024-07-13,1253,1144,316,Delayed
PO_108782,SUP_005,PROD_0221,2024/10/27,2024-11-08,2024-11-11,1053,911,477,Delayed
PO_108783,SUP_020,PROD_0153,24-12-2024,2025-01-13,2025-01-15,116,99,41,Open
PO_108784,SUP_091,PROD_0004,14-04-2024,2024-04-19,2024-04-17,824,701,475,Open
PO_108785,SUP_139,PROD_0165,21-12-2024,2025-01-01,2025-01-03,1472,1418,137,Delayed
PO_108786,SUP_017,PROD_0227,30-05-2024,2024-06-09,2024-06-11,772,722,243,Open
PO_108787,SUP_191,PROD_0102,2024/04/21,2024-05-10,2024-05-13,157,138,90,Open
PO_108788,SUP_194,PROD_0119,2024/09/01,2024-09-09,2024-09-12,1321,1287,221,Open
PO_108789,SUP_194,PROD_0219,2024/03/17,2024-03-30,2024-04-02,1657,1421,463,Open
PO_108790,SUP_175,PROD_0004,04-04-2024,2024-04-19,2024-04-25,1291,1114,50,Delayed
PO_108791,SUP_191,PROD_0261,03-05-2024,2024-05-18,2024-05-23,1276,1270,300,Open
PO_108792,SUP_093,PROD_0255,2024/04/30,2024-05-10,2024-05-11,1770,1663,197,Closed
PO_108793,SUP_041,PROD_0080,2024/06/08,2024-06-18,2024-06-20,1310,1255,221,Open
PO_108794,SUP_189,PROD_0257,2024/10/25,2024-11-09,2024-11-08,1296,1142,431,Closed
PO_108795,SUP_089,PROD_0070,2024/01/26,2024-02-13,2024-02-12,1203,1047,235,Delayed
PO_108796,SUP_020,PROD_0104,2024/01/22,2024-01-28,2024-02-01,558,497,212,Delayed
PO_108797,SUP_074,PROD_0044,2024/11/23,2024-12-09,2024-12-13,146,132,370,Delayed
PO_108798,SUP_005,PROD_0094,2024/03/14,2024-03-23,2024-03-24,1647,1624,147,Open
PO_108799,SUP_084,PROD_0228,10-11-2024,2024-11-25,2024-11-30,1169,1046,325,Delayed
PO_108800,SUP_002,PROD_0279,2024/04/22,2024-05-12,2024-05-13,444,422,367,Open
PO_108801,SUP_151,PROD_0057,2024/01/23,2024-02-01,2024-02-04,422,392,429,Delayed
PO_108802,SUP_153,PROD_0164,2024/05/01,2024-05-16,2024-05-16,1717,1667,332,Delayed
PO_108803,SUP_112,PROD_0249,03-03-2024,2024-03-22,2024-03-21,129,128,281,Delayed
PO_108804,SUP_013,PROD_0050,14-09-2024,2024-09-25,2024-09-29,496,465,239,Delayed
PO_108805,SUP_139,PROD_0048,03-04-2024,2024-04-23,2024-04-27,511,449,279,Delayed
PO_108806,SUP_005,PROD_0183,2024/06/03,2024-06-16,2024-06-21,1112,983,313,Delayed
PO_108807,SUP_043,PROD_0176,21-02-2024,2024-03-06,2024-03-07,202,191,331,Delayed
PO_108808,SUP_029,PROD_0109,21-08-2024,2024-08-30,2024-09-01,1875,1604,277,Closed
PO_108809,SUP_162,PROD_0178,2024/03/21,2024-03-26,2024-03-26,1027,949,428,Closed
PO_108810,SUP_001,PROD_0050,06-07-2024,2024-07-18,2024-07-18,1505,1385,388,Open
PO_108811,SUP_182,PROD_0214,2024/12/16,2025-01-04,2025-01-09,1603,1601,224,Closed
PO_108812,SUP_098,PROD_0181,2024/11/15,2024-11-27,2024-11-27,1122,1082,75,Open
PO_108813,SUP_191,PROD_0036,2024/02/06,2024-02-11,2024-02-10,1554,1528,492,Delayed
PO_108814,SUP_145,PROD_0106,2024/05/27,2024-06-13,2024-06-15,632,559,315,Closed
PO_108815,SUP_008,PROD_0041,2024/01/12,2024-01-29,2024-01-27,822,774,127,Closed
PO_108816,SUP_145,PROD_0161,2024/08/12,2024-09-01,2024-09-07,1993,1704,301,Open
PO_108817,SUP_083,PROD_0023,26-08-2024,2024-09-01,2024-08-29,1863,1621,244,Open
PO_108818,SUP_140,PROD_0020,2024/09/09,2024-09-24,2024-09-30,259,258,278,Closed
PO_108819,SUP_165,PROD_0144,2024/04/11,2024-04-23,2024-04-26,1904,1866,48,Closed
PO_108820,SUP_127,PROD_0195,2024/08/25,2024-08-30,2024-09-02,987,920,66,Closed
PO_108821,SUP_143,PROD_0127,2024/08/29,2024-09-09,2024-09-15,1833,1594,443,Delayed
PO_108822,SUP_036,PROD_0044,2024/02/18,2024-02-28,2024-03-01,1313,1247,297,Delayed
PO_108823,SUP_175,PROD_0150,2024/11/02,2024-11-21,2024-11-18,325,319,261,Open
PO_108824,SUP_022,PROD_0111,2024/05/17,2024-06-02,2024-05-31,910,898,351,Closed
PO_108825,SUP_156,PROD_0244,2024/05/04,2024-05-17,2024-05-14,1790,1787,317,Open
PO_108826,SUP_036,PROD_0234,2024/04/25,2024-05-03,2024-05-05,1561,1488,62,Open
PO_108827,SUP_145,PROD_0052,03-05-2024,2024-05-15,2024-05-21,1562,1502,489,Delayed
PO_108828,SUP_139,PROD_0013,13-07-2024,2024-07-29,2024-07-30,745,685,342,Closed
PO_108829,SUP_086,PROD_0257,29-01-2024,2024-02-13,2024-02-12,1610,1608,425,Delayed
PO_108830,SUP_153,PROD_0098,21-07-2024,2024-07-27,2024-07-31,421,381,221,Delayed
PO_108831,SUP_198,PROD_0281,2024/12/06,2024-12-18,2024-12-15,403,353,65,Closed
PO_108832,SUP_073,PROD_0173,2024/01/07,2024-01-22,2024-01-22,1709,1534,454,Delayed
PO_108833,SUP_115,PROD_0164,2024/02/27,2024-03-09,2024-03-10,1273,1120,279,Closed
PO_108834,SUP_040,PROD_0058,15-03-2024,2024-04-01,2024-04-04,275,240,56,Delayed
PO_108835,SUP_012,PROD_0066,2024/07/30,2024-08-09,2024-08-06,1665,1510,203,Open
PO_108836,SUP_151,PROD_0201,2024/02/03,2024-02-15,2024-02-12,1901,1703,328,Delayed
PO_108837,SUP_196,PROD_0252,2024/06/01,2024-06-11,2024-06-14,695,592,369,Open
PO_108838,SUP_092,PROD_0184,11-01-2024,2024-01-22,2024-01-23,791,714,233,Closed
PO_108839,SUP_027,PROD_0300,05-09-2024,2024-09-18,2024-09-17,1846,1751,96,Open
PO_108840,SUP_065,PROD_0166,2024/06/30,2024-07-14,2024-07-12,1457,1305,330,Delayed
PO_108841,SUP_135,PROD_0076,2024/01/26,2024-02-13,2024-02-15,716,685,408,Closed
PO_108842,SUP_110,PROD_0207,02-06-2024,2024-06-08,2024-06-14,1127,975,307,Delayed
PO_108843,SUP_157,PROD_0284,25-02-2024,2024-03-15,2024-03-12,1829,1560,46,Closed
PO_108844,SUP_049,PROD_0059,2024/07/31,2024-08-07,2024-08-12,180,164,118,Open
PO_108845,SUP_030,PROD_0211,09-08-2024,2024-08-28,2024-09-01,1861,1681,449,Open
PO_108846,SUP_200,PROD_0182,13-11-2024,2024-11-23,2024-11-24,1603,1593,183,Closed
PO_108847,SUP_132,PROD_0296,2024/08/18,2024-09-05,2024-09-07,727,629,273,Open
PO_108848,SUP_093,PROD_0061,09-07-2024,2024-07-21,2024-07-27,1196,1094,339,Closed
PO_108849,SUP_030,PROD_0083,12-06-2024,2024-06-17,2024-06-21,1623,1379,191,Closed
PO_108850,SUP_083,PROD_0096,28-08-2024,2024-09-08,2024-09-11,124,112,45,Closed
PO_108851,SUP_164,PROD_0018,05-05-2024,2024-05-14,2024-05-20,323,290,428,Closed
PO_108852,SUP_050,PROD_0008,2024/09/06,2024-09-17,2024-09-23,771,767,152,Open
PO_108853,SUP_063,PROD_0170,2024/02/06,2024-02-20,2024-02-23,982,862,45,Delayed
PO_108854,SUP_064,PROD_0292,2024/05/17,2024-05-23,2024-05-23,547,488,159,Open
PO_108855,SUP_174,PROD_0231,2024/01/19,2024-02-04,2024-02-08,403,354,414,Closed
PO_108856,SUP_176,PROD_0090,2024/02/06,2024-02-22,2024-02-25,1102,996,481,Delayed
PO_108857,SUP_007,PROD_0050,06-08-2024,2024-08-22,2024-08-27,371,360,247,Open
PO_108858,SUP_135,PROD_0225,2024/02/09,2024-02-15,2024-02-15,170,169,444,Delayed
PO_108859,SUP_002,PROD_0182,2024/05/20,2024-05-30,2024-06-02,532,489,385,Open
PO_108860,SUP_103,PROD_0267,2024/07/02,2024-07-18,2024-07-16,781,691,469,Closed
PO_108861,SUP_161,PROD_0004,05-04-2024,2024-04-12,2024-04-17,1928,1672,74,Delayed
PO_108862,SUP_177,PROD_0270,13-02-2024,2024-03-03,2024-03-07,1528,1345,54,Open
PO_108863,SUP_133,PROD_0169,25-08-2024,2024-09-02,2024-09-06,1309,1274,212,Delayed
PO_108864,SUP_116,PROD_0251,12-08-2024,2024-08-29,2024-09-01,351,343,119,Delayed
PO_108865,SUP_093,PROD_0231,2024/05/24,2024-06-06,2024-06-07,321,290,216,Closed
PO_108866,SUP_137,PROD_0039,03-09-2024,2024-09-18,2024-09-24,1181,1058,134,Closed
PO_108867,SUP_047,PROD_0188,02-10-2024,2024-10-10,2024-10-15,128,119,441,Delayed
PO_108868,SUP_100,PROD_0135,19-05-2024,2024-06-01,2024-06-03,1016,871,136,Open
PO_108869,SUP_068,PROD_0221,25-02-2024,2024-03-10,2024-03-16,271,253,141,Closed
PO_108870,SUP_065,PROD_0165,12-09-2024,2024-09-26,2024-09-23,1591,1423,174,Closed
PO_108871,SUP_046,PROD_0217,2024/02/04,2024-02-14,2024-02-20,215,202,161,Closed
PO_108872,SUP_104,PROD_0115,2024/03/19,2024-04-01,2024-04-05,479,431,333,Open
PO_108873,SUP_175,PROD_0043,17-01-2024,2024-01-23,2024-01-29,814,777,102,Closed
PO_108874,SUP_142,PROD_0131,15-03-2024,2024-03-24,2024-03-28,1574,1536,261,Closed
PO_108875,SUP_122,PROD_0152,2024/06/26,2024-07-03,2024-07-01,1963,1760,317,Closed
PO_108876,SUP_023,PROD_0112,02-05-2024,2024-05-10,2024-05-15,772,677,299,Delayed
PO_108877,SUP_008,PROD_0227,04-09-2024,2024-09-20,2024-09-24,153,133,142,Delayed
PO_108878,SUP_059,PROD_0206,01-10-2024,2024-10-08,2024-10-09,1793,1598,313,Delayed
PO_108879,SUP_119,PROD_0098,13-08-2024,2024-08-26,2024-08-31,1829,1613,413,Open
PO_108880,SUP_042,PROD_0261,10-10-2024,2024-10-25,2024-10-24,1313,1180,285,Delayed
PO_108881,SUP_125,PROD_0181,18-07-2024,2024-08-02,2024-07-31,1309,1287,118,Delayed
PO_108882,SUP_169,PROD_0026,23-07-2024,2024-08-01,2024-08-05,1537,1518,404,Delayed
PO_108883,SUP_011,PROD_0071,28-01-2024,2024-02-09,2024-02-15,1842,1827,101,Closed
PO_108884,SUP_075,PROD_0255,25-02-2024,2024-03-04,2024-03-02,1103,1076,57,Delayed
PO_108885,SUP_096,PROD_0070,2024/12/02,2024-12-22,2024-12-22,1074,942,193,Delayed
PO_108886,SUP_062,PROD_0290,17-12-2024,2025-01-05,2025-01-02,362,361,63,Open
PO_108887,SUP_109,PROD_0067,2024/01/29,2024-02-05,2024-02-08,1490,1414,156,Open
PO_108888,SUP_149,PROD_0203,20-09-2024,2024-09-27,2024-09-24,1801,1783,271,Open
PO_108889,SUP_014,PROD_0208,07-09-2024,2024-09-20,2024-09-18,1505,1347,246,Delayed
PO_108890,SUP_088,PROD_0030,22-06-2024,2024-07-06,2024-07-07,644,581,380,Delayed
PO_108891,SUP_109,PROD_0287,11-11-2024,2024-11-28,2024-11-29,1845,1717,221,Open
PO_108892,SUP_107,PROD_0216,24-02-2024,2024-03-05,2024-03-08,775,714,492,Closed
PO_108893,SUP_024,PROD_0239,2024/02/25,2024-03-11,2024-03-13,452,411,201,Closed
PO_108894,SUP_142,PROD_0212,2024/02/15,2024-02-22,2024-02-21,877,877,315,Open
PO_108895,SUP_135,PROD_0175,2024/01/13,2024-01-30,2024-01-30,710,656,206,Delayed
PO_108896,SUP_168,PROD_0193,18-12-2024,2025-01-07,2025-01-11,229,226,40,Delayed
PO_108897,SUP_046,PROD_0156,10-10-2024,2024-10-20,2024-10-23,1978,1774,397,Closed
PO_108898,SUP_003,PROD_0009,2024/07/03,2024-07-13,2024-07-18,1891,1776,306,Closed
PO_108899,SUP_046,PROD_0168,27-06-2024,2024-07-04,2024-07-04,907,906,133,Open
PO_108900,SUP_182,PROD_0281,01-03-2024,2024-03-11,2024-03-09,233,215,361,Delayed
PO_108901,SUP_162,PROD_0160,13-09-2024,2024-10-02,2024-10-03,417,413,251,Closed
PO_108902,SUP_162,PROD_0099,28-03-2024,2024-04-04,2024-04-07,357,318,281,Delayed
PO_108903,SUP_166,PROD_0115,04-04-2024,2024-04-10,2024-04-07,960,927,88,Delayed
PO_108904,SUP_121,PROD_0146,2024/11/08,2024-11-24,2024-11-23,1356,1351,395,Delayed
PO_108905,SUP_041,PROD_0123,2024/01/06,2024-01-16,2024-01-16,573,527,365,Delayed
PO_108906,SUP_143,PROD_0110,18-11-2024,2024-12-01,2024-12-03,1323,1294,261,Delayed
PO_108907,SUP_019,PROD_0202,21-09-2024,2024-10-05,2024-10-08,227,225,270,Closed
PO_108908,SUP_156,PROD_0220,11-06-2024,2024-06-26,2024-06-28,992,856,92,Delayed
PO_108909,SUP_163,PROD_0004,08-06-2024,2024-06-28,2024-06-30,1966,1819,431,Closed
PO_108910,SUP_133,PROD_0298,17-05-2024,2024-05-26,2024-05-28,1239,1106,173,Closed
PO_108911,SUP_141,PROD_0185,2024/05/05,2024-05-20,2024-05-24,289,257,269,Delayed
PO_108912,SUP_190,PROD_0232,2024/05/18,2024-05-31,2024-05-28,1171,1113,416,Closed
PO_108913,SUP_036,PROD_0255,2024/08/28,2024-09-16,2024-09-15,1146,1091,52,Delayed
PO_108914,SUP_097,PROD_0132,2024/02/07,2024-02-21,2024-02-18,149,127,479,Delayed
PO_108915,SUP_135,PROD_0173,11-09-2024,2024-09-19,2024-09-23,583,552,261,Delayed
PO_108916,SUP_030,PROD_0200,24-06-2024,2024-07-03,2024-07-04,1914,1775,226,Closed
PO_108917,SUP_135,PROD_0087,2024/11/28,2024-12-04,2024-12-02,327,326,416,Delayed
PO_108918,SUP_082,PROD_0069,2024/12/01,2024-12-16,2024-12-17,1391,1203,327,Delayed
PO_108919,SUP_080,PROD_0217,11-02-2024,2024-02-20,2024-02-18,1751,1613,395,Closed
PO_108920,SUP_038,PROD_0225,2024/05/06,2024-05-14,2024-05-18,1265,1182,383,Delayed
PO_108921,SUP_160,PROD_0027,2024/01/24,2024-02-01,2024-02-05,1056,981,53,Closed
PO_108922,SUP_061,PROD_0195,2024/04/10,2024-04-29,2024-04-26,1503,1335,103,Delayed
PO_108923,SUP_164,PROD_0111,2024/11/08,2024-11-26,2024-11-28,1982,1892,72,Open
PO_108924,SUP_015,PROD_0177,2024/08/08,2024-08-18,2024-08-24,880,827,405,Delayed
PO_108925,SUP_043,PROD_0203,2024/06/23,2024-07-03,2024-07-01,1306,1231,60,Closed
PO_108926,SUP_003,PROD_0152,2024/04/05,2024-04-20,2024-04-25,1704,1701,468,Open
PO_108927,SUP_072,PROD_0216,30-01-2024,2024-02-11,2024-02-08,996,858,166,Closed
PO_108928,SUP_121,PROD_0224,2024/09/06,2024-09-25,2024-09-26,221,220,364,Open
PO_108929,SUP_039,PROD_0161,2024/07/14,2024-07-27,2024-07-28,1813,1714,427,Delayed
PO_108930,SUP_146,PROD_0164,2024/04/28,2024-05-10,2024-05-11,1190,1089,495,Open
PO_108931,SUP_171,PROD_0227,2024/10/06,2024-10-12,2024-10-09,356,329,130,Open
PO_108932,SUP_171,PROD_0192,2024/07/18,2024-08-03,2024-08-03,241,225,402,Delayed
PO_108933,SUP_060,PROD_0154,2024/08/02,2024-08-11,2024-08-15,641,628,105,Closed
PO_108934,SUP_121,PROD_0012,2024/03/19,2024-03-31,2024-04-01,1782,1637,161,Open
PO_108935,SUP_132,PROD_0192,2024/06/23,2024-07-03,2024-07-06,1876,1838,353,Open
PO_108936,SUP_160,PROD_0135,26-04-2024,2024-05-03,2024-05-06,1416,1300,351,Delayed
PO_108937,SUP_023,PROD_0193,07-11-2024,2024-11-19,2024-11-19,361,319,287,Delayed
PO_108938,SUP_039,PROD_0077,13-09-2024,2024-09-26,2024-10-01,313,287,442,Closed
PO_108939,SUP_090,PROD_0107,30-03-2024,2024-04-14,2024-04-18,724,637,305,Open
PO_108940,SUP_028,PROD_0269,2024/08/09,2024-08-15,2024-08-18,1852,1576,156,Delayed
PO_108941,SUP_001,PROD_0128,2024/06/18,2024-07-04,2024-07-05,452,434,57,Closed
PO_108942,SUP_197,PROD_0110,29-01-2024,2024-02-18,2024-02-23,1272,1167,421,Closed
PO_108943,SUP_131,PROD_0069,2024/07/24,2024-08-01,2024-08-05,1028,881,132,Open
PO_108944,SUP_111,PROD_0174,2024/06/28,2024-07-05,2024-07-03,590,558,193,Delayed
PO_108945,SUP_042,PROD_0133,02-08-2024,2024-08-10,2024-08-07,598,508,135,Closed
PO_108946,SUP_177,PROD_0165,06-09-2024,2024-09-18,2024-09-17,1245,1236,82,Open
PO_108947,SUP_065,PROD_0005,17-04-2024,2024-04-24,2024-04-23,632,626,364,Closed
PO_108948,SUP_026,PROD_0146,12-11-2024,2024-11-26,2024-11-23,715,615,164,Closed
PO_108949,SUP_058,PROD_0215,2024/10/25,2024-11-10,2024-11-15,1056,909,407,Open
PO_108950,SUP_021,PROD_0104,2024/12/23,2025-01-04,2025-01-05,181,154,230,Closed
PO_108951,SUP_048,PROD_0232,27-06-2024,2024-07-16,2024-07-15,577,562,329,Closed
PO_108952,SUP_125,PROD_0061,16-09-2024,2024-09-26,2024-09-26,551,521,459,Closed
PO_108953,SUP_086,PROD_0158,02-11-2024,2024-11-20,2024-11-25,234,233,377,Closed
PO_108954,SUP_089,PROD_0080,27-05-2024,2024-06-10,2024-06-09,1430,1385,406,Closed
PO_108955,SUP_044,PROD_0155,2024/06/10,2024-06-27,2024-06-24,388,385,151,Open
PO_108956,SUP_127,PROD_0044,05-06-2024,2024-06-22,2024-06-27,1083,1061,330,Open
PO_108957,SUP_090,PROD_0298,30-06-2024,2024-07-07,2024-07-07,1056,1012,67,Delayed
PO_108958,SUP_075,PROD_0052,2024/08/22,2024-08-27,2024-09-01,1112,1062,299,Delayed
PO_108959,SUP_197,PROD_0111,02-08-2024,2024-08-22,2024-08-28,1430,1326,440,Delayed
PO_108960,SUP_126,PROD_0095,22-04-2024,2024-05-06,2024-05-12,1300,1112,379,Closed
PO_108961,SUP_139,PROD_0050,27-01-2024,2024-02-07,2024-02-09,434,383,102,Open
PO_108962,SUP_151,PROD_0117,2024/08/01,2024-08-08,2024-08-08,1909,1746,313,Closed
PO_108963,SUP_148,PROD_0070,2024/04/18,2024-05-06,2024-05-06,1503,1332,377,Open
PO_108964,SUP_029,PROD_0023,21-12-2024,2024-12-30,2024-12-31,1343,1212,140,Closed
PO_108965,SUP_180,PROD_0054,2024/08/25,2024-09-11,2024-09-10,1750,1490,324,Closed
PO_108966,SUP_190,PROD_0137,2024/11/28,2024-12-03,2024-12-01,943,807,180,Closed
PO_108967,SUP_143,PROD_0011,10-11-2024,2024-11-29,2024-12-02,365,337,99,Delayed
PO_108968,SUP_028,PROD_0156,2024/01/19,2024-02-01,2024-02-01,1825,1813,297,Closed
PO_108969,SUP_065,PROD_0148,05-02-2024,2024-02-13,2024-02-12,100,87,232,Delayed
PO_108970,SUP_188,PROD_0150,2024/06/10,2024-06-15,2024-06-13,1468,1418,253,Closed
PO_108971,SUP_190,PROD_0170,2024/06/23,2024-06-28,2024-07-04,1354,1248,228,Delayed
PO_108972,SUP_058,PROD_0095,14-02-2024,2024-02-21,2024-02-21,617,600,153,Closed
PO_108973,SUP_189,PROD_0265,18-02-2024,2024-03-02,2024-03-08,575,570,349,Closed
PO_108974,SUP_063,PROD_0142,2024/03/21,2024-04-01,2024-04-03,1542,1538,352,Delayed
PO_108975,SUP_114,PROD_0054,01-09-2024,2024-09-11,2024-09-14,440,403,413,Delayed
PO_108976,SUP_114,PROD_0102,18-02-2024,2024-03-07,2024-03-09,1926,1639,125,Delayed
PO_108977,SUP_074,PROD_0269,31-08-2024,2024-09-09,2024-09-10,1897,1632,45,Closed
PO_108978,SUP_111,PROD_0138,18-12-2024,2024-12-28,2024-12-30,1786,1713,378,Delayed
PO_108979,SUP_191,PROD_0256,20-08-2024,2024-09-07,2024-09-09,232,217,291,Closed
PO_108980,SUP_189,PROD_0171,21-03-2024,2024-03-29,2024-03-28,516,493,365,Open
PO_108981,SUP_019,PROD_0189,12-05-2024,2024-05-20,2024-05-21,1301,1262,140,Closed
PO_108982,SUP_043,PROD_0071,21-04-2024,2024-05-01,2024-05-02,125,122,161,Closed
PO_108983,SUP_109,PROD_0103,07-06-2024,2024-06-18,2024-06-21,656,559,193,Delayed
PO_108984,SUP_014,PROD_0147,28-11-2024,2024-12-04,2024-12-07,973,896,332,Closed
PO_108985,SUP_018,PROD_0170,2024/07/19,2024-08-06,2024-08-07,737,685,248,Closed
PO_108986,SUP_135,PROD_0258,2024/09/05,2024-09-14,2024-09-14,203,184,46,Open
PO_108987,SUP_084,PROD_0022,22-10-2024,2024-10-31,2024-11-05,646,609,452,Open
PO_108988,SUP_140,PROD_0011,26-11-2024,2024-12-06,2024-12-12,1488,1314,303,Delayed
PO_108989,SUP_001,PROD_0169,06-09-2024,2024-09-19,2024-09-20,161,149,66,Delayed
PO_108990,SUP_186,PROD_0222,22-10-2024,2024-11-11,2024-11-15,1323,1189,65,Delayed
PO_108991,SUP_030,PROD_0207,11-07-2024,2024-07-25,2024-07-26,375,355,382,Open
PO_108992,SUP_117,PROD_0298,15-12-2024,2024-12-25,2024-12-30,985,896,328,Open
PO_108993,SUP_093,PROD_0243,13-09-2024,2024-09-28,2024-10-04,985,869,494,Closed
PO_108994,SUP_173,PROD_0207,2024/12/06,2024-12-17,2024-12-15,746,638,104,Open
PO_108995,SUP_118,PROD_0164,18-12-2024,2025-01-06,2025-01-12,685,649,320,Closed
PO_108996,SUP_118,PROD_0185,13-01-2024,2024-01-19,2024-01-17,1630,1401,228,Closed
PO_108997,SUP_179,PROD_0277,2024/05/13,2024-05-29,2024-06-02,581,527,284,Delayed
PO_108998,SUP_058,PROD_0087,2024/01/20,2024-01-26,2024-01-25,1743,1734,42,Delayed
PO_108999,SUP_183,PROD_0035,2024/01/27,2024-02-15,2024-02-20,1685,1554,335,Delayed
PO_109000,SUP_181,PROD_0054,30-04-2024,2024-05-09,2024-05-08,864,828,380,Delayed
PO_109001,SUP_048,PROD_0125,2024/07/03,2024-07-22,2024-07-22,425,378,131,Open
PO_109002,SUP_101,PROD_0272,19-01-2024,2024-01-26,2024-01-30,1946,1920,223,Closed
PO_109003,SUP_035,PROD_0140,2024/03/26,2024-04-01,2024-04-07,1276,1122,462,Closed
PO_109004,SUP_185,PROD_0215,2024/06/08,2024-06-19,2024-06-25,1427,1232,427,Delayed
PO_109005,SUP_037,PROD_0225,2024/09/21,2024-10-04,2024-10-06,930,920,396,Open
PO_109006,SUP_054,PROD_0149,2024/09/02,2024-09-13,2024-09-10,374,352,402,Open
PO_109007,SUP_053,PROD_0025,02-09-2024,2024-09-21,2024-09-19,650,631,241,Closed
PO_109008,SUP_041,PROD_0249,2024/03/03,2024-03-15,2024-03-19,181,161,97,Closed
PO_109009,SUP_189,PROD_0245,2024/04/09,2024-04-17,2024-04-20,1308,1179,187,Closed
PO_109010,SUP_193,PROD_0185,2024/05/13,2024-05-20,2024-05-25,1186,1169,96,Open
PO_109011,SUP_037,PROD_0050,2024/11/29,2024-12-17,2024-12-19,270,261,231,Open
PO_109012,SUP_078,PROD_0060,13-05-2024,2024-05-28,2024-06-03,1247,1152,111,Closed
PO_109013,SUP_168,PROD_0014,31-08-2024,2024-09-18,2024-09-18,1147,1114,249,Open
PO_109014,SUP_092,PROD_0114,03-06-2024,2024-06-08,2024-06-08,1915,1816,71,Open
PO_109015,SUP_197,PROD_0167,17-06-2024,2024-07-03,2024-07-03,1323,1229,269,Closed
PO_109016,SUP_045,PROD_0073,02-01-2024,2024-01-20,2024-01-21,1840,1749,111,Delayed
PO_109017,SUP_013,PROD_0229,08-09-2024,2024-09-20,2024-09-26,1770,1548,252,Closed
PO_109018,SUP_060,PROD_0003,18-07-2024,2024-07-23,2024-07-21,1622,1435,427,Closed
PO_109019,SUP_058,PROD_0102,2024/03/24,2024-04-04,2024-04-03,611,607,221,Open
PO_109020,SUP_086,PROD_0205,2024/05/12,2024-05-27,2024-05-27,1776,1528,260,Closed
PO_109021,SUP_021,PROD_0203,2024/07/18,2024-08-07,2024-08-08,1906,1732,91,Delayed
PO_109022,SUP_043,PROD_0117,2024/03/25,2024-04-07,2024-04-09,1295,1258,235,Delayed
PO_109023,SUP_056,PROD_0293,2024/09/06,2024-09-15,2024-09-16,1513,1395,315,Delayed
PO_109024,SUP_014,PROD_0235,24-12-2024,2024-12-30,2025-01-05,1949,1753,341,Delayed
PO_109025,SUP_190,PROD_0236,2024/02/10,2024-02-15,2024-02-17,295,254,220,Delayed
PO_109026,SUP_052,PROD_0175,2024/01/31,2024-02-07,2024-02-10,1651,1550,463,Delayed
PO_109027,SUP_052,PROD_0080,2024/12/04,2024-12-20,2024-12-18,1684,1446,226,Delayed
PO_109028,SUP_070,PROD_0078,11-11-2024,2024-11-21,2024-11-26,567,564,374,Open
PO_109029,SUP_044,PROD_0273,23-11-2024,2024-12-08,2024-12-05,1542,1313,80,Closed
PO_109030,SUP_161,PROD_0161,01-08-2024,2024-08-14,2024-08-19,1987,1916,249,Delayed
PO_109031,SUP_167,PROD_0205,2024/08/21,2024-09-01,2024-08-31,649,639,246,Open
PO_109032,SUP_197,PROD_0271,05-11-2024,2024-11-15,2024-11-20,1983,1973,341,Delayed
PO_109033,SUP_146,PROD_0099,29-07-2024,2024-08-03,2024-08-01,478,412,403,Closed
PO_109034,SUP_044,PROD_0148,2024/06/12,2024-06-26,2024-06-30,924,854,183,Open
PO_109035,SUP_050,PROD_0080,2024/03/13,2024-03-23,2024-03-28,285,263,499,Open
PO_109036,SUP_153,PROD_0034,2024/02/12,2024-02-22,2024-02-25,909,895,444,Delayed
PO_109037,SUP_048,PROD_0058,01-10-2024,2024-10-11,2024-10-15,421,387,350,Open
PO_109038,SUP_034,PROD_0206,11-11-2024,2024-11-16,2024-11-21,907,828,259,Closed
PO_109039,SUP_016,PROD_0152,29-07-2024,2024-08-14,2024-08-11,339,330,404,Closed
PO_109040,SUP_107,PROD_0003,2024/12/13,2024-12-24,2024-12-25,1940,1898,89,Closed
PO_109041,SUP_134,PROD_0194,2024/04/12,2024-05-02,2024-05-06,1083,996,471,Closed
PO_109042,SUP_012,PROD_0279,2024/05/14,2024-06-02,2024-05-30,656,611,461,Open
PO_109043,SUP_152,PROD_0138,01-06-2024,2024-06-21,2024-06-26,957,876,136,Closed
PO_109044,SUP_031,PROD_0167,2024/12/25,2025-01-01,2024-12-31,365,325,238,Delayed
PO_109045,SUP_004,PROD_0178,14-06-2024,2024-06-27,2024-06-27,349,344,298,Closed
PO_109046,SUP_036,PROD_0192,13-11-2024,2024-11-23,2024-11-22,233,212,426,Closed
PO_109047,SUP_134,PROD_0151,2024/04/02,2024-04-15,2024-04-12,1546,1476,439,Closed
PO_109048,SUP_068,PROD_0041,2024/11/28,2024-12-18,2024-12-19,1275,1187,141,Closed
PO_109049,SUP_128,PROD_0142,04-05-2024,2024-05-13,2024-05-15,1424,1288,426,Closed
PO_109050,SUP_109,PROD_0011,12-03-2024,2024-03-20,2024-03-20,531,477,109,Delayed
PO_109051,SUP_129,PROD_0020,2024/04/02,2024-04-10,2024-04-16,311,288,250,Open
PO_109052,SUP_149,PROD_0260,19-04-2024,2024-05-05,2024-05-07,1616,1481,72,Open
PO_109053,SUP_131,PROD_0126,25-12-2024,2025-01-06,2025-01-04,1158,986,389,Delayed
PO_109054,SUP_097,PROD_0103,2024/08/19,2024-09-05,2024-09-11,159,145,442,Closed
PO_109055,SUP_138,PROD_0173,2024/09/11,2024-10-01,2024-10-01,1634,1615,95,Delayed
PO_109056,SUP_153,PROD_0132,30-04-2024,2024-05-19,2024-05-23,840,795,162,Closed
PO_109057,SUP_044,PROD_0137,18-10-2024,2024-11-02,2024-11-02,1962,1793,458,Closed
PO_109058,SUP_075,PROD_0156,2024/06/16,2024-06-21,2024-06-24,1279,1149,424,Closed
PO_109059,SUP_023,PROD_0091,21-09-2024,2024-09-26,2024-09-25,763,708,176,Delayed
PO_109060,SUP_094,PROD_0209,03-01-2024,2024-01-20,2024-01-23,614,582,425,Delayed
PO_109061,SUP_129,PROD_0183,19-12-2024,2025-01-05,2025-01-10,1323,1307,127,Open
PO_109062,SUP_025,PROD_0053,26-02-2024,2024-03-06,2024-03-10,1670,1554,491,Delayed
PO_109063,SUP_186,PROD_0255,2024/04/14,2024-05-02,2024-04-29,909,775,155,Delayed
PO_109064,SUP_087,PROD_0054,01-12-2024,2024-12-16,2024-12-18,730,662,222,Open
PO_109065,SUP_138,PROD_0215,2024/11/16,2024-11-23,2024-11-24,460,400,152,Open
PO_109066,SUP_168,PROD_0285,10-06-2024,2024-06-15,2024-06-21,724,636,103,Closed
PO_109067,SUP_003,PROD_0056,30-06-2024,2024-07-07,2024-07-08,1556,1493,57,Closed
PO_109068,SUP_079,PROD_0088,22-10-2024,2024-10-27,2024-10-29,171,166,379,Delayed
PO_109069,SUP_009,PROD_0271,2024/02/22,2024-03-11,2024-03-12,749,649,298,Closed
PO_109070,SUP_149,PROD_0252,20-11-2024,2024-12-07,2024-12-07,1961,1739,209,Open
PO_109071,SUP_142,PROD_0082,07-04-2024,2024-04-21,2024-04-22,831,743,203,Open
PO_109072,SUP_151,PROD_0256,01-08-2024,2024-08-10,2024-08-12,1194,1048,478,Closed
PO_109073,SUP_006,PROD_0012,25-01-2024,2024-02-10,2024-02-07,347,302,391,Open
PO_109074,SUP_127,PROD_0222,22-09-2024,2024-10-06,2024-10-12,993,875,283,Delayed
PO_109075,SUP_064,PROD_0226,31-03-2024,2024-04-06,2024-04-05,1285,1206,458,Open
PO_109076,SUP_060,PROD_0054,26-06-2024,2024-07-12,2024-07-16,1375,1342,478,Delayed
PO_109077,SUP_024,PROD_0205,2024/11/01,2024-11-12,2024-11-15,882,791,267,Open
PO_109078,SUP_196,PROD_0287,2024/04/13,2024-04-28,2024-04-27,376,344,350,Closed
PO_109079,SUP_169,PROD_0240,2024/10/21,2024-10-28,2024-11-02,1075,1000,366,Delayed
PO_109080,SUP_056,PROD_0040,2024/05/07,2024-05-26,2024-05-25,1079,1000,221,Delayed
PO_109081,SUP_135,PROD_0293,2024/07/13,2024-07-22,2024-07-19,1066,970,77,Open
PO_109082,SUP_014,PROD_0228,2024/12/07,2024-12-26,2024-12-31,788,743,193,Open
PO_109083,SUP_048,PROD_0112,25-06-2024,2024-07-07,2024-07-13,534,505,180,Open
PO_109084,SUP_103,PROD_0234,27-07-2024,2024-08-06,2024-08-11,763,736,65,Closed
PO_109085,SUP_088,PROD_0190,04-01-2024,2024-01-21,2024-01-22,1043,890,197,Closed
PO_109086,SUP_105,PROD_0001,2024/08/31,2024-09-15,2024-09-12,354,320,499,Open
PO_109087,SUP_115,PROD_0033,2024/09/07,2024-09-13,2024-09-14,1843,1633,285,Closed
PO_109088,SUP_126,PROD_0206,02-09-2024,2024-09-12,2024-09-17,1060,1033,402,Open
PO_109089,SUP_194,PROD_0297,10-08-2024,2024-08-23,2024-08-22,1377,1337,251,Delayed
PO_109090,SUP_113,PROD_0130,01-02-2024,2024-02-16,2024-02-17,1065,929,81,Open
PO_109091,SUP_145,PROD_0202,26-09-2024,2024-10-14,2024-10-18,679,592,392,Delayed
PO_109092,SUP_066,PROD_0146,2024/06/21,2024-06-29,2024-07-02,129,115,48,Open
PO_109093,SUP_013,PROD_0214,01-10-2024,2024-10-13,2024-10-15,1574,1508,429,Open
PO_109094,SUP_176,PROD_0136,2024/01/18,2024-02-06,2024-02-09,150,138,166,Closed
PO_109095,SUP_093,PROD_0080,10-01-2024,2024-01-16,2024-01-20,1403,1314,136,Open
PO_109096,SUP_052,PROD_0031,05-12-2024,2024-12-14,2024-12-12,389,368,315,Open
PO_109097,SUP_139,PROD_0252,2024/05/03,2024-05-09,2024-05-07,1645,1621,320,Delayed
PO_109098,SUP_045,PROD_0214,2024/06/29,2024-07-10,2024-07-14,708,603,94,Closed
PO_109099,SUP_132,PROD_0198,2024/03/23,2024-04-10,2024-04-14,645,557,215,Delayed
PO_109100,SUP_076,PROD_0275,18-10-2024,2024-10-31,2024-10-30,1649,1537,55,Open
PO_109101,SUP_037,PROD_0179,2024/09/14,2024-09-23,2024-09-20,1818,1644,122,Open
PO_109102,SUP_138,PROD_0147,27-06-2024,2024-07-12,2024-07-11,417,361,51,Closed
PO_109103,SUP_030,PROD_0201,05-01-2024,2024-01-15,2024-01-17,309,266,216,Delayed
PO_109104,SUP_004,PROD_0148,22-06-2024,2024-07-06,2024-07-09,1036,957,117,Closed
PO_109105,SUP_020,PROD_0107,2024/10/06,2024-10-22,2024-10-19,1009,985,75,Closed
PO_109106,SUP_075,PROD_0237,30-11-2024,2024-12-16,2024-12-14,632,588,263,Open
PO_109107,SUP_198,PROD_0166,2024/10/01,2024-10-14,2024-10-19,1522,1520,411,Open
PO_109108,SUP_146,PROD_0119,28-12-2024,2025-01-16,2025-01-19,464,430,40,Delayed
PO_109109,SUP_048,PROD_0056,2024/07/18,2024-08-07,2024-08-07,1033,1030,48,Open
PO_109110,SUP_108,PROD_0156,19-07-2024,2024-07-27,2024-07-31,1793,1566,172,Open
PO_109111,SUP_142,PROD_0261,22-03-2024,2024-04-01,2024-04-03,842,799,101,Closed
PO_109112,SUP_157,PROD_0048,2024/03/04,2024-03-14,2024-03-20,1298,1105,331,Closed
PO_109113,SUP_175,PROD_0021,2024/01/29,2024-02-08,2024-02-11,602,512,485,Delayed
PO_109114,SUP_070,PROD_0288,2024/02/22,2024-02-27,2024-03-02,1572,1529,159,Delayed
PO_109115,SUP_109,PROD_0001,2024/05/06,2024-05-20,2024-05-17,1865,1816,148,Delayed
PO_109116,SUP_153,PROD_0249,31-08-2024,2024-09-07,2024-09-12,1772,1530,276,Closed
PO_109117,SUP_196,PROD_0258,2024/05/13,2024-05-28,2024-05-25,1484,1449,230,Closed
PO_109118,SUP_172,PROD_0146,2024/12/06,2024-12-12,2024-12-11,612,600,169,Closed
PO_109119,SUP_126,PROD_0262,10-11-2024,2024-11-30,2024-12-01,469,426,116,Closed
PO_109120,SUP_042,PROD_0101,07-06-2024,2024-06-16,2024-06-14,662,592,204,Closed
PO_109121,SUP_141,PROD_0197,2024/02/16,2024-02-27,2024-02-24,240,236,472,Closed
PO_109122,SUP_026,PROD_0033,10-03-2024,2024-03-27,2024-03-31,454,421,166,Closed
PO_109123,SUP_036,PROD_0230,29-07-2024,2024-08-06,2024-08-07,1104,1080,456,Delayed
PO_109124,SUP_137,PROD_0132,2024/03/17,2024-03-29,2024-03-31,794,711,147,Open
PO_109125,SUP_052,PROD_0172,2024/12/27,2025-01-13,2025-01-19,186,170,193,Closed
PO_109126,SUP_135,PROD_0030,2024/05/25,2024-06-14,2024-06-12,1766,1555,260,Open
PO_109127,SUP_153,PROD_0201,22-08-2024,2024-08-29,2024-08-26,1216,1126,417,Open
PO_109128,SUP_051,PROD_0190,21-01-2024,2024-02-07,2024-02-09,1997,1903,53,Delayed
PO_109129,SUP_029,PROD_0130,04-06-2024,2024-06-11,2024-06-12,1662,1631,57,Closed
PO_109130,SUP_022,PROD_0098,11-02-2024,2024-02-16,2024-02-18,729,675,165,Closed
PO_109131,SUP_126,PROD_0298,2024/09/16,2024-09-28,2024-09-29,1925,1712,466,Closed
PO_109132,SUP_011,PROD_0226,2024/11/08,2024-11-16,2024-11-13,1571,1449,495,Delayed
PO_109133,SUP_174,PROD_0090,2024/07/09,2024-07-24,2024-07-30,1742,1556,361,Closed
PO_109134,SUP_059,PROD_0273,2024/08/24,2024-09-11,2024-09-17,1827,1672,259,Open
PO_109135,SUP_022,PROD_0203,08-09-2024,2024-09-26,2024-09-25,938,827,180,Open
PO_109136,SUP_004,PROD_0122,29-11-2024,2024-12-05,2024-12-03,1189,1093,250,Closed
PO_109137,SUP_025,PROD_0131,15-11-2024,2024-11-20,2024-11-24,1194,1019,437,Delayed
PO_109138,SUP_169,PROD_0238,25-08-2024,2024-09-12,2024-09-16,141,119,158,Closed
PO_109139,SUP_173,PROD_0210,2024/09/16,2024-09-25,2024-09-28,491,453,287,Open
PO_109140,SUP_118,PROD_0223,18-03-2024,2024-03-27,2024-03-29,188,164,368,Closed
PO_109141,SUP_082,PROD_0293,2024/10/15,2024-10-27,2024-11-01,1617,1432,150,Closed
PO_109142,SUP_016,PROD_0227,2024/02/08,2024-02-25,2024-03-01,1704,1481,170,Delayed
PO_109143,SUP_118,PROD_0040,27-10-2024,2024-11-05,2024-11-07,1089,989,207,Open
PO_109144,SUP_117,PROD_0164,2024/12/20,2024-12-25,2024-12-25,684,661,131,Open
PO_109145,SUP_032,PROD_0239,2024/08/14,2024-08-25,2024-08-23,1596,1454,94,Open
PO_109146,SUP_107,PROD_0039,2024/01/02,2024-01-12,2024-01-16,1353,1238,86,Open
PO_109147,SUP_059,PROD_0104,19-01-2024,2024-02-04,2024-02-07,1332,1208,485,Delayed
PO_109148,SUP_088,PROD_0108,03-03-2024,2024-03-09,2024-03-06,596,579,137,Closed
PO_109149,SUP_111,PROD_0186,26-02-2024,2024-03-17,2024-03-18,1577,1489,106,Delayed
PO_109150,SUP_199,PROD_0290,2024/02/19,2024-02-26,2024-02-28,1606,1558,418,Closed
PO_109151,SUP_088,PROD_0127,2024/04/11,2024-04-28,2024-05-02,1463,1454,307,Open
PO_109152,SUP_159,PROD_0196,2024/11/06,2024-11-15,2024-11-20,221,221,239,Closed
PO_109153,SUP_048,PROD_0253,2024/05/13,2024-05-20,2024-05-24,1761,1549,426,Closed
PO_109154,SUP_084,PROD_0026,2024/02/04,2024-02-11,2024-02-13,1622,1515,303,Open
PO_109155,SUP_041,PROD_0049,2024/04/18,2024-05-01,2024-04-30,291,291,481,Delayed
PO_109156,SUP_120,PROD_0023,03-04-2024,2024-04-13,2024-04-19,293,290,172,Delayed
PO_109157,SUP_083,PROD_0184,12-06-2024,2024-06-26,2024-06-26,528,485,130,Closed
PO_109158,SUP_047,PROD_0090,2024/03/13,2024-03-26,2024-03-27,1550,1332,150,Open
PO_109159,SUP_141,PROD_0299,2024/09/20,2024-09-28,2024-09-25,776,730,410,Delayed
PO_109160,SUP_022,PROD_0208,2024/12/05,2024-12-18,2024-12-15,1624,1540,316,Open
PO_109161,SUP_026,PROD_0023,23-03-2024,2024-04-04,2024-04-04,923,902,339,Closed
PO_109162,SUP_074,PROD_0109,2024/09/19,2024-10-05,2024-10-03,749,682,454,Open
PO_109163,SUP_002,PROD_0155,2024/09/01,2024-09-15,2024-09-13,806,738,187,Closed
PO_109164,SUP_126,PROD_0285,15-08-2024,2024-08-28,2024-08-30,753,737,249,Closed
PO_109165,SUP_003,PROD_0003,02-03-2024,2024-03-22,2024-03-20,1571,1436,206,Closed
PO_109166,SUP_045,PROD_0294,2024/05/31,2024-06-06,2024-06-12,956,854,449,Open
PO_109167,SUP_094,PROD_0225,2024/03/17,2024-03-29,2024-04-01,325,313,318,Open
PO_109168,SUP_136,PROD_0257,14-08-2024,2024-09-01,2024-09-02,1995,1856,107,Closed
PO_109169,SUP_051,PROD_0005,19-08-2024,2024-08-24,2024-08-25,1043,948,231,Closed
PO_109170,SUP_146,PROD_0003,20-12-2024,2025-01-04,2025-01-01,315,270,131,Closed
PO_109171,SUP_162,PROD_0182,29-02-2024,2024-03-10,2024-03-11,1358,1329,160,Delayed
PO_109172,SUP_193,PROD_0190,2024/03/18,2024-03-27,2024-03-25,1873,1630,125,Closed
PO_109173,SUP_013,PROD_0199,23-01-2024,2024-01-28,2024-02-03,1210,1132,329,Open
PO_109174,SUP_070,PROD_0030,03-11-2024,2024-11-15,2024-11-17,910,779,466,Delayed
PO_109175,SUP_142,PROD_0201,2024/02/20,2024-03-05,2024-03-07,364,309,496,Open
PO_109176,SUP_126,PROD_0009,01-10-2024,2024-10-10,2024-10-08,1090,1049,418,Open
PO_109177,SUP_159,PROD_0136,2024/11/03,2024-11-18,2024-11-17,384,368,191,Delayed
PO_109178,SUP_097,PROD_0016,2024/11/27,2024-12-16,2024-12-19,1923,1658,157,Open
PO_109179,SUP_143,PROD_0238,21-07-2024,2024-08-04,2024-08-02,1519,1297,254,Delayed
PO_109180,SUP_194,PROD_0214,07-02-2024,2024-02-23,2024-02-22,1996,1821,357,Open
PO_109181,SUP_086,PROD_0114,2024/06/01,2024-06-09,2024-06-12,1008,862,309,Open
PO_109182,SUP_089,PROD_0297,2024/06/04,2024-06-19,2024-06-22,1052,1025,438,Delayed
PO_109183,SUP_194,PROD_0108,2024/02/02,2024-02-19,2024-02-19,1822,1649,109,Open
PO_109184,SUP_119,PROD_0134,05-01-2024,2024-01-21,2024-01-19,1881,1860,98,Delayed
PO_109185,SUP_160,PROD_0272,2024/12/30,2025-01-07,2025-01-10,392,356,255,Closed
PO_109186,SUP_178,PROD_0295,13-01-2024,2024-01-28,2024-01-31,1463,1387,251,Delayed
PO_109187,SUP_103,PROD_0192,2024/04/09,2024-04-18,2024-04-16,1280,1188,276,Closed
PO_109188,SUP_198,PROD_0270,19-11-2024,2024-11-28,2024-11-30,937,909,346,Delayed
PO_109189,SUP_138,PROD_0048,20-07-2024,2024-07-27,2024-08-02,999,905,405,Delayed
PO_109190,SUP_128,PROD_0160,15-10-2024,2024-10-23,2024-10-20,366,313,371,Closed
PO_109191,SUP_011,PROD_0128,2024/09/29,2024-10-11,2024-10-14,781,671,370,Delayed
PO_109192,SUP_082,PROD_0269,2024/01/11,2024-01-26,2024-01-30,1239,1122,479,Closed
PO_109193,SUP_033,PROD_0028,04-04-2024,2024-04-09,2024-04-14,1990,1923,367,Open
PO_109194,SUP_060,PROD_0244,2024/05/29,2024-06-15,2024-06-12,468,462,221,Closed
PO_109195,SUP_039,PROD_0227,2024/02/15,2024-03-03,2024-03-09,208,191,390,Closed
PO_109196,SUP_119,PROD_0244,01-12-2024,2024-12-17,2024-12-19,1825,1687,436,Delayed
PO_109197,SUP_047,PROD_0269,2024/05/10,2024-05-15,2024-05-20,838,765,124,Closed
PO_109198,SUP_002,PROD_0194,2024/11/03,2024-11-12,2024-11-16,401,361,249,Open
PO_109199,SUP_121,PROD_0076,2024/08/10,2024-08-20,2024-08-26,1957,1930,347,Closed
PO_109200,SUP_104,PROD_0260,2024/06/06,2024-06-14,2024-06-20,1044,898,296,Open
PO_109201,SUP_146,PROD_0269,27-03-2024,2024-04-16,2024-04-21,1496,1372,345,Open
PO_109202,SUP_032,PROD_0187,19-12-2024,2024-12-28,2024-12-29,349,326,350,Closed
PO_109203,SUP_045,PROD_0274,31-08-2024,2024-09-18,2024-09-17,927,822,331,Open
PO_109204,SUP_017,PROD_0135,05-09-2024,2024-09-23,2024-09-25,780,718,477,Open
PO_109205,SUP_153,PROD_0177,2024/11/06,2024-11-18,2024-11-16,650,581,142,Closed
PO_109206,SUP_176,PROD_0128,2024/02/22,2024-03-05,2024-03-03,1886,1626,371,Open
PO_109207,SUP_060,PROD_0258,06-12-2024,2024-12-23,2024-12-25,638,613,318,Closed
PO_109208,SUP_045,PROD_0187,05-08-2024,2024-08-25,2024-08-23,1336,1156,93,Delayed
PO_109209,SUP_106,PROD_0194,03-12-2024,2024-12-21,2024-12-27,1054,1016,421,Closed
PO_109210,SUP_012,PROD_0234,2024/08/19,2024-09-04,2024-09-03,714,695,478,Open
PO_109211,SUP_200,PROD_0289,2024/09/21,2024-10-08,2024-10-06,1726,1584,166,Open
PO_109212,SUP_013,PROD_0153,2024/08/28,2024-09-10,2024-09-16,845,796,459,Closed
PO_109213,SUP_010,PROD_0100,2024/10/03,2024-10-19,2024-10-16,119,101,418,Open
PO_109214,SUP_071,PROD_0270,01-12-2024,2024-12-15,2024-12-15,1648,1502,232,Closed
PO_109215,SUP_155,PROD_0099,2024/06/14,2024-07-02,2024-07-04,1216,1107,301,Closed
PO_109216,SUP_064,PROD_0278,2024/11/17,2024-11-30,2024-12-05,905,836,349,Closed
PO_109217,SUP_059,PROD_0098,12-04-2024,2024-05-02,2024-04-29,1006,868,307,Closed
PO_109218,SUP_162,PROD_0029,2024/05/23,2024-05-30,2024-05-28,1137,1076,116,Delayed
PO_109219,SUP_122,PROD_0226,2024/01/23,2024-02-09,2024-02-14,442,428,404,Open
PO_109220,SUP_128,PROD_0153,2024/11/25,2024-12-12,2024-12-16,141,124,436,Closed
PO_109221,SUP_010,PROD_0033,2024/06/25,2024-07-01,2024-06-28,1191,1147,59,Delayed
PO_109222,SUP_031,PROD_0063,18-03-2024,2024-04-05,2024-04-02,1511,1441,244,Delayed
PO_109223,SUP_192,PROD_0021,2024/01/05,2024-01-22,2024-01-27,1242,1204,285,Closed
PO_109224,SUP_106,PROD_0115,2024/06/06,2024-06-16,2024-06-16,406,390,249,Open
PO_109225,SUP_068,PROD_0018,2024/06/27,2024-07-14,2024-07-15,793,764,58,Open
PO_109226,SUP_037,PROD_0065,2024/10/30,2024-11-13,2024-11-12,1419,1209,219,Closed
PO_109227,SUP_034,PROD_0014,02-02-2024,2024-02-14,2024-02-20,1416,1323,468,Open
PO_109228,SUP_108,PROD_0063,14-05-2024,2024-05-26,2024-05-28,1262,1236,150,Delayed
PO_109229,SUP_123,PROD_0157,13-04-2024,2024-05-03,2024-04-30,354,319,441,Closed
PO_109230,SUP_084,PROD_0289,23-11-2024,2024-12-11,2024-12-14,411,381,99,Open
PO_109231,SUP_193,PROD_0294,13-12-2024,2024-12-26,2024-12-30,1422,1385,80,Closed
PO_109232,SUP_044,PROD_0205,03-08-2024,2024-08-11,2024-08-15,1485,1398,204,Closed
PO_109233,SUP_023,PROD_0152,12-05-2024,2024-05-20,2024-05-22,772,698,377,Open
PO_109234,SUP_125,PROD_0098,2024/01/08,2024-01-13,2024-01-14,1481,1422,48,Closed
PO_109235,SUP_135,PROD_0216,2024/08/22,2024-09-06,2024-09-12,285,246,92,Closed
PO_109236,SUP_024,PROD_0216,02-03-2024,2024-03-13,2024-03-19,794,677,208,Closed
PO_109237,SUP_095,PROD_0294,2024/08/06,2024-08-13,2024-08-19,1370,1240,421,Closed
PO_109238,SUP_061,PROD_0231,2024/06/26,2024-07-08,2024-07-10,1639,1396,110,Delayed
PO_109239,SUP_160,PROD_0300,02-06-2024,2024-06-11,2024-06-08,1804,1698,402,Delayed
PO_109240,SUP_188,PROD_0300,2024/12/03,2024-12-16,2024-12-17,107,100,321,Delayed
PO_109241,SUP_086,PROD_0157,06-11-2024,2024-11-15,2024-11-20,386,382,458,Delayed
PO_109242,SUP_179,PROD_0246,25-11-2024,2024-12-13,2024-12-13,123,119,298,Closed
PO_109243,SUP_144,PROD_0172,02-12-2024,2024-12-17,2024-12-15,1209,1089,296,Open
PO_109244,SUP_153,PROD_0280,27-10-2024,2024-11-03,2024-10-31,465,448,450,Open
PO_109245,SUP_166,PROD_0249,2024/10/30,2024-11-11,2024-11-13,703,598,172,Open
PO_109246,SUP_044,PROD_0080,2024/06/22,2024-07-07,2024-07-08,840,744,137,Delayed
PO_109247,SUP_129,PROD_0290,19-05-2024,2024-05-24,2024-05-30,347,314,268,Open
PO_109248,SUP_039,PROD_0287,05-06-2024,2024-06-16,2024-06-21,395,345,259,Open
PO_109249,SUP_148,PROD_0284,29-06-2024,2024-07-18,2024-07-21,1174,1014,489,Closed
PO_109250,SUP_041,PROD_0298,01-07-2024,2024-07-09,2024-07-09,323,313,197,Closed
PO_109251,SUP_044,PROD_0115,2024/04/14,2024-05-01,2024-05-01,642,594,223,Closed
PO_109252,SUP_129,PROD_0148,2024/11/30,2024-12-17,2024-12-16,1175,1163,209,Delayed
PO_109253,SUP_096,PROD_0250,05-10-2024,2024-10-12,2024-10-10,1781,1697,367,Delayed
PO_109254,SUP_135,PROD_0016,2024/08/23,2024-09-04,2024-09-09,1910,1810,249,Closed
PO_109255,SUP_046,PROD_0151,20-12-2024,2025-01-08,2025-01-09,741,688,89,Closed
PO_109256,SUP_007,PROD_0102,2024/09/26,2024-10-15,2024-10-13,1758,1494,49,Closed
PO_109257,SUP_026,PROD_0238,05-05-2024,2024-05-20,2024-05-19,1856,1665,377,Delayed
PO_109258,SUP_141,PROD_0253,20-07-2024,2024-08-01,2024-07-31,672,670,359,Delayed
PO_109259,SUP_184,PROD_0022,2024/09/15,2024-09-27,2024-09-30,1970,1749,427,Delayed
PO_109260,SUP_048,PROD_0259,2024/09/15,2024-09-29,2024-10-01,1421,1225,223,Open
PO_109261,SUP_121,PROD_0016,25-07-2024,2024-08-02,2024-08-06,1889,1647,416,Delayed
PO_109262,SUP_033,PROD_0059,18-10-2024,2024-10-26,2024-10-26,1152,1103,325,Delayed
PO_109263,SUP_109,PROD_0276,2024/03/08,2024-03-20,2024-03-23,104,104,262,Open
PO_109264,SUP_116,PROD_0100,08-05-2024,2024-05-28,2024-06-03,689,610,352,Closed
PO_109265,SUP_182,PROD_0284,07-03-2024,2024-03-12,2024-03-15,1841,1579,129,Open
PO_109266,SUP_174,PROD_0187,2024/03/23,2024-04-11,2024-04-12,544,511,211,Delayed
PO_109267,SUP_068,PROD_0126,2024/04/18,2024-04-27,2024-05-02,1101,1009,420,Closed
PO_109268,SUP_150,PROD_0003,27-01-2024,2024-02-11,2024-02-08,433,413,186,Closed
PO_109269,SUP_116,PROD_0120,13-10-2024,2024-10-24,2024-10-25,812,737,69,Closed
PO_109270,SUP_088,PROD_0083,2024/11/07,2024-11-17,2024-11-20,1965,1888,438,Closed
PO_109271,SUP_134,PROD_0279,29-08-2024,2024-09-14,2024-09-12,850,756,474,Delayed
PO_109272,SUP_056,PROD_0220,01-04-2024,2024-04-20,2024-04-17,212,185,113,Closed
PO_109273,SUP_130,PROD_0228,2024/11/04,2024-11-14,2024-11-14,417,389,150,Delayed
PO_109274,SUP_038,PROD_0240,2024/11/25,2024-12-09,2024-12-11,294,275,479,Delayed
PO_109275,SUP_002,PROD_0229,17-12-2024,2024-12-22,2024-12-26,1764,1705,313,Open
PO_109276,SUP_126,PROD_0053,27-05-2024,2024-06-05,2024-06-02,1969,1791,272,Delayed
PO_109277,SUP_141,PROD_0299,08-07-2024,2024-07-17,2024-07-17,1960,1922,166,Open
PO_109278,SUP_001,PROD_0178,2024/02/29,2024-03-07,2024-03-12,1614,1439,260,Closed
PO_109279,SUP_036,PROD_0181,12-04-2024,2024-04-19,2024-04-17,1441,1423,124,Open
PO_109280,SUP_099,PROD_0167,18-05-2024,2024-05-31,2024-06-03,922,870,401,Closed
PO_109281,SUP_060,PROD_0131,2024/07/04,2024-07-23,2024-07-25,1445,1260,72,Open
PO_109282,SUP_094,PROD_0033,2024/05/21,2024-05-30,2024-06-01,1462,1262,44,Open
PO_109283,SUP_192,PROD_0005,2024/06/05,2024-06-18,2024-06-22,1515,1462,465,Open
PO_109284,SUP_077,PROD_0079,04-08-2024,2024-08-20,2024-08-20,624,549,471,Delayed
PO_109285,SUP_044,PROD_0292,14-10-2024,2024-10-19,2024-10-19,1545,1435,118,Delayed
PO_109286,SUP_153,PROD_0218,25-12-2024,2025-01-08,2025-01-13,149,148,456,Delayed
PO_109287,SUP_010,PROD_0052,10-10-2024,2024-10-29,2024-10-29,524,511,428,Delayed
PO_109288,SUP_176,PROD_0229,05-11-2024,2024-11-24,2024-11-27,1870,1810,86,Closed
PO_109289,SUP_185,PROD_0177,20-01-2024,2024-01-30,2024-02-04,1933,1767,256,Open
PO_109290,SUP_141,PROD_0182,2024/12/25,2025-01-01,2025-01-06,1803,1769,474,Delayed
PO_109291,SUP_143,PROD_0275,2024/02/24,2024-03-14,2024-03-13,264,234,175,Delayed
PO_109292,SUP_008,PROD_0300,30-04-2024,2024-05-16,2024-05-18,347,309,382,Open
PO_109293,SUP_139,PROD_0004,2024/07/25,2024-08-12,2024-08-16,583,528,65,Delayed
PO_109294,SUP_198,PROD_0066,2024/12/05,2024-12-10,2024-12-15,288,275,128,Delayed
PO_109295,SUP_023,PROD_0188,2024/05/22,2024-06-09,2024-06-06,184,169,81,Open
PO_109296,SUP_131,PROD_0137,2024/04/30,2024-05-08,2024-05-06,153,147,415,Open
PO_109297,SUP_155,PROD_0115,23-06-2024,2024-07-12,2024-07-18,1424,1423,491,Delayed
PO_109298,SUP_126,PROD_0208,2024/02/21,2024-03-01,2024-03-02,139,130,93,Delayed
PO_109299,SUP_085,PROD_0055,22-07-2024,2024-08-04,2024-08-09,641,547,260,Closed
PO_109300,SUP_168,PROD_0053,2024/06/02,2024-06-17,2024-06-16,1982,1917,333,Delayed
PO_109301,SUP_197,PROD_0036,2024/04/13,2024-04-18,2024-04-19,484,435,384,Delayed
PO_109302,SUP_163,PROD_0002,15-08-2024,2024-08-30,2024-08-27,1958,1874,328,Delayed
PO_109303,SUP_159,PROD_0251,23-02-2024,2024-03-14,2024-03-14,798,693,399,Open
PO_109304,SUP_074,PROD_0031,01-09-2024,2024-09-20,2024-09-19,1867,1626,98,Open
PO_109305,SUP_093,PROD_0138,2024/04/01,2024-04-16,2024-04-22,800,738,140,Delayed
PO_109306,SUP_129,PROD_0100,2024/08/30,2024-09-08,2024-09-13,1948,1908,422,Closed
PO_109307,SUP_154,PROD_0288,2024/06/13,2024-06-29,2024-07-02,318,282,240,Open
PO_109308,SUP_032,PROD_0024,2024/12/08,2024-12-23,2024-12-20,316,278,196,Open
PO_109309,SUP_091,PROD_0244,2024/01/15,2024-01-27,2024-01-30,1889,1808,181,Closed
PO_109310,SUP_049,PROD_0256,18-11-2024,2024-11-24,2024-11-26,386,380,456,Open
PO_109311,SUP_176,PROD_0029,07-06-2024,2024-06-18,2024-06-20,726,632,281,Open
PO_109312,SUP_145,PROD_0111,2024/03/29,2024-04-16,2024-04-13,1103,1023,191,Delayed
PO_109313,SUP_069,PROD_0230,2024/09/24,2024-10-05,2024-10-11,1092,1081,408,Closed
PO_109314,SUP_073,PROD_0155,2024/12/30,2025-01-16,2025-01-19,761,679,332,Open
PO_109315,SUP_068,PROD_0262,09-01-2024,2024-01-21,2024-01-20,1555,1485,140,Delayed
PO_109316,SUP_033,PROD_0169,16-10-2024,2024-10-24,2024-10-25,1785,1775,121,Delayed
PO_109317,SUP_174,PROD_0278,22-02-2024,2024-03-09,2024-03-15,878,784,204,Open
PO_109318,SUP_130,PROD_0103,21-04-2024,2024-05-10,2024-05-09,147,143,172,Delayed
PO_109319,SUP_005,PROD_0149,2024/05/16,2024-05-26,2024-05-27,344,325,308,Delayed
PO_109320,SUP_135,PROD_0254,31-01-2024,2024-02-05,2024-02-08,140,131,242,Closed
PO_109321,SUP_056,PROD_0027,17-05-2024,2024-05-22,2024-05-27,361,307,326,Delayed
PO_109322,SUP_040,PROD_0286,2024/10/22,2024-11-01,2024-11-05,547,540,158,Closed
PO_109323,SUP_103,PROD_0255,2024/06/11,2024-07-01,2024-06-28,1791,1602,112,Closed
PO_109324,SUP_093,PROD_0232,04-10-2024,2024-10-14,2024-10-16,1102,1061,471,Closed
PO_109325,SUP_156,PROD_0228,03-03-2024,2024-03-23,2024-03-25,592,571,446,Open
PO_109326,SUP_135,PROD_0144,2024/12/01,2024-12-07,2024-12-07,904,829,99,Delayed
PO_109327,SUP_049,PROD_0107,2024/07/28,2024-08-07,2024-08-06,1746,1694,339,Delayed
PO_109328,SUP_054,PROD_0006,2024/02/07,2024-02-22,2024-02-26,321,275,283,Delayed
PO_109329,SUP_083,PROD_0284,09-04-2024,2024-04-14,2024-04-16,876,847,198,Delayed
PO_109330,SUP_140,PROD_0233,2024/10/23,2024-11-12,2024-11-13,1167,1072,116,Delayed
PO_109331,SUP_168,PROD_0125,2024/10/01,2024-10-12,2024-10-12,1646,1570,89,Delayed
PO_109332,SUP_164,PROD_0080,10-01-2024,2024-01-19,2024-01-17,768,652,401,Delayed
PO_109333,SUP_048,PROD_0073,17-04-2024,2024-05-05,2024-05-03,1849,1828,408,Open
PO_109334,SUP_004,PROD_0259,2024/10/28,2024-11-11,2024-11-15,577,506,84,Closed
PO_109335,SUP_110,PROD_0089,30-05-2024,2024-06-07,2024-06-10,295,285,72,Delayed
PO_109336,SUP_096,PROD_0279,17-12-2024,2025-01-02,2025-01-06,1710,1661,368,Open
PO_109337,SUP_062,PROD_0005,25-02-2024,2024-03-14,2024-03-16,426,383,369,Delayed
PO_109338,SUP_036,PROD_0227,2024/07/27,2024-08-14,2024-08-20,1176,1052,63,Delayed
PO_109339,SUP_148,PROD_0035,2024/10/16,2024-11-03,2024-11-06,887,805,131,Open
PO_109340,SUP_151,PROD_0037,24-05-2024,2024-05-31,2024-05-30,1216,1201,446,Open
PO_109341,SUP_012,PROD_0274,2024/06/25,2024-07-12,2024-07-16,537,478,424,Closed
PO_109342,SUP_199,PROD_0113,2024/12/21,2024-12-26,2024-12-27,1111,949,376,Closed
PO_109343,SUP_115,PROD_0144,30-10-2024,2024-11-08,2024-11-09,1279,1217,384,Delayed
PO_109344,SUP_165,PROD_0111,2024/03/31,2024-04-13,2024-04-11,1878,1776,320,Open
PO_109345,SUP_017,PROD_0010,2024/08/27,2024-09-05,2024-09-02,1070,936,387,Open
PO_109346,SUP_036,PROD_0240,2024/12/29,2025-01-18,2025-01-18,1600,1404,181,Closed
PO_109347,SUP_169,PROD_0054,2024/01/26,2024-02-11,2024-02-16,1505,1371,45,Closed
PO_109348,SUP_034,PROD_0066,2024/08/25,2024-09-08,2024-09-13,1731,1480,343,Open
PO_109349,SUP_062,PROD_0274,2024/10/01,2024-10-19,2024-10-23,600,586,249,Open
PO_109350,SUP_197,PROD_0094,2024/02/02,2024-02-18,2024-02-17,609,599,223,Closed
PO_109351,SUP_095,PROD_0055,2024/03/10,2024-03-16,2024-03-14,907,862,406,Closed
PO_109352,SUP_063,PROD_0145,2024/08/25,2024-09-07,2024-09-11,1003,905,426,Delayed
PO_109353,SUP_169,PROD_0150,2024/08/08,2024-08-25,2024-08-28,678,656,264,Open
PO_109354,SUP_099,PROD_0259,20-06-2024,2024-06-25,2024-06-25,592,592,223,Closed
PO_109355,SUP_104,PROD_0179,25-12-2024,2025-01-02,2025-01-04,1516,1297,108,Delayed
PO_109356,SUP_093,PROD_0257,2024/07/20,2024-07-26,2024-07-26,175,158,272,Open
PO_109357,SUP_034,PROD_0089,2024/11/07,2024-11-18,2024-11-24,1412,1350,252,Delayed
PO_109358,SUP_061,PROD_0131,2024/03/03,2024-03-16,2024-03-18,1516,1343,288,Closed
PO_109359,SUP_010,PROD_0224,02-11-2024,2024-11-22,2024-11-20,456,402,165,Delayed
PO_109360,SUP_158,PROD_0259,24-04-2024,2024-05-13,2024-05-17,1421,1328,71,Delayed
PO_109361,SUP_106,PROD_0197,2024/01/25,2024-02-01,2024-02-06,1053,1044,450,Delayed
PO_109362,SUP_088,PROD_0196,2024/04/12,2024-04-25,2024-04-23,212,211,208,Delayed
PO_109363,SUP_009,PROD_0227,25-03-2024,2024-04-07,2024-04-06,1022,999,455,Open
PO_109364,SUP_017,PROD_0099,2024/04/01,2024-04-20,2024-04-18,1660,1523,274,Open
PO_109365,SUP_196,PROD_0058,23-07-2024,2024-08-06,2024-08-11,957,880,462,Closed
PO_109366,SUP_097,PROD_0043,30-07-2024,2024-08-12,2024-08-17,1276,1202,494,Open
PO_109367,SUP_177,PROD_0007,2024/11/02,2024-11-07,2024-11-12,1150,992,360,Closed
PO_109368,SUP_101,PROD_0024,2024/07/07,2024-07-15,2024-07-20,1238,1094,127,Open
PO_109369,SUP_198,PROD_0059,2024/05/07,2024-05-19,2024-05-20,696,591,75,Closed
PO_109370,SUP_106,PROD_0013,30-03-2024,2024-04-05,2024-04-03,558,554,328,Delayed
PO_109371,SUP_118,PROD_0001,2024/03/12,2024-03-21,2024-03-26,1891,1856,353,Closed
PO_109372,SUP_057,PROD_0027,02-08-2024,2024-08-14,2024-08-14,404,400,329,Closed
PO_109373,SUP_031,PROD_0073,19-03-2024,2024-03-30,2024-03-29,1211,1097,395,Closed
PO_109374,SUP_078,PROD_0271,21-01-2024,2024-02-07,2024-02-06,367,336,178,Closed
PO_109375,SUP_132,PROD_0258,2024/01/12,2024-01-29,2024-01-30,1738,1557,477,Open
PO_109376,SUP_044,PROD_0008,2024/08/20,2024-09-07,2024-09-13,151,151,365,Closed
PO_109377,SUP_069,PROD_0162,2024/08/25,2024-09-11,2024-09-17,1548,1326,350,Delayed
PO_109378,SUP_199,PROD_0222,2024/10/12,2024-10-22,2024-10-19,1814,1608,365,Open
PO_109379,SUP_085,PROD_0110,2024/10/09,2024-10-19,2024-10-25,1105,1086,122,Delayed
PO_109380,SUP_014,PROD_0039,06-04-2024,2024-04-26,2024-04-27,747,729,155,Closed
PO_109381,SUP_089,PROD_0214,2024/07/15,2024-07-28,2024-08-03,173,156,478,Closed
PO_109382,SUP_059,PROD_0061,2024/03/14,2024-03-19,2024-03-22,1717,1533,209,Open
PO_109383,SUP_156,PROD_0026,2024/09/22,2024-10-04,2024-10-09,1921,1831,130,Delayed
PO_109384,SUP_143,PROD_0169,10-06-2024,2024-06-24,2024-06-26,1024,939,161,Closed
PO_109385,SUP_019,PROD_0214,2024/04/21,2024-04-30,2024-04-30,992,889,235,Open
PO_109386,SUP_142,PROD_0035,2024/04/03,2024-04-15,2024-04-12,1454,1387,432,Delayed
PO_109387,SUP_077,PROD_0171,24-08-2024,2024-09-04,2024-09-04,1542,1347,365,Closed
PO_109388,SUP_016,PROD_0182,2024/05/08,2024-05-24,2024-05-23,673,593,114,Open
PO_109389,SUP_157,PROD_0007,2024/12/15,2025-01-04,2025-01-04,1161,1151,371,Open
PO_109390,SUP_198,PROD_0244,2024/07/12,2024-07-20,2024-07-20,346,338,363,Open
PO_109391,SUP_044,PROD_0071,26-04-2024,2024-05-11,2024-05-12,1569,1335,61,Delayed
PO_109392,SUP_150,PROD_0185,2024/03/22,2024-04-09,2024-04-13,1244,1083,325,Closed
PO_109393,SUP_124,PROD_0098,2024/09/01,2024-09-06,2024-09-08,1101,1097,54,Closed
PO_109394,SUP_016,PROD_0028,2024/12/14,2024-12-26,2024-12-31,1851,1577,133,Delayed
PO_109395,SUP_016,PROD_0287,20-01-2024,2024-01-31,2024-02-06,124,106,470,Closed
PO_109396,SUP_001,PROD_0102,17-10-2024,2024-10-27,2024-11-01,1914,1904,126,Delayed
PO_109397,SUP_120,PROD_0258,03-09-2024,2024-09-11,2024-09-13,334,320,496,Closed
PO_109398,SUP_101,PROD_0091,05-08-2024,2024-08-21,2024-08-22,213,199,448,Closed
PO_109399,SUP_013,PROD_0293,2024/10/31,2024-11-16,2024-11-18,854,847,153,Delayed
PO_109400,SUP_191,PROD_0027,2024/02/15,2024-03-01,2024-03-02,425,407,129,Delayed
PO_109401,SUP_017,PROD_0192,04-12-2024,2024-12-15,2024-12-14,1551,1453,306,Open
PO_109402,SUP_047,PROD_0136,17-06-2024,2024-07-01,2024-07-02,1718,1537,352,Open
PO_109403,SUP_066,PROD_0262,19-07-2024,2024-08-05,2024-08-02,739,662,288,Closed
PO_109404,SUP_075,PROD_0115,04-04-2024,2024-04-09,2024-04-15,147,127,47,Closed
PO_109405,SUP_189,PROD_0221,2024/02/04,2024-02-22,2024-02-19,1335,1251,266,Delayed
PO_109406,SUP_158,PROD_0111,24-01-2024,2024-02-06,2024-02-06,122,114,122,Closed
PO_109407,SUP_057,PROD_0180,14-09-2024,2024-09-19,2024-09-21,646,612,470,Open
PO_109408,SUP_032,PROD_0121,2024/02/08,2024-02-24,2024-02-22,1226,1106,428,Closed
PO_109409,SUP_188,PROD_0124,16-12-2024,2024-12-24,2024-12-26,271,266,376,Delayed
PO_109410,SUP_168,PROD_0297,2024/10/21,2024-10-26,2024-10-28,557,545,277,Closed
PO_109411,SUP_100,PROD_0282,2024/06/25,2024-07-10,2024-07-14,406,364,322,Delayed
PO_109412,SUP_100,PROD_0059,2024/02/20,2024-02-28,2024-03-02,360,357,410,Delayed
PO_109413,SUP_170,PROD_0061,2024/04/11,2024-04-28,2024-04-27,633,611,159,Closed
PO_109414,SUP_152,PROD_0185,25-08-2024,2024-09-05,2024-09-11,754,752,329,Open
PO_109415,SUP_162,PROD_0198,16-05-2024,2024-05-21,2024-05-23,1591,1412,203,Delayed
PO_109416,SUP_196,PROD_0201,12-03-2024,2024-03-19,2024-03-24,473,419,267,Open
PO_109417,SUP_200,PROD_0154,2024/10/10,2024-10-28,2024-10-26,1818,1697,61,Open
PO_109418,SUP_150,PROD_0270,2024/08/02,2024-08-08,2024-08-12,1109,1086,347,Open
PO_109419,SUP_056,PROD_0119,2024/12/16,2024-12-26,2024-12-31,947,854,295,Delayed
PO_109420,SUP_132,PROD_0030,2024/11/12,2024-11-27,2024-11-26,755,680,428,Delayed
PO_109421,SUP_186,PROD_0165,01-12-2024,2024-12-18,2024-12-17,829,816,125,Delayed
PO_109422,SUP_192,PROD_0172,16-01-2024,2024-01-28,2024-01-26,1706,1560,207,Closed
PO_109423,SUP_078,PROD_0260,09-04-2024,2024-04-16,2024-04-16,829,746,473,Delayed
PO_109424,SUP_017,PROD_0095,04-09-2024,2024-09-19,2024-09-17,1021,972,176,Closed
PO_109425,SUP_047,PROD_0219,10-02-2024,2024-02-29,2024-02-29,314,307,192,Open
PO_109426,SUP_189,PROD_0202,2024/06/03,2024-06-13,2024-06-15,1984,1687,303,Closed
PO_109427,SUP_109,PROD_0001,18-10-2024,2024-10-31,2024-11-03,1938,1922,395,Closed
PO_109428,SUP_091,PROD_0156,2024/01/10,2024-01-30,2024-01-31,1465,1408,212,Delayed
PO_109429,SUP_029,PROD_0048,25-07-2024,2024-08-02,2024-08-04,185,158,311,Delayed
PO_109430,SUP_089,PROD_0152,2024/10/02,2024-10-07,2024-10-07,130,125,245,Closed
PO_109431,SUP_016,PROD_0127,2024/02/01,2024-02-16,2024-02-20,1200,1180,278,Open
PO_109432,SUP_164,PROD_0069,2024/02/23,2024-03-05,2024-03-03,280,267,430,Closed
PO_109433,SUP_111,PROD_0005,23-01-2024,2024-01-29,2024-01-29,957,924,459,Closed
PO_109434,SUP_090,PROD_0300,18-03-2024,2024-04-07,2024-04-13,1172,1065,325,Delayed
PO_109435,SUP_163,PROD_0174,09-12-2024,2024-12-24,2024-12-27,1614,1614,71,Open
PO_109436,SUP_047,PROD_0243,2024/11/28,2024-12-06,2024-12-08,463,433,425,Delayed
PO_109437,SUP_087,PROD_0101,2024/01/31,2024-02-05,2024-02-03,870,839,451,Open
PO_109438,SUP_007,PROD_0128,22-05-2024,2024-06-03,2024-06-01,880,749,124,Closed
PO_109439,SUP_041,PROD_0104,2024/06/06,2024-06-22,2024-06-21,1875,1753,62,Closed
PO_109440,SUP_141,PROD_0118,2024/11/12,2024-11-29,2024-12-04,1195,1032,423,Closed
PO_109441,SUP_105,PROD_0278,28-05-2024,2024-06-14,2024-06-14,1511,1349,300,Open
PO_109442,SUP_018,PROD_0248,2024/05/20,2024-05-27,2024-05-26,330,328,486,Closed
PO_109443,SUP_150,PROD_0158,14-07-2024,2024-07-23,2024-07-22,1381,1205,96,Open
PO_109444,SUP_055,PROD_0293,2024/01/02,2024-01-13,2024-01-12,129,109,43,Closed
PO_109445,SUP_080,PROD_0079,15-11-2024,2024-11-23,2024-11-25,733,687,109,Closed
PO_109446,SUP_152,PROD_0253,26-10-2024,2024-11-03,2024-11-01,391,387,98,Closed
PO_109447,SUP_180,PROD_0102,2024/02/13,2024-02-23,2024-02-24,1481,1359,183,Closed
PO_109448,SUP_046,PROD_0087,23-12-2024,2025-01-01,2025-01-03,950,838,290,Open
PO_109449,SUP_154,PROD_0166,22-02-2024,2024-03-03,2024-03-03,1593,1565,135,Open
PO_109450,SUP_097,PROD_0262,05-06-2024,2024-06-10,2024-06-16,499,493,183,Open
PO_109451,SUP_101,PROD_0210,20-10-2024,2024-10-28,2024-10-29,1227,1137,68,Open
PO_109452,SUP_156,PROD_0020,2024/12/17,2024-12-28,2024-12-25,1589,1413,53,Delayed
PO_109453,SUP_116,PROD_0197,11-12-2024,2024-12-31,2025-01-02,1413,1221,209,Closed
PO_109454,SUP_071,PROD_0139,16-05-2024,2024-05-26,2024-05-31,367,326,158,Closed
PO_109455,SUP_035,PROD_0006,21-12-2024,2025-01-03,2025-01-07,284,263,197,Closed
PO_109456,SUP_029,PROD_0218,08-04-2024,2024-04-24,2024-04-25,1729,1529,90,Delayed
PO_109457,SUP_106,PROD_0047,15-02-2024,2024-02-22,2024-02-21,1181,1155,170,Open
PO_109458,SUP_108,PROD_0073,2024/03/29,2024-04-10,2024-04-09,1401,1284,246,Closed
PO_109459,SUP_172,PROD_0003,08-04-2024,2024-04-27,2024-05-01,392,355,282,Open
PO_109460,SUP_028,PROD_0008,2024/07/02,2024-07-07,2024-07-12,677,602,377,Open
PO_109461,SUP_116,PROD_0145,07-06-2024,2024-06-25,2024-07-01,646,625,150,Delayed
PO_109462,SUP_199,PROD_0208,2024/11/30,2024-12-10,2024-12-07,1340,1267,474,Closed
PO_109463,SUP_001,PROD_0035,2024/03/15,2024-04-03,2024-04-08,1126,1121,304,Closed
PO_109464,SUP_156,PROD_0027,16-03-2024,2024-04-02,2024-04-08,1257,1175,220,Closed
PO_109465,SUP_006,PROD_0103,06-11-2024,2024-11-20,2024-11-21,391,334,53,Open
PO_109466,SUP_091,PROD_0107,2024/06/21,2024-07-11,2024-07-09,1720,1573,114,Delayed
PO_109467,SUP_112,PROD_0029,27-05-2024,2024-06-01,2024-06-06,1681,1637,49,Open
PO_109468,SUP_197,PROD_0067,2024/10/15,2024-10-29,2024-11-02,629,549,406,Open
PO_109469,SUP_138,PROD_0093,2024/03/31,2024-04-15,2024-04-16,1613,1487,394,Closed
PO_109470,SUP_150,PROD_0092,2024/10/13,2024-10-18,2024-10-19,754,661,274,Delayed
PO_109471,SUP_077,PROD_0244,2024/08/06,2024-08-16,2024-08-18,1860,1590,327,Open
PO_109472,SUP_153,PROD_0187,16-12-2024,2024-12-25,2024-12-23,1062,1061,483,Closed
PO_109473,SUP_198,PROD_0045,2024/06/29,2024-07-11,2024-07-08,637,623,177,Delayed
PO_109474,SUP_166,PROD_0185,2024/08/27,2024-09-10,2024-09-07,905,781,166,Open
PO_109475,SUP_063,PROD_0123,01-01-2024,2024-01-07,2024-01-13,1010,1003,186,Open
PO_109476,SUP_002,PROD_0298,2024/04/21,2024-05-06,2024-05-04,1691,1488,52,Delayed
PO_109477,SUP_062,PROD_0299,2024/04/17,2024-04-24,2024-04-29,954,944,394,Delayed
PO_109478,SUP_101,PROD_0193,2024/06/14,2024-06-21,2024-06-22,1515,1471,236,Delayed
PO_109479,SUP_013,PROD_0022,2024/07/18,2024-07-30,2024-08-05,237,208,386,Delayed
PO_109480,SUP_025,PROD_0266,24-12-2024,2024-12-29,2025-01-02,579,567,361,Delayed
PO_109481,SUP_178,PROD_0105,2024/06/30,2024-07-08,2024-07-09,1416,1274,72,Delayed
PO_109482,SUP_194,PROD_0250,19-07-2024,2024-07-25,2024-07-29,1499,1354,491,Open
PO_109483,SUP_182,PROD_0203,2024/07/06,2024-07-11,2024-07-15,1405,1322,413,Delayed
PO_109484,SUP_179,PROD_0294,06-08-2024,2024-08-11,2024-08-12,1693,1452,290,Delayed
PO_109485,SUP_093,PROD_0296,2024/01/30,2024-02-06,2024-02-06,1246,1172,444,Delayed
PO_109486,SUP_024,PROD_0128,2024/10/03,2024-10-22,2024-10-20,1284,1250,493,Closed
PO_109487,SUP_076,PROD_0200,02-02-2024,2024-02-10,2024-02-14,212,204,419,Delayed
PO_109488,SUP_117,PROD_0290,2024/07/18,2024-07-26,2024-07-27,1475,1303,282,Delayed
PO_109489,SUP_058,PROD_0127,2024/10/24,2024-11-02,2024-11-05,1320,1309,176,Open
PO_109490,SUP_008,PROD_0179,2024/03/06,2024-03-22,2024-03-23,1393,1375,69,Open
PO_109491,SUP_074,PROD_0124,2024/06/18,2024-06-30,2024-06-27,733,727,108,Closed
PO_109492,SUP_152,PROD_0131,2024/12/18,2025-01-05,2025-01-08,814,694,98,Closed
PO_109493,SUP_024,PROD_0222,2024/07/22,2024-08-04,2024-08-01,385,359,336,Open
PO_109494,SUP_005,PROD_0012,12-10-2024,2024-10-23,2024-10-23,482,437,234,Delayed
PO_109495,SUP_145,PROD_0062,03-10-2024,2024-10-18,2024-10-23,1358,1238,176,Open
PO_109496,SUP_050,PROD_0209,2024/02/21,2024-03-07,2024-03-06,315,311,341,Closed
PO_109497,SUP_037,PROD_0204,2024/04/19,2024-04-24,2024-04-29,264,225,432,Open
PO_109498,SUP_080,PROD_0133,2024/08/08,2024-08-15,2024-08-14,665,574,105,Open
PO_109499,SUP_174,PROD_0292,20-07-2024,2024-07-29,2024-07-26,1734,1623,281,Delayed
PO_109500,SUP_133,PROD_0267,20-12-2024,2025-01-02,2024-12-30,1731,1560,426,Open
PO_109501,SUP_166,PROD_0196,2024/08/05,2024-08-15,2024-08-21,567,538,426,Open
PO_109502,SUP_043,PROD_0092,29-01-2024,2024-02-16,2024-02-18,939,885,415,Delayed
PO_109503,SUP_050,PROD_0178,2024/09/08,2024-09-13,2024-09-13,711,699,342,Open
PO_109504,SUP_154,PROD_0268,18-04-2024,2024-05-01,2024-04-29,1072,1036,239,Open
PO_109505,SUP_032,PROD_0184,2024/08/31,2024-09-12,2024-09-15,1588,1396,322,Closed
PO_109506,SUP_126,PROD_0228,2024/10/27,2024-11-10,2024-11-13,1530,1419,165,Open
PO_109507,SUP_051,PROD_0112,23-02-2024,2024-03-10,2024-03-11,1646,1476,447,Delayed
PO_109508,SUP_008,PROD_0092,01-06-2024,2024-06-09,2024-06-15,174,165,84,Closed
PO_109509,SUP_114,PROD_0133,2024/06/04,2024-06-15,2024-06-21,629,598,114,Closed
PO_109510,SUP_089,PROD_0198,04-02-2024,2024-02-19,2024-02-21,1332,1212,274,Closed
PO_109511,SUP_162,PROD_0282,2024/03/28,2024-04-16,2024-04-14,1338,1141,110,Open
PO_109512,SUP_132,PROD_0121,09-07-2024,2024-07-15,2024-07-12,1268,1129,238,Delayed
PO_109513,SUP_061,PROD_0102,27-09-2024,2024-10-02,2024-10-05,1252,1199,448,Closed
PO_109514,SUP_159,PROD_0041,2024/09/16,2024-10-06,2024-10-11,1507,1455,355,Open
PO_109515,SUP_028,PROD_0183,2024/03/18,2024-03-29,2024-03-31,472,413,325,Closed
PO_109516,SUP_007,PROD_0013,2024/08/09,2024-08-19,2024-08-24,1121,997,90,Closed
PO_109517,SUP_018,PROD_0107,23-10-2024,2024-11-12,2024-11-16,1809,1686,48,Open
PO_109518,SUP_130,PROD_0125,2024/12/21,2025-01-06,2025-01-04,934,838,145,Delayed
PO_109519,SUP_068,PROD_0280,08-11-2024,2024-11-27,2024-11-25,183,180,229,Closed
PO_109520,SUP_105,PROD_0224,2024/02/29,2024-03-07,2024-03-12,128,108,355,Delayed
PO_109521,SUP_124,PROD_0051,06-10-2024,2024-10-14,2024-10-12,418,389,300,Closed
PO_109522,SUP_087,PROD_0146,2024/10/09,2024-10-23,2024-10-20,319,272,441,Delayed
PO_109523,SUP_015,PROD_0032,2024/04/13,2024-04-24,2024-04-26,1354,1267,257,Closed
PO_109524,SUP_035,PROD_0252,17-06-2024,2024-07-02,2024-07-02,134,127,357,Closed
PO_109525,SUP_051,PROD_0031,2024/10/09,2024-10-27,2024-11-02,1158,1012,250,Open
PO_109526,SUP_065,PROD_0075,2024/09/10,2024-09-28,2024-09-27,930,912,67,Delayed
PO_109527,SUP_166,PROD_0206,06-06-2024,2024-06-22,2024-06-22,1062,1060,347,Open
PO_109528,SUP_104,PROD_0074,08-10-2024,2024-10-18,2024-10-21,1753,1499,392,Open
PO_109529,SUP_173,PROD_0112,2024/03/01,2024-03-20,2024-03-26,1388,1189,231,Closed
PO_109530,SUP_101,PROD_0021,24-04-2024,2024-05-09,2024-05-06,155,132,150,Closed
PO_109531,SUP_072,PROD_0225,2024/09/22,2024-10-07,2024-10-09,223,194,146,Closed
PO_109532,SUP_064,PROD_0221,2024/08/02,2024-08-22,2024-08-22,1692,1552,78,Closed
PO_109533,SUP_160,PROD_0149,2024/05/07,2024-05-14,2024-05-11,1478,1346,101,Delayed
PO_109534,SUP_003,PROD_0256,25-08-2024,2024-09-10,2024-09-08,610,546,55,Closed
PO_109535,SUP_022,PROD_0011,2024/10/05,2024-10-12,2024-10-15,510,476,187,Closed
PO_109536,SUP_166,PROD_0225,2024/03/09,2024-03-28,2024-03-27,1780,1746,450,Closed
PO_109537,SUP_200,PROD_0125,2024/08/09,2024-08-16,2024-08-22,751,687,312,Closed
PO_109538,SUP_140,PROD_0076,2024/12/24,2025-01-03,2025-01-07,489,452,219,Closed
PO_109539,SUP_131,PROD_0170,01-06-2024,2024-06-10,2024-06-09,1174,1111,461,Open
PO_109540,SUP_105,PROD_0054,2024/03/27,2024-04-07,2024-04-10,449,412,161,Delayed
PO_109541,SUP_187,PROD_0176,2024/06/22,2024-06-27,2024-06-26,735,734,313,Open
PO_109542,SUP_161,PROD_0027,2024/03/31,2024-04-15,2024-04-18,1152,1113,268,Delayed
PO_109543,SUP_123,PROD_0073,2024/01/21,2024-02-07,2024-02-07,816,794,476,Delayed
PO_109544,SUP_062,PROD_0240,14-09-2024,2024-09-23,2024-09-20,1727,1555,216,Delayed
PO_109545,SUP_073,PROD_0119,01-04-2024,2024-04-09,2024-04-08,998,876,82,Delayed
PO_109546,SUP_106,PROD_0268,24-07-2024,2024-08-08,2024-08-13,1998,1833,70,Closed
PO_109547,SUP_014,PROD_0033,16-12-2024,2024-12-23,2024-12-26,169,148,486,Closed
PO_109548,SUP_126,PROD_0079,2024/02/24,2024-03-04,2024-03-06,1204,1083,494,Delayed
PO_109549,SUP_147,PROD_0117,23-08-2024,2024-09-06,2024-09-11,1868,1796,494,Delayed
PO_109550,SUP_145,PROD_0054,2024/09/16,2024-09-21,2024-09-20,441,401,212,Open
PO_109551,SUP_179,PROD_0137,04-12-2024,2024-12-23,2024-12-28,1696,1533,86,Closed
PO_109552,SUP_155,PROD_0192,04-06-2024,2024-06-11,2024-06-13,1636,1423,280,Closed
PO_109553,SUP_138,PROD_0290,01-02-2024,2024-02-14,2024-02-17,1735,1557,42,Open
PO_109554,SUP_187,PROD_0249,2024/03/02,2024-03-10,2024-03-07,1478,1446,192,Delayed
PO_109555,SUP_076,PROD_0007,30-07-2024,2024-08-07,2024-08-08,1272,1169,439,Closed
PO_109556,SUP_079,PROD_0190,2024/02/10,2024-02-22,2024-02-25,1124,1071,91,Open
PO_109557,SUP_132,PROD_0240,11-05-2024,2024-05-27,2024-05-26,550,483,201,Delayed
PO_109558,SUP_038,PROD_0144,10-06-2024,2024-06-26,2024-06-23,817,702,459,Closed
PO_109559,SUP_157,PROD_0289,02-01-2024,2024-01-22,2024-01-20,764,670,196,Closed
PO_109560,SUP_116,PROD_0082,12-11-2024,2024-11-23,2024-11-24,938,890,244,Delayed
PO_109561,SUP_155,PROD_0163,30-05-2024,2024-06-11,2024-06-13,662,620,446,Closed
PO_109562,SUP_086,PROD_0005,08-08-2024,2024-08-19,2024-08-20,1163,1000,420,Closed
PO_109563,SUP_041,PROD_0194,07-05-2024,2024-05-12,2024-05-18,1586,1523,373,Open
PO_109564,SUP_130,PROD_0071,02-10-2024,2024-10-12,2024-10-17,912,906,233,Open
PO_109565,SUP_146,PROD_0157,15-11-2024,2024-11-20,2024-11-21,184,183,254,Closed
PO_109566,SUP_184,PROD_0009,2024/05/24,2024-06-01,2024-05-29,1971,1729,117,Delayed
PO_109567,SUP_100,PROD_0124,10-04-2024,2024-04-16,2024-04-14,1731,1597,75,Delayed
PO_109568,SUP_107,PROD_0272,02-10-2024,2024-10-20,2024-10-25,711,655,343,Open
PO_109569,SUP_062,PROD_0293,12-04-2024,2024-04-25,2024-04-30,355,352,485,Closed
PO_109570,SUP_179,PROD_0206,03-04-2024,2024-04-13,2024-04-11,1328,1136,47,Open
PO_109571,SUP_180,PROD_0156,02-08-2024,2024-08-08,2024-08-09,1654,1583,161,Delayed
PO_109572,SUP_036,PROD_0034,10-05-2024,2024-05-23,2024-05-26,1641,1577,355,Closed
PO_109573,SUP_012,PROD_0185,2024/01/08,2024-01-26,2024-01-30,129,115,355,Delayed
PO_109574,SUP_161,PROD_0046,2024/01/20,2024-02-01,2024-01-31,939,884,436,Closed
PO_109575,SUP_079,PROD_0142,19-11-2024,2024-12-08,2024-12-06,167,154,171,Open
PO_109576,SUP_037,PROD_0265,2024/07/24,2024-08-05,2024-08-10,1281,1167,326,Closed
PO_109577,SUP_125,PROD_0293,2024/02/03,2024-02-17,2024-02-18,1611,1380,362,Delayed
PO_109578,SUP_016,PROD_0171,27-11-2024,2024-12-12,2024-12-16,1414,1269,152,Closed
PO_109579,SUP_114,PROD_0183,2024/08/08,2024-08-20,2024-08-18,1147,983,348,Closed
PO_109580,SUP_007,PROD_0008,2024/07/30,2024-08-09,2024-08-07,785,708,137,Closed
PO_109581,SUP_197,PROD_0258,2024/12/28,2025-01-15,2025-01-19,1560,1486,402,Closed
PO_109582,SUP_009,PROD_0124,16-08-2024,2024-08-22,2024-08-22,1485,1413,363,Closed
PO_109583,SUP_001,PROD_0052,04-09-2024,2024-09-20,2024-09-25,315,275,437,Closed
PO_109584,SUP_151,PROD_0166,23-08-2024,2024-08-28,2024-09-03,1299,1222,400,Closed
PO_109585,SUP_153,PROD_0014,02-10-2024,2024-10-09,2024-10-09,621,582,98,Closed
PO_109586,SUP_055,PROD_0213,2024/07/17,2024-07-25,2024-07-30,1664,1433,491,Closed
PO_109587,SUP_097,PROD_0247,2024/07/31,2024-08-20,2024-08-17,1059,901,242,Closed
PO_109588,SUP_124,PROD_0125,15-06-2024,2024-06-23,2024-06-22,1072,951,452,Open
PO_109589,SUP_016,PROD_0177,2024/10/02,2024-10-17,2024-10-21,1194,1046,431,Delayed
PO_109590,SUP_142,PROD_0218,2024/10/30,2024-11-13,2024-11-11,938,856,457,Closed
PO_109591,SUP_118,PROD_0194,13-09-2024,2024-09-29,2024-10-01,359,350,379,Open
PO_109592,SUP_190,PROD_0154,03-10-2024,2024-10-22,2024-10-28,1452,1265,41,Closed
PO_109593,SUP_092,PROD_0107,04-08-2024,2024-08-21,2024-08-27,1935,1791,87,Closed
PO_109594,SUP_155,PROD_0211,22-11-2024,2024-12-07,2024-12-06,1671,1589,195,Delayed
PO_109595,SUP_147,PROD_0006,2024/08/08,2024-08-27,2024-08-30,1157,996,258,Open
PO_109596,SUP_004,PROD_0134,12-10-2024,2024-10-22,2024-10-27,1750,1545,100,Closed
PO_109597,SUP_145,PROD_0247,10-09-2024,2024-09-28,2024-09-29,1473,1262,61,Closed
PO_109598,SUP_026,PROD_0038,09-10-2024,2024-10-21,2024-10-22,294,272,41,Open
PO_109599,SUP_176,PROD_0242,05-09-2024,2024-09-25,2024-09-22,242,237,315,Open
PO_109600,SUP_089,PROD_0194,09-11-2024,2024-11-14,2024-11-19,470,400,424,Delayed
PO_109601,SUP_051,PROD_0023,27-12-2024,2025-01-10,2025-01-10,1985,1764,117,Closed
PO_109602,SUP_116,PROD_0042,10-04-2024,2024-04-22,2024-04-24,655,585,66,Closed
PO_109603,SUP_142,PROD_0038,2024/10/13,2024-10-26,2024-10-27,1095,963,122,Closed
PO_109604,SUP_123,PROD_0119,2024/11/01,2024-11-18,2024-11-20,1411,1409,465,Open
PO_109605,SUP_099,PROD_0222,13-02-2024,2024-02-28,2024-02-29,1261,1086,234,Open
PO_109606,SUP_070,PROD_0108,26-12-2024,2025-01-13,2025-01-16,645,585,288,Delayed
PO_109607,SUP_117,PROD_0175,26-07-2024,2024-08-07,2024-08-08,1179,1029,207,Delayed
PO_109608,SUP_081,PROD_0261,17-06-2024,2024-07-07,2024-07-13,1171,1054,468,Closed
PO_109609,SUP_060,PROD_0031,04-08-2024,2024-08-24,2024-08-24,929,807,66,Open
PO_109610,SUP_160,PROD_0091,2024/11/06,2024-11-15,2024-11-13,1634,1515,60,Delayed
PO_109611,SUP_180,PROD_0193,2024/05/04,2024-05-16,2024-05-15,1192,1156,210,Closed
PO_109612,SUP_020,PROD_0029,2024/05/14,2024-05-29,2024-05-27,254,239,258,Open
PO_109613,SUP_196,PROD_0088,16-02-2024,2024-03-02,2024-02-29,543,482,303,Open
PO_109614,SUP_059,PROD_0141,2024/03/19,2024-03-30,2024-04-02,1663,1597,213,Delayed
PO_109615,SUP_185,PROD_0155,2024/11/10,2024-11-27,2024-11-24,778,730,116,Delayed
PO_109616,SUP_175,PROD_0040,2024/03/13,2024-03-28,2024-03-27,878,795,459,Delayed
PO_109617,SUP_073,PROD_0020,13-09-2024,2024-09-29,2024-09-27,826,780,297,Open
PO_109618,SUP_153,PROD_0042,2024/09/20,2024-10-09,2024-10-07,1182,1166,311,Open
PO_109619,SUP_093,PROD_0131,30-09-2024,2024-10-05,2024-10-09,1922,1816,240,Delayed
PO_109620,SUP_007,PROD_0042,22-09-2024,2024-09-27,2024-09-30,315,280,306,Open
PO_109621,SUP_052,PROD_0185,09-06-2024,2024-06-16,2024-06-15,478,463,44,Open
PO_109622,SUP_047,PROD_0170,2024/11/04,2024-11-12,2024-11-12,929,929,198,Open
PO_109623,SUP_034,PROD_0263,2024/07/14,2024-07-27,2024-07-26,1761,1658,91,Closed
PO_109624,SUP_164,PROD_0295,13-06-2024,2024-06-26,2024-06-24,634,570,165,Closed
PO_109625,SUP_084,PROD_0055,2024/07/21,2024-08-09,2024-08-09,918,870,138,Closed
PO_109626,SUP_008,PROD_0150,16-02-2024,2024-02-22,2024-02-23,1425,1293,154,Closed
PO_109627,SUP_076,PROD_0230,2024/02/15,2024-02-21,2024-02-18,449,428,205,Open
PO_109628,SUP_057,PROD_0177,24-12-2024,2025-01-13,2025-01-16,1323,1268,84,Open
PO_109629,SUP_122,PROD_0077,2024/02/04,2024-02-17,2024-02-20,1789,1780,337,Open
PO_109630,SUP_154,PROD_0078,2024/08/30,2024-09-06,2024-09-05,1025,996,97,Closed
PO_109631,SUP_138,PROD_0103,2024/06/04,2024-06-11,2024-06-17,1790,1643,316,Closed
PO_109632,SUP_159,PROD_0231,2024/04/18,2024-04-24,2024-04-27,845,819,216,Closed
PO_109633,SUP_179,PROD_0079,03-05-2024,2024-05-19,2024-05-21,368,320,401,Open
PO_109634,SUP_171,PROD_0015,13-11-2024,2024-12-01,2024-11-29,1449,1239,290,Closed
PO_109635,SUP_088,PROD_0035,2024/03/29,2024-04-04,2024-04-09,805,741,438,Closed
PO_109636,SUP_064,PROD_0114,2024/11/28,2024-12-11,2024-12-16,1221,1217,404,Delayed
PO_109637,SUP_063,PROD_0186,28-02-2024,2024-03-06,2024-03-12,1145,1050,332,Closed
PO_109638,SUP_006,PROD_0198,2024/07/07,2024-07-16,2024-07-18,1415,1208,243,Delayed
PO_109639,SUP_156,PROD_0006,2024/06/23,2024-07-10,2024-07-11,1947,1679,146,Delayed
PO_109640,SUP_128,PROD_0092,08-10-2024,2024-10-23,2024-10-20,1745,1738,334,Open
PO_109641,SUP_040,PROD_0275,02-01-2024,2024-01-20,2024-01-20,1954,1750,381,Closed
PO_109642,SUP_049,PROD_0048,17-06-2024,2024-06-22,2024-06-24,600,526,300,Closed
PO_109643,SUP_016,PROD_0293,10-06-2024,2024-06-23,2024-06-28,1517,1356,175,Closed
PO_109644,SUP_041,PROD_0023,2024/09/25,2024-10-08,2024-10-09,665,599,260,Closed
PO_109645,SUP_048,PROD_0230,2024/06/06,2024-06-21,2024-06-25,1401,1239,488,Closed
PO_109646,SUP_131,PROD_0082,2024/05/04,2024-05-14,2024-05-12,320,314,369,Delayed
PO_109647,SUP_088,PROD_0235,2024/04/23,2024-04-29,2024-05-03,663,585,149,Delayed
PO_109648,SUP_032,PROD_0163,24-01-2024,2024-02-05,2024-02-04,272,254,377,Open
PO_109649,SUP_019,PROD_0025,23-11-2024,2024-12-12,2024-12-12,1616,1489,137,Closed
PO_109650,SUP_187,PROD_0214,2024/08/12,2024-08-31,2024-09-05,1890,1774,406,Delayed
PO_109651,SUP_095,PROD_0244,06-11-2024,2024-11-26,2024-11-26,410,396,188,Closed
PO_109652,SUP_036,PROD_0170,27-06-2024,2024-07-02,2024-07-01,1518,1292,86,Delayed
PO_109653,SUP_085,PROD_0034,2024/07/08,2024-07-19,2024-07-22,1559,1442,306,Closed
PO_109654,SUP_091,PROD_0190,2024/11/22,2024-12-01,2024-12-02,1981,1758,372,Open
PO_109655,SUP_061,PROD_0147,2024/08/20,2024-09-02,2024-09-05,1262,1149,388,Closed
PO_109656,SUP_044,PROD_0039,01-04-2024,2024-04-10,2024-04-09,1228,1093,138,Closed
PO_109657,SUP_078,PROD_0156,2024/04/04,2024-04-24,2024-04-24,481,478,104,Open
PO_109658,SUP_074,PROD_0141,05-01-2024,2024-01-10,2024-01-07,659,610,221,Closed
PO_109659,SUP_127,PROD_0079,2024/03/27,2024-04-16,2024-04-22,1827,1799,108,Closed
PO_109660,SUP_175,PROD_0011,21-05-2024,2024-06-02,2024-06-02,637,574,279,Delayed
PO_109661,SUP_099,PROD_0075,26-12-2024,2025-01-08,2025-01-09,590,582,461,Delayed
PO_109662,SUP_143,PROD_0148,18-03-2024,2024-04-02,2024-04-04,1269,1221,349,Closed
PO_109663,SUP_142,PROD_0253,11-09-2024,2024-09-27,2024-10-03,892,869,226,Delayed
PO_109664,SUP_196,PROD_0225,13-12-2024,2024-12-26,2024-12-24,587,509,52,Closed
PO_109665,SUP_029,PROD_0202,2024/08/04,2024-08-13,2024-08-13,787,740,433,Closed
PO_109666,SUP_071,PROD_0198,2024/02/25,2024-03-06,2024-03-07,1624,1552,476,Open
PO_109667,SUP_170,PROD_0171,24-10-2024,2024-11-08,2024-11-11,1907,1825,398,Delayed
PO_109668,SUP_166,PROD_0073,31-07-2024,2024-08-05,2024-08-04,1460,1312,54,Delayed
PO_109669,SUP_029,PROD_0073,2024/06/09,2024-06-16,2024-06-16,1595,1472,70,Delayed
PO_109670,SUP_154,PROD_0159,2024/04/25,2024-05-09,2024-05-14,1812,1692,210,Closed
PO_109671,SUP_071,PROD_0298,12-10-2024,2024-10-26,2024-10-27,439,413,263,Closed
PO_109672,SUP_070,PROD_0152,2024/08/13,2024-08-19,2024-08-21,1065,926,489,Open
PO_109673,SUP_171,PROD_0007,19-09-2024,2024-10-08,2024-10-09,655,578,345,Closed
PO_109674,SUP_170,PROD_0288,2024/03/21,2024-04-05,2024-04-03,1616,1525,318,Open
PO_109675,SUP_002,PROD_0268,11-07-2024,2024-07-18,2024-07-16,878,774,399,Open
PO_109676,SUP_031,PROD_0191,2024/10/31,2024-11-06,2024-11-11,1003,971,256,Open
PO_109677,SUP_110,PROD_0296,2024/10/10,2024-10-15,2024-10-12,718,615,413,Delayed
PO_109678,SUP_132,PROD_0074,05-12-2024,2024-12-10,2024-12-09,871,781,459,Open
PO_109679,SUP_200,PROD_0256,20-10-2024,2024-10-25,2024-10-31,1692,1506,161,Delayed
PO_109680,SUP_017,PROD_0190,18-08-2024,2024-09-01,2024-09-05,757,686,127,Closed
PO_109681,SUP_158,PROD_0120,10-06-2024,2024-06-27,2024-06-26,1809,1787,366,Closed
PO_109682,SUP_025,PROD_0208,30-10-2024,2024-11-14,2024-11-13,170,145,179,Open
PO_109683,SUP_160,PROD_0246,12-03-2024,2024-03-30,2024-03-30,1633,1564,481,Delayed
PO_109684,SUP_131,PROD_0175,2024/04/03,2024-04-17,2024-04-20,1385,1294,305,Open
PO_109685,SUP_121,PROD_0187,2024/01/16,2024-02-01,2024-01-29,1448,1382,477,Delayed
PO_109686,SUP_146,PROD_0043,2024/08/29,2024-09-14,2024-09-14,1606,1501,357,Delayed
PO_109687,SUP_129,PROD_0129,16-11-2024,2024-11-24,2024-11-30,620,579,60,Delayed
PO_109688,SUP_137,PROD_0300,2024/07/02,2024-07-12,2024-07-18,1996,1795,81,Open
PO_109689,SUP_114,PROD_0198,24-09-2024,2024-09-30,2024-10-02,1218,1174,500,Closed
PO_109690,SUP_007,PROD_0073,13-12-2024,2024-12-18,2024-12-20,614,556,481,Open
PO_109691,SUP_129,PROD_0145,05-03-2024,2024-03-13,2024-03-11,1090,1083,407,Open
PO_109692,SUP_106,PROD_0287,2024/03/19,2024-04-07,2024-04-08,610,610,405,Open
PO_109693,SUP_180,PROD_0155,04-10-2024,2024-10-20,2024-10-17,1006,890,51,Closed
PO_109694,SUP_179,PROD_0013,26-04-2024,2024-05-11,2024-05-13,1627,1477,52,Open
PO_109695,SUP_111,PROD_0067,2024/12/28,2025-01-05,2025-01-02,1788,1535,464,Delayed
PO_109696,SUP_014,PROD_0132,2024/11/26,2024-12-02,2024-12-01,106,92,98,Closed
PO_109697,SUP_001,PROD_0070,2024/07/04,2024-07-22,2024-07-19,697,674,345,Closed
PO_109698,SUP_027,PROD_0278,09-06-2024,2024-06-15,2024-06-21,442,439,391,Open
PO_109699,SUP_199,PROD_0070,21-06-2024,2024-07-01,2024-07-04,274,263,290,Closed
PO_109700,SUP_197,PROD_0226,2024/03/06,2024-03-23,2024-03-21,364,346,231,Open
PO_109701,SUP_137,PROD_0109,26-07-2024,2024-07-31,2024-08-01,193,188,133,Closed
PO_109702,SUP_150,PROD_0180,2024/02/29,2024-03-05,2024-03-02,1155,1018,382,Open
PO_109703,SUP_172,PROD_0058,13-05-2024,2024-05-19,2024-05-16,1627,1579,417,Delayed
PO_109704,SUP_073,PROD_0289,10-10-2024,2024-10-21,2024-10-22,1630,1461,201,Open
PO_109705,SUP_171,PROD_0297,2024/09/15,2024-10-04,2024-10-10,417,363,237,Closed
PO_109706,SUP_098,PROD_0202,26-07-2024,2024-08-02,2024-08-05,1521,1463,381,Delayed
PO_109707,SUP_189,PROD_0042,2024/04/20,2024-04-30,2024-05-03,981,964,154,Delayed
PO_109708,SUP_118,PROD_0196,2024/03/10,2024-03-29,2024-04-03,1782,1590,368,Open
PO_109709,SUP_111,PROD_0094,08-07-2024,2024-07-22,2024-07-27,1827,1770,203,Closed
PO_109710,SUP_076,PROD_0169,2024/06/24,2024-07-13,2024-07-15,706,622,394,Open
PO_109711,SUP_138,PROD_0101,16-01-2024,2024-02-01,2024-02-02,1708,1553,97,Closed
PO_109712,SUP_120,PROD_0092,2024/05/15,2024-05-25,2024-05-23,1471,1417,407,Closed
PO_109713,SUP_084,PROD_0171,22-09-2024,2024-09-28,2024-09-28,422,396,270,Open
PO_109714,SUP_196,PROD_0089,2024/01/05,2024-01-15,2024-01-19,705,631,87,Closed
PO_109715,SUP_008,PROD_0244,2024/03/20,2024-03-25,2024-03-27,1182,1160,343,Closed
PO_109716,SUP_112,PROD_0050,2024/11/26,2024-12-09,2024-12-08,888,816,460,Open
PO_109717,SUP_134,PROD_0186,2024/11/28,2024-12-17,2024-12-20,496,437,197,Delayed
PO_109718,SUP_054,PROD_0049,2024/06/15,2024-06-24,2024-06-30,744,651,484,Closed
PO_109719,SUP_102,PROD_0263,2024/02/26,2024-03-09,2024-03-08,1620,1463,287,Open
PO_109720,SUP_023,PROD_0244,18-10-2024,2024-11-04,2024-11-06,1393,1309,120,Delayed
PO_109721,SUP_015,PROD_0164,09-10-2024,2024-10-14,2024-10-11,442,402,296,Delayed
PO_109722,SUP_032,PROD_0193,2024/01/11,2024-01-23,2024-01-20,873,869,199,Delayed
PO_109723,SUP_161,PROD_0029,12-01-2024,2024-01-22,2024-01-20,717,710,329,Open
PO_109724,SUP_118,PROD_0069,19-09-2024,2024-09-30,2024-10-01,102,97,91,Delayed
PO_109725,SUP_087,PROD_0299,2024/01/07,2024-01-16,2024-01-14,1756,1603,63,Closed
PO_109726,SUP_131,PROD_0076,20-11-2024,2024-12-08,2024-12-05,1868,1633,301,Closed
PO_109727,SUP_024,PROD_0061,10-07-2024,2024-07-21,2024-07-27,1699,1691,462,Closed
PO_109728,SUP_022,PROD_0239,27-08-2024,2024-09-09,2024-09-08,1340,1227,139,Open
PO_109729,SUP_093,PROD_0195,05-02-2024,2024-02-16,2024-02-19,505,473,477,Delayed
PO_109730,SUP_118,PROD_0282,2024/07/03,2024-07-17,2024-07-23,1499,1289,78,Delayed
PO_109731,SUP_032,PROD_0222,10-10-2024,2024-10-25,2024-10-27,1111,991,241,Open
PO_109732,SUP_179,PROD_0108,2024/04/24,2024-05-02,2024-05-05,644,604,54,Closed
PO_109733,SUP_178,PROD_0237,20-10-2024,2024-10-31,2024-10-28,1574,1566,176,Open
PO_109734,SUP_188,PROD_0128,19-02-2024,2024-02-28,2024-03-05,1745,1726,324,Open
PO_109735,SUP_057,PROD_0043,16-10-2024,2024-10-21,2024-10-23,630,595,119,Delayed
PO_109736,SUP_026,PROD_0235,2024/01/13,2024-01-22,2024-01-26,1048,1021,288,Delayed
PO_109737,SUP_040,PROD_0199,01-12-2024,2024-12-21,2024-12-20,1205,1111,438,Closed
PO_109738,SUP_096,PROD_0146,2024/01/25,2024-02-05,2024-02-03,1620,1508,127,Delayed
PO_109739,SUP_097,PROD_0252,28-04-2024,2024-05-16,2024-05-19,420,371,203,Delayed
PO_109740,SUP_038,PROD_0037,17-04-2024,2024-04-26,2024-04-26,1304,1195,208,Open
PO_109741,SUP_152,PROD_0120,2024/10/18,2024-11-03,2024-11-02,419,369,149,Open
PO_109742,SUP_187,PROD_0172,01-11-2024,2024-11-08,2024-11-05,831,711,396,Delayed
PO_109743,SUP_013,PROD_0286,2024/09/04,2024-09-24,2024-09-23,435,383,300,Delayed
PO_109744,SUP_086,PROD_0025,2024/12/21,2025-01-09,2025-01-06,1919,1652,304,Closed
PO_109745,SUP_009,PROD_0119,22-04-2024,2024-04-30,2024-04-28,1624,1482,153,Closed
PO_109746,SUP_145,PROD_0206,15-10-2024,2024-11-01,2024-10-29,491,426,156,Closed
PO_109747,SUP_016,PROD_0241,2024/07/24,2024-07-29,2024-08-02,370,352,445,Closed
PO_109748,SUP_097,PROD_0002,21-12-2024,2025-01-04,2025-01-05,1722,1520,457,Closed
PO_109749,SUP_149,PROD_0259,21-03-2024,2024-04-01,2024-03-30,1282,1104,430,Open
PO_109750,SUP_021,PROD_0130,2024/05/17,2024-06-03,2024-05-31,111,99,292,Closed
PO_109751,SUP_171,PROD_0028,2024/06/18,2024-06-28,2024-06-25,462,431,288,Delayed
PO_109752,SUP_197,PROD_0024,17-10-2024,2024-11-06,2024-11-11,1852,1628,57,Open
PO_109753,SUP_161,PROD_0220,2024/05/22,2024-06-03,2024-05-31,301,286,93,Closed
PO_109754,SUP_081,PROD_0126,25-06-2024,2024-07-03,2024-07-02,1504,1360,77,Closed
PO_109755,SUP_172,PROD_0108,30-06-2024,2024-07-14,2024-07-13,1624,1617,166,Open
PO_109756,SUP_163,PROD_0282,27-06-2024,2024-07-13,2024-07-18,642,567,350,Open
PO_109757,SUP_133,PROD_0172,07-06-2024,2024-06-17,2024-06-18,1262,1230,81,Open
PO_109758,SUP_087,PROD_0131,2024/02/28,2024-03-13,2024-03-16,760,739,375,Open
PO_109759,SUP_046,PROD_0241,24-04-2024,2024-05-06,2024-05-03,271,268,258,Closed
PO_109760,SUP_017,PROD_0165,2024/06/01,2024-06-11,2024-06-14,365,363,303,Closed
PO_109761,SUP_053,PROD_0075,2024/08/17,2024-08-25,2024-08-28,1188,1039,330,Open
PO_109762,SUP_054,PROD_0017,2024/02/27,2024-03-05,2024-03-06,875,766,277,Open
PO_109763,SUP_027,PROD_0141,2024/09/06,2024-09-12,2024-09-14,827,733,269,Delayed
PO_109764,SUP_168,PROD_0293,12-01-2024,2024-01-21,2024-01-25,1807,1598,404,Delayed
PO_109765,SUP_037,PROD_0273,18-09-2024,2024-09-27,2024-09-28,1672,1478,180,Closed
PO_109766,SUP_021,PROD_0020,09-05-2024,2024-05-19,2024-05-16,184,172,349,Open
PO_109767,SUP_076,PROD_0072,05-03-2024,2024-03-24,2024-03-30,1515,1392,248,Closed
PO_109768,SUP_047,PROD_0044,27-04-2024,2024-05-08,2024-05-06,514,458,120,Delayed
PO_109769,SUP_080,PROD_0007,2024/08/26,2024-09-08,2024-09-06,1931,1811,488,Open
PO_109770,SUP_039,PROD_0036,21-02-2024,2024-03-10,2024-03-09,1628,1486,349,Closed
PO_109771,SUP_107,PROD_0045,10-12-2024,2024-12-28,2025-01-03,551,526,481,Open
PO_109772,SUP_129,PROD_0096,2024/07/21,2024-08-03,2024-08-08,1024,884,360,Open
PO_109773,SUP_005,PROD_0137,03-12-2024,2024-12-18,2024-12-17,221,211,295,Open
PO_109774,SUP_195,PROD_0031,29-09-2024,2024-10-10,2024-10-14,264,236,500,Open
PO_109775,SUP_027,PROD_0210,2024/08/01,2024-08-12,2024-08-10,1097,1049,182,Open
PO_109776,SUP_118,PROD_0078,2024/04/25,2024-05-03,2024-05-02,348,317,416,Delayed
PO_109777,SUP_049,PROD_0054,02-08-2024,2024-08-21,2024-08-21,707,661,380,Delayed
PO_109778,SUP_188,PROD_0174,30-05-2024,2024-06-06,2024-06-09,1437,1409,168,Open
PO_109779,SUP_071,PROD_0054,2024/01/12,2024-01-20,2024-01-22,1059,995,413,Open
PO_109780,SUP_144,PROD_0094,2024/11/10,2024-11-28,2024-11-26,1456,1296,173,Open
PO_109781,SUP_109,PROD_0065,2024/03/11,2024-03-21,2024-03-18,1370,1203,264,Closed
PO_109782,SUP_039,PROD_0062,2024/12/11,2024-12-26,2024-12-26,1851,1687,181,Delayed
PO_109783,SUP_128,PROD_0112,2024/03/20,2024-04-07,2024-04-12,1110,985,395,Open
PO_109784,SUP_063,PROD_0145,2024/10/17,2024-11-03,2024-10-31,1350,1273,335,Open
PO_109785,SUP_067,PROD_0123,06-10-2024,2024-10-22,2024-10-28,1137,1004,350,Delayed
PO_109786,SUP_159,PROD_0145,2024/09/20,2024-09-26,2024-09-24,1320,1215,171,Closed
PO_109787,SUP_020,PROD_0178,12-08-2024,2024-08-31,2024-09-06,147,133,398,Delayed
PO_109788,SUP_096,PROD_0128,26-10-2024,2024-11-08,2024-11-14,1848,1767,414,Closed
PO_109789,SUP_042,PROD_0222,02-05-2024,2024-05-20,2024-05-17,1004,911,457,Open
PO_109790,SUP_084,PROD_0292,2024/05/25,2024-05-30,2024-06-02,1128,1069,470,Open
PO_109791,SUP_124,PROD_0075,30-07-2024,2024-08-15,2024-08-14,1763,1645,74,Delayed
PO_109792,SUP_072,PROD_0217,09-11-2024,2024-11-24,2024-11-27,1569,1405,241,Closed
PO_109793,SUP_002,PROD_0001,2024/11/01,2024-11-21,2024-11-27,544,497,42,Open
PO_109794,SUP_198,PROD_0186,2024/07/28,2024-08-15,2024-08-12,1572,1510,480,Closed
PO_109795,SUP_077,PROD_0249,09-03-2024,2024-03-27,2024-03-25,1802,1588,443,Closed
PO_109796,SUP_007,PROD_0289,12-01-2024,2024-01-27,2024-01-26,107,92,242,Delayed
PO_109797,SUP_111,PROD_0289,27-11-2024,2024-12-04,2024-12-08,1612,1428,494,Open
PO_109798,SUP_023,PROD_0063,2024/05/31,2024-06-08,2024-06-05,1871,1725,122,Delayed
PO_109799,SUP_103,PROD_0251,2024/01/15,2024-01-22,2024-01-24,741,653,446,Delayed
PO_109800,SUP_001,PROD_0150,2024/04/20,2024-05-02,2024-05-08,1510,1440,339,Delayed
PO_109801,SUP_121,PROD_0025,09-04-2024,2024-04-24,2024-04-27,1841,1673,161,Open
PO_109802,SUP_165,PROD_0253,2024/02/05,2024-02-17,2024-02-16,1132,1049,298,Closed
PO_109803,SUP_121,PROD_0179,2024/06/11,2024-06-30,2024-07-03,1876,1686,450,Open
PO_109804,SUP_182,PROD_0252,2024/05/16,2024-05-28,2024-06-01,1994,1866,345,Closed
PO_109805,SUP_155,PROD_0061,21-06-2024,2024-07-05,2024-07-04,305,285,275,Delayed
PO_109806,SUP_097,PROD_0112,2024/05/16,2024-05-31,2024-06-06,1240,1133,127,Delayed
PO_109807,SUP_011,PROD_0167,2024/10/26,2024-11-09,2024-11-11,1771,1613,354,Open
PO_109808,SUP_162,PROD_0173,05-07-2024,2024-07-18,2024-07-24,1345,1323,68,Closed
PO_109809,SUP_142,PROD_0274,03-02-2024,2024-02-16,2024-02-14,1932,1879,45,Delayed
PO_109810,SUP_159,PROD_0158,26-03-2024,2024-04-12,2024-04-18,1498,1388,48,Closed
PO_109811,SUP_178,PROD_0196,2024/04/12,2024-05-02,2024-05-02,1312,1223,104,Delayed
PO_109812,SUP_002,PROD_0098,10-07-2024,2024-07-17,2024-07-22,510,507,432,Open
PO_109813,SUP_161,PROD_0169,2024/09/10,2024-09-22,2024-09-20,1686,1644,134,Open
PO_109814,SUP_145,PROD_0254,14-11-2024,2024-12-04,2024-12-01,1114,1053,219,Open
PO_109815,SUP_065,PROD_0049,07-06-2024,2024-06-13,2024-06-10,413,377,312,Closed
PO_109816,SUP_012,PROD_0139,2024/08/20,2024-09-01,2024-08-30,1295,1221,485,Delayed
PO_109817,SUP_027,PROD_0095,2024/10/14,2024-10-23,2024-10-25,842,757,237,Open
PO_109818,SUP_194,PROD_0068,26-01-2024,2024-02-04,2024-02-09,1727,1693,382,Delayed
PO_109819,SUP_012,PROD_0273,2024/05/28,2024-06-03,2024-06-06,736,692,295,Open
PO_109820,SUP_171,PROD_0012,2024/01/18,2024-01-31,2024-02-01,1272,1204,81,Delayed
PO_109821,SUP_165,PROD_0273,2024/04/07,2024-04-12,2024-04-11,1081,1045,396,Delayed
PO_109822,SUP_008,PROD_0020,11-05-2024,2024-05-22,2024-05-21,1619,1575,45,Delayed
PO_109823,SUP_191,PROD_0001,2024/12/06,2024-12-19,2024-12-19,897,887,212,Open
PO_109824,SUP_055,PROD_0109,22-05-2024,2024-06-07,2024-06-08,1563,1548,389,Open
PO_109825,SUP_114,PROD_0069,2024/01/05,2024-01-23,2024-01-29,612,594,138,Delayed
PO_109826,SUP_147,PROD_0297,06-08-2024,2024-08-18,2024-08-17,312,288,482,Delayed
PO_109827,SUP_135,PROD_0184,2024/07/21,2024-07-28,2024-08-01,1382,1382,58,Open
PO_109828,SUP_155,PROD_0008,05-10-2024,2024-10-13,2024-10-18,1146,1124,110,Open
PO_109829,SUP_077,PROD_0218,13-02-2024,2024-02-23,2024-02-25,1920,1736,197,Closed
PO_109830,SUP_074,PROD_0003,2024/01/18,2024-01-29,2024-01-30,795,750,315,Delayed
PO_109831,SUP_064,PROD_0224,2024/05/20,2024-05-31,2024-05-28,1137,1071,332,Open
PO_109832,SUP_080,PROD_0243,29-12-2024,2025-01-12,2025-01-16,1862,1631,384,Delayed
PO_109833,SUP_175,PROD_0024,2024/10/19,2024-11-05,2024-11-03,560,531,424,Delayed
PO_109834,SUP_191,PROD_0258,03-07-2024,2024-07-23,2024-07-20,1065,912,103,Closed
PO_109835,SUP_035,PROD_0137,03-12-2024,2024-12-23,2024-12-28,755,680,121,Closed
PO_109836,SUP_019,PROD_0256,2024/08/01,2024-08-16,2024-08-16,1892,1649,229,Open
PO_109837,SUP_064,PROD_0062,04-03-2024,2024-03-12,2024-03-17,1143,1084,105,Closed
PO_109838,SUP_166,PROD_0279,2024/04/28,2024-05-15,2024-05-13,518,444,104,Closed
PO_109839,SUP_077,PROD_0003,2024/01/24,2024-02-01,2024-02-07,784,732,351,Delayed
PO_109840,SUP_053,PROD_0131,19-12-2024,2025-01-08,2025-01-09,1371,1270,221,Open
PO_109841,SUP_172,PROD_0137,15-01-2024,2024-01-31,2024-02-04,1918,1687,269,Open
PO_109842,SUP_045,PROD_0003,31-01-2024,2024-02-10,2024-02-09,894,828,349,Delayed
PO_109843,SUP_039,PROD_0270,2024/05/25,2024-06-11,2024-06-09,1674,1552,413,Closed
PO_109844,SUP_027,PROD_0038,2024/04/21,2024-05-05,2024-05-05,1073,1042,280,Closed
PO_109845,SUP_180,PROD_0247,2024/11/19,2024-11-26,2024-12-01,1520,1372,215,Delayed
PO_109846,SUP_176,PROD_0010,03-05-2024,2024-05-09,2024-05-15,1415,1268,285,Delayed
PO_109847,SUP_197,PROD_0144,28-12-2024,2025-01-14,2025-01-19,300,259,320,Closed
PO_109848,SUP_151,PROD_0285,2024/11/01,2024-11-10,2024-11-12,182,174,252,Closed
PO_109849,SUP_094,PROD_0215,2024/04/01,2024-04-08,2024-04-09,1538,1525,370,Delayed
PO_109850,SUP_143,PROD_0250,12-10-2024,2024-10-30,2024-10-30,268,227,198,Open
PO_109851,SUP_150,PROD_0174,2024/02/10,2024-02-18,2024-02-20,347,314,254,Closed
PO_109852,SUP_028,PROD_0070,2024/11/08,2024-11-17,2024-11-15,1196,1089,90,Open
PO_109853,SUP_160,PROD_0026,2024/05/08,2024-05-14,2024-05-18,1203,1149,485,Closed
PO_109854,SUP_061,PROD_0086,2024/08/25,2024-09-14,2024-09-14,144,127,335,Closed
PO_109855,SUP_090,PROD_0077,26-09-2024,2024-10-05,2024-10-03,1400,1240,43,Open
PO_109856,SUP_028,PROD_0290,2024/12/17,2024-12-31,2024-12-29,1037,941,403,Closed
PO_109857,SUP_024,PROD_0264,24-03-2024,2024-04-08,2024-04-12,285,264,264,Closed
PO_109858,SUP_058,PROD_0067,2024/07/23,2024-08-06,2024-08-04,1316,1124,272,Closed
PO_109859,SUP_149,PROD_0268,2024/07/21,2024-07-26,2024-07-30,1947,1886,99,Closed
PO_109860,SUP_096,PROD_0243,2024/04/14,2024-05-03,2024-05-08,1571,1497,175,Delayed
PO_109861,SUP_073,PROD_0062,27-07-2024,2024-08-15,2024-08-18,1486,1442,149,Closed
PO_109862,SUP_054,PROD_0096,2024/12/11,2024-12-19,2024-12-25,452,406,356,Delayed
PO_109863,SUP_011,PROD_0026,2024/04/26,2024-05-10,2024-05-14,1695,1620,380,Closed
PO_109864,SUP_104,PROD_0108,07-08-2024,2024-08-26,2024-08-24,839,762,465,Delayed
PO_109865,SUP_017,PROD_0019,2024/12/22,2025-01-06,2025-01-09,1159,1133,309,Delayed
PO_109866,SUP_159,PROD_0025,2024/11/06,2024-11-26,2024-11-26,639,578,313,Open
PO_109867,SUP_163,PROD_0203,2024/01/06,2024-01-22,2024-01-26,532,477,105,Closed
PO_109868,SUP_114,PROD_0076,2024/07/02,2024-07-20,2024-07-19,1502,1309,222,Closed
PO_109869,SUP_080,PROD_0082,2024/09/01,2024-09-06,2024-09-12,1695,1568,88,Open
PO_109870,SUP_074,PROD_0199,04-10-2024,2024-10-15,2024-10-13,1501,1469,430,Delayed
PO_109871,SUP_127,PROD_0237,2024/01/21,2024-01-29,2024-01-29,518,461,44,Open
PO_109872,SUP_076,PROD_0184,11-03-2024,2024-03-20,2024-03-25,1035,938,218,Delayed
PO_109873,SUP_139,PROD_0190,2024/12/17,2024-12-26,2024-12-31,387,379,462,Delayed
PO_109874,SUP_160,PROD_0299,19-09-2024,2024-09-25,2024-09-24,1567,1508,207,Delayed
PO_109875,SUP_195,PROD_0015,10-07-2024,2024-07-21,2024-07-27,1076,1051,119,Delayed
PO_109876,SUP_179,PROD_0281,03-08-2024,2024-08-21,2024-08-22,276,254,277,Delayed
PO_109877,SUP_059,PROD_0144,2024/07/08,2024-07-15,2024-07-20,1256,1155,228,Closed
PO_109878,SUP_190,PROD_0188,2024/05/21,2024-06-06,2024-06-05,524,466,463,Closed
PO_109879,SUP_185,PROD_0189,30-05-2024,2024-06-17,2024-06-15,257,240,405,Delayed
PO_109880,SUP_071,PROD_0054,24-08-2024,2024-09-06,2024-09-05,450,413,423,Closed
PO_109881,SUP_188,PROD_0276,2024/06/05,2024-06-15,2024-06-18,1515,1441,124,Delayed
PO_109882,SUP_083,PROD_0142,18-04-2024,2024-05-05,2024-05-07,335,306,355,Delayed
PO_109883,SUP_160,PROD_0253,27-07-2024,2024-08-01,2024-08-01,815,716,246,Delayed
PO_109884,SUP_193,PROD_0203,2024/11/14,2024-12-01,2024-12-02,231,217,285,Open
PO_109885,SUP_045,PROD_0002,2024/01/03,2024-01-23,2024-01-27,1317,1131,175,Closed
PO_109886,SUP_124,PROD_0016,07-03-2024,2024-03-23,2024-03-28,1438,1267,234,Closed
PO_109887,SUP_039,PROD_0223,2024/07/29,2024-08-18,2024-08-15,1252,1170,73,Delayed
PO_109888,SUP_053,PROD_0242,24-08-2024,2024-09-01,2024-09-05,544,539,323,Open
PO_109889,SUP_124,PROD_0037,19-02-2024,2024-03-01,2024-02-27,1702,1627,448,Closed
PO_109890,SUP_140,PROD_0251,20-04-2024,2024-05-01,2024-04-30,984,884,339,Open
PO_109891,SUP_077,PROD_0083,05-05-2024,2024-05-25,2024-05-28,1796,1550,131,Delayed
PO_109892,SUP_039,PROD_0154,2024/07/23,2024-07-29,2024-07-26,465,404,92,Open
PO_109893,SUP_105,PROD_0267,2024/11/25,2024-12-09,2024-12-10,1423,1346,273,Closed
PO_109894,SUP_161,PROD_0134,11-05-2024,2024-05-23,2024-05-22,503,496,364,Delayed
PO_109895,SUP_004,PROD_0107,03-06-2024,2024-06-23,2024-06-24,330,286,231,Open
PO_109896,SUP_134,PROD_0013,2024/08/25,2024-09-10,2024-09-11,1488,1467,304,Open
PO_109897,SUP_189,PROD_0203,2024/02/13,2024-03-04,2024-03-05,1102,1044,165,Delayed
PO_109898,SUP_073,PROD_0144,25-05-2024,2024-06-14,2024-06-12,1152,1136,453,Delayed
PO_109899,SUP_091,PROD_0188,28-09-2024,2024-10-14,2024-10-17,1895,1736,190,Delayed
PO_109900,SUP_088,PROD_0091,05-08-2024,2024-08-20,2024-08-22,743,655,240,Closed
PO_109901,SUP_150,PROD_0063,2024/09/22,2024-10-01,2024-10-03,320,286,254,Delayed
PO_109902,SUP_162,PROD_0094,18-11-2024,2024-11-23,2024-11-26,1210,1180,155,Closed
PO_109903,SUP_050,PROD_0169,2024/09/25,2024-10-10,2024-10-07,588,577,170,Closed
PO_109904,SUP_082,PROD_0081,12-09-2024,2024-09-18,2024-09-21,1052,987,84,Delayed
PO_109905,SUP_010,PROD_0008,29-12-2024,2025-01-15,2025-01-14,331,313,484,Open
PO_109906,SUP_021,PROD_0049,2024/09/16,2024-09-23,2024-09-23,1610,1583,129,Closed
PO_109907,SUP_016,PROD_0189,2024/02/27,2024-03-08,2024-03-12,1340,1304,318,Delayed
PO_109908,SUP_157,PROD_0268,12-03-2024,2024-04-01,2024-04-01,672,620,429,Open
PO_109909,SUP_047,PROD_0138,2024/12/28,2025-01-07,2025-01-04,1221,1118,222,Open
PO_109910,SUP_012,PROD_0248,08-01-2024,2024-01-19,2024-01-17,983,895,446,Closed
PO_109911,SUP_019,PROD_0068,2024/06/26,2024-07-11,2024-07-15,1987,1778,360,Delayed
PO_109912,SUP_133,PROD_0159,2024/06/27,2024-07-08,2024-07-12,958,947,368,Closed
PO_109913,SUP_179,PROD_0140,2024/12/31,2025-01-09,2025-01-10,1858,1646,86,Closed
PO_109914,SUP_192,PROD_0178,03-12-2024,2024-12-22,2024-12-20,1804,1747,370,Closed
PO_109915,SUP_122,PROD_0179,2024/04/23,2024-05-01,2024-05-06,1616,1552,61,Delayed
PO_109916,SUP_045,PROD_0075,11-09-2024,2024-09-28,2024-09-29,689,658,357,Closed
PO_109917,SUP_049,PROD_0077,06-04-2024,2024-04-12,2024-04-16,1790,1646,198,Closed
PO_109918,SUP_139,PROD_0028,2024/12/23,2024-12-29,2024-12-30,1275,1190,430,Delayed
PO_109919,SUP_036,PROD_0040,2024/06/01,2024-06-14,2024-06-11,934,847,143,Open
PO_109920,SUP_042,PROD_0093,2024/08/08,2024-08-16,2024-08-18,1340,1208,128,Delayed
PO_109921,SUP_154,PROD_0226,2024/08/09,2024-08-21,2024-08-26,431,378,227,Open
PO_109922,SUP_075,PROD_0046,03-11-2024,2024-11-10,2024-11-14,1917,1753,202,Closed
PO_109923,SUP_059,PROD_0016,17-01-2024,2024-01-25,2024-01-27,1484,1270,74,Closed
PO_109924,SUP_190,PROD_0058,2024/01/21,2024-02-05,2024-02-10,1388,1206,340,Open
PO_109925,SUP_036,PROD_0129,2024/05/10,2024-05-22,2024-05-23,1649,1548,445,Delayed
PO_109926,SUP_093,PROD_0158,19-05-2024,2024-05-26,2024-05-28,1608,1577,238,Open
PO_109927,SUP_131,PROD_0236,11-07-2024,2024-07-22,2024-07-28,133,123,265,Open
PO_109928,SUP_019,PROD_0048,2024/06/09,2024-06-27,2024-06-25,1807,1623,461,Delayed
PO_109929,SUP_123,PROD_0071,30-05-2024,2024-06-04,2024-06-05,1632,1632,61,Open
PO_109930,SUP_091,PROD_0016,2024/12/16,2024-12-24,2024-12-30,1877,1672,438,Delayed
PO_109931,SUP_068,PROD_0179,11-10-2024,2024-10-30,2024-10-30,599,547,323,Delayed
PO_109932,SUP_122,PROD_0231,01-10-2024,2024-10-17,2024-10-20,469,457,279,Delayed
PO_109933,SUP_191,PROD_0198,2024/04/10,2024-04-20,2024-04-18,1407,1310,416,Closed
PO_109934,SUP_176,PROD_0270,2024/04/14,2024-05-03,2024-05-02,877,796,201,Open
PO_109935,SUP_101,PROD_0190,27-03-2024,2024-04-02,2024-03-30,691,632,201,Delayed
PO_109936,SUP_185,PROD_0075,2024/02/02,2024-02-17,2024-02-15,1060,1013,387,Closed
PO_109937,SUP_026,PROD_0249,22-04-2024,2024-05-07,2024-05-04,483,427,98,Closed
PO_109938,SUP_039,PROD_0132,11-11-2024,2024-11-20,2024-11-20,1525,1329,468,Delayed
PO_109939,SUP_160,PROD_0030,2024/03/13,2024-03-24,2024-03-25,626,588,418,Closed
PO_109940,SUP_055,PROD_0007,2024/03/30,2024-04-08,2024-04-08,162,137,120,Open
PO_109941,SUP_071,PROD_0138,2024/03/19,2024-03-31,2024-03-30,683,612,476,Open
PO_109942,SUP_073,PROD_0279,2024/01/31,2024-02-15,2024-02-13,505,497,379,Open
PO_109943,SUP_004,PROD_0024,2024/01/29,2024-02-14,2024-02-16,622,573,447,Open
PO_109944,SUP_065,PROD_0157,2024/04/02,2024-04-17,2024-04-16,1773,1624,334,Closed
PO_109945,SUP_187,PROD_0072,2024/10/19,2024-10-29,2024-10-29,503,438,467,Open
PO_109946,SUP_056,PROD_0125,15-04-2024,2024-04-25,2024-04-30,1882,1676,484,Closed
PO_109947,SUP_102,PROD_0147,13-02-2024,2024-03-02,2024-02-29,1644,1486,454,Open
PO_109948,SUP_023,PROD_0033,28-01-2024,2024-02-03,2024-02-07,1167,1048,265,Delayed
PO_109949,SUP_014,PROD_0094,10-10-2024,2024-10-24,2024-10-28,1399,1399,470,Closed
PO_109950,SUP_014,PROD_0118,2024/09/06,2024-09-19,2024-09-25,503,492,44,Delayed
PO_109951,SUP_021,PROD_0178,2024/03/24,2024-04-09,2024-04-11,563,537,235,Delayed
PO_109952,SUP_087,PROD_0231,2024/04/30,2024-05-19,2024-05-16,555,527,324,Closed
PO_109953,SUP_097,PROD_0014,01-12-2024,2024-12-19,2024-12-16,1675,1531,144,Closed
PO_109954,SUP_035,PROD_0113,2024/06/25,2024-06-30,2024-07-03,997,872,367,Open
PO_109955,SUP_085,PROD_0070,18-06-2024,2024-06-24,2024-06-29,302,262,48,Open
PO_109956,SUP_041,PROD_0054,31-03-2024,2024-04-09,2024-04-15,935,822,222,Delayed
PO_109957,SUP_050,PROD_0117,27-09-2024,2024-10-15,2024-10-16,1604,1434,178,Closed
PO_109958,SUP_181,PROD_0193,2024/09/22,2024-09-30,2024-09-29,1328,1322,90,Delayed
PO_109959,SUP_107,PROD_0037,2024/07/24,2024-07-30,2024-08-02,470,425,206,Delayed
PO_109960,SUP_098,PROD_0256,22-09-2024,2024-09-30,2024-10-05,653,615,303,Open
PO_109961,SUP_175,PROD_0300,2024/02/07,2024-02-14,2024-02-11,1883,1724,337,Closed
PO_109962,SUP_047,PROD_0187,2024/11/30,2024-12-10,2024-12-07,1995,1941,271,Closed
PO_109963,SUP_039,PROD_0284,2024/02/14,2024-03-02,2024-03-08,859,812,260,Delayed
PO_109964,SUP_168,PROD_0078,04-12-2024,2024-12-11,2024-12-14,1355,1352,75,Closed
PO_109965,SUP_110,PROD_0222,13-11-2024,2024-11-20,2024-11-17,1949,1895,45,Open
PO_109966,SUP_126,PROD_0234,01-10-2024,2024-10-07,2024-10-12,470,456,284,Delayed
PO_109967,SUP_158,PROD_0098,2024/11/23,2024-12-04,2024-12-02,1540,1412,217,Open
PO_109968,SUP_087,PROD_0277,29-08-2024,2024-09-12,2024-09-17,789,783,302,Open
PO_109969,SUP_080,PROD_0118,24-12-2024,2025-01-05,2025-01-04,848,776,283,Delayed
PO_109970,SUP_065,PROD_0076,27-08-2024,2024-09-05,2024-09-05,615,597,426,Closed
PO_109971,SUP_200,PROD_0257,22-10-2024,2024-10-30,2024-10-28,1272,1263,405,Open
PO_109972,SUP_155,PROD_0220,05-04-2024,2024-04-13,2024-04-11,1864,1728,161,Delayed
PO_109973,SUP_120,PROD_0086,03-10-2024,2024-10-22,2024-10-21,169,149,233,Delayed
PO_109974,SUP_102,PROD_0187,2024/05/24,2024-06-02,2024-06-07,1677,1597,81,Open
PO_109975,SUP_058,PROD_0269,24-10-2024,2024-10-29,2024-10-26,252,214,419,Closed
PO_109976,SUP_075,PROD_0207,01-04-2024,2024-04-09,2024-04-15,376,366,498,Closed
PO_109977,SUP_147,PROD_0298,12-04-2024,2024-04-18,2024-04-17,1271,1167,268,Delayed
PO_109978,SUP_052,PROD_0117,21-10-2024,2024-10-30,2024-11-03,1633,1592,196,Delayed
PO_109979,SUP_156,PROD_0022,22-03-2024,2024-03-29,2024-03-29,410,374,309,Delayed
PO_109980,SUP_084,PROD_0198,29-09-2024,2024-10-12,2024-10-09,216,196,424,Delayed
PO_109981,SUP_060,PROD_0157,2024/04/22,2024-05-08,2024-05-06,1774,1578,161,Delayed
PO_109982,SUP_013,PROD_0105,22-01-2024,2024-01-29,2024-01-29,1875,1751,433,Closed
PO_109983,SUP_075,PROD_0115,2024/03/27,2024-04-11,2024-04-09,1233,1080,378,Open
PO_109984,SUP_141,PROD_0151,15-07-2024,2024-07-30,2024-07-27,1554,1424,334,Delayed
PO_109985,SUP_183,PROD_0004,2024/12/07,2024-12-21,2024-12-23,838,739,255,Closed
PO_109986,SUP_088,PROD_0245,23-07-2024,2024-08-08,2024-08-09,750,676,165,Closed
PO_109987,SUP_163,PROD_0126,02-06-2024,2024-06-21,2024-06-27,1082,958,229,Open
PO_109988,SUP_098,PROD_0029,2024/04/14,2024-04-25,2024-04-24,1766,1643,338,Closed
PO_109989,SUP_031,PROD_0233,29-03-2024,2024-04-04,2024-04-07,341,335,446,Closed
PO_109990,SUP_007,PROD_0286,2024/05/18,2024-05-29,2024-06-02,1275,1155,255,Closed
PO_109991,SUP_116,PROD_0158,2024/04/06,2024-04-25,2024-04-24,612,595,94,Closed
PO_109992,SUP_140,PROD_0051,10-11-2024,2024-11-29,2024-12-04,433,429,287,Delayed
PO_109993,SUP_191,PROD_0249,2024/02/27,2024-03-16,2024-03-17,397,353,67,Closed
PO_109994,SUP_122,PROD_0252,2024/08/27,2024-09-11,2024-09-09,1474,1382,275,Open
PO_109995,SUP_111,PROD_0174,2024/03/08,2024-03-24,2024-03-22,190,181,398,Delayed
PO_109996,SUP_101,PROD_0245,06-10-2024,2024-10-26,2024-10-31,1010,924,79,Delayed
PO_109997,SUP_099,PROD_0076,2024/09/08,2024-09-27,2024-09-29,1811,1778,150,Delayed
PO_109998,SUP_158,PROD_0190,2024/09/02,2024-09-08,2024-09-11,1625,1470,234,Closed
PO_109999,SUP_142,PROD_0077,2024/06/21,2024-07-05,2024-07-02,606,570,445,Closed
