Sales_Order_ID,Customer_ID,Product_ID,Order_Date,Quantity_Ordered,Order_Value,Order_Channel,Order_Status
SO_100000,CUST_0201,PROD_0193,2024-09-07,418,340670,Direct,Cancelled
SO_100001,CUST_0091,PROD_0285,2024-08-29,475,128250,Direct,Cancelled
SO_100002,CUST_0125,PROD_0175,2024-11-26,354,252402,Online,Completed
SO_100003,CUST_0341,PROD_0057,2024-06-11,426,299052,Online,Completed
SO_100004,CUST_0152,PROD_0263,2024-07-23,248,169136,Direct,Completed
SO_100005,CUST_0452,PROD_0010,2024-06-06,387,328950,Direct,Completed
SO_100006,CUST_0268,PROD_0077,2024-04-05,211,115417,Online,Pending
SO_100007,CUST_0497,PROD_0095,2024-01-15,402,181302,Direct,Cancelled
SO_100008,CUST_0409,PROD_0053,2024-09-21,101,54843,Distributor,Pending
SO_100009,CUST_0002,PROD_0126,2024-07-06,324,311688,Direct,Completed
SO_100010,CUST_0382,PROD_0266,2024-12-19,293,245534,Direct,Pending
SO_100011,CUST_0126,PROD_0102,2024-09-15,455,141505,Direct,Pending
SO_100012,CUST_0303,PROD_0215,2024-09-01,214,32314,Distributor,Pending
SO_100013,CUST_0105,PROD_0194,2024-04-18,353,96016,Distributor,Cancelled
SO_100014,CUST_0058,PROD_0226,2024-09-02,298,198468,Direct,Completed
SO_100015,CUST_0043,PROD_0202,2024-02-20,373,262592,Distributor,Pending
SO_100016,CUST_0263,PROD_0117,2024-01-27,302,103284,Online,Pending
SO_100017,CUST_0388,PROD_0130,2024-07-14,155,17825,Online,Pending
SO_100018,CUST_0307,PROD_0179,2024-11-12,204,137904,Online,Completed
SO_100019,CUST_0346,PROD_0130,2024-12-29,129,113649,Distributor,Cancelled
SO_100020,CUST_0203,PROD_0256,2024-09-28,416,265824,Distributor,Cancelled
SO_100021,CUST_0478,PROD_0152,2024-07-30,266,33782,Online,Cancelled
SO_100022,CUST_0055,PROD_0046,2024-02-01,396,143352,Distributor,Pending
SO_100023,CUST_0306,PROD_0297,2024-11-06,166,71214,Distributor,Pending
SO_100024,CUST_0243,PROD_0160,2024-01-26,235,123610,Distributor,Cancelled
SO_100025,CUST_0010,PROD_0134,2024-06-29,70,27930,Distributor,Completed
SO_100026,CUST_0469,PROD_0114,2024-02-18,372,120900,Direct,Cancelled
SO_100027,CUST_0029,PROD_0147,2024-08-22,464,339648,Direct,Cancelled
SO_100028,CUST_0291,PROD_0062,2024-05-18,174,95526,Distributor,Pending
SO_100029,CUST_0179,PROD_0006,2024-08-28,19,16986,Online,Pending
SO_100030,CUST_0110,PROD_0177,2024-12-01,362,124166,Direct,Pending
SO_100031,CUST_0411,PROD_0268,2024-04-24,28,17304,Online,Pending
SO_100032,CUST_0334,PROD_0160,2024-05-27,459,97308,Direct,Completed
SO_100033,CUST_0169,PROD_0161,2024-10-08,376,121448,Direct,Completed
SO_100034,CUST_0207,PROD_0010,2024-08-11,114,103854,Distributor,Completed
SO_100035,CUST_0084,PROD_0220,2024-05-07,245,76930,Online,Cancelled
SO_100036,CUST_0316,PROD_0253,2024-04-14,353,70953,Online,Pending
SO_100037,CUST_0096,PROD_0264,2024-12-25,87,15486,Online,Completed
SO_100038,CUST_0441,PROD_0120,2024-10-24,15,8040,Distributor,Cancelled
SO_100039,CUST_0203,PROD_0039,2024-10-27,226,187354,Distributor,Completed
SO_100040,CUST_0396,PROD_0029,2024-02-29,468,196560,Online,Completed
SO_100041,CUST_0496,PROD_0050,2024-10-03,160,40480,Online,Pending
SO_100042,CUST_0287,PROD_0262,2024-08-17,142,98548,Online,Pending
SO_100043,CUST_0160,PROD_0117,2024-03-20,196,48216,Direct,Cancelled
SO_100044,CUST_0484,PROD_0094,2024-10-10,189,105273,Direct,Completed
SO_100045,CUST_0489,PROD_0070,2024-04-16,27,16983,Distributor,Completed
SO_100046,CUST_0028,PROD_0065,2024-09-14,491,127660,Online,Cancelled
SO_100047,CUST_0385,PROD_0211,2024-06-14,280,48160,Online,Completed
SO_100048,CUST_0390,PROD_0173,2024-04-12,405,83430,Direct,Pending
SO_100049,CUST_0390,PROD_0053,2024-04-27,35,24710,Direct,Pending
SO_100050,CUST_0435,PROD_0275,2024-10-16,220,208120,Direct,Cancelled
SO_100051,CUST_0307,PROD_0037,2024-04-22,188,112612,Online,Cancelled
SO_100052,CUST_0277,PROD_0183,2024-03-28,136,62424,Online,Cancelled
SO_100053,CUST_0066,PROD_0186,2024-04-09,46,40894,Distributor,Pending
SO_100054,CUST_0081,PROD_0036,2024-01-18,488,279624,Direct,Pending
SO_100055,CUST_0173,PROD_0130,2024-01-06,143,101816,Online,Pending
SO_100056,CUST_0304,PROD_0160,2024-02-28,21,16800,Distributor,Completed
SO_100057,CUST_0341,PROD_0077,2024-05-12,481,253006,Online,Completed
SO_100058,CUST_0180,PROD_0146,2024-07-26,484,350416,Direct,Completed
SO_100059,CUST_0067,PROD_0107,2024-08-29,474,99540,Direct,Completed
SO_100060,CUST_0141,PROD_0008,2024-07-17,446,70022,Direct,Pending
SO_100061,CUST_0178,PROD_0027,2024-11-02,220,145640,Online,Completed
SO_100062,CUST_0213,PROD_0099,2024-07-13,32,16224,Distributor,Cancelled
SO_100063,CUST_0196,PROD_0245,2024-05-04,213,44304,Distributor,Pending
SO_100064,CUST_0073,PROD_0074,2024-09-13,149,106833,Direct,Pending
SO_100065,CUST_0029,PROD_0172,2024-05-27,258,175956,Distributor,Completed
SO_100066,CUST_0353,PROD_0116,2024-11-02,23,21436,Distributor,Pending
SO_100067,CUST_0217,PROD_0156,2024-10-25,372,255564,Online,Pending
SO_100068,CUST_0390,PROD_0143,2024-08-04,103,102691,Distributor,Cancelled
SO_100069,CUST_0155,PROD_0038,2024-12-06,136,126480,Distributor,Pending
SO_100070,CUST_0208,PROD_0132,2024-05-01,166,125164,Distributor,Completed
SO_100071,CUST_0477,PROD_0012,2024-05-28,252,98028,Direct,Completed
SO_100072,CUST_0298,PROD_0236,2024-09-07,104,25792,Distributor,Pending
SO_100073,CUST_0018,PROD_0297,2024-03-11,441,184338,Distributor,Completed
SO_100074,CUST_0279,PROD_0032,2024-12-19,454,197490,Online,Completed
SO_100075,CUST_0400,PROD_0048,2024-03-20,420,84000,Online,Completed
SO_100076,CUST_0167,PROD_0023,2024-03-25,291,188568,Distributor,Pending
SO_100077,CUST_0010,PROD_0098,2024-06-06,113,26442,Online,Completed
SO_100078,CUST_0196,PROD_0216,2024-09-26,283,207722,Distributor,Pending
SO_100079,CUST_0070,PROD_0299,2024-03-10,365,297110,Online,Pending
SO_100080,CUST_0346,PROD_0261,2024-07-11,313,276066,Online,Cancelled
SO_100081,CUST_0484,PROD_0144,2024-10-11,113,88253,Direct,Cancelled
SO_100082,CUST_0410,PROD_0257,2024-02-29,454,68100,Distributor,Completed
SO_100083,CUST_0119,PROD_0281,2024-02-24,449,97433,Distributor,Completed
SO_100084,CUST_0295,PROD_0230,2024-06-11,146,132860,Online,Cancelled
SO_100085,CUST_0430,PROD_0300,2024-09-21,464,317376,Direct,Cancelled
SO_100086,CUST_0058,PROD_0294,2024-06-23,19,3933,Online,Cancelled
SO_100087,CUST_0393,PROD_0199,2024-04-03,460,122360,Distributor,Pending
SO_100088,CUST_0211,PROD_0055,2024-08-10,59,52156,Online,Cancelled
SO_100089,CUST_0227,PROD_0161,2024-04-18,169,47827,Distributor,Cancelled
SO_100090,CUST_0021,PROD_0268,2024-10-16,362,254486,Direct,Cancelled
SO_100091,CUST_0468,PROD_0146,2024-01-02,121,32549,Direct,Completed
SO_100092,CUST_0254,PROD_0080,2024-11-22,187,105468,Online,Pending
SO_100093,CUST_0248,PROD_0268,2024-08-30,340,316540,Online,Completed
SO_100094,CUST_0011,PROD_0122,2024-01-30,494,218348,Online,Pending
SO_100095,CUST_0439,PROD_0157,2024-11-11,378,126630,Distributor,Cancelled
SO_100096,CUST_0499,PROD_0021,2024-07-22,97,40837,Online,Cancelled
SO_100097,CUST_0408,PROD_0286,2024-12-18,36,27684,Distributor,Completed
SO_100098,CUST_0240,PROD_0103,2024-02-12,336,163968,Online,Completed
SO_100099,CUST_0364,PROD_0126,2024-12-26,42,37632,Online,Cancelled
SO_100100,CUST_0298,PROD_0131,2024-11-27,313,115810,Online,Cancelled
SO_100101,CUST_0453,PROD_0276,2024-07-13,362,111858,Distributor,Cancelled
SO_100102,CUST_0334,PROD_0150,2024-06-08,75,68550,Online,Cancelled
SO_100103,CUST_0057,PROD_0139,2024-09-30,112,74592,Online,Cancelled
SO_100104,CUST_0002,PROD_0216,2024-05-08,259,98679,Online,Completed
SO_100105,CUST_0211,PROD_0103,2024-10-20,381,188976,Online,Cancelled
SO_100106,CUST_0233,PROD_0133,2024-05-02,212,83528,Direct,Pending
SO_100107,CUST_0386,PROD_0275,2024-03-31,73,63072,Online,Cancelled
SO_100108,CUST_0054,PROD_0160,2024-11-25,416,227968,Online,Cancelled
SO_100109,CUST_0199,PROD_0055,2024-11-11,72,11448,Distributor,Pending
SO_100110,CUST_0141,PROD_0107,2024-02-25,429,150579,Online,Pending
SO_100111,CUST_0106,PROD_0074,2024-09-19,286,45188,Online,Completed
SO_100112,CUST_0214,PROD_0175,2024-07-09,382,47750,Online,Completed
SO_100113,CUST_0402,PROD_0263,2024-02-01,421,71570,Direct,Cancelled
SO_100114,CUST_0271,PROD_0062,2024-12-09,97,76533,Online,Completed
SO_100115,CUST_0222,PROD_0216,2024-07-04,229,138316,Direct,Completed
SO_100116,CUST_0416,PROD_0072,2024-02-01,486,339228,Distributor,Pending
SO_100117,CUST_0452,PROD_0228,2024-11-07,396,336996,Online,Pending
SO_100118,CUST_0117,PROD_0072,2024-03-06,214,61846,Online,Cancelled
SO_100119,CUST_0168,PROD_0118,2024-11-19,381,329184,Direct,Completed
SO_100120,CUST_0439,PROD_0087,2024-10-13,319,264132,Online,Pending
SO_100121,CUST_0348,PROD_0069,2024-04-29,118,72688,Distributor,Pending
SO_100122,CUST_0303,PROD_0274,2024-07-12,431,393072,Direct,Pending
SO_100123,CUST_0421,PROD_0208,2024-06-04,73,22411,Distributor,Completed
SO_100124,CUST_0241,PROD_0052,2024-11-01,419,236735,Distributor,Completed
SO_100125,CUST_0044,PROD_0300,2024-01-17,121,20933,Distributor,Completed
SO_100126,CUST_0328,PROD_0029,2024-05-19,43,20597,Online,Cancelled
SO_100127,CUST_0461,PROD_0162,2024-10-02,70,20090,Online,Completed
SO_100128,CUST_0158,PROD_0257,2024-07-19,167,24716,Direct,Pending
SO_100129,CUST_0484,PROD_0298,2024-03-03,276,216660,Online,Pending
SO_100130,CUST_0283,PROD_0042,2024-11-21,459,314874,Direct,Pending
SO_100131,CUST_0072,PROD_0127,2024-07-04,126,60228,Distributor,Cancelled
SO_100132,CUST_0182,PROD_0249,2024-12-25,426,60492,Online,Pending
SO_100133,CUST_0331,PROD_0046,2024-02-24,43,26617,Direct,Cancelled
SO_100134,CUST_0397,PROD_0232,2024-03-03,18,7344,Distributor,Cancelled
SO_100135,CUST_0271,PROD_0257,2024-05-05,350,164500,Distributor,Completed
SO_100136,CUST_0476,PROD_0257,2024-12-04,225,41175,Direct,Pending
SO_100137,CUST_0336,PROD_0191,2024-12-05,252,229320,Online,Cancelled
SO_100138,CUST_0142,PROD_0210,2024-05-18,205,123615,Distributor,Cancelled
SO_100139,CUST_0281,PROD_0160,2024-05-19,333,44955,Direct,Pending
SO_100140,CUST_0352,PROD_0195,2024-06-09,337,208940,Distributor,Pending
SO_100141,CUST_0013,PROD_0021,2024-06-18,274,253724,Direct,Completed
SO_100142,CUST_0340,PROD_0168,2024-07-14,488,473848,Direct,Cancelled
SO_100143,CUST_0274,PROD_0150,2024-08-10,494,404586,Direct,Completed
SO_100144,CUST_0477,PROD_0191,2024-02-13,28,4144,Distributor,Cancelled
SO_100145,CUST_0328,PROD_0270,2024-03-05,341,115940,Distributor,Completed
SO_100146,CUST_0165,PROD_0070,2024-08-10,120,78240,Distributor,Cancelled
SO_100147,CUST_0246,PROD_0021,2024-02-16,305,94550,Direct,Pending
SO_100148,CUST_0389,PROD_0039,2024-08-06,361,181222,Direct,Pending
SO_100149,CUST_0044,PROD_0056,2024-01-14,27,17172,Distributor,Pending
SO_100150,CUST_0102,PROD_0002,2024-03-11,268,115508,Direct,Pending
SO_100151,CUST_0414,PROD_0198,2024-06-13,335,321265,Distributor,Cancelled
SO_100152,CUST_0256,PROD_0048,2024-01-31,174,84216,Direct,Cancelled
SO_100153,CUST_0007,PROD_0160,2024-07-19,297,125928,Online,Cancelled
SO_100154,CUST_0269,PROD_0236,2024-05-21,301,84882,Distributor,Completed
SO_100155,CUST_0146,PROD_0056,2024-01-02,147,73941,Distributor,Completed
SO_100156,CUST_0068,PROD_0147,2024-11-15,340,155720,Online,Pending
SO_100157,CUST_0346,PROD_0237,2024-06-22,148,55648,Online,Completed
SO_100158,CUST_0321,PROD_0016,2024-11-15,276,50784,Direct,Completed
SO_100159,CUST_0242,PROD_0164,2024-05-01,460,321080,Online,Pending
SO_100160,CUST_0083,PROD_0117,2024-11-30,403,190619,Online,Pending
SO_100161,CUST_0138,PROD_0033,2024-06-17,149,46637,Direct,Completed
SO_100162,CUST_0207,PROD_0286,2024-02-05,59,40769,Online,Cancelled
SO_100163,CUST_0351,PROD_0063,2024-08-30,230,185840,Online,Pending
SO_100164,CUST_0311,PROD_0196,2024-04-15,244,76128,Direct,Pending
SO_100165,CUST_0408,PROD_0019,2024-07-13,108,51624,Distributor,Pending
SO_100166,CUST_0450,PROD_0288,2024-08-22,429,301587,Online,Cancelled
SO_100167,CUST_0127,PROD_0172,2024-02-08,251,51455,Distributor,Pending
SO_100168,CUST_0361,PROD_0206,2024-01-19,278,48650,Distributor,Pending
SO_100169,CUST_0150,PROD_0196,2024-07-09,411,131109,Distributor,Cancelled
SO_100170,CUST_0239,PROD_0105,2024-06-02,407,404965,Online,Completed
SO_100171,CUST_0079,PROD_0088,2024-09-18,95,53390,Online,Cancelled
SO_100172,CUST_0394,PROD_0163,2024-07-08,291,240948,Online,Cancelled
SO_100173,CUST_0193,PROD_0123,2024-03-01,273,77532,Direct,Pending
SO_100174,CUST_0225,PROD_0100,2024-08-28,186,183396,Direct,Cancelled
SO_100175,CUST_0431,PROD_0115,2024-02-22,406,71456,Online,Cancelled
SO_100176,CUST_0089,PROD_0075,2024-05-28,453,295356,Distributor,Pending
SO_100177,CUST_0029,PROD_0055,2024-09-30,144,45504,Online,Pending
SO_100178,CUST_0021,PROD_0025,2024-08-03,22,18458,Online,Pending
SO_100179,CUST_0429,PROD_0032,2024-03-30,482,436210,Online,Pending
SO_100180,CUST_0240,PROD_0294,2024-10-05,209,188727,Distributor,Completed
SO_100181,CUST_0418,PROD_0249,2024-12-30,445,122820,Distributor,Pending
SO_100182,CUST_0037,PROD_0284,2024-10-03,176,50512,Online,Cancelled
SO_100183,CUST_0141,PROD_0281,2024-04-24,93,92163,Direct,Cancelled
SO_100184,CUST_0442,PROD_0203,2024-08-11,296,71632,Online,Pending
SO_100185,CUST_0208,PROD_0248,2024-10-21,158,108862,Distributor,Completed
SO_100186,CUST_0291,PROD_0100,2024-09-15,393,285711,Online,Completed
SO_100187,CUST_0237,PROD_0282,2024-07-28,129,65145,Direct,Pending
SO_100188,CUST_0353,PROD_0150,2024-07-10,91,53781,Distributor,Cancelled
SO_100189,CUST_0286,PROD_0020,2024-03-26,483,292215,Distributor,Completed
SO_100190,CUST_0267,PROD_0270,2024-06-30,272,263568,Online,Pending
SO_100191,CUST_0191,PROD_0199,2024-03-03,103,93112,Direct,Cancelled
SO_100192,CUST_0221,PROD_0200,2024-08-21,470,181420,Direct,Completed
SO_100193,CUST_0336,PROD_0271,2024-09-14,92,91080,Direct,Cancelled
SO_100194,CUST_0485,PROD_0121,2024-05-22,483,332787,Distributor,Pending
SO_100195,CUST_0252,PROD_0018,2024-07-29,358,345112,Online,Cancelled
SO_100196,CUST_0029,PROD_0244,2024-07-06,207,79695,Direct,Pending
SO_100197,CUST_0194,PROD_0202,2024-01-31,496,351168,Direct,Completed
SO_100198,CUST_0379,PROD_0084,2024-02-16,338,62868,Direct,Completed
SO_100199,CUST_0411,PROD_0064,2024-09-28,74,10360,Direct,Completed
SO_100200,CUST_0346,PROD_0264,2024-05-06,340,285940,Distributor,Pending
SO_100201,CUST_0445,PROD_0282,2024-11-24,465,130665,Online,Completed
SO_100202,CUST_0126,PROD_0138,2024-09-18,165,79530,Online,Cancelled
SO_100203,CUST_0022,PROD_0130,2024-09-24,365,193815,Distributor,Pending
SO_100204,CUST_0006,PROD_0239,2024-12-15,254,106680,Direct,Cancelled
SO_100205,CUST_0230,PROD_0218,2024-04-04,485,122705,Distributor,Cancelled
SO_100206,CUST_0058,PROD_0218,2024-10-25,267,91848,Online,Cancelled
SO_100207,CUST_0208,PROD_0039,2024-10-23,399,73416,Distributor,Cancelled
SO_100208,CUST_0179,PROD_0050,2024-12-09,313,220039,Direct,Cancelled
SO_100209,CUST_0265,PROD_0265,2024-06-19,298,200256,Distributor,Completed
SO_100210,CUST_0284,PROD_0144,2024-12-14,346,230090,Distributor,Completed
SO_100211,CUST_0170,PROD_0003,2024-10-20,354,168858,Distributor,Pending
SO_100212,CUST_0493,PROD_0284,2024-03-22,273,232596,Distributor,Cancelled
SO_100213,CUST_0181,PROD_0146,2024-01-14,273,104013,Direct,Pending
SO_100214,CUST_0367,PROD_0271,2024-09-12,376,335016,Distributor,Cancelled
SO_100215,CUST_0324,PROD_0263,2024-01-17,50,40450,Direct,Completed
SO_100216,CUST_0458,PROD_0224,2024-12-23,287,144648,Direct,Pending
SO_100217,CUST_0407,PROD_0272,2024-05-31,197,137506,Online,Completed
SO_100218,CUST_0206,PROD_0052,2024-09-27,229,133965,Online,Cancelled
SO_100219,CUST_0189,PROD_0225,2024-09-02,124,15128,Online,Pending
SO_100220,CUST_0284,PROD_0021,2024-05-24,444,67932,Direct,Completed
SO_100221,CUST_0457,PROD_0055,2024-04-19,259,35483,Direct,Completed
SO_100222,CUST_0154,PROD_0298,2024-06-16,492,60024,Online,Completed
SO_100223,CUST_0081,PROD_0186,2024-06-18,151,135296,Direct,Cancelled
SO_100224,CUST_0123,PROD_0152,2024-03-13,100,15600,Distributor,Completed
SO_100225,CUST_0233,PROD_0021,2024-02-21,447,152427,Direct,Completed
SO_100226,CUST_0057,PROD_0183,2024-06-13,174,74298,Online,Pending
SO_100227,CUST_0322,PROD_0099,2024-07-14,119,68187,Distributor,Cancelled
SO_100228,CUST_0101,PROD_0280,2024-03-30,124,15500,Distributor,Pending
SO_100229,CUST_0384,PROD_0065,2024-10-26,145,65250,Online,Completed
SO_100230,CUST_0308,PROD_0134,2024-10-25,460,332120,Direct,Pending
SO_100231,CUST_0140,PROD_0199,2024-01-07,382,80984,Distributor,Completed
SO_100232,CUST_0010,PROD_0041,2024-08-14,347,157538,Direct,Cancelled
SO_100233,CUST_0127,PROD_0238,2024-07-24,319,153120,Direct,Completed
SO_100234,CUST_0444,PROD_0231,2024-07-07,350,40950,Online,Pending
SO_100235,CUST_0297,PROD_0029,2024-06-25,500,378500,Distributor,Pending
SO_100236,CUST_0055,PROD_0135,2024-12-14,260,169260,Online,Completed
SO_100237,CUST_0014,PROD_0105,2024-01-03,18,6120,Distributor,Cancelled
SO_100238,CUST_0269,PROD_0084,2024-02-21,162,69174,Direct,Cancelled
SO_100239,CUST_0408,PROD_0068,2024-03-10,316,80896,Direct,Cancelled
SO_100240,CUST_0471,PROD_0154,2024-12-08,77,19943,Distributor,Cancelled
SO_100241,CUST_0024,PROD_0082,2024-10-12,260,47060,Online,Completed
SO_100242,CUST_0080,PROD_0157,2024-11-07,440,71280,Direct,Completed
SO_100243,CUST_0151,PROD_0055,2024-06-23,176,87472,Online,Cancelled
SO_100244,CUST_0178,PROD_0199,2024-05-19,439,233987,Direct,Pending
SO_100245,CUST_0265,PROD_0012,2024-08-19,172,124872,Distributor,Pending
SO_100246,CUST_0415,PROD_0166,2024-01-26,289,217039,Direct,Completed
SO_100247,CUST_0457,PROD_0294,2024-04-19,491,438463,Distributor,Completed
SO_100248,CUST_0325,PROD_0229,2024-07-06,35,32165,Online,Completed
SO_100249,CUST_0142,PROD_0042,2024-02-27,270,134460,Online,Pending
SO_100250,CUST_0454,PROD_0291,2024-05-20,348,151380,Online,Cancelled
SO_100251,CUST_0220,PROD_0115,2024-10-26,400,248000,Direct,Completed
SO_100252,CUST_0301,PROD_0137,2024-06-05,26,6656,Distributor,Pending
SO_100253,CUST_0270,PROD_0242,2024-09-28,109,16023,Distributor,Pending
SO_100254,CUST_0408,PROD_0171,2024-08-23,380,209000,Direct,Completed
SO_100255,CUST_0207,PROD_0221,2024-08-18,213,118215,Online,Pending
SO_100256,CUST_0331,PROD_0076,2024-11-04,208,30160,Direct,Completed
SO_100257,CUST_0402,PROD_0037,2024-05-20,193,138188,Online,Completed
SO_100258,CUST_0288,PROD_0193,2024-12-23,77,34804,Direct,Cancelled
SO_100259,CUST_0427,PROD_0058,2024-02-03,180,23220,Distributor,Completed
SO_100260,CUST_0091,PROD_0178,2024-06-18,136,56848,Online,Completed
SO_100261,CUST_0060,PROD_0038,2024-08-06,68,65824,Distributor,Cancelled
SO_100262,CUST_0410,PROD_0027,2024-01-04,372,199392,Online,Cancelled
SO_100263,CUST_0207,PROD_0235,2024-02-10,143,122408,Distributor,Pending
SO_100264,CUST_0451,PROD_0138,2024-02-28,170,113560,Direct,Completed
SO_100265,CUST_0124,PROD_0076,2024-03-24,358,66588,Online,Completed
SO_100266,CUST_0027,PROD_0260,2024-03-05,215,34615,Online,Completed
SO_100267,CUST_0495,PROD_0231,2024-06-22,139,63940,Distributor,Cancelled
SO_100268,CUST_0224,PROD_0219,2024-04-06,433,161076,Direct,Completed
SO_100269,CUST_0489,PROD_0187,2024-03-02,128,55552,Online,Cancelled
SO_100270,CUST_0458,PROD_0297,2024-09-10,438,416100,Distributor,Completed
SO_100271,CUST_0005,PROD_0056,2024-02-13,122,43798,Distributor,Cancelled
SO_100272,CUST_0481,PROD_0148,2024-03-10,270,172530,Direct,Pending
SO_100273,CUST_0314,PROD_0008,2024-12-23,260,156520,Distributor,Pending
SO_100274,CUST_0116,PROD_0083,2024-09-19,61,42883,Distributor,Completed
SO_100275,CUST_0464,PROD_0212,2024-05-02,392,245784,Direct,Cancelled
SO_100276,CUST_0080,PROD_0078,2024-11-05,475,417050,Online,Completed
SO_100277,CUST_0256,PROD_0060,2024-10-01,107,12091,Distributor,Cancelled
SO_100278,CUST_0453,PROD_0029,2024-06-21,236,46256,Direct,Completed
SO_100279,CUST_0404,PROD_0088,2024-10-19,40,34760,Distributor,Cancelled
SO_100280,CUST_0047,PROD_0132,2024-03-13,335,38190,Direct,Completed
SO_100281,CUST_0249,PROD_0214,2024-02-21,242,41866,Online,Completed
SO_100282,CUST_0228,PROD_0208,2024-05-22,484,316052,Online,Cancelled
SO_100283,CUST_0324,PROD_0151,2024-12-21,82,36080,Online,Pending
SO_100284,CUST_0429,PROD_0119,2024-09-07,87,11223,Online,Completed
SO_100285,CUST_0361,PROD_0153,2024-07-19,81,34506,Online,Cancelled
SO_100286,CUST_0474,PROD_0273,2024-09-09,10,9920,Distributor,Pending
SO_100287,CUST_0480,PROD_0126,2024-08-21,440,102520,Direct,Cancelled
SO_100288,CUST_0045,PROD_0031,2024-01-03,191,180686,Direct,Pending
SO_100289,CUST_0437,PROD_0231,2024-05-17,121,91718,Direct,Pending
SO_100290,CUST_0388,PROD_0171,2024-06-03,243,225747,Direct,Completed
SO_100291,CUST_0060,PROD_0243,2024-04-15,306,197064,Online,Completed
SO_100292,CUST_0041,PROD_0297,2024-12-10,63,8946,Distributor,Pending
SO_100293,CUST_0471,PROD_0103,2024-07-01,276,156216,Distributor,Completed
SO_100294,CUST_0188,PROD_0259,2024-07-01,446,166804,Online,Cancelled
SO_100295,CUST_0346,PROD_0272,2024-06-02,145,33205,Direct,Pending
SO_100296,CUST_0487,PROD_0159,2024-07-28,492,173184,Online,Pending
SO_100297,CUST_0214,PROD_0270,2024-11-08,469,97552,Online,Pending
SO_100298,CUST_0346,PROD_0115,2024-03-12,453,438504,Distributor,Cancelled
SO_100299,CUST_0209,PROD_0036,2024-02-29,423,317250,Direct,Completed
SO_100300,CUST_0266,PROD_0294,2024-06-14,155,37045,Online,Completed
SO_100301,CUST_0323,PROD_0092,2024-01-01,399,243789,Online,Pending
SO_100302,CUST_0197,PROD_0112,2024-10-19,294,224616,Distributor,Pending
SO_100303,CUST_0094,PROD_0003,2024-09-01,433,405288,Direct,Cancelled
SO_100304,CUST_0327,PROD_0029,2024-09-23,365,122275,Online,Pending
SO_100305,CUST_0037,PROD_0206,2024-05-15,134,64052,Direct,Cancelled
SO_100306,CUST_0297,PROD_0194,2024-12-15,251,114205,Direct,Cancelled
SO_100307,CUST_0113,PROD_0184,2024-02-24,439,244523,Direct,Completed
SO_100308,CUST_0322,PROD_0185,2024-07-05,194,176540,Online,Pending
SO_100309,CUST_0053,PROD_0093,2024-05-09,153,57681,Online,Cancelled
SO_100310,CUST_0310,PROD_0010,2024-11-24,330,285450,Distributor,Completed
SO_100311,CUST_0169,PROD_0076,2024-05-11,342,107046,Online,Cancelled
SO_100312,CUST_0428,PROD_0279,2024-12-13,433,285780,Online,Cancelled
SO_100313,CUST_0158,PROD_0220,2024-04-02,394,386120,Online,Completed
SO_100314,CUST_0309,PROD_0200,2024-08-10,270,222480,Online,Pending
SO_100315,CUST_0347,PROD_0058,2024-12-06,33,17589,Direct,Pending
SO_100316,CUST_0411,PROD_0271,2024-07-28,169,44109,Distributor,Cancelled
SO_100317,CUST_0353,PROD_0117,2024-09-18,169,33462,Distributor,Pending
SO_100318,CUST_0386,PROD_0272,2024-09-05,477,254718,Direct,Pending
SO_100319,CUST_0024,PROD_0144,2024-10-21,245,174685,Distributor,Cancelled
SO_100320,CUST_0218,PROD_0024,2024-05-31,258,217494,Online,Pending
SO_100321,CUST_0365,PROD_0184,2024-12-29,210,114450,Direct,Cancelled
SO_100322,CUST_0277,PROD_0046,2024-05-22,42,30450,Online,Pending
SO_100323,CUST_0273,PROD_0231,2024-09-30,369,122508,Distributor,Completed
SO_100324,CUST_0169,PROD_0141,2024-08-08,371,241150,Direct,Cancelled
SO_100325,CUST_0255,PROD_0273,2024-12-31,466,298240,Direct,Completed
SO_100326,CUST_0345,PROD_0199,2024-11-30,497,457240,Online,Cancelled
SO_100327,CUST_0393,PROD_0277,2024-01-01,361,214073,Online,Pending
SO_100328,CUST_0055,PROD_0065,2024-04-20,331,45347,Online,Cancelled
SO_100329,CUST_0302,PROD_0245,2024-09-19,127,97917,Online,Completed
SO_100330,CUST_0493,PROD_0289,2024-07-19,274,38086,Distributor,Cancelled
SO_100331,CUST_0023,PROD_0125,2024-12-03,18,5454,Distributor,Cancelled
SO_100332,CUST_0164,PROD_0173,2024-02-12,261,109098,Online,Completed
SO_100333,CUST_0204,PROD_0116,2024-12-11,165,118635,Distributor,Pending
SO_100334,CUST_0109,PROD_0192,2024-09-10,389,71576,Direct,Completed
SO_100335,CUST_0350,PROD_0045,2024-03-03,385,343805,Online,Completed
SO_100336,CUST_0338,PROD_0269,2024-06-22,38,30552,Direct,Pending
SO_100337,CUST_0359,PROD_0025,2024-10-07,27,21249,Direct,Completed
SO_100338,CUST_0341,PROD_0267,2024-10-22,308,138908,Distributor,Completed
SO_100339,CUST_0381,PROD_0146,2024-07-13,77,49588,Online,Pending
SO_100340,CUST_0183,PROD_0140,2024-02-19,113,27120,Distributor,Completed
SO_100341,CUST_0337,PROD_0054,2024-02-04,67,18626,Online,Completed
SO_100342,CUST_0142,PROD_0033,2024-03-18,130,75790,Direct,Pending
SO_100343,CUST_0266,PROD_0124,2024-12-13,104,58136,Online,Cancelled
SO_100344,CUST_0289,PROD_0283,2024-10-11,213,185949,Direct,Cancelled
SO_100345,CUST_0163,PROD_0278,2024-05-27,497,95424,Direct,Cancelled
SO_100346,CUST_0005,PROD_0097,2024-04-27,314,199076,Distributor,Pending
SO_100347,CUST_0141,PROD_0222,2024-03-06,448,399616,Online,Pending
SO_100348,CUST_0007,PROD_0012,2024-04-28,311,116625,Online,Pending
SO_100349,CUST_0111,PROD_0277,2024-05-12,202,160186,Distributor,Completed
SO_100350,CUST_0153,PROD_0146,2024-12-02,111,84471,Direct,Completed
SO_100351,CUST_0415,PROD_0100,2024-04-16,462,65604,Online,Pending
SO_100352,CUST_0004,PROD_0278,2024-05-10,126,120204,Direct,Pending
SO_100353,CUST_0315,PROD_0267,2024-08-05,263,215397,Distributor,Completed
SO_100354,CUST_0236,PROD_0236,2024-01-11,498,481566,Distributor,Pending
SO_100355,CUST_0388,PROD_0034,2024-06-02,407,195767,Online,Pending
SO_100356,CUST_0490,PROD_0147,2024-11-29,70,59360,Online,Completed
SO_100357,CUST_0335,PROD_0091,2024-05-01,203,24969,Online,Completed
SO_100358,CUST_0151,PROD_0292,2024-09-16,43,35217,Online,Cancelled
SO_100359,CUST_0443,PROD_0261,2024-12-11,110,89760,Online,Cancelled
SO_100360,CUST_0088,PROD_0002,2024-08-03,126,51912,Direct,Cancelled
SO_100361,CUST_0363,PROD_0022,2024-10-10,147,135681,Distributor,Pending
SO_100362,CUST_0195,PROD_0088,2024-11-01,364,64428,Direct,Completed
SO_100363,CUST_0313,PROD_0143,2024-08-14,30,5580,Distributor,Completed
SO_100364,CUST_0478,PROD_0053,2024-12-07,351,308880,Direct,Pending
SO_100365,CUST_0314,PROD_0193,2024-10-11,123,18327,Direct,Cancelled
SO_100366,CUST_0402,PROD_0002,2024-07-02,399,321993,Direct,Pending
SO_100367,CUST_0159,PROD_0074,2024-07-27,154,68684,Direct,Cancelled
SO_100368,CUST_0487,PROD_0061,2024-02-20,154,71918,Distributor,Cancelled
SO_100369,CUST_0001,PROD_0198,2024-11-14,284,86336,Online,Cancelled
SO_100370,CUST_0260,PROD_0175,2024-06-29,266,167846,Online,Pending
SO_100371,CUST_0238,PROD_0138,2024-03-15,499,392214,Distributor,Completed
SO_100372,CUST_0076,PROD_0127,2024-10-28,97,33950,Distributor,Completed
SO_100373,CUST_0324,PROD_0065,2024-08-30,455,156065,Direct,Cancelled
SO_100374,CUST_0078,PROD_0209,2024-12-15,54,53622,Direct,Completed
SO_100375,CUST_0057,PROD_0082,2024-06-29,52,13728,Online,Cancelled
SO_100376,CUST_0158,PROD_0299,2024-11-21,236,206736,Direct,Completed
SO_100377,CUST_0292,PROD_0282,2024-11-18,479,87657,Direct,Completed
SO_100378,CUST_0216,PROD_0295,2024-08-17,260,114920,Online,Cancelled
SO_100379,CUST_0213,PROD_0230,2024-06-14,32,6112,Distributor,Completed
SO_100380,CUST_0284,PROD_0006,2024-01-23,247,120289,Online,Cancelled
SO_100381,CUST_0388,PROD_0242,2024-08-23,413,280840,Distributor,Pending
SO_100382,CUST_0162,PROD_0283,2024-09-03,145,84680,Direct,Completed
SO_100383,CUST_0369,PROD_0033,2024-05-01,31,14973,Distributor,Completed
SO_100384,CUST_0372,PROD_0213,2024-06-24,250,48750,Direct,Completed
SO_100385,CUST_0322,PROD_0161,2024-10-23,166,55942,Distributor,Completed
SO_100386,CUST_0105,PROD_0010,2024-03-28,70,53270,Online,Completed
SO_100387,CUST_0279,PROD_0011,2024-03-07,25,11125,Online,Completed
SO_100388,CUST_0007,PROD_0012,2024-02-18,213,27690,Online,Pending
SO_100389,CUST_0335,PROD_0148,2024-12-07,93,54684,Distributor,Cancelled
SO_100390,CUST_0458,PROD_0298,2024-01-09,437,127167,Direct,Cancelled
SO_100391,CUST_0049,PROD_0156,2024-09-05,353,68482,Online,Pending
SO_100392,CUST_0457,PROD_0180,2024-02-11,10,1140,Direct,Pending
SO_100393,CUST_0105,PROD_0196,2024-09-04,224,50400,Online,Completed
SO_100394,CUST_0474,PROD_0196,2024-09-12,28,14448,Distributor,Cancelled
SO_100395,CUST_0088,PROD_0282,2024-12-15,408,343536,Online,Completed
SO_100396,CUST_0288,PROD_0016,2024-06-14,319,36047,Direct,Completed
SO_100397,CUST_0043,PROD_0223,2024-02-06,104,16848,Distributor,Cancelled
SO_100398,CUST_0499,PROD_0119,2024-02-06,436,95484,Distributor,Completed
SO_100399,CUST_0341,PROD_0086,2024-10-25,250,98750,Distributor,Cancelled
SO_100400,CUST_0436,PROD_0213,2024-07-25,418,379962,Direct,Cancelled
SO_100401,CUST_0091,PROD_0040,2024-09-12,295,265795,Online,Cancelled
SO_100402,CUST_0472,PROD_0085,2024-07-03,429,151437,Online,Pending
SO_100403,CUST_0002,PROD_0029,2024-03-05,223,160783,Direct,Cancelled
SO_100404,CUST_0038,PROD_0179,2024-04-03,74,48988,Direct,Pending
SO_100405,CUST_0168,PROD_0153,2024-02-22,77,45661,Distributor,Cancelled
SO_100406,CUST_0229,PROD_0211,2024-04-27,413,310989,Direct,Pending
SO_100407,CUST_0158,PROD_0006,2024-07-10,374,288354,Distributor,Cancelled
SO_100408,CUST_0352,PROD_0131,2024-10-19,418,245784,Direct,Completed
SO_100409,CUST_0053,PROD_0104,2024-12-16,422,89886,Distributor,Pending
SO_100410,CUST_0218,PROD_0041,2024-11-18,435,339300,Distributor,Cancelled
SO_100411,CUST_0021,PROD_0276,2024-11-02,222,156066,Direct,Completed
SO_100412,CUST_0112,PROD_0123,2024-06-18,96,95136,Online,Cancelled
SO_100413,CUST_0499,PROD_0207,2024-11-01,373,167104,Distributor,Pending
SO_100414,CUST_0442,PROD_0207,2024-05-15,401,232981,Direct,Pending
SO_100415,CUST_0213,PROD_0147,2024-07-11,117,26910,Online,Cancelled
SO_100416,CUST_0025,PROD_0031,2024-06-24,328,194832,Distributor,Cancelled
SO_100417,CUST_0231,PROD_0183,2024-04-10,425,267750,Distributor,Completed
SO_100418,CUST_0181,PROD_0041,2024-04-11,329,38493,Distributor,Cancelled
SO_100419,CUST_0099,PROD_0179,2024-12-16,127,104775,Direct,Cancelled
SO_100420,CUST_0434,PROD_0093,2024-02-28,101,62519,Distributor,Cancelled
SO_100421,CUST_0248,PROD_0053,2024-09-05,448,353920,Online,Cancelled
SO_100422,CUST_0450,PROD_0236,2024-09-19,36,5148,Online,Completed
SO_100423,CUST_0113,PROD_0177,2024-03-26,83,74285,Direct,Completed
SO_100424,CUST_0065,PROD_0011,2024-06-27,479,237584,Distributor,Completed
SO_100425,CUST_0488,PROD_0104,2024-02-03,455,72345,Direct,Cancelled
SO_100426,CUST_0210,PROD_0173,2024-11-17,468,79560,Distributor,Cancelled
SO_100427,CUST_0448,PROD_0018,2024-11-27,312,201864,Distributor,Pending
SO_100428,CUST_0175,PROD_0119,2024-09-20,459,228582,Direct,Completed
SO_100429,CUST_0422,PROD_0072,2024-06-18,145,130645,Online,Pending
SO_100430,CUST_0248,PROD_0107,2024-02-28,108,64584,Direct,Pending
SO_100431,CUST_0190,PROD_0217,2024-10-24,191,49660,Distributor,Pending
SO_100432,CUST_0413,PROD_0176,2024-01-01,312,68016,Direct,Completed
SO_100433,CUST_0146,PROD_0252,2024-08-22,117,20592,Direct,Cancelled
SO_100434,CUST_0064,PROD_0035,2024-02-28,482,327278,Online,Cancelled
SO_100435,CUST_0217,PROD_0071,2024-02-25,245,216335,Distributor,Pending
SO_100436,CUST_0331,PROD_0121,2024-10-29,250,64750,Online,Completed
SO_100437,CUST_0114,PROD_0089,2024-12-16,366,199104,Online,Completed
SO_100438,CUST_0241,PROD_0251,2024-10-06,345,131100,Online,Cancelled
SO_100439,CUST_0345,PROD_0072,2024-08-13,14,6804,Distributor,Pending
SO_100440,CUST_0377,PROD_0180,2024-03-08,292,63656,Online,Cancelled
SO_100441,CUST_0055,PROD_0244,2024-09-08,139,113702,Distributor,Completed
SO_100442,CUST_0491,PROD_0294,2024-01-29,133,128478,Distributor,Completed
SO_100443,CUST_0243,PROD_0145,2024-03-25,191,46795,Online,Cancelled
SO_100444,CUST_0391,PROD_0065,2024-05-23,366,339282,Distributor,Completed
SO_100445,CUST_0205,PROD_0120,2024-09-29,346,275416,Online,Completed
SO_100446,CUST_0343,PROD_0212,2024-07-28,204,182376,Direct,Pending
SO_100447,CUST_0200,PROD_0050,2024-12-26,339,153567,Direct,Completed
SO_100448,CUST_0190,PROD_0225,2024-12-02,381,325755,Distributor,Cancelled
SO_100449,CUST_0393,PROD_0181,2024-07-21,103,44599,Online,Cancelled
SO_100450,CUST_0125,PROD_0213,2024-12-10,406,326830,Distributor,Completed
SO_100451,CUST_0287,PROD_0054,2024-11-05,94,77080,Online,Cancelled
SO_100452,CUST_0266,PROD_0172,2024-11-21,375,199875,Distributor,Pending
SO_100453,CUST_0262,PROD_0210,2024-11-24,312,203736,Direct,Pending
SO_100454,CUST_0434,PROD_0248,2024-07-01,470,226540,Online,Completed
SO_100455,CUST_0375,PROD_0102,2024-08-25,493,77894,Distributor,Cancelled
SO_100456,CUST_0472,PROD_0028,2024-08-18,108,19116,Direct,Completed
SO_100457,CUST_0157,PROD_0254,2024-10-26,327,272064,Direct,Pending
SO_100458,CUST_0382,PROD_0102,2024-12-16,362,359466,Online,Completed
SO_100459,CUST_0130,PROD_0218,2024-04-29,472,219952,Online,Completed
SO_100460,CUST_0076,PROD_0051,2024-06-08,331,289294,Online,Cancelled
SO_100461,CUST_0001,PROD_0140,2024-12-04,267,45924,Online,Pending
SO_100462,CUST_0205,PROD_0269,2024-03-28,346,269188,Online,Cancelled
SO_100463,CUST_0087,PROD_0180,2024-12-19,257,155228,Distributor,Cancelled
SO_100464,CUST_0406,PROD_0130,2024-08-12,95,83885,Direct,Cancelled
SO_100465,CUST_0264,PROD_0192,2024-03-16,319,75603,Direct,Cancelled
SO_100466,CUST_0343,PROD_0191,2024-06-27,357,67830,Online,Pending
SO_100467,CUST_0044,PROD_0065,2024-07-04,399,197106,Online,Pending
SO_100468,CUST_0460,PROD_0196,2024-08-24,209,136686,Distributor,Pending
SO_100469,CUST_0492,PROD_0262,2024-10-15,172,151532,Direct,Completed
SO_100470,CUST_0254,PROD_0240,2024-12-22,66,20526,Distributor,Cancelled
SO_100471,CUST_0489,PROD_0020,2024-07-18,139,126768,Direct,Pending
SO_100472,CUST_0084,PROD_0285,2024-10-28,307,95170,Direct,Cancelled
SO_100473,CUST_0152,PROD_0224,2024-03-31,227,60155,Online,Completed
SO_100474,CUST_0476,PROD_0112,2024-11-29,332,80012,Distributor,Completed
SO_100475,CUST_0042,PROD_0167,2024-01-13,317,228557,Online,Completed
SO_100476,CUST_0207,PROD_0214,2024-10-10,488,117608,Online,Completed
SO_100477,CUST_0345,PROD_0141,2024-09-13,51,19686,Online,Cancelled
SO_100478,CUST_0080,PROD_0185,2024-06-01,357,221697,Distributor,Pending
SO_100479,CUST_0057,PROD_0011,2024-10-17,303,183618,Online,Cancelled
SO_100480,CUST_0205,PROD_0003,2024-05-19,133,16492,Direct,Cancelled
SO_100481,CUST_0299,PROD_0073,2024-06-16,95,80370,Online,Cancelled
SO_100482,CUST_0066,PROD_0051,2024-10-26,295,138650,Online,Pending
SO_100483,CUST_0301,PROD_0071,2024-07-21,260,256880,Distributor,Completed
SO_100484,CUST_0301,PROD_0052,2024-10-19,189,153468,Distributor,Completed
SO_100485,CUST_0278,PROD_0003,2024-04-05,326,165282,Direct,Cancelled
SO_100486,CUST_0141,PROD_0158,2024-04-13,145,35380,Online,Completed
SO_100487,CUST_0401,PROD_0172,2024-02-08,330,68640,Distributor,Pending
SO_100488,CUST_0420,PROD_0089,2024-10-11,131,45064,Online,Completed
SO_100489,CUST_0246,PROD_0252,2024-12-11,12,4896,Direct,Completed
SO_100490,CUST_0045,PROD_0002,2024-08-30,418,370348,Distributor,Pending
SO_100491,CUST_0032,PROD_0124,2024-12-21,490,359170,Direct,Cancelled
SO_100492,CUST_0377,PROD_0229,2024-06-23,381,134874,Direct,Pending
SO_100493,CUST_0331,PROD_0127,2024-10-20,342,209988,Online,Completed
SO_100494,CUST_0218,PROD_0001,2024-04-07,245,29400,Online,Pending
SO_100495,CUST_0283,PROD_0265,2024-03-31,349,62820,Distributor,Pending
SO_100496,CUST_0272,PROD_0012,2024-11-15,354,336300,Distributor,Completed
SO_100497,CUST_0079,PROD_0179,2024-11-11,480,111360,Distributor,Cancelled
SO_100498,CUST_0327,PROD_0101,2024-07-06,259,82621,Direct,Pending
SO_100499,CUST_0329,PROD_0105,2024-07-31,389,105808,Direct,Completed
SO_100500,CUST_0139,PROD_0165,2024-12-11,95,79800,Online,Cancelled
SO_100501,CUST_0107,PROD_0274,2024-07-11,203,196707,Distributor,Completed
SO_100502,CUST_0062,PROD_0253,2024-04-02,437,97014,Distributor,Completed
SO_100503,CUST_0021,PROD_0251,2024-10-28,266,81928,Distributor,Cancelled
SO_100504,CUST_0362,PROD_0059,2024-05-06,499,167165,Direct,Pending
SO_100505,CUST_0187,PROD_0222,2024-05-28,435,410640,Distributor,Pending
SO_100506,CUST_0299,PROD_0010,2024-01-21,469,202139,Direct,Pending
SO_100507,CUST_0077,PROD_0184,2024-03-10,392,323008,Online,Cancelled
SO_100508,CUST_0023,PROD_0203,2024-11-28,259,199689,Online,Cancelled
SO_100509,CUST_0463,PROD_0112,2024-01-17,318,295740,Direct,Completed
SO_100510,CUST_0251,PROD_0167,2024-09-18,329,139167,Direct,Pending
SO_100511,CUST_0096,PROD_0247,2024-09-03,27,7398,Online,Completed
SO_100512,CUST_0417,PROD_0184,2024-11-01,379,156527,Direct,Pending
SO_100513,CUST_0335,PROD_0138,2024-05-14,107,54891,Distributor,Completed
SO_100514,CUST_0283,PROD_0121,2024-08-25,358,313966,Distributor,Pending
SO_100515,CUST_0281,PROD_0052,2024-04-02,170,156910,Direct,Completed
SO_100516,CUST_0065,PROD_0050,2024-01-23,492,311436,Online,Completed
SO_100517,CUST_0232,PROD_0204,2024-11-03,72,21312,Online,Cancelled
SO_100518,CUST_0292,PROD_0263,2024-09-12,36,31284,Distributor,Completed
SO_100519,CUST_0411,PROD_0269,2024-02-29,323,175712,Distributor,Pending
SO_100520,CUST_0362,PROD_0274,2024-05-02,441,175959,Online,Cancelled
SO_100521,CUST_0423,PROD_0011,2024-12-29,324,259200,Direct,Completed
SO_100522,CUST_0429,PROD_0012,2024-12-02,404,75952,Distributor,Completed
SO_100523,CUST_0045,PROD_0051,2024-01-23,51,21624,Online,Pending
SO_100524,CUST_0421,PROD_0007,2024-02-10,397,357697,Online,Cancelled
SO_100525,CUST_0210,PROD_0215,2024-03-02,309,184164,Online,Pending
SO_100526,CUST_0394,PROD_0297,2024-10-26,67,64052,Online,Completed
SO_100527,CUST_0162,PROD_0149,2024-03-11,347,61419,Direct,Cancelled
SO_100528,CUST_0125,PROD_0166,2024-07-03,164,56252,Distributor,Pending
SO_100529,CUST_0407,PROD_0069,2024-04-08,50,13050,Direct,Completed
SO_100530,CUST_0086,PROD_0092,2024-05-19,349,315496,Online,Pending
SO_100531,CUST_0160,PROD_0014,2024-12-12,52,39156,Direct,Cancelled
SO_100532,CUST_0356,PROD_0015,2024-03-01,286,222222,Online,Cancelled
SO_100533,CUST_0498,PROD_0180,2024-09-12,406,266742,Distributor,Pending
SO_100534,CUST_0397,PROD_0047,2024-11-24,445,117035,Distributor,Cancelled
SO_100535,CUST_0007,PROD_0053,2024-03-09,409,365646,Distributor,Pending
SO_100536,CUST_0249,PROD_0205,2024-08-07,166,132468,Distributor,Completed
SO_100537,CUST_0416,PROD_0242,2024-06-10,182,25844,Online,Cancelled
SO_100538,CUST_0064,PROD_0008,2024-07-26,178,25276,Distributor,Cancelled
SO_100539,CUST_0185,PROD_0260,2024-07-23,254,38354,Online,Cancelled
SO_100540,CUST_0353,PROD_0137,2024-12-08,301,245014,Online,Cancelled
SO_100541,CUST_0037,PROD_0256,2024-10-12,176,90816,Online,Completed
SO_100542,CUST_0191,PROD_0004,2024-10-13,211,102757,Distributor,Pending
SO_100543,CUST_0428,PROD_0106,2024-11-22,435,367575,Distributor,Cancelled
SO_100544,CUST_0163,PROD_0123,2024-01-14,64,23424,Distributor,Cancelled
SO_100545,CUST_0121,PROD_0086,2024-03-02,209,83391,Online,Cancelled
SO_100546,CUST_0324,PROD_0197,2024-02-11,302,195696,Online,Completed
SO_100547,CUST_0382,PROD_0196,2024-10-07,401,175638,Online,Cancelled
SO_100548,CUST_0126,PROD_0218,2024-04-03,163,44010,Direct,Cancelled
SO_100549,CUST_0204,PROD_0058,2024-03-14,424,405768,Distributor,Completed
SO_100550,CUST_0122,PROD_0149,2024-04-26,377,332514,Online,Cancelled
SO_100551,CUST_0083,PROD_0007,2024-02-01,66,58278,Online,Completed
SO_100552,CUST_0131,PROD_0172,2024-10-10,443,336237,Online,Cancelled
SO_100553,CUST_0095,PROD_0281,2024-02-18,234,141102,Direct,Pending
SO_100554,CUST_0341,PROD_0075,2024-10-18,77,11781,Distributor,Completed
SO_100555,CUST_0131,PROD_0078,2024-11-18,254,213106,Distributor,Pending
SO_100556,CUST_0078,PROD_0272,2024-04-27,118,63484,Direct,Completed
SO_100557,CUST_0390,PROD_0154,2024-02-03,70,31710,Distributor,Pending
SO_100558,CUST_0110,PROD_0114,2024-09-12,167,146960,Distributor,Pending
SO_100559,CUST_0410,PROD_0060,2024-07-08,202,169882,Distributor,Cancelled
SO_100560,CUST_0029,PROD_0038,2024-03-27,103,86211,Direct,Cancelled
SO_100561,CUST_0013,PROD_0028,2024-03-15,332,243024,Distributor,Pending
SO_100562,CUST_0318,PROD_0027,2024-10-04,336,85344,Direct,Cancelled
SO_100563,CUST_0385,PROD_0221,2024-02-13,429,353067,Online,Pending
SO_100564,CUST_0228,PROD_0136,2024-04-11,465,332940,Direct,Completed
SO_100565,CUST_0074,PROD_0016,2024-08-12,434,212226,Direct,Completed
SO_100566,CUST_0411,PROD_0089,2024-10-14,410,254610,Direct,Pending
SO_100567,CUST_0234,PROD_0122,2024-01-15,120,19200,Online,Cancelled
SO_100568,CUST_0481,PROD_0123,2024-09-16,425,256700,Online,Pending
SO_100569,CUST_0220,PROD_0083,2024-09-04,257,238753,Online,Completed
SO_100570,CUST_0207,PROD_0287,2024-07-05,280,54880,Distributor,Completed
SO_100571,CUST_0249,PROD_0067,2024-09-04,409,55215,Direct,Completed
SO_100572,CUST_0170,PROD_0079,2024-08-05,467,163450,Direct,Completed
SO_100573,CUST_0146,PROD_0286,2024-07-23,267,213066,Distributor,Pending
SO_100574,CUST_0436,PROD_0102,2024-09-27,232,193720,Distributor,Completed
SO_100575,CUST_0355,PROD_0283,2024-12-09,51,32589,Direct,Cancelled
SO_100576,CUST_0357,PROD_0034,2024-05-10,301,83377,Online,Pending
SO_100577,CUST_0081,PROD_0097,2024-06-21,438,144978,Online,Cancelled
SO_100578,CUST_0357,PROD_0101,2024-10-02,170,65450,Distributor,Pending
SO_100579,CUST_0430,PROD_0048,2024-12-30,386,47864,Online,Pending
SO_100580,CUST_0256,PROD_0056,2024-01-08,409,292435,Online,Pending
SO_100581,CUST_0357,PROD_0097,2024-02-24,31,19220,Online,Completed
SO_100582,CUST_0274,PROD_0093,2024-07-15,200,88400,Distributor,Completed
SO_100583,CUST_0273,PROD_0269,2024-06-04,336,52080,Online,Cancelled
SO_100584,CUST_0496,PROD_0254,2024-08-07,78,43134,Online,Cancelled
SO_100585,CUST_0324,PROD_0290,2024-05-12,454,381360,Online,Cancelled
SO_100586,CUST_0386,PROD_0222,2024-12-26,122,12322,Online,Pending
SO_100587,CUST_0095,PROD_0148,2024-04-18,48,8448,Distributor,Pending
SO_100588,CUST_0122,PROD_0001,2024-06-05,124,45012,Direct,Cancelled
SO_100589,CUST_0339,PROD_0143,2024-03-29,203,44254,Online,Completed
SO_100590,CUST_0323,PROD_0061,2024-09-26,175,141750,Distributor,Pending
SO_100591,CUST_0467,PROD_0289,2024-05-12,56,48888,Online,Pending
SO_100592,CUST_0105,PROD_0186,2024-09-11,295,166380,Online,Completed
SO_100593,CUST_0343,PROD_0280,2024-05-12,99,28611,Online,Cancelled
SO_100594,CUST_0268,PROD_0256,2024-11-30,138,49818,Online,Pending
SO_100595,CUST_0310,PROD_0131,2024-01-06,81,62694,Distributor,Completed
SO_100596,CUST_0053,PROD_0013,2024-05-13,225,113850,Direct,Cancelled
SO_100597,CUST_0490,PROD_0048,2024-01-01,239,124041,Distributor,Pending
SO_100598,CUST_0395,PROD_0266,2024-01-18,123,101721,Online,Pending
SO_100599,CUST_0025,PROD_0155,2024-02-10,152,68400,Online,Pending
SO_100600,CUST_0114,PROD_0015,2024-01-14,115,18630,Distributor,Pending
SO_100601,CUST_0354,PROD_0271,2024-06-10,316,176012,Online,Completed
SO_100602,CUST_0246,PROD_0221,2024-04-23,234,185796,Distributor,Completed
SO_100603,CUST_0054,PROD_0188,2024-02-15,493,277559,Online,Pending
SO_100604,CUST_0479,PROD_0257,2024-03-06,303,75447,Distributor,Completed
SO_100605,CUST_0389,PROD_0228,2024-06-11,374,145112,Online,Pending
SO_100606,CUST_0468,PROD_0229,2024-11-20,30,21840,Online,Cancelled
SO_100607,CUST_0288,PROD_0145,2024-01-03,283,167536,Online,Pending
SO_100608,CUST_0029,PROD_0222,2024-09-12,236,227504,Direct,Completed
SO_100609,CUST_0479,PROD_0170,2024-08-02,452,80456,Direct,Completed
SO_100610,CUST_0080,PROD_0109,2024-12-09,497,107849,Online,Completed
SO_100611,CUST_0129,PROD_0176,2024-04-27,230,86250,Distributor,Cancelled
SO_100612,CUST_0232,PROD_0271,2024-11-17,391,217787,Online,Completed
SO_100613,CUST_0122,PROD_0171,2024-01-08,64,16320,Online,Cancelled
SO_100614,CUST_0307,PROD_0068,2024-07-01,95,36195,Online,Pending
SO_100615,CUST_0036,PROD_0129,2024-10-27,394,172966,Direct,Cancelled
SO_100616,CUST_0333,PROD_0247,2024-12-20,336,80304,Distributor,Cancelled
SO_100617,CUST_0463,PROD_0040,2024-01-15,220,84480,Online,Cancelled
SO_100618,CUST_0140,PROD_0100,2024-09-27,289,146234,Online,Pending
SO_100619,CUST_0380,PROD_0237,2024-10-17,230,192740,Online,Cancelled
SO_100620,CUST_0470,PROD_0143,2024-10-27,495,303435,Online,Completed
SO_100621,CUST_0071,PROD_0188,2024-01-01,38,8816,Distributor,Cancelled
SO_100622,CUST_0158,PROD_0216,2024-02-19,318,271572,Online,Pending
SO_100623,CUST_0154,PROD_0154,2024-11-19,303,111504,Distributor,Pending
SO_100624,CUST_0331,PROD_0241,2024-09-15,195,35685,Distributor,Cancelled
SO_100625,CUST_0406,PROD_0201,2024-05-12,303,139683,Distributor,Pending
SO_100626,CUST_0433,PROD_0117,2024-08-29,169,156156,Online,Pending
SO_100627,CUST_0313,PROD_0228,2024-04-27,130,82940,Distributor,Completed
SO_100628,CUST_0408,PROD_0080,2024-11-01,268,46632,Direct,Pending
SO_100629,CUST_0078,PROD_0044,2024-09-07,181,139370,Distributor,Pending
SO_100630,CUST_0220,PROD_0216,2024-03-07,231,212289,Direct,Pending
SO_100631,CUST_0075,PROD_0222,2024-10-02,190,130340,Distributor,Cancelled
SO_100632,CUST_0342,PROD_0046,2024-08-15,359,95135,Direct,Completed
SO_100633,CUST_0047,PROD_0217,2024-12-16,244,61000,Online,Completed
SO_100634,CUST_0156,PROD_0046,2024-08-21,214,107856,Online,Completed
SO_100635,CUST_0071,PROD_0211,2024-07-03,287,135464,Direct,Cancelled
SO_100636,CUST_0481,PROD_0163,2024-04-06,288,212256,Online,Cancelled
SO_100637,CUST_0421,PROD_0055,2024-08-27,434,90706,Online,Cancelled
SO_100638,CUST_0253,PROD_0183,2024-11-03,278,92852,Online,Completed
SO_100639,CUST_0256,PROD_0176,2024-08-21,478,302096,Distributor,Cancelled
SO_100640,CUST_0301,PROD_0130,2024-03-25,162,95256,Direct,Pending
SO_100641,CUST_0107,PROD_0027,2024-11-26,285,181545,Direct,Cancelled
SO_100642,CUST_0033,PROD_0234,2024-06-07,86,34142,Distributor,Cancelled
SO_100643,CUST_0329,PROD_0025,2024-02-29,493,334747,Direct,Cancelled
SO_100644,CUST_0200,PROD_0106,2024-04-10,431,329284,Distributor,Pending
SO_100645,CUST_0103,PROD_0127,2024-02-12,114,102144,Direct,Completed
SO_100646,CUST_0261,PROD_0002,2024-11-10,481,361712,Online,Cancelled
SO_100647,CUST_0492,PROD_0272,2024-08-21,253,236555,Distributor,Completed
SO_100648,CUST_0390,PROD_0004,2024-06-09,228,35112,Direct,Pending
SO_100649,CUST_0381,PROD_0071,2024-08-24,254,33782,Online,Pending
SO_100650,CUST_0009,PROD_0073,2024-10-15,374,184756,Distributor,Pending
SO_100651,CUST_0059,PROD_0040,2024-12-17,10,9190,Online,Cancelled
SO_100652,CUST_0495,PROD_0283,2024-12-26,345,79005,Online,Cancelled
SO_100653,CUST_0130,PROD_0082,2024-07-09,330,303270,Direct,Pending
SO_100654,CUST_0408,PROD_0258,2024-04-19,335,83750,Online,Pending
SO_100655,CUST_0170,PROD_0193,2024-07-29,348,199056,Direct,Cancelled
SO_100656,CUST_0495,PROD_0053,2024-05-21,193,49601,Online,Cancelled
SO_100657,CUST_0337,PROD_0139,2024-09-15,33,15246,Online,Cancelled
SO_100658,CUST_0396,PROD_0129,2024-09-09,248,29016,Distributor,Cancelled
SO_100659,CUST_0062,PROD_0198,2024-08-10,255,120870,Online,Completed
SO_100660,CUST_0300,PROD_0168,2024-05-11,353,156732,Online,Pending
SO_100661,CUST_0178,PROD_0001,2024-03-02,386,56356,Direct,Completed
SO_100662,CUST_0171,PROD_0293,2024-03-14,231,182259,Distributor,Cancelled
SO_100663,CUST_0254,PROD_0223,2024-04-05,207,121923,Online,Cancelled
SO_100664,CUST_0212,PROD_0269,2024-07-15,308,304304,Online,Pending
SO_100665,CUST_0207,PROD_0202,2024-10-24,314,184318,Direct,Completed
SO_100666,CUST_0180,PROD_0171,2024-06-01,408,333744,Direct,Cancelled
SO_100667,CUST_0294,PROD_0118,2024-06-28,347,191891,Distributor,Cancelled
SO_100668,CUST_0474,PROD_0031,2024-11-25,193,47285,Online,Pending
SO_100669,CUST_0160,PROD_0288,2024-06-27,307,85653,Direct,Completed
SO_100670,CUST_0495,PROD_0025,2024-04-07,154,19866,Distributor,Pending
SO_100671,CUST_0339,PROD_0021,2024-05-24,30,3570,Distributor,Pending
SO_100672,CUST_0414,PROD_0164,2024-04-02,294,143178,Distributor,Pending
SO_100673,CUST_0183,PROD_0204,2024-11-10,16,10944,Distributor,Cancelled
SO_100674,CUST_0060,PROD_0009,2024-05-03,366,304512,Distributor,Pending
SO_100675,CUST_0487,PROD_0019,2024-10-21,163,120620,Distributor,Pending
SO_100676,CUST_0020,PROD_0097,2024-01-24,27,4428,Direct,Cancelled
SO_100677,CUST_0306,PROD_0117,2024-05-24,364,119028,Online,Pending
SO_100678,CUST_0299,PROD_0263,2024-02-28,171,155097,Online,Completed
SO_100679,CUST_0433,PROD_0064,2024-12-20,353,141906,Direct,Completed
SO_100680,CUST_0133,PROD_0199,2024-06-01,141,80229,Direct,Cancelled
SO_100681,CUST_0318,PROD_0270,2024-04-11,107,28462,Direct,Pending
SO_100682,CUST_0138,PROD_0066,2024-09-05,227,98972,Distributor,Cancelled
SO_100683,CUST_0469,PROD_0064,2024-07-09,200,175800,Direct,Completed
SO_100684,CUST_0427,PROD_0158,2024-12-02,128,123520,Online,Completed
SO_100685,CUST_0321,PROD_0107,2024-10-01,345,150765,Direct,Completed
SO_100686,CUST_0328,PROD_0033,2024-02-12,485,187695,Online,Completed
SO_100687,CUST_0081,PROD_0288,2024-07-21,119,77826,Direct,Completed
SO_100688,CUST_0364,PROD_0124,2024-10-01,42,29946,Distributor,Completed
SO_100689,CUST_0391,PROD_0199,2024-12-12,187,122298,Online,Completed
SO_100690,CUST_0404,PROD_0216,2024-11-27,336,166656,Direct,Completed
SO_100691,CUST_0007,PROD_0142,2024-07-21,250,156000,Distributor,Pending
SO_100692,CUST_0021,PROD_0233,2024-04-20,457,191483,Online,Pending
SO_100693,CUST_0005,PROD_0035,2024-02-13,494,434226,Distributor,Cancelled
SO_100694,CUST_0478,PROD_0294,2024-09-04,156,103428,Online,Pending
SO_100695,CUST_0449,PROD_0236,2024-11-11,391,324139,Distributor,Completed
SO_100696,CUST_0126,PROD_0180,2024-12-09,382,176866,Online,Cancelled
SO_100697,CUST_0366,PROD_0011,2024-12-02,471,48513,Direct,Cancelled
SO_100698,CUST_0347,PROD_0044,2024-10-10,446,221216,Distributor,Pending
SO_100699,CUST_0149,PROD_0269,2024-10-16,118,34574,Direct,Pending
SO_100700,CUST_0270,PROD_0274,2024-05-04,373,189857,Distributor,Pending
SO_100701,CUST_0200,PROD_0235,2024-07-16,338,117962,Direct,Pending
SO_100702,CUST_0453,PROD_0295,2024-05-19,301,103845,Distributor,Cancelled
SO_100703,CUST_0257,PROD_0079,2024-08-28,294,279594,Online,Cancelled
SO_100704,CUST_0491,PROD_0062,2024-05-22,134,95140,Online,Completed
SO_100705,CUST_0003,PROD_0189,2024-09-18,324,45036,Distributor,Pending
SO_100706,CUST_0030,PROD_0121,2024-09-03,456,116280,Distributor,Pending
SO_100707,CUST_0129,PROD_0070,2024-10-21,343,206143,Online,Cancelled
SO_100708,CUST_0295,PROD_0088,2024-03-24,105,67830,Direct,Cancelled
SO_100709,CUST_0263,PROD_0086,2024-01-09,171,165357,Direct,Pending
SO_100710,CUST_0283,PROD_0126,2024-03-29,425,325975,Direct,Completed
SO_100711,CUST_0402,PROD_0215,2024-04-15,137,55485,Distributor,Completed
SO_100712,CUST_0066,PROD_0041,2024-04-27,281,160732,Online,Cancelled
SO_100713,CUST_0374,PROD_0108,2024-07-08,31,4836,Direct,Completed
SO_100714,CUST_0203,PROD_0117,2024-08-23,253,204424,Online,Cancelled
SO_100715,CUST_0152,PROD_0168,2024-04-06,128,75136,Distributor,Cancelled
SO_100716,CUST_0415,PROD_0230,2024-10-09,217,159061,Online,Completed
SO_100717,CUST_0395,PROD_0191,2024-01-22,230,30590,Online,Cancelled
SO_100718,CUST_0240,PROD_0276,2024-08-27,432,108432,Direct,Cancelled
SO_100719,CUST_0082,PROD_0092,2024-01-08,390,143520,Online,Pending
SO_100720,CUST_0387,PROD_0149,2024-02-02,369,145386,Online,Pending
SO_100721,CUST_0415,PROD_0238,2024-04-24,276,69828,Direct,Cancelled
SO_100722,CUST_0383,PROD_0030,2024-01-03,254,133604,Distributor,Cancelled
SO_100723,CUST_0122,PROD_0023,2024-04-17,225,64350,Direct,Cancelled
SO_100724,CUST_0226,PROD_0263,2024-08-30,118,83662,Distributor,Pending
SO_100725,CUST_0312,PROD_0010,2024-04-09,95,49115,Direct,Completed
SO_100726,CUST_0311,PROD_0042,2024-05-09,480,227040,Online,Pending
SO_100727,CUST_0322,PROD_0128,2024-01-01,464,139200,Distributor,Pending
SO_100728,CUST_0063,PROD_0287,2024-05-17,262,169252,Direct,Completed
SO_100729,CUST_0480,PROD_0220,2024-12-01,464,209264,Online,Pending
SO_100730,CUST_0174,PROD_0130,2024-05-26,30,7770,Direct,Cancelled
SO_100731,CUST_0261,PROD_0202,2024-10-08,123,44034,Direct,Completed
SO_100732,CUST_0471,PROD_0252,2024-03-13,335,266995,Direct,Completed
SO_100733,CUST_0316,PROD_0233,2024-08-27,171,71820,Online,Pending
SO_100734,CUST_0071,PROD_0045,2024-04-13,18,11376,Distributor,Completed
SO_100735,CUST_0013,PROD_0171,2024-04-13,67,31758,Online,Cancelled
SO_100736,CUST_0309,PROD_0158,2024-05-31,341,227106,Distributor,Completed
SO_100737,CUST_0250,PROD_0207,2024-03-23,214,114276,Direct,Pending
SO_100738,CUST_0315,PROD_0171,2024-07-29,19,18677,Direct,Cancelled
SO_100739,CUST_0013,PROD_0078,2024-10-14,199,90346,Direct,Pending
SO_100740,CUST_0236,PROD_0024,2024-09-26,357,282744,Distributor,Pending
SO_100741,CUST_0078,PROD_0181,2024-03-17,14,3122,Direct,Pending
SO_100742,CUST_0011,PROD_0236,2024-09-15,51,38607,Online,Completed
SO_100743,CUST_0042,PROD_0041,2024-09-25,104,52728,Online,Cancelled
SO_100744,CUST_0150,PROD_0067,2024-08-03,488,387472,Online,Completed
SO_100745,CUST_0453,PROD_0215,2024-02-03,310,187550,Online,Cancelled
SO_100746,CUST_0304,PROD_0186,2024-02-18,179,156983,Online,Completed
SO_100747,CUST_0185,PROD_0249,2024-03-21,238,139468,Distributor,Cancelled
SO_100748,CUST_0107,PROD_0045,2024-05-10,375,179250,Direct,Completed
SO_100749,CUST_0353,PROD_0057,2024-04-09,403,355446,Direct,Cancelled
SO_100750,CUST_0090,PROD_0003,2024-03-30,354,70092,Online,Cancelled
SO_100751,CUST_0103,PROD_0295,2024-07-10,371,275653,Distributor,Completed
SO_100752,CUST_0213,PROD_0155,2024-10-01,423,55413,Online,Cancelled
SO_100753,CUST_0200,PROD_0135,2024-09-26,294,134064,Distributor,Cancelled
SO_100754,CUST_0200,PROD_0235,2024-05-20,455,435435,Online,Completed
SO_100755,CUST_0214,PROD_0050,2024-02-14,39,18135,Online,Cancelled
SO_100756,CUST_0186,PROD_0073,2024-08-26,380,232560,Direct,Pending
SO_100757,CUST_0327,PROD_0211,2024-08-04,140,43960,Direct,Completed
SO_100758,CUST_0270,PROD_0265,2024-02-18,272,252960,Distributor,Completed
SO_100759,CUST_0094,PROD_0288,2024-08-08,10,9040,Online,Pending
SO_100760,CUST_0243,PROD_0088,2024-04-01,327,162192,Online,Completed
SO_100761,CUST_0308,PROD_0164,2024-10-17,84,51408,Online,Pending
SO_100762,CUST_0255,PROD_0134,2024-08-16,141,140154,Direct,Cancelled
SO_100763,CUST_0135,PROD_0122,2024-05-29,328,163344,Online,Cancelled
SO_100764,CUST_0013,PROD_0051,2024-03-04,127,54737,Online,Cancelled
SO_100765,CUST_0136,PROD_0233,2024-08-27,357,322371,Online,Completed
SO_100766,CUST_0400,PROD_0036,2024-09-09,132,92136,Direct,Completed
SO_100767,CUST_0240,PROD_0278,2024-08-26,411,161523,Direct,Pending
SO_100768,CUST_0411,PROD_0055,2024-07-23,313,93587,Online,Completed
SO_100769,CUST_0066,PROD_0167,2024-01-25,131,67203,Online,Completed
SO_100770,CUST_0338,PROD_0078,2024-09-03,274,183854,Online,Completed
SO_100771,CUST_0253,PROD_0085,2024-03-13,115,80960,Direct,Cancelled
SO_100772,CUST_0338,PROD_0284,2024-10-24,52,51844,Direct,Cancelled
SO_100773,CUST_0315,PROD_0173,2024-01-24,219,211992,Direct,Cancelled
SO_100774,CUST_0053,PROD_0230,2024-03-01,114,98952,Distributor,Pending
SO_100775,CUST_0110,PROD_0093,2024-01-28,123,76014,Distributor,Pending
SO_100776,CUST_0325,PROD_0018,2024-08-03,256,204800,Distributor,Cancelled
SO_100777,CUST_0356,PROD_0126,2024-03-03,422,274722,Direct,Pending
SO_100778,CUST_0193,PROD_0217,2024-11-02,32,3392,Direct,Pending
SO_100779,CUST_0431,PROD_0208,2024-11-05,205,196800,Direct,Completed
SO_100780,CUST_0084,PROD_0013,2024-08-09,260,235300,Distributor,Pending
SO_100781,CUST_0066,PROD_0074,2024-03-06,224,28224,Online,Cancelled
SO_100782,CUST_0499,PROD_0034,2024-05-19,397,367225,Direct,Pending
SO_100783,CUST_0064,PROD_0109,2024-09-05,311,57535,Online,Pending
SO_100784,CUST_0032,PROD_0007,2024-09-04,479,140347,Direct,Pending
SO_100785,CUST_0238,PROD_0133,2024-09-14,76,57000,Distributor,Pending
SO_100786,CUST_0116,PROD_0056,2024-04-19,484,306372,Online,Cancelled
SO_100787,CUST_0423,PROD_0057,2024-01-08,330,330000,Distributor,Completed
SO_100788,CUST_0465,PROD_0163,2024-02-20,341,43307,Direct,Completed
SO_100789,CUST_0238,PROD_0119,2024-12-10,415,257300,Online,Cancelled
SO_100790,CUST_0325,PROD_0241,2024-08-07,341,81158,Online,Cancelled
SO_100791,CUST_0441,PROD_0007,2024-02-22,499,177145,Distributor,Pending
SO_100792,CUST_0139,PROD_0177,2024-03-19,95,15675,Online,Cancelled
SO_100793,CUST_0404,PROD_0128,2024-01-13,390,324090,Online,Cancelled
SO_100794,CUST_0243,PROD_0290,2024-11-26,47,10810,Direct,Pending
SO_100795,CUST_0176,PROD_0115,2024-06-23,72,65880,Online,Pending
SO_100796,CUST_0028,PROD_0036,2024-05-30,262,36418,Distributor,Cancelled
SO_100797,CUST_0268,PROD_0035,2024-10-22,391,295205,Distributor,Completed
SO_100798,CUST_0401,PROD_0130,2024-11-14,245,42875,Distributor,Pending
SO_100799,CUST_0330,PROD_0072,2024-10-29,289,68204,Online,Cancelled
SO_100800,CUST_0252,PROD_0220,2024-05-20,144,99072,Online,Completed
SO_100801,CUST_0453,PROD_0014,2024-03-28,344,224288,Online,Completed
SO_100802,CUST_0327,PROD_0076,2024-03-17,44,19052,Distributor,Cancelled
SO_100803,CUST_0465,PROD_0198,2024-04-27,498,486048,Online,Pending
SO_100804,CUST_0479,PROD_0256,2024-03-07,31,15655,Online,Pending
SO_100805,CUST_0481,PROD_0249,2024-02-10,250,231000,Direct,Cancelled
SO_100806,CUST_0451,PROD_0191,2024-05-01,495,411840,Online,Cancelled
SO_100807,CUST_0450,PROD_0259,2024-01-01,297,290466,Direct,Pending
SO_100808,CUST_0055,PROD_0051,2024-10-12,133,77539,Online,Cancelled
SO_100809,CUST_0165,PROD_0062,2024-06-03,222,127872,Direct,Cancelled
SO_100810,CUST_0212,PROD_0229,2024-07-10,96,42240,Direct,Completed
SO_100811,CUST_0194,PROD_0184,2024-03-05,317,265963,Online,Pending
SO_100812,CUST_0303,PROD_0002,2024-06-25,40,19160,Distributor,Pending
SO_100813,CUST_0448,PROD_0249,2024-10-28,350,164150,Distributor,Completed
SO_100814,CUST_0084,PROD_0200,2024-06-23,63,12789,Distributor,Pending
SO_100815,CUST_0106,PROD_0022,2024-08-01,333,38295,Online,Cancelled
SO_100816,CUST_0207,PROD_0073,2024-07-10,341,187209,Direct,Pending
SO_100817,CUST_0240,PROD_0158,2024-11-09,181,167606,Online,Cancelled
SO_100818,CUST_0237,PROD_0271,2024-07-01,487,412489,Online,Completed
SO_100819,CUST_0221,PROD_0284,2024-01-10,414,75348,Online,Pending
SO_100820,CUST_0324,PROD_0102,2024-02-24,277,50691,Direct,Cancelled
SO_100821,CUST_0394,PROD_0197,2024-09-19,249,172806,Distributor,Pending
SO_100822,CUST_0381,PROD_0026,2024-11-22,332,316728,Online,Pending
SO_100823,CUST_0499,PROD_0261,2024-09-21,184,106720,Direct,Completed
SO_100824,CUST_0424,PROD_0255,2024-02-12,97,67221,Online,Completed
SO_100825,CUST_0032,PROD_0273,2024-08-14,210,49770,Direct,Completed
SO_100826,CUST_0221,PROD_0152,2024-06-10,206,158620,Direct,Cancelled
SO_100827,CUST_0277,PROD_0294,2024-07-29,129,30315,Distributor,Cancelled
SO_100828,CUST_0281,PROD_0010,2024-09-25,105,57855,Direct,Cancelled
SO_100829,CUST_0165,PROD_0286,2024-11-12,436,209280,Direct,Pending
SO_100830,CUST_0460,PROD_0071,2024-02-23,145,58870,Direct,Pending
SO_100831,CUST_0371,PROD_0178,2024-06-28,77,15092,Distributor,Pending
SO_100832,CUST_0043,PROD_0121,2024-11-28,215,199950,Distributor,Cancelled
SO_100833,CUST_0445,PROD_0007,2024-04-27,71,14839,Distributor,Completed
SO_100834,CUST_0379,PROD_0212,2024-01-17,302,124122,Direct,Completed
SO_100835,CUST_0106,PROD_0198,2024-05-16,160,39680,Distributor,Cancelled
SO_100836,CUST_0003,PROD_0267,2024-10-30,342,247266,Distributor,Pending
SO_100837,CUST_0481,PROD_0147,2024-08-19,74,60532,Online,Pending
SO_100838,CUST_0404,PROD_0240,2024-07-24,150,40800,Distributor,Pending
SO_100839,CUST_0047,PROD_0215,2024-01-17,264,118272,Direct,Cancelled
SO_100840,CUST_0211,PROD_0280,2024-06-21,112,80640,Online,Pending
SO_100841,CUST_0290,PROD_0176,2024-12-20,139,108559,Online,Pending
SO_100842,CUST_0489,PROD_0046,2024-11-23,361,168226,Online,Pending
SO_100843,CUST_0230,PROD_0248,2024-01-24,312,84240,Distributor,Cancelled
SO_100844,CUST_0056,PROD_0003,2024-08-08,302,297772,Online,Completed
SO_100845,CUST_0443,PROD_0290,2024-12-19,100,97800,Distributor,Completed
SO_100846,CUST_0368,PROD_0238,2024-06-02,32,20256,Online,Pending
SO_100847,CUST_0342,PROD_0040,2024-06-08,307,183893,Online,Cancelled
SO_100848,CUST_0144,PROD_0076,2024-08-04,106,21836,Online,Pending
SO_100849,CUST_0323,PROD_0257,2024-04-02,194,139874,Direct,Pending
SO_100850,CUST_0028,PROD_0028,2024-10-30,380,218120,Direct,Completed
SO_100851,CUST_0283,PROD_0106,2024-12-22,33,6534,Online,Cancelled
SO_100852,CUST_0174,PROD_0023,2024-10-30,472,121304,Distributor,Cancelled
SO_100853,CUST_0377,PROD_0208,2024-09-13,121,60137,Direct,Pending
SO_100854,CUST_0478,PROD_0207,2024-10-17,375,194250,Online,Completed
SO_100855,CUST_0495,PROD_0293,2024-11-25,74,57054,Online,Cancelled
SO_100856,CUST_0162,PROD_0004,2024-08-12,58,49938,Online,Cancelled
SO_100857,CUST_0439,PROD_0065,2024-12-05,119,99603,Distributor,Pending
SO_100858,CUST_0127,PROD_0242,2024-11-16,473,261096,Distributor,Pending
SO_100859,CUST_0095,PROD_0015,2024-11-02,67,57017,Distributor,Cancelled
SO_100860,CUST_0293,PROD_0155,2024-07-14,347,268925,Distributor,Completed
SO_100861,CUST_0172,PROD_0294,2024-03-04,264,110616,Direct,Cancelled
SO_100862,CUST_0403,PROD_0005,2024-04-03,154,150612,Online,Completed
SO_100863,CUST_0267,PROD_0298,2024-05-23,134,118322,Direct,Pending
SO_100864,CUST_0060,PROD_0089,2024-01-06,407,103785,Direct,Cancelled
SO_100865,CUST_0015,PROD_0118,2024-09-27,289,260100,Distributor,Pending
SO_100866,CUST_0123,PROD_0155,2024-06-24,292,287036,Distributor,Completed
SO_100867,CUST_0354,PROD_0202,2024-07-03,181,164348,Distributor,Completed
SO_100868,CUST_0261,PROD_0178,2024-03-25,100,87900,Distributor,Completed
SO_100869,CUST_0259,PROD_0057,2024-01-07,280,247800,Direct,Pending
SO_100870,CUST_0273,PROD_0283,2024-07-09,44,34320,Direct,Cancelled
SO_100871,CUST_0247,PROD_0181,2024-09-28,255,236640,Direct,Completed
SO_100872,CUST_0289,PROD_0085,2024-10-15,293,68269,Online,Pending
SO_100873,CUST_0383,PROD_0136,2024-05-25,405,151875,Direct,Completed
SO_100874,CUST_0014,PROD_0092,2024-08-15,379,211861,Direct,Completed
SO_100875,CUST_0027,PROD_0150,2024-03-11,279,207297,Distributor,Cancelled
SO_100876,CUST_0064,PROD_0022,2024-08-09,468,348660,Online,Cancelled
SO_100877,CUST_0209,PROD_0256,2024-04-04,336,110880,Online,Pending
SO_100878,CUST_0416,PROD_0055,2024-03-20,267,201585,Direct,Completed
SO_100879,CUST_0216,PROD_0130,2024-02-10,28,17696,Distributor,Pending
SO_100880,CUST_0177,PROD_0142,2024-03-29,495,366300,Direct,Pending
SO_100881,CUST_0125,PROD_0199,2024-06-19,439,171210,Direct,Cancelled
SO_100882,CUST_0345,PROD_0047,2024-11-26,460,143060,Direct,Completed
SO_100883,CUST_0027,PROD_0018,2024-10-19,191,131790,Online,Completed
SO_100884,CUST_0372,PROD_0178,2024-12-01,499,156187,Online,Completed
SO_100885,CUST_0075,PROD_0211,2024-10-16,329,175686,Distributor,Completed
SO_100886,CUST_0472,PROD_0278,2024-12-19,95,84455,Distributor,Cancelled
SO_100887,CUST_0204,PROD_0130,2024-10-27,115,69690,Online,Cancelled
SO_100888,CUST_0363,PROD_0051,2024-05-15,317,198759,Direct,Pending
SO_100889,CUST_0195,PROD_0183,2024-10-15,205,179990,Direct,Cancelled
SO_100890,CUST_0020,PROD_0298,2024-02-22,32,32000,Online,Completed
SO_100891,CUST_0112,PROD_0292,2024-12-14,460,354660,Online,Cancelled
SO_100892,CUST_0169,PROD_0076,2024-06-11,67,19229,Direct,Cancelled
SO_100893,CUST_0003,PROD_0068,2024-07-14,462,113190,Online,Completed
SO_100894,CUST_0254,PROD_0011,2024-03-27,327,49377,Direct,Cancelled
SO_100895,CUST_0102,PROD_0178,2024-06-13,202,43228,Online,Completed
SO_100896,CUST_0299,PROD_0165,2024-08-14,95,31920,Distributor,Completed
SO_100897,CUST_0451,PROD_0138,2024-02-10,230,91080,Online,Pending
SO_100898,CUST_0075,PROD_0267,2024-04-01,375,164625,Direct,Cancelled
SO_100899,CUST_0363,PROD_0217,2024-03-08,288,223200,Online,Completed
SO_100900,CUST_0099,PROD_0175,2024-06-14,499,431136,Distributor,Pending
SO_100901,CUST_0446,PROD_0203,2024-09-27,42,15078,Online,Completed
SO_100902,CUST_0365,PROD_0142,2024-01-10,293,92295,Distributor,Cancelled
SO_100903,CUST_0089,PROD_0239,2024-09-17,309,293241,Online,Pending
SO_100904,CUST_0048,PROD_0027,2024-09-09,396,149688,Distributor,Pending
SO_100905,CUST_0056,PROD_0032,2024-12-15,497,166495,Online,Cancelled
SO_100906,CUST_0457,PROD_0135,2024-06-26,410,329640,Online,Pending
SO_100907,CUST_0209,PROD_0294,2024-07-31,402,258888,Online,Cancelled
SO_100908,CUST_0380,PROD_0186,2024-12-09,290,120060,Direct,Pending
SO_100909,CUST_0250,PROD_0169,2024-06-22,373,260354,Online,Cancelled
SO_100910,CUST_0167,PROD_0029,2024-09-10,250,41750,Online,Pending
SO_100911,CUST_0373,PROD_0229,2024-04-02,256,49664,Online,Completed
SO_100912,CUST_0484,PROD_0271,2024-01-19,224,75488,Direct,Completed
SO_100913,CUST_0062,PROD_0145,2024-10-28,196,164248,Direct,Completed
SO_100914,CUST_0275,PROD_0229,2024-10-21,363,263175,Distributor,Completed
SO_100915,CUST_0127,PROD_0059,2024-08-25,79,77262,Distributor,Completed
SO_100916,CUST_0159,PROD_0195,2024-08-02,264,26664,Online,Cancelled
SO_100917,CUST_0188,PROD_0149,2024-01-19,336,122640,Online,Pending
SO_100918,CUST_0430,PROD_0042,2024-09-01,331,199924,Direct,Completed
SO_100919,CUST_0337,PROD_0226,2024-09-24,46,7406,Online,Completed
SO_100920,CUST_0157,PROD_0138,2024-10-30,463,193534,Direct,Completed
SO_100921,CUST_0495,PROD_0256,2024-10-11,261,257085,Online,Completed
SO_100922,CUST_0085,PROD_0012,2024-06-23,177,114519,Direct,Pending
SO_100923,CUST_0487,PROD_0133,2024-11-25,212,144796,Distributor,Cancelled
SO_100924,CUST_0462,PROD_0126,2024-07-31,377,228839,Direct,Cancelled
SO_100925,CUST_0197,PROD_0049,2024-08-28,59,11092,Online,Completed
SO_100926,CUST_0280,PROD_0251,2024-04-08,203,78967,Distributor,Cancelled
SO_100927,CUST_0416,PROD_0227,2024-03-09,484,196988,Distributor,Pending
SO_100928,CUST_0129,PROD_0168,2024-03-26,257,36494,Direct,Cancelled
SO_100929,CUST_0329,PROD_0112,2024-02-27,210,198240,Distributor,Completed
SO_100930,CUST_0175,PROD_0101,2024-12-27,286,33748,Distributor,Pending
SO_100931,CUST_0494,PROD_0158,2024-05-16,369,334683,Online,Pending
SO_100932,CUST_0063,PROD_0025,2024-01-29,100,92400,Distributor,Completed
SO_100933,CUST_0018,PROD_0037,2024-12-28,94,26508,Distributor,Pending
SO_100934,CUST_0012,PROD_0193,2024-12-10,422,172598,Distributor,Pending
SO_100935,CUST_0225,PROD_0028,2024-06-22,368,92000,Distributor,Cancelled
SO_100936,CUST_0226,PROD_0036,2024-02-16,384,185472,Online,Cancelled
SO_100937,CUST_0392,PROD_0046,2024-08-18,169,64220,Distributor,Completed
SO_100938,CUST_0153,PROD_0274,2024-07-22,223,197132,Direct,Completed
SO_100939,CUST_0170,PROD_0185,2024-07-22,313,256660,Distributor,Completed
SO_100940,CUST_0401,PROD_0096,2024-11-11,177,159300,Distributor,Cancelled
SO_100941,CUST_0052,PROD_0112,2024-02-25,100,86800,Online,Completed
SO_100942,CUST_0426,PROD_0228,2024-10-09,408,283968,Direct,Pending
SO_100943,CUST_0466,PROD_0037,2024-04-27,154,33880,Online,Completed
SO_100944,CUST_0009,PROD_0003,2024-11-21,431,189640,Direct,Cancelled
SO_100945,CUST_0053,PROD_0173,2024-07-11,322,97244,Direct,Pending
SO_100946,CUST_0478,PROD_0234,2024-03-25,29,27956,Direct,Pending
SO_100947,CUST_0116,PROD_0086,2024-11-19,109,21255,Direct,Pending
SO_100948,CUST_0014,PROD_0248,2024-03-20,278,173194,Distributor,Pending
SO_100949,CUST_0330,PROD_0085,2024-03-27,350,157500,Online,Completed
SO_100950,CUST_0227,PROD_0181,2024-11-02,156,106236,Online,Completed
SO_100951,CUST_0161,PROD_0027,2024-12-09,111,61716,Distributor,Pending
SO_100952,CUST_0474,PROD_0164,2024-12-02,165,98505,Direct,Pending
SO_100953,CUST_0032,PROD_0202,2024-09-03,132,74316,Direct,Completed
SO_100954,CUST_0431,PROD_0116,2024-02-24,170,102000,Online,Completed
SO_100955,CUST_0368,PROD_0054,2024-02-29,424,392200,Distributor,Cancelled
SO_100956,CUST_0106,PROD_0048,2024-07-09,432,267840,Online,Cancelled
SO_100957,CUST_0150,PROD_0056,2024-07-19,281,156236,Distributor,Pending
SO_100958,CUST_0075,PROD_0186,2024-11-11,196,110348,Distributor,Pending
SO_100959,CUST_0456,PROD_0074,2024-02-21,196,138964,Online,Cancelled
SO_100960,CUST_0092,PROD_0155,2024-05-04,110,37620,Online,Pending
SO_100961,CUST_0253,PROD_0213,2024-03-31,64,22656,Online,Cancelled
SO_100962,CUST_0048,PROD_0003,2024-09-21,293,288019,Online,Completed
SO_100963,CUST_0080,PROD_0230,2024-05-06,191,117465,Online,Completed
SO_100964,CUST_0264,PROD_0297,2024-07-12,402,357780,Online,Pending
SO_100965,CUST_0316,PROD_0294,2024-09-06,43,34400,Distributor,Completed
SO_100966,CUST_0337,PROD_0106,2024-02-03,359,349666,Distributor,Pending
SO_100967,CUST_0077,PROD_0223,2024-01-30,269,119974,Distributor,Cancelled
SO_100968,CUST_0276,PROD_0106,2024-06-02,306,147186,Direct,Cancelled
SO_100969,CUST_0487,PROD_0122,2024-08-11,481,375661,Distributor,Completed
SO_100970,CUST_0159,PROD_0009,2024-03-02,27,20142,Distributor,Completed
SO_100971,CUST_0219,PROD_0251,2024-05-09,278,97578,Direct,Pending
SO_100972,CUST_0433,PROD_0053,2024-08-27,21,2604,Distributor,Pending
SO_100973,CUST_0061,PROD_0038,2024-08-04,362,359466,Online,Cancelled
SO_100974,CUST_0488,PROD_0189,2024-03-31,146,24966,Direct,Cancelled
SO_100975,CUST_0026,PROD_0212,2024-01-24,138,96462,Online,Completed
SO_100976,CUST_0385,PROD_0232,2024-11-07,174,161994,Direct,Completed
SO_100977,CUST_0461,PROD_0092,2024-07-11,379,310780,Online,Completed
SO_100978,CUST_0002,PROD_0039,2024-10-25,248,30256,Direct,Completed
SO_100979,CUST_0221,PROD_0262,2024-01-11,194,143560,Direct,Pending
SO_100980,CUST_0351,PROD_0290,2024-09-08,113,63845,Direct,Completed
SO_100981,CUST_0264,PROD_0226,2024-12-23,464,158688,Online,Pending
SO_100982,CUST_0046,PROD_0002,2024-03-09,452,328152,Online,Cancelled
SO_100983,CUST_0420,PROD_0016,2024-12-01,412,325892,Online,Cancelled
SO_100984,CUST_0158,PROD_0196,2024-03-20,123,100614,Distributor,Pending
SO_100985,CUST_0471,PROD_0215,2024-08-03,339,247470,Direct,Cancelled
SO_100986,CUST_0269,PROD_0258,2024-07-06,250,142500,Distributor,Cancelled
SO_100987,CUST_0169,PROD_0048,2024-03-31,431,81028,Online,Completed
SO_100988,CUST_0184,PROD_0287,2024-08-07,336,140784,Direct,Cancelled
SO_100989,CUST_0454,PROD_0286,2024-11-14,352,133760,Distributor,Cancelled
SO_100990,CUST_0021,PROD_0194,2024-11-27,181,150592,Distributor,Completed
SO_100991,CUST_0004,PROD_0024,2024-01-29,293,242018,Direct,Completed
SO_100992,CUST_0102,PROD_0216,2024-01-23,370,284900,Online,Cancelled
SO_100993,CUST_0044,PROD_0035,2024-11-06,299,242788,Direct,Pending
SO_100994,CUST_0269,PROD_0037,2024-06-24,399,204288,Online,Cancelled
SO_100995,CUST_0435,PROD_0268,2024-10-15,437,434378,Direct,Completed
SO_100996,CUST_0012,PROD_0260,2024-10-29,64,28096,Direct,Completed
SO_100997,CUST_0022,PROD_0091,2024-04-25,135,114885,Distributor,Pending
SO_100998,CUST_0252,PROD_0243,2024-12-18,249,243273,Direct,Pending
SO_100999,CUST_0195,PROD_0007,2024-05-01,121,93049,Direct,Pending
SO_101000,CUST_0227,PROD_0058,2024-02-08,491,107038,Distributor,Completed
SO_101001,CUST_0258,PROD_0008,2024-12-24,181,115297,Distributor,Cancelled
SO_101002,CUST_0144,PROD_0250,2024-05-01,472,379488,Distributor,Cancelled
SO_101003,CUST_0493,PROD_0059,2024-02-09,95,62510,Online,Completed
SO_101004,CUST_0383,PROD_0166,2024-04-27,217,213311,Direct,Completed
SO_101005,CUST_0458,PROD_0198,2024-10-24,318,56922,Online,Completed
SO_101006,CUST_0386,PROD_0252,2024-11-05,440,270160,Distributor,Cancelled
SO_101007,CUST_0427,PROD_0181,2024-01-01,68,46376,Online,Completed
SO_101008,CUST_0364,PROD_0078,2024-09-05,44,15664,Distributor,Cancelled
SO_101009,CUST_0245,PROD_0049,2024-10-12,137,19317,Distributor,Completed
SO_101010,CUST_0190,PROD_0293,2024-09-16,173,105011,Online,Completed
SO_101011,CUST_0181,PROD_0179,2024-01-22,300,231600,Direct,Completed
SO_101012,CUST_0136,PROD_0294,2024-12-09,254,223266,Online,Cancelled
SO_101013,CUST_0139,PROD_0081,2024-08-04,481,305435,Distributor,Cancelled
SO_101014,CUST_0218,PROD_0215,2024-08-22,143,70356,Distributor,Pending
SO_101015,CUST_0031,PROD_0047,2024-08-26,257,223847,Distributor,Pending
SO_101016,CUST_0443,PROD_0174,2024-01-17,388,231248,Online,Cancelled
SO_101017,CUST_0263,PROD_0072,2024-12-31,60,33300,Direct,Completed
SO_101018,CUST_0350,PROD_0259,2024-01-19,98,80164,Distributor,Pending
SO_101019,CUST_0140,PROD_0029,2024-12-28,176,144496,Distributor,Pending
SO_101020,CUST_0084,PROD_0232,2024-01-28,399,192717,Online,Cancelled
SO_101021,CUST_0176,PROD_0127,2024-11-25,445,157085,Direct,Completed
SO_101022,CUST_0458,PROD_0050,2024-11-04,132,119856,Direct,Pending
SO_101023,CUST_0057,PROD_0075,2024-04-27,500,197000,Online,Completed
SO_101024,CUST_0215,PROD_0050,2024-04-19,308,192192,Distributor,Pending
SO_101025,CUST_0271,PROD_0075,2024-02-06,322,105938,Direct,Pending
SO_101026,CUST_0034,PROD_0163,2024-05-06,19,9956,Distributor,Cancelled
SO_101027,CUST_0059,PROD_0144,2024-07-31,431,49134,Distributor,Pending
SO_101028,CUST_0156,PROD_0179,2024-01-24,288,177408,Distributor,Cancelled
SO_101029,CUST_0013,PROD_0071,2024-01-02,438,249222,Distributor,Cancelled
SO_101030,CUST_0400,PROD_0096,2024-05-14,325,316550,Distributor,Cancelled
SO_101031,CUST_0133,PROD_0183,2024-07-07,38,11324,Online,Cancelled
SO_101032,CUST_0020,PROD_0071,2024-06-29,25,17825,Distributor,Cancelled
SO_101033,CUST_0338,PROD_0043,2024-12-14,125,27250,Direct,Cancelled
SO_101034,CUST_0356,PROD_0251,2024-11-08,383,350062,Direct,Cancelled
SO_101035,CUST_0303,PROD_0240,2024-10-14,32,29984,Distributor,Pending
SO_101036,CUST_0384,PROD_0145,2024-11-14,337,207592,Distributor,Completed
SO_101037,CUST_0310,PROD_0135,2024-11-15,235,101755,Direct,Cancelled
SO_101038,CUST_0037,PROD_0137,2024-12-25,101,88375,Online,Cancelled
SO_101039,CUST_0017,PROD_0109,2024-09-18,289,205768,Online,Pending
SO_101040,CUST_0385,PROD_0300,2024-10-27,211,123224,Direct,Completed
SO_101041,CUST_0191,PROD_0253,2024-09-16,131,104931,Distributor,Pending
SO_101042,CUST_0008,PROD_0253,2024-10-10,21,19110,Direct,Cancelled
SO_101043,CUST_0243,PROD_0138,2024-09-27,193,185473,Distributor,Pending
SO_101044,CUST_0482,PROD_0224,2024-06-15,31,25916,Direct,Cancelled
SO_101045,CUST_0166,PROD_0135,2024-10-25,70,9380,Distributor,Pending
SO_101046,CUST_0261,PROD_0188,2024-03-13,277,251516,Direct,Completed
SO_101047,CUST_0249,PROD_0021,2024-01-12,193,90517,Distributor,Cancelled
SO_101048,CUST_0483,PROD_0052,2024-02-05,84,81564,Online,Completed
SO_101049,CUST_0314,PROD_0153,2024-08-24,145,80475,Online,Completed
SO_101050,CUST_0398,PROD_0042,2024-08-15,494,159562,Direct,Pending
SO_101051,CUST_0479,PROD_0048,2024-07-09,25,5050,Distributor,Completed
SO_101052,CUST_0085,PROD_0194,2024-03-27,47,43052,Direct,Completed
SO_101053,CUST_0242,PROD_0054,2024-11-24,48,17568,Direct,Pending
SO_101054,CUST_0346,PROD_0040,2024-05-18,226,178766,Online,Cancelled
SO_101055,CUST_0310,PROD_0191,2024-08-06,45,42930,Distributor,Cancelled
SO_101056,CUST_0312,PROD_0179,2024-10-17,156,16224,Direct,Cancelled
SO_101057,CUST_0466,PROD_0252,2024-08-14,204,31212,Online,Cancelled
SO_101058,CUST_0213,PROD_0112,2024-04-04,367,314886,Distributor,Completed
SO_101059,CUST_0270,PROD_0136,2024-02-04,224,164640,Distributor,Pending
SO_101060,CUST_0461,PROD_0123,2024-09-11,402,256878,Distributor,Pending
SO_101061,CUST_0335,PROD_0077,2024-09-30,278,235744,Online,Cancelled
SO_101062,CUST_0023,PROD_0294,2024-08-04,365,116800,Direct,Completed
SO_101063,CUST_0183,PROD_0190,2024-06-02,95,15865,Distributor,Pending
SO_101064,CUST_0205,PROD_0236,2024-10-13,382,234548,Direct,Cancelled
SO_101065,CUST_0033,PROD_0051,2024-10-10,393,288069,Distributor,Pending
SO_101066,CUST_0242,PROD_0181,2024-12-12,91,74438,Distributor,Completed
SO_101067,CUST_0128,PROD_0236,2024-03-18,395,235025,Online,Cancelled
SO_101068,CUST_0233,PROD_0055,2024-12-24,101,67670,Online,Completed
SO_101069,CUST_0088,PROD_0051,2024-11-04,262,75980,Online,Completed
SO_101070,CUST_0107,PROD_0003,2024-06-28,439,402124,Direct,Cancelled
SO_101071,CUST_0307,PROD_0220,2024-05-27,378,131166,Direct,Completed
SO_101072,CUST_0478,PROD_0121,2024-02-25,353,87191,Direct,Completed
SO_101073,CUST_0187,PROD_0064,2024-01-29,345,114195,Direct,Pending
SO_101074,CUST_0459,PROD_0205,2024-04-18,303,66660,Online,Cancelled
SO_101075,CUST_0491,PROD_0089,2024-01-09,292,259880,Online,Completed
SO_101076,CUST_0083,PROD_0119,2024-12-17,350,68950,Online,Completed
SO_101077,CUST_0344,PROD_0278,2024-02-01,22,15906,Online,Pending
SO_101078,CUST_0290,PROD_0261,2024-02-17,379,197838,Distributor,Cancelled
SO_101079,CUST_0409,PROD_0055,2024-12-02,499,461076,Direct,Cancelled
SO_101080,CUST_0194,PROD_0232,2024-06-01,189,83727,Online,Cancelled
SO_101081,CUST_0371,PROD_0254,2024-12-23,301,157423,Direct,Completed
SO_101082,CUST_0406,PROD_0221,2024-01-04,288,167616,Direct,Completed
SO_101083,CUST_0376,PROD_0263,2024-03-30,242,167706,Direct,Completed
SO_101084,CUST_0243,PROD_0201,2024-07-12,450,419400,Online,Cancelled
SO_101085,CUST_0345,PROD_0045,2024-07-30,388,303028,Online,Completed
SO_101086,CUST_0056,PROD_0290,2024-03-30,318,74412,Online,Pending
SO_101087,CUST_0143,PROD_0185,2024-10-22,480,371520,Distributor,Completed
SO_101088,CUST_0463,PROD_0268,2024-06-27,405,221130,Direct,Cancelled
SO_101089,CUST_0051,PROD_0241,2024-12-05,38,4978,Distributor,Pending
SO_101090,CUST_0273,PROD_0024,2024-12-16,414,224802,Direct,Pending
SO_101091,CUST_0088,PROD_0229,2024-12-14,356,322892,Distributor,Pending
SO_101092,CUST_0229,PROD_0017,2024-12-31,182,48776,Online,Completed
SO_101093,CUST_0358,PROD_0060,2024-12-10,314,295788,Direct,Cancelled
SO_101094,CUST_0222,PROD_0263,2024-11-01,374,72556,Direct,Completed
SO_101095,CUST_0097,PROD_0270,2024-08-27,22,3718,Distributor,Pending
SO_101096,CUST_0279,PROD_0220,2024-01-21,67,28408,Direct,Pending
SO_101097,CUST_0308,PROD_0027,2024-07-28,157,41762,Direct,Pending
SO_101098,CUST_0104,PROD_0004,2024-10-15,18,4734,Distributor,Pending
SO_101099,CUST_0215,PROD_0170,2024-04-29,333,62604,Distributor,Cancelled
SO_101100,CUST_0097,PROD_0100,2024-07-05,154,136598,Distributor,Pending
SO_101101,CUST_0124,PROD_0144,2024-08-26,22,9856,Distributor,Pending
SO_101102,CUST_0117,PROD_0269,2024-01-03,275,178200,Distributor,Completed
SO_101103,CUST_0493,PROD_0209,2024-06-04,326,242218,Distributor,Cancelled
SO_101104,CUST_0125,PROD_0022,2024-04-04,61,52033,Distributor,Cancelled
SO_101105,CUST_0036,PROD_0281,2024-07-05,90,58050,Distributor,Completed
SO_101106,CUST_0181,PROD_0271,2024-05-07,245,172480,Distributor,Cancelled
SO_101107,CUST_0001,PROD_0164,2024-09-23,257,151630,Distributor,Pending
SO_101108,CUST_0290,PROD_0121,2024-10-30,430,397750,Direct,Completed
SO_101109,CUST_0394,PROD_0148,2024-11-08,179,170587,Distributor,Completed
SO_101110,CUST_0296,PROD_0211,2024-05-10,404,127260,Direct,Completed
SO_101111,CUST_0380,PROD_0171,2024-03-16,414,357696,Online,Pending
SO_101112,CUST_0405,PROD_0066,2024-11-09,418,144210,Online,Cancelled
SO_101113,CUST_0103,PROD_0001,2024-10-03,378,41202,Distributor,Completed
SO_101114,CUST_0327,PROD_0293,2024-04-09,114,95418,Online,Pending
SO_101115,CUST_0385,PROD_0227,2024-05-07,45,38160,Distributor,Pending
SO_101116,CUST_0202,PROD_0186,2024-05-12,382,66468,Distributor,Pending
SO_101117,CUST_0155,PROD_0032,2024-02-05,71,30175,Online,Cancelled
SO_101118,CUST_0208,PROD_0180,2024-04-14,62,29450,Distributor,Pending
SO_101119,CUST_0254,PROD_0056,2024-09-02,245,61250,Direct,Completed
SO_101120,CUST_0389,PROD_0082,2024-06-13,383,167371,Online,Cancelled
SO_101121,CUST_0368,PROD_0107,2024-01-26,220,32340,Distributor,Pending
SO_101122,CUST_0397,PROD_0066,2024-10-24,84,54936,Direct,Pending
SO_101123,CUST_0397,PROD_0104,2024-11-15,425,415225,Online,Completed
SO_101124,CUST_0118,PROD_0200,2024-08-23,476,236096,Direct,Completed
SO_101125,CUST_0100,PROD_0201,2024-05-31,289,266458,Direct,Cancelled
SO_101126,CUST_0029,PROD_0026,2024-04-05,64,22784,Direct,Completed
SO_101127,CUST_0018,PROD_0061,2024-08-08,154,130284,Distributor,Completed
SO_101128,CUST_0087,PROD_0063,2024-01-18,250,104250,Direct,Completed
SO_101129,CUST_0471,PROD_0090,2024-03-06,96,95040,Online,Completed
SO_101130,CUST_0178,PROD_0154,2024-05-11,50,27600,Distributor,Completed
SO_101131,CUST_0383,PROD_0278,2024-05-01,157,32656,Distributor,Pending
SO_101132,CUST_0223,PROD_0065,2024-12-03,190,35340,Distributor,Pending
SO_101133,CUST_0097,PROD_0165,2024-08-18,348,277356,Distributor,Pending
SO_101134,CUST_0156,PROD_0022,2024-06-04,446,442432,Direct,Pending
SO_101135,CUST_0135,PROD_0159,2024-03-19,273,32487,Online,Pending
SO_101136,CUST_0391,PROD_0062,2024-12-12,137,75898,Direct,Completed
SO_101137,CUST_0155,PROD_0233,2024-01-21,255,124185,Distributor,Cancelled
SO_101138,CUST_0102,PROD_0150,2024-09-27,403,251875,Online,Pending
SO_101139,CUST_0489,PROD_0180,2024-02-15,235,181420,Distributor,Pending
SO_101140,CUST_0047,PROD_0016,2024-03-03,226,211762,Distributor,Completed
SO_101141,CUST_0006,PROD_0028,2024-07-19,140,36820,Direct,Cancelled
SO_101142,CUST_0007,PROD_0037,2024-01-07,30,26250,Online,Completed
SO_101143,CUST_0193,PROD_0137,2024-05-12,331,182381,Online,Completed
SO_101144,CUST_0116,PROD_0038,2024-08-13,69,42711,Direct,Completed
SO_101145,CUST_0325,PROD_0014,2024-07-15,272,221952,Direct,Pending
SO_101146,CUST_0240,PROD_0107,2024-12-01,200,94400,Online,Completed
SO_101147,CUST_0218,PROD_0092,2024-08-28,288,133920,Distributor,Cancelled
SO_101148,CUST_0101,PROD_0005,2024-04-25,221,192049,Distributor,Pending
SO_101149,CUST_0043,PROD_0148,2024-11-26,385,251020,Online,Completed
SO_101150,CUST_0371,PROD_0044,2024-06-01,186,150288,Online,Completed
SO_101151,CUST_0083,PROD_0018,2024-08-18,190,91960,Direct,Completed
SO_101152,CUST_0377,PROD_0055,2024-08-09,322,255024,Direct,Completed
SO_101153,CUST_0133,PROD_0208,2024-11-07,57,24795,Direct,Cancelled
SO_101154,CUST_0249,PROD_0170,2024-08-18,315,296100,Direct,Cancelled
SO_101155,CUST_0429,PROD_0146,2024-03-10,460,229540,Distributor,Cancelled
SO_101156,CUST_0072,PROD_0234,2024-04-23,163,156154,Direct,Completed
SO_101157,CUST_0356,PROD_0100,2024-08-11,304,255968,Distributor,Pending
SO_101158,CUST_0053,PROD_0095,2024-06-24,470,108100,Direct,Pending
SO_101159,CUST_0264,PROD_0270,2024-01-23,303,46965,Distributor,Cancelled
SO_101160,CUST_0431,PROD_0095,2024-04-27,261,79083,Direct,Pending
SO_101161,CUST_0263,PROD_0132,2024-10-29,227,160716,Distributor,Completed
SO_101162,CUST_0429,PROD_0006,2024-04-14,45,32220,Distributor,Cancelled
SO_101163,CUST_0426,PROD_0237,2024-10-26,322,58926,Direct,Pending
SO_101164,CUST_0461,PROD_0086,2024-02-11,310,201500,Direct,Completed
SO_101165,CUST_0381,PROD_0193,2024-04-01,219,42705,Direct,Cancelled
SO_101166,CUST_0265,PROD_0149,2024-04-02,344,186448,Direct,Cancelled
SO_101167,CUST_0484,PROD_0167,2024-05-20,295,43660,Distributor,Cancelled
SO_101168,CUST_0417,PROD_0167,2024-11-13,363,295119,Direct,Pending
SO_101169,CUST_0446,PROD_0039,2024-07-07,390,118950,Distributor,Completed
SO_101170,CUST_0199,PROD_0223,2024-11-11,415,245265,Direct,Pending
SO_101171,CUST_0312,PROD_0203,2024-04-14,36,28548,Direct,Completed
SO_101172,CUST_0039,PROD_0024,2024-06-23,210,42210,Direct,Completed
SO_101173,CUST_0476,PROD_0217,2024-11-22,158,38236,Online,Pending
SO_101174,CUST_0008,PROD_0056,2024-08-01,344,344000,Direct,Cancelled
SO_101175,CUST_0071,PROD_0272,2024-08-20,230,157320,Distributor,Completed
SO_101176,CUST_0299,PROD_0174,2024-11-04,190,72010,Distributor,Cancelled
SO_101177,CUST_0376,PROD_0022,2024-04-09,197,196409,Online,Completed
SO_101178,CUST_0140,PROD_0285,2024-09-01,481,154401,Direct,Cancelled
SO_101179,CUST_0170,PROD_0165,2024-06-18,77,13167,Distributor,Completed
SO_101180,CUST_0397,PROD_0101,2024-10-02,411,320169,Online,Completed
SO_101181,CUST_0262,PROD_0154,2024-10-30,378,372330,Direct,Pending
SO_101182,CUST_0056,PROD_0156,2024-08-02,224,187488,Direct,Pending
SO_101183,CUST_0428,PROD_0254,2024-09-04,39,35529,Direct,Completed
SO_101184,CUST_0331,PROD_0159,2024-07-02,121,14399,Direct,Pending
SO_101185,CUST_0243,PROD_0025,2024-06-27,92,35972,Distributor,Pending
SO_101186,CUST_0246,PROD_0255,2024-07-05,103,44908,Distributor,Completed
SO_101187,CUST_0154,PROD_0161,2024-09-04,448,328384,Distributor,Cancelled
SO_101188,CUST_0059,PROD_0082,2024-05-10,392,41160,Distributor,Pending
SO_101189,CUST_0026,PROD_0100,2024-09-08,498,111054,Direct,Cancelled
SO_101190,CUST_0263,PROD_0227,2024-09-07,247,211185,Direct,Completed
SO_101191,CUST_0003,PROD_0293,2024-04-15,447,381291,Online,Completed
SO_101192,CUST_0312,PROD_0111,2024-01-26,336,185808,Online,Pending
SO_101193,CUST_0209,PROD_0094,2024-02-02,377,245804,Distributor,Pending
SO_101194,CUST_0218,PROD_0290,2024-04-16,141,15510,Direct,Cancelled
SO_101195,CUST_0098,PROD_0034,2024-06-09,125,95500,Direct,Completed
SO_101196,CUST_0369,PROD_0133,2024-12-13,52,22308,Distributor,Pending
SO_101197,CUST_0041,PROD_0028,2024-02-15,133,44821,Direct,Completed
SO_101198,CUST_0252,PROD_0286,2024-04-14,495,288585,Online,Completed
SO_101199,CUST_0360,PROD_0005,2024-08-13,496,152768,Direct,Completed
SO_101200,CUST_0153,PROD_0112,2024-05-01,233,114869,Distributor,Cancelled
SO_101201,CUST_0187,PROD_0099,2024-01-29,462,119196,Direct,Completed
SO_101202,CUST_0301,PROD_0075,2024-04-23,167,119739,Online,Completed
SO_101203,CUST_0378,PROD_0180,2024-10-21,321,266109,Online,Completed
SO_101204,CUST_0348,PROD_0291,2024-01-19,334,312958,Online,Cancelled
SO_101205,CUST_0002,PROD_0239,2024-11-26,34,10982,Direct,Pending
SO_101206,CUST_0307,PROD_0130,2024-10-14,426,121836,Distributor,Completed
SO_101207,CUST_0151,PROD_0108,2024-09-26,63,55377,Distributor,Completed
SO_101208,CUST_0270,PROD_0236,2024-05-30,221,179894,Distributor,Completed
SO_101209,CUST_0390,PROD_0140,2024-06-03,96,24864,Direct,Pending
SO_101210,CUST_0378,PROD_0046,2024-02-23,377,365690,Direct,Completed
SO_101211,CUST_0425,PROD_0039,2024-10-29,198,182160,Online,Cancelled
SO_101212,CUST_0360,PROD_0237,2024-04-17,366,203496,Direct,Completed
SO_101213,CUST_0096,PROD_0148,2024-08-22,227,70143,Direct,Pending
SO_101214,CUST_0149,PROD_0135,2024-08-18,392,260288,Online,Completed
SO_101215,CUST_0297,PROD_0158,2024-05-02,249,179280,Distributor,Completed
SO_101216,CUST_0356,PROD_0038,2024-03-07,388,352692,Direct,Completed
SO_101217,CUST_0137,PROD_0050,2024-05-24,423,337977,Distributor,Cancelled
SO_101218,CUST_0086,PROD_0033,2024-10-12,483,87423,Direct,Completed
SO_101219,CUST_0045,PROD_0035,2024-04-10,320,80640,Direct,Completed
SO_101220,CUST_0449,PROD_0139,2024-02-24,277,254563,Distributor,Cancelled
SO_101221,CUST_0033,PROD_0206,2024-10-26,218,196200,Direct,Cancelled
SO_101222,CUST_0055,PROD_0134,2024-04-19,460,213900,Direct,Completed
SO_101223,CUST_0473,PROD_0180,2024-11-15,432,127008,Direct,Pending
SO_101224,CUST_0037,PROD_0273,2024-04-06,390,297570,Direct,Pending
SO_101225,CUST_0477,PROD_0015,2024-02-26,43,10879,Distributor,Cancelled
SO_101226,CUST_0243,PROD_0290,2024-10-14,306,40086,Direct,Cancelled
SO_101227,CUST_0396,PROD_0022,2024-11-19,33,19470,Direct,Pending
SO_101228,CUST_0404,PROD_0069,2024-01-03,229,74883,Online,Completed
SO_101229,CUST_0153,PROD_0007,2024-07-28,219,120231,Online,Pending
SO_101230,CUST_0452,PROD_0141,2024-04-26,275,215050,Online,Pending
SO_101231,CUST_0120,PROD_0099,2024-01-24,408,128520,Direct,Completed
SO_101232,CUST_0491,PROD_0276,2024-08-15,298,242572,Distributor,Pending
SO_101233,CUST_0310,PROD_0187,2024-04-08,104,79560,Direct,Pending
SO_101234,CUST_0088,PROD_0187,2024-05-18,142,35784,Online,Cancelled
SO_101235,CUST_0333,PROD_0016,2024-09-07,458,260602,Direct,Completed
SO_101236,CUST_0238,PROD_0201,2024-06-29,348,114840,Online,Pending
SO_101237,CUST_0467,PROD_0223,2024-10-07,420,98280,Distributor,Completed
SO_101238,CUST_0235,PROD_0045,2024-12-31,266,100282,Online,Completed
SO_101239,CUST_0059,PROD_0193,2024-04-11,352,271040,Online,Cancelled
SO_101240,CUST_0487,PROD_0145,2024-03-11,201,31356,Online,Cancelled
SO_101241,CUST_0350,PROD_0109,2024-11-07,368,340768,Online,Cancelled
SO_101242,CUST_0112,PROD_0284,2024-07-26,251,231673,Online,Cancelled
SO_101243,CUST_0192,PROD_0101,2024-09-07,467,184932,Direct,Completed
SO_101244,CUST_0159,PROD_0179,2024-04-22,50,41500,Distributor,Cancelled
SO_101245,CUST_0448,PROD_0240,2024-04-30,306,236232,Direct,Completed
SO_101246,CUST_0059,PROD_0279,2024-09-27,472,300664,Direct,Completed
SO_101247,CUST_0466,PROD_0207,2024-03-15,52,42276,Direct,Cancelled
SO_101248,CUST_0432,PROD_0072,2024-05-02,242,222156,Direct,Cancelled
SO_101249,CUST_0144,PROD_0059,2024-02-24,314,125286,Online,Cancelled
SO_101250,CUST_0292,PROD_0179,2024-12-26,188,131224,Online,Pending
SO_101251,CUST_0497,PROD_0099,2024-04-23,371,176967,Online,Completed
SO_101252,CUST_0379,PROD_0095,2024-10-09,253,131054,Direct,Completed
SO_101253,CUST_0322,PROD_0225,2024-07-27,131,22270,Direct,Cancelled
SO_101254,CUST_0044,PROD_0068,2024-03-07,77,38346,Distributor,Pending
SO_101255,CUST_0243,PROD_0236,2024-01-14,349,315496,Direct,Completed
SO_101256,CUST_0236,PROD_0014,2024-04-23,201,190950,Distributor,Pending
SO_101257,CUST_0476,PROD_0145,2024-05-21,264,59664,Online,Completed
SO_101258,CUST_0335,PROD_0244,2024-06-28,427,301889,Direct,Completed
SO_101259,CUST_0485,PROD_0084,2024-12-06,139,47816,Distributor,Pending
SO_101260,CUST_0023,PROD_0254,2024-08-21,274,166866,Direct,Pending
SO_101261,CUST_0349,PROD_0197,2024-09-15,340,245480,Online,Pending
SO_101262,CUST_0418,PROD_0206,2024-07-26,259,101010,Online,Cancelled
SO_101263,CUST_0111,PROD_0099,2024-10-26,19,12654,Direct,Cancelled
SO_101264,CUST_0156,PROD_0133,2024-05-07,483,401856,Direct,Completed
SO_101265,CUST_0325,PROD_0149,2024-08-05,348,257868,Distributor,Pending
SO_101266,CUST_0108,PROD_0277,2024-10-02,266,221312,Direct,Pending
SO_101267,CUST_0318,PROD_0035,2024-07-18,453,124122,Distributor,Pending
SO_101268,CUST_0225,PROD_0087,2024-11-15,287,170191,Online,Completed
SO_101269,CUST_0129,PROD_0169,2024-09-14,131,64452,Online,Completed
SO_101270,CUST_0057,PROD_0283,2024-04-14,96,29280,Direct,Completed
SO_101271,CUST_0086,PROD_0196,2024-03-16,447,363858,Direct,Pending
SO_101272,CUST_0346,PROD_0150,2024-06-06,483,79695,Direct,Pending
SO_101273,CUST_0292,PROD_0045,2024-11-20,370,182410,Direct,Pending
SO_101274,CUST_0442,PROD_0085,2024-06-06,88,79552,Online,Pending
SO_101275,CUST_0421,PROD_0037,2024-06-25,225,38925,Online,Pending
SO_101276,CUST_0061,PROD_0118,2024-11-20,329,250040,Distributor,Cancelled
SO_101277,CUST_0127,PROD_0033,2024-11-05,390,276120,Distributor,Completed
SO_101278,CUST_0265,PROD_0079,2024-07-30,82,27306,Online,Cancelled
SO_101279,CUST_0139,PROD_0252,2024-10-25,63,50841,Direct,Cancelled
SO_101280,CUST_0221,PROD_0104,2024-07-06,202,128674,Distributor,Completed
SO_101281,CUST_0428,PROD_0239,2024-02-28,455,419510,Direct,Completed
SO_101282,CUST_0467,PROD_0101,2024-04-22,131,80041,Distributor,Pending
SO_101283,CUST_0167,PROD_0181,2024-06-12,500,185500,Direct,Cancelled
SO_101284,CUST_0356,PROD_0026,2024-04-21,283,162442,Direct,Pending
SO_101285,CUST_0235,PROD_0178,2024-09-22,57,25365,Online,Completed
SO_101286,CUST_0021,PROD_0060,2024-12-29,357,285957,Online,Pending
SO_101287,CUST_0208,PROD_0252,2024-12-26,180,122220,Distributor,Pending
SO_101288,CUST_0101,PROD_0088,2024-03-16,401,261853,Online,Cancelled
SO_101289,CUST_0247,PROD_0147,2024-03-22,441,168021,Direct,Completed
SO_101290,CUST_0382,PROD_0105,2024-02-12,57,26505,Direct,Pending
SO_101291,CUST_0025,PROD_0236,2024-04-13,453,85617,Distributor,Completed
SO_101292,CUST_0120,PROD_0157,2024-08-18,158,59566,Online,Completed
SO_101293,CUST_0334,PROD_0249,2024-10-30,174,66294,Direct,Completed
SO_101294,CUST_0268,PROD_0247,2024-02-17,295,95285,Online,Cancelled
SO_101295,CUST_0356,PROD_0077,2024-06-29,274,231530,Direct,Completed
SO_101296,CUST_0174,PROD_0158,2024-05-16,354,240366,Direct,Cancelled
SO_101297,CUST_0217,PROD_0264,2024-04-09,175,133175,Online,Cancelled
SO_101298,CUST_0457,PROD_0043,2024-11-11,306,66402,Direct,Completed
SO_101299,CUST_0365,PROD_0275,2024-03-22,438,112128,Direct,Cancelled
SO_101300,CUST_0077,PROD_0216,2024-05-28,94,19082,Distributor,Cancelled
SO_101301,CUST_0254,PROD_0091,2024-12-28,108,48708,Direct,Pending
SO_101302,CUST_0065,PROD_0198,2024-01-31,401,186064,Online,Cancelled
SO_101303,CUST_0449,PROD_0299,2024-11-14,370,202390,Direct,Cancelled
SO_101304,CUST_0194,PROD_0231,2024-06-11,262,151960,Distributor,Cancelled
SO_101305,CUST_0136,PROD_0050,2024-04-11,336,298368,Direct,Completed
SO_101306,CUST_0177,PROD_0092,2024-09-24,222,100122,Distributor,Pending
SO_101307,CUST_0425,PROD_0259,2024-02-12,450,369000,Direct,Pending
SO_101308,CUST_0235,PROD_0010,2024-03-05,279,39618,Online,Completed
SO_101309,CUST_0204,PROD_0041,2024-02-20,456,182400,Online,Cancelled
SO_101310,CUST_0441,PROD_0184,2024-06-18,46,31970,Direct,Cancelled
SO_101311,CUST_0154,PROD_0229,2024-03-24,202,182608,Direct,Pending
SO_101312,CUST_0093,PROD_0234,2024-05-03,180,51480,Distributor,Completed
SO_101313,CUST_0424,PROD_0024,2024-04-21,251,47439,Online,Completed
SO_101314,CUST_0483,PROD_0106,2024-06-11,300,244800,Direct,Pending
SO_101315,CUST_0445,PROD_0210,2024-11-16,464,49648,Distributor,Cancelled
SO_101316,CUST_0441,PROD_0040,2024-02-05,373,261473,Direct,Pending
SO_101317,CUST_0344,PROD_0125,2024-01-14,453,317553,Online,Cancelled
SO_101318,CUST_0226,PROD_0020,2024-11-14,388,70228,Online,Pending
SO_101319,CUST_0318,PROD_0191,2024-01-06,388,360452,Direct,Pending
SO_101320,CUST_0093,PROD_0081,2024-05-12,235,154160,Online,Cancelled
SO_101321,CUST_0417,PROD_0170,2024-12-09,339,301032,Online,Cancelled
SO_101322,CUST_0004,PROD_0248,2024-05-07,179,22017,Direct,Pending
SO_101323,CUST_0461,PROD_0150,2024-04-26,121,52030,Direct,Completed
SO_101324,CUST_0352,PROD_0232,2024-06-10,457,81346,Distributor,Completed
SO_101325,CUST_0390,PROD_0102,2024-11-11,295,175230,Online,Pending
SO_101326,CUST_0353,PROD_0193,2024-04-23,225,211500,Distributor,Pending
SO_101327,CUST_0270,PROD_0260,2024-12-19,251,89607,Distributor,Completed
SO_101328,CUST_0199,PROD_0232,2024-04-01,338,256542,Distributor,Pending
SO_101329,CUST_0293,PROD_0225,2024-02-18,398,125768,Distributor,Completed
SO_101330,CUST_0036,PROD_0172,2024-01-14,435,281880,Distributor,Cancelled
SO_101331,CUST_0190,PROD_0224,2024-12-11,402,201402,Direct,Cancelled
SO_101332,CUST_0487,PROD_0045,2024-03-06,143,116259,Direct,Cancelled
SO_101333,CUST_0115,PROD_0188,2024-12-30,117,71838,Direct,Pending
SO_101334,CUST_0026,PROD_0123,2024-02-13,301,121303,Direct,Completed
SO_101335,CUST_0194,PROD_0094,2024-05-07,40,12720,Direct,Completed
SO_101336,CUST_0290,PROD_0236,2024-05-20,324,61236,Distributor,Pending
SO_101337,CUST_0239,PROD_0071,2024-03-24,415,339470,Direct,Pending
SO_101338,CUST_0424,PROD_0198,2024-01-19,21,2772,Online,Pending
SO_101339,CUST_0063,PROD_0095,2024-03-26,247,31616,Direct,Pending
SO_101340,CUST_0486,PROD_0179,2024-07-05,275,246950,Distributor,Cancelled
SO_101341,CUST_0417,PROD_0159,2024-03-30,190,82270,Distributor,Cancelled
SO_101342,CUST_0338,PROD_0076,2024-10-11,134,86430,Online,Completed
SO_101343,CUST_0049,PROD_0199,2024-11-14,483,396543,Distributor,Completed
SO_101344,CUST_0466,PROD_0091,2024-05-08,172,145684,Online,Completed
SO_101345,CUST_0132,PROD_0284,2024-10-26,482,51092,Direct,Pending
SO_101346,CUST_0439,PROD_0131,2024-03-29,360,135360,Distributor,Pending
SO_101347,CUST_0367,PROD_0169,2024-09-09,265,47170,Direct,Cancelled
SO_101348,CUST_0482,PROD_0262,2024-07-21,456,284544,Online,Cancelled
SO_101349,CUST_0355,PROD_0236,2024-05-13,255,85935,Direct,Pending
SO_101350,CUST_0423,PROD_0068,2024-02-20,478,405822,Distributor,Pending
SO_101351,CUST_0329,PROD_0250,2024-01-15,174,45240,Online,Pending
SO_101352,CUST_0418,PROD_0135,2024-03-17,118,82954,Online,Completed
SO_101353,CUST_0390,PROD_0110,2024-08-02,269,228919,Direct,Cancelled
SO_101354,CUST_0081,PROD_0102,2024-07-12,497,202279,Online,Completed
SO_101355,CUST_0309,PROD_0070,2024-07-01,305,93025,Distributor,Completed
SO_101356,CUST_0168,PROD_0279,2024-02-24,422,242650,Distributor,Completed
SO_101357,CUST_0021,PROD_0238,2024-01-26,88,79464,Online,Cancelled
SO_101358,CUST_0212,PROD_0232,2024-04-29,491,142390,Online,Pending
SO_101359,CUST_0268,PROD_0250,2024-06-17,178,149520,Direct,Cancelled
SO_101360,CUST_0388,PROD_0289,2024-10-11,311,114759,Direct,Cancelled
SO_101361,CUST_0384,PROD_0292,2024-09-01,203,122612,Direct,Cancelled
SO_101362,CUST_0307,PROD_0240,2024-09-15,322,118174,Direct,Completed
SO_101363,CUST_0397,PROD_0174,2024-11-23,17,9605,Distributor,Completed
SO_101364,CUST_0255,PROD_0168,2024-01-10,40,39960,Distributor,Completed
SO_101365,CUST_0104,PROD_0020,2024-02-07,64,32512,Direct,Cancelled
SO_101366,CUST_0384,PROD_0090,2024-02-14,234,68328,Distributor,Completed
SO_101367,CUST_0324,PROD_0112,2024-01-13,15,5640,Direct,Completed
SO_101368,CUST_0142,PROD_0239,2024-12-04,180,95580,Online,Cancelled
SO_101369,CUST_0356,PROD_0175,2024-08-17,50,16050,Distributor,Pending
SO_101370,CUST_0085,PROD_0075,2024-04-29,361,63175,Direct,Completed
SO_101371,CUST_0368,PROD_0280,2024-08-31,300,190200,Online,Pending
SO_101372,CUST_0150,PROD_0121,2024-03-16,253,66792,Online,Pending
SO_101373,CUST_0325,PROD_0176,2024-05-03,266,49210,Online,Cancelled
SO_101374,CUST_0143,PROD_0285,2024-05-29,189,89775,Distributor,Pending
SO_101375,CUST_0101,PROD_0171,2024-09-07,485,236680,Online,Cancelled
SO_101376,CUST_0237,PROD_0179,2024-07-09,498,143922,Distributor,Completed
SO_101377,CUST_0271,PROD_0031,2024-01-20,110,69410,Online,Pending
SO_101378,CUST_0185,PROD_0127,2024-08-21,139,68110,Direct,Completed
SO_101379,CUST_0076,PROD_0273,2024-08-22,84,52668,Direct,Pending
SO_101380,CUST_0440,PROD_0186,2024-06-18,486,354294,Direct,Cancelled
SO_101381,CUST_0140,PROD_0033,2024-07-05,357,305235,Online,Completed
SO_101382,CUST_0486,PROD_0124,2024-10-02,324,129600,Distributor,Cancelled
SO_101383,CUST_0153,PROD_0271,2024-03-18,232,26216,Online,Cancelled
SO_101384,CUST_0254,PROD_0020,2024-07-21,95,37525,Distributor,Completed
SO_101385,CUST_0219,PROD_0012,2024-09-27,213,113103,Distributor,Completed
SO_101386,CUST_0239,PROD_0171,2024-12-30,155,44795,Online,Completed
SO_101387,CUST_0499,PROD_0060,2024-09-09,245,55370,Direct,Completed
SO_101388,CUST_0258,PROD_0154,2024-11-14,491,134043,Direct,Pending
SO_101389,CUST_0256,PROD_0153,2024-10-17,257,161139,Distributor,Pending
SO_101390,CUST_0201,PROD_0288,2024-02-07,414,98118,Direct,Cancelled
SO_101391,CUST_0495,PROD_0180,2024-02-15,431,183606,Direct,Cancelled
SO_101392,CUST_0025,PROD_0181,2024-09-22,122,41236,Online,Cancelled
SO_101393,CUST_0289,PROD_0082,2024-01-17,135,70740,Online,Pending
SO_101394,CUST_0340,PROD_0043,2024-10-12,323,234821,Direct,Completed
SO_101395,CUST_0023,PROD_0118,2024-11-28,213,164010,Direct,Cancelled
SO_101396,CUST_0064,PROD_0241,2024-02-19,380,185060,Distributor,Pending
SO_101397,CUST_0405,PROD_0088,2024-10-20,168,39144,Online,Cancelled
SO_101398,CUST_0477,PROD_0185,2024-01-12,402,159594,Distributor,Pending
SO_101399,CUST_0087,PROD_0030,2024-01-17,154,64372,Online,Pending
SO_101400,CUST_0252,PROD_0151,2024-08-04,10,8200,Distributor,Completed
SO_101401,CUST_0396,PROD_0247,2024-04-19,23,8165,Distributor,Completed
SO_101402,CUST_0096,PROD_0055,2024-07-02,340,290360,Distributor,Completed
SO_101403,CUST_0111,PROD_0231,2024-06-03,363,142296,Distributor,Pending
SO_101404,CUST_0221,PROD_0145,2024-10-19,48,44400,Distributor,Completed
SO_101405,CUST_0479,PROD_0284,2024-05-11,416,374816,Direct,Completed
SO_101406,CUST_0357,PROD_0274,2024-01-09,396,383724,Direct,Cancelled
SO_101407,CUST_0133,PROD_0004,2024-01-22,322,124614,Direct,Cancelled
SO_101408,CUST_0038,PROD_0017,2024-04-19,139,116204,Distributor,Cancelled
SO_101409,CUST_0408,PROD_0220,2024-03-15,388,277808,Online,Cancelled
SO_101410,CUST_0320,PROD_0058,2024-08-08,292,277108,Direct,Cancelled
SO_101411,CUST_0291,PROD_0038,2024-12-27,47,8554,Direct,Pending
SO_101412,CUST_0443,PROD_0166,2024-07-21,265,152905,Direct,Completed
SO_101413,CUST_0016,PROD_0202,2024-12-26,166,128982,Online,Completed
SO_101414,CUST_0368,PROD_0220,2024-04-05,194,160826,Distributor,Cancelled
SO_101415,CUST_0412,PROD_0054,2024-10-14,317,154696,Direct,Pending
SO_101416,CUST_0192,PROD_0085,2024-11-25,53,38902,Distributor,Cancelled
SO_101417,CUST_0432,PROD_0059,2024-09-19,498,86154,Direct,Completed
SO_101418,CUST_0184,PROD_0234,2024-08-29,372,85188,Distributor,Pending
SO_101419,CUST_0309,PROD_0240,2024-10-08,171,170487,Distributor,Completed
SO_101420,CUST_0141,PROD_0147,2024-09-17,326,293400,Online,Completed
SO_101421,CUST_0296,PROD_0025,2024-05-03,404,176144,Direct,Pending
SO_101422,CUST_0345,PROD_0276,2024-08-16,425,387175,Direct,Pending
SO_101423,CUST_0257,PROD_0261,2024-06-24,227,79677,Online,Completed
SO_101424,CUST_0053,PROD_0134,2024-10-29,361,100719,Distributor,Pending
SO_101425,CUST_0448,PROD_0140,2024-07-16,294,241080,Direct,Cancelled
SO_101426,CUST_0244,PROD_0204,2024-03-26,452,310976,Online,Completed
SO_101427,CUST_0020,PROD_0181,2024-07-27,416,179296,Distributor,Cancelled
SO_101428,CUST_0319,PROD_0049,2024-09-28,338,87204,Online,Completed
SO_101429,CUST_0003,PROD_0300,2024-10-25,124,17980,Online,Completed
SO_101430,CUST_0388,PROD_0243,2024-03-31,315,253260,Online,Pending
SO_101431,CUST_0107,PROD_0049,2024-04-23,413,206500,Distributor,Pending
SO_101432,CUST_0266,PROD_0238,2024-06-03,21,15351,Online,Completed
SO_101433,CUST_0094,PROD_0120,2024-02-19,415,278050,Distributor,Pending
SO_101434,CUST_0053,PROD_0006,2024-12-31,53,23585,Distributor,Cancelled
SO_101435,CUST_0092,PROD_0108,2024-08-12,499,202095,Distributor,Cancelled
SO_101436,CUST_0085,PROD_0119,2024-11-08,287,196882,Distributor,Completed
SO_101437,CUST_0468,PROD_0223,2024-08-04,482,246302,Distributor,Completed
SO_101438,CUST_0411,PROD_0015,2024-06-26,207,192303,Distributor,Completed
SO_101439,CUST_0266,PROD_0214,2024-07-11,264,211728,Direct,Pending
SO_101440,CUST_0470,PROD_0131,2024-04-26,202,44642,Distributor,Cancelled
SO_101441,CUST_0035,PROD_0273,2024-08-21,183,173667,Direct,Pending
SO_101442,CUST_0147,PROD_0039,2024-04-29,236,193284,Direct,Cancelled
SO_101443,CUST_0340,PROD_0242,2024-02-15,193,155751,Direct,Cancelled
SO_101444,CUST_0330,PROD_0046,2024-01-31,135,107865,Distributor,Cancelled
SO_101445,CUST_0238,PROD_0043,2024-09-14,93,70122,Online,Pending
SO_101446,CUST_0462,PROD_0053,2024-04-21,53,24433,Online,Completed
SO_101447,CUST_0144,PROD_0021,2024-01-06,61,55327,Distributor,Pending
SO_101448,CUST_0402,PROD_0065,2024-05-18,235,116560,Direct,Completed
SO_101449,CUST_0290,PROD_0171,2024-06-04,381,39624,Direct,Pending
SO_101450,CUST_0056,PROD_0020,2024-02-05,325,302250,Online,Cancelled
SO_101451,CUST_0112,PROD_0082,2024-09-11,77,9163,Online,Completed
SO_101452,CUST_0453,PROD_0299,2024-09-18,454,327334,Online,Completed
SO_101453,CUST_0206,PROD_0112,2024-07-23,270,48060,Direct,Cancelled
SO_101454,CUST_0078,PROD_0136,2024-10-07,226,168596,Direct,Completed
SO_101455,CUST_0399,PROD_0297,2024-04-03,118,96996,Online,Completed
SO_101456,CUST_0332,PROD_0257,2024-10-21,272,211616,Distributor,Completed
SO_101457,CUST_0456,PROD_0134,2024-03-24,172,87548,Online,Cancelled
SO_101458,CUST_0465,PROD_0260,2024-10-31,379,61398,Online,Completed
SO_101459,CUST_0376,PROD_0280,2024-02-18,470,181890,Direct,Completed
SO_101460,CUST_0239,PROD_0244,2024-08-24,397,383502,Distributor,Pending
SO_101461,CUST_0380,PROD_0099,2024-04-28,298,144828,Direct,Pending
SO_101462,CUST_0392,PROD_0178,2024-11-02,369,64575,Direct,Pending
SO_101463,CUST_0143,PROD_0073,2024-12-23,331,226735,Online,Cancelled
SO_101464,CUST_0085,PROD_0186,2024-08-02,55,39765,Distributor,Pending
SO_101465,CUST_0428,PROD_0148,2024-01-07,338,67938,Direct,Completed
SO_101466,CUST_0054,PROD_0186,2024-12-09,444,112332,Online,Completed
SO_101467,CUST_0231,PROD_0228,2024-07-19,257,114365,Distributor,Pending
SO_101468,CUST_0409,PROD_0057,2024-01-14,445,415630,Direct,Cancelled
SO_101469,CUST_0488,PROD_0066,2024-02-19,300,95100,Distributor,Pending
SO_101470,CUST_0329,PROD_0268,2024-05-15,259,76405,Online,Completed
SO_101471,CUST_0468,PROD_0183,2024-08-27,210,207690,Distributor,Cancelled
SO_101472,CUST_0393,PROD_0142,2024-10-24,72,8712,Direct,Pending
SO_101473,CUST_0415,PROD_0067,2024-09-21,127,126873,Direct,Completed
SO_101474,CUST_0125,PROD_0248,2024-04-24,486,471906,Direct,Pending
SO_101475,CUST_0159,PROD_0038,2024-01-05,95,38760,Direct,Pending
SO_101476,CUST_0281,PROD_0048,2024-09-14,232,23896,Online,Cancelled
SO_101477,CUST_0256,PROD_0286,2024-05-08,158,105386,Direct,Completed
SO_101478,CUST_0366,PROD_0021,2024-12-29,104,70616,Online,Pending
SO_101479,CUST_0100,PROD_0004,2024-07-21,329,220430,Distributor,Cancelled
SO_101480,CUST_0439,PROD_0230,2024-02-21,349,86203,Online,Pending
SO_101481,CUST_0047,PROD_0051,2024-02-10,59,18113,Direct,Completed
SO_101482,CUST_0293,PROD_0286,2024-09-17,451,346819,Online,Pending
SO_101483,CUST_0409,PROD_0297,2024-02-24,126,43596,Online,Pending
SO_101484,CUST_0032,PROD_0150,2024-07-06,465,270630,Direct,Completed
SO_101485,CUST_0395,PROD_0137,2024-05-27,179,129059,Direct,Pending
SO_101486,CUST_0351,PROD_0299,2024-08-02,282,53862,Distributor,Completed
SO_101487,CUST_0489,PROD_0252,2024-09-09,231,177639,Distributor,Completed
SO_101488,CUST_0010,PROD_0050,2024-08-02,106,61798,Distributor,Completed
SO_101489,CUST_0367,PROD_0270,2024-09-26,226,214022,Online,Cancelled
SO_101490,CUST_0079,PROD_0270,2024-08-19,237,41238,Distributor,Cancelled
SO_101491,CUST_0182,PROD_0262,2024-02-09,52,37856,Distributor,Pending
SO_101492,CUST_0408,PROD_0300,2024-10-19,188,159612,Distributor,Cancelled
SO_101493,CUST_0145,PROD_0047,2024-10-17,429,331617,Direct,Completed
SO_101494,CUST_0201,PROD_0123,2024-05-29,105,30765,Online,Completed
SO_101495,CUST_0414,PROD_0203,2024-08-13,61,22204,Online,Cancelled
SO_101496,CUST_0177,PROD_0215,2024-01-30,50,17250,Distributor,Cancelled
SO_101497,CUST_0086,PROD_0260,2024-06-24,140,74900,Distributor,Completed
SO_101498,CUST_0156,PROD_0082,2024-06-05,362,339918,Direct,Cancelled
SO_101499,CUST_0314,PROD_0293,2024-02-22,268,108808,Online,Completed
SO_101500,CUST_0056,PROD_0286,2024-01-29,276,81972,Distributor,Cancelled
SO_101501,CUST_0056,PROD_0167,2024-11-16,114,82992,Direct,Pending
SO_101502,CUST_0005,PROD_0061,2024-09-07,476,147084,Online,Cancelled
SO_101503,CUST_0254,PROD_0211,2024-11-07,105,50400,Online,Completed
SO_101504,CUST_0257,PROD_0041,2024-07-20,28,14308,Distributor,Pending
SO_101505,CUST_0477,PROD_0075,2024-12-12,146,130962,Direct,Cancelled
SO_101506,CUST_0320,PROD_0213,2024-05-23,419,388413,Direct,Cancelled
SO_101507,CUST_0451,PROD_0205,2024-06-21,266,77672,Direct,Cancelled
SO_101508,CUST_0437,PROD_0073,2024-10-30,439,151455,Distributor,Completed
SO_101509,CUST_0242,PROD_0175,2024-12-20,71,70503,Direct,Pending
SO_101510,CUST_0388,PROD_0223,2024-11-07,127,94488,Distributor,Completed
SO_101511,CUST_0277,PROD_0057,2024-07-17,228,106248,Online,Completed
SO_101512,CUST_0310,PROD_0112,2024-03-18,479,455050,Online,Completed
SO_101513,CUST_0315,PROD_0035,2024-07-08,13,2340,Distributor,Pending
SO_101514,CUST_0172,PROD_0168,2024-11-18,31,28923,Distributor,Completed
SO_101515,CUST_0486,PROD_0066,2024-03-31,385,362285,Online,Completed
SO_101516,CUST_0217,PROD_0127,2024-01-03,430,125130,Distributor,Pending
SO_101517,CUST_0355,PROD_0172,2024-02-12,242,153186,Direct,Completed
SO_101518,CUST_0107,PROD_0015,2024-06-28,446,307294,Distributor,Pending
SO_101519,CUST_0202,PROD_0235,2024-01-02,82,28208,Direct,Pending
SO_101520,CUST_0256,PROD_0288,2024-05-27,305,211060,Direct,Completed
SO_101521,CUST_0326,PROD_0126,2024-12-22,107,37985,Online,Pending
SO_101522,CUST_0160,PROD_0057,2024-05-20,462,327558,Online,Cancelled
SO_101523,CUST_0147,PROD_0242,2024-07-15,230,189290,Distributor,Completed
SO_101524,CUST_0273,PROD_0075,2024-10-28,295,133045,Direct,Cancelled
SO_101525,CUST_0256,PROD_0198,2024-12-30,123,112176,Online,Pending
SO_101526,CUST_0394,PROD_0175,2024-05-28,163,74491,Distributor,Completed
SO_101527,CUST_0463,PROD_0240,2024-05-30,167,69973,Online,Pending
SO_101528,CUST_0367,PROD_0223,2024-03-17,16,7728,Distributor,Cancelled
SO_101529,CUST_0472,PROD_0090,2024-06-20,347,155109,Direct,Cancelled
SO_101530,CUST_0457,PROD_0041,2024-02-10,12,1992,Direct,Pending
SO_101531,CUST_0085,PROD_0260,2024-05-08,111,26751,Direct,Completed
SO_101532,CUST_0497,PROD_0226,2024-01-23,138,46092,Online,Pending
SO_101533,CUST_0394,PROD_0278,2024-07-21,144,104544,Distributor,Pending
SO_101534,CUST_0120,PROD_0249,2024-08-21,94,16732,Online,Pending
SO_101535,CUST_0218,PROD_0287,2024-08-29,225,58050,Direct,Completed
SO_101536,CUST_0301,PROD_0156,2024-07-19,392,238336,Distributor,Completed
SO_101537,CUST_0397,PROD_0120,2024-04-24,50,8600,Direct,Completed
SO_101538,CUST_0386,PROD_0146,2024-05-30,16,15360,Online,Cancelled
SO_101539,CUST_0175,PROD_0036,2024-03-01,171,24453,Direct,Completed
SO_101540,CUST_0111,PROD_0056,2024-08-12,154,78848,Direct,Completed
SO_101541,CUST_0404,PROD_0060,2024-07-15,203,99876,Online,Cancelled
SO_101542,CUST_0280,PROD_0076,2024-08-19,248,132432,Online,Completed
SO_101543,CUST_0017,PROD_0002,2024-11-12,361,346560,Distributor,Pending
SO_101544,CUST_0264,PROD_0268,2024-08-13,31,14167,Distributor,Pending
SO_101545,CUST_0312,PROD_0112,2024-05-16,456,346560,Direct,Completed
SO_101546,CUST_0494,PROD_0070,2024-11-02,331,134055,Direct,Cancelled
SO_101547,CUST_0101,PROD_0011,2024-11-19,320,100160,Distributor,Cancelled
SO_101548,CUST_0192,PROD_0217,2024-08-28,449,387936,Online,Cancelled
SO_101549,CUST_0038,PROD_0214,2024-09-30,209,106172,Online,Cancelled
SO_101550,CUST_0137,PROD_0135,2024-09-18,453,221517,Online,Cancelled
SO_101551,CUST_0282,PROD_0027,2024-04-03,328,240096,Distributor,Pending
SO_101552,CUST_0084,PROD_0036,2024-03-05,197,55948,Distributor,Cancelled
SO_101553,CUST_0331,PROD_0294,2024-08-29,399,324387,Distributor,Pending
SO_101554,CUST_0469,PROD_0140,2024-04-25,157,78343,Distributor,Cancelled
SO_101555,CUST_0025,PROD_0189,2024-02-09,198,115632,Direct,Cancelled
SO_101556,CUST_0077,PROD_0204,2024-01-14,80,40960,Distributor,Cancelled
SO_101557,CUST_0396,PROD_0131,2024-12-12,169,142974,Direct,Pending
SO_101558,CUST_0110,PROD_0044,2024-07-15,300,294000,Distributor,Completed
SO_101559,CUST_0284,PROD_0147,2024-10-23,272,240176,Distributor,Cancelled
SO_101560,CUST_0427,PROD_0099,2024-06-14,113,28137,Distributor,Cancelled
SO_101561,CUST_0118,PROD_0165,2024-08-24,124,122512,Online,Pending
SO_101562,CUST_0142,PROD_0031,2024-07-15,208,173680,Direct,Pending
SO_101563,CUST_0195,PROD_0297,2024-10-07,298,195488,Online,Completed
SO_101564,CUST_0375,PROD_0093,2024-09-25,412,190756,Distributor,Cancelled
SO_101565,CUST_0248,PROD_0020,2024-08-18,12,9288,Direct,Cancelled
SO_101566,CUST_0278,PROD_0169,2024-02-13,349,276408,Direct,Cancelled
SO_101567,CUST_0158,PROD_0035,2024-08-22,247,51129,Direct,Cancelled
SO_101568,CUST_0070,PROD_0164,2024-02-10,26,23114,Distributor,Cancelled
SO_101569,CUST_0106,PROD_0251,2024-02-10,288,226080,Distributor,Pending
SO_101570,CUST_0206,PROD_0249,2024-05-01,294,281946,Distributor,Completed
SO_101571,CUST_0015,PROD_0262,2024-10-03,109,70305,Online,Cancelled
SO_101572,CUST_0454,PROD_0251,2024-06-30,38,30476,Distributor,Pending
SO_101573,CUST_0288,PROD_0053,2024-05-16,355,152295,Direct,Completed
SO_101574,CUST_0306,PROD_0270,2024-06-30,348,323292,Distributor,Completed
SO_101575,CUST_0008,PROD_0168,2024-07-01,407,63492,Distributor,Cancelled
SO_101576,CUST_0448,PROD_0159,2024-09-03,400,139600,Distributor,Completed
SO_101577,CUST_0465,PROD_0245,2024-09-27,131,29606,Direct,Pending
SO_101578,CUST_0191,PROD_0139,2024-06-30,330,53130,Distributor,Cancelled
SO_101579,CUST_0363,PROD_0007,2024-07-22,272,29920,Online,Completed
SO_101580,CUST_0225,PROD_0215,2024-04-18,390,118950,Direct,Completed
SO_101581,CUST_0173,PROD_0202,2024-04-08,14,4802,Distributor,Completed
SO_101582,CUST_0057,PROD_0011,2024-10-23,252,99792,Online,Completed
SO_101583,CUST_0438,PROD_0154,2024-11-27,188,28764,Online,Pending
SO_101584,CUST_0041,PROD_0195,2024-04-22,91,70434,Direct,Cancelled
SO_101585,CUST_0175,PROD_0085,2024-06-26,333,255744,Direct,Pending
SO_101586,CUST_0156,PROD_0107,2024-04-19,395,180515,Online,Cancelled
SO_101587,CUST_0381,PROD_0145,2024-03-06,352,121440,Distributor,Pending
SO_101588,CUST_0464,PROD_0205,2024-11-27,423,357012,Direct,Pending
SO_101589,CUST_0162,PROD_0088,2024-06-20,131,113184,Distributor,Pending
SO_101590,CUST_0113,PROD_0017,2024-08-09,32,14688,Distributor,Pending
SO_101591,CUST_0256,PROD_0194,2024-04-15,122,101382,Online,Cancelled
SO_101592,CUST_0155,PROD_0029,2024-09-10,178,75828,Direct,Completed
SO_101593,CUST_0275,PROD_0187,2024-07-19,458,260144,Distributor,Completed
SO_101594,CUST_0343,PROD_0294,2024-07-03,34,9656,Online,Pending
SO_101595,CUST_0329,PROD_0231,2024-06-30,182,114478,Online,Cancelled
SO_101596,CUST_0495,PROD_0193,2024-07-16,57,37164,Online,Completed
SO_101597,CUST_0407,PROD_0223,2024-05-29,22,12914,Direct,Pending
SO_101598,CUST_0121,PROD_0079,2024-08-21,77,60445,Direct,Completed
SO_101599,CUST_0451,PROD_0184,2024-12-08,16,4000,Online,Cancelled
SO_101600,CUST_0029,PROD_0212,2024-01-21,347,207159,Direct,Cancelled
SO_101601,CUST_0473,PROD_0201,2024-12-16,349,95626,Direct,Pending
SO_101602,CUST_0483,PROD_0260,2024-12-30,226,172212,Online,Pending
SO_101603,CUST_0411,PROD_0046,2024-05-27,66,34452,Direct,Completed
SO_101604,CUST_0167,PROD_0124,2024-02-03,451,256619,Online,Completed
SO_101605,CUST_0090,PROD_0023,2024-05-04,371,48601,Distributor,Completed
SO_101606,CUST_0227,PROD_0082,2024-07-25,15,2955,Distributor,Pending
SO_101607,CUST_0347,PROD_0246,2024-06-25,206,51912,Direct,Pending
SO_101608,CUST_0300,PROD_0234,2024-09-24,224,179648,Distributor,Completed
SO_101609,CUST_0253,PROD_0242,2024-09-13,158,156420,Direct,Cancelled
SO_101610,CUST_0394,PROD_0161,2024-01-29,55,36245,Direct,Completed
SO_101611,CUST_0234,PROD_0229,2024-05-07,436,82404,Distributor,Completed
SO_101612,CUST_0301,PROD_0047,2024-04-26,456,316464,Distributor,Cancelled
SO_101613,CUST_0289,PROD_0230,2024-03-28,474,247902,Online,Completed
SO_101614,CUST_0021,PROD_0026,2024-05-29,208,96304,Distributor,Completed
SO_101615,CUST_0076,PROD_0244,2024-04-15,19,4959,Direct,Pending
SO_101616,CUST_0059,PROD_0214,2024-05-11,500,462000,Distributor,Completed
SO_101617,CUST_0113,PROD_0085,2024-06-04,138,101430,Distributor,Cancelled
SO_101618,CUST_0001,PROD_0201,2024-12-23,117,43875,Online,Completed
SO_101619,CUST_0222,PROD_0162,2024-04-03,178,113386,Online,Pending
SO_101620,CUST_0204,PROD_0204,2024-08-13,155,26815,Distributor,Cancelled
SO_101621,CUST_0360,PROD_0061,2024-11-20,27,22599,Distributor,Completed
SO_101622,CUST_0393,PROD_0158,2024-02-13,121,42471,Distributor,Cancelled
SO_101623,CUST_0489,PROD_0199,2024-07-01,420,324240,Direct,Pending
SO_101624,CUST_0279,PROD_0029,2024-06-17,307,270467,Distributor,Completed
SO_101625,CUST_0355,PROD_0065,2024-08-22,208,70928,Distributor,Pending
SO_101626,CUST_0272,PROD_0126,2024-10-07,340,338980,Online,Cancelled
SO_101627,CUST_0349,PROD_0088,2024-11-26,22,8536,Distributor,Completed
SO_101628,CUST_0489,PROD_0248,2024-06-19,36,13500,Online,Cancelled
SO_101629,CUST_0277,PROD_0266,2024-06-22,326,257214,Online,Completed
SO_101630,CUST_0283,PROD_0043,2024-12-15,81,59211,Direct,Cancelled
SO_101631,CUST_0138,PROD_0054,2024-08-19,136,133688,Online,Completed
SO_101632,CUST_0189,PROD_0214,2024-06-30,473,239338,Direct,Completed
SO_101633,CUST_0497,PROD_0158,2024-09-03,91,88634,Distributor,Completed
SO_101634,CUST_0092,PROD_0155,2024-03-04,151,121102,Distributor,Cancelled
SO_101635,CUST_0007,PROD_0014,2024-09-17,115,104765,Direct,Cancelled
SO_101636,CUST_0231,PROD_0278,2024-03-16,240,117360,Online,Pending
SO_101637,CUST_0335,PROD_0187,2024-07-17,490,480200,Distributor,Cancelled
SO_101638,CUST_0440,PROD_0248,2024-03-12,89,66127,Distributor,Cancelled
SO_101639,CUST_0145,PROD_0120,2024-02-20,82,31406,Online,Completed
SO_101640,CUST_0181,PROD_0157,2024-04-26,45,44910,Distributor,Cancelled
SO_101641,CUST_0148,PROD_0284,2024-10-12,441,179046,Direct,Cancelled
SO_101642,CUST_0340,PROD_0287,2024-03-10,204,181968,Direct,Pending
SO_101643,CUST_0254,PROD_0257,2024-01-19,169,106470,Online,Completed
SO_101644,CUST_0089,PROD_0166,2024-08-24,204,163404,Direct,Completed
SO_101645,CUST_0046,PROD_0044,2024-08-16,50,46450,Distributor,Cancelled
SO_101646,CUST_0295,PROD_0267,2024-11-13,196,37240,Direct,Pending
SO_101647,CUST_0355,PROD_0135,2024-11-18,472,126496,Online,Pending
SO_101648,CUST_0332,PROD_0007,2024-09-25,73,46939,Distributor,Completed
SO_101649,CUST_0002,PROD_0267,2024-02-07,391,112608,Online,Cancelled
SO_101650,CUST_0026,PROD_0071,2024-12-02,480,195360,Online,Cancelled
SO_101651,CUST_0430,PROD_0091,2024-11-17,201,182508,Direct,Cancelled
SO_101652,CUST_0390,PROD_0226,2024-06-10,226,112548,Direct,Completed
SO_101653,CUST_0200,PROD_0157,2024-03-04,134,27202,Distributor,Cancelled
SO_101654,CUST_0428,PROD_0288,2024-09-17,298,36654,Direct,Completed
SO_101655,CUST_0281,PROD_0245,2024-10-23,190,161120,Distributor,Completed
SO_101656,CUST_0347,PROD_0101,2024-07-08,175,27825,Direct,Pending
SO_101657,CUST_0368,PROD_0140,2024-01-24,166,147906,Distributor,Cancelled
SO_101658,CUST_0382,PROD_0139,2024-01-04,433,410051,Distributor,Pending
SO_101659,CUST_0345,PROD_0038,2024-02-16,245,171500,Distributor,Pending
SO_101660,CUST_0257,PROD_0090,2024-12-03,12,1548,Direct,Cancelled
SO_101661,CUST_0157,PROD_0165,2024-03-25,47,22466,Distributor,Pending
SO_101662,CUST_0145,PROD_0211,2024-08-03,406,258622,Distributor,Pending
SO_101663,CUST_0167,PROD_0182,2024-03-12,473,68585,Online,Cancelled
SO_101664,CUST_0079,PROD_0090,2024-10-03,382,246008,Online,Cancelled
SO_101665,CUST_0434,PROD_0011,2024-03-02,282,149178,Direct,Pending
SO_101666,CUST_0461,PROD_0118,2024-09-25,238,227052,Online,Pending
SO_101667,CUST_0168,PROD_0099,2024-06-01,355,258795,Direct,Completed
SO_101668,CUST_0358,PROD_0143,2024-09-13,369,363096,Online,Cancelled
SO_101669,CUST_0464,PROD_0108,2024-10-25,311,233561,Direct,Pending
SO_101670,CUST_0295,PROD_0043,2024-12-28,340,49640,Direct,Completed
SO_101671,CUST_0171,PROD_0069,2024-08-13,218,201868,Direct,Pending
SO_101672,CUST_0221,PROD_0007,2024-07-04,51,42177,Direct,Pending
SO_101673,CUST_0023,PROD_0034,2024-11-08,109,37169,Distributor,Cancelled
SO_101674,CUST_0415,PROD_0048,2024-04-04,402,330444,Online,Pending
SO_101675,CUST_0120,PROD_0031,2024-04-21,397,275518,Distributor,Completed
SO_101676,CUST_0077,PROD_0178,2024-05-17,348,155208,Online,Pending
SO_101677,CUST_0375,PROD_0257,2024-07-29,82,32554,Online,Pending
SO_101678,CUST_0351,PROD_0299,2024-01-02,135,61965,Distributor,Pending
SO_101679,CUST_0197,PROD_0116,2024-01-30,188,176908,Distributor,Cancelled
SO_101680,CUST_0343,PROD_0016,2024-05-04,27,14391,Direct,Completed
SO_101681,CUST_0383,PROD_0028,2024-05-10,411,73569,Direct,Pending
SO_101682,CUST_0413,PROD_0172,2024-07-15,154,111804,Online,Cancelled
SO_101683,CUST_0136,PROD_0300,2024-09-13,428,403604,Online,Completed
SO_101684,CUST_0363,PROD_0205,2024-03-07,49,28959,Distributor,Completed
SO_101685,CUST_0435,PROD_0202,2024-10-02,456,59736,Distributor,Cancelled
SO_101686,CUST_0159,PROD_0004,2024-05-11,320,150080,Online,Cancelled
SO_101687,CUST_0163,PROD_0230,2024-10-20,69,57891,Distributor,Completed
SO_101688,CUST_0430,PROD_0007,2024-05-13,490,276850,Direct,Completed
SO_101689,CUST_0139,PROD_0299,2024-11-18,11,4785,Distributor,Cancelled
SO_101690,CUST_0149,PROD_0253,2024-05-29,314,136276,Direct,Pending
SO_101691,CUST_0444,PROD_0270,2024-08-13,203,88102,Online,Pending
SO_101692,CUST_0057,PROD_0262,2024-04-11,298,185356,Distributor,Pending
SO_101693,CUST_0476,PROD_0105,2024-08-22,158,157368,Direct,Cancelled
SO_101694,CUST_0236,PROD_0126,2024-03-16,346,287872,Distributor,Pending
SO_101695,CUST_0378,PROD_0102,2024-03-24,157,147737,Online,Completed
SO_101696,CUST_0040,PROD_0285,2024-11-09,292,166732,Direct,Pending
SO_101697,CUST_0283,PROD_0014,2024-10-25,393,267633,Distributor,Pending
SO_101698,CUST_0235,PROD_0184,2024-02-09,440,214720,Online,Completed
SO_101699,CUST_0445,PROD_0193,2024-07-13,215,50740,Distributor,Pending
SO_101700,CUST_0099,PROD_0154,2024-10-15,205,79540,Direct,Cancelled
SO_101701,CUST_0154,PROD_0005,2024-05-01,137,65212,Direct,Completed
SO_101702,CUST_0184,PROD_0144,2024-01-18,270,260010,Direct,Pending
SO_101703,CUST_0248,PROD_0184,2024-05-28,225,211500,Online,Completed
SO_101704,CUST_0335,PROD_0155,2024-09-22,192,63936,Online,Cancelled
SO_101705,CUST_0290,PROD_0021,2024-08-11,36,13932,Online,Pending
SO_101706,CUST_0216,PROD_0228,2024-10-18,59,35813,Online,Cancelled
SO_101707,CUST_0171,PROD_0078,2024-06-08,403,118885,Direct,Completed
SO_101708,CUST_0367,PROD_0153,2024-10-26,293,53912,Distributor,Cancelled
SO_101709,CUST_0279,PROD_0208,2024-01-15,254,209296,Direct,Completed
SO_101710,CUST_0488,PROD_0210,2024-02-29,430,380550,Online,Pending
SO_101711,CUST_0158,PROD_0294,2024-09-29,119,51408,Online,Pending
SO_101712,CUST_0219,PROD_0230,2024-05-10,184,125304,Distributor,Pending
SO_101713,CUST_0440,PROD_0191,2024-06-06,101,100899,Distributor,Pending
SO_101714,CUST_0201,PROD_0054,2024-10-17,462,76692,Distributor,Pending
SO_101715,CUST_0091,PROD_0225,2024-10-11,184,116656,Online,Completed
SO_101716,CUST_0029,PROD_0045,2024-09-17,62,48732,Distributor,Pending
SO_101717,CUST_0019,PROD_0069,2024-07-22,338,311974,Distributor,Completed
SO_101718,CUST_0472,PROD_0040,2024-12-12,174,18270,Direct,Completed
SO_101719,CUST_0035,PROD_0161,2024-10-31,15,6315,Online,Pending
SO_101720,CUST_0087,PROD_0015,2024-03-10,366,210084,Online,Pending
SO_101721,CUST_0403,PROD_0013,2024-11-30,146,70080,Direct,Cancelled
SO_101722,CUST_0169,PROD_0151,2024-07-21,415,151060,Online,Pending
SO_101723,CUST_0369,PROD_0187,2024-10-28,169,91260,Distributor,Cancelled
SO_101724,CUST_0344,PROD_0216,2024-10-25,277,216891,Distributor,Completed
SO_101725,CUST_0204,PROD_0035,2024-09-18,162,65934,Distributor,Cancelled
SO_101726,CUST_0378,PROD_0092,2024-02-01,368,80592,Distributor,Completed
SO_101727,CUST_0383,PROD_0089,2024-12-10,389,103863,Direct,Completed
SO_101728,CUST_0228,PROD_0204,2024-07-26,433,425206,Online,Pending
SO_101729,CUST_0070,PROD_0078,2024-01-09,21,19236,Direct,Cancelled
SO_101730,CUST_0010,PROD_0146,2024-12-19,418,319770,Online,Completed
SO_101731,CUST_0053,PROD_0174,2024-03-11,102,42024,Direct,Cancelled
SO_101732,CUST_0143,PROD_0115,2024-08-06,222,205572,Online,Pending
SO_101733,CUST_0286,PROD_0259,2024-06-23,146,46136,Distributor,Completed
SO_101734,CUST_0412,PROD_0173,2024-04-24,91,65520,Online,Pending
SO_101735,CUST_0207,PROD_0272,2024-09-18,351,115128,Distributor,Pending
SO_101736,CUST_0077,PROD_0185,2024-05-06,40,22400,Direct,Cancelled
SO_101737,CUST_0402,PROD_0106,2024-08-16,209,162811,Direct,Completed
SO_101738,CUST_0482,PROD_0160,2024-11-07,461,264614,Online,Pending
SO_101739,CUST_0016,PROD_0002,2024-04-09,198,155034,Online,Pending
SO_101740,CUST_0186,PROD_0023,2024-03-10,470,441330,Direct,Cancelled
SO_101741,CUST_0428,PROD_0238,2024-02-18,281,161856,Distributor,Completed
SO_101742,CUST_0026,PROD_0001,2024-04-02,84,78036,Online,Completed
SO_101743,CUST_0075,PROD_0137,2024-04-10,411,294276,Online,Completed
SO_101744,CUST_0145,PROD_0185,2024-08-23,447,284739,Online,Cancelled
SO_101745,CUST_0118,PROD_0296,2024-06-27,122,53558,Online,Cancelled
SO_101746,CUST_0379,PROD_0273,2024-07-23,309,78486,Direct,Pending
SO_101747,CUST_0208,PROD_0185,2024-03-23,11,9801,Direct,Completed
SO_101748,CUST_0143,PROD_0018,2024-03-17,43,32680,Online,Completed
SO_101749,CUST_0429,PROD_0243,2024-10-23,389,326760,Online,Completed
SO_101750,CUST_0382,PROD_0039,2024-08-02,191,172091,Online,Completed
SO_101751,CUST_0201,PROD_0044,2024-04-28,354,214878,Direct,Completed
SO_101752,CUST_0464,PROD_0042,2024-11-24,289,202011,Direct,Pending
SO_101753,CUST_0220,PROD_0286,2024-08-18,191,119566,Direct,Pending
SO_101754,CUST_0108,PROD_0283,2024-10-25,110,31350,Direct,Completed
SO_101755,CUST_0027,PROD_0057,2024-03-05,87,19227,Direct,Cancelled
SO_101756,CUST_0244,PROD_0239,2024-07-08,162,39690,Direct,Cancelled
SO_101757,CUST_0474,PROD_0254,2024-08-08,404,298556,Online,Pending
SO_101758,CUST_0056,PROD_0294,2024-12-27,141,36801,Online,Pending
SO_101759,CUST_0433,PROD_0105,2024-11-04,437,276184,Online,Pending
SO_101760,CUST_0204,PROD_0264,2024-01-09,28,7756,Online,Completed
SO_101761,CUST_0354,PROD_0145,2024-07-27,131,104407,Distributor,Cancelled
SO_101762,CUST_0070,PROD_0036,2024-02-14,35,6230,Online,Completed
SO_101763,CUST_0244,PROD_0275,2024-06-24,246,162114,Distributor,Completed
SO_101764,CUST_0330,PROD_0222,2024-07-01,15,4335,Online,Completed
SO_101765,CUST_0297,PROD_0111,2024-12-17,272,202912,Direct,Pending
SO_101766,CUST_0428,PROD_0042,2024-11-02,79,39026,Online,Completed
SO_101767,CUST_0059,PROD_0161,2024-04-20,484,309760,Distributor,Cancelled
SO_101768,CUST_0188,PROD_0002,2024-02-09,134,110550,Distributor,Pending
SO_101769,CUST_0061,PROD_0268,2024-04-01,412,192404,Online,Pending
SO_101770,CUST_0276,PROD_0041,2024-11-06,38,4332,Distributor,Cancelled
SO_101771,CUST_0472,PROD_0094,2024-11-04,18,15462,Direct,Cancelled
SO_101772,CUST_0449,PROD_0021,2024-02-19,252,63252,Online,Pending
SO_101773,CUST_0477,PROD_0028,2024-08-18,70,34650,Distributor,Cancelled
SO_101774,CUST_0057,PROD_0219,2024-08-16,449,323280,Direct,Pending
SO_101775,CUST_0117,PROD_0161,2024-05-21,247,99047,Direct,Completed
SO_101776,CUST_0163,PROD_0053,2024-10-02,201,178689,Distributor,Cancelled
SO_101777,CUST_0011,PROD_0008,2024-04-04,296,162208,Direct,Completed
SO_101778,CUST_0133,PROD_0232,2024-07-20,391,125511,Direct,Pending
SO_101779,CUST_0166,PROD_0245,2024-05-02,474,63042,Direct,Pending
SO_101780,CUST_0383,PROD_0014,2024-08-08,387,326241,Distributor,Cancelled
SO_101781,CUST_0324,PROD_0173,2024-06-28,361,78698,Distributor,Completed
SO_101782,CUST_0270,PROD_0124,2024-07-16,95,27550,Distributor,Pending
SO_101783,CUST_0282,PROD_0137,2024-12-07,130,52260,Direct,Cancelled
SO_101784,CUST_0495,PROD_0291,2024-07-09,45,12510,Distributor,Pending
SO_101785,CUST_0250,PROD_0046,2024-08-03,320,200960,Online,Pending
SO_101786,CUST_0252,PROD_0014,2024-11-12,140,42840,Online,Pending
SO_101787,CUST_0159,PROD_0241,2024-02-19,187,50490,Direct,Completed
SO_101788,CUST_0333,PROD_0006,2024-07-29,276,207552,Online,Completed
SO_101789,CUST_0004,PROD_0007,2024-11-15,297,198990,Distributor,Pending
SO_101790,CUST_0062,PROD_0294,2024-12-26,185,165390,Distributor,Pending
SO_101791,CUST_0178,PROD_0114,2024-06-29,196,101332,Online,Pending
SO_101792,CUST_0005,PROD_0024,2024-12-11,460,457240,Online,Completed
SO_101793,CUST_0121,PROD_0288,2024-06-11,130,29510,Online,Cancelled
SO_101794,CUST_0376,PROD_0067,2024-11-13,28,6776,Direct,Cancelled
SO_101795,CUST_0491,PROD_0183,2024-12-18,36,12456,Online,Completed
SO_101796,CUST_0241,PROD_0282,2024-06-05,288,31680,Distributor,Cancelled
SO_101797,CUST_0468,PROD_0188,2024-02-14,67,48106,Distributor,Pending
SO_101798,CUST_0153,PROD_0231,2024-03-02,90,33570,Direct,Cancelled
SO_101799,CUST_0231,PROD_0130,2024-08-30,74,58978,Online,Pending
SO_101800,CUST_0092,PROD_0254,2024-07-17,210,51030,Online,Completed
SO_101801,CUST_0322,PROD_0278,2024-09-24,446,120420,Direct,Cancelled
SO_101802,CUST_0269,PROD_0247,2024-08-16,107,106786,Distributor,Completed
SO_101803,CUST_0487,PROD_0181,2024-05-18,198,173052,Online,Pending
SO_101804,CUST_0271,PROD_0217,2024-11-07,15,13575,Online,Completed
SO_101805,CUST_0479,PROD_0125,2024-06-28,35,12180,Direct,Completed
SO_101806,CUST_0060,PROD_0288,2024-06-30,395,128770,Distributor,Completed
SO_101807,CUST_0378,PROD_0061,2024-02-17,456,125856,Online,Pending
SO_101808,CUST_0284,PROD_0214,2024-11-11,363,349206,Online,Cancelled
SO_101809,CUST_0415,PROD_0151,2024-02-13,103,23793,Distributor,Cancelled
SO_101810,CUST_0313,PROD_0006,2024-08-12,290,39440,Online,Pending
SO_101811,CUST_0186,PROD_0220,2024-06-08,51,16218,Distributor,Pending
SO_101812,CUST_0390,PROD_0031,2024-04-26,306,216342,Distributor,Completed
SO_101813,CUST_0356,PROD_0199,2024-06-27,408,306000,Direct,Cancelled
SO_101814,CUST_0450,PROD_0241,2024-06-14,20,9300,Distributor,Completed
SO_101815,CUST_0117,PROD_0182,2024-01-26,468,129168,Online,Pending
SO_101816,CUST_0121,PROD_0065,2024-10-27,80,68240,Online,Completed
SO_101817,CUST_0457,PROD_0235,2024-07-09,320,154880,Distributor,Cancelled
SO_101818,CUST_0332,PROD_0046,2024-12-18,95,68495,Distributor,Cancelled
SO_101819,CUST_0166,PROD_0130,2024-05-14,394,162722,Direct,Pending
SO_101820,CUST_0109,PROD_0003,2024-11-15,443,89486,Distributor,Pending
SO_101821,CUST_0367,PROD_0136,2024-04-10,25,12675,Direct,Completed
SO_101822,CUST_0282,PROD_0003,2024-03-02,37,16391,Distributor,Pending
SO_101823,CUST_0312,PROD_0162,2024-07-11,297,243837,Distributor,Completed
SO_101824,CUST_0006,PROD_0114,2024-06-07,486,362070,Direct,Cancelled
SO_101825,CUST_0394,PROD_0063,2024-11-06,453,349263,Online,Cancelled
SO_101826,CUST_0248,PROD_0236,2024-08-09,495,71280,Distributor,Cancelled
SO_101827,CUST_0001,PROD_0248,2024-04-18,262,170300,Online,Completed
SO_101828,CUST_0237,PROD_0111,2024-11-16,202,149884,Distributor,Completed
SO_101829,CUST_0059,PROD_0212,2024-08-08,423,271566,Direct,Pending
SO_101830,CUST_0117,PROD_0066,2024-01-23,125,53875,Distributor,Pending
SO_101831,CUST_0026,PROD_0113,2024-04-17,307,183586,Online,Cancelled
SO_101832,CUST_0066,PROD_0037,2024-06-06,344,132784,Direct,Completed
SO_101833,CUST_0121,PROD_0297,2024-01-23,431,325836,Online,Cancelled
SO_101834,CUST_0442,PROD_0049,2024-10-21,160,18080,Online,Completed
SO_101835,CUST_0050,PROD_0125,2024-07-16,276,205344,Online,Cancelled
SO_101836,CUST_0046,PROD_0271,2024-11-28,476,370328,Distributor,Completed
SO_101837,CUST_0163,PROD_0268,2024-04-15,305,38125,Distributor,Cancelled
SO_101838,CUST_0191,PROD_0182,2024-01-10,28,17276,Distributor,Pending
SO_101839,CUST_0190,PROD_0190,2024-12-22,185,43475,Distributor,Pending
SO_101840,CUST_0461,PROD_0197,2024-08-09,103,82091,Direct,Completed
SO_101841,CUST_0066,PROD_0136,2024-05-21,77,60599,Online,Completed
SO_101842,CUST_0336,PROD_0244,2024-09-06,310,75950,Distributor,Cancelled
SO_101843,CUST_0134,PROD_0075,2024-11-29,487,163632,Distributor,Pending
SO_101844,CUST_0115,PROD_0073,2024-02-20,114,83220,Direct,Completed
SO_101845,CUST_0079,PROD_0204,2024-10-11,217,127813,Distributor,Completed
SO_101846,CUST_0383,PROD_0081,2024-06-27,368,129904,Direct,Completed
SO_101847,CUST_0261,PROD_0258,2024-10-11,200,186400,Online,Completed
SO_101848,CUST_0236,PROD_0250,2024-01-06,215,27520,Online,Completed
SO_101849,CUST_0020,PROD_0252,2024-04-24,459,144585,Direct,Cancelled
SO_101850,CUST_0273,PROD_0037,2024-07-30,105,57645,Direct,Pending
SO_101851,CUST_0201,PROD_0037,2024-04-27,128,24704,Online,Completed
SO_101852,CUST_0402,PROD_0037,2024-09-23,132,126060,Online,Pending
SO_101853,CUST_0343,PROD_0182,2024-12-25,186,171678,Distributor,Completed
SO_101854,CUST_0190,PROD_0237,2024-10-17,170,80410,Direct,Completed
SO_101855,CUST_0360,PROD_0077,2024-12-09,117,85995,Online,Pending
SO_101856,CUST_0065,PROD_0028,2024-06-06,22,21164,Online,Pending
SO_101857,CUST_0443,PROD_0081,2024-11-01,173,154662,Direct,Cancelled
SO_101858,CUST_0148,PROD_0055,2024-07-30,398,66466,Distributor,Completed
SO_101859,CUST_0495,PROD_0138,2024-08-02,482,374514,Direct,Pending
SO_101860,CUST_0163,PROD_0033,2024-04-24,202,28886,Online,Cancelled
SO_101861,CUST_0495,PROD_0015,2024-05-11,165,74580,Direct,Pending
SO_101862,CUST_0281,PROD_0030,2024-03-15,258,103200,Direct,Pending
SO_101863,CUST_0376,PROD_0094,2024-12-17,166,23572,Distributor,Cancelled
SO_101864,CUST_0221,PROD_0032,2024-04-14,436,180504,Distributor,Completed
SO_101865,CUST_0205,PROD_0248,2024-05-18,374,198968,Online,Completed
SO_101866,CUST_0484,PROD_0065,2024-02-29,258,107844,Distributor,Cancelled
SO_101867,CUST_0047,PROD_0107,2024-01-15,166,109062,Online,Cancelled
SO_101868,CUST_0185,PROD_0110,2024-05-13,212,66356,Direct,Cancelled
SO_101869,CUST_0017,PROD_0182,2024-12-02,11,5148,Distributor,Cancelled
SO_101870,CUST_0073,PROD_0174,2024-07-29,146,135634,Online,Pending
SO_101871,CUST_0051,PROD_0252,2024-11-19,406,81606,Distributor,Completed
SO_101872,CUST_0184,PROD_0178,2024-04-09,90,74430,Distributor,Completed
SO_101873,CUST_0225,PROD_0125,2024-10-06,378,50274,Direct,Completed
SO_101874,CUST_0171,PROD_0157,2024-09-12,477,81090,Direct,Completed
SO_101875,CUST_0304,PROD_0026,2024-01-31,482,358608,Distributor,Pending
SO_101876,CUST_0179,PROD_0180,2024-02-28,61,37515,Direct,Cancelled
SO_101877,CUST_0412,PROD_0277,2024-08-19,86,79378,Direct,Completed
SO_101878,CUST_0133,PROD_0047,2024-08-22,236,105256,Direct,Pending
SO_101879,CUST_0375,PROD_0276,2024-01-05,27,4482,Online,Cancelled
SO_101880,CUST_0205,PROD_0207,2024-07-21,199,50546,Online,Cancelled
SO_101881,CUST_0220,PROD_0215,2024-10-19,25,5675,Distributor,Cancelled
SO_101882,CUST_0174,PROD_0201,2024-02-13,189,187866,Online,Pending
SO_101883,CUST_0393,PROD_0194,2024-02-06,454,385446,Distributor,Pending
SO_101884,CUST_0166,PROD_0241,2024-09-11,139,36557,Online,Pending
SO_101885,CUST_0046,PROD_0106,2024-03-21,353,171911,Distributor,Cancelled
SO_101886,CUST_0493,PROD_0130,2024-11-13,223,84071,Distributor,Completed
SO_101887,CUST_0010,PROD_0253,2024-04-27,362,244712,Direct,Pending
SO_101888,CUST_0097,PROD_0002,2024-12-21,154,54670,Distributor,Completed
SO_101889,CUST_0411,PROD_0046,2024-04-13,459,288252,Distributor,Pending
SO_101890,CUST_0176,PROD_0196,2024-08-27,98,30184,Online,Cancelled
SO_101891,CUST_0174,PROD_0064,2024-10-30,450,129150,Online,Cancelled
SO_101892,CUST_0234,PROD_0024,2024-12-24,423,334170,Direct,Pending
SO_101893,CUST_0063,PROD_0238,2024-09-09,84,68796,Online,Pending
SO_101894,CUST_0252,PROD_0124,2024-07-17,355,120345,Online,Pending
SO_101895,CUST_0217,PROD_0174,2024-07-20,217,170345,Distributor,Completed
SO_101896,CUST_0106,PROD_0093,2024-01-28,267,174885,Online,Completed
SO_101897,CUST_0335,PROD_0143,2024-07-14,63,33894,Distributor,Cancelled
SO_101898,CUST_0309,PROD_0088,2024-01-13,186,129270,Distributor,Pending
SO_101899,CUST_0344,PROD_0187,2024-04-07,461,59930,Online,Pending
SO_101900,CUST_0042,PROD_0299,2024-03-06,117,30186,Direct,Completed
SO_101901,CUST_0142,PROD_0144,2024-05-07,157,19782,Direct,Cancelled
SO_101902,CUST_0244,PROD_0166,2024-10-28,71,28187,Distributor,Completed
SO_101903,CUST_0139,PROD_0021,2024-05-10,17,9299,Online,Cancelled
SO_101904,CUST_0170,PROD_0198,2024-07-21,104,56264,Distributor,Completed
SO_101905,CUST_0191,PROD_0013,2024-05-06,14,7868,Distributor,Cancelled
SO_101906,CUST_0457,PROD_0022,2024-09-23,16,15056,Distributor,Completed
SO_101907,CUST_0066,PROD_0205,2024-02-03,36,17280,Direct,Cancelled
SO_101908,CUST_0220,PROD_0035,2024-08-22,363,45738,Direct,Cancelled
SO_101909,CUST_0284,PROD_0051,2024-05-25,496,101184,Online,Completed
SO_101910,CUST_0004,PROD_0284,2024-02-14,322,255024,Online,Completed
SO_101911,CUST_0215,PROD_0151,2024-06-17,111,44178,Direct,Pending
SO_101912,CUST_0353,PROD_0036,2024-09-29,15,8595,Online,Pending
SO_101913,CUST_0127,PROD_0273,2024-10-31,66,31614,Distributor,Cancelled
SO_101914,CUST_0260,PROD_0233,2024-08-25,393,98250,Online,Completed
SO_101915,CUST_0252,PROD_0102,2024-02-21,198,107316,Direct,Pending
SO_101916,CUST_0057,PROD_0088,2024-08-19,252,157752,Online,Completed
SO_101917,CUST_0270,PROD_0080,2024-02-21,76,35264,Distributor,Pending
SO_101918,CUST_0460,PROD_0181,2024-07-11,268,182776,Online,Pending
SO_101919,CUST_0131,PROD_0042,2024-10-02,71,53534,Distributor,Completed
SO_101920,CUST_0189,PROD_0222,2024-03-24,27,9423,Distributor,Pending
SO_101921,CUST_0342,PROD_0299,2024-03-26,390,147420,Distributor,Completed
SO_101922,CUST_0121,PROD_0055,2024-09-15,206,165006,Distributor,Completed
SO_101923,CUST_0136,PROD_0121,2024-12-27,16,2800,Distributor,Completed
SO_101924,CUST_0387,PROD_0087,2024-01-10,292,191260,Distributor,Pending
SO_101925,CUST_0201,PROD_0103,2024-10-12,178,28658,Online,Pending
SO_101926,CUST_0018,PROD_0127,2024-05-02,331,174437,Online,Cancelled
SO_101927,CUST_0219,PROD_0118,2024-08-23,127,37338,Online,Pending
SO_101928,CUST_0063,PROD_0146,2024-01-08,458,297242,Distributor,Cancelled
SO_101929,CUST_0165,PROD_0134,2024-07-21,499,225548,Online,Cancelled
SO_101930,CUST_0402,PROD_0193,2024-09-14,67,25795,Distributor,Cancelled
SO_101931,CUST_0056,PROD_0243,2024-04-16,131,30130,Online,Completed
SO_101932,CUST_0304,PROD_0065,2024-04-19,380,68780,Distributor,Cancelled
SO_101933,CUST_0191,PROD_0026,2024-01-20,357,345933,Direct,Cancelled
SO_101934,CUST_0126,PROD_0256,2024-06-14,283,203760,Distributor,Pending
SO_101935,CUST_0338,PROD_0025,2024-07-16,262,58688,Distributor,Completed
SO_101936,CUST_0123,PROD_0115,2024-02-23,397,345390,Distributor,Pending
SO_101937,CUST_0253,PROD_0156,2024-02-26,345,259785,Direct,Pending
SO_101938,CUST_0335,PROD_0288,2024-11-01,474,160212,Direct,Completed
SO_101939,CUST_0473,PROD_0236,2024-09-27,456,399456,Distributor,Pending
SO_101940,CUST_0020,PROD_0210,2024-01-15,423,70641,Online,Pending
SO_101941,CUST_0356,PROD_0214,2024-03-13,252,227304,Distributor,Completed
SO_101942,CUST_0291,PROD_0103,2024-05-17,269,213317,Distributor,Completed
SO_101943,CUST_0359,PROD_0037,2024-03-20,452,145996,Distributor,Pending
SO_101944,CUST_0275,PROD_0213,2024-07-02,102,27948,Online,Completed
SO_101945,CUST_0483,PROD_0229,2024-10-04,432,196128,Direct,Pending
SO_101946,CUST_0096,PROD_0130,2024-11-15,229,177933,Direct,Completed
SO_101947,CUST_0443,PROD_0016,2024-09-30,190,73910,Online,Pending
SO_101948,CUST_0446,PROD_0196,2024-09-16,457,233070,Online,Cancelled
SO_101949,CUST_0200,PROD_0118,2024-05-27,266,215992,Direct,Pending
SO_101950,CUST_0289,PROD_0176,2024-10-24,115,76245,Direct,Cancelled
SO_101951,CUST_0391,PROD_0139,2024-12-11,172,45236,Distributor,Cancelled
SO_101952,CUST_0354,PROD_0261,2024-04-27,323,60724,Direct,Completed
SO_101953,CUST_0084,PROD_0242,2024-04-13,322,283360,Direct,Cancelled
SO_101954,CUST_0435,PROD_0244,2024-11-04,69,50301,Online,Cancelled
SO_101955,CUST_0488,PROD_0105,2024-09-05,153,74052,Online,Pending
SO_101956,CUST_0248,PROD_0300,2024-08-08,391,254932,Distributor,Cancelled
SO_101957,CUST_0036,PROD_0258,2024-05-06,424,397288,Distributor,Pending
SO_101958,CUST_0350,PROD_0085,2024-10-13,399,319599,Distributor,Completed
SO_101959,CUST_0264,PROD_0049,2024-02-04,355,260570,Distributor,Pending
SO_101960,CUST_0401,PROD_0026,2024-05-04,438,394200,Distributor,Cancelled
SO_101961,CUST_0133,PROD_0016,2024-05-20,421,173873,Distributor,Cancelled
SO_101962,CUST_0177,PROD_0231,2024-05-16,170,90610,Direct,Completed
SO_101963,CUST_0379,PROD_0256,2024-01-14,185,148000,Direct,Pending
SO_101964,CUST_0424,PROD_0247,2024-08-27,169,41912,Distributor,Pending
SO_101965,CUST_0243,PROD_0078,2024-01-30,258,66306,Distributor,Pending
SO_101966,CUST_0412,PROD_0140,2024-06-27,166,105078,Online,Pending
SO_101967,CUST_0281,PROD_0295,2024-07-30,420,385140,Direct,Completed
SO_101968,CUST_0411,PROD_0156,2024-04-08,237,55932,Online,Pending
SO_101969,CUST_0469,PROD_0057,2024-09-10,329,183582,Distributor,Pending
SO_101970,CUST_0122,PROD_0220,2024-10-27,483,393645,Distributor,Completed
SO_101971,CUST_0490,PROD_0152,2024-08-02,257,242865,Distributor,Completed
SO_101972,CUST_0209,PROD_0244,2024-09-30,260,203320,Distributor,Completed
SO_101973,CUST_0069,PROD_0276,2024-08-31,244,24644,Online,Cancelled
SO_101974,CUST_0288,PROD_0271,2024-08-04,279,193068,Distributor,Completed
SO_101975,CUST_0004,PROD_0130,2024-10-15,356,62656,Distributor,Pending
SO_101976,CUST_0185,PROD_0233,2024-08-09,408,280704,Direct,Cancelled
SO_101977,CUST_0495,PROD_0102,2024-03-29,358,260982,Direct,Cancelled
SO_101978,CUST_0345,PROD_0090,2024-02-09,401,288720,Distributor,Completed
SO_101979,CUST_0394,PROD_0103,2024-10-09,26,3094,Direct,Completed
SO_101980,CUST_0202,PROD_0112,2024-06-19,197,160358,Online,Cancelled
SO_101981,CUST_0007,PROD_0108,2024-03-25,138,107502,Distributor,Cancelled
SO_101982,CUST_0361,PROD_0111,2024-02-10,208,199888,Online,Pending
SO_101983,CUST_0003,PROD_0139,2024-08-04,111,110778,Direct,Cancelled
SO_101984,CUST_0138,PROD_0030,2024-02-25,375,131625,Distributor,Completed
SO_101985,CUST_0472,PROD_0275,2024-05-20,145,35815,Direct,Cancelled
SO_101986,CUST_0321,PROD_0241,2024-05-17,216,128520,Distributor,Completed
SO_101987,CUST_0305,PROD_0071,2024-06-07,30,21180,Distributor,Cancelled
SO_101988,CUST_0128,PROD_0048,2024-10-22,143,60632,Direct,Pending
SO_101989,CUST_0224,PROD_0070,2024-04-29,76,62320,Distributor,Cancelled
SO_101990,CUST_0065,PROD_0055,2024-04-29,309,280572,Online,Pending
SO_101991,CUST_0268,PROD_0020,2024-04-05,317,199710,Online,Cancelled
SO_101992,CUST_0013,PROD_0272,2024-09-05,486,186138,Distributor,Completed
SO_101993,CUST_0318,PROD_0135,2024-10-04,98,45766,Direct,Cancelled
SO_101994,CUST_0308,PROD_0023,2024-05-17,319,113245,Online,Cancelled
SO_101995,CUST_0085,PROD_0201,2024-07-06,393,373350,Distributor,Cancelled
SO_101996,CUST_0470,PROD_0110,2024-10-22,379,52302,Online,Cancelled
SO_101997,CUST_0413,PROD_0042,2024-06-09,369,49815,Direct,Pending
SO_101998,CUST_0220,PROD_0022,2024-05-20,384,140544,Distributor,Pending
SO_101999,CUST_0478,PROD_0036,2024-09-29,273,196014,Distributor,Completed
SO_102000,CUST_0137,PROD_0224,2024-09-20,350,289450,Direct,Pending
SO_102001,CUST_0475,PROD_0190,2024-11-19,463,187978,Direct,Completed
SO_102002,CUST_0499,PROD_0086,2024-10-25,68,35496,Direct,Completed
SO_102003,CUST_0464,PROD_0038,2024-12-08,340,61200,Distributor,Cancelled
SO_102004,CUST_0231,PROD_0160,2024-04-17,154,59290,Distributor,Completed
SO_102005,CUST_0027,PROD_0056,2024-12-20,440,344080,Online,Completed
SO_102006,CUST_0167,PROD_0183,2024-12-28,172,111456,Distributor,Cancelled
SO_102007,CUST_0043,PROD_0057,2024-06-22,121,24079,Distributor,Pending
SO_102008,CUST_0188,PROD_0022,2024-10-12,117,36387,Distributor,Pending
SO_102009,CUST_0349,PROD_0214,2024-12-05,120,76320,Direct,Completed
SO_102010,CUST_0370,PROD_0150,2024-11-20,282,264516,Distributor,Pending
SO_102011,CUST_0080,PROD_0152,2024-05-23,329,80934,Distributor,Cancelled
SO_102012,CUST_0047,PROD_0002,2024-10-16,103,45938,Direct,Cancelled
SO_102013,CUST_0372,PROD_0006,2024-07-04,74,8584,Direct,Cancelled
SO_102014,CUST_0175,PROD_0114,2024-04-09,90,61380,Direct,Cancelled
SO_102015,CUST_0382,PROD_0260,2024-11-24,328,174168,Online,Cancelled
SO_102016,CUST_0330,PROD_0118,2024-02-08,499,476545,Distributor,Cancelled
SO_102017,CUST_0020,PROD_0300,2024-09-25,400,320000,Direct,Cancelled
SO_102018,CUST_0453,PROD_0147,2024-08-24,389,350878,Direct,Cancelled
SO_102019,CUST_0342,PROD_0267,2024-12-10,74,36186,Direct,Cancelled
SO_102020,CUST_0142,PROD_0105,2024-08-03,481,286195,Distributor,Pending
SO_102021,CUST_0462,PROD_0164,2024-07-18,42,23520,Distributor,Completed
SO_102022,CUST_0301,PROD_0286,2024-06-01,188,40232,Distributor,Completed
SO_102023,CUST_0452,PROD_0096,2024-04-11,377,238641,Distributor,Pending
SO_102024,CUST_0473,PROD_0145,2024-06-27,421,316171,Online,Pending
SO_102025,CUST_0001,PROD_0098,2024-03-19,382,249064,Direct,Completed
SO_102026,CUST_0340,PROD_0177,2024-10-07,321,215070,Direct,Completed
SO_102027,CUST_0035,PROD_0033,2024-10-07,254,145796,Online,Cancelled
SO_102028,CUST_0035,PROD_0010,2024-06-23,425,197200,Online,Pending
SO_102029,CUST_0469,PROD_0119,2024-06-15,122,119560,Distributor,Cancelled
SO_102030,CUST_0316,PROD_0137,2024-09-26,273,27300,Online,Cancelled
SO_102031,CUST_0189,PROD_0095,2024-07-16,44,6160,Distributor,Completed
SO_102032,CUST_0069,PROD_0180,2024-12-23,144,128736,Direct,Completed
SO_102033,CUST_0061,PROD_0068,2024-03-03,125,80375,Distributor,Cancelled
SO_102034,CUST_0016,PROD_0048,2024-02-29,292,115340,Online,Cancelled
SO_102035,CUST_0230,PROD_0206,2024-01-07,466,299172,Direct,Completed
SO_102036,CUST_0209,PROD_0224,2024-03-01,218,129492,Distributor,Pending
SO_102037,CUST_0325,PROD_0043,2024-12-23,280,217560,Online,Pending
SO_102038,CUST_0460,PROD_0033,2024-07-23,100,75800,Distributor,Pending
SO_102039,CUST_0055,PROD_0129,2024-12-24,271,231705,Direct,Pending
SO_102040,CUST_0455,PROD_0286,2024-04-10,104,44928,Distributor,Completed
SO_102041,CUST_0382,PROD_0075,2024-05-03,124,82956,Online,Cancelled
SO_102042,CUST_0190,PROD_0160,2024-03-02,492,269124,Direct,Pending
SO_102043,CUST_0303,PROD_0126,2024-01-27,388,92732,Online,Pending
SO_102044,CUST_0386,PROD_0135,2024-06-04,357,95676,Direct,Cancelled
SO_102045,CUST_0132,PROD_0029,2024-06-24,238,130424,Distributor,Cancelled
SO_102046,CUST_0417,PROD_0003,2024-07-02,76,65816,Online,Pending
SO_102047,CUST_0229,PROD_0081,2024-02-29,78,32058,Direct,Completed
SO_102048,CUST_0264,PROD_0123,2024-11-06,341,120714,Online,Pending
SO_102049,CUST_0455,PROD_0029,2024-01-24,108,53028,Online,Cancelled
SO_102050,CUST_0478,PROD_0111,2024-11-28,76,23180,Online,Completed
SO_102051,CUST_0068,PROD_0201,2024-11-07,356,50552,Online,Cancelled
SO_102052,CUST_0403,PROD_0018,2024-09-23,58,17110,Distributor,Completed
SO_102053,CUST_0145,PROD_0143,2024-03-08,42,32718,Direct,Pending
SO_102054,CUST_0143,PROD_0252,2024-09-07,38,36214,Distributor,Cancelled
SO_102055,CUST_0175,PROD_0089,2024-06-24,77,24563,Online,Cancelled
SO_102056,CUST_0320,PROD_0072,2024-12-27,141,89958,Online,Completed
SO_102057,CUST_0197,PROD_0194,2024-01-22,372,280860,Distributor,Pending
SO_102058,CUST_0472,PROD_0274,2024-10-29,451,220088,Direct,Pending
SO_102059,CUST_0449,PROD_0093,2024-07-06,361,336452,Direct,Cancelled
SO_102060,CUST_0313,PROD_0208,2024-07-06,409,368509,Distributor,Completed
SO_102061,CUST_0476,PROD_0222,2024-12-29,445,311945,Online,Completed
SO_102062,CUST_0112,PROD_0226,2024-02-15,418,382052,Distributor,Pending
SO_102063,CUST_0059,PROD_0205,2024-09-24,121,12221,Online,Cancelled
SO_102064,CUST_0448,PROD_0117,2024-11-18,354,225852,Direct,Pending
SO_102065,CUST_0300,PROD_0065,2024-04-05,50,48650,Online,Cancelled
SO_102066,CUST_0215,PROD_0241,2024-06-19,170,169490,Distributor,Completed
SO_102067,CUST_0500,PROD_0234,2024-03-31,165,88440,Distributor,Cancelled
SO_102068,CUST_0437,PROD_0198,2024-05-04,322,235382,Distributor,Pending
SO_102069,CUST_0374,PROD_0042,2024-11-01,294,286650,Distributor,Completed
SO_102070,CUST_0002,PROD_0266,2024-04-19,52,33956,Direct,Cancelled
SO_102071,CUST_0027,PROD_0223,2024-12-06,422,291602,Online,Cancelled
SO_102072,CUST_0255,PROD_0151,2024-01-16,479,446428,Direct,Completed
SO_102073,CUST_0273,PROD_0045,2024-06-08,474,72522,Direct,Completed
SO_102074,CUST_0351,PROD_0032,2024-11-17,462,183414,Distributor,Pending
SO_102075,CUST_0339,PROD_0293,2024-07-21,112,96544,Distributor,Pending
SO_102076,CUST_0410,PROD_0111,2024-06-19,213,133125,Direct,Cancelled
SO_102077,CUST_0240,PROD_0111,2024-05-17,190,135280,Direct,Pending
SO_102078,CUST_0480,PROD_0002,2024-02-05,140,102480,Online,Pending
SO_102079,CUST_0223,PROD_0048,2024-07-18,129,60759,Direct,Pending
SO_102080,CUST_0065,PROD_0195,2024-11-29,193,160190,Online,Completed
SO_102081,CUST_0361,PROD_0053,2024-01-26,324,251100,Online,Completed
SO_102082,CUST_0380,PROD_0221,2024-03-11,263,165427,Direct,Pending
SO_102083,CUST_0445,PROD_0272,2024-08-30,494,354692,Distributor,Completed
SO_102084,CUST_0358,PROD_0217,2024-05-12,21,14511,Online,Cancelled
SO_102085,CUST_0414,PROD_0258,2024-10-10,31,23436,Direct,Pending
SO_102086,CUST_0138,PROD_0112,2024-07-28,18,5454,Distributor,Cancelled
SO_102087,CUST_0447,PROD_0206,2024-07-13,260,89440,Direct,Completed
SO_102088,CUST_0046,PROD_0234,2024-07-25,437,242972,Direct,Pending
SO_102089,CUST_0234,PROD_0060,2024-04-15,371,83104,Distributor,Completed
SO_102090,CUST_0156,PROD_0121,2024-05-10,22,20702,Online,Completed
SO_102091,CUST_0223,PROD_0133,2024-10-04,321,176229,Online,Cancelled
SO_102092,CUST_0113,PROD_0226,2024-07-03,326,259822,Online,Pending
SO_102093,CUST_0069,PROD_0026,2024-09-04,448,228480,Direct,Pending
SO_102094,CUST_0150,PROD_0132,2024-03-30,210,130620,Online,Completed
SO_102095,CUST_0132,PROD_0258,2024-04-01,153,124695,Online,Pending
SO_102096,CUST_0360,PROD_0200,2024-10-14,373,266695,Online,Cancelled
SO_102097,CUST_0104,PROD_0183,2024-09-06,36,32724,Distributor,Pending
SO_102098,CUST_0003,PROD_0075,2024-11-28,181,100455,Online,Cancelled
SO_102099,CUST_0212,PROD_0161,2024-08-21,285,268185,Distributor,Pending
SO_102100,CUST_0320,PROD_0209,2024-01-23,49,15533,Distributor,Pending
SO_102101,CUST_0001,PROD_0260,2024-02-06,339,36951,Distributor,Pending
SO_102102,CUST_0267,PROD_0026,2024-10-21,227,30191,Distributor,Pending
SO_102103,CUST_0439,PROD_0244,2024-03-02,106,67946,Distributor,Pending
SO_102104,CUST_0129,PROD_0202,2024-06-26,424,69112,Direct,Cancelled
SO_102105,CUST_0419,PROD_0267,2024-11-13,213,165501,Distributor,Pending
SO_102106,CUST_0198,PROD_0191,2024-09-03,371,118349,Direct,Cancelled
SO_102107,CUST_0279,PROD_0234,2024-04-07,428,193884,Distributor,Cancelled
SO_102108,CUST_0063,PROD_0009,2024-06-07,266,199766,Online,Cancelled
SO_102109,CUST_0118,PROD_0182,2024-09-18,45,5445,Distributor,Cancelled
SO_102110,CUST_0236,PROD_0105,2024-02-28,392,237160,Online,Cancelled
SO_102111,CUST_0234,PROD_0076,2024-03-10,120,21000,Online,Cancelled
SO_102112,CUST_0424,PROD_0120,2024-06-07,148,16280,Online,Cancelled
SO_102113,CUST_0196,PROD_0275,2024-04-15,264,107712,Online,Completed
SO_102114,CUST_0261,PROD_0125,2024-11-29,485,464630,Online,Cancelled
SO_102115,CUST_0011,PROD_0138,2024-10-04,137,50005,Distributor,Completed
SO_102116,CUST_0272,PROD_0242,2024-10-23,104,54912,Distributor,Pending
SO_102117,CUST_0465,PROD_0161,2024-12-08,24,16224,Direct,Cancelled
SO_102118,CUST_0224,PROD_0058,2024-11-01,422,208890,Direct,Pending
SO_102119,CUST_0433,PROD_0116,2024-10-29,81,79218,Online,Pending
SO_102120,CUST_0031,PROD_0291,2024-05-03,252,122220,Online,Cancelled
SO_102121,CUST_0455,PROD_0162,2024-07-31,77,43043,Online,Completed
SO_102122,CUST_0278,PROD_0100,2024-04-02,341,225401,Distributor,Completed
SO_102123,CUST_0065,PROD_0071,2024-06-02,118,35990,Distributor,Completed
SO_102124,CUST_0361,PROD_0232,2024-01-02,448,335552,Distributor,Cancelled
SO_102125,CUST_0216,PROD_0197,2024-07-20,464,413888,Distributor,Cancelled
SO_102126,CUST_0443,PROD_0171,2024-08-18,415,304195,Direct,Pending
SO_102127,CUST_0008,PROD_0090,2024-06-14,500,374500,Distributor,Pending
SO_102128,CUST_0231,PROD_0246,2024-11-14,63,29673,Online,Completed
SO_102129,CUST_0311,PROD_0174,2024-07-18,10,7230,Online,Pending
SO_102130,CUST_0336,PROD_0171,2024-04-04,359,306945,Online,Completed
SO_102131,CUST_0152,PROD_0046,2024-03-24,329,103964,Direct,Pending
SO_102132,CUST_0430,PROD_0087,2024-01-16,477,178398,Distributor,Completed
SO_102133,CUST_0021,PROD_0245,2024-05-28,457,136643,Online,Cancelled
SO_102134,CUST_0070,PROD_0235,2024-04-09,243,92097,Distributor,Completed
SO_102135,CUST_0330,PROD_0134,2024-05-27,265,205640,Distributor,Pending
SO_102136,CUST_0443,PROD_0165,2024-08-06,280,93240,Distributor,Completed
SO_102137,CUST_0061,PROD_0155,2024-10-22,187,59840,Online,Pending
SO_102138,CUST_0476,PROD_0042,2024-06-13,361,154869,Direct,Cancelled
SO_102139,CUST_0334,PROD_0040,2024-10-10,112,111328,Online,Pending
SO_102140,CUST_0438,PROD_0122,2024-07-04,52,38376,Direct,Cancelled
SO_102141,CUST_0372,PROD_0138,2024-05-22,181,113668,Online,Pending
SO_102142,CUST_0050,PROD_0284,2024-04-11,382,252502,Distributor,Pending
SO_102143,CUST_0055,PROD_0124,2024-05-23,288,164736,Distributor,Completed
SO_102144,CUST_0346,PROD_0286,2024-06-04,203,186760,Online,Completed
SO_102145,CUST_0368,PROD_0272,2024-12-14,65,51350,Distributor,Pending
SO_102146,CUST_0460,PROD_0043,2024-04-29,183,85278,Distributor,Cancelled
SO_102147,CUST_0144,PROD_0064,2024-03-13,295,279955,Distributor,Pending
SO_102148,CUST_0254,PROD_0074,2024-08-21,200,168200,Online,Completed
SO_102149,CUST_0267,PROD_0023,2024-12-16,129,78432,Direct,Completed
SO_102150,CUST_0456,PROD_0130,2024-08-04,357,146727,Online,Completed
SO_102151,CUST_0497,PROD_0276,2024-09-16,252,71820,Online,Pending
SO_102152,CUST_0345,PROD_0028,2024-03-18,251,192517,Direct,Completed
SO_102153,CUST_0120,PROD_0294,2024-11-12,447,163602,Direct,Completed
SO_102154,CUST_0497,PROD_0101,2024-11-13,60,49020,Direct,Cancelled
SO_102155,CUST_0063,PROD_0049,2024-06-02,434,178808,Direct,Completed
SO_102156,CUST_0071,PROD_0168,2024-05-31,405,360045,Distributor,Completed
SO_102157,CUST_0386,PROD_0057,2024-03-07,392,163464,Direct,Completed
SO_102158,CUST_0033,PROD_0161,2024-09-11,455,374920,Distributor,Pending
SO_102159,CUST_0150,PROD_0291,2024-12-02,364,314132,Online,Cancelled
SO_102160,CUST_0026,PROD_0189,2024-05-06,290,266220,Online,Pending
SO_102161,CUST_0442,PROD_0084,2024-05-11,109,49377,Distributor,Completed
SO_102162,CUST_0476,PROD_0063,2024-03-11,484,71148,Online,Pending
SO_102163,CUST_0058,PROD_0121,2024-09-30,363,228690,Direct,Completed
SO_102164,CUST_0269,PROD_0190,2024-01-27,390,235950,Online,Cancelled
SO_102165,CUST_0017,PROD_0185,2024-12-25,339,293235,Distributor,Pending
SO_102166,CUST_0144,PROD_0023,2024-06-15,352,55616,Distributor,Pending
SO_102167,CUST_0448,PROD_0028,2024-06-29,59,36816,Direct,Cancelled
SO_102168,CUST_0120,PROD_0059,2024-04-13,128,64896,Online,Completed
SO_102169,CUST_0354,PROD_0036,2024-07-26,400,177600,Direct,Pending
SO_102170,CUST_0224,PROD_0163,2024-10-27,116,40484,Direct,Cancelled
SO_102171,CUST_0464,PROD_0028,2024-12-04,370,107670,Online,Pending
SO_102172,CUST_0158,PROD_0294,2024-02-07,296,140896,Distributor,Cancelled
SO_102173,CUST_0440,PROD_0151,2024-08-06,410,354240,Direct,Pending
SO_102174,CUST_0403,PROD_0201,2024-07-02,37,17723,Distributor,Cancelled
SO_102175,CUST_0291,PROD_0057,2024-05-08,141,134514,Online,Pending
SO_102176,CUST_0242,PROD_0228,2024-03-14,402,181302,Online,Completed
SO_102177,CUST_0358,PROD_0059,2024-09-08,170,46070,Direct,Completed
SO_102178,CUST_0364,PROD_0074,2024-03-03,458,330218,Distributor,Completed
SO_102179,CUST_0257,PROD_0122,2024-09-16,500,112500,Online,Cancelled
SO_102180,CUST_0225,PROD_0157,2024-06-13,223,216310,Direct,Completed
SO_102181,CUST_0383,PROD_0005,2024-08-12,13,3497,Online,Pending
SO_102182,CUST_0008,PROD_0283,2024-06-10,471,146481,Online,Cancelled
SO_102183,CUST_0321,PROD_0032,2024-07-01,49,14700,Distributor,Completed
SO_102184,CUST_0018,PROD_0019,2024-08-14,22,13948,Direct,Pending
SO_102185,CUST_0401,PROD_0222,2024-11-25,37,7622,Online,Pending
SO_102186,CUST_0340,PROD_0298,2024-08-16,83,68060,Online,Pending
SO_102187,CUST_0428,PROD_0169,2024-04-16,56,25872,Online,Cancelled
SO_102188,CUST_0086,PROD_0300,2024-03-20,96,41664,Distributor,Pending
SO_102189,CUST_0073,PROD_0247,2024-04-06,184,65504,Online,Pending
SO_102190,CUST_0469,PROD_0238,2024-06-21,212,197584,Distributor,Cancelled
SO_102191,CUST_0116,PROD_0054,2024-06-27,455,273910,Direct,Completed
SO_102192,CUST_0013,PROD_0205,2024-07-13,87,82041,Distributor,Cancelled
SO_102193,CUST_0053,PROD_0241,2024-03-25,184,160264,Online,Pending
SO_102194,CUST_0277,PROD_0165,2024-05-17,52,33540,Direct,Pending
SO_102195,CUST_0344,PROD_0238,2024-04-05,172,140696,Distributor,Completed
SO_102196,CUST_0395,PROD_0028,2024-03-09,171,137484,Distributor,Cancelled
SO_102197,CUST_0479,PROD_0022,2024-06-14,358,355852,Direct,Pending
SO_102198,CUST_0242,PROD_0041,2024-08-13,451,422587,Direct,Cancelled
SO_102199,CUST_0108,PROD_0176,2024-12-01,108,38232,Distributor,Completed
SO_102200,CUST_0058,PROD_0244,2024-06-28,158,48664,Direct,Cancelled
SO_102201,CUST_0162,PROD_0114,2024-03-01,408,279888,Distributor,Pending
SO_102202,CUST_0375,PROD_0108,2024-04-01,159,85065,Online,Cancelled
SO_102203,CUST_0001,PROD_0170,2024-05-25,55,35200,Distributor,Cancelled
SO_102204,CUST_0107,PROD_0167,2024-09-06,63,20034,Online,Pending
SO_102205,CUST_0345,PROD_0037,2024-07-07,241,70372,Online,Completed
SO_102206,CUST_0453,PROD_0007,2024-01-24,190,40470,Online,Cancelled
SO_102207,CUST_0433,PROD_0004,2024-09-09,129,47214,Direct,Cancelled
SO_102208,CUST_0169,PROD_0127,2024-01-02,94,38728,Distributor,Pending
SO_102209,CUST_0473,PROD_0032,2024-11-14,444,361416,Online,Cancelled
SO_102210,CUST_0450,PROD_0235,2024-11-22,254,39370,Direct,Pending
SO_102211,CUST_0026,PROD_0091,2024-03-28,85,18190,Online,Cancelled
SO_102212,CUST_0499,PROD_0086,2024-12-22,437,157757,Direct,Pending
SO_102213,CUST_0308,PROD_0012,2024-07-07,388,78376,Distributor,Completed
SO_102214,CUST_0445,PROD_0264,2024-12-07,393,43230,Distributor,Cancelled
SO_102215,CUST_0031,PROD_0160,2024-07-13,362,181362,Direct,Cancelled
SO_102216,CUST_0281,PROD_0296,2024-08-12,392,202272,Online,Pending
SO_102217,CUST_0229,PROD_0135,2024-08-07,85,59160,Direct,Cancelled
SO_102218,CUST_0310,PROD_0158,2024-03-06,70,38080,Distributor,Completed
SO_102219,CUST_0285,PROD_0022,2024-12-05,437,287983,Direct,Cancelled
SO_102220,CUST_0130,PROD_0224,2024-10-13,37,35890,Online,Pending
SO_102221,CUST_0321,PROD_0295,2024-10-21,440,367400,Direct,Cancelled
SO_102222,CUST_0361,PROD_0293,2024-06-09,370,124320,Online,Cancelled
SO_102223,CUST_0323,PROD_0142,2024-12-09,115,80615,Distributor,Pending
SO_102224,CUST_0019,PROD_0145,2024-09-14,189,154035,Online,Completed
SO_102225,CUST_0212,PROD_0115,2024-11-29,151,21442,Distributor,Pending
SO_102226,CUST_0324,PROD_0081,2024-01-22,259,58275,Direct,Pending
SO_102227,CUST_0445,PROD_0059,2024-12-10,291,243858,Online,Pending
SO_102228,CUST_0396,PROD_0219,2024-11-29,22,7304,Online,Pending
SO_102229,CUST_0213,PROD_0108,2024-05-10,457,175031,Distributor,Pending
SO_102230,CUST_0118,PROD_0126,2024-08-01,400,397600,Direct,Cancelled
SO_102231,CUST_0212,PROD_0187,2024-06-21,218,34226,Online,Cancelled
SO_102232,CUST_0377,PROD_0099,2024-07-27,302,81842,Online,Cancelled
SO_102233,CUST_0045,PROD_0011,2024-02-03,385,130515,Direct,Cancelled
SO_102234,CUST_0461,PROD_0078,2024-01-15,378,378000,Online,Pending
SO_102235,CUST_0332,PROD_0145,2024-09-25,69,54579,Distributor,Cancelled
SO_102236,CUST_0197,PROD_0045,2024-08-04,161,73416,Distributor,Pending
SO_102237,CUST_0433,PROD_0228,2024-09-06,28,23408,Direct,Pending
SO_102238,CUST_0350,PROD_0003,2024-11-28,487,226942,Distributor,Cancelled
SO_102239,CUST_0285,PROD_0238,2024-07-30,78,19656,Online,Completed
SO_102240,CUST_0481,PROD_0172,2024-02-23,441,402192,Distributor,Pending
SO_102241,CUST_0232,PROD_0011,2024-12-02,94,75858,Direct,Completed
SO_102242,CUST_0365,PROD_0296,2024-08-13,253,166727,Online,Cancelled
SO_102243,CUST_0351,PROD_0098,2024-07-21,449,129312,Online,Pending
SO_102244,CUST_0255,PROD_0026,2024-11-23,167,120407,Distributor,Completed
SO_102245,CUST_0139,PROD_0165,2024-01-15,95,14155,Online,Pending
SO_102246,CUST_0448,PROD_0046,2024-08-19,267,265932,Direct,Completed
SO_102247,CUST_0202,PROD_0246,2024-05-20,115,107755,Direct,Cancelled
SO_102248,CUST_0457,PROD_0285,2024-01-31,72,9792,Online,Pending
SO_102249,CUST_0412,PROD_0088,2024-05-11,249,230076,Distributor,Pending
SO_102250,CUST_0127,PROD_0222,2024-07-29,171,141930,Direct,Cancelled
SO_102251,CUST_0235,PROD_0247,2024-06-24,381,152781,Direct,Cancelled
SO_102252,CUST_0147,PROD_0298,2024-10-29,425,296225,Online,Pending
SO_102253,CUST_0329,PROD_0168,2024-02-06,409,206136,Online,Pending
SO_102254,CUST_0150,PROD_0295,2024-08-06,79,59329,Distributor,Completed
SO_102255,CUST_0284,PROD_0265,2024-01-16,204,169932,Distributor,Cancelled
SO_102256,CUST_0443,PROD_0289,2024-06-25,326,186472,Distributor,Completed
SO_102257,CUST_0436,PROD_0052,2024-03-29,261,31320,Distributor,Pending
SO_102258,CUST_0486,PROD_0176,2024-07-14,229,182742,Distributor,Pending
SO_102259,CUST_0296,PROD_0118,2024-02-19,20,15520,Online,Pending
SO_102260,CUST_0179,PROD_0142,2024-12-13,116,104748,Distributor,Completed
SO_102261,CUST_0278,PROD_0027,2024-01-02,160,142720,Online,Completed
SO_102262,CUST_0340,PROD_0225,2024-07-22,382,348384,Online,Cancelled
SO_102263,CUST_0043,PROD_0014,2024-06-11,257,52942,Distributor,Pending
SO_102264,CUST_0062,PROD_0036,2024-04-22,394,366026,Online,Completed
SO_102265,CUST_0023,PROD_0164,2024-05-10,411,267150,Distributor,Completed
SO_102266,CUST_0444,PROD_0173,2024-02-07,276,246192,Distributor,Completed
SO_102267,CUST_0269,PROD_0195,2024-07-31,431,224120,Distributor,Pending
SO_102268,CUST_0312,PROD_0275,2024-05-20,133,85652,Online,Completed
SO_102269,CUST_0498,PROD_0095,2024-04-12,280,240240,Direct,Completed
SO_102270,CUST_0144,PROD_0103,2024-03-06,206,86314,Online,Cancelled
SO_102271,CUST_0435,PROD_0232,2024-01-21,420,166740,Distributor,Completed
SO_102272,CUST_0307,PROD_0028,2024-11-22,426,103518,Direct,Pending
SO_102273,CUST_0148,PROD_0134,2024-12-11,207,38916,Distributor,Pending
SO_102274,CUST_0431,PROD_0271,2024-05-24,439,71118,Direct,Cancelled
SO_102275,CUST_0477,PROD_0146,2024-08-12,100,21500,Distributor,Pending
SO_102276,CUST_0407,PROD_0215,2024-09-01,466,423128,Direct,Completed
SO_102277,CUST_0393,PROD_0038,2024-11-04,478,377142,Online,Cancelled
SO_102278,CUST_0274,PROD_0061,2024-03-22,344,198488,Direct,Completed
SO_102279,CUST_0214,PROD_0024,2024-01-15,73,16206,Online,Pending
SO_102280,CUST_0190,PROD_0152,2024-01-30,333,144855,Distributor,Pending
SO_102281,CUST_0022,PROD_0017,2024-06-15,246,41328,Online,Cancelled
SO_102282,CUST_0214,PROD_0152,2024-02-01,130,109200,Distributor,Pending
SO_102283,CUST_0368,PROD_0201,2024-01-04,410,270190,Distributor,Completed
SO_102284,CUST_0484,PROD_0097,2024-03-30,427,412909,Online,Cancelled
SO_102285,CUST_0436,PROD_0138,2024-08-04,182,45136,Online,Cancelled
SO_102286,CUST_0409,PROD_0158,2024-08-22,458,365026,Direct,Pending
SO_102287,CUST_0352,PROD_0135,2024-02-03,24,2472,Distributor,Completed
SO_102288,CUST_0154,PROD_0134,2024-11-05,11,8459,Online,Completed
SO_102289,CUST_0279,PROD_0115,2024-02-22,226,143510,Online,Pending
SO_102290,CUST_0166,PROD_0259,2024-09-17,184,119232,Direct,Cancelled
SO_102291,CUST_0045,PROD_0186,2024-05-30,68,27608,Direct,Cancelled
SO_102292,CUST_0280,PROD_0126,2024-05-23,224,52416,Direct,Cancelled
SO_102293,CUST_0407,PROD_0103,2024-01-18,456,162792,Distributor,Completed
SO_102294,CUST_0179,PROD_0050,2024-08-07,124,14632,Distributor,Cancelled
SO_102295,CUST_0411,PROD_0151,2024-03-23,419,407268,Distributor,Completed
SO_102296,CUST_0112,PROD_0297,2024-08-10,148,136308,Distributor,Completed
SO_102297,CUST_0469,PROD_0058,2024-09-16,70,59500,Direct,Pending
SO_102298,CUST_0110,PROD_0012,2024-07-07,427,172508,Direct,Cancelled
SO_102299,CUST_0072,PROD_0297,2024-01-06,210,36750,Direct,Cancelled
SO_102300,CUST_0290,PROD_0196,2024-06-22,233,106947,Distributor,Cancelled
SO_102301,CUST_0004,PROD_0059,2024-03-02,228,105336,Distributor,Pending
SO_102302,CUST_0290,PROD_0217,2024-01-03,69,55821,Online,Completed
SO_102303,CUST_0053,PROD_0217,2024-12-14,76,73188,Direct,Pending
SO_102304,CUST_0404,PROD_0122,2024-10-23,156,105768,Direct,Pending
SO_102305,CUST_0209,PROD_0288,2024-12-28,238,196588,Distributor,Completed
SO_102306,CUST_0074,PROD_0190,2024-04-10,352,59136,Online,Cancelled
SO_102307,CUST_0150,PROD_0119,2024-09-17,407,210826,Direct,Completed
SO_102308,CUST_0189,PROD_0065,2024-01-07,296,249528,Direct,Pending
SO_102309,CUST_0128,PROD_0186,2024-05-17,341,287804,Distributor,Completed
SO_102310,CUST_0311,PROD_0217,2024-01-15,65,37180,Online,Pending
SO_102311,CUST_0253,PROD_0217,2024-05-08,55,21890,Distributor,Cancelled
SO_102312,CUST_0494,PROD_0166,2024-06-15,381,152019,Direct,Completed
SO_102313,CUST_0275,PROD_0253,2024-02-15,300,156600,Online,Cancelled
SO_102314,CUST_0261,PROD_0088,2024-10-29,267,46725,Direct,Cancelled
SO_102315,CUST_0008,PROD_0029,2024-08-09,158,52772,Distributor,Completed
SO_102316,CUST_0347,PROD_0117,2024-03-09,378,271026,Distributor,Completed
SO_102317,CUST_0044,PROD_0102,2024-06-27,411,276603,Distributor,Pending
SO_102318,CUST_0095,PROD_0145,2024-07-10,98,19012,Online,Completed
SO_102319,CUST_0094,PROD_0012,2024-02-04,18,2052,Online,Pending
SO_102320,CUST_0321,PROD_0028,2024-06-29,131,105586,Distributor,Cancelled
SO_102321,CUST_0110,PROD_0054,2024-09-14,25,14500,Distributor,Completed
SO_102322,CUST_0008,PROD_0101,2024-01-29,76,44308,Direct,Pending
SO_102323,CUST_0171,PROD_0102,2024-10-15,134,110550,Distributor,Cancelled
SO_102324,CUST_0442,PROD_0068,2024-02-08,462,408408,Direct,Completed
SO_102325,CUST_0004,PROD_0228,2024-01-15,312,77688,Distributor,Cancelled
SO_102326,CUST_0493,PROD_0188,2024-03-14,181,58825,Distributor,Pending
SO_102327,CUST_0478,PROD_0290,2024-01-14,391,374187,Online,Completed
SO_102328,CUST_0277,PROD_0276,2024-04-12,215,196510,Online,Cancelled
SO_102329,CUST_0164,PROD_0179,2024-09-15,102,100980,Online,Pending
SO_102330,CUST_0090,PROD_0108,2024-02-28,268,85492,Online,Completed
SO_102331,CUST_0338,PROD_0098,2024-05-15,33,3960,Online,Completed
SO_102332,CUST_0067,PROD_0100,2024-01-02,446,235934,Direct,Pending
SO_102333,CUST_0473,PROD_0010,2024-03-08,477,183645,Direct,Pending
SO_102334,CUST_0324,PROD_0018,2024-10-13,367,248092,Distributor,Pending
SO_102335,CUST_0176,PROD_0152,2024-07-21,159,88245,Online,Cancelled
SO_102336,CUST_0299,PROD_0284,2024-05-07,433,348998,Online,Completed
SO_102337,CUST_0072,PROD_0074,2024-02-12,403,43121,Distributor,Cancelled
SO_102338,CUST_0279,PROD_0114,2024-03-28,185,181670,Direct,Cancelled
SO_102339,CUST_0473,PROD_0260,2024-03-24,249,220365,Direct,Pending
SO_102340,CUST_0293,PROD_0298,2024-08-22,157,151505,Online,Completed
SO_102341,CUST_0052,PROD_0285,2024-11-01,474,264966,Direct,Pending
SO_102342,CUST_0057,PROD_0030,2024-07-16,499,393711,Direct,Cancelled
SO_102343,CUST_0075,PROD_0120,2024-11-03,154,26334,Distributor,Completed
SO_102344,CUST_0188,PROD_0171,2024-11-16,415,97525,Distributor,Cancelled
SO_102345,CUST_0500,PROD_0174,2024-04-18,382,87478,Online,Pending
SO_102346,CUST_0231,PROD_0144,2024-03-28,85,58395,Distributor,Cancelled
SO_102347,CUST_0484,PROD_0218,2024-05-19,200,46800,Online,Cancelled
SO_102348,CUST_0224,PROD_0270,2024-05-20,240,113280,Online,Completed
SO_102349,CUST_0264,PROD_0015,2024-04-25,328,169576,Distributor,Completed
SO_102350,CUST_0273,PROD_0139,2024-08-07,363,62436,Direct,Completed
SO_102351,CUST_0374,PROD_0018,2024-09-21,212,97944,Direct,Cancelled
SO_102352,CUST_0490,PROD_0275,2024-12-09,493,465885,Online,Pending
SO_102353,CUST_0039,PROD_0263,2024-12-08,448,144704,Direct,Completed
SO_102354,CUST_0474,PROD_0183,2024-06-30,432,292464,Distributor,Pending
SO_102355,CUST_0176,PROD_0225,2024-08-26,70,43610,Online,Pending
SO_102356,CUST_0424,PROD_0157,2024-06-01,337,49539,Online,Completed
SO_102357,CUST_0476,PROD_0233,2024-12-09,33,22506,Online,Cancelled
SO_102358,CUST_0094,PROD_0171,2024-01-06,483,56028,Direct,Completed
SO_102359,CUST_0285,PROD_0133,2024-11-07,210,114870,Direct,Pending
SO_102360,CUST_0271,PROD_0269,2024-11-22,302,171536,Direct,Pending
SO_102361,CUST_0172,PROD_0265,2024-10-28,308,264572,Online,Cancelled
SO_102362,CUST_0448,PROD_0145,2024-05-23,488,52704,Direct,Pending
SO_102363,CUST_0036,PROD_0234,2024-09-29,300,90000,Direct,Cancelled
SO_102364,CUST_0119,PROD_0178,2024-04-01,223,153647,Online,Completed
SO_102365,CUST_0459,PROD_0177,2024-02-28,44,43912,Distributor,Completed
SO_102366,CUST_0210,PROD_0033,2024-01-01,360,151200,Distributor,Cancelled
SO_102367,CUST_0328,PROD_0290,2024-06-05,201,142911,Distributor,Completed
SO_102368,CUST_0237,PROD_0204,2024-05-16,95,71820,Direct,Pending
SO_102369,CUST_0030,PROD_0179,2024-09-22,46,22586,Direct,Completed
SO_102370,CUST_0312,PROD_0111,2024-09-21,369,126567,Online,Pending
SO_102371,CUST_0478,PROD_0054,2024-09-20,313,288273,Online,Completed
SO_102372,CUST_0456,PROD_0293,2024-11-17,401,344459,Direct,Cancelled
SO_102373,CUST_0295,PROD_0246,2024-07-24,389,366049,Distributor,Completed
SO_102374,CUST_0119,PROD_0007,2024-02-01,458,183658,Online,Cancelled
SO_102375,CUST_0358,PROD_0181,2024-03-24,278,210168,Distributor,Completed
SO_102376,CUST_0215,PROD_0296,2024-02-17,170,93500,Online,Cancelled
SO_102377,CUST_0323,PROD_0123,2024-09-21,482,216900,Online,Completed
SO_102378,CUST_0484,PROD_0101,2024-02-28,254,26670,Distributor,Pending
SO_102379,CUST_0076,PROD_0029,2024-12-09,246,155472,Online,Pending
SO_102380,CUST_0184,PROD_0172,2024-12-31,163,24613,Direct,Pending
SO_102381,CUST_0477,PROD_0160,2024-04-23,15,7875,Distributor,Cancelled
SO_102382,CUST_0005,PROD_0248,2024-12-24,184,87216,Direct,Cancelled
SO_102383,CUST_0382,PROD_0054,2024-09-03,129,123453,Direct,Completed
SO_102384,CUST_0171,PROD_0137,2024-04-14,420,210000,Online,Cancelled
SO_102385,CUST_0417,PROD_0277,2024-10-04,78,75114,Direct,Cancelled
SO_102386,CUST_0271,PROD_0015,2024-07-09,495,423720,Distributor,Completed
SO_102387,CUST_0251,PROD_0018,2024-10-08,83,40421,Distributor,Completed
SO_102388,CUST_0301,PROD_0272,2024-08-07,61,47397,Direct,Pending
SO_102389,CUST_0083,PROD_0210,2024-04-02,144,120528,Online,Pending
SO_102390,CUST_0256,PROD_0067,2024-02-24,189,81648,Direct,Cancelled
SO_102391,CUST_0317,PROD_0088,2024-03-03,64,35136,Distributor,Cancelled
SO_102392,CUST_0265,PROD_0236,2024-01-20,247,156351,Direct,Cancelled
SO_102393,CUST_0334,PROD_0259,2024-04-09,286,40040,Online,Pending
SO_102394,CUST_0382,PROD_0044,2024-07-22,492,195816,Online,Cancelled
SO_102395,CUST_0466,PROD_0058,2024-02-24,280,120960,Online,Completed
SO_102396,CUST_0231,PROD_0101,2024-02-23,248,128712,Distributor,Completed
SO_102397,CUST_0270,PROD_0162,2024-01-13,237,211641,Distributor,Cancelled
SO_102398,CUST_0499,PROD_0233,2024-02-28,75,19500,Online,Cancelled
SO_102399,CUST_0144,PROD_0025,2024-10-02,427,305732,Direct,Completed
SO_102400,CUST_0087,PROD_0289,2024-12-08,389,210060,Distributor,Cancelled
SO_102401,CUST_0418,PROD_0269,2024-11-15,173,58820,Online,Completed
SO_102402,CUST_0401,PROD_0261,2024-09-04,339,265776,Online,Pending
SO_102403,CUST_0390,PROD_0260,2024-09-28,81,49896,Direct,Cancelled
SO_102404,CUST_0023,PROD_0149,2024-12-17,356,251692,Online,Completed
SO_102405,CUST_0088,PROD_0166,2024-04-18,136,69632,Online,Cancelled
SO_102406,CUST_0404,PROD_0019,2024-06-30,31,5425,Distributor,Pending
SO_102407,CUST_0111,PROD_0159,2024-09-19,277,40442,Direct,Completed
SO_102408,CUST_0422,PROD_0037,2024-12-31,112,34272,Distributor,Pending
SO_102409,CUST_0069,PROD_0011,2024-01-09,186,171864,Online,Cancelled
SO_102410,CUST_0086,PROD_0192,2024-08-11,297,165726,Direct,Pending
SO_102411,CUST_0284,PROD_0185,2024-05-13,147,35868,Online,Pending
SO_102412,CUST_0478,PROD_0230,2024-01-29,97,31913,Distributor,Pending
SO_102413,CUST_0355,PROD_0267,2024-04-02,149,103704,Direct,Pending
SO_102414,CUST_0446,PROD_0154,2024-12-31,494,147706,Online,Completed
SO_102415,CUST_0474,PROD_0287,2024-05-14,344,59856,Direct,Completed
SO_102416,CUST_0061,PROD_0277,2024-10-20,56,30800,Direct,Pending
SO_102417,CUST_0272,PROD_0121,2024-12-02,85,68255,Online,Pending
SO_102418,CUST_0223,PROD_0139,2024-11-28,192,51264,Distributor,Completed
SO_102419,CUST_0236,PROD_0255,2024-11-04,409,87117,Direct,Pending
SO_102420,CUST_0243,PROD_0226,2024-11-04,27,14337,Distributor,Completed
SO_102421,CUST_0053,PROD_0128,2024-02-17,46,5382,Distributor,Completed
SO_102422,CUST_0040,PROD_0016,2024-05-01,80,28400,Direct,Completed
SO_102423,CUST_0414,PROD_0079,2024-05-30,26,23816,Direct,Completed
SO_102424,CUST_0410,PROD_0263,2024-09-11,352,120032,Online,Pending
SO_102425,CUST_0013,PROD_0098,2024-08-01,39,7371,Online,Completed
SO_102426,CUST_0148,PROD_0196,2024-02-06,246,76260,Direct,Completed
SO_102427,CUST_0167,PROD_0017,2024-05-17,141,131553,Direct,Pending
SO_102428,CUST_0095,PROD_0251,2024-11-27,400,298400,Online,Completed
SO_102429,CUST_0484,PROD_0047,2024-12-14,239,113286,Distributor,Completed
SO_102430,CUST_0216,PROD_0132,2024-09-06,364,183456,Direct,Cancelled
SO_102431,CUST_0199,PROD_0038,2024-11-25,221,151827,Distributor,Completed
SO_102432,CUST_0474,PROD_0079,2024-11-11,391,109480,Direct,Completed
SO_102433,CUST_0231,PROD_0122,2024-04-06,471,355605,Online,Pending
SO_102434,CUST_0414,PROD_0234,2024-12-09,470,383990,Direct,Cancelled
SO_102435,CUST_0456,PROD_0105,2024-07-23,158,127190,Distributor,Pending
SO_102436,CUST_0483,PROD_0023,2024-07-17,69,62307,Online,Pending
SO_102437,CUST_0143,PROD_0210,2024-07-22,343,121079,Distributor,Completed
SO_102438,CUST_0007,PROD_0101,2024-04-28,188,123140,Direct,Pending
SO_102439,CUST_0167,PROD_0113,2024-11-13,264,241032,Online,Cancelled
SO_102440,CUST_0009,PROD_0109,2024-02-13,248,185256,Direct,Pending
SO_102441,CUST_0252,PROD_0272,2024-02-08,209,180785,Online,Pending
SO_102442,CUST_0132,PROD_0240,2024-07-28,372,193440,Online,Pending
SO_102443,CUST_0486,PROD_0116,2024-08-31,45,16380,Online,Completed
SO_102444,CUST_0385,PROD_0168,2024-12-18,315,296730,Direct,Completed
SO_102445,CUST_0070,PROD_0081,2024-03-25,329,253659,Direct,Cancelled
SO_102446,CUST_0024,PROD_0299,2024-04-29,48,8496,Direct,Completed
SO_102447,CUST_0141,PROD_0243,2024-08-05,490,230790,Direct,Completed
SO_102448,CUST_0354,PROD_0256,2024-03-14,403,359879,Direct,Pending
SO_102449,CUST_0261,PROD_0076,2024-11-19,248,230392,Online,Pending
SO_102450,CUST_0120,PROD_0007,2024-08-24,224,219296,Distributor,Completed
SO_102451,CUST_0356,PROD_0176,2024-03-08,120,39960,Distributor,Completed
SO_102452,CUST_0095,PROD_0111,2024-10-13,349,304677,Online,Cancelled
SO_102453,CUST_0175,PROD_0239,2024-03-10,211,71740,Distributor,Cancelled
SO_102454,CUST_0374,PROD_0212,2024-11-15,457,252721,Distributor,Cancelled
SO_102455,CUST_0188,PROD_0218,2024-04-01,270,167400,Online,Completed
SO_102456,CUST_0088,PROD_0243,2024-05-28,202,56560,Distributor,Pending
SO_102457,CUST_0046,PROD_0118,2024-10-02,480,186240,Online,Pending
SO_102458,CUST_0182,PROD_0186,2024-01-16,462,118734,Online,Pending
SO_102459,CUST_0457,PROD_0061,2024-12-08,219,37668,Direct,Cancelled
SO_102460,CUST_0270,PROD_0180,2024-01-25,362,309510,Distributor,Cancelled
SO_102461,CUST_0113,PROD_0232,2024-05-07,22,11858,Online,Completed
SO_102462,CUST_0213,PROD_0218,2024-03-25,195,126945,Distributor,Cancelled
SO_102463,CUST_0397,PROD_0156,2024-01-17,433,236851,Distributor,Completed
SO_102464,CUST_0167,PROD_0039,2024-01-15,133,63308,Online,Completed
SO_102465,CUST_0393,PROD_0300,2024-12-13,205,130585,Direct,Completed
SO_102466,CUST_0063,PROD_0094,2024-08-08,96,15264,Direct,Completed
SO_102467,CUST_0019,PROD_0189,2024-12-26,175,54250,Distributor,Completed
SO_102468,CUST_0383,PROD_0048,2024-07-27,411,365790,Online,Cancelled
SO_102469,CUST_0309,PROD_0012,2024-01-04,386,67164,Online,Completed
SO_102470,CUST_0198,PROD_0179,2024-02-03,340,212500,Distributor,Cancelled
SO_102471,CUST_0421,PROD_0203,2024-06-17,484,392040,Online,Pending
SO_102472,CUST_0295,PROD_0192,2024-01-24,116,73776,Direct,Completed
SO_102473,CUST_0016,PROD_0156,2024-12-17,195,42315,Direct,Completed
SO_102474,CUST_0197,PROD_0113,2024-05-02,358,147138,Direct,Pending
SO_102475,CUST_0374,PROD_0246,2024-04-12,141,109698,Distributor,Cancelled
SO_102476,CUST_0428,PROD_0293,2024-09-20,354,140538,Online,Pending
SO_102477,CUST_0141,PROD_0121,2024-05-06,227,224049,Online,Completed
SO_102478,CUST_0477,PROD_0228,2024-10-12,83,25066,Online,Pending
SO_102479,CUST_0074,PROD_0242,2024-08-04,173,74909,Direct,Pending
SO_102480,CUST_0215,PROD_0178,2024-02-24,133,100016,Online,Completed
SO_102481,CUST_0187,PROD_0086,2024-08-27,72,49608,Direct,Cancelled
SO_102482,CUST_0075,PROD_0081,2024-10-01,317,128385,Online,Pending
SO_102483,CUST_0380,PROD_0150,2024-10-10,21,20790,Distributor,Completed
SO_102484,CUST_0465,PROD_0264,2024-08-11,14,6650,Distributor,Completed
SO_102485,CUST_0409,PROD_0252,2024-05-08,428,276916,Distributor,Pending
SO_102486,CUST_0100,PROD_0014,2024-02-03,122,98698,Direct,Pending
SO_102487,CUST_0032,PROD_0294,2024-01-10,433,245944,Distributor,Cancelled
SO_102488,CUST_0025,PROD_0025,2024-03-12,287,234766,Distributor,Cancelled
SO_102489,CUST_0385,PROD_0027,2024-09-15,304,210368,Distributor,Completed
SO_102490,CUST_0390,PROD_0248,2024-11-17,81,69498,Direct,Cancelled
SO_102491,CUST_0008,PROD_0256,2024-02-05,222,89022,Distributor,Completed
SO_102492,CUST_0410,PROD_0163,2024-07-29,15,1710,Online,Pending
SO_102493,CUST_0083,PROD_0220,2024-12-20,485,339985,Distributor,Pending
SO_102494,CUST_0090,PROD_0052,2024-10-01,233,59415,Direct,Cancelled
SO_102495,CUST_0121,PROD_0030,2024-05-22,232,98136,Direct,Pending
SO_102496,CUST_0134,PROD_0053,2024-09-04,290,157180,Direct,Pending
SO_102497,CUST_0043,PROD_0277,2024-01-23,43,35389,Direct,Cancelled
SO_102498,CUST_0435,PROD_0141,2024-11-19,131,128118,Direct,Cancelled
SO_102499,CUST_0249,PROD_0198,2024-02-08,297,80487,Online,Completed
SO_102500,CUST_0406,PROD_0144,2024-07-15,234,126360,Distributor,Cancelled
SO_102501,CUST_0009,PROD_0232,2024-03-02,402,72360,Online,Completed
SO_102502,CUST_0356,PROD_0051,2024-04-18,430,126850,Direct,Pending
SO_102503,CUST_0326,PROD_0027,2024-12-15,122,113094,Distributor,Cancelled
SO_102504,CUST_0169,PROD_0133,2024-07-20,242,174482,Direct,Completed
SO_102505,CUST_0139,PROD_0102,2024-01-04,441,102312,Direct,Completed
SO_102506,CUST_0344,PROD_0183,2024-03-27,69,36570,Distributor,Completed
SO_102507,CUST_0311,PROD_0146,2024-10-29,239,172080,Online,Pending
SO_102508,CUST_0090,PROD_0297,2024-07-18,195,149955,Direct,Pending
SO_102509,CUST_0132,PROD_0053,2024-01-19,14,6230,Distributor,Pending
SO_102510,CUST_0148,PROD_0106,2024-10-12,427,43127,Online,Completed
SO_102511,CUST_0069,PROD_0118,2024-03-18,171,137997,Direct,Cancelled
SO_102512,CUST_0454,PROD_0106,2024-07-01,426,284568,Direct,Cancelled
SO_102513,CUST_0130,PROD_0010,2024-01-03,78,69498,Direct,Cancelled
SO_102514,CUST_0454,PROD_0173,2024-10-12,64,50624,Online,Completed
SO_102515,CUST_0303,PROD_0028,2024-11-02,124,96224,Direct,Completed
SO_102516,CUST_0340,PROD_0125,2024-03-05,119,106505,Direct,Completed
SO_102517,CUST_0196,PROD_0117,2024-09-07,184,77648,Distributor,Completed
SO_102518,CUST_0177,PROD_0099,2024-10-23,320,83200,Direct,Completed
SO_102519,CUST_0065,PROD_0053,2024-04-14,186,180048,Online,Completed
SO_102520,CUST_0190,PROD_0197,2024-02-04,265,55385,Online,Pending
SO_102521,CUST_0366,PROD_0094,2024-05-04,104,27144,Direct,Cancelled
SO_102522,CUST_0112,PROD_0293,2024-10-07,117,87516,Distributor,Cancelled
SO_102523,CUST_0293,PROD_0041,2024-09-21,126,21924,Distributor,Cancelled
SO_102524,CUST_0145,PROD_0203,2024-09-19,259,69671,Online,Pending
SO_102525,CUST_0203,PROD_0252,2024-03-14,151,16610,Direct,Completed
SO_102526,CUST_0242,PROD_0048,2024-06-25,280,100240,Direct,Completed
SO_102527,CUST_0096,PROD_0194,2024-03-19,373,224173,Online,Completed
SO_102528,CUST_0395,PROD_0130,2024-05-15,49,40376,Distributor,Cancelled
SO_102529,CUST_0241,PROD_0167,2024-05-04,283,198666,Direct,Pending
SO_102530,CUST_0280,PROD_0076,2024-05-11,158,85636,Distributor,Completed
SO_102531,CUST_0185,PROD_0153,2024-01-05,63,15435,Online,Completed
SO_102532,CUST_0077,PROD_0145,2024-08-08,317,246943,Distributor,Cancelled
SO_102533,CUST_0064,PROD_0095,2024-11-28,454,294192,Direct,Completed
SO_102534,CUST_0137,PROD_0156,2024-08-27,237,111627,Distributor,Pending
SO_102535,CUST_0393,PROD_0146,2024-10-15,152,62320,Online,Completed
SO_102536,CUST_0415,PROD_0070,2024-07-26,246,71340,Online,Cancelled
SO_102537,CUST_0010,PROD_0047,2024-04-01,135,83565,Distributor,Completed
SO_102538,CUST_0476,PROD_0079,2024-09-09,319,134937,Distributor,Completed
SO_102539,CUST_0227,PROD_0179,2024-09-24,399,271320,Distributor,Completed
SO_102540,CUST_0039,PROD_0126,2024-10-09,283,127350,Online,Completed
SO_102541,CUST_0104,PROD_0143,2024-05-11,212,112148,Distributor,Pending
SO_102542,CUST_0177,PROD_0159,2024-07-01,20,12520,Distributor,Completed
SO_102543,CUST_0493,PROD_0283,2024-03-24,288,190656,Distributor,Completed
SO_102544,CUST_0124,PROD_0063,2024-08-17,184,144440,Online,Completed
SO_102545,CUST_0457,PROD_0279,2024-12-03,163,37653,Online,Pending
SO_102546,CUST_0009,PROD_0013,2024-01-17,166,70052,Distributor,Completed
SO_102547,CUST_0081,PROD_0034,2024-10-02,175,128800,Direct,Completed
SO_102548,CUST_0379,PROD_0047,2024-07-25,79,15326,Distributor,Cancelled
SO_102549,CUST_0124,PROD_0034,2024-11-15,253,94622,Direct,Cancelled
SO_102550,CUST_0454,PROD_0081,2024-11-29,420,291060,Online,Pending
SO_102551,CUST_0353,PROD_0262,2024-02-14,484,207636,Online,Completed
SO_102552,CUST_0399,PROD_0197,2024-10-14,290,220400,Online,Cancelled
SO_102553,CUST_0003,PROD_0198,2024-06-13,154,43274,Online,Pending
SO_102554,CUST_0455,PROD_0269,2024-08-09,343,205114,Direct,Cancelled
SO_102555,CUST_0303,PROD_0083,2024-01-24,260,71500,Online,Completed
SO_102556,CUST_0236,PROD_0291,2024-04-10,403,376805,Direct,Pending
SO_102557,CUST_0056,PROD_0095,2024-09-20,18,3762,Distributor,Cancelled
SO_102558,CUST_0401,PROD_0172,2024-08-19,47,22090,Distributor,Completed
SO_102559,CUST_0360,PROD_0016,2024-09-23,349,279898,Online,Pending
SO_102560,CUST_0434,PROD_0207,2024-02-03,378,198828,Distributor,Completed
SO_102561,CUST_0270,PROD_0082,2024-12-07,67,35577,Online,Completed
SO_102562,CUST_0336,PROD_0043,2024-11-15,414,168912,Direct,Completed
SO_102563,CUST_0423,PROD_0268,2024-09-18,54,43200,Online,Cancelled
SO_102564,CUST_0001,PROD_0009,2024-11-07,332,163676,Distributor,Pending
SO_102565,CUST_0240,PROD_0067,2024-11-13,433,355493,Online,Completed
SO_102566,CUST_0183,PROD_0239,2024-01-07,259,74851,Online,Pending
SO_102567,CUST_0148,PROD_0168,2024-04-05,65,9815,Online,Pending
SO_102568,CUST_0161,PROD_0080,2024-04-16,321,244602,Distributor,Pending
SO_102569,CUST_0171,PROD_0143,2024-10-01,256,128512,Distributor,Cancelled
SO_102570,CUST_0255,PROD_0015,2024-05-01,20,18140,Distributor,Pending
SO_102571,CUST_0098,PROD_0074,2024-06-05,321,220527,Distributor,Completed
SO_102572,CUST_0133,PROD_0069,2024-08-11,63,33894,Distributor,Pending
SO_102573,CUST_0152,PROD_0036,2024-01-04,108,15552,Direct,Pending
SO_102574,CUST_0500,PROD_0169,2024-11-10,482,380780,Online,Cancelled
SO_102575,CUST_0117,PROD_0047,2024-01-29,377,277849,Distributor,Pending
SO_102576,CUST_0234,PROD_0232,2024-09-18,151,76104,Online,Pending
SO_102577,CUST_0136,PROD_0017,2024-05-27,498,374496,Direct,Completed
SO_102578,CUST_0113,PROD_0120,2024-11-14,93,44082,Distributor,Cancelled
SO_102579,CUST_0441,PROD_0170,2024-12-08,292,175200,Direct,Completed
SO_102580,CUST_0282,PROD_0020,2024-06-25,140,62580,Online,Pending
SO_102581,CUST_0097,PROD_0150,2024-06-04,349,262797,Direct,Completed
SO_102582,CUST_0059,PROD_0025,2024-06-30,427,139629,Direct,Pending
SO_102583,CUST_0022,PROD_0202,2024-02-13,307,256345,Direct,Cancelled
SO_102584,CUST_0406,PROD_0200,2024-03-25,403,343356,Direct,Pending
SO_102585,CUST_0371,PROD_0279,2024-05-19,327,193911,Distributor,Cancelled
SO_102586,CUST_0050,PROD_0086,2024-11-22,383,360020,Online,Cancelled
SO_102587,CUST_0384,PROD_0288,2024-10-24,107,19795,Distributor,Pending
SO_102588,CUST_0474,PROD_0056,2024-10-26,446,140490,Direct,Pending
SO_102589,CUST_0107,PROD_0007,2024-07-11,119,104363,Direct,Completed
SO_102590,CUST_0150,PROD_0158,2024-07-24,190,41610,Direct,Pending
SO_102591,CUST_0307,PROD_0143,2024-02-16,296,180264,Online,Completed
SO_102592,CUST_0479,PROD_0229,2024-12-22,372,197532,Distributor,Pending
SO_102593,CUST_0488,PROD_0283,2024-03-29,67,8509,Online,Completed
SO_102594,CUST_0327,PROD_0131,2024-08-07,412,238136,Distributor,Cancelled
SO_102595,CUST_0270,PROD_0034,2024-09-06,489,458193,Distributor,Pending
SO_102596,CUST_0241,PROD_0233,2024-09-06,324,143856,Direct,Completed
SO_102597,CUST_0034,PROD_0195,2024-02-10,369,339480,Online,Pending
SO_102598,CUST_0231,PROD_0192,2024-02-04,266,246050,Distributor,Completed
SO_102599,CUST_0408,PROD_0176,2024-08-27,321,76077,Direct,Cancelled
SO_102600,CUST_0424,PROD_0195,2024-01-19,268,191352,Distributor,Cancelled
SO_102601,CUST_0433,PROD_0017,2024-11-06,478,432112,Online,Pending
SO_102602,CUST_0459,PROD_0096,2024-08-14,279,180513,Online,Completed
SO_102603,CUST_0157,PROD_0230,2024-05-30,140,46340,Direct,Pending
SO_102604,CUST_0462,PROD_0002,2024-07-12,127,25908,Direct,Cancelled
SO_102605,CUST_0167,PROD_0049,2024-04-12,490,362600,Distributor,Pending
SO_102606,CUST_0196,PROD_0145,2024-09-15,479,468462,Distributor,Completed
SO_102607,CUST_0109,PROD_0149,2024-08-06,240,77520,Direct,Cancelled
SO_102608,CUST_0116,PROD_0108,2024-06-22,128,60416,Online,Pending
SO_102609,CUST_0427,PROD_0206,2024-02-15,450,378900,Distributor,Completed
SO_102610,CUST_0336,PROD_0051,2024-04-05,73,64094,Online,Completed
SO_102611,CUST_0185,PROD_0034,2024-03-04,374,57596,Online,Completed
SO_102612,CUST_0226,PROD_0105,2024-03-19,444,86136,Online,Pending
SO_102613,CUST_0299,PROD_0068,2024-06-22,60,24900,Online,Cancelled
SO_102614,CUST_0239,PROD_0155,2024-10-22,133,72751,Direct,Cancelled
SO_102615,CUST_0013,PROD_0063,2024-08-05,297,57915,Online,Pending
SO_102616,CUST_0169,PROD_0017,2024-10-21,230,33120,Distributor,Completed
SO_102617,CUST_0191,PROD_0161,2024-12-15,75,20400,Direct,Cancelled
SO_102618,CUST_0061,PROD_0246,2024-05-10,150,70950,Online,Pending
SO_102619,CUST_0418,PROD_0027,2024-10-28,439,210720,Online,Cancelled
SO_102620,CUST_0365,PROD_0170,2024-06-07,131,130214,Online,Pending
SO_102621,CUST_0426,PROD_0179,2024-09-13,366,274866,Distributor,Cancelled
SO_102622,CUST_0081,PROD_0250,2024-10-27,64,38848,Distributor,Completed
SO_102623,CUST_0214,PROD_0277,2024-12-25,250,38500,Direct,Pending
SO_102624,CUST_0355,PROD_0010,2024-07-09,448,63616,Online,Completed
SO_102625,CUST_0246,PROD_0164,2024-09-03,71,65533,Distributor,Cancelled
SO_102626,CUST_0290,PROD_0102,2024-11-10,261,257346,Direct,Cancelled
SO_102627,CUST_0343,PROD_0158,2024-01-13,213,97128,Direct,Pending
SO_102628,CUST_0031,PROD_0242,2024-03-27,487,257136,Direct,Completed
SO_102629,CUST_0053,PROD_0052,2024-05-26,405,57915,Direct,Cancelled
SO_102630,CUST_0279,PROD_0269,2024-12-31,283,232343,Direct,Pending
SO_102631,CUST_0421,PROD_0172,2024-03-31,300,239400,Distributor,Completed
SO_102632,CUST_0044,PROD_0289,2024-02-03,259,76664,Direct,Completed
SO_102633,CUST_0008,PROD_0218,2024-10-11,107,39804,Online,Completed
SO_102634,CUST_0017,PROD_0160,2024-05-06,80,16480,Online,Completed
SO_102635,CUST_0011,PROD_0147,2024-07-13,135,50490,Direct,Completed
SO_102636,CUST_0009,PROD_0235,2024-07-28,473,152306,Distributor,Pending
SO_102637,CUST_0154,PROD_0198,2024-08-17,476,362712,Distributor,Completed
SO_102638,CUST_0094,PROD_0098,2024-07-25,332,169320,Direct,Cancelled
SO_102639,CUST_0195,PROD_0111,2024-10-11,156,48672,Direct,Pending
SO_102640,CUST_0358,PROD_0170,2024-04-05,200,173200,Direct,Completed
SO_102641,CUST_0253,PROD_0203,2024-10-13,449,194417,Direct,Pending
SO_102642,CUST_0498,PROD_0139,2024-07-24,117,53001,Distributor,Completed
SO_102643,CUST_0242,PROD_0035,2024-05-05,266,122892,Direct,Pending
SO_102644,CUST_0204,PROD_0095,2024-09-29,115,109940,Direct,Cancelled
SO_102645,CUST_0216,PROD_0042,2024-10-06,82,11234,Direct,Cancelled
SO_102646,CUST_0081,PROD_0027,2024-08-21,467,432909,Distributor,Completed
SO_102647,CUST_0241,PROD_0025,2024-01-28,124,56544,Distributor,Cancelled
SO_102648,CUST_0137,PROD_0053,2024-07-14,126,45738,Online,Cancelled
SO_102649,CUST_0063,PROD_0110,2024-04-20,251,99145,Online,Pending
SO_102650,CUST_0462,PROD_0197,2024-05-14,170,158610,Distributor,Pending
SO_102651,CUST_0497,PROD_0105,2024-12-06,299,260130,Distributor,Cancelled
SO_102652,CUST_0242,PROD_0106,2024-05-30,54,54000,Online,Pending
SO_102653,CUST_0049,PROD_0072,2024-12-22,225,44100,Online,Completed
SO_102654,CUST_0404,PROD_0034,2024-06-23,86,78776,Online,Completed
SO_102655,CUST_0338,PROD_0212,2024-01-09,156,96720,Online,Cancelled
SO_102656,CUST_0292,PROD_0073,2024-05-25,80,30880,Online,Pending
SO_102657,CUST_0382,PROD_0240,2024-06-28,160,95680,Direct,Completed
SO_102658,CUST_0282,PROD_0136,2024-08-14,159,145008,Online,Completed
SO_102659,CUST_0097,PROD_0101,2024-09-08,475,197125,Direct,Completed
SO_102660,CUST_0142,PROD_0274,2024-04-25,432,400032,Direct,Cancelled
SO_102661,CUST_0053,PROD_0251,2024-12-24,486,238626,Direct,Cancelled
SO_102662,CUST_0471,PROD_0075,2024-11-26,156,136344,Direct,Cancelled
SO_102663,CUST_0463,PROD_0271,2024-03-08,233,228806,Direct,Pending
SO_102664,CUST_0244,PROD_0084,2024-07-03,454,339138,Direct,Cancelled
SO_102665,CUST_0029,PROD_0182,2024-08-25,255,56355,Distributor,Completed
SO_102666,CUST_0465,PROD_0195,2024-01-03,143,67639,Direct,Cancelled
SO_102667,CUST_0347,PROD_0275,2024-12-08,325,78325,Direct,Completed
SO_102668,CUST_0277,PROD_0137,2024-08-06,239,164910,Distributor,Completed
SO_102669,CUST_0178,PROD_0067,2024-08-05,401,196490,Online,Pending
SO_102670,CUST_0170,PROD_0062,2024-12-15,432,368496,Online,Cancelled
SO_102671,CUST_0065,PROD_0086,2024-02-29,112,38752,Distributor,Completed
SO_102672,CUST_0468,PROD_0079,2024-05-31,110,90750,Distributor,Cancelled
SO_102673,CUST_0476,PROD_0269,2024-09-13,329,125349,Online,Cancelled
SO_102674,CUST_0107,PROD_0162,2024-07-15,428,131396,Direct,Pending
SO_102675,CUST_0417,PROD_0300,2024-12-05,37,34336,Distributor,Completed
SO_102676,CUST_0286,PROD_0074,2024-07-14,305,302560,Distributor,Completed
SO_102677,CUST_0101,PROD_0228,2024-08-22,112,105392,Distributor,Completed
SO_102678,CUST_0152,PROD_0194,2024-04-30,266,157206,Direct,Pending
SO_102679,CUST_0362,PROD_0148,2024-12-01,322,288512,Distributor,Pending
SO_102680,CUST_0048,PROD_0209,2024-08-06,475,290700,Distributor,Completed
SO_102681,CUST_0173,PROD_0092,2024-01-14,221,83317,Online,Cancelled
SO_102682,CUST_0407,PROD_0085,2024-11-23,259,56980,Distributor,Pending
SO_102683,CUST_0313,PROD_0244,2024-04-03,446,148964,Direct,Cancelled
SO_102684,CUST_0445,PROD_0130,2024-07-22,122,81862,Direct,Pending
SO_102685,CUST_0163,PROD_0200,2024-11-08,486,316872,Direct,Pending
SO_102686,CUST_0176,PROD_0015,2024-10-16,43,27821,Distributor,Pending
SO_102687,CUST_0120,PROD_0292,2024-04-20,375,262500,Distributor,Pending
SO_102688,CUST_0453,PROD_0030,2024-02-15,107,84102,Distributor,Completed
SO_102689,CUST_0399,PROD_0096,2024-08-03,173,74044,Distributor,Cancelled
SO_102690,CUST_0497,PROD_0193,2024-03-13,495,421245,Distributor,Completed
SO_102691,CUST_0390,PROD_0149,2024-12-10,152,107616,Online,Cancelled
SO_102692,CUST_0197,PROD_0049,2024-10-10,27,10692,Distributor,Pending
SO_102693,CUST_0088,PROD_0248,2024-02-05,384,223104,Online,Completed
SO_102694,CUST_0339,PROD_0244,2024-04-06,372,39432,Direct,Completed
SO_102695,CUST_0122,PROD_0015,2024-01-29,316,113444,Online,Cancelled
SO_102696,CUST_0446,PROD_0203,2024-10-27,253,56419,Direct,Cancelled
SO_102697,CUST_0083,PROD_0025,2024-04-14,32,12352,Direct,Cancelled
SO_102698,CUST_0248,PROD_0296,2024-04-06,100,73800,Direct,Pending
SO_102699,CUST_0487,PROD_0175,2024-05-20,456,198816,Direct,Cancelled
SO_102700,CUST_0036,PROD_0143,2024-09-02,38,29184,Direct,Completed
SO_102701,CUST_0040,PROD_0177,2024-07-30,399,154014,Direct,Pending
SO_102702,CUST_0026,PROD_0212,2024-05-20,438,265428,Distributor,Completed
SO_102703,CUST_0057,PROD_0202,2024-03-26,349,165077,Distributor,Pending
SO_102704,CUST_0074,PROD_0260,2024-07-14,294,225498,Direct,Completed
SO_102705,CUST_0358,PROD_0300,2024-03-15,293,150895,Distributor,Completed
SO_102706,CUST_0368,PROD_0281,2024-04-07,210,204540,Direct,Pending
SO_102707,CUST_0276,PROD_0059,2024-04-25,287,79499,Distributor,Pending
SO_102708,CUST_0066,PROD_0086,2024-03-19,87,19401,Online,Cancelled
SO_102709,CUST_0218,PROD_0141,2024-01-01,297,279180,Online,Pending
SO_102710,CUST_0184,PROD_0039,2024-07-18,89,58918,Online,Completed
SO_102711,CUST_0173,PROD_0069,2024-03-06,61,53497,Online,Completed
SO_102712,CUST_0010,PROD_0193,2024-01-06,116,41876,Online,Completed
SO_102713,CUST_0364,PROD_0185,2024-10-22,475,374300,Direct,Cancelled
SO_102714,CUST_0167,PROD_0230,2024-09-20,381,100203,Online,Completed
SO_102715,CUST_0222,PROD_0128,2024-09-29,319,214687,Online,Pending
SO_102716,CUST_0368,PROD_0156,2024-02-01,185,32005,Distributor,Cancelled
SO_102717,CUST_0085,PROD_0133,2024-08-18,216,79704,Direct,Pending
SO_102718,CUST_0258,PROD_0220,2024-11-14,29,20880,Direct,Cancelled
SO_102719,CUST_0237,PROD_0014,2024-04-26,107,34133,Distributor,Pending
SO_102720,CUST_0322,PROD_0099,2024-08-21,285,114285,Direct,Pending
SO_102721,CUST_0303,PROD_0067,2024-04-04,12,11736,Distributor,Cancelled
SO_102722,CUST_0202,PROD_0124,2024-02-07,376,172208,Direct,Cancelled
SO_102723,CUST_0022,PROD_0141,2024-06-26,294,85554,Direct,Pending
SO_102724,CUST_0233,PROD_0137,2024-01-20,63,56952,Distributor,Completed
SO_102725,CUST_0086,PROD_0056,2024-12-28,465,223200,Distributor,Completed
SO_102726,CUST_0047,PROD_0258,2024-08-02,376,94752,Direct,Completed
SO_102727,CUST_0434,PROD_0105,2024-01-08,457,123847,Distributor,Pending
SO_102728,CUST_0264,PROD_0201,2024-08-28,279,275931,Online,Completed
SO_102729,CUST_0208,PROD_0269,2024-05-18,56,28112,Online,Cancelled
SO_102730,CUST_0253,PROD_0071,2024-06-19,98,55762,Direct,Completed
SO_102731,CUST_0293,PROD_0159,2024-06-18,91,9373,Direct,Cancelled
SO_102732,CUST_0121,PROD_0125,2024-09-15,196,53312,Direct,Cancelled
SO_102733,CUST_0298,PROD_0134,2024-12-06,241,240277,Direct,Completed
SO_102734,CUST_0077,PROD_0276,2024-08-01,211,150865,Direct,Cancelled
SO_102735,CUST_0014,PROD_0172,2024-06-25,169,56615,Distributor,Pending
SO_102736,CUST_0433,PROD_0197,2024-04-06,167,18203,Distributor,Pending
SO_102737,CUST_0296,PROD_0287,2024-05-10,445,240300,Direct,Pending
SO_102738,CUST_0104,PROD_0040,2024-09-28,77,73458,Direct,Cancelled
SO_102739,CUST_0094,PROD_0053,2024-01-14,53,21942,Distributor,Completed
SO_102740,CUST_0449,PROD_0241,2024-02-01,84,42756,Online,Cancelled
SO_102741,CUST_0018,PROD_0048,2024-07-18,156,62868,Distributor,Completed
SO_102742,CUST_0456,PROD_0158,2024-10-14,319,312301,Online,Completed
SO_102743,CUST_0065,PROD_0095,2024-07-08,158,63042,Distributor,Completed
SO_102744,CUST_0200,PROD_0129,2024-01-26,489,327630,Online,Pending
SO_102745,CUST_0386,PROD_0094,2024-10-01,84,55104,Online,Pending
SO_102746,CUST_0427,PROD_0204,2024-02-07,86,8858,Distributor,Completed
SO_102747,CUST_0184,PROD_0211,2024-07-08,205,184705,Distributor,Completed
SO_102748,CUST_0094,PROD_0228,2024-09-20,367,277452,Direct,Completed
SO_102749,CUST_0122,PROD_0023,2024-03-01,102,76908,Online,Cancelled
SO_102750,CUST_0303,PROD_0060,2024-07-27,160,154080,Direct,Pending
SO_102751,CUST_0178,PROD_0016,2024-07-22,400,321600,Direct,Completed
SO_102752,CUST_0079,PROD_0003,2024-12-13,309,141831,Online,Completed
SO_102753,CUST_0395,PROD_0152,2024-03-20,167,126419,Distributor,Cancelled
SO_102754,CUST_0187,PROD_0219,2024-10-20,36,12456,Direct,Completed
SO_102755,CUST_0271,PROD_0158,2024-10-05,423,318096,Distributor,Cancelled
SO_102756,CUST_0445,PROD_0284,2024-05-13,56,47936,Online,Cancelled
SO_102757,CUST_0351,PROD_0203,2024-03-27,310,259160,Online,Completed
SO_102758,CUST_0394,PROD_0130,2024-01-27,396,301752,Online,Pending
SO_102759,CUST_0350,PROD_0215,2024-07-23,121,57112,Online,Completed
SO_102760,CUST_0241,PROD_0295,2024-10-06,132,123948,Distributor,Pending
SO_102761,CUST_0014,PROD_0023,2024-01-20,469,329238,Distributor,Completed
SO_102762,CUST_0348,PROD_0069,2024-09-30,209,56430,Online,Completed
SO_102763,CUST_0404,PROD_0192,2024-12-23,203,163618,Direct,Completed
SO_102764,CUST_0325,PROD_0088,2024-11-07,248,224936,Distributor,Cancelled
SO_102765,CUST_0449,PROD_0254,2024-07-30,334,50768,Online,Cancelled
SO_102766,CUST_0213,PROD_0014,2024-04-03,433,121673,Direct,Cancelled
SO_102767,CUST_0184,PROD_0086,2024-08-07,214,153010,Online,Cancelled
SO_102768,CUST_0035,PROD_0009,2024-11-16,412,268212,Distributor,Cancelled
SO_102769,CUST_0492,PROD_0279,2024-09-02,83,79929,Direct,Cancelled
SO_102770,CUST_0117,PROD_0236,2024-09-25,307,223496,Distributor,Cancelled
SO_102771,CUST_0371,PROD_0241,2024-04-29,292,132568,Direct,Pending
SO_102772,CUST_0335,PROD_0170,2024-04-13,481,472823,Distributor,Cancelled
SO_102773,CUST_0191,PROD_0212,2024-07-16,111,81030,Online,Cancelled
SO_102774,CUST_0034,PROD_0244,2024-12-12,187,176341,Online,Pending
SO_102775,CUST_0499,PROD_0210,2024-01-23,70,60900,Distributor,Completed
SO_102776,CUST_0379,PROD_0169,2024-12-17,412,276864,Direct,Cancelled
SO_102777,CUST_0146,PROD_0032,2024-03-15,321,241071,Direct,Cancelled
SO_102778,CUST_0499,PROD_0251,2024-03-03,363,172788,Direct,Completed
SO_102779,CUST_0453,PROD_0003,2024-06-11,54,19440,Distributor,Pending
SO_102780,CUST_0271,PROD_0223,2024-10-19,496,303552,Online,Cancelled
SO_102781,CUST_0288,PROD_0144,2024-02-06,70,14980,Online,Pending
SO_102782,CUST_0138,PROD_0210,2024-11-07,337,82228,Direct,Completed
SO_102783,CUST_0092,PROD_0021,2024-08-23,16,10880,Online,Cancelled
SO_102784,CUST_0221,PROD_0119,2024-08-28,445,266555,Direct,Completed
SO_102785,CUST_0359,PROD_0180,2024-12-05,126,44604,Online,Pending
SO_102786,CUST_0497,PROD_0258,2024-06-08,18,14940,Distributor,Pending
SO_102787,CUST_0113,PROD_0145,2024-10-16,443,109421,Direct,Cancelled
SO_102788,CUST_0025,PROD_0217,2024-10-21,113,21131,Distributor,Pending
SO_102789,CUST_0266,PROD_0292,2024-08-22,282,139308,Online,Completed
SO_102790,CUST_0208,PROD_0090,2024-03-19,398,368548,Direct,Cancelled
SO_102791,CUST_0345,PROD_0133,2024-07-21,397,52404,Online,Completed
SO_102792,CUST_0095,PROD_0175,2024-12-12,220,192060,Online,Completed
SO_102793,CUST_0350,PROD_0255,2024-07-27,311,257508,Direct,Cancelled
SO_102794,CUST_0425,PROD_0282,2024-05-03,158,80106,Distributor,Completed
SO_102795,CUST_0354,PROD_0060,2024-02-09,248,152520,Direct,Completed
SO_102796,CUST_0208,PROD_0224,2024-01-04,103,84357,Distributor,Cancelled
SO_102797,CUST_0122,PROD_0250,2024-05-28,274,47128,Distributor,Pending
SO_102798,CUST_0352,PROD_0084,2024-04-08,462,298452,Distributor,Pending
SO_102799,CUST_0438,PROD_0053,2024-01-25,284,238276,Distributor,Pending
SO_102800,CUST_0045,PROD_0298,2024-10-30,206,133694,Direct,Cancelled
SO_102801,CUST_0173,PROD_0038,2024-02-28,207,158976,Online,Cancelled
SO_102802,CUST_0459,PROD_0008,2024-05-25,333,76590,Online,Completed
SO_102803,CUST_0470,PROD_0186,2024-03-19,375,361875,Distributor,Pending
SO_102804,CUST_0075,PROD_0054,2024-03-27,388,359288,Direct,Completed
SO_102805,CUST_0365,PROD_0173,2024-02-13,90,33840,Distributor,Completed
SO_102806,CUST_0468,PROD_0228,2024-09-21,81,58644,Distributor,Cancelled
SO_102807,CUST_0438,PROD_0040,2024-10-29,360,79560,Distributor,Cancelled
SO_102808,CUST_0243,PROD_0062,2024-07-29,489,475797,Online,Completed
SO_102809,CUST_0161,PROD_0205,2024-03-18,135,31995,Online,Completed
SO_102810,CUST_0420,PROD_0244,2024-11-05,272,148240,Direct,Completed
SO_102811,CUST_0237,PROD_0068,2024-01-25,295,231870,Online,Pending
SO_102812,CUST_0124,PROD_0007,2024-12-04,447,222606,Direct,Pending
SO_102813,CUST_0252,PROD_0085,2024-11-19,272,65824,Distributor,Completed
SO_102814,CUST_0061,PROD_0047,2024-03-11,108,42336,Online,Completed
SO_102815,CUST_0427,PROD_0252,2024-12-28,79,23463,Distributor,Completed
SO_102816,CUST_0314,PROD_0045,2024-03-08,318,297648,Distributor,Pending
SO_102817,CUST_0288,PROD_0242,2024-10-03,251,43423,Online,Pending
SO_102818,CUST_0399,PROD_0247,2024-05-03,109,69433,Direct,Cancelled
SO_102819,CUST_0208,PROD_0032,2024-10-31,31,20956,Distributor,Completed
SO_102820,CUST_0263,PROD_0285,2024-10-11,308,64064,Distributor,Cancelled
SO_102821,CUST_0118,PROD_0193,2024-01-07,474,60672,Online,Cancelled
SO_102822,CUST_0471,PROD_0109,2024-03-01,353,284165,Distributor,Completed
SO_102823,CUST_0171,PROD_0235,2024-01-19,500,421000,Direct,Pending
SO_102824,CUST_0096,PROD_0029,2024-01-04,229,171063,Online,Completed
SO_102825,CUST_0435,PROD_0155,2024-02-17,194,50246,Direct,Pending
SO_102826,CUST_0186,PROD_0074,2024-07-04,126,43218,Distributor,Pending
SO_102827,CUST_0497,PROD_0201,2024-05-29,186,146940,Distributor,Pending
SO_102828,CUST_0035,PROD_0203,2024-12-05,485,182845,Online,Cancelled
SO_102829,CUST_0387,PROD_0191,2024-01-24,306,73746,Online,Completed
SO_102830,CUST_0064,PROD_0160,2024-03-19,164,90036,Online,Cancelled
SO_102831,CUST_0375,PROD_0161,2024-03-23,113,103734,Distributor,Pending
SO_102832,CUST_0131,PROD_0300,2024-10-16,308,249480,Direct,Completed
SO_102833,CUST_0392,PROD_0223,2024-08-08,295,33925,Online,Cancelled
SO_102834,CUST_0118,PROD_0256,2024-03-18,274,158098,Online,Pending
SO_102835,CUST_0476,PROD_0129,2024-02-23,217,214396,Distributor,Completed
SO_102836,CUST_0075,PROD_0237,2024-03-31,385,85085,Distributor,Completed
SO_102837,CUST_0377,PROD_0209,2024-09-17,36,28692,Direct,Cancelled
SO_102838,CUST_0364,PROD_0284,2024-04-05,399,278502,Online,Pending
SO_102839,CUST_0445,PROD_0184,2024-02-27,356,223212,Distributor,Completed
SO_102840,CUST_0188,PROD_0132,2024-05-24,390,183690,Distributor,Pending
SO_102841,CUST_0495,PROD_0056,2024-01-25,139,107586,Direct,Pending
SO_102842,CUST_0324,PROD_0044,2024-08-20,104,75088,Distributor,Completed
SO_102843,CUST_0235,PROD_0020,2024-10-09,357,304521,Distributor,Cancelled
SO_102844,CUST_0399,PROD_0090,2024-10-18,221,97461,Online,Pending
SO_102845,CUST_0188,PROD_0007,2024-02-24,243,115425,Distributor,Cancelled
SO_102846,CUST_0108,PROD_0299,2024-09-01,448,221760,Distributor,Completed
SO_102847,CUST_0090,PROD_0092,2024-02-09,279,135315,Distributor,Pending
SO_102848,CUST_0225,PROD_0285,2024-11-01,224,69664,Online,Completed
SO_102849,CUST_0414,PROD_0211,2024-07-12,367,183133,Direct,Pending
SO_102850,CUST_0464,PROD_0047,2024-03-24,182,81900,Direct,Completed
SO_102851,CUST_0043,PROD_0289,2024-12-22,417,90906,Online,Completed
SO_102852,CUST_0272,PROD_0144,2024-01-31,28,3696,Online,Completed
SO_102853,CUST_0453,PROD_0154,2024-02-01,173,34427,Distributor,Pending
SO_102854,CUST_0446,PROD_0276,2024-03-01,353,284165,Direct,Completed
SO_102855,CUST_0184,PROD_0172,2024-10-03,166,72708,Online,Completed
SO_102856,CUST_0317,PROD_0053,2024-08-28,267,198648,Distributor,Pending
SO_102857,CUST_0124,PROD_0081,2024-06-23,448,201600,Distributor,Completed
SO_102858,CUST_0296,PROD_0285,2024-12-30,371,305333,Distributor,Completed
SO_102859,CUST_0401,PROD_0164,2024-06-03,488,273768,Online,Pending
SO_102860,CUST_0434,PROD_0121,2024-07-18,122,23546,Online,Pending
SO_102861,CUST_0443,PROD_0296,2024-01-26,154,152306,Online,Pending
SO_102862,CUST_0162,PROD_0011,2024-07-01,11,5808,Online,Pending
SO_102863,CUST_0135,PROD_0113,2024-09-26,85,55505,Direct,Pending
SO_102864,CUST_0087,PROD_0281,2024-08-02,175,27300,Distributor,Pending
SO_102865,CUST_0344,PROD_0104,2024-06-13,262,32488,Direct,Pending
SO_102866,CUST_0061,PROD_0236,2024-07-26,170,52530,Direct,Completed
SO_102867,CUST_0122,PROD_0062,2024-12-04,401,220550,Direct,Cancelled
SO_102868,CUST_0290,PROD_0297,2024-12-18,242,239822,Online,Pending
SO_102869,CUST_0448,PROD_0239,2024-01-02,418,178486,Online,Completed
SO_102870,CUST_0344,PROD_0101,2024-07-23,302,294148,Distributor,Completed
SO_102871,CUST_0093,PROD_0029,2024-04-26,488,451888,Online,Cancelled
SO_102872,CUST_0363,PROD_0021,2024-04-16,439,218622,Distributor,Cancelled
SO_102873,CUST_0075,PROD_0086,2024-01-04,489,316872,Distributor,Completed
SO_102874,CUST_0001,PROD_0212,2024-03-26,300,141300,Distributor,Cancelled
SO_102875,CUST_0239,PROD_0257,2024-10-03,203,115710,Online,Cancelled
SO_102876,CUST_0261,PROD_0187,2024-10-06,419,299166,Online,Cancelled
SO_102877,CUST_0495,PROD_0274,2024-05-09,77,35189,Distributor,Pending
SO_102878,CUST_0376,PROD_0285,2024-04-12,155,29295,Online,Cancelled
SO_102879,CUST_0257,PROD_0027,2024-10-29,382,92444,Online,Cancelled
SO_102880,CUST_0204,PROD_0157,2024-09-10,272,39168,Online,Cancelled
SO_102881,CUST_0420,PROD_0144,2024-09-11,32,10080,Online,Completed
SO_102882,CUST_0399,PROD_0060,2024-09-14,214,99082,Distributor,Completed
SO_102883,CUST_0081,PROD_0071,2024-06-01,459,108783,Online,Completed
SO_102884,CUST_0090,PROD_0147,2024-05-02,171,34713,Online,Completed
SO_102885,CUST_0152,PROD_0153,2024-07-09,151,33220,Distributor,Pending
SO_102886,CUST_0135,PROD_0030,2024-03-23,236,81184,Direct,Pending
SO_102887,CUST_0068,PROD_0176,2024-01-12,81,20817,Online,Pending
SO_102888,CUST_0174,PROD_0176,2024-04-11,306,239904,Distributor,Cancelled
SO_102889,CUST_0129,PROD_0149,2024-04-07,19,13129,Distributor,Completed
SO_102890,CUST_0428,PROD_0041,2024-02-05,143,117832,Online,Cancelled
SO_102891,CUST_0265,PROD_0005,2024-07-25,361,63175,Online,Completed
SO_102892,CUST_0218,PROD_0157,2024-07-12,288,152640,Distributor,Pending
SO_102893,CUST_0492,PROD_0262,2024-01-16,414,222318,Online,Cancelled
SO_102894,CUST_0111,PROD_0218,2024-11-03,268,196176,Direct,Pending
SO_102895,CUST_0364,PROD_0213,2024-02-03,470,135360,Direct,Pending
SO_102896,CUST_0245,PROD_0104,2024-01-29,255,77775,Direct,Pending
SO_102897,CUST_0031,PROD_0018,2024-06-14,35,24605,Online,Cancelled
SO_102898,CUST_0122,PROD_0129,2024-06-21,133,19551,Direct,Cancelled
SO_102899,CUST_0483,PROD_0117,2024-12-02,82,53136,Online,Completed
SO_102900,CUST_0426,PROD_0054,2024-08-31,475,240825,Distributor,Pending
SO_102901,CUST_0068,PROD_0012,2024-09-09,224,77280,Distributor,Completed
SO_102902,CUST_0307,PROD_0006,2024-08-15,382,136756,Online,Cancelled
SO_102903,CUST_0077,PROD_0247,2024-05-27,95,90060,Direct,Pending
SO_102904,CUST_0330,PROD_0127,2024-12-31,185,71965,Direct,Pending
SO_102905,CUST_0169,PROD_0148,2024-05-13,258,183438,Distributor,Completed
SO_102906,CUST_0104,PROD_0290,2024-03-24,189,108864,Distributor,Completed
SO_102907,CUST_0239,PROD_0178,2024-08-03,109,53846,Direct,Cancelled
SO_102908,CUST_0358,PROD_0008,2024-08-05,194,92538,Distributor,Completed
SO_102909,CUST_0130,PROD_0276,2024-08-02,219,131400,Distributor,Completed
SO_102910,CUST_0252,PROD_0188,2024-04-08,485,153260,Direct,Cancelled
SO_102911,CUST_0272,PROD_0147,2024-07-07,496,225680,Direct,Cancelled
SO_102912,CUST_0152,PROD_0291,2024-05-10,403,194649,Direct,Pending
SO_102913,CUST_0435,PROD_0128,2024-12-04,49,8820,Distributor,Pending
SO_102914,CUST_0176,PROD_0175,2024-06-13,423,109980,Online,Cancelled
SO_102915,CUST_0392,PROD_0169,2024-02-29,276,51336,Distributor,Completed
SO_102916,CUST_0200,PROD_0107,2024-08-30,317,123947,Online,Cancelled
SO_102917,CUST_0233,PROD_0093,2024-05-27,233,53590,Distributor,Cancelled
SO_102918,CUST_0377,PROD_0105,2024-10-15,174,26274,Distributor,Pending
SO_102919,CUST_0331,PROD_0080,2024-02-12,90,13410,Online,Cancelled
SO_102920,CUST_0471,PROD_0043,2024-04-29,443,385410,Distributor,Pending
SO_102921,CUST_0110,PROD_0035,2024-03-03,34,10914,Direct,Pending
SO_102922,CUST_0487,PROD_0182,2024-12-07,28,12152,Online,Completed
SO_102923,CUST_0246,PROD_0035,2024-12-15,192,142848,Distributor,Pending
SO_102924,CUST_0463,PROD_0182,2024-11-02,417,70890,Direct,Completed
SO_102925,CUST_0043,PROD_0283,2024-02-19,190,21470,Online,Cancelled
SO_102926,CUST_0209,PROD_0172,2024-08-15,311,172605,Direct,Pending
SO_102927,CUST_0279,PROD_0204,2024-07-08,405,263250,Direct,Completed
SO_102928,CUST_0396,PROD_0002,2024-03-25,129,78174,Direct,Completed
SO_102929,CUST_0076,PROD_0241,2024-02-26,290,209670,Direct,Cancelled
SO_102930,CUST_0403,PROD_0130,2024-11-20,52,11336,Online,Cancelled
SO_102931,CUST_0409,PROD_0275,2024-11-03,336,61824,Direct,Pending
SO_102932,CUST_0325,PROD_0217,2024-06-11,82,72898,Online,Cancelled
SO_102933,CUST_0219,PROD_0250,2024-05-07,127,38481,Online,Pending
SO_102934,CUST_0221,PROD_0048,2024-05-03,381,48006,Online,Completed
SO_102935,CUST_0131,PROD_0231,2024-01-29,465,111135,Online,Completed
SO_102936,CUST_0058,PROD_0059,2024-08-15,306,182376,Online,Cancelled
SO_102937,CUST_0389,PROD_0106,2024-04-12,211,121325,Direct,Cancelled
SO_102938,CUST_0221,PROD_0014,2024-10-01,129,123066,Online,Pending
SO_102939,CUST_0476,PROD_0184,2024-02-25,248,95480,Online,Pending
SO_102940,CUST_0363,PROD_0051,2024-10-26,338,144326,Online,Completed
SO_102941,CUST_0298,PROD_0014,2024-07-23,468,201708,Distributor,Completed
SO_102942,CUST_0145,PROD_0207,2024-02-16,83,63412,Distributor,Completed
SO_102943,CUST_0397,PROD_0177,2024-05-17,438,139284,Direct,Cancelled
SO_102944,CUST_0251,PROD_0068,2024-10-26,256,175104,Online,Completed
SO_102945,CUST_0331,PROD_0003,2024-06-09,445,385815,Direct,Cancelled
SO_102946,CUST_0344,PROD_0075,2024-10-07,485,289545,Online,Completed
SO_102947,CUST_0161,PROD_0131,2024-03-24,52,23296,Online,Pending
SO_102948,CUST_0356,PROD_0139,2024-11-18,276,135240,Distributor,Completed
SO_102949,CUST_0481,PROD_0202,2024-11-12,343,196882,Online,Cancelled
SO_102950,CUST_0179,PROD_0150,2024-05-12,164,82492,Online,Pending
SO_102951,CUST_0489,PROD_0099,2024-09-20,38,20596,Direct,Pending
SO_102952,CUST_0282,PROD_0251,2024-09-10,131,65762,Direct,Pending
SO_102953,CUST_0057,PROD_0176,2024-07-08,385,336875,Direct,Cancelled
SO_102954,CUST_0491,PROD_0058,2024-11-16,229,149537,Direct,Completed
SO_102955,CUST_0256,PROD_0296,2024-05-06,419,54470,Online,Cancelled
SO_102956,CUST_0497,PROD_0183,2024-09-25,312,195624,Direct,Completed
SO_102957,CUST_0085,PROD_0147,2024-11-27,144,136512,Distributor,Pending
SO_102958,CUST_0109,PROD_0017,2024-05-31,223,197355,Direct,Cancelled
SO_102959,CUST_0054,PROD_0067,2024-07-22,239,42064,Online,Cancelled
SO_102960,CUST_0208,PROD_0173,2024-07-18,423,346014,Direct,Completed
SO_102961,CUST_0362,PROD_0238,2024-07-09,139,14317,Online,Pending
SO_102962,CUST_0153,PROD_0078,2024-05-09,89,58117,Direct,Completed
SO_102963,CUST_0143,PROD_0134,2024-11-21,372,161820,Online,Completed
SO_102964,CUST_0027,PROD_0122,2024-08-04,487,300479,Online,Cancelled
SO_102965,CUST_0036,PROD_0130,2024-09-07,250,74500,Online,Completed
SO_102966,CUST_0203,PROD_0211,2024-02-03,418,105336,Distributor,Pending
SO_102967,CUST_0181,PROD_0021,2024-05-23,433,150684,Online,Pending
SO_102968,CUST_0031,PROD_0196,2024-08-09,356,46280,Distributor,Pending
SO_102969,CUST_0103,PROD_0139,2024-11-14,320,72640,Online,Pending
SO_102970,CUST_0264,PROD_0292,2024-05-23,371,207760,Distributor,Pending
SO_102971,CUST_0226,PROD_0268,2024-12-30,497,169477,Online,Cancelled
SO_102972,CUST_0223,PROD_0160,2024-08-18,52,49400,Direct,Pending
SO_102973,CUST_0378,PROD_0251,2024-01-04,219,123078,Direct,Cancelled
SO_102974,CUST_0265,PROD_0273,2024-10-05,314,312744,Direct,Cancelled
SO_102975,CUST_0302,PROD_0095,2024-10-24,451,373879,Direct,Cancelled
SO_102976,CUST_0331,PROD_0234,2024-01-04,174,119364,Direct,Cancelled
SO_102977,CUST_0046,PROD_0105,2024-06-06,216,176040,Online,Completed
SO_102978,CUST_0453,PROD_0075,2024-02-14,66,32076,Online,Completed
SO_102979,CUST_0270,PROD_0049,2024-12-11,204,128724,Online,Completed
SO_102980,CUST_0278,PROD_0236,2024-10-06,143,87087,Direct,Pending
SO_102981,CUST_0204,PROD_0283,2024-02-24,103,93833,Online,Completed
SO_102982,CUST_0323,PROD_0194,2024-05-13,424,44944,Distributor,Cancelled
SO_102983,CUST_0070,PROD_0178,2024-08-31,165,147675,Online,Completed
SO_102984,CUST_0099,PROD_0032,2024-02-27,317,305905,Distributor,Cancelled
SO_102985,CUST_0091,PROD_0140,2024-01-28,122,118950,Distributor,Cancelled
SO_102986,CUST_0477,PROD_0233,2024-05-23,44,9768,Direct,Completed
SO_102987,CUST_0138,PROD_0184,2024-01-10,209,145673,Direct,Cancelled
SO_102988,CUST_0190,PROD_0188,2024-02-09,400,270800,Distributor,Pending
SO_102989,CUST_0168,PROD_0143,2024-05-30,174,104052,Direct,Cancelled
SO_102990,CUST_0476,PROD_0147,2024-12-06,445,349325,Distributor,Completed
SO_102991,CUST_0409,PROD_0247,2024-06-19,490,58800,Direct,Completed
SO_102992,CUST_0301,PROD_0300,2024-11-14,113,78309,Direct,Cancelled
SO_102993,CUST_0393,PROD_0157,2024-07-19,120,67800,Direct,Cancelled
SO_102994,CUST_0260,PROD_0295,2024-05-11,148,145632,Online,Completed
SO_102995,CUST_0185,PROD_0214,2024-04-12,16,8656,Online,Pending
SO_102996,CUST_0451,PROD_0276,2024-08-20,491,197873,Online,Cancelled
SO_102997,CUST_0491,PROD_0040,2024-02-04,159,22101,Online,Completed
SO_102998,CUST_0447,PROD_0003,2024-12-22,429,126984,Online,Completed
SO_102999,CUST_0454,PROD_0071,2024-06-21,355,294650,Online,Cancelled
SO_103000,CUST_0087,PROD_0259,2024-08-05,498,106572,Direct,Completed
SO_103001,CUST_0279,PROD_0207,2024-08-15,239,56165,Distributor,Pending
SO_103002,CUST_0256,PROD_0182,2024-05-03,150,48150,Online,Cancelled
SO_103003,CUST_0368,PROD_0291,2024-03-27,480,471840,Direct,Cancelled
SO_103004,CUST_0384,PROD_0054,2024-04-17,469,341901,Distributor,Cancelled
SO_103005,CUST_0440,PROD_0075,2024-11-13,436,236312,Online,Completed
SO_103006,CUST_0288,PROD_0095,2024-05-22,373,113392,Direct,Cancelled
SO_103007,CUST_0275,PROD_0211,2024-04-23,278,213226,Distributor,Completed
SO_103008,CUST_0393,PROD_0136,2024-10-21,278,55600,Online,Completed
SO_103009,CUST_0375,PROD_0009,2024-09-02,362,306614,Distributor,Pending
SO_103010,CUST_0145,PROD_0134,2024-12-23,396,242748,Online,Completed
SO_103011,CUST_0272,PROD_0158,2024-09-15,199,64277,Direct,Pending
SO_103012,CUST_0291,PROD_0003,2024-11-30,166,106572,Online,Pending
SO_103013,CUST_0151,PROD_0016,2024-05-23,280,229320,Distributor,Pending
SO_103014,CUST_0325,PROD_0037,2024-05-09,423,403119,Online,Pending
SO_103015,CUST_0226,PROD_0269,2024-08-04,41,6847,Distributor,Completed
SO_103016,CUST_0426,PROD_0070,2024-01-04,403,307086,Direct,Cancelled
SO_103017,CUST_0180,PROD_0019,2024-11-16,361,265696,Distributor,Cancelled
SO_103018,CUST_0104,PROD_0126,2024-04-04,330,95370,Online,Cancelled
SO_103019,CUST_0184,PROD_0181,2024-11-30,287,205779,Online,Pending
SO_103020,CUST_0063,PROD_0012,2024-02-09,344,260752,Direct,Completed
SO_103021,CUST_0297,PROD_0222,2024-06-16,163,156154,Distributor,Completed
SO_103022,CUST_0284,PROD_0240,2024-03-22,445,384925,Distributor,Completed
SO_103023,CUST_0027,PROD_0242,2024-04-02,176,111936,Distributor,Pending
SO_103024,CUST_0188,PROD_0027,2024-06-19,217,62496,Direct,Completed
SO_103025,CUST_0331,PROD_0016,2024-05-26,88,83864,Direct,Completed
SO_103026,CUST_0472,PROD_0107,2024-11-25,210,98910,Online,Cancelled
SO_103027,CUST_0137,PROD_0154,2024-06-28,418,48070,Online,Pending
SO_103028,CUST_0252,PROD_0201,2024-04-23,387,42183,Direct,Pending
SO_103029,CUST_0036,PROD_0091,2024-05-07,61,57218,Direct,Pending
SO_103030,CUST_0249,PROD_0029,2024-04-14,268,255940,Direct,Pending
SO_103031,CUST_0230,PROD_0095,2024-11-15,270,262170,Online,Pending
SO_103032,CUST_0308,PROD_0074,2024-03-20,191,97410,Online,Cancelled
SO_103033,CUST_0488,PROD_0035,2024-12-25,148,112628,Online,Completed
SO_103034,CUST_0190,PROD_0123,2024-05-10,97,58491,Online,Pending
SO_103035,CUST_0193,PROD_0017,2024-02-13,335,140365,Direct,Completed
SO_103036,CUST_0432,PROD_0249,2024-02-29,77,43967,Online,Completed
SO_103037,CUST_0286,PROD_0158,2024-12-15,314,167362,Distributor,Pending
SO_103038,CUST_0214,PROD_0011,2024-02-16,476,76636,Distributor,Cancelled
SO_103039,CUST_0449,PROD_0144,2024-05-09,490,435610,Online,Completed
SO_103040,CUST_0394,PROD_0251,2024-07-11,394,319140,Distributor,Completed
SO_103041,CUST_0097,PROD_0083,2024-02-01,489,85575,Online,Cancelled
SO_103042,CUST_0004,PROD_0100,2024-08-13,323,316540,Distributor,Pending
SO_103043,CUST_0215,PROD_0129,2024-04-12,284,178636,Distributor,Pending
SO_103044,CUST_0060,PROD_0038,2024-09-27,433,67981,Direct,Completed
SO_103045,CUST_0326,PROD_0090,2024-05-13,377,368329,Direct,Pending
SO_103046,CUST_0351,PROD_0265,2024-10-15,113,55257,Online,Cancelled
SO_103047,CUST_0454,PROD_0079,2024-09-11,426,371472,Direct,Pending
SO_103048,CUST_0002,PROD_0199,2024-10-09,221,63427,Distributor,Pending
SO_103049,CUST_0145,PROD_0129,2024-08-26,104,12584,Online,Completed
SO_103050,CUST_0054,PROD_0190,2024-08-08,35,10395,Direct,Pending
SO_103051,CUST_0298,PROD_0076,2024-05-27,342,125856,Online,Pending
SO_103052,CUST_0466,PROD_0057,2024-10-07,142,90880,Distributor,Completed
SO_103053,CUST_0023,PROD_0034,2024-09-22,96,44544,Direct,Completed
SO_103054,CUST_0342,PROD_0270,2024-03-15,81,65043,Online,Cancelled
SO_103055,CUST_0050,PROD_0209,2024-02-22,458,97554,Online,Pending
SO_103056,CUST_0235,PROD_0187,2024-12-30,450,310500,Direct,Completed
SO_103057,CUST_0108,PROD_0032,2024-05-25,402,325620,Direct,Pending
SO_103058,CUST_0288,PROD_0029,2024-04-09,15,4905,Direct,Completed
SO_103059,CUST_0356,PROD_0035,2024-12-19,187,166804,Online,Cancelled
SO_103060,CUST_0173,PROD_0118,2024-03-02,215,68585,Online,Cancelled
SO_103061,CUST_0321,PROD_0054,2024-05-20,99,60291,Distributor,Cancelled
SO_103062,CUST_0035,PROD_0296,2024-09-11,45,15345,Direct,Cancelled
SO_103063,CUST_0062,PROD_0297,2024-11-05,479,256744,Distributor,Completed
SO_103064,CUST_0168,PROD_0145,2024-03-12,125,116750,Direct,Completed
SO_103065,CUST_0057,PROD_0135,2024-12-01,425,388450,Online,Cancelled
SO_103066,CUST_0101,PROD_0111,2024-07-25,18,10728,Direct,Completed
SO_103067,CUST_0180,PROD_0214,2024-01-07,387,361458,Online,Pending
SO_103068,CUST_0243,PROD_0037,2024-07-23,412,115360,Distributor,Completed
SO_103069,CUST_0291,PROD_0067,2024-11-05,188,22372,Direct,Completed
SO_103070,CUST_0390,PROD_0073,2024-01-17,283,183384,Distributor,Cancelled
SO_103071,CUST_0378,PROD_0151,2024-04-22,498,456168,Online,Completed
SO_103072,CUST_0019,PROD_0116,2024-08-25,457,347777,Distributor,Cancelled
SO_103073,CUST_0394,PROD_0211,2024-02-06,136,105672,Direct,Pending
SO_103074,CUST_0481,PROD_0064,2024-09-12,34,29614,Direct,Completed
SO_103075,CUST_0430,PROD_0061,2024-12-22,380,322240,Distributor,Cancelled
SO_103076,CUST_0021,PROD_0160,2024-07-19,140,72100,Online,Completed
SO_103077,CUST_0033,PROD_0043,2024-08-01,429,328614,Direct,Completed
SO_103078,CUST_0045,PROD_0058,2024-09-11,366,152256,Direct,Cancelled
SO_103079,CUST_0194,PROD_0204,2024-12-08,294,268716,Distributor,Cancelled
SO_103080,CUST_0154,PROD_0101,2024-05-22,321,225342,Distributor,Completed
SO_103081,CUST_0259,PROD_0112,2024-09-14,163,35371,Direct,Cancelled
SO_103082,CUST_0011,PROD_0225,2024-05-30,321,232083,Direct,Pending
SO_103083,CUST_0026,PROD_0084,2024-11-14,346,294792,Distributor,Completed
SO_103084,CUST_0320,PROD_0204,2024-11-21,156,23400,Online,Completed
SO_103085,CUST_0161,PROD_0041,2024-10-03,126,39438,Distributor,Cancelled
SO_103086,CUST_0376,PROD_0150,2024-10-24,265,242740,Distributor,Pending
SO_103087,CUST_0269,PROD_0093,2024-04-04,73,68109,Direct,Pending
SO_103088,CUST_0366,PROD_0074,2024-12-26,324,183060,Online,Completed
SO_103089,CUST_0319,PROD_0123,2024-05-06,155,116250,Distributor,Cancelled
SO_103090,CUST_0384,PROD_0168,2024-12-17,177,160008,Online,Pending
SO_103091,CUST_0112,PROD_0209,2024-04-06,348,279096,Online,Completed
SO_103092,CUST_0341,PROD_0128,2024-04-27,489,113448,Direct,Cancelled
SO_103093,CUST_0140,PROD_0125,2024-04-03,89,26255,Direct,Cancelled
SO_103094,CUST_0147,PROD_0017,2024-07-04,90,89550,Direct,Pending
SO_103095,CUST_0160,PROD_0204,2024-06-08,232,194648,Distributor,Cancelled
SO_103096,CUST_0129,PROD_0201,2024-02-11,439,435927,Direct,Pending
SO_103097,CUST_0381,PROD_0233,2024-06-06,92,43792,Direct,Completed
SO_103098,CUST_0456,PROD_0247,2024-12-10,238,112098,Online,Pending
SO_103099,CUST_0210,PROD_0128,2024-01-13,38,17100,Direct,Completed
SO_103100,CUST_0260,PROD_0024,2024-09-07,19,9785,Online,Completed
SO_103101,CUST_0493,PROD_0187,2024-05-27,13,9295,Online,Cancelled
SO_103102,CUST_0366,PROD_0167,2024-03-26,11,8866,Direct,Pending
SO_103103,CUST_0040,PROD_0083,2024-07-16,10,2490,Direct,Completed
SO_103104,CUST_0063,PROD_0300,2024-11-22,456,207936,Direct,Cancelled
SO_103105,CUST_0111,PROD_0153,2024-09-25,107,70834,Direct,Completed
SO_103106,CUST_0494,PROD_0231,2024-08-25,451,184459,Direct,Completed
SO_103107,CUST_0386,PROD_0145,2024-08-09,308,72688,Direct,Completed
SO_103108,CUST_0366,PROD_0009,2024-03-07,349,104700,Direct,Completed
SO_103109,CUST_0274,PROD_0200,2024-06-20,457,136643,Distributor,Cancelled
SO_103110,CUST_0264,PROD_0135,2024-01-12,32,12032,Online,Completed
SO_103111,CUST_0047,PROD_0113,2024-11-20,342,219906,Distributor,Completed
SO_103112,CUST_0068,PROD_0145,2024-02-22,362,244350,Direct,Pending
SO_103113,CUST_0303,PROD_0256,2024-10-26,390,174330,Direct,Pending
SO_103114,CUST_0375,PROD_0051,2024-08-14,369,305532,Online,Cancelled
SO_103115,CUST_0376,PROD_0178,2024-01-06,84,37296,Distributor,Cancelled
SO_103116,CUST_0148,PROD_0010,2024-03-22,218,83058,Online,Completed
SO_103117,CUST_0322,PROD_0057,2024-12-23,122,24156,Online,Pending
SO_103118,CUST_0153,PROD_0175,2024-09-27,86,52804,Distributor,Pending
SO_103119,CUST_0486,PROD_0159,2024-10-11,244,51728,Online,Cancelled
SO_103120,CUST_0293,PROD_0039,2024-09-19,163,146700,Distributor,Cancelled
SO_103121,CUST_0419,PROD_0111,2024-06-02,368,185472,Distributor,Completed
SO_103122,CUST_0443,PROD_0131,2024-09-09,72,32688,Direct,Completed
SO_103123,CUST_0329,PROD_0268,2024-09-06,199,69252,Online,Pending
SO_103124,CUST_0397,PROD_0059,2024-07-24,310,283960,Direct,Pending
SO_103125,CUST_0124,PROD_0146,2024-04-06,260,93600,Online,Pending
SO_103126,CUST_0421,PROD_0271,2024-04-04,273,241059,Distributor,Cancelled
SO_103127,CUST_0156,PROD_0100,2024-10-26,289,217328,Online,Cancelled
SO_103128,CUST_0210,PROD_0111,2024-07-02,331,262814,Direct,Pending
SO_103129,CUST_0203,PROD_0274,2024-10-31,261,62640,Distributor,Completed
SO_103130,CUST_0202,PROD_0238,2024-08-31,324,66420,Online,Cancelled
SO_103131,CUST_0400,PROD_0209,2024-01-19,477,361566,Distributor,Pending
SO_103132,CUST_0134,PROD_0203,2024-01-18,39,24453,Distributor,Pending
SO_103133,CUST_0138,PROD_0185,2024-01-27,39,14781,Online,Pending
SO_103134,CUST_0099,PROD_0279,2024-11-23,410,112750,Distributor,Cancelled
SO_103135,CUST_0329,PROD_0280,2024-01-03,262,97464,Online,Completed
SO_103136,CUST_0289,PROD_0184,2024-08-03,243,170829,Distributor,Pending
SO_103137,CUST_0482,PROD_0277,2024-04-20,370,39960,Direct,Completed
SO_103138,CUST_0138,PROD_0015,2024-05-02,287,36162,Distributor,Pending
SO_103139,CUST_0167,PROD_0214,2024-04-02,280,29960,Online,Completed
SO_103140,CUST_0231,PROD_0117,2024-11-03,375,128625,Direct,Pending
SO_103141,CUST_0343,PROD_0299,2024-06-22,175,84875,Distributor,Pending
SO_103142,CUST_0319,PROD_0182,2024-10-10,117,79911,Direct,Cancelled
SO_103143,CUST_0022,PROD_0007,2024-05-29,275,88275,Distributor,Completed
SO_103144,CUST_0290,PROD_0289,2024-04-27,259,41440,Distributor,Cancelled
SO_103145,CUST_0286,PROD_0191,2024-12-12,295,58705,Online,Cancelled
SO_103146,CUST_0124,PROD_0151,2024-08-28,68,31960,Distributor,Pending
SO_103147,CUST_0113,PROD_0222,2024-05-12,77,45507,Online,Cancelled
SO_103148,CUST_0270,PROD_0020,2024-03-15,94,56776,Online,Cancelled
SO_103149,CUST_0389,PROD_0110,2024-12-31,254,148844,Online,Cancelled
SO_103150,CUST_0169,PROD_0167,2024-07-22,60,56700,Online,Cancelled
SO_103151,CUST_0176,PROD_0084,2024-08-14,39,13221,Direct,Pending
SO_103152,CUST_0053,PROD_0066,2024-05-23,468,268632,Online,Cancelled
SO_103153,CUST_0081,PROD_0228,2024-10-22,443,99675,Direct,Cancelled
SO_103154,CUST_0394,PROD_0048,2024-03-30,212,175536,Online,Cancelled
SO_103155,CUST_0426,PROD_0094,2024-01-13,461,235110,Online,Completed
SO_103156,CUST_0014,PROD_0085,2024-09-19,373,59307,Distributor,Cancelled
SO_103157,CUST_0400,PROD_0285,2024-07-13,368,212704,Online,Cancelled
SO_103158,CUST_0103,PROD_0270,2024-08-11,112,17136,Online,Pending
SO_103159,CUST_0390,PROD_0028,2024-08-01,480,344640,Distributor,Pending
SO_103160,CUST_0351,PROD_0275,2024-05-23,290,217210,Direct,Completed
SO_103161,CUST_0486,PROD_0151,2024-04-03,207,36846,Distributor,Completed
SO_103162,CUST_0279,PROD_0059,2024-12-09,56,49784,Direct,Pending
SO_103163,CUST_0494,PROD_0026,2024-05-04,292,146876,Online,Completed
SO_103164,CUST_0254,PROD_0221,2024-07-25,440,141240,Distributor,Pending
SO_103165,CUST_0121,PROD_0018,2024-12-11,87,28536,Distributor,Cancelled
SO_103166,CUST_0406,PROD_0006,2024-05-14,266,253498,Online,Pending
SO_103167,CUST_0131,PROD_0130,2024-05-17,371,271201,Distributor,Completed
SO_103168,CUST_0162,PROD_0160,2024-02-22,75,12975,Online,Cancelled
SO_103169,CUST_0207,PROD_0267,2024-04-23,223,152086,Online,Pending
SO_103170,CUST_0398,PROD_0292,2024-09-07,171,63270,Direct,Completed
SO_103171,CUST_0247,PROD_0283,2024-12-02,239,45649,Online,Completed
SO_103172,CUST_0126,PROD_0159,2024-09-29,401,296740,Distributor,Pending
SO_103173,CUST_0083,PROD_0144,2024-06-10,238,99960,Direct,Completed
SO_103174,CUST_0175,PROD_0282,2024-12-22,352,211552,Distributor,Cancelled
SO_103175,CUST_0160,PROD_0122,2024-04-10,473,423335,Distributor,Completed
SO_103176,CUST_0250,PROD_0161,2024-12-03,309,204558,Distributor,Cancelled
SO_103177,CUST_0222,PROD_0095,2024-08-06,445,419190,Online,Completed
SO_103178,CUST_0084,PROD_0170,2024-04-08,388,168004,Distributor,Cancelled
SO_103179,CUST_0474,PROD_0050,2024-10-25,250,117250,Direct,Completed
SO_103180,CUST_0297,PROD_0247,2024-02-20,400,284400,Online,Pending
SO_103181,CUST_0433,PROD_0168,2024-11-05,345,46920,Direct,Pending
SO_103182,CUST_0020,PROD_0283,2024-01-13,93,58869,Distributor,Cancelled
SO_103183,CUST_0013,PROD_0014,2024-09-01,448,163520,Online,Pending
SO_103184,CUST_0458,PROD_0152,2024-09-09,178,19580,Online,Completed
SO_103185,CUST_0340,PROD_0143,2024-11-25,152,137104,Distributor,Pending
SO_103186,CUST_0268,PROD_0175,2024-05-26,342,299250,Online,Cancelled
SO_103187,CUST_0456,PROD_0213,2024-08-14,154,145222,Distributor,Pending
SO_103188,CUST_0085,PROD_0152,2024-01-14,25,9000,Online,Pending
SO_103189,CUST_0345,PROD_0236,2024-04-01,310,172360,Online,Completed
SO_103190,CUST_0446,PROD_0062,2024-11-21,144,29808,Distributor,Cancelled
SO_103191,CUST_0383,PROD_0141,2024-07-29,129,30702,Online,Cancelled
SO_103192,CUST_0314,PROD_0030,2024-06-28,55,6545,Distributor,Pending
SO_103193,CUST_0241,PROD_0113,2024-02-05,196,106428,Online,Cancelled
SO_103194,CUST_0259,PROD_0067,2024-12-23,382,263580,Direct,Pending
SO_103195,CUST_0108,PROD_0135,2024-10-04,168,161112,Distributor,Cancelled
SO_103196,CUST_0393,PROD_0280,2024-01-28,339,311541,Direct,Cancelled
SO_103197,CUST_0436,PROD_0037,2024-10-13,479,129330,Direct,Pending
SO_103198,CUST_0266,PROD_0193,2024-04-27,317,131555,Online,Cancelled
SO_103199,CUST_0409,PROD_0288,2024-09-12,459,216189,Direct,Pending
SO_103200,CUST_0376,PROD_0102,2024-03-21,173,22490,Online,Cancelled
SO_103201,CUST_0430,PROD_0176,2024-06-21,29,8990,Online,Cancelled
SO_103202,CUST_0055,PROD_0017,2024-05-19,43,17501,Distributor,Pending
SO_103203,CUST_0063,PROD_0022,2024-10-20,431,225413,Direct,Completed
SO_103204,CUST_0239,PROD_0136,2024-07-02,117,82602,Online,Pending
SO_103205,CUST_0280,PROD_0165,2024-05-30,453,177576,Online,Completed
SO_103206,CUST_0161,PROD_0018,2024-11-23,215,138890,Online,Completed
SO_103207,CUST_0274,PROD_0074,2024-02-27,31,30473,Direct,Pending
SO_103208,CUST_0227,PROD_0208,2024-10-20,177,18762,Online,Completed
SO_103209,CUST_0361,PROD_0244,2024-05-02,172,113864,Distributor,Cancelled
SO_103210,CUST_0163,PROD_0172,2024-04-09,229,49693,Online,Pending
SO_103211,CUST_0181,PROD_0043,2024-04-05,437,116242,Online,Pending
SO_103212,CUST_0366,PROD_0198,2024-03-07,296,120176,Online,Pending
SO_103213,CUST_0429,PROD_0074,2024-06-09,253,159390,Direct,Completed
SO_103214,CUST_0243,PROD_0259,2024-07-21,47,8084,Distributor,Pending
SO_103215,CUST_0073,PROD_0194,2024-10-18,92,49220,Direct,Cancelled
SO_103216,CUST_0222,PROD_0254,2024-08-27,140,25900,Online,Cancelled
SO_103217,CUST_0390,PROD_0284,2024-06-01,410,341120,Distributor,Completed
SO_103218,CUST_0445,PROD_0096,2024-07-03,301,249228,Direct,Completed
SO_103219,CUST_0475,PROD_0096,2024-05-13,238,189210,Distributor,Cancelled
SO_103220,CUST_0213,PROD_0043,2024-03-25,11,1386,Online,Cancelled
SO_103221,CUST_0171,PROD_0233,2024-10-29,126,49518,Direct,Cancelled
SO_103222,CUST_0473,PROD_0074,2024-09-06,268,131320,Online,Pending
SO_103223,CUST_0174,PROD_0193,2024-11-22,268,134536,Direct,Completed
SO_103224,CUST_0020,PROD_0294,2024-09-28,220,168740,Distributor,Cancelled
SO_103225,CUST_0049,PROD_0009,2024-01-19,116,58580,Distributor,Completed
SO_103226,CUST_0082,PROD_0116,2024-04-03,210,117810,Distributor,Cancelled
SO_103227,CUST_0104,PROD_0280,2024-02-27,367,45508,Online,Pending
SO_103228,CUST_0109,PROD_0108,2024-06-16,464,269120,Distributor,Completed
SO_103229,CUST_0006,PROD_0171,2024-05-04,331,139682,Online,Cancelled
SO_103230,CUST_0333,PROD_0129,2024-05-19,235,117500,Direct,Completed
SO_103231,CUST_0210,PROD_0199,2024-02-13,133,14098,Direct,Completed
SO_103232,CUST_0441,PROD_0005,2024-08-20,184,144808,Distributor,Pending
SO_103233,CUST_0485,PROD_0206,2024-08-17,25,17125,Online,Cancelled
SO_103234,CUST_0129,PROD_0241,2024-06-24,288,77184,Distributor,Completed
SO_103235,CUST_0002,PROD_0031,2024-11-09,297,180576,Online,Cancelled
SO_103236,CUST_0075,PROD_0101,2024-10-15,21,10038,Online,Cancelled
SO_103237,CUST_0101,PROD_0061,2024-09-03,207,128961,Distributor,Pending
SO_103238,CUST_0375,PROD_0205,2024-06-01,306,70074,Distributor,Cancelled
SO_103239,CUST_0093,PROD_0002,2024-02-09,155,41540,Direct,Completed
SO_103240,CUST_0236,PROD_0253,2024-08-27,133,96957,Distributor,Cancelled
SO_103241,CUST_0244,PROD_0255,2024-05-24,408,370872,Distributor,Completed
SO_103242,CUST_0025,PROD_0020,2024-01-28,335,249575,Online,Cancelled
SO_103243,CUST_0296,PROD_0058,2024-01-11,393,229119,Online,Cancelled
SO_103244,CUST_0477,PROD_0144,2024-06-28,219,137751,Direct,Completed
SO_103245,CUST_0362,PROD_0096,2024-04-14,95,19000,Online,Completed
SO_103246,CUST_0058,PROD_0277,2024-06-28,310,87110,Direct,Pending
SO_103247,CUST_0202,PROD_0143,2024-05-07,456,186960,Distributor,Pending
SO_103248,CUST_0153,PROD_0059,2024-04-17,37,7363,Online,Pending
SO_103249,CUST_0243,PROD_0152,2024-01-07,460,173420,Direct,Completed
SO_103250,CUST_0199,PROD_0164,2024-05-15,172,69832,Online,Pending
SO_103251,CUST_0062,PROD_0262,2024-07-16,376,353064,Direct,Cancelled
SO_103252,CUST_0184,PROD_0240,2024-02-16,292,197684,Online,Pending
SO_103253,CUST_0445,PROD_0208,2024-03-21,124,41168,Distributor,Completed
SO_103254,CUST_0418,PROD_0284,2024-05-15,121,87725,Direct,Cancelled
SO_103255,CUST_0368,PROD_0170,2024-02-07,247,158327,Distributor,Cancelled
SO_103256,CUST_0458,PROD_0026,2024-09-16,369,172323,Online,Cancelled
SO_103257,CUST_0496,PROD_0153,2024-06-11,49,42091,Online,Completed
SO_103258,CUST_0076,PROD_0254,2024-10-29,226,34126,Distributor,Pending
SO_103259,CUST_0341,PROD_0299,2024-05-17,473,310761,Distributor,Completed
SO_103260,CUST_0206,PROD_0290,2024-07-04,254,191008,Online,Cancelled
SO_103261,CUST_0360,PROD_0274,2024-05-02,284,82076,Online,Pending
SO_103262,CUST_0326,PROD_0138,2024-12-28,319,43703,Distributor,Completed
SO_103263,CUST_0432,PROD_0114,2024-08-14,166,29548,Direct,Completed
SO_103264,CUST_0279,PROD_0254,2024-01-08,286,282282,Direct,Pending
SO_103265,CUST_0462,PROD_0222,2024-03-18,395,352735,Direct,Cancelled
SO_103266,CUST_0345,PROD_0199,2024-09-18,391,375751,Online,Cancelled
SO_103267,CUST_0328,PROD_0290,2024-09-28,284,183464,Direct,Cancelled
SO_103268,CUST_0181,PROD_0154,2024-09-23,288,183744,Distributor,Pending
SO_103269,CUST_0295,PROD_0117,2024-08-09,327,279912,Distributor,Completed
SO_103270,CUST_0381,PROD_0253,2024-02-16,322,282072,Distributor,Cancelled
SO_103271,CUST_0193,PROD_0263,2024-09-02,138,69414,Distributor,Cancelled
SO_103272,CUST_0045,PROD_0028,2024-05-21,95,81320,Direct,Pending
SO_103273,CUST_0189,PROD_0188,2024-12-18,280,179200,Distributor,Pending
SO_103274,CUST_0003,PROD_0017,2024-02-06,350,210700,Direct,Cancelled
SO_103275,CUST_0305,PROD_0144,2024-07-02,32,28608,Online,Pending
SO_103276,CUST_0061,PROD_0001,2024-11-01,131,128249,Online,Completed
SO_103277,CUST_0307,PROD_0185,2024-07-24,86,23392,Direct,Pending
SO_103278,CUST_0397,PROD_0258,2024-09-23,398,386060,Direct,Pending
SO_103279,CUST_0048,PROD_0025,2024-06-06,220,208120,Online,Completed
SO_103280,CUST_0469,PROD_0009,2024-05-04,258,206142,Distributor,Cancelled
SO_103281,CUST_0458,PROD_0251,2024-04-17,74,64306,Distributor,Completed
SO_103282,CUST_0250,PROD_0098,2024-07-08,21,20244,Direct,Completed
SO_103283,CUST_0136,PROD_0018,2024-07-12,292,140452,Online,Pending
SO_103284,CUST_0396,PROD_0171,2024-12-31,249,72957,Direct,Cancelled
SO_103285,CUST_0073,PROD_0258,2024-08-30,322,79856,Online,Pending
SO_103286,CUST_0424,PROD_0221,2024-06-23,11,6919,Online,Completed
SO_103287,CUST_0256,PROD_0212,2024-04-23,29,3045,Direct,Completed
SO_103288,CUST_0214,PROD_0053,2024-04-28,350,120400,Direct,Cancelled
SO_103289,CUST_0247,PROD_0190,2024-02-21,488,316224,Distributor,Cancelled
SO_103290,CUST_0081,PROD_0060,2024-08-20,313,96091,Distributor,Cancelled
SO_103291,CUST_0380,PROD_0223,2024-02-17,228,95076,Online,Pending
SO_103292,CUST_0454,PROD_0139,2024-11-20,181,137560,Distributor,Pending
SO_103293,CUST_0308,PROD_0252,2024-12-10,329,207928,Online,Cancelled
SO_103294,CUST_0086,PROD_0203,2024-08-12,36,31572,Direct,Completed
SO_103295,CUST_0497,PROD_0098,2024-05-03,286,85228,Online,Cancelled
SO_103296,CUST_0287,PROD_0282,2024-11-06,473,407726,Distributor,Pending
SO_103297,CUST_0213,PROD_0201,2024-10-18,39,18798,Direct,Completed
SO_103298,CUST_0007,PROD_0172,2024-08-22,478,211276,Online,Completed
SO_103299,CUST_0228,PROD_0132,2024-05-22,50,47750,Distributor,Cancelled
SO_103300,CUST_0310,PROD_0215,2024-03-25,235,208915,Direct,Cancelled
SO_103301,CUST_0223,PROD_0248,2024-06-24,395,117710,Online,Pending
SO_103302,CUST_0019,PROD_0298,2024-07-05,397,75827,Distributor,Cancelled
SO_103303,CUST_0269,PROD_0025,2024-12-22,328,211232,Online,Cancelled
SO_103304,CUST_0192,PROD_0013,2024-08-29,423,411156,Direct,Completed
SO_103305,CUST_0432,PROD_0246,2024-04-08,344,82560,Direct,Cancelled
SO_103306,CUST_0393,PROD_0144,2024-06-08,300,201300,Distributor,Pending
SO_103307,CUST_0133,PROD_0098,2024-04-14,289,281775,Online,Completed
SO_103308,CUST_0385,PROD_0203,2024-05-15,56,47712,Online,Completed
SO_103309,CUST_0477,PROD_0283,2024-06-30,445,101015,Distributor,Completed
SO_103310,CUST_0084,PROD_0247,2024-01-25,191,133509,Direct,Completed
SO_103311,CUST_0427,PROD_0084,2024-12-30,402,106932,Distributor,Cancelled
SO_103312,CUST_0413,PROD_0262,2024-07-27,73,56356,Distributor,Pending
SO_103313,CUST_0289,PROD_0069,2024-12-23,242,44770,Online,Cancelled
SO_103314,CUST_0357,PROD_0137,2024-10-19,100,62900,Direct,Cancelled
SO_103315,CUST_0082,PROD_0188,2024-12-09,240,224160,Distributor,Completed
SO_103316,CUST_0212,PROD_0090,2024-07-09,201,96681,Online,Completed
SO_103317,CUST_0077,PROD_0226,2024-11-08,176,154528,Online,Cancelled
SO_103318,CUST_0231,PROD_0238,2024-02-03,203,173362,Online,Cancelled
SO_103319,CUST_0368,PROD_0171,2024-08-05,445,45835,Direct,Completed
SO_103320,CUST_0010,PROD_0093,2024-05-17,167,86172,Direct,Completed
SO_103321,CUST_0342,PROD_0086,2024-03-03,21,18984,Online,Completed
SO_103322,CUST_0264,PROD_0280,2024-05-12,30,12030,Online,Completed
SO_103323,CUST_0141,PROD_0036,2024-01-21,128,49664,Online,Completed
SO_103324,CUST_0467,PROD_0144,2024-05-22,231,181335,Online,Completed
SO_103325,CUST_0481,PROD_0220,2024-09-24,365,284700,Direct,Completed
SO_103326,CUST_0479,PROD_0122,2024-07-16,253,233772,Direct,Completed
SO_103327,CUST_0303,PROD_0099,2024-03-07,420,188160,Distributor,Pending
SO_103328,CUST_0029,PROD_0176,2024-04-17,214,164352,Distributor,Cancelled
SO_103329,CUST_0256,PROD_0220,2024-09-10,306,90882,Online,Completed
SO_103330,CUST_0328,PROD_0162,2024-01-24,60,26340,Direct,Cancelled
SO_103331,CUST_0019,PROD_0164,2024-08-28,493,256360,Direct,Cancelled
SO_103332,CUST_0104,PROD_0094,2024-10-21,67,37051,Distributor,Pending
SO_103333,CUST_0182,PROD_0143,2024-05-01,91,12103,Distributor,Pending
SO_103334,CUST_0001,PROD_0255,2024-08-28,27,22194,Direct,Pending
SO_103335,CUST_0207,PROD_0068,2024-03-27,73,13578,Online,Cancelled
SO_103336,CUST_0054,PROD_0177,2024-02-19,71,58646,Online,Pending
SO_103337,CUST_0235,PROD_0101,2024-02-04,373,237228,Online,Pending
SO_103338,CUST_0085,PROD_0045,2024-04-22,275,244475,Direct,Completed
SO_103339,CUST_0029,PROD_0037,2024-12-04,178,24920,Direct,Cancelled
SO_103340,CUST_0376,PROD_0053,2024-04-26,483,437115,Distributor,Completed
SO_103341,CUST_0047,PROD_0095,2024-08-12,47,9729,Online,Cancelled
SO_103342,CUST_0280,PROD_0187,2024-06-13,418,279224,Direct,Pending
SO_103343,CUST_0255,PROD_0198,2024-07-25,131,130345,Distributor,Completed
SO_103344,CUST_0329,PROD_0095,2024-08-02,84,26208,Distributor,Completed
SO_103345,CUST_0041,PROD_0017,2024-07-07,216,185112,Distributor,Completed
SO_103346,CUST_0403,PROD_0149,2024-04-24,66,38148,Online,Cancelled
SO_103347,CUST_0073,PROD_0263,2024-05-19,111,24087,Distributor,Completed
SO_103348,CUST_0210,PROD_0270,2024-01-05,79,24332,Direct,Cancelled
SO_103349,CUST_0221,PROD_0289,2024-11-03,436,112052,Online,Completed
SO_103350,CUST_0051,PROD_0128,2024-04-10,229,59998,Online,Cancelled
SO_103351,CUST_0007,PROD_0259,2024-11-13,229,127782,Distributor,Pending
SO_103352,CUST_0048,PROD_0295,2024-04-12,205,175070,Online,Completed
SO_103353,CUST_0415,PROD_0146,2024-11-06,26,13416,Online,Cancelled
SO_103354,CUST_0272,PROD_0005,2024-09-05,442,163098,Direct,Cancelled
SO_103355,CUST_0447,PROD_0178,2024-05-10,56,49560,Online,Cancelled
SO_103356,CUST_0159,PROD_0059,2024-08-16,495,319770,Distributor,Pending
SO_103357,CUST_0276,PROD_0289,2024-04-09,187,167926,Distributor,Pending
SO_103358,CUST_0254,PROD_0075,2024-05-04,113,67913,Distributor,Pending
SO_103359,CUST_0104,PROD_0062,2024-04-03,246,189174,Direct,Completed
SO_103360,CUST_0127,PROD_0039,2024-01-31,74,14948,Distributor,Pending
SO_103361,CUST_0120,PROD_0062,2024-10-30,284,131492,Distributor,Pending
SO_103362,CUST_0368,PROD_0023,2024-04-10,138,133722,Distributor,Pending
SO_103363,CUST_0086,PROD_0274,2024-06-03,427,135359,Distributor,Cancelled
SO_103364,CUST_0159,PROD_0087,2024-07-13,53,40545,Online,Cancelled
SO_103365,CUST_0292,PROD_0145,2024-09-07,274,167414,Distributor,Cancelled
SO_103366,CUST_0207,PROD_0289,2024-12-23,202,143016,Distributor,Completed
SO_103367,CUST_0026,PROD_0088,2024-10-22,193,109624,Direct,Pending
SO_103368,CUST_0206,PROD_0275,2024-08-23,298,91784,Distributor,Cancelled
SO_103369,CUST_0325,PROD_0231,2024-07-06,101,75144,Distributor,Cancelled
SO_103370,CUST_0441,PROD_0134,2024-08-31,163,122739,Direct,Cancelled
SO_103371,CUST_0451,PROD_0064,2024-06-01,416,312832,Distributor,Cancelled
SO_103372,CUST_0259,PROD_0054,2024-03-13,62,25730,Distributor,Cancelled
SO_103373,CUST_0302,PROD_0028,2024-01-24,151,83503,Online,Pending
SO_103374,CUST_0367,PROD_0224,2024-05-15,103,10300,Online,Pending
SO_103375,CUST_0204,PROD_0238,2024-10-19,109,66817,Distributor,Pending
SO_103376,CUST_0215,PROD_0287,2024-01-19,310,265360,Distributor,Completed
SO_103377,CUST_0492,PROD_0281,2024-12-24,442,306748,Distributor,Pending
SO_103378,CUST_0418,PROD_0177,2024-09-05,233,65939,Direct,Completed
SO_103379,CUST_0471,PROD_0285,2024-12-01,433,190953,Distributor,Completed
SO_103380,CUST_0070,PROD_0290,2024-03-08,300,76800,Direct,Pending
SO_103381,CUST_0489,PROD_0090,2024-04-30,456,316008,Direct,Pending
SO_103382,CUST_0070,PROD_0021,2024-11-02,171,89433,Direct,Cancelled
SO_103383,CUST_0060,PROD_0158,2024-11-17,233,114403,Online,Completed
SO_103384,CUST_0342,PROD_0260,2024-10-18,152,118256,Distributor,Cancelled
SO_103385,CUST_0269,PROD_0047,2024-06-20,177,145671,Online,Pending
SO_103386,CUST_0004,PROD_0071,2024-12-19,333,77922,Distributor,Pending
SO_103387,CUST_0364,PROD_0256,2024-01-18,210,107940,Direct,Pending
SO_103388,CUST_0433,PROD_0096,2024-06-16,77,62986,Direct,Pending
SO_103389,CUST_0321,PROD_0072,2024-04-26,106,46746,Direct,Pending
SO_103390,CUST_0293,PROD_0143,2024-10-01,191,29796,Online,Completed
SO_103391,CUST_0229,PROD_0065,2024-04-15,315,221130,Online,Completed
SO_103392,CUST_0066,PROD_0141,2024-06-23,45,11475,Direct,Completed
SO_103393,CUST_0371,PROD_0111,2024-01-24,310,227230,Online,Completed
SO_103394,CUST_0426,PROD_0246,2024-03-13,379,75042,Online,Pending
SO_103395,CUST_0410,PROD_0286,2024-03-03,331,220446,Distributor,Cancelled
SO_103396,CUST_0197,PROD_0203,2024-03-29,414,305118,Online,Cancelled
SO_103397,CUST_0382,PROD_0043,2024-12-04,41,19229,Distributor,Pending
SO_103398,CUST_0384,PROD_0252,2024-09-06,227,123488,Direct,Cancelled
SO_103399,CUST_0093,PROD_0101,2024-05-28,223,158553,Direct,Completed
SO_103400,CUST_0364,PROD_0047,2024-12-21,484,371228,Online,Completed
SO_103401,CUST_0182,PROD_0062,2024-09-16,367,45508,Online,Pending
SO_103402,CUST_0500,PROD_0182,2024-12-09,160,150240,Direct,Cancelled
SO_103403,CUST_0245,PROD_0196,2024-10-23,54,17118,Online,Pending
SO_103404,CUST_0121,PROD_0101,2024-11-27,447,265518,Direct,Cancelled
SO_103405,CUST_0329,PROD_0054,2024-07-19,498,145416,Distributor,Pending
SO_103406,CUST_0057,PROD_0106,2024-08-27,80,55200,Direct,Cancelled
SO_103407,CUST_0357,PROD_0189,2024-10-28,379,130755,Distributor,Pending
SO_103408,CUST_0413,PROD_0293,2024-09-14,70,66780,Distributor,Pending
SO_103409,CUST_0459,PROD_0162,2024-03-12,392,284984,Online,Completed
SO_103410,CUST_0095,PROD_0292,2024-01-29,364,276640,Direct,Completed
SO_103411,CUST_0036,PROD_0076,2024-11-26,369,152028,Online,Pending
SO_103412,CUST_0443,PROD_0123,2024-06-08,219,189654,Online,Pending
SO_103413,CUST_0426,PROD_0072,2024-07-11,12,11664,Distributor,Completed
SO_103414,CUST_0380,PROD_0039,2024-04-14,280,105280,Online,Cancelled
SO_103415,CUST_0324,PROD_0065,2024-12-24,66,16170,Distributor,Completed
SO_103416,CUST_0060,PROD_0117,2024-01-11,79,65175,Distributor,Cancelled
SO_103417,CUST_0095,PROD_0185,2024-06-23,410,251740,Distributor,Cancelled
SO_103418,CUST_0141,PROD_0245,2024-09-22,13,12740,Direct,Cancelled
SO_103419,CUST_0225,PROD_0100,2024-10-13,60,50880,Distributor,Completed
SO_103420,CUST_0106,PROD_0054,2024-12-25,463,129177,Direct,Cancelled
SO_103421,CUST_0308,PROD_0077,2024-05-16,302,139826,Distributor,Cancelled
SO_103422,CUST_0075,PROD_0016,2024-08-13,378,135324,Direct,Cancelled
SO_103423,CUST_0335,PROD_0134,2024-12-14,75,68025,Online,Pending
SO_103424,CUST_0021,PROD_0071,2024-08-13,480,427680,Direct,Pending
SO_103425,CUST_0219,PROD_0031,2024-10-13,478,410124,Online,Cancelled
SO_103426,CUST_0390,PROD_0207,2024-02-13,369,322875,Online,Cancelled
SO_103427,CUST_0342,PROD_0286,2024-11-13,181,92491,Direct,Completed
SO_103428,CUST_0305,PROD_0250,2024-10-21,29,6786,Distributor,Cancelled
SO_103429,CUST_0456,PROD_0167,2024-08-21,347,330691,Distributor,Cancelled
SO_103430,CUST_0227,PROD_0157,2024-07-17,69,14559,Online,Pending
SO_103431,CUST_0330,PROD_0148,2024-11-15,470,81780,Online,Completed
SO_103432,CUST_0378,PROD_0056,2024-05-21,372,280860,Online,Completed
SO_103433,CUST_0037,PROD_0208,2024-04-05,235,150870,Direct,Pending
SO_103434,CUST_0343,PROD_0079,2024-03-05,52,22152,Online,Cancelled
SO_103435,CUST_0432,PROD_0264,2024-12-04,467,306819,Direct,Cancelled
SO_103436,CUST_0127,PROD_0038,2024-02-08,383,73536,Distributor,Cancelled
SO_103437,CUST_0286,PROD_0044,2024-10-31,425,233325,Direct,Completed
SO_103438,CUST_0123,PROD_0213,2024-05-08,341,301444,Online,Pending
SO_103439,CUST_0499,PROD_0021,2024-12-28,128,59008,Online,Cancelled
SO_103440,CUST_0401,PROD_0256,2024-02-18,233,38911,Online,Completed
SO_103441,CUST_0435,PROD_0229,2024-02-14,292,253748,Direct,Cancelled
SO_103442,CUST_0474,PROD_0099,2024-07-31,362,212132,Distributor,Pending
SO_103443,CUST_0321,PROD_0247,2024-06-23,159,96831,Online,Completed
SO_103444,CUST_0327,PROD_0019,2024-04-09,495,479160,Direct,Pending
SO_103445,CUST_0383,PROD_0226,2024-12-31,324,265356,Direct,Cancelled
SO_103446,CUST_0110,PROD_0108,2024-11-07,95,19855,Direct,Completed
SO_103447,CUST_0008,PROD_0273,2024-07-12,343,206143,Online,Cancelled
SO_103448,CUST_0148,PROD_0020,2024-03-29,260,26000,Distributor,Completed
SO_103449,CUST_0481,PROD_0049,2024-01-17,457,292937,Distributor,Completed
SO_103450,CUST_0282,PROD_0124,2024-08-23,370,322270,Online,Cancelled
SO_103451,CUST_0467,PROD_0180,2024-12-25,14,2254,Distributor,Cancelled
SO_103452,CUST_0361,PROD_0264,2024-01-05,88,39160,Online,Completed
SO_103453,CUST_0486,PROD_0123,2024-08-06,284,141716,Direct,Cancelled
SO_103454,CUST_0433,PROD_0158,2024-11-02,124,75764,Distributor,Completed
SO_103455,CUST_0249,PROD_0106,2024-08-26,332,181272,Online,Cancelled
SO_103456,CUST_0284,PROD_0004,2024-06-11,62,6386,Distributor,Completed
SO_103457,CUST_0328,PROD_0191,2024-07-26,409,269122,Online,Pending
SO_103458,CUST_0488,PROD_0222,2024-12-11,78,62244,Distributor,Completed
SO_103459,CUST_0172,PROD_0267,2024-03-17,194,154812,Online,Pending
SO_103460,CUST_0482,PROD_0100,2024-04-29,434,114576,Distributor,Cancelled
SO_103461,CUST_0269,PROD_0264,2024-06-10,223,48391,Direct,Completed
SO_103462,CUST_0432,PROD_0139,2024-03-13,317,128385,Distributor,Completed
SO_103463,CUST_0279,PROD_0045,2024-08-05,22,7788,Distributor,Completed
SO_103464,CUST_0482,PROD_0066,2024-11-21,262,61570,Direct,Cancelled
SO_103465,CUST_0133,PROD_0236,2024-04-05,112,32480,Online,Pending
SO_103466,CUST_0408,PROD_0097,2024-06-04,406,114898,Distributor,Cancelled
SO_103467,CUST_0440,PROD_0111,2024-12-21,283,161593,Direct,Completed
SO_103468,CUST_0008,PROD_0029,2024-08-22,105,57435,Direct,Pending
SO_103469,CUST_0051,PROD_0238,2024-07-21,439,240133,Online,Pending
SO_103470,CUST_0081,PROD_0019,2024-02-29,183,47946,Direct,Pending
SO_103471,CUST_0265,PROD_0243,2024-08-17,334,215764,Direct,Pending
SO_103472,CUST_0056,PROD_0257,2024-03-02,62,40920,Direct,Completed
SO_103473,CUST_0117,PROD_0151,2024-12-29,24,14976,Online,Completed
SO_103474,CUST_0341,PROD_0270,2024-12-20,401,141954,Online,Cancelled
SO_103475,CUST_0485,PROD_0048,2024-06-05,467,242373,Online,Pending
SO_103476,CUST_0128,PROD_0115,2024-01-03,27,5778,Distributor,Pending
SO_103477,CUST_0281,PROD_0293,2024-06-30,471,221370,Distributor,Cancelled
SO_103478,CUST_0177,PROD_0201,2024-02-01,315,308385,Direct,Completed
SO_103479,CUST_0256,PROD_0055,2024-10-22,201,36180,Distributor,Cancelled
SO_103480,CUST_0341,PROD_0047,2024-03-30,448,344512,Direct,Completed
SO_103481,CUST_0328,PROD_0138,2024-09-21,70,24430,Online,Pending
SO_103482,CUST_0394,PROD_0117,2024-07-24,33,15609,Distributor,Completed
SO_103483,CUST_0294,PROD_0095,2024-01-05,205,35260,Online,Cancelled
SO_103484,CUST_0252,PROD_0168,2024-09-21,245,168560,Online,Pending
SO_103485,CUST_0385,PROD_0133,2024-03-17,162,44874,Distributor,Pending
SO_103486,CUST_0442,PROD_0136,2024-12-07,488,335744,Direct,Pending
SO_103487,CUST_0251,PROD_0019,2024-06-23,38,31160,Online,Completed
SO_103488,CUST_0252,PROD_0106,2024-09-04,163,75306,Direct,Completed
SO_103489,CUST_0284,PROD_0106,2024-11-02,58,53070,Direct,Completed
SO_103490,CUST_0403,PROD_0101,2024-08-15,24,15048,Distributor,Completed
SO_103491,CUST_0121,PROD_0051,2024-07-22,479,438285,Online,Cancelled
SO_103492,CUST_0484,PROD_0231,2024-11-04,73,70883,Distributor,Cancelled
SO_103493,CUST_0397,PROD_0169,2024-11-11,306,195228,Distributor,Completed
SO_103494,CUST_0048,PROD_0057,2024-02-08,477,208449,Direct,Cancelled
SO_103495,CUST_0436,PROD_0156,2024-04-17,314,54636,Direct,Pending
SO_103496,CUST_0493,PROD_0070,2024-12-25,63,55314,Distributor,Cancelled
SO_103497,CUST_0002,PROD_0140,2024-05-19,143,66638,Direct,Completed
SO_103498,CUST_0453,PROD_0280,2024-04-15,320,241280,Online,Cancelled
SO_103499,CUST_0385,PROD_0060,2024-11-22,487,375477,Distributor,Cancelled
SO_103500,CUST_0231,PROD_0151,2024-01-23,485,220190,Direct,Pending
SO_103501,CUST_0097,PROD_0038,2024-01-01,82,36326,Distributor,Completed
SO_103502,CUST_0301,PROD_0298,2024-08-08,448,362880,Online,Pending
SO_103503,CUST_0209,PROD_0245,2024-04-23,497,454258,Direct,Pending
SO_103504,CUST_0410,PROD_0261,2024-04-30,32,13632,Distributor,Completed
SO_103505,CUST_0062,PROD_0107,2024-01-05,179,30788,Online,Completed
SO_103506,CUST_0261,PROD_0227,2024-03-17,135,26460,Online,Cancelled
SO_103507,CUST_0131,PROD_0010,2024-12-10,306,172584,Distributor,Pending
SO_103508,CUST_0255,PROD_0110,2024-11-25,341,229493,Online,Pending
SO_103509,CUST_0003,PROD_0023,2024-08-19,139,128714,Online,Pending
SO_103510,CUST_0392,PROD_0046,2024-09-09,379,324045,Online,Cancelled
SO_103511,CUST_0454,PROD_0287,2024-11-28,243,232551,Distributor,Completed
SO_103512,CUST_0183,PROD_0033,2024-05-11,179,107221,Direct,Pending
SO_103513,CUST_0042,PROD_0095,2024-05-25,211,116261,Distributor,Cancelled
SO_103514,CUST_0059,PROD_0283,2024-04-29,178,153258,Online,Completed
SO_103515,CUST_0356,PROD_0197,2024-02-15,82,66748,Online,Completed
SO_103516,CUST_0459,PROD_0115,2024-07-19,90,31950,Online,Completed
SO_103517,CUST_0078,PROD_0161,2024-06-27,364,75348,Online,Pending
SO_103518,CUST_0466,PROD_0181,2024-12-06,150,123150,Online,Cancelled
SO_103519,CUST_0120,PROD_0014,2024-09-30,307,82890,Distributor,Completed
SO_103520,CUST_0342,PROD_0240,2024-10-12,41,39483,Online,Cancelled
SO_103521,CUST_0224,PROD_0279,2024-07-10,124,117304,Distributor,Cancelled
SO_103522,CUST_0270,PROD_0163,2024-05-03,181,101541,Online,Pending
SO_103523,CUST_0077,PROD_0104,2024-09-14,104,98384,Online,Completed
SO_103524,CUST_0064,PROD_0299,2024-10-25,194,26578,Distributor,Cancelled
SO_103525,CUST_0050,PROD_0284,2024-05-15,374,342584,Online,Pending
SO_103526,CUST_0060,PROD_0276,2024-09-09,429,193050,Online,Pending
SO_103527,CUST_0304,PROD_0207,2024-06-26,330,233310,Online,Completed
SO_103528,CUST_0484,PROD_0126,2024-01-13,417,393231,Online,Completed
SO_103529,CUST_0398,PROD_0092,2024-06-16,278,33638,Online,Pending
SO_103530,CUST_0075,PROD_0144,2024-07-17,493,225794,Online,Cancelled
SO_103531,CUST_0196,PROD_0008,2024-11-06,402,303108,Online,Pending
SO_103532,CUST_0231,PROD_0041,2024-02-14,352,93632,Online,Pending
SO_103533,CUST_0204,PROD_0107,2024-08-21,214,212074,Direct,Completed
SO_103534,CUST_0155,PROD_0119,2024-04-05,311,246312,Online,Pending
SO_103535,CUST_0397,PROD_0086,2024-06-27,245,163170,Direct,Completed
SO_103536,CUST_0153,PROD_0190,2024-01-17,185,172975,Distributor,Pending
SO_103537,CUST_0194,PROD_0220,2024-03-05,344,192296,Direct,Cancelled
SO_103538,CUST_0249,PROD_0204,2024-12-14,494,435708,Online,Cancelled
SO_103539,CUST_0279,PROD_0195,2024-08-06,366,280722,Online,Pending
SO_103540,CUST_0260,PROD_0207,2024-12-24,312,88296,Online,Pending
SO_103541,CUST_0412,PROD_0025,2024-06-09,279,231570,Online,Pending
SO_103542,CUST_0490,PROD_0261,2024-03-25,118,114696,Direct,Completed
SO_103543,CUST_0220,PROD_0155,2024-09-16,218,203176,Distributor,Cancelled
SO_103544,CUST_0309,PROD_0142,2024-04-30,43,36421,Distributor,Cancelled
SO_103545,CUST_0437,PROD_0262,2024-07-23,104,42432,Direct,Pending
SO_103546,CUST_0352,PROD_0059,2024-11-26,129,41538,Online,Cancelled
SO_103547,CUST_0041,PROD_0210,2024-01-07,266,186998,Distributor,Pending
SO_103548,CUST_0180,PROD_0196,2024-10-13,484,229416,Distributor,Pending
SO_103549,CUST_0103,PROD_0274,2024-01-22,410,330050,Online,Pending
SO_103550,CUST_0412,PROD_0006,2024-07-05,336,100464,Online,Cancelled
SO_103551,CUST_0122,PROD_0169,2024-10-16,305,104005,Online,Cancelled
SO_103552,CUST_0294,PROD_0096,2024-07-17,190,68780,Online,Pending
SO_103553,CUST_0056,PROD_0078,2024-07-28,132,123552,Online,Cancelled
SO_103554,CUST_0074,PROD_0230,2024-08-24,164,73144,Online,Pending
SO_103555,CUST_0075,PROD_0045,2024-12-16,57,47139,Direct,Pending
SO_103556,CUST_0203,PROD_0057,2024-06-20,19,6289,Online,Cancelled
SO_103557,CUST_0492,PROD_0125,2024-11-24,96,74208,Distributor,Completed
SO_103558,CUST_0414,PROD_0120,2024-05-24,20,6640,Direct,Pending
SO_103559,CUST_0249,PROD_0167,2024-02-25,131,66417,Distributor,Cancelled
SO_103560,CUST_0217,PROD_0192,2024-07-18,246,86346,Distributor,Cancelled
SO_103561,CUST_0470,PROD_0096,2024-08-11,256,46592,Online,Completed
SO_103562,CUST_0490,PROD_0259,2024-10-10,439,313007,Online,Completed
SO_103563,CUST_0140,PROD_0106,2024-03-25,322,234738,Direct,Completed
SO_103564,CUST_0415,PROD_0122,2024-12-20,111,47064,Direct,Cancelled
SO_103565,CUST_0466,PROD_0243,2024-03-27,365,263165,Direct,Pending
SO_103566,CUST_0388,PROD_0268,2024-11-29,195,27495,Online,Cancelled
SO_103567,CUST_0274,PROD_0029,2024-09-06,300,213000,Distributor,Cancelled
SO_103568,CUST_0258,PROD_0173,2024-06-07,162,70794,Direct,Completed
SO_103569,CUST_0414,PROD_0059,2024-11-15,232,124584,Direct,Cancelled
SO_103570,CUST_0362,PROD_0028,2024-11-29,134,58960,Distributor,Completed
SO_103571,CUST_0251,PROD_0060,2024-06-25,290,60610,Direct,Cancelled
SO_103572,CUST_0440,PROD_0297,2024-11-02,351,257634,Distributor,Cancelled
SO_103573,CUST_0311,PROD_0030,2024-03-26,401,358494,Distributor,Cancelled
SO_103574,CUST_0076,PROD_0147,2024-11-06,416,168896,Distributor,Completed
SO_103575,CUST_0206,PROD_0004,2024-01-02,189,79758,Direct,Completed
SO_103576,CUST_0025,PROD_0085,2024-12-19,88,74184,Online,Completed
SO_103577,CUST_0052,PROD_0027,2024-04-09,360,349200,Direct,Pending
SO_103578,CUST_0367,PROD_0170,2024-07-26,96,89472,Direct,Cancelled
SO_103579,CUST_0089,PROD_0184,2024-02-04,475,127300,Direct,Cancelled
SO_103580,CUST_0380,PROD_0265,2024-11-07,262,236324,Direct,Cancelled
SO_103581,CUST_0414,PROD_0122,2024-10-30,130,44330,Online,Completed
SO_103582,CUST_0322,PROD_0059,2024-11-19,305,139385,Distributor,Completed
SO_103583,CUST_0395,PROD_0137,2024-12-20,493,337212,Distributor,Cancelled
SO_103584,CUST_0143,PROD_0286,2024-07-16,158,90376,Direct,Pending
SO_103585,CUST_0306,PROD_0281,2024-03-11,272,131920,Distributor,Cancelled
SO_103586,CUST_0088,PROD_0261,2024-10-17,322,242144,Online,Pending
SO_103587,CUST_0281,PROD_0296,2024-04-05,486,172044,Distributor,Completed
SO_103588,CUST_0102,PROD_0203,2024-07-01,393,268026,Online,Completed
SO_103589,CUST_0267,PROD_0076,2024-10-10,423,374778,Online,Cancelled
SO_103590,CUST_0346,PROD_0094,2024-08-28,348,186876,Distributor,Completed
SO_103591,CUST_0412,PROD_0116,2024-03-10,60,7800,Distributor,Pending
SO_103592,CUST_0478,PROD_0048,2024-12-26,362,195842,Direct,Pending
SO_103593,CUST_0141,PROD_0247,2024-08-03,176,121088,Online,Completed
SO_103594,CUST_0327,PROD_0015,2024-01-22,472,381848,Distributor,Completed
SO_103595,CUST_0221,PROD_0065,2024-11-20,357,282030,Online,Cancelled
SO_103596,CUST_0279,PROD_0214,2024-12-04,392,300272,Online,Cancelled
SO_103597,CUST_0336,PROD_0210,2024-09-21,83,12699,Direct,Cancelled
SO_103598,CUST_0052,PROD_0012,2024-05-23,160,85440,Online,Cancelled
SO_103599,CUST_0075,PROD_0133,2024-07-09,196,179928,Online,Pending
SO_103600,CUST_0109,PROD_0182,2024-07-01,286,92950,Online,Pending
SO_103601,CUST_0241,PROD_0285,2024-08-27,474,112812,Online,Pending
SO_103602,CUST_0097,PROD_0076,2024-11-09,12,6108,Online,Pending
SO_103603,CUST_0395,PROD_0273,2024-06-15,498,151890,Direct,Completed
SO_103604,CUST_0074,PROD_0270,2024-08-10,387,282510,Online,Completed
SO_103605,CUST_0182,PROD_0117,2024-11-24,359,198168,Direct,Pending
SO_103606,CUST_0120,PROD_0241,2024-12-06,95,13110,Online,Completed
SO_103607,CUST_0414,PROD_0227,2024-02-17,483,60858,Online,Pending
SO_103608,CUST_0443,PROD_0013,2024-08-16,165,97845,Online,Cancelled
SO_103609,CUST_0267,PROD_0276,2024-03-15,69,46506,Distributor,Cancelled
SO_103610,CUST_0390,PROD_0101,2024-01-27,168,130032,Distributor,Cancelled
SO_103611,CUST_0389,PROD_0080,2024-08-16,31,8804,Distributor,Pending
SO_103612,CUST_0429,PROD_0105,2024-09-10,266,206682,Distributor,Completed
SO_103613,CUST_0272,PROD_0171,2024-04-18,284,79804,Direct,Cancelled
SO_103614,CUST_0430,PROD_0170,2024-01-23,27,7722,Online,Completed
SO_103615,CUST_0098,PROD_0097,2024-02-05,377,366067,Online,Pending
SO_103616,CUST_0349,PROD_0244,2024-02-20,413,62363,Distributor,Completed
SO_103617,CUST_0064,PROD_0207,2024-01-29,166,148238,Direct,Completed
SO_103618,CUST_0288,PROD_0145,2024-06-22,401,49323,Online,Pending
SO_103619,CUST_0206,PROD_0258,2024-11-13,305,131455,Direct,Completed
SO_103620,CUST_0424,PROD_0183,2024-06-10,430,240370,Direct,Completed
SO_103621,CUST_0224,PROD_0163,2024-03-10,109,67253,Direct,Pending
SO_103622,CUST_0218,PROD_0135,2024-09-21,294,103194,Online,Completed
SO_103623,CUST_0346,PROD_0230,2024-12-14,124,15624,Online,Cancelled
SO_103624,CUST_0090,PROD_0288,2024-08-01,340,305660,Online,Completed
SO_103625,CUST_0401,PROD_0256,2024-09-13,206,86520,Online,Cancelled
SO_103626,CUST_0384,PROD_0067,2024-07-10,395,277290,Direct,Completed
SO_103627,CUST_0400,PROD_0044,2024-01-04,257,147004,Direct,Pending
SO_103628,CUST_0091,PROD_0086,2024-12-21,234,69030,Online,Completed
SO_103629,CUST_0428,PROD_0274,2024-01-16,124,82336,Distributor,Cancelled
SO_103630,CUST_0135,PROD_0059,2024-08-17,183,126819,Online,Completed
SO_103631,CUST_0391,PROD_0031,2024-03-13,62,18538,Direct,Completed
SO_103632,CUST_0410,PROD_0109,2024-04-02,58,47966,Distributor,Completed
SO_103633,CUST_0142,PROD_0269,2024-05-23,190,134710,Online,Cancelled
SO_103634,CUST_0460,PROD_0062,2024-06-12,65,43810,Online,Pending
SO_103635,CUST_0248,PROD_0199,2024-05-20,51,7956,Direct,Completed
SO_103636,CUST_0202,PROD_0249,2024-08-04,357,162078,Online,Cancelled
SO_103637,CUST_0025,PROD_0177,2024-04-10,389,103085,Online,Completed
SO_103638,CUST_0307,PROD_0232,2024-11-14,469,110684,Direct,Pending
SO_103639,CUST_0288,PROD_0138,2024-04-10,74,65416,Online,Cancelled
SO_103640,CUST_0478,PROD_0174,2024-07-01,317,39625,Direct,Pending
SO_103641,CUST_0103,PROD_0235,2024-01-04,72,58752,Online,Cancelled
SO_103642,CUST_0459,PROD_0245,2024-03-14,497,203770,Direct,Cancelled
SO_103643,CUST_0404,PROD_0022,2024-02-06,485,441835,Online,Pending
SO_103644,CUST_0272,PROD_0136,2024-09-10,412,259148,Online,Completed
SO_103645,CUST_0093,PROD_0151,2024-09-22,15,9825,Direct,Pending
SO_103646,CUST_0219,PROD_0296,2024-09-05,85,50405,Direct,Completed
SO_103647,CUST_0227,PROD_0101,2024-09-19,477,113526,Distributor,Completed
SO_103648,CUST_0162,PROD_0138,2024-03-23,319,234146,Distributor,Completed
SO_103649,CUST_0131,PROD_0071,2024-05-16,305,218380,Online,Pending
SO_103650,CUST_0413,PROD_0080,2024-11-25,51,44370,Online,Cancelled
SO_103651,CUST_0370,PROD_0002,2024-10-09,405,338175,Direct,Cancelled
SO_103652,CUST_0392,PROD_0071,2024-07-14,43,9804,Online,Completed
SO_103653,CUST_0473,PROD_0045,2024-12-08,362,295030,Distributor,Pending
SO_103654,CUST_0366,PROD_0006,2024-01-20,343,193109,Online,Pending
SO_103655,CUST_0435,PROD_0049,2024-01-31,364,81900,Online,Cancelled
SO_103656,CUST_0474,PROD_0094,2024-05-30,391,98141,Direct,Pending
SO_103657,CUST_0349,PROD_0145,2024-02-27,87,71514,Online,Cancelled
SO_103658,CUST_0320,PROD_0017,2024-08-28,423,405657,Distributor,Cancelled
SO_103659,CUST_0139,PROD_0294,2024-08-07,338,60502,Direct,Completed
SO_103660,CUST_0249,PROD_0155,2024-08-09,397,46846,Online,Cancelled
SO_103661,CUST_0059,PROD_0130,2024-07-26,357,301665,Online,Pending
SO_103662,CUST_0401,PROD_0183,2024-11-07,255,170595,Distributor,Pending
SO_103663,CUST_0354,PROD_0151,2024-09-11,405,80595,Distributor,Completed
SO_103664,CUST_0109,PROD_0046,2024-08-08,497,256452,Online,Pending
SO_103665,CUST_0427,PROD_0064,2024-05-16,323,92701,Distributor,Pending
SO_103666,CUST_0155,PROD_0078,2024-07-12,399,115710,Distributor,Cancelled
SO_103667,CUST_0155,PROD_0300,2024-09-07,441,336924,Direct,Pending
SO_103668,CUST_0039,PROD_0222,2024-08-04,165,108405,Online,Completed
SO_103669,CUST_0145,PROD_0254,2024-02-29,421,77043,Direct,Cancelled
SO_103670,CUST_0364,PROD_0144,2024-05-01,453,184371,Distributor,Cancelled
SO_103671,CUST_0418,PROD_0042,2024-12-25,418,282568,Direct,Pending
SO_103672,CUST_0043,PROD_0226,2024-03-24,287,133742,Online,Cancelled
SO_103673,CUST_0122,PROD_0106,2024-06-26,85,42670,Direct,Cancelled
SO_103674,CUST_0428,PROD_0082,2024-05-29,149,143785,Direct,Pending
SO_103675,CUST_0456,PROD_0200,2024-07-30,46,42320,Online,Pending
SO_103676,CUST_0487,PROD_0137,2024-01-30,53,36676,Online,Cancelled
SO_103677,CUST_0052,PROD_0172,2024-07-03,370,344840,Online,Completed
SO_103678,CUST_0230,PROD_0011,2024-07-05,476,58548,Direct,Cancelled
SO_103679,CUST_0138,PROD_0241,2024-12-13,246,34440,Direct,Completed
SO_103680,CUST_0082,PROD_0295,2024-10-27,432,75600,Distributor,Completed
SO_103681,CUST_0280,PROD_0285,2024-04-21,157,46001,Online,Cancelled
SO_103682,CUST_0002,PROD_0253,2024-02-12,264,241560,Distributor,Completed
SO_103683,CUST_0099,PROD_0107,2024-06-26,44,22484,Distributor,Completed
SO_103684,CUST_0456,PROD_0021,2024-06-09,397,186987,Online,Pending
SO_103685,CUST_0153,PROD_0008,2024-08-27,50,44550,Online,Pending
SO_103686,CUST_0153,PROD_0164,2024-07-15,162,117288,Online,Cancelled
SO_103687,CUST_0236,PROD_0254,2024-07-25,21,6636,Direct,Completed
SO_103688,CUST_0267,PROD_0200,2024-11-18,457,112422,Direct,Completed
SO_103689,CUST_0001,PROD_0140,2024-02-16,323,171190,Distributor,Completed
SO_103690,CUST_0188,PROD_0022,2024-11-10,62,40672,Distributor,Cancelled
SO_103691,CUST_0011,PROD_0026,2024-10-20,406,98252,Distributor,Completed
SO_103692,CUST_0333,PROD_0143,2024-08-07,81,30537,Online,Pending
SO_103693,CUST_0416,PROD_0296,2024-03-24,46,44666,Direct,Pending
SO_103694,CUST_0053,PROD_0267,2024-04-22,487,146100,Distributor,Cancelled
SO_103695,CUST_0392,PROD_0280,2024-10-21,17,14110,Direct,Cancelled
SO_103696,CUST_0455,PROD_0222,2024-05-11,207,67068,Distributor,Pending
SO_103697,CUST_0396,PROD_0295,2024-06-29,462,445830,Distributor,Cancelled
SO_103698,CUST_0495,PROD_0282,2024-07-14,386,94956,Online,Pending
SO_103699,CUST_0219,PROD_0066,2024-02-12,309,180456,Online,Pending
SO_103700,CUST_0393,PROD_0193,2024-08-07,250,70250,Direct,Completed
SO_103701,CUST_0462,PROD_0085,2024-11-04,20,11140,Online,Completed
SO_103702,CUST_0092,PROD_0294,2024-04-16,495,319275,Online,Pending
SO_103703,CUST_0222,PROD_0025,2024-06-11,320,38080,Distributor,Pending
SO_103704,CUST_0192,PROD_0136,2024-01-10,452,162720,Direct,Cancelled
SO_103705,CUST_0460,PROD_0263,2024-06-04,305,254370,Distributor,Completed
SO_103706,CUST_0130,PROD_0234,2024-02-15,308,127820,Online,Completed
SO_103707,CUST_0300,PROD_0280,2024-03-21,445,383590,Direct,Cancelled
SO_103708,CUST_0189,PROD_0071,2024-08-07,298,199660,Online,Cancelled
SO_103709,CUST_0213,PROD_0088,2024-10-08,97,16587,Online,Pending
SO_103710,CUST_0146,PROD_0294,2024-07-26,456,126312,Distributor,Pending
SO_103711,CUST_0367,PROD_0181,2024-11-26,290,159500,Distributor,Pending
SO_103712,CUST_0016,PROD_0183,2024-03-16,106,25864,Distributor,Completed
SO_103713,CUST_0448,PROD_0071,2024-03-14,240,55680,Direct,Pending
SO_103714,CUST_0229,PROD_0201,2024-04-10,266,197106,Online,Pending
SO_103715,CUST_0329,PROD_0025,2024-08-25,424,322664,Online,Completed
SO_103716,CUST_0285,PROD_0046,2024-03-08,46,14904,Direct,Completed
SO_103717,CUST_0424,PROD_0015,2024-03-25,201,180096,Distributor,Completed
SO_103718,CUST_0257,PROD_0191,2024-04-03,88,67936,Direct,Pending
SO_103719,CUST_0220,PROD_0168,2024-05-02,113,57969,Online,Completed
SO_103720,CUST_0081,PROD_0180,2024-11-21,209,122892,Direct,Cancelled
SO_103721,CUST_0385,PROD_0045,2024-12-05,174,111186,Direct,Cancelled
SO_103722,CUST_0332,PROD_0232,2024-09-24,265,249630,Online,Pending
SO_103723,CUST_0078,PROD_0230,2024-09-06,405,315495,Online,Completed
SO_103724,CUST_0250,PROD_0069,2024-07-22,24,10176,Distributor,Pending
SO_103725,CUST_0180,PROD_0230,2024-05-20,81,53055,Online,Pending
SO_103726,CUST_0077,PROD_0029,2024-05-13,62,12524,Direct,Completed
SO_103727,CUST_0068,PROD_0042,2024-02-24,168,38808,Distributor,Completed
SO_103728,CUST_0166,PROD_0031,2024-03-09,100,41600,Online,Cancelled
SO_103729,CUST_0474,PROD_0174,2024-09-27,93,45942,Direct,Completed
SO_103730,CUST_0468,PROD_0137,2024-08-09,29,20126,Direct,Cancelled
SO_103731,CUST_0135,PROD_0106,2024-05-06,434,77252,Online,Pending
SO_103732,CUST_0164,PROD_0058,2024-09-14,26,6084,Online,Pending
SO_103733,CUST_0044,PROD_0092,2024-09-04,182,80626,Direct,Pending
SO_103734,CUST_0311,PROD_0290,2024-04-30,47,32712,Online,Cancelled
SO_103735,CUST_0133,PROD_0172,2024-04-17,417,252702,Online,Pending
SO_103736,CUST_0187,PROD_0229,2024-06-14,389,135761,Online,Pending
SO_103737,CUST_0303,PROD_0072,2024-08-14,22,3630,Direct,Completed
SO_103738,CUST_0180,PROD_0233,2024-02-07,469,175875,Online,Completed
SO_103739,CUST_0229,PROD_0023,2024-12-23,228,91200,Online,Completed
SO_103740,CUST_0130,PROD_0096,2024-07-27,126,23562,Online,Completed
SO_103741,CUST_0322,PROD_0150,2024-04-13,88,86944,Online,Cancelled
SO_103742,CUST_0174,PROD_0136,2024-01-14,81,24786,Online,Pending
SO_103743,CUST_0324,PROD_0234,2024-12-29,496,335792,Online,Completed
SO_103744,CUST_0213,PROD_0158,2024-07-31,325,100425,Direct,Completed
SO_103745,CUST_0188,PROD_0054,2024-04-28,90,14400,Distributor,Pending
SO_103746,CUST_0394,PROD_0266,2024-04-28,408,208080,Online,Pending
SO_103747,CUST_0186,PROD_0232,2024-08-04,241,115680,Direct,Pending
SO_103748,CUST_0240,PROD_0160,2024-10-04,343,101185,Online,Cancelled
SO_103749,CUST_0311,PROD_0060,2024-06-15,279,111879,Distributor,Completed
SO_103750,CUST_0436,PROD_0093,2024-03-16,305,46055,Direct,Completed
SO_103751,CUST_0275,PROD_0106,2024-12-30,195,145665,Direct,Cancelled
SO_103752,CUST_0455,PROD_0069,2024-09-06,180,178020,Online,Pending
SO_103753,CUST_0031,PROD_0295,2024-07-24,218,148676,Direct,Cancelled
SO_103754,CUST_0412,PROD_0094,2024-05-24,50,39850,Online,Completed
SO_103755,CUST_0187,PROD_0078,2024-02-20,412,111240,Online,Completed
SO_103756,CUST_0058,PROD_0227,2024-07-20,146,50078,Online,Pending
SO_103757,CUST_0418,PROD_0186,2024-10-11,224,112672,Online,Completed
SO_103758,CUST_0259,PROD_0137,2024-07-23,14,7924,Direct,Pending
SO_103759,CUST_0448,PROD_0039,2024-02-26,292,177536,Distributor,Cancelled
SO_103760,CUST_0167,PROD_0192,2024-09-06,239,47800,Direct,Pending
SO_103761,CUST_0320,PROD_0063,2024-10-12,31,29388,Distributor,Pending
SO_103762,CUST_0364,PROD_0222,2024-06-03,289,274839,Direct,Pending
SO_103763,CUST_0347,PROD_0002,2024-10-19,420,241920,Direct,Pending
SO_103764,CUST_0281,PROD_0244,2024-06-11,319,307835,Direct,Completed
SO_103765,CUST_0209,PROD_0268,2024-08-22,25,10375,Distributor,Pending
SO_103766,CUST_0350,PROD_0267,2024-11-10,206,133694,Direct,Completed
SO_103767,CUST_0241,PROD_0167,2024-05-05,490,457170,Direct,Completed
SO_103768,CUST_0341,PROD_0054,2024-09-12,338,101400,Online,Cancelled
SO_103769,CUST_0243,PROD_0057,2024-01-11,314,55578,Distributor,Pending
SO_103770,CUST_0179,PROD_0035,2024-02-15,259,56980,Online,Pending
SO_103771,CUST_0379,PROD_0147,2024-06-14,216,153792,Direct,Completed
SO_103772,CUST_0381,PROD_0290,2024-05-14,125,111000,Direct,Completed
SO_103773,CUST_0071,PROD_0118,2024-07-21,216,211248,Direct,Pending
SO_103774,CUST_0464,PROD_0185,2024-03-04,241,234011,Direct,Pending
SO_103775,CUST_0414,PROD_0209,2024-10-10,341,68541,Online,Cancelled
SO_103776,CUST_0068,PROD_0157,2024-05-01,249,170814,Direct,Cancelled
SO_103777,CUST_0406,PROD_0227,2024-01-10,418,285912,Distributor,Completed
SO_103778,CUST_0280,PROD_0146,2024-03-16,132,34452,Direct,Pending
SO_103779,CUST_0331,PROD_0105,2024-04-27,165,144375,Online,Pending
SO_103780,CUST_0047,PROD_0040,2024-10-08,186,84258,Online,Pending
SO_103781,CUST_0179,PROD_0039,2024-06-14,368,53728,Online,Cancelled
SO_103782,CUST_0357,PROD_0211,2024-01-18,477,390186,Direct,Pending
SO_103783,CUST_0167,PROD_0038,2024-02-22,17,11101,Online,Completed
SO_103784,CUST_0309,PROD_0092,2024-12-27,106,31694,Direct,Pending
SO_103785,CUST_0203,PROD_0176,2024-02-22,268,236108,Distributor,Completed
SO_103786,CUST_0362,PROD_0181,2024-01-13,472,362024,Online,Completed
SO_103787,CUST_0446,PROD_0261,2024-01-29,415,50630,Distributor,Completed
SO_103788,CUST_0470,PROD_0075,2024-05-15,52,20592,Direct,Completed
SO_103789,CUST_0025,PROD_0194,2024-12-08,442,182988,Distributor,Pending
SO_103790,CUST_0040,PROD_0233,2024-10-30,21,10668,Direct,Completed
SO_103791,CUST_0049,PROD_0269,2024-05-30,447,67497,Direct,Completed
SO_103792,CUST_0475,PROD_0147,2024-07-09,382,266636,Direct,Completed
SO_103793,CUST_0422,PROD_0011,2024-02-20,187,169983,Direct,Completed
SO_103794,CUST_0398,PROD_0237,2024-05-21,428,282052,Distributor,Pending
SO_103795,CUST_0163,PROD_0080,2024-06-21,168,124656,Direct,Completed
SO_103796,CUST_0456,PROD_0291,2024-04-25,489,236676,Distributor,Cancelled
SO_103797,CUST_0357,PROD_0166,2024-11-19,75,41625,Direct,Cancelled
SO_103798,CUST_0110,PROD_0077,2024-01-09,471,405531,Online,Completed
SO_103799,CUST_0024,PROD_0185,2024-10-28,225,155700,Direct,Completed
SO_103800,CUST_0320,PROD_0020,2024-03-01,445,242080,Online,Pending
SO_103801,CUST_0020,PROD_0025,2024-02-01,413,331639,Direct,Completed
SO_103802,CUST_0099,PROD_0282,2024-03-03,407,371591,Distributor,Pending
SO_103803,CUST_0016,PROD_0218,2024-05-15,41,33169,Distributor,Completed
SO_103804,CUST_0433,PROD_0091,2024-11-15,195,81705,Online,Pending
SO_103805,CUST_0446,PROD_0251,2024-01-14,42,24024,Distributor,Completed
SO_103806,CUST_0093,PROD_0016,2024-09-10,188,156604,Online,Pending
SO_103807,CUST_0124,PROD_0017,2024-12-01,128,70144,Distributor,Pending
SO_103808,CUST_0072,PROD_0042,2024-07-17,415,218290,Distributor,Cancelled
SO_103809,CUST_0251,PROD_0183,2024-02-01,150,86400,Direct,Completed
SO_103810,CUST_0108,PROD_0249,2024-08-19,414,391644,Online,Pending
SO_103811,CUST_0137,PROD_0225,2024-05-15,123,56580,Online,Completed
SO_103812,CUST_0048,PROD_0195,2024-11-12,31,6758,Direct,Cancelled
SO_103813,CUST_0155,PROD_0231,2024-05-23,143,25740,Distributor,Pending
SO_103814,CUST_0391,PROD_0187,2024-01-08,485,368600,Distributor,Completed
SO_103815,CUST_0286,PROD_0008,2024-11-19,87,63249,Distributor,Cancelled
SO_103816,CUST_0374,PROD_0240,2024-07-24,489,400002,Direct,Completed
SO_103817,CUST_0011,PROD_0219,2024-05-14,217,155589,Online,Cancelled
SO_103818,CUST_0170,PROD_0286,2024-09-30,326,190384,Online,Pending
SO_103819,CUST_0171,PROD_0175,2024-05-12,262,156152,Online,Cancelled
SO_103820,CUST_0036,PROD_0077,2024-06-28,297,174636,Direct,Cancelled
SO_103821,CUST_0280,PROD_0262,2024-04-17,394,80770,Online,Cancelled
SO_103822,CUST_0369,PROD_0247,2024-06-17,103,40788,Online,Pending
SO_103823,CUST_0131,PROD_0107,2024-07-27,74,40182,Direct,Completed
SO_103824,CUST_0055,PROD_0169,2024-08-31,167,24883,Distributor,Completed
SO_103825,CUST_0499,PROD_0214,2024-02-11,74,39516,Distributor,Completed
SO_103826,CUST_0449,PROD_0221,2024-08-21,438,335508,Online,Cancelled
SO_103827,CUST_0060,PROD_0052,2024-07-04,93,21297,Online,Cancelled
SO_103828,CUST_0383,PROD_0044,2024-03-05,250,84000,Distributor,Completed
SO_103829,CUST_0342,PROD_0284,2024-11-04,340,234600,Distributor,Completed
SO_103830,CUST_0161,PROD_0261,2024-08-12,26,19058,Direct,Completed
SO_103831,CUST_0302,PROD_0056,2024-01-27,430,120830,Distributor,Completed
SO_103832,CUST_0428,PROD_0044,2024-01-04,494,170430,Direct,Pending
SO_103833,CUST_0411,PROD_0113,2024-12-13,345,320505,Direct,Pending
SO_103834,CUST_0163,PROD_0096,2024-11-18,414,178434,Distributor,Completed
SO_103835,CUST_0040,PROD_0050,2024-10-05,229,176101,Distributor,Pending
SO_103836,CUST_0451,PROD_0157,2024-11-26,421,117038,Direct,Cancelled
SO_103837,CUST_0006,PROD_0142,2024-01-29,58,55738,Distributor,Cancelled
SO_103838,CUST_0105,PROD_0111,2024-12-30,434,345464,Distributor,Cancelled
SO_103839,CUST_0369,PROD_0037,2024-11-20,272,247792,Online,Completed
SO_103840,CUST_0313,PROD_0070,2024-04-17,138,119922,Online,Cancelled
SO_103841,CUST_0143,PROD_0201,2024-07-23,295,94105,Distributor,Pending
SO_103842,CUST_0382,PROD_0214,2024-10-27,387,71595,Online,Completed
SO_103843,CUST_0173,PROD_0131,2024-02-08,197,65995,Distributor,Pending
SO_103844,CUST_0363,PROD_0205,2024-09-28,479,335300,Direct,Cancelled
SO_103845,CUST_0369,PROD_0134,2024-02-25,75,30450,Online,Pending
SO_103846,CUST_0458,PROD_0034,2024-04-13,98,15092,Direct,Cancelled
SO_103847,CUST_0417,PROD_0136,2024-12-25,142,53818,Online,Pending
SO_103848,CUST_0211,PROD_0041,2024-05-17,142,118286,Distributor,Cancelled
SO_103849,CUST_0209,PROD_0205,2024-03-10,116,46168,Distributor,Pending
SO_103850,CUST_0261,PROD_0294,2024-01-11,181,139370,Online,Pending
SO_103851,CUST_0460,PROD_0153,2024-09-24,416,349440,Direct,Cancelled
SO_103852,CUST_0244,PROD_0067,2024-07-21,273,69615,Direct,Completed
SO_103853,CUST_0046,PROD_0181,2024-10-07,426,345060,Online,Pending
SO_103854,CUST_0261,PROD_0245,2024-07-06,284,241116,Online,Completed
SO_103855,CUST_0093,PROD_0069,2024-02-02,290,76850,Online,Completed
SO_103856,CUST_0118,PROD_0175,2024-03-25,324,174960,Online,Cancelled
SO_103857,CUST_0085,PROD_0194,2024-07-06,338,283244,Distributor,Pending
SO_103858,CUST_0209,PROD_0171,2024-02-26,139,113563,Direct,Cancelled
SO_103859,CUST_0241,PROD_0196,2024-08-30,17,5066,Distributor,Pending
SO_103860,CUST_0138,PROD_0058,2024-03-04,490,119070,Online,Completed
SO_103861,CUST_0142,PROD_0016,2024-02-20,364,183820,Direct,Completed
SO_103862,CUST_0296,PROD_0203,2024-11-02,43,6235,Direct,Completed
SO_103863,CUST_0160,PROD_0114,2024-02-03,78,53976,Direct,Cancelled
SO_103864,CUST_0128,PROD_0205,2024-01-19,460,238740,Online,Completed
SO_103865,CUST_0149,PROD_0003,2024-12-24,213,111186,Distributor,Pending
SO_103866,CUST_0209,PROD_0123,2024-07-17,174,55506,Direct,Pending
SO_103867,CUST_0305,PROD_0113,2024-01-08,18,3024,Distributor,Cancelled
SO_103868,CUST_0116,PROD_0226,2024-10-24,458,329760,Direct,Pending
SO_103869,CUST_0376,PROD_0077,2024-02-14,209,60192,Distributor,Completed
SO_103870,CUST_0438,PROD_0113,2024-07-17,477,420237,Direct,Cancelled
SO_103871,CUST_0336,PROD_0215,2024-08-11,151,149037,Distributor,Pending
SO_103872,CUST_0367,PROD_0221,2024-09-28,288,99648,Distributor,Pending
SO_103873,CUST_0281,PROD_0139,2024-11-25,17,14042,Online,Completed
SO_103874,CUST_0414,PROD_0031,2024-02-21,390,198900,Online,Cancelled
SO_103875,CUST_0268,PROD_0220,2024-12-03,108,14688,Direct,Completed
SO_103876,CUST_0064,PROD_0261,2024-10-14,91,80626,Online,Completed
SO_103877,CUST_0499,PROD_0034,2024-10-29,182,145600,Online,Cancelled
SO_103878,CUST_0211,PROD_0287,2024-09-04,214,179118,Distributor,Pending
SO_103879,CUST_0207,PROD_0042,2024-03-17,237,48111,Direct,Completed
SO_103880,CUST_0398,PROD_0210,2024-02-02,247,220324,Distributor,Completed
SO_103881,CUST_0026,PROD_0107,2024-01-24,161,64561,Direct,Completed
SO_103882,CUST_0114,PROD_0053,2024-06-24,301,173075,Online,Pending
SO_103883,CUST_0052,PROD_0182,2024-09-14,339,257640,Direct,Cancelled
SO_103884,CUST_0414,PROD_0085,2024-07-09,215,178235,Direct,Pending
SO_103885,CUST_0280,PROD_0190,2024-10-02,429,197340,Online,Pending
SO_103886,CUST_0313,PROD_0287,2024-12-04,475,58900,Distributor,Completed
SO_103887,CUST_0401,PROD_0262,2024-10-02,154,95172,Direct,Pending
SO_103888,CUST_0287,PROD_0276,2024-01-07,115,52210,Direct,Completed
SO_103889,CUST_0208,PROD_0073,2024-09-12,411,322224,Direct,Pending
SO_103890,CUST_0008,PROD_0058,2024-11-05,331,328352,Online,Completed
SO_103891,CUST_0362,PROD_0156,2024-11-29,23,15272,Direct,Pending
SO_103892,CUST_0380,PROD_0292,2024-01-07,173,166426,Direct,Completed
SO_103893,CUST_0282,PROD_0200,2024-08-21,95,19095,Online,Pending
SO_103894,CUST_0325,PROD_0029,2024-05-19,426,287550,Distributor,Pending
SO_103895,CUST_0274,PROD_0021,2024-03-17,161,144739,Online,Completed
SO_103896,CUST_0451,PROD_0296,2024-04-08,167,84335,Online,Pending
SO_103897,CUST_0002,PROD_0139,2024-01-08,372,151776,Distributor,Completed
SO_103898,CUST_0426,PROD_0143,2024-01-01,169,73346,Distributor,Pending
SO_103899,CUST_0386,PROD_0100,2024-03-16,152,137712,Online,Cancelled
SO_103900,CUST_0186,PROD_0069,2024-08-11,166,123006,Online,Cancelled
SO_103901,CUST_0448,PROD_0094,2024-04-04,55,38995,Online,Completed
SO_103902,CUST_0472,PROD_0159,2024-04-16,101,49995,Online,Pending
SO_103903,CUST_0077,PROD_0066,2024-12-22,110,39600,Distributor,Pending
SO_103904,CUST_0182,PROD_0042,2024-12-05,53,19663,Online,Cancelled
SO_103905,CUST_0163,PROD_0163,2024-03-28,431,248687,Distributor,Completed
SO_103906,CUST_0471,PROD_0202,2024-12-11,469,263578,Distributor,Completed
SO_103907,CUST_0257,PROD_0278,2024-03-25,206,24308,Distributor,Cancelled
SO_103908,CUST_0122,PROD_0084,2024-11-23,86,9718,Online,Cancelled
SO_103909,CUST_0362,PROD_0179,2024-07-14,482,426088,Distributor,Cancelled
SO_103910,CUST_0250,PROD_0095,2024-06-17,135,103680,Online,Completed
SO_103911,CUST_0444,PROD_0242,2024-03-13,363,299112,Online,Pending
SO_103912,CUST_0007,PROD_0129,2024-01-20,377,249951,Distributor,Pending
SO_103913,CUST_0071,PROD_0181,2024-03-25,36,34056,Distributor,Pending
SO_103914,CUST_0464,PROD_0166,2024-08-30,462,91476,Online,Completed
SO_103915,CUST_0412,PROD_0119,2024-11-05,294,243138,Direct,Pending
SO_103916,CUST_0033,PROD_0016,2024-02-25,426,114168,Distributor,Cancelled
SO_103917,CUST_0444,PROD_0022,2024-05-07,369,281916,Distributor,Completed
SO_103918,CUST_0002,PROD_0146,2024-01-20,29,5481,Direct,Cancelled
SO_103919,CUST_0389,PROD_0226,2024-08-06,167,134435,Online,Pending
SO_103920,CUST_0398,PROD_0294,2024-12-21,342,253422,Direct,Completed
SO_103921,CUST_0227,PROD_0116,2024-09-06,492,459036,Distributor,Pending
SO_103922,CUST_0341,PROD_0280,2024-08-17,64,46976,Online,Completed
SO_103923,CUST_0287,PROD_0013,2024-03-29,59,11918,Distributor,Cancelled
SO_103924,CUST_0341,PROD_0015,2024-06-05,59,7375,Distributor,Cancelled
SO_103925,CUST_0343,PROD_0218,2024-06-03,433,141591,Online,Pending
SO_103926,CUST_0429,PROD_0181,2024-01-11,331,290287,Online,Pending
SO_103927,CUST_0491,PROD_0272,2024-11-24,286,67782,Direct,Pending
SO_103928,CUST_0350,PROD_0248,2024-10-21,467,217155,Direct,Cancelled
SO_103929,CUST_0313,PROD_0053,2024-01-08,82,24928,Direct,Pending
SO_103930,CUST_0402,PROD_0161,2024-04-07,154,18634,Online,Cancelled
SO_103931,CUST_0054,PROD_0069,2024-04-19,432,425088,Online,Completed
SO_103932,CUST_0215,PROD_0190,2024-04-24,19,7638,Distributor,Cancelled
SO_103933,CUST_0480,PROD_0030,2024-03-21,386,103834,Distributor,Pending
SO_103934,CUST_0095,PROD_0163,2024-01-25,164,41820,Distributor,Cancelled
SO_103935,CUST_0092,PROD_0073,2024-01-12,56,33376,Online,Cancelled
SO_103936,CUST_0357,PROD_0227,2024-01-15,289,221952,Online,Cancelled
SO_103937,CUST_0223,PROD_0203,2024-07-02,139,89099,Online,Cancelled
SO_103938,CUST_0456,PROD_0088,2024-03-26,417,299823,Direct,Pending
SO_103939,CUST_0325,PROD_0279,2024-10-18,66,31548,Direct,Completed
SO_103940,CUST_0151,PROD_0032,2024-03-17,341,322245,Online,Pending
SO_103941,CUST_0046,PROD_0100,2024-09-18,91,83174,Direct,Completed
SO_103942,CUST_0459,PROD_0147,2024-01-23,346,199988,Direct,Cancelled
SO_103943,CUST_0322,PROD_0266,2024-04-16,455,254345,Distributor,Cancelled
SO_103944,CUST_0464,PROD_0210,2024-10-19,234,60606,Direct,Pending
SO_103945,CUST_0437,PROD_0293,2024-11-19,400,88400,Online,Pending
SO_103946,CUST_0181,PROD_0071,2024-04-06,186,86304,Direct,Cancelled
SO_103947,CUST_0257,PROD_0268,2024-04-08,413,400610,Distributor,Cancelled
SO_103948,CUST_0374,PROD_0297,2024-10-29,500,444500,Direct,Pending
SO_103949,CUST_0127,PROD_0099,2024-02-04,292,162352,Distributor,Cancelled
SO_103950,CUST_0175,PROD_0006,2024-11-18,475,464550,Direct,Completed
SO_103951,CUST_0117,PROD_0271,2024-01-24,184,111136,Distributor,Completed
SO_103952,CUST_0162,PROD_0081,2024-07-16,487,344309,Online,Pending
SO_103953,CUST_0224,PROD_0051,2024-09-21,167,58617,Distributor,Pending
SO_103954,CUST_0268,PROD_0130,2024-04-23,384,199680,Online,Pending
SO_103955,CUST_0480,PROD_0166,2024-10-16,391,157964,Direct,Pending
SO_103956,CUST_0391,PROD_0161,2024-03-12,499,435627,Online,Completed
SO_103957,CUST_0394,PROD_0197,2024-11-06,16,10304,Online,Pending
SO_103958,CUST_0344,PROD_0288,2024-10-11,38,24510,Direct,Completed
SO_103959,CUST_0437,PROD_0183,2024-07-07,431,282305,Direct,Completed
SO_103960,CUST_0321,PROD_0054,2024-06-18,22,7282,Direct,Pending
SO_103961,CUST_0153,PROD_0214,2024-10-30,453,341562,Online,Cancelled
SO_103962,CUST_0013,PROD_0281,2024-12-28,18,4158,Direct,Completed
SO_103963,CUST_0052,PROD_0001,2024-12-30,267,97455,Direct,Completed
SO_103964,CUST_0415,PROD_0205,2024-12-16,45,35100,Online,Pending
SO_103965,CUST_0242,PROD_0287,2024-09-16,77,61523,Direct,Completed
SO_103966,CUST_0368,PROD_0058,2024-02-28,177,29028,Online,Cancelled
SO_103967,CUST_0482,PROD_0290,2024-07-13,497,258440,Distributor,Cancelled
SO_103968,CUST_0450,PROD_0242,2024-08-22,464,365168,Online,Completed
SO_103969,CUST_0470,PROD_0253,2024-04-17,275,249975,Direct,Cancelled
SO_103970,CUST_0497,PROD_0061,2024-02-12,129,49536,Online,Cancelled
SO_103971,CUST_0361,PROD_0020,2024-03-19,137,78090,Distributor,Completed
SO_103972,CUST_0325,PROD_0189,2024-06-26,275,151525,Online,Pending
SO_103973,CUST_0042,PROD_0253,2024-10-11,487,312167,Distributor,Completed
SO_103974,CUST_0378,PROD_0075,2024-09-20,386,153242,Distributor,Cancelled
SO_103975,CUST_0321,PROD_0146,2024-04-13,248,44144,Distributor,Cancelled
SO_103976,CUST_0027,PROD_0077,2024-01-08,351,157950,Distributor,Pending
SO_103977,CUST_0180,PROD_0062,2024-11-09,201,106932,Direct,Pending
SO_103978,CUST_0403,PROD_0284,2024-01-21,102,17952,Distributor,Cancelled
SO_103979,CUST_0472,PROD_0238,2024-07-23,419,418581,Online,Cancelled
SO_103980,CUST_0094,PROD_0019,2024-06-25,327,36951,Direct,Cancelled
SO_103981,CUST_0100,PROD_0231,2024-11-10,210,165060,Online,Completed
SO_103982,CUST_0248,PROD_0100,2024-02-25,76,29108,Direct,Completed
SO_103983,CUST_0264,PROD_0136,2024-09-26,125,79750,Direct,Cancelled
SO_103984,CUST_0156,PROD_0174,2024-09-07,413,237888,Distributor,Pending
SO_103985,CUST_0232,PROD_0136,2024-03-04,31,17360,Online,Cancelled
SO_103986,CUST_0389,PROD_0041,2024-05-27,14,4662,Direct,Pending
SO_103987,CUST_0466,PROD_0054,2024-03-22,274,214268,Distributor,Cancelled
SO_103988,CUST_0386,PROD_0291,2024-08-28,146,56940,Distributor,Completed
SO_103989,CUST_0028,PROD_0242,2024-03-23,233,53590,Online,Cancelled
SO_103990,CUST_0248,PROD_0211,2024-10-07,299,113919,Online,Cancelled
SO_103991,CUST_0151,PROD_0185,2024-06-03,147,104664,Online,Pending
SO_103992,CUST_0202,PROD_0011,2024-12-03,119,110551,Distributor,Completed
SO_103993,CUST_0142,PROD_0215,2024-02-27,241,98810,Distributor,Cancelled
SO_103994,CUST_0372,PROD_0224,2024-11-09,252,138600,Online,Cancelled
SO_103995,CUST_0391,PROD_0108,2024-12-01,420,328440,Direct,Completed
SO_103996,CUST_0375,PROD_0143,2024-03-31,477,473184,Distributor,Pending
SO_103997,CUST_0346,PROD_0021,2024-01-01,254,118110,Distributor,Completed
SO_103998,CUST_0209,PROD_0153,2024-10-27,191,109825,Online,Pending
SO_103999,CUST_0391,PROD_0223,2024-05-19,316,314736,Distributor,Completed
SO_104000,CUST_0409,PROD_0257,2024-12-16,297,261657,Distributor,Pending
SO_104001,CUST_0333,PROD_0123,2024-07-20,392,116032,Online,Completed
SO_104002,CUST_0145,PROD_0131,2024-10-28,285,170430,Direct,Pending
SO_104003,CUST_0333,PROD_0203,2024-07-19,226,30510,Online,Pending
SO_104004,CUST_0017,PROD_0288,2024-11-28,444,135864,Distributor,Cancelled
SO_104005,CUST_0138,PROD_0135,2024-07-28,15,6390,Distributor,Pending
SO_104006,CUST_0394,PROD_0147,2024-02-02,347,293909,Direct,Cancelled
SO_104007,CUST_0319,PROD_0263,2024-12-24,264,117216,Online,Completed
SO_104008,CUST_0319,PROD_0053,2024-06-16,496,376464,Distributor,Cancelled
SO_104009,CUST_0090,PROD_0124,2024-11-27,238,203252,Online,Completed
SO_104010,CUST_0342,PROD_0150,2024-03-03,391,184943,Direct,Cancelled
SO_104011,CUST_0027,PROD_0159,2024-10-17,490,260190,Direct,Pending
SO_104012,CUST_0463,PROD_0054,2024-12-21,192,127104,Online,Cancelled
SO_104013,CUST_0375,PROD_0166,2024-04-16,364,39312,Direct,Completed
SO_104014,CUST_0094,PROD_0121,2024-05-06,119,103530,Online,Pending
SO_104015,CUST_0334,PROD_0020,2024-10-26,149,52001,Direct,Pending
SO_104016,CUST_0273,PROD_0293,2024-03-05,489,382398,Distributor,Cancelled
SO_104017,CUST_0317,PROD_0036,2024-01-04,82,69372,Distributor,Pending
SO_104018,CUST_0041,PROD_0109,2024-06-27,361,249451,Direct,Completed
SO_104019,CUST_0233,PROD_0147,2024-06-22,90,82620,Online,Pending
SO_104020,CUST_0411,PROD_0206,2024-04-14,399,349923,Direct,Pending
SO_104021,CUST_0222,PROD_0200,2024-11-21,333,331002,Online,Pending
SO_104022,CUST_0306,PROD_0288,2024-04-10,498,435252,Direct,Completed
SO_104023,CUST_0500,PROD_0051,2024-04-14,423,302445,Online,Cancelled
SO_104024,CUST_0095,PROD_0274,2024-10-06,227,120537,Distributor,Cancelled
SO_104025,CUST_0044,PROD_0262,2024-02-23,236,168268,Distributor,Completed
SO_104026,CUST_0156,PROD_0266,2024-06-25,366,152988,Distributor,Completed
SO_104027,CUST_0037,PROD_0143,2024-04-04,223,55081,Direct,Cancelled
SO_104028,CUST_0283,PROD_0004,2024-04-13,242,232320,Direct,Cancelled
SO_104029,CUST_0120,PROD_0281,2024-04-07,396,75636,Distributor,Completed
SO_104030,CUST_0113,PROD_0279,2024-03-22,417,296487,Online,Pending
SO_104031,CUST_0471,PROD_0258,2024-09-15,14,13132,Online,Pending
SO_104032,CUST_0438,PROD_0232,2024-05-16,400,140400,Online,Pending
SO_104033,CUST_0237,PROD_0036,2024-10-07,499,88323,Distributor,Cancelled
SO_104034,CUST_0215,PROD_0025,2024-06-24,433,370648,Direct,Cancelled
SO_104035,CUST_0468,PROD_0191,2024-07-29,32,13024,Distributor,Cancelled
SO_104036,CUST_0431,PROD_0213,2024-10-28,48,24144,Direct,Pending
SO_104037,CUST_0389,PROD_0273,2024-10-01,436,111616,Distributor,Completed
SO_104038,CUST_0361,PROD_0218,2024-03-21,87,60639,Online,Completed
SO_104039,CUST_0227,PROD_0066,2024-03-01,400,394800,Distributor,Pending
SO_104040,CUST_0300,PROD_0226,2024-07-09,395,169060,Online,Cancelled
SO_104041,CUST_0207,PROD_0027,2024-07-01,181,170321,Direct,Pending
SO_104042,CUST_0125,PROD_0043,2024-05-25,343,202713,Distributor,Completed
SO_104043,CUST_0163,PROD_0150,2024-08-16,85,11645,Distributor,Completed
SO_104044,CUST_0181,PROD_0037,2024-07-06,424,179352,Direct,Cancelled
SO_104045,CUST_0268,PROD_0262,2024-10-26,310,31620,Distributor,Completed
SO_104046,CUST_0142,PROD_0236,2024-02-23,99,62766,Distributor,Pending
SO_104047,CUST_0264,PROD_0085,2024-03-03,404,239168,Direct,Pending
SO_104048,CUST_0393,PROD_0041,2024-12-30,169,29744,Direct,Completed
SO_104049,CUST_0111,PROD_0004,2024-06-26,389,68853,Direct,Cancelled
SO_104050,CUST_0006,PROD_0237,2024-03-23,189,26838,Online,Completed
SO_104051,CUST_0110,PROD_0259,2024-01-29,38,14060,Online,Cancelled
SO_104052,CUST_0118,PROD_0006,2024-03-15,422,90730,Direct,Completed
SO_104053,CUST_0096,PROD_0070,2024-09-25,338,121342,Online,Pending
SO_104054,CUST_0170,PROD_0199,2024-01-08,102,61404,Online,Pending
SO_104055,CUST_0155,PROD_0011,2024-03-17,169,65572,Online,Completed
SO_104056,CUST_0304,PROD_0065,2024-06-17,108,98172,Direct,Completed
SO_104057,CUST_0500,PROD_0134,2024-02-13,270,42120,Online,Pending
SO_104058,CUST_0085,PROD_0178,2024-07-23,75,9675,Direct,Cancelled
SO_104059,CUST_0339,PROD_0113,2024-01-19,354,315414,Online,Completed
SO_104060,CUST_0110,PROD_0224,2024-10-16,322,167762,Distributor,Completed
SO_104061,CUST_0154,PROD_0227,2024-03-24,177,128856,Distributor,Cancelled
SO_104062,CUST_0180,PROD_0127,2024-07-30,79,77420,Direct,Pending
SO_104063,CUST_0007,PROD_0042,2024-03-05,69,18837,Online,Completed
SO_104064,CUST_0439,PROD_0128,2024-09-25,232,92104,Online,Pending
SO_104065,CUST_0094,PROD_0016,2024-03-11,323,192508,Direct,Pending
SO_104066,CUST_0470,PROD_0167,2024-01-31,200,98600,Distributor,Completed
SO_104067,CUST_0206,PROD_0138,2024-05-15,160,151680,Online,Pending
SO_104068,CUST_0321,PROD_0002,2024-11-16,218,175708,Direct,Cancelled
SO_104069,CUST_0221,PROD_0229,2024-07-30,496,261888,Online,Cancelled
SO_104070,CUST_0200,PROD_0124,2024-05-26,444,317460,Direct,Cancelled
SO_104071,CUST_0070,PROD_0096,2024-11-07,374,157080,Direct,Pending
SO_104072,CUST_0339,PROD_0241,2024-07-09,54,47952,Distributor,Completed
SO_104073,CUST_0008,PROD_0236,2024-12-11,164,60024,Direct,Completed
SO_104074,CUST_0307,PROD_0004,2024-01-05,438,383688,Online,Cancelled
SO_104075,CUST_0193,PROD_0261,2024-09-22,400,255200,Online,Completed
SO_104076,CUST_0311,PROD_0151,2024-04-15,76,47576,Direct,Pending
SO_104077,CUST_0127,PROD_0177,2024-02-14,174,129108,Online,Cancelled
SO_104078,CUST_0101,PROD_0296,2024-08-15,84,81564,Online,Completed
SO_104079,CUST_0483,PROD_0204,2024-08-14,387,108360,Direct,Cancelled
SO_104080,CUST_0016,PROD_0265,2024-04-16,219,39858,Distributor,Pending
SO_104081,CUST_0153,PROD_0209,2024-02-18,238,42126,Distributor,Completed
SO_104082,CUST_0142,PROD_0032,2024-04-23,366,212280,Online,Pending
SO_104083,CUST_0049,PROD_0263,2024-06-03,138,26496,Distributor,Cancelled
SO_104084,CUST_0329,PROD_0049,2024-04-07,25,14925,Direct,Cancelled
SO_104085,CUST_0373,PROD_0074,2024-01-22,189,37044,Direct,Completed
SO_104086,CUST_0340,PROD_0185,2024-04-29,36,13032,Distributor,Completed
SO_104087,CUST_0289,PROD_0160,2024-06-01,289,88723,Distributor,Pending
SO_104088,CUST_0440,PROD_0145,2024-04-07,320,147200,Direct,Cancelled
SO_104089,CUST_0425,PROD_0146,2024-10-18,192,172992,Online,Cancelled
SO_104090,CUST_0390,PROD_0133,2024-11-25,223,78496,Distributor,Completed
SO_104091,CUST_0077,PROD_0183,2024-12-23,77,49511,Distributor,Pending
SO_104092,CUST_0216,PROD_0052,2024-03-06,169,151424,Online,Pending
SO_104093,CUST_0349,PROD_0234,2024-02-26,259,221445,Distributor,Pending
SO_104094,CUST_0438,PROD_0134,2024-04-04,133,106001,Distributor,Cancelled
SO_104095,CUST_0161,PROD_0064,2024-11-08,214,201588,Direct,Cancelled
SO_104096,CUST_0424,PROD_0230,2024-03-09,227,151863,Distributor,Completed
SO_104097,CUST_0230,PROD_0110,2024-06-28,166,16600,Direct,Completed
SO_104098,CUST_0019,PROD_0093,2024-06-13,339,45426,Online,Pending
SO_104099,CUST_0207,PROD_0017,2024-12-22,394,123322,Direct,Completed
SO_104100,CUST_0420,PROD_0101,2024-08-13,383,371510,Online,Pending
SO_104101,CUST_0064,PROD_0131,2024-03-10,383,160860,Distributor,Completed
SO_104102,CUST_0079,PROD_0246,2024-08-09,301,299796,Direct,Completed
SO_104103,CUST_0077,PROD_0214,2024-07-31,371,37471,Direct,Cancelled
SO_104104,CUST_0256,PROD_0010,2024-08-03,117,47268,Direct,Pending
SO_104105,CUST_0003,PROD_0078,2024-09-06,458,140148,Distributor,Cancelled
SO_104106,CUST_0385,PROD_0055,2024-09-30,223,35457,Online,Cancelled
SO_104107,CUST_0370,PROD_0066,2024-10-03,325,149825,Online,Pending
SO_104108,CUST_0011,PROD_0090,2024-06-29,232,136880,Distributor,Cancelled
SO_104109,CUST_0466,PROD_0219,2024-04-15,47,15510,Distributor,Pending
SO_104110,CUST_0383,PROD_0189,2024-02-08,476,145656,Online,Cancelled
SO_104111,CUST_0174,PROD_0259,2024-04-09,378,74088,Direct,Cancelled
SO_104112,CUST_0168,PROD_0143,2024-07-23,373,213729,Direct,Cancelled
SO_104113,CUST_0150,PROD_0036,2024-03-28,345,332925,Online,Cancelled
SO_104114,CUST_0444,PROD_0180,2024-04-02,381,51054,Distributor,Cancelled
SO_104115,CUST_0390,PROD_0151,2024-02-07,379,363082,Direct,Completed
SO_104116,CUST_0316,PROD_0229,2024-11-07,14,11998,Online,Completed
SO_104117,CUST_0274,PROD_0291,2024-11-14,448,180544,Distributor,Pending
SO_104118,CUST_0229,PROD_0006,2024-12-09,118,78706,Online,Completed
SO_104119,CUST_0117,PROD_0154,2024-11-20,397,274327,Online,Cancelled
SO_104120,CUST_0214,PROD_0284,2024-01-13,216,54216,Distributor,Cancelled
SO_104121,CUST_0171,PROD_0037,2024-11-14,19,14839,Online,Completed
SO_104122,CUST_0116,PROD_0264,2024-11-11,10,6460,Distributor,Completed
SO_104123,CUST_0409,PROD_0218,2024-04-03,24,17520,Distributor,Pending
SO_104124,CUST_0235,PROD_0156,2024-10-20,279,108252,Direct,Cancelled
SO_104125,CUST_0350,PROD_0187,2024-07-21,290,92510,Direct,Completed
SO_104126,CUST_0487,PROD_0232,2024-08-16,360,338760,Direct,Pending
SO_104127,CUST_0230,PROD_0236,2024-11-22,132,29436,Direct,Cancelled
SO_104128,CUST_0239,PROD_0211,2024-06-27,335,241535,Distributor,Pending
SO_104129,CUST_0489,PROD_0268,2024-11-12,337,293864,Distributor,Pending
SO_104130,CUST_0001,PROD_0121,2024-01-08,17,10302,Direct,Completed
SO_104131,CUST_0496,PROD_0048,2024-10-02,152,52592,Direct,Completed
SO_104132,CUST_0393,PROD_0127,2024-01-12,289,217039,Distributor,Pending
SO_104133,CUST_0069,PROD_0035,2024-05-01,460,226320,Direct,Cancelled
SO_104134,CUST_0424,PROD_0257,2024-12-19,373,229768,Online,Cancelled
SO_104135,CUST_0479,PROD_0138,2024-11-07,426,308850,Online,Pending
SO_104136,CUST_0076,PROD_0018,2024-10-05,377,38831,Direct,Completed
SO_104137,CUST_0378,PROD_0059,2024-06-12,442,60112,Direct,Cancelled
SO_104138,CUST_0372,PROD_0031,2024-09-25,243,128304,Direct,Cancelled
SO_104139,CUST_0428,PROD_0113,2024-08-19,157,127327,Direct,Completed
SO_104140,CUST_0264,PROD_0019,2024-02-21,448,361536,Online,Pending
SO_104141,CUST_0198,PROD_0222,2024-05-31,383,68940,Online,Pending
SO_104142,CUST_0263,PROD_0164,2024-06-17,481,221260,Distributor,Completed
SO_104143,CUST_0306,PROD_0079,2024-07-28,125,27750,Distributor,Completed
SO_104144,CUST_0279,PROD_0174,2024-12-30,459,134487,Online,Pending
SO_104145,CUST_0119,PROD_0140,2024-04-16,255,226440,Distributor,Cancelled
SO_104146,CUST_0425,PROD_0031,2024-04-27,288,51552,Online,Cancelled
SO_104147,CUST_0216,PROD_0235,2024-04-17,319,49445,Direct,Pending
SO_104148,CUST_0492,PROD_0092,2024-04-16,386,283324,Direct,Cancelled
SO_104149,CUST_0063,PROD_0244,2024-12-16,150,107250,Online,Completed
SO_104150,CUST_0051,PROD_0070,2024-06-23,147,117894,Direct,Completed
SO_104151,CUST_0176,PROD_0117,2024-01-06,184,174984,Online,Pending
SO_104152,CUST_0031,PROD_0211,2024-08-27,136,86632,Online,Completed
SO_104153,CUST_0169,PROD_0194,2024-10-19,353,267221,Online,Cancelled
SO_104154,CUST_0424,PROD_0114,2024-01-28,273,261534,Direct,Cancelled
SO_104155,CUST_0478,PROD_0059,2024-08-10,314,229534,Direct,Cancelled
SO_104156,CUST_0379,PROD_0183,2024-06-04,377,111592,Online,Pending
SO_104157,CUST_0344,PROD_0093,2024-02-09,439,389832,Direct,Completed
SO_104158,CUST_0390,PROD_0052,2024-06-23,183,72834,Online,Completed
SO_104159,CUST_0439,PROD_0260,2024-12-10,51,26367,Distributor,Cancelled
SO_104160,CUST_0130,PROD_0071,2024-04-08,218,56244,Online,Pending
SO_104161,CUST_0258,PROD_0095,2024-12-22,206,104442,Online,Completed
SO_104162,CUST_0460,PROD_0113,2024-11-16,318,74412,Distributor,Completed
SO_104163,CUST_0301,PROD_0164,2024-01-17,227,58112,Distributor,Completed
SO_104164,CUST_0364,PROD_0241,2024-10-23,130,98800,Direct,Pending
SO_104165,CUST_0110,PROD_0129,2024-10-09,294,63504,Distributor,Cancelled
SO_104166,CUST_0422,PROD_0182,2024-05-13,146,84680,Online,Completed
SO_104167,CUST_0035,PROD_0120,2024-08-14,383,315975,Direct,Cancelled
SO_104168,CUST_0394,PROD_0069,2024-05-03,440,265760,Direct,Pending
SO_104169,CUST_0492,PROD_0120,2024-10-24,437,195776,Distributor,Cancelled
SO_104170,CUST_0404,PROD_0060,2024-09-10,111,103341,Direct,Cancelled
SO_104171,CUST_0475,PROD_0088,2024-01-31,96,82272,Direct,Completed
SO_104172,CUST_0343,PROD_0208,2024-07-17,231,192192,Distributor,Completed
SO_104173,CUST_0300,PROD_0107,2024-01-01,152,67640,Direct,Pending
SO_104174,CUST_0478,PROD_0242,2024-12-19,96,14784,Direct,Pending
SO_104175,CUST_0122,PROD_0130,2024-09-14,452,86332,Direct,Pending
SO_104176,CUST_0225,PROD_0272,2024-10-10,471,186987,Distributor,Completed
SO_104177,CUST_0184,PROD_0159,2024-02-02,174,56202,Online,Pending
SO_104178,CUST_0382,PROD_0281,2024-07-18,179,79297,Distributor,Pending
SO_104179,CUST_0210,PROD_0126,2024-08-30,473,317383,Online,Completed
SO_104180,CUST_0267,PROD_0221,2024-09-12,170,80580,Direct,Completed
SO_104181,CUST_0346,PROD_0266,2024-02-13,416,162656,Online,Completed
SO_104182,CUST_0483,PROD_0222,2024-05-11,402,315570,Distributor,Cancelled
SO_104183,CUST_0049,PROD_0079,2024-02-14,68,28424,Direct,Cancelled
SO_104184,CUST_0492,PROD_0161,2024-08-19,366,112728,Distributor,Completed
SO_104185,CUST_0215,PROD_0161,2024-03-01,29,4263,Distributor,Completed
SO_104186,CUST_0080,PROD_0016,2024-02-12,478,457446,Online,Cancelled
SO_104187,CUST_0426,PROD_0005,2024-12-20,347,149904,Direct,Cancelled
SO_104188,CUST_0037,PROD_0203,2024-08-07,222,188478,Distributor,Cancelled
SO_104189,CUST_0247,PROD_0017,2024-12-03,469,399588,Direct,Completed
SO_104190,CUST_0392,PROD_0152,2024-04-06,287,201187,Distributor,Pending
SO_104191,CUST_0117,PROD_0036,2024-10-26,129,24897,Direct,Pending
SO_104192,CUST_0349,PROD_0057,2024-09-09,347,342142,Distributor,Completed
SO_104193,CUST_0367,PROD_0193,2024-09-03,377,41847,Direct,Completed
SO_104194,CUST_0119,PROD_0122,2024-11-01,351,149877,Online,Completed
SO_104195,CUST_0238,PROD_0197,2024-03-03,279,147033,Distributor,Cancelled
SO_104196,CUST_0074,PROD_0116,2024-01-08,78,47814,Distributor,Cancelled
SO_104197,CUST_0462,PROD_0019,2024-08-12,160,28480,Online,Cancelled
SO_104198,CUST_0193,PROD_0222,2024-06-29,333,36297,Online,Pending
SO_104199,CUST_0436,PROD_0176,2024-01-15,196,180516,Online,Cancelled
SO_104200,CUST_0067,PROD_0131,2024-11-16,76,15808,Online,Pending
SO_104201,CUST_0282,PROD_0156,2024-07-11,215,197800,Distributor,Completed
SO_104202,CUST_0361,PROD_0126,2024-03-30,320,112640,Online,Completed
SO_104203,CUST_0184,PROD_0097,2024-04-26,477,99216,Direct,Cancelled
SO_104204,CUST_0271,PROD_0120,2024-08-21,283,91409,Direct,Completed
SO_104205,CUST_0338,PROD_0196,2024-03-25,391,54349,Distributor,Pending
SO_104206,CUST_0249,PROD_0197,2024-10-04,197,90817,Direct,Pending
SO_104207,CUST_0153,PROD_0118,2024-06-02,497,79023,Distributor,Completed
SO_104208,CUST_0286,PROD_0022,2024-01-28,257,134668,Online,Completed
SO_104209,CUST_0435,PROD_0269,2024-10-25,44,13860,Online,Completed
SO_104210,CUST_0076,PROD_0065,2024-06-12,340,167620,Direct,Cancelled
SO_104211,CUST_0316,PROD_0200,2024-08-02,134,25192,Online,Pending
SO_104212,CUST_0335,PROD_0300,2024-07-24,122,25498,Distributor,Pending
SO_104213,CUST_0169,PROD_0257,2024-02-03,36,11736,Direct,Pending
SO_104214,CUST_0239,PROD_0169,2024-12-31,162,36288,Direct,Cancelled
SO_104215,CUST_0089,PROD_0288,2024-12-16,352,74624,Direct,Pending
SO_104216,CUST_0291,PROD_0067,2024-04-05,366,289872,Distributor,Completed
SO_104217,CUST_0453,PROD_0071,2024-07-25,284,220952,Online,Completed
SO_104218,CUST_0067,PROD_0206,2024-11-10,154,136136,Direct,Cancelled
SO_104219,CUST_0117,PROD_0136,2024-01-30,453,290373,Distributor,Pending
SO_104220,CUST_0192,PROD_0061,2024-04-13,159,115116,Direct,Pending
SO_104221,CUST_0283,PROD_0140,2024-11-17,267,153258,Distributor,Pending
SO_104222,CUST_0366,PROD_0034,2024-02-03,102,84456,Distributor,Cancelled
SO_104223,CUST_0275,PROD_0232,2024-10-26,252,45108,Direct,Cancelled
SO_104224,CUST_0250,PROD_0083,2024-12-31,496,221216,Distributor,Pending
SO_104225,CUST_0195,PROD_0023,2024-07-02,490,177380,Online,Completed
SO_104226,CUST_0122,PROD_0100,2024-09-17,417,411996,Online,Completed
SO_104227,CUST_0333,PROD_0150,2024-11-03,428,409596,Online,Completed
SO_104228,CUST_0032,PROD_0198,2024-02-04,172,58308,Distributor,Completed
SO_104229,CUST_0136,PROD_0178,2024-08-08,208,33904,Distributor,Cancelled
SO_104230,CUST_0424,PROD_0139,2024-04-04,375,148500,Online,Cancelled
SO_104231,CUST_0202,PROD_0060,2024-05-03,465,223665,Direct,Cancelled
SO_104232,CUST_0286,PROD_0098,2024-12-26,233,106248,Distributor,Completed
SO_104233,CUST_0381,PROD_0018,2024-12-29,182,180544,Online,Cancelled
SO_104234,CUST_0443,PROD_0079,2024-10-26,243,237168,Online,Pending
SO_104235,CUST_0040,PROD_0094,2024-07-22,308,121968,Distributor,Completed
SO_104236,CUST_0225,PROD_0037,2024-09-14,145,91785,Distributor,Completed
SO_104237,CUST_0265,PROD_0164,2024-01-09,385,207900,Online,Pending
SO_104238,CUST_0449,PROD_0277,2024-06-24,460,49680,Distributor,Pending
SO_104239,CUST_0366,PROD_0221,2024-10-05,12,11280,Distributor,Completed
SO_104240,CUST_0086,PROD_0264,2024-09-20,325,307775,Online,Completed
SO_104241,CUST_0189,PROD_0106,2024-02-07,41,23698,Distributor,Completed
SO_104242,CUST_0112,PROD_0150,2024-04-12,21,10122,Online,Completed
SO_104243,CUST_0332,PROD_0209,2024-06-03,294,91434,Direct,Completed
SO_104244,CUST_0014,PROD_0011,2024-08-08,119,67116,Online,Completed
SO_104245,CUST_0217,PROD_0021,2024-08-30,383,166222,Direct,Pending
SO_104246,CUST_0443,PROD_0215,2024-01-12,62,16864,Distributor,Pending
SO_104247,CUST_0150,PROD_0240,2024-02-14,493,408204,Online,Pending
SO_104248,CUST_0197,PROD_0117,2024-01-18,56,11144,Direct,Completed
SO_104249,CUST_0357,PROD_0045,2024-03-08,108,107352,Online,Cancelled
SO_104250,CUST_0438,PROD_0053,2024-02-17,330,222420,Direct,Completed
SO_104251,CUST_0464,PROD_0020,2024-06-10,89,54824,Distributor,Completed
SO_104252,CUST_0008,PROD_0273,2024-02-15,315,129465,Direct,Pending
SO_104253,CUST_0080,PROD_0076,2024-09-09,146,87308,Distributor,Completed
SO_104254,CUST_0223,PROD_0051,2024-08-02,383,338572,Online,Pending
SO_104255,CUST_0473,PROD_0183,2024-02-23,169,96499,Distributor,Completed
SO_104256,CUST_0135,PROD_0108,2024-06-26,298,274756,Distributor,Completed
SO_104257,CUST_0099,PROD_0069,2024-10-24,356,272340,Direct,Completed
SO_104258,CUST_0273,PROD_0208,2024-04-27,201,164217,Distributor,Completed
SO_104259,CUST_0386,PROD_0050,2024-08-10,320,131840,Online,Cancelled
SO_104260,CUST_0365,PROD_0267,2024-09-01,59,42480,Direct,Cancelled
SO_104261,CUST_0056,PROD_0075,2024-01-09,194,69646,Direct,Completed
SO_104262,CUST_0108,PROD_0119,2024-03-13,68,25500,Direct,Cancelled
SO_104263,CUST_0007,PROD_0029,2024-08-17,450,405450,Distributor,Cancelled
SO_104264,CUST_0021,PROD_0010,2024-01-02,264,177408,Online,Pending
SO_104265,CUST_0434,PROD_0040,2024-01-10,214,197308,Direct,Completed
SO_104266,CUST_0420,PROD_0182,2024-08-13,11,10208,Online,Completed
SO_104267,CUST_0050,PROD_0182,2024-01-21,207,118611,Direct,Cancelled
SO_104268,CUST_0033,PROD_0274,2024-11-26,177,77880,Online,Completed
SO_104269,CUST_0248,PROD_0022,2024-01-28,480,275040,Distributor,Cancelled
SO_104270,CUST_0274,PROD_0007,2024-08-30,448,394688,Online,Completed
SO_104271,CUST_0290,PROD_0165,2024-02-14,25,22800,Distributor,Cancelled
SO_104272,CUST_0065,PROD_0273,2024-07-07,401,293532,Distributor,Completed
SO_104273,CUST_0184,PROD_0213,2024-02-02,24,12600,Direct,Completed
SO_104274,CUST_0329,PROD_0019,2024-10-01,221,80665,Online,Completed
SO_104275,CUST_0012,PROD_0154,2024-11-05,250,169000,Online,Completed
SO_104276,CUST_0190,PROD_0126,2024-06-07,297,288387,Direct,Pending
SO_104277,CUST_0154,PROD_0080,2024-05-28,492,466416,Direct,Pending
SO_104278,CUST_0301,PROD_0274,2024-12-03,195,31785,Direct,Pending
SO_104279,CUST_0141,PROD_0087,2024-09-18,350,110600,Distributor,Pending
SO_104280,CUST_0165,PROD_0123,2024-11-14,60,20760,Distributor,Cancelled
SO_104281,CUST_0442,PROD_0202,2024-04-25,214,140384,Online,Completed
SO_104282,CUST_0293,PROD_0193,2024-10-07,108,11016,Distributor,Pending
SO_104283,CUST_0209,PROD_0054,2024-02-21,400,107600,Direct,Pending
SO_104284,CUST_0278,PROD_0295,2024-01-24,302,192676,Direct,Completed
SO_104285,CUST_0097,PROD_0257,2024-11-23,483,391713,Direct,Pending
SO_104286,CUST_0366,PROD_0118,2024-12-07,48,14880,Direct,Pending
SO_104287,CUST_0113,PROD_0093,2024-01-06,412,46556,Distributor,Completed
SO_104288,CUST_0153,PROD_0067,2024-01-11,299,241592,Distributor,Completed
SO_104289,CUST_0184,PROD_0263,2024-12-23,333,276723,Direct,Cancelled
SO_104290,CUST_0137,PROD_0003,2024-12-06,313,311748,Online,Cancelled
SO_104291,CUST_0149,PROD_0122,2024-11-08,37,3848,Online,Completed
SO_104292,CUST_0418,PROD_0250,2024-07-02,390,196170,Online,Completed
SO_104293,CUST_0365,PROD_0146,2024-06-27,437,307648,Distributor,Completed
SO_104294,CUST_0341,PROD_0300,2024-06-01,386,247040,Online,Pending
SO_104295,CUST_0408,PROD_0125,2024-06-25,464,297888,Direct,Cancelled
SO_104296,CUST_0147,PROD_0184,2024-12-16,484,157300,Distributor,Cancelled
SO_104297,CUST_0466,PROD_0103,2024-12-09,484,160204,Online,Pending
SO_104298,CUST_0436,PROD_0055,2024-04-30,186,167586,Distributor,Completed
SO_104299,CUST_0191,PROD_0134,2024-03-31,279,245241,Distributor,Cancelled
SO_104300,CUST_0052,PROD_0240,2024-08-26,325,46475,Direct,Pending
SO_104301,CUST_0161,PROD_0256,2024-07-28,458,338462,Distributor,Cancelled
SO_104302,CUST_0190,PROD_0118,2024-03-14,79,59961,Distributor,Pending
SO_104303,CUST_0477,PROD_0101,2024-12-23,432,262224,Direct,Completed
SO_104304,CUST_0101,PROD_0103,2024-04-14,63,11151,Online,Pending
SO_104305,CUST_0417,PROD_0196,2024-10-19,306,89046,Online,Cancelled
SO_104306,CUST_0127,PROD_0225,2024-04-23,445,297260,Online,Cancelled
SO_104307,CUST_0086,PROD_0286,2024-01-23,460,281520,Direct,Cancelled
SO_104308,CUST_0077,PROD_0097,2024-01-03,435,383670,Distributor,Cancelled
SO_104309,CUST_0350,PROD_0003,2024-08-07,465,334335,Direct,Completed
SO_104310,CUST_0421,PROD_0233,2024-10-10,423,149742,Direct,Completed
SO_104311,CUST_0336,PROD_0189,2024-03-12,405,317115,Direct,Completed
SO_104312,CUST_0037,PROD_0222,2024-07-04,146,39858,Online,Completed
SO_104313,CUST_0192,PROD_0205,2024-02-14,251,219876,Direct,Cancelled
SO_104314,CUST_0105,PROD_0127,2024-01-16,462,165396,Online,Pending
SO_104315,CUST_0155,PROD_0028,2024-07-12,266,32984,Direct,Completed
SO_104316,CUST_0140,PROD_0006,2024-04-13,210,91350,Distributor,Pending
SO_104317,CUST_0284,PROD_0145,2024-05-26,27,10935,Online,Pending
SO_104318,CUST_0326,PROD_0225,2024-05-04,213,52611,Distributor,Completed
SO_104319,CUST_0473,PROD_0103,2024-01-26,20,9620,Distributor,Completed
SO_104320,CUST_0359,PROD_0281,2024-08-17,258,111714,Distributor,Completed
SO_104321,CUST_0471,PROD_0103,2024-10-20,496,150288,Online,Cancelled
SO_104322,CUST_0045,PROD_0015,2024-04-18,355,60705,Distributor,Cancelled
SO_104323,CUST_0273,PROD_0122,2024-12-26,484,118096,Direct,Completed
SO_104324,CUST_0105,PROD_0200,2024-06-06,19,16587,Direct,Completed
SO_104325,CUST_0473,PROD_0187,2024-06-11,191,87860,Distributor,Pending
SO_104326,CUST_0068,PROD_0258,2024-05-09,115,77165,Distributor,Completed
SO_104327,CUST_0166,PROD_0030,2024-10-26,368,123280,Distributor,Completed
SO_104328,CUST_0044,PROD_0257,2024-05-09,65,58305,Online,Pending
SO_104329,CUST_0441,PROD_0263,2024-10-19,290,152250,Online,Completed
SO_104330,CUST_0270,PROD_0161,2024-01-31,210,148890,Online,Pending
SO_104331,CUST_0242,PROD_0051,2024-09-15,446,271168,Direct,Completed
SO_104332,CUST_0049,PROD_0077,2024-09-25,215,148350,Direct,Cancelled
SO_104333,CUST_0113,PROD_0066,2024-09-18,213,174873,Distributor,Cancelled
SO_104334,CUST_0237,PROD_0267,2024-02-27,256,86784,Distributor,Completed
SO_104335,CUST_0143,PROD_0092,2024-04-19,121,100309,Online,Pending
SO_104336,CUST_0354,PROD_0218,2024-05-22,116,94656,Distributor,Cancelled
SO_104337,CUST_0377,PROD_0207,2024-04-19,121,49005,Direct,Pending
SO_104338,CUST_0261,PROD_0097,2024-03-11,306,96084,Distributor,Pending
SO_104339,CUST_0220,PROD_0130,2024-07-24,176,130592,Online,Pending
SO_104340,CUST_0048,PROD_0134,2024-11-02,415,396740,Distributor,Cancelled
SO_104341,CUST_0284,PROD_0077,2024-12-01,440,233640,Distributor,Completed
SO_104342,CUST_0192,PROD_0210,2024-02-21,75,31275,Online,Pending
SO_104343,CUST_0075,PROD_0159,2024-03-06,158,156578,Distributor,Pending
SO_104344,CUST_0185,PROD_0178,2024-03-22,467,397884,Distributor,Cancelled
SO_104345,CUST_0401,PROD_0189,2024-01-31,442,80886,Distributor,Completed
SO_104346,CUST_0113,PROD_0137,2024-01-21,299,85813,Distributor,Pending
SO_104347,CUST_0036,PROD_0097,2024-11-16,464,178176,Distributor,Completed
SO_104348,CUST_0468,PROD_0144,2024-08-04,285,112575,Online,Cancelled
SO_104349,CUST_0089,PROD_0139,2024-09-15,292,211700,Direct,Completed
SO_104350,CUST_0164,PROD_0169,2024-04-27,291,252006,Direct,Cancelled
SO_104351,CUST_0390,PROD_0057,2024-08-23,243,56862,Distributor,Pending
SO_104352,CUST_0351,PROD_0136,2024-01-16,479,135557,Distributor,Cancelled
SO_104353,CUST_0334,PROD_0213,2024-02-01,152,38608,Direct,Pending
SO_104354,CUST_0241,PROD_0007,2024-04-27,420,407820,Online,Cancelled
SO_104355,CUST_0152,PROD_0233,2024-11-21,341,172205,Distributor,Cancelled
SO_104356,CUST_0286,PROD_0079,2024-11-21,95,67355,Direct,Completed
SO_104357,CUST_0123,PROD_0065,2024-11-23,232,176088,Online,Completed
SO_104358,CUST_0209,PROD_0091,2024-06-01,65,48360,Online,Pending
SO_104359,CUST_0251,PROD_0021,2024-06-07,186,173538,Distributor,Cancelled
SO_104360,CUST_0013,PROD_0160,2024-04-17,414,89010,Direct,Cancelled
SO_104361,CUST_0157,PROD_0059,2024-09-26,228,96900,Distributor,Completed
SO_104362,CUST_0359,PROD_0264,2024-03-29,132,121968,Distributor,Completed
SO_104363,CUST_0087,PROD_0194,2024-07-03,439,321348,Online,Pending
SO_104364,CUST_0317,PROD_0199,2024-03-20,488,304512,Distributor,Pending
SO_104365,CUST_0455,PROD_0288,2024-09-21,62,55304,Distributor,Pending
SO_104366,CUST_0185,PROD_0187,2024-03-16,436,386732,Online,Pending
SO_104367,CUST_0139,PROD_0091,2024-08-02,155,44020,Direct,Cancelled
SO_104368,CUST_0204,PROD_0260,2024-01-17,421,259757,Online,Cancelled
SO_104369,CUST_0101,PROD_0026,2024-12-14,150,56100,Online,Completed
SO_104370,CUST_0204,PROD_0194,2024-06-20,329,320117,Online,Pending
SO_104371,CUST_0038,PROD_0218,2024-12-30,134,82410,Direct,Pending
SO_104372,CUST_0081,PROD_0268,2024-01-10,284,161028,Online,Completed
SO_104373,CUST_0473,PROD_0207,2024-09-17,57,44802,Direct,Completed
SO_104374,CUST_0203,PROD_0181,2024-02-22,352,44000,Distributor,Cancelled
SO_104375,CUST_0072,PROD_0124,2024-03-01,28,27440,Distributor,Cancelled
SO_104376,CUST_0123,PROD_0168,2024-07-04,80,20480,Online,Pending
SO_104377,CUST_0333,PROD_0104,2024-11-19,292,87600,Online,Cancelled
SO_104378,CUST_0312,PROD_0158,2024-02-01,196,109368,Online,Cancelled
SO_104379,CUST_0014,PROD_0242,2024-07-13,22,5962,Distributor,Cancelled
SO_104380,CUST_0218,PROD_0120,2024-03-07,136,109344,Direct,Completed
SO_104381,CUST_0469,PROD_0046,2024-10-15,474,304782,Direct,Cancelled
SO_104382,CUST_0494,PROD_0156,2024-01-17,199,153031,Online,Cancelled
SO_104383,CUST_0349,PROD_0275,2024-05-20,417,257706,Direct,Cancelled
SO_104384,CUST_0442,PROD_0030,2024-03-14,476,69496,Direct,Completed
SO_104385,CUST_0355,PROD_0144,2024-06-12,263,168583,Online,Completed
SO_104386,CUST_0481,PROD_0167,2024-10-10,281,180121,Distributor,Pending
SO_104387,CUST_0471,PROD_0293,2024-06-17,345,217005,Online,Pending
SO_104388,CUST_0454,PROD_0196,2024-08-23,148,22348,Online,Pending
SO_104389,CUST_0241,PROD_0202,2024-11-04,133,87913,Distributor,Cancelled
SO_104390,CUST_0419,PROD_0171,2024-07-10,424,275600,Distributor,Completed
SO_104391,CUST_0495,PROD_0141,2024-01-20,326,66178,Direct,Pending
SO_104392,CUST_0187,PROD_0070,2024-03-09,49,46305,Online,Completed
SO_104393,CUST_0025,PROD_0289,2024-10-19,434,362390,Online,Pending
SO_104394,CUST_0051,PROD_0290,2024-08-26,41,35957,Online,Pending
SO_104395,CUST_0216,PROD_0230,2024-12-08,148,35816,Online,Cancelled
SO_104396,CUST_0319,PROD_0012,2024-10-28,182,174356,Distributor,Completed
SO_104397,CUST_0025,PROD_0207,2024-08-07,54,48870,Distributor,Pending
SO_104398,CUST_0187,PROD_0265,2024-08-01,36,27576,Distributor,Pending
SO_104399,CUST_0130,PROD_0056,2024-04-04,309,229587,Distributor,Pending
SO_104400,CUST_0359,PROD_0239,2024-01-30,453,330690,Distributor,Cancelled
SO_104401,CUST_0421,PROD_0228,2024-05-12,248,171120,Online,Completed
SO_104402,CUST_0360,PROD_0292,2024-02-21,72,57888,Online,Completed
SO_104403,CUST_0149,PROD_0010,2024-09-22,407,399674,Distributor,Completed
SO_104404,CUST_0233,PROD_0102,2024-11-24,363,172425,Direct,Completed
SO_104405,CUST_0176,PROD_0154,2024-07-14,448,279552,Distributor,Cancelled
SO_104406,CUST_0018,PROD_0013,2024-04-18,179,25776,Online,Completed
SO_104407,CUST_0480,PROD_0186,2024-07-04,162,42120,Direct,Cancelled
SO_104408,CUST_0087,PROD_0034,2024-11-08,370,253450,Distributor,Cancelled
SO_104409,CUST_0191,PROD_0074,2024-03-27,28,7504,Online,Completed
SO_104410,CUST_0260,PROD_0162,2024-09-08,413,311815,Direct,Completed
SO_104411,CUST_0349,PROD_0055,2024-10-14,102,19890,Direct,Cancelled
SO_104412,CUST_0070,PROD_0241,2024-05-02,246,25338,Distributor,Pending
SO_104413,CUST_0061,PROD_0172,2024-08-19,123,109839,Distributor,Cancelled
SO_104414,CUST_0428,PROD_0133,2024-07-21,233,198749,Distributor,Completed
SO_104415,CUST_0229,PROD_0225,2024-04-23,257,162681,Direct,Cancelled
SO_104416,CUST_0339,PROD_0098,2024-10-07,397,299735,Distributor,Cancelled
SO_104417,CUST_0044,PROD_0143,2024-04-10,345,34845,Online,Completed
SO_104418,CUST_0475,PROD_0126,2024-08-12,146,127020,Online,Cancelled
SO_104419,CUST_0175,PROD_0045,2024-04-08,102,18768,Online,Pending
SO_104420,CUST_0082,PROD_0045,2024-12-04,490,259700,Online,Pending
SO_104421,CUST_0260,PROD_0275,2024-03-23,124,99944,Online,Cancelled
SO_104422,CUST_0177,PROD_0118,2024-05-06,470,283880,Direct,Pending
SO_104423,CUST_0262,PROD_0228,2024-01-13,92,62928,Direct,Cancelled
SO_104424,CUST_0213,PROD_0269,2024-09-07,413,389046,Direct,Completed
SO_104425,CUST_0379,PROD_0234,2024-10-17,74,34632,Direct,Cancelled
SO_104426,CUST_0194,PROD_0229,2024-02-20,353,223802,Direct,Cancelled
SO_104427,CUST_0025,PROD_0300,2024-01-17,481,128908,Online,Pending
SO_104428,CUST_0139,PROD_0009,2024-07-18,137,16166,Direct,Pending
SO_104429,CUST_0284,PROD_0073,2024-01-14,178,129762,Distributor,Completed
SO_104430,CUST_0084,PROD_0250,2024-01-17,378,342468,Direct,Pending
SO_104431,CUST_0118,PROD_0235,2024-07-09,109,91887,Online,Cancelled
SO_104432,CUST_0085,PROD_0256,2024-04-13,353,179324,Direct,Completed
SO_104433,CUST_0223,PROD_0154,2024-05-03,101,52217,Distributor,Completed
SO_104434,CUST_0441,PROD_0056,2024-07-23,110,38500,Online,Pending
SO_104435,CUST_0402,PROD_0038,2024-11-03,343,278859,Direct,Cancelled
SO_104436,CUST_0441,PROD_0275,2024-11-09,21,17430,Direct,Pending
SO_104437,CUST_0247,PROD_0291,2024-07-24,409,120246,Distributor,Completed
SO_104438,CUST_0353,PROD_0218,2024-04-14,361,162450,Direct,Cancelled
SO_104439,CUST_0467,PROD_0010,2024-02-23,111,28527,Distributor,Completed
SO_104440,CUST_0402,PROD_0012,2024-02-18,107,84102,Direct,Completed
SO_104441,CUST_0025,PROD_0193,2024-06-18,240,26640,Online,Completed
SO_104442,CUST_0149,PROD_0063,2024-01-24,396,371844,Direct,Completed
SO_104443,CUST_0156,PROD_0077,2024-06-16,76,28956,Online,Cancelled
SO_104444,CUST_0336,PROD_0271,2024-01-28,373,339057,Distributor,Pending
SO_104445,CUST_0188,PROD_0158,2024-07-11,435,314940,Distributor,Completed
SO_104446,CUST_0289,PROD_0299,2024-12-03,314,75674,Distributor,Pending
SO_104447,CUST_0413,PROD_0250,2024-04-21,145,25520,Online,Completed
SO_104448,CUST_0151,PROD_0218,2024-12-25,390,154830,Online,Completed
SO_104449,CUST_0085,PROD_0218,2024-04-19,463,102786,Distributor,Cancelled
SO_104450,CUST_0217,PROD_0129,2024-09-16,160,85760,Distributor,Cancelled
SO_104451,CUST_0099,PROD_0006,2024-08-04,273,206661,Distributor,Cancelled
SO_104452,CUST_0168,PROD_0152,2024-07-19,365,320105,Distributor,Pending
SO_104453,CUST_0466,PROD_0211,2024-07-15,456,191064,Direct,Pending
SO_104454,CUST_0285,PROD_0168,2024-12-13,171,60534,Direct,Cancelled
SO_104455,CUST_0364,PROD_0150,2024-12-27,327,296589,Direct,Cancelled
SO_104456,CUST_0277,PROD_0300,2024-05-04,220,158620,Direct,Pending
SO_104457,CUST_0379,PROD_0217,2024-08-21,136,77384,Distributor,Pending
SO_104458,CUST_0205,PROD_0008,2024-01-14,48,34080,Online,Pending
SO_104459,CUST_0078,PROD_0196,2024-10-19,218,215384,Distributor,Completed
SO_104460,CUST_0326,PROD_0055,2024-01-11,164,71668,Direct,Pending
SO_104461,CUST_0127,PROD_0271,2024-11-15,341,290191,Distributor,Completed
SO_104462,CUST_0263,PROD_0288,2024-12-21,253,46805,Distributor,Pending
SO_104463,CUST_0312,PROD_0075,2024-02-11,363,123420,Distributor,Cancelled
SO_104464,CUST_0187,PROD_0291,2024-12-25,420,350700,Online,Pending
SO_104465,CUST_0167,PROD_0252,2024-02-21,11,9889,Online,Cancelled
SO_104466,CUST_0340,PROD_0178,2024-08-04,325,267475,Online,Pending
SO_104467,CUST_0399,PROD_0227,2024-10-18,190,32680,Direct,Cancelled
SO_104468,CUST_0128,PROD_0018,2024-01-11,429,426855,Distributor,Cancelled
SO_104469,CUST_0328,PROD_0188,2024-07-26,98,83888,Direct,Completed
SO_104470,CUST_0205,PROD_0043,2024-10-29,120,41880,Direct,Completed
SO_104471,CUST_0128,PROD_0073,2024-10-30,145,56840,Direct,Cancelled
SO_104472,CUST_0256,PROD_0101,2024-01-02,324,224856,Distributor,Cancelled
SO_104473,CUST_0288,PROD_0075,2024-07-21,124,51708,Distributor,Pending
SO_104474,CUST_0358,PROD_0225,2024-01-18,412,393048,Direct,Pending
SO_104475,CUST_0224,PROD_0156,2024-04-22,218,165680,Direct,Pending
SO_104476,CUST_0118,PROD_0159,2024-01-26,43,30272,Direct,Pending
SO_104477,CUST_0453,PROD_0122,2024-05-08,246,146862,Distributor,Cancelled
SO_104478,CUST_0097,PROD_0229,2024-09-30,309,306837,Direct,Cancelled
SO_104479,CUST_0377,PROD_0213,2024-03-30,90,47340,Online,Cancelled
SO_104480,CUST_0370,PROD_0218,2024-05-25,442,348296,Distributor,Completed
SO_104481,CUST_0308,PROD_0172,2024-06-28,91,30485,Online,Pending
SO_104482,CUST_0104,PROD_0126,2024-10-21,189,163485,Direct,Cancelled
SO_104483,CUST_0128,PROD_0059,2024-04-29,105,48405,Distributor,Pending
SO_104484,CUST_0373,PROD_0221,2024-04-25,222,97902,Direct,Completed
SO_104485,CUST_0410,PROD_0015,2024-12-14,336,35280,Distributor,Cancelled
SO_104486,CUST_0060,PROD_0073,2024-04-07,105,58590,Distributor,Pending
SO_104487,CUST_0401,PROD_0168,2024-09-05,88,86240,Distributor,Cancelled
SO_104488,CUST_0102,PROD_0061,2024-02-15,289,125137,Direct,Cancelled
SO_104489,CUST_0122,PROD_0071,2024-12-21,43,27606,Distributor,Cancelled
SO_104490,CUST_0387,PROD_0177,2024-05-29,490,444430,Distributor,Completed
SO_104491,CUST_0224,PROD_0141,2024-11-17,306,51714,Online,Completed
SO_104492,CUST_0473,PROD_0193,2024-03-03,479,80472,Distributor,Pending
SO_104493,CUST_0330,PROD_0058,2024-11-09,405,223560,Online,Pending
SO_104494,CUST_0050,PROD_0061,2024-05-13,469,323141,Direct,Pending
SO_104495,CUST_0413,PROD_0069,2024-12-29,182,30030,Direct,Cancelled
SO_104496,CUST_0047,PROD_0117,2024-02-02,218,167424,Online,Pending
SO_104497,CUST_0299,PROD_0053,2024-10-16,307,98240,Direct,Pending
SO_104498,CUST_0084,PROD_0047,2024-09-21,488,298168,Online,Completed
SO_104499,CUST_0310,PROD_0057,2024-12-05,276,130548,Direct,Completed
SO_104500,CUST_0110,PROD_0046,2024-04-30,437,59869,Direct,Completed
SO_104501,CUST_0367,PROD_0093,2024-10-29,322,288512,Online,Cancelled
SO_104502,CUST_0183,PROD_0141,2024-06-20,256,165120,Distributor,Pending
SO_104503,CUST_0319,PROD_0020,2024-11-23,237,218514,Distributor,Completed
SO_104504,CUST_0244,PROD_0186,2024-12-25,249,111552,Direct,Completed
SO_104505,CUST_0256,PROD_0167,2024-07-17,379,100056,Online,Completed
SO_104506,CUST_0108,PROD_0120,2024-04-10,386,231986,Distributor,Cancelled
SO_104507,CUST_0145,PROD_0142,2024-11-13,319,32538,Direct,Cancelled
SO_104508,CUST_0420,PROD_0217,2024-06-08,433,284914,Online,Completed
SO_104509,CUST_0021,PROD_0196,2024-04-22,424,249736,Distributor,Pending
SO_104510,CUST_0304,PROD_0173,2024-04-02,348,269004,Distributor,Pending
SO_104511,CUST_0320,PROD_0021,2024-08-23,454,157084,Distributor,Cancelled
SO_104512,CUST_0328,PROD_0170,2024-10-18,335,187935,Direct,Cancelled
SO_104513,CUST_0034,PROD_0059,2024-06-23,219,140160,Direct,Pending
SO_104514,CUST_0199,PROD_0248,2024-12-15,196,32340,Direct,Cancelled
SO_104515,CUST_0310,PROD_0153,2024-11-22,469,113498,Distributor,Pending
SO_104516,CUST_0190,PROD_0236,2024-02-05,217,105679,Direct,Pending
SO_104517,CUST_0315,PROD_0045,2024-11-04,188,86856,Online,Pending
SO_104518,CUST_0295,PROD_0297,2024-06-18,93,79050,Distributor,Cancelled
SO_104519,CUST_0010,PROD_0022,2024-11-04,71,68444,Online,Cancelled
SO_104520,CUST_0316,PROD_0240,2024-01-18,122,38918,Direct,Cancelled
SO_104521,CUST_0298,PROD_0139,2024-02-01,262,204622,Online,Pending
SO_104522,CUST_0399,PROD_0200,2024-06-18,453,277236,Direct,Pending
SO_104523,CUST_0471,PROD_0132,2024-05-03,85,21420,Online,Cancelled
SO_104524,CUST_0304,PROD_0163,2024-09-24,117,107757,Direct,Pending
SO_104525,CUST_0062,PROD_0144,2024-03-11,131,110564,Online,Cancelled
SO_104526,CUST_0211,PROD_0139,2024-01-01,193,179683,Direct,Completed
SO_104527,CUST_0008,PROD_0183,2024-11-15,113,19210,Direct,Cancelled
SO_104528,CUST_0054,PROD_0050,2024-03-22,246,82410,Distributor,Pending
SO_104529,CUST_0180,PROD_0291,2024-10-09,476,103768,Distributor,Completed
SO_104530,CUST_0435,PROD_0249,2024-04-10,125,16750,Distributor,Cancelled
SO_104531,CUST_0349,PROD_0282,2024-03-27,367,200015,Direct,Cancelled
SO_104532,CUST_0155,PROD_0247,2024-01-31,318,127518,Distributor,Completed
SO_104533,CUST_0026,PROD_0167,2024-11-28,304,190000,Online,Cancelled
SO_104534,CUST_0196,PROD_0184,2024-06-29,254,145034,Distributor,Completed
SO_104535,CUST_0494,PROD_0090,2024-06-05,51,10200,Direct,Pending
SO_104536,CUST_0394,PROD_0210,2024-12-15,276,175536,Direct,Completed
SO_104537,CUST_0151,PROD_0218,2024-12-24,432,73872,Distributor,Cancelled
SO_104538,CUST_0389,PROD_0010,2024-08-09,492,125460,Distributor,Cancelled
SO_104539,CUST_0478,PROD_0189,2024-02-08,18,4626,Direct,Pending
SO_104540,CUST_0402,PROD_0214,2024-08-01,397,242170,Direct,Completed
SO_104541,CUST_0270,PROD_0142,2024-10-24,184,73968,Direct,Cancelled
SO_104542,CUST_0127,PROD_0058,2024-08-05,162,153576,Distributor,Cancelled
SO_104543,CUST_0377,PROD_0151,2024-03-09,445,350660,Distributor,Cancelled
SO_104544,CUST_0417,PROD_0073,2024-08-31,474,304308,Distributor,Completed
SO_104545,CUST_0241,PROD_0196,2024-06-13,47,26743,Direct,Pending
SO_104546,CUST_0464,PROD_0267,2024-08-24,181,39277,Direct,Completed
SO_104547,CUST_0414,PROD_0297,2024-04-23,204,58344,Direct,Completed
SO_104548,CUST_0023,PROD_0016,2024-03-08,313,264798,Distributor,Completed
SO_104549,CUST_0442,PROD_0097,2024-01-17,364,111748,Distributor,Cancelled
SO_104550,CUST_0130,PROD_0039,2024-09-02,300,133500,Direct,Completed
SO_104551,CUST_0149,PROD_0171,2024-11-18,195,101790,Distributor,Completed
SO_104552,CUST_0410,PROD_0258,2024-05-09,230,126040,Distributor,Pending
SO_104553,CUST_0160,PROD_0283,2024-07-10,333,47952,Distributor,Cancelled
SO_104554,CUST_0354,PROD_0056,2024-01-04,385,264880,Direct,Pending
SO_104555,CUST_0023,PROD_0112,2024-06-03,17,12716,Online,Completed
SO_104556,CUST_0450,PROD_0184,2024-02-28,186,39060,Direct,Cancelled
SO_104557,CUST_0098,PROD_0187,2024-08-10,183,121695,Online,Cancelled
SO_104558,CUST_0476,PROD_0289,2024-01-16,52,6812,Direct,Completed
SO_104559,CUST_0164,PROD_0111,2024-08-08,493,230724,Online,Completed
SO_104560,CUST_0129,PROD_0209,2024-02-10,72,54144,Online,Pending
SO_104561,CUST_0339,PROD_0157,2024-01-15,492,306024,Online,Completed
SO_104562,CUST_0045,PROD_0261,2024-05-20,265,227900,Direct,Pending
SO_104563,CUST_0251,PROD_0189,2024-08-26,163,21842,Online,Completed
SO_104564,CUST_0148,PROD_0050,2024-03-16,345,296010,Online,Cancelled
SO_104565,CUST_0024,PROD_0006,2024-07-02,10,4910,Direct,Completed
SO_104566,CUST_0444,PROD_0087,2024-08-25,132,91344,Online,Cancelled
SO_104567,CUST_0340,PROD_0294,2024-08-02,330,38940,Direct,Cancelled
SO_104568,CUST_0370,PROD_0228,2024-08-28,201,154368,Direct,Cancelled
SO_104569,CUST_0242,PROD_0144,2024-11-26,453,253680,Distributor,Completed
SO_104570,CUST_0159,PROD_0082,2024-02-18,190,170240,Distributor,Completed
SO_104571,CUST_0473,PROD_0156,2024-07-26,169,129285,Distributor,Cancelled
SO_104572,CUST_0043,PROD_0105,2024-07-05,342,275310,Direct,Cancelled
SO_104573,CUST_0154,PROD_0041,2024-10-26,185,148000,Distributor,Cancelled
SO_104574,CUST_0265,PROD_0116,2024-09-03,237,210456,Online,Pending
SO_104575,CUST_0219,PROD_0003,2024-03-20,296,219928,Distributor,Pending
SO_104576,CUST_0036,PROD_0251,2024-06-14,337,120983,Online,Completed
SO_104577,CUST_0235,PROD_0095,2024-02-26,429,62634,Direct,Completed
SO_104578,CUST_0152,PROD_0169,2024-01-31,292,192428,Online,Cancelled
SO_104579,CUST_0299,PROD_0273,2024-03-09,84,83412,Direct,Cancelled
SO_104580,CUST_0443,PROD_0081,2024-04-08,195,167895,Direct,Completed
SO_104581,CUST_0091,PROD_0136,2024-05-26,149,123074,Online,Cancelled
SO_104582,CUST_0412,PROD_0075,2024-02-04,23,3427,Distributor,Pending
SO_104583,CUST_0473,PROD_0163,2024-02-03,286,259116,Distributor,Cancelled
SO_104584,CUST_0139,PROD_0138,2024-09-30,390,58500,Online,Completed
SO_104585,CUST_0081,PROD_0270,2024-06-23,31,12121,Direct,Pending
SO_104586,CUST_0128,PROD_0129,2024-01-12,197,110123,Distributor,Pending
SO_104587,CUST_0350,PROD_0289,2024-05-24,238,102578,Online,Completed
SO_104588,CUST_0160,PROD_0054,2024-11-07,54,17172,Online,Completed
SO_104589,CUST_0049,PROD_0074,2024-05-05,485,71780,Online,Cancelled
SO_104590,CUST_0007,PROD_0200,2024-03-09,391,220133,Direct,Pending
SO_104591,CUST_0301,PROD_0047,2024-06-26,134,34572,Online,Completed
SO_104592,CUST_0033,PROD_0104,2024-03-10,164,123492,Direct,Pending
SO_104593,CUST_0456,PROD_0078,2024-02-04,488,72224,Online,Pending
SO_104594,CUST_0113,PROD_0085,2024-07-22,402,82812,Direct,Cancelled
SO_104595,CUST_0324,PROD_0041,2024-01-02,185,49950,Direct,Completed
SO_104596,CUST_0479,PROD_0275,2024-07-28,117,82485,Direct,Cancelled
SO_104597,CUST_0468,PROD_0091,2024-08-26,89,66394,Online,Pending
SO_104598,CUST_0232,PROD_0033,2024-05-22,268,261836,Online,Completed
SO_104599,CUST_0198,PROD_0037,2024-07-10,362,79640,Distributor,Completed
SO_104600,CUST_0164,PROD_0090,2024-01-15,482,68444,Online,Cancelled
SO_104601,CUST_0052,PROD_0032,2024-02-14,312,102336,Distributor,Pending
SO_104602,CUST_0305,PROD_0247,2024-12-29,365,231775,Online,Cancelled
SO_104603,CUST_0244,PROD_0271,2024-05-13,263,231440,Distributor,Pending
SO_104604,CUST_0357,PROD_0097,2024-01-02,10,3900,Online,Cancelled
SO_104605,CUST_0052,PROD_0020,2024-08-15,291,145500,Online,Completed
SO_104606,CUST_0011,PROD_0190,2024-11-29,376,192136,Distributor,Cancelled
SO_104607,CUST_0155,PROD_0053,2024-09-20,238,211106,Direct,Cancelled
SO_104608,CUST_0444,PROD_0060,2024-05-03,41,22755,Distributor,Completed
SO_104609,CUST_0347,PROD_0178,2024-02-03,284,266392,Online,Completed
SO_104610,CUST_0138,PROD_0184,2024-07-22,145,140940,Direct,Pending
SO_104611,CUST_0020,PROD_0245,2024-01-03,386,375964,Direct,Completed
SO_104612,CUST_0348,PROD_0294,2024-12-08,207,178227,Online,Cancelled
SO_104613,CUST_0066,PROD_0001,2024-06-12,422,313968,Online,Cancelled
SO_104614,CUST_0468,PROD_0111,2024-03-02,123,22017,Distributor,Cancelled
SO_104615,CUST_0131,PROD_0018,2024-12-23,310,77810,Direct,Completed
SO_104616,CUST_0217,PROD_0041,2024-09-10,466,274474,Online,Cancelled
SO_104617,CUST_0329,PROD_0018,2024-04-04,481,139009,Direct,Completed
SO_104618,CUST_0210,PROD_0145,2024-09-28,326,177344,Online,Cancelled
SO_104619,CUST_0025,PROD_0218,2024-01-21,443,276875,Direct,Completed
SO_104620,CUST_0252,PROD_0076,2024-02-14,482,270884,Distributor,Cancelled
SO_104621,CUST_0370,PROD_0006,2024-02-23,198,176022,Online,Pending
SO_104622,CUST_0441,PROD_0071,2024-10-18,221,191386,Distributor,Cancelled
SO_104623,CUST_0353,PROD_0284,2024-06-06,286,151294,Distributor,Pending
SO_104624,CUST_0149,PROD_0125,2024-12-30,343,227752,Online,Cancelled
SO_104625,CUST_0078,PROD_0227,2024-07-03,421,205027,Direct,Cancelled
SO_104626,CUST_0337,PROD_0256,2024-12-09,100,78800,Online,Pending
SO_104627,CUST_0408,PROD_0198,2024-04-30,247,69407,Distributor,Pending
SO_104628,CUST_0024,PROD_0145,2024-11-09,498,143922,Direct,Completed
SO_104629,CUST_0396,PROD_0097,2024-01-24,69,24564,Direct,Pending
SO_104630,CUST_0499,PROD_0079,2024-01-21,419,154192,Online,Pending
SO_104631,CUST_0162,PROD_0240,2024-11-28,47,37036,Direct,Pending
SO_104632,CUST_0142,PROD_0258,2024-04-21,131,27379,Distributor,Cancelled
SO_104633,CUST_0270,PROD_0204,2024-08-14,162,41958,Distributor,Cancelled
SO_104634,CUST_0320,PROD_0272,2024-12-10,53,13621,Online,Cancelled
SO_104635,CUST_0207,PROD_0288,2024-02-11,393,148947,Direct,Completed
SO_104636,CUST_0359,PROD_0052,2024-08-04,372,147684,Distributor,Cancelled
SO_104637,CUST_0481,PROD_0062,2024-12-22,427,221613,Direct,Completed
SO_104638,CUST_0500,PROD_0205,2024-07-24,100,91600,Online,Pending
SO_104639,CUST_0127,PROD_0068,2024-12-01,449,88453,Distributor,Completed
SO_104640,CUST_0281,PROD_0289,2024-02-21,473,379346,Online,Pending
SO_104641,CUST_0276,PROD_0119,2024-06-15,265,190535,Distributor,Cancelled
SO_104642,CUST_0075,PROD_0231,2024-10-04,371,169547,Direct,Completed
SO_104643,CUST_0226,PROD_0264,2024-10-06,111,27084,Distributor,Pending
SO_104644,CUST_0012,PROD_0049,2024-05-14,133,88445,Direct,Completed
SO_104645,CUST_0077,PROD_0257,2024-08-31,482,234734,Direct,Cancelled
SO_104646,CUST_0353,PROD_0257,2024-07-05,163,106928,Distributor,Completed
SO_104647,CUST_0487,PROD_0078,2024-01-12,78,57252,Direct,Pending
SO_104648,CUST_0057,PROD_0261,2024-07-07,224,88032,Distributor,Pending
SO_104649,CUST_0305,PROD_0179,2024-09-14,152,67792,Distributor,Cancelled
SO_104650,CUST_0301,PROD_0170,2024-06-05,281,280157,Distributor,Cancelled
SO_104651,CUST_0189,PROD_0176,2024-09-09,315,131670,Direct,Completed
SO_104652,CUST_0100,PROD_0084,2024-09-30,53,11130,Online,Pending
SO_104653,CUST_0028,PROD_0106,2024-08-02,375,92625,Direct,Pending
SO_104654,CUST_0034,PROD_0276,2024-03-21,208,206752,Direct,Pending
SO_104655,CUST_0332,PROD_0232,2024-06-30,381,44958,Distributor,Pending
SO_104656,CUST_0404,PROD_0274,2024-05-24,103,29252,Distributor,Cancelled
SO_104657,CUST_0137,PROD_0217,2024-09-14,214,105502,Online,Pending
SO_104658,CUST_0372,PROD_0281,2024-05-21,156,47736,Distributor,Completed
SO_104659,CUST_0035,PROD_0131,2024-04-09,129,73530,Online,Completed
SO_104660,CUST_0120,PROD_0207,2024-12-07,294,126714,Direct,Pending
SO_104661,CUST_0179,PROD_0017,2024-07-09,101,45450,Online,Pending
SO_104662,CUST_0220,PROD_0168,2024-06-11,120,54840,Distributor,Pending
SO_104663,CUST_0142,PROD_0111,2024-06-20,456,347016,Online,Pending
SO_104664,CUST_0488,PROD_0106,2024-06-01,111,103119,Direct,Pending
SO_104665,CUST_0160,PROD_0034,2024-05-16,324,104004,Direct,Pending
SO_104666,CUST_0442,PROD_0132,2024-04-24,393,178029,Direct,Pending
SO_104667,CUST_0351,PROD_0041,2024-12-07,336,161280,Direct,Completed
SO_104668,CUST_0131,PROD_0004,2024-08-29,142,119706,Online,Pending
SO_104669,CUST_0133,PROD_0232,2024-04-10,165,158070,Online,Completed
SO_104670,CUST_0221,PROD_0213,2024-10-12,408,203592,Distributor,Cancelled
SO_104671,CUST_0148,PROD_0293,2024-06-01,236,155052,Online,Cancelled
SO_104672,CUST_0079,PROD_0234,2024-11-24,272,65824,Direct,Completed
SO_104673,CUST_0144,PROD_0032,2024-10-29,419,249724,Direct,Pending
SO_104674,CUST_0459,PROD_0019,2024-01-25,34,28016,Distributor,Pending
SO_104675,CUST_0380,PROD_0236,2024-07-15,496,144832,Distributor,Cancelled
SO_104676,CUST_0191,PROD_0266,2024-02-23,62,13268,Distributor,Pending
SO_104677,CUST_0083,PROD_0160,2024-02-01,109,101043,Direct,Cancelled
SO_104678,CUST_0296,PROD_0131,2024-12-24,492,174660,Distributor,Cancelled
SO_104679,CUST_0377,PROD_0269,2024-06-26,255,122910,Online,Cancelled
SO_104680,CUST_0287,PROD_0058,2024-11-04,328,313896,Distributor,Completed
SO_104681,CUST_0301,PROD_0256,2024-11-23,366,248148,Distributor,Pending
SO_104682,CUST_0173,PROD_0103,2024-10-01,33,19437,Distributor,Pending
SO_104683,CUST_0424,PROD_0131,2024-11-17,265,181260,Distributor,Completed
SO_104684,CUST_0122,PROD_0187,2024-03-25,473,253528,Distributor,Completed
SO_104685,CUST_0465,PROD_0020,2024-11-25,184,43976,Distributor,Pending
SO_104686,CUST_0100,PROD_0051,2024-05-12,418,274626,Online,Pending
SO_104687,CUST_0474,PROD_0236,2024-05-21,465,134850,Distributor,Cancelled
SO_104688,CUST_0197,PROD_0134,2024-02-03,168,67200,Direct,Cancelled
SO_104689,CUST_0148,PROD_0169,2024-02-02,276,30912,Online,Completed
SO_104690,CUST_0042,PROD_0184,2024-10-20,134,51992,Direct,Completed
SO_104691,CUST_0389,PROD_0290,2024-08-19,85,15640,Online,Cancelled
SO_104692,CUST_0311,PROD_0032,2024-11-10,397,381120,Direct,Pending
SO_104693,CUST_0364,PROD_0111,2024-03-20,328,223368,Distributor,Cancelled
SO_104694,CUST_0129,PROD_0164,2024-09-08,304,120992,Online,Cancelled
SO_104695,CUST_0059,PROD_0067,2024-09-19,260,80600,Distributor,Pending
SO_104696,CUST_0066,PROD_0090,2024-05-18,260,78520,Direct,Cancelled
SO_104697,CUST_0120,PROD_0009,2024-11-10,93,15903,Online,Cancelled
SO_104698,CUST_0244,PROD_0113,2024-01-04,252,163044,Online,Cancelled
SO_104699,CUST_0243,PROD_0116,2024-09-29,198,148104,Distributor,Pending
SO_104700,CUST_0363,PROD_0253,2024-08-07,443,405788,Direct,Pending
SO_104701,CUST_0012,PROD_0077,2024-08-03,120,111960,Distributor,Completed
SO_104702,CUST_0463,PROD_0029,2024-05-12,257,89436,Direct,Completed
SO_104703,CUST_0358,PROD_0151,2024-09-29,351,71253,Distributor,Pending
SO_104704,CUST_0207,PROD_0207,2024-04-26,473,240284,Direct,Completed
SO_104705,CUST_0078,PROD_0143,2024-02-01,73,15841,Distributor,Pending
SO_104706,CUST_0052,PROD_0105,2024-10-21,51,24735,Online,Cancelled
SO_104707,CUST_0417,PROD_0111,2024-10-27,417,47955,Distributor,Cancelled
SO_104708,CUST_0453,PROD_0025,2024-04-18,166,89640,Distributor,Pending
SO_104709,CUST_0031,PROD_0203,2024-12-03,339,122379,Online,Pending
SO_104710,CUST_0090,PROD_0276,2024-01-21,484,167948,Distributor,Pending
SO_104711,CUST_0023,PROD_0151,2024-01-05,39,17199,Direct,Completed
SO_104712,CUST_0423,PROD_0119,2024-12-22,153,40545,Online,Cancelled
SO_104713,CUST_0426,PROD_0174,2024-10-30,376,114680,Online,Pending
SO_104714,CUST_0388,PROD_0146,2024-01-23,301,50267,Online,Cancelled
SO_104715,CUST_0498,PROD_0129,2024-08-25,486,185166,Online,Cancelled
SO_104716,CUST_0471,PROD_0142,2024-07-01,396,147312,Direct,Cancelled
SO_104717,CUST_0084,PROD_0084,2024-06-26,130,129090,Direct,Cancelled
SO_104718,CUST_0432,PROD_0266,2024-06-24,190,113620,Distributor,Completed
SO_104719,CUST_0132,PROD_0297,2024-08-14,69,67482,Online,Completed
SO_104720,CUST_0229,PROD_0209,2024-01-14,323,263891,Distributor,Cancelled
SO_104721,CUST_0470,PROD_0217,2024-12-11,372,151032,Direct,Completed
SO_104722,CUST_0438,PROD_0070,2024-06-24,51,11628,Distributor,Completed
SO_104723,CUST_0270,PROD_0058,2024-02-21,278,271884,Online,Completed
SO_104724,CUST_0494,PROD_0287,2024-10-26,499,358781,Online,Completed
SO_104725,CUST_0022,PROD_0020,2024-06-20,343,220206,Distributor,Pending
SO_104726,CUST_0233,PROD_0186,2024-11-27,88,71632,Distributor,Pending
SO_104727,CUST_0242,PROD_0122,2024-07-11,269,128851,Direct,Pending
SO_104728,CUST_0417,PROD_0274,2024-05-31,152,27208,Online,Cancelled
SO_104729,CUST_0053,PROD_0219,2024-09-25,443,439013,Distributor,Cancelled
SO_104730,CUST_0252,PROD_0053,2024-07-14,296,175232,Online,Pending
SO_104731,CUST_0443,PROD_0033,2024-02-11,58,49532,Online,Pending
SO_104732,CUST_0286,PROD_0212,2024-07-28,205,133865,Direct,Cancelled
SO_104733,CUST_0192,PROD_0227,2024-12-29,203,99267,Distributor,Pending
SO_104734,CUST_0293,PROD_0250,2024-04-12,233,160071,Distributor,Completed
SO_104735,CUST_0152,PROD_0300,2024-01-26,85,77350,Online,Pending
SO_104736,CUST_0262,PROD_0050,2024-03-29,234,153738,Distributor,Completed
SO_104737,CUST_0137,PROD_0288,2024-01-17,136,124984,Online,Cancelled
SO_104738,CUST_0417,PROD_0267,2024-03-23,20,16640,Distributor,Completed
SO_104739,CUST_0228,PROD_0001,2024-01-03,294,156114,Distributor,Pending
SO_104740,CUST_0116,PROD_0076,2024-11-10,393,82137,Distributor,Completed
SO_104741,CUST_0235,PROD_0118,2024-12-03,127,102362,Distributor,Cancelled
SO_104742,CUST_0368,PROD_0167,2024-08-02,120,108600,Direct,Cancelled
SO_104743,CUST_0372,PROD_0049,2024-12-14,257,63222,Direct,Cancelled
SO_104744,CUST_0343,PROD_0017,2024-12-27,413,160657,Direct,Pending
SO_104745,CUST_0131,PROD_0035,2024-04-05,116,95004,Direct,Pending
SO_104746,CUST_0247,PROD_0213,2024-07-22,196,99372,Online,Cancelled
SO_104747,CUST_0019,PROD_0165,2024-02-01,401,68571,Online,Pending
SO_104748,CUST_0195,PROD_0087,2024-08-23,380,126160,Distributor,Cancelled
SO_104749,CUST_0067,PROD_0162,2024-07-06,455,98280,Online,Completed
SO_104750,CUST_0473,PROD_0221,2024-07-14,28,15512,Distributor,Cancelled
SO_104751,CUST_0228,PROD_0126,2024-10-27,31,4309,Distributor,Completed
SO_104752,CUST_0456,PROD_0044,2024-03-07,60,16440,Distributor,Cancelled
SO_104753,CUST_0467,PROD_0097,2024-01-10,373,193214,Online,Pending
SO_104754,CUST_0348,PROD_0032,2024-09-16,464,128064,Online,Cancelled
SO_104755,CUST_0246,PROD_0023,2024-11-30,492,429024,Distributor,Cancelled
SO_104756,CUST_0100,PROD_0093,2024-01-25,150,19950,Online,Pending
SO_104757,CUST_0471,PROD_0087,2024-07-19,351,254475,Direct,Completed
SO_104758,CUST_0203,PROD_0196,2024-06-11,64,10240,Direct,Cancelled
SO_104759,CUST_0161,PROD_0168,2024-05-08,466,143062,Distributor,Completed
SO_104760,CUST_0144,PROD_0180,2024-06-15,310,284270,Direct,Pending
SO_104761,CUST_0316,PROD_0172,2024-04-06,193,124292,Online,Completed
SO_104762,CUST_0423,PROD_0057,2024-07-21,441,187425,Online,Cancelled
SO_104763,CUST_0092,PROD_0069,2024-10-01,227,109414,Distributor,Cancelled
SO_104764,CUST_0002,PROD_0152,2024-03-15,209,143165,Distributor,Pending
SO_104765,CUST_0317,PROD_0136,2024-08-05,369,96678,Online,Completed
SO_104766,CUST_0332,PROD_0271,2024-12-03,299,275379,Online,Completed
SO_104767,CUST_0443,PROD_0037,2024-02-08,13,3185,Distributor,Completed
SO_104768,CUST_0480,PROD_0081,2024-05-16,319,257752,Distributor,Completed
SO_104769,CUST_0461,PROD_0153,2024-06-29,123,55719,Online,Completed
SO_104770,CUST_0138,PROD_0185,2024-09-17,470,463890,Distributor,Cancelled
SO_104771,CUST_0201,PROD_0032,2024-08-08,132,123552,Direct,Pending
SO_104772,CUST_0231,PROD_0287,2024-12-09,75,33375,Online,Pending
SO_104773,CUST_0221,PROD_0107,2024-10-31,238,186116,Online,Pending
SO_104774,CUST_0130,PROD_0041,2024-12-26,140,35980,Distributor,Pending
SO_104775,CUST_0270,PROD_0159,2024-10-10,360,213480,Distributor,Cancelled
SO_104776,CUST_0428,PROD_0257,2024-12-24,165,54450,Distributor,Pending
SO_104777,CUST_0078,PROD_0231,2024-09-08,75,34425,Distributor,Completed
SO_104778,CUST_0416,PROD_0141,2024-01-01,208,134576,Online,Pending
SO_104779,CUST_0024,PROD_0142,2024-01-02,478,64530,Direct,Cancelled
SO_104780,CUST_0295,PROD_0255,2024-11-25,131,109778,Direct,Pending
SO_104781,CUST_0173,PROD_0287,2024-08-17,481,422799,Direct,Cancelled
SO_104782,CUST_0415,PROD_0025,2024-07-15,71,69864,Online,Pending
SO_104783,CUST_0130,PROD_0217,2024-02-23,94,15416,Direct,Completed
SO_104784,CUST_0180,PROD_0233,2024-10-11,96,12960,Online,Pending
SO_104785,CUST_0271,PROD_0249,2024-08-18,494,81016,Online,Completed
SO_104786,CUST_0135,PROD_0216,2024-04-18,148,117216,Online,Pending
SO_104787,CUST_0279,PROD_0218,2024-06-06,209,171589,Direct,Pending
SO_104788,CUST_0071,PROD_0010,2024-01-10,264,258192,Direct,Cancelled
SO_104789,CUST_0372,PROD_0160,2024-12-11,215,158455,Online,Completed
SO_104790,CUST_0257,PROD_0061,2024-08-25,147,92463,Distributor,Cancelled
SO_104791,CUST_0363,PROD_0040,2024-09-29,367,273415,Distributor,Pending
SO_104792,CUST_0476,PROD_0208,2024-05-03,206,48822,Distributor,Pending
SO_104793,CUST_0475,PROD_0054,2024-05-25,43,17673,Online,Completed
SO_104794,CUST_0160,PROD_0142,2024-10-26,37,13764,Online,Completed
SO_104795,CUST_0421,PROD_0230,2024-10-12,409,52761,Online,Pending
SO_104796,CUST_0009,PROD_0031,2024-02-19,244,96868,Distributor,Completed
SO_104797,CUST_0245,PROD_0017,2024-05-17,131,123009,Distributor,Completed
SO_104798,CUST_0014,PROD_0085,2024-04-14,206,32136,Online,Pending
SO_104799,CUST_0439,PROD_0094,2024-07-08,252,73836,Direct,Pending
SO_104800,CUST_0237,PROD_0062,2024-12-18,225,115425,Direct,Cancelled
SO_104801,CUST_0145,PROD_0132,2024-04-25,139,103972,Online,Pending
SO_104802,CUST_0146,PROD_0057,2024-04-15,399,44688,Direct,Completed
SO_104803,CUST_0176,PROD_0238,2024-09-21,233,135373,Direct,Cancelled
SO_104804,CUST_0231,PROD_0157,2024-10-25,37,14282,Distributor,Completed
SO_104805,CUST_0491,PROD_0250,2024-07-28,417,146367,Direct,Pending
SO_104806,CUST_0316,PROD_0154,2024-08-05,424,130592,Online,Completed
SO_104807,CUST_0497,PROD_0018,2024-10-19,165,40590,Direct,Cancelled
SO_104808,CUST_0028,PROD_0223,2024-12-21,113,48364,Direct,Completed
SO_104809,CUST_0427,PROD_0004,2024-05-05,422,158672,Direct,Pending
SO_104810,CUST_0162,PROD_0196,2024-02-12,266,156408,Online,Completed
SO_104811,CUST_0314,PROD_0133,2024-02-09,16,14256,Distributor,Pending
SO_104812,CUST_0442,PROD_0191,2024-01-27,325,137475,Online,Pending
SO_104813,CUST_0166,PROD_0243,2024-10-21,461,79292,Direct,Completed
SO_104814,CUST_0034,PROD_0070,2024-01-02,154,113806,Online,Cancelled
SO_104815,CUST_0468,PROD_0106,2024-08-22,159,116388,Distributor,Pending
SO_104816,CUST_0087,PROD_0184,2024-09-16,56,30744,Online,Pending
SO_104817,CUST_0418,PROD_0037,2024-08-04,252,90216,Distributor,Completed
SO_104818,CUST_0482,PROD_0272,2024-02-07,69,46023,Direct,Cancelled
SO_104819,CUST_0198,PROD_0127,2024-12-01,338,85176,Online,Cancelled
SO_104820,CUST_0478,PROD_0104,2024-07-17,280,278320,Online,Pending
SO_104821,CUST_0236,PROD_0230,2024-01-25,430,136310,Online,Cancelled
SO_104822,CUST_0461,PROD_0200,2024-10-01,302,235258,Online,Completed
SO_104823,CUST_0272,PROD_0101,2024-06-30,417,184314,Direct,Cancelled
SO_104824,CUST_0014,PROD_0270,2024-01-19,472,117056,Direct,Pending
SO_104825,CUST_0410,PROD_0117,2024-02-14,474,376830,Distributor,Completed
SO_104826,CUST_0089,PROD_0170,2024-03-21,429,230802,Direct,Pending
SO_104827,CUST_0345,PROD_0216,2024-01-22,390,308100,Direct,Cancelled
SO_104828,CUST_0449,PROD_0270,2024-09-18,352,52800,Online,Pending
SO_104829,CUST_0138,PROD_0069,2024-04-05,14,4648,Online,Pending
SO_104830,CUST_0045,PROD_0119,2024-01-19,323,38437,Direct,Cancelled
SO_104831,CUST_0457,PROD_0083,2024-06-20,283,159612,Online,Cancelled
SO_104832,CUST_0152,PROD_0215,2024-11-24,357,67830,Distributor,Completed
SO_104833,CUST_0244,PROD_0091,2024-01-10,14,13412,Online,Completed
SO_104834,CUST_0237,PROD_0119,2024-06-29,351,118638,Direct,Pending
SO_104835,CUST_0173,PROD_0092,2024-04-08,437,86526,Direct,Cancelled
SO_104836,CUST_0487,PROD_0220,2024-06-06,354,337008,Online,Pending
SO_104837,CUST_0036,PROD_0161,2024-10-23,261,212454,Distributor,Pending
SO_104838,CUST_0050,PROD_0005,2024-02-26,85,31450,Direct,Completed
SO_104839,CUST_0088,PROD_0263,2024-05-23,254,251968,Online,Cancelled
SO_104840,CUST_0020,PROD_0083,2024-10-27,311,221121,Online,Pending
SO_104841,CUST_0037,PROD_0087,2024-04-11,251,213852,Direct,Pending
SO_104842,CUST_0485,PROD_0062,2024-11-02,135,76275,Distributor,Pending
SO_104843,CUST_0386,PROD_0126,2024-04-06,279,81747,Online,Pending
SO_104844,CUST_0407,PROD_0144,2024-10-10,132,91872,Online,Cancelled
SO_104845,CUST_0215,PROD_0028,2024-02-05,279,36270,Distributor,Pending
SO_104846,CUST_0465,PROD_0261,2024-10-22,355,271930,Direct,Completed
SO_104847,CUST_0413,PROD_0183,2024-06-27,381,374523,Direct,Pending
SO_104848,CUST_0179,PROD_0094,2024-05-11,414,65826,Distributor,Pending
SO_104849,CUST_0262,PROD_0142,2024-11-12,271,198101,Online,Completed
SO_104850,CUST_0421,PROD_0153,2024-08-12,422,339288,Online,Pending
SO_104851,CUST_0261,PROD_0239,2024-11-22,125,42250,Distributor,Completed
SO_104852,CUST_0032,PROD_0160,2024-01-03,42,40278,Online,Completed
SO_104853,CUST_0475,PROD_0063,2024-03-20,486,460242,Distributor,Pending
SO_104854,CUST_0289,PROD_0072,2024-03-19,156,50076,Distributor,Cancelled
SO_104855,CUST_0012,PROD_0244,2024-06-25,37,22200,Distributor,Cancelled
SO_104856,CUST_0041,PROD_0172,2024-07-15,296,139416,Online,Pending
SO_104857,CUST_0293,PROD_0212,2024-11-03,440,196240,Online,Completed
SO_104858,CUST_0111,PROD_0145,2024-05-29,185,180930,Online,Completed
SO_104859,CUST_0153,PROD_0114,2024-07-16,200,82200,Distributor,Pending
SO_104860,CUST_0002,PROD_0002,2024-08-28,255,144330,Distributor,Completed
SO_104861,CUST_0010,PROD_0125,2024-08-15,495,465795,Direct,Cancelled
SO_104862,CUST_0309,PROD_0129,2024-05-02,317,255502,Distributor,Completed
SO_104863,CUST_0358,PROD_0123,2024-11-26,194,24832,Direct,Pending
SO_104864,CUST_0320,PROD_0203,2024-01-01,272,180608,Online,Completed
SO_104865,CUST_0185,PROD_0216,2024-08-22,294,196392,Distributor,Pending
SO_104866,CUST_0380,PROD_0177,2024-08-14,143,46904,Direct,Cancelled
SO_104867,CUST_0459,PROD_0098,2024-05-26,286,32890,Direct,Cancelled
SO_104868,CUST_0473,PROD_0058,2024-01-22,353,133081,Distributor,Cancelled
SO_104869,CUST_0148,PROD_0242,2024-04-25,182,157976,Distributor,Pending
SO_104870,CUST_0344,PROD_0077,2024-05-14,355,335120,Direct,Completed
SO_104871,CUST_0096,PROD_0252,2024-08-11,358,55490,Online,Pending
SO_104872,CUST_0394,PROD_0081,2024-08-19,276,101016,Direct,Pending
SO_104873,CUST_0027,PROD_0109,2024-10-25,208,86320,Distributor,Pending
SO_104874,CUST_0332,PROD_0046,2024-07-11,177,159654,Direct,Pending
SO_104875,CUST_0369,PROD_0222,2024-02-23,409,378734,Direct,Cancelled
SO_104876,CUST_0222,PROD_0128,2024-11-20,394,43734,Direct,Completed
SO_104877,CUST_0471,PROD_0282,2024-11-09,131,123926,Distributor,Completed
SO_104878,CUST_0392,PROD_0138,2024-03-18,482,418376,Direct,Completed
SO_104879,CUST_0468,PROD_0292,2024-01-13,342,273600,Distributor,Cancelled
SO_104880,CUST_0167,PROD_0124,2024-10-29,390,214110,Distributor,Cancelled
SO_104881,CUST_0334,PROD_0256,2024-12-22,21,20622,Online,Completed
SO_104882,CUST_0183,PROD_0064,2024-08-11,160,77440,Distributor,Completed
SO_104883,CUST_0423,PROD_0152,2024-12-04,94,37600,Distributor,Pending
SO_104884,CUST_0278,PROD_0086,2024-10-11,419,54889,Direct,Cancelled
SO_104885,CUST_0369,PROD_0133,2024-01-19,399,321594,Distributor,Cancelled
SO_104886,CUST_0027,PROD_0108,2024-04-22,152,20216,Distributor,Completed
SO_104887,CUST_0060,PROD_0020,2024-11-14,131,37204,Online,Cancelled
SO_104888,CUST_0481,PROD_0167,2024-01-10,157,136433,Online,Pending
SO_104889,CUST_0076,PROD_0282,2024-04-17,233,60580,Distributor,Completed
SO_104890,CUST_0065,PROD_0133,2024-06-30,397,277900,Direct,Completed
SO_104891,CUST_0130,PROD_0247,2024-09-26,283,206590,Direct,Cancelled
SO_104892,CUST_0068,PROD_0294,2024-10-08,374,218416,Direct,Cancelled
SO_104893,CUST_0139,PROD_0179,2024-02-05,141,86856,Online,Cancelled
SO_104894,CUST_0143,PROD_0234,2024-06-18,99,27324,Online,Cancelled
SO_104895,CUST_0434,PROD_0018,2024-05-20,289,54621,Distributor,Completed
SO_104896,CUST_0155,PROD_0262,2024-08-15,212,154972,Distributor,Pending
SO_104897,CUST_0300,PROD_0107,2024-10-05,285,177270,Direct,Cancelled
SO_104898,CUST_0262,PROD_0147,2024-06-05,156,105612,Direct,Cancelled
SO_104899,CUST_0134,PROD_0091,2024-02-08,144,58464,Distributor,Completed
SO_104900,CUST_0140,PROD_0092,2024-09-01,477,332946,Online,Pending
SO_104901,CUST_0241,PROD_0274,2024-07-26,66,45738,Online,Cancelled
SO_104902,CUST_0331,PROD_0052,2024-12-19,196,66640,Online,Pending
SO_104903,CUST_0442,PROD_0293,2024-08-01,78,22542,Online,Pending
SO_104904,CUST_0446,PROD_0288,2024-12-07,271,52303,Direct,Completed
SO_104905,CUST_0062,PROD_0205,2024-10-17,400,396800,Online,Cancelled
SO_104906,CUST_0054,PROD_0009,2024-10-07,102,76092,Online,Cancelled
SO_104907,CUST_0171,PROD_0229,2024-03-10,264,172392,Online,Pending
SO_104908,CUST_0226,PROD_0149,2024-09-06,235,47470,Online,Pending
SO_104909,CUST_0183,PROD_0225,2024-12-10,243,42768,Direct,Cancelled
SO_104910,CUST_0487,PROD_0297,2024-08-01,222,162060,Distributor,Pending
SO_104911,CUST_0031,PROD_0255,2024-10-15,261,67077,Online,Completed
SO_104912,CUST_0005,PROD_0273,2024-06-02,118,78824,Distributor,Pending
SO_104913,CUST_0451,PROD_0052,2024-11-04,441,352359,Direct,Pending
SO_104914,CUST_0366,PROD_0284,2024-08-28,89,73336,Online,Cancelled
SO_104915,CUST_0120,PROD_0010,2024-07-30,463,218999,Online,Pending
SO_104916,CUST_0043,PROD_0197,2024-07-10,264,58344,Direct,Cancelled
SO_104917,CUST_0088,PROD_0036,2024-10-08,120,29160,Distributor,Pending
SO_104918,CUST_0233,PROD_0168,2024-06-15,336,207984,Direct,Pending
SO_104919,CUST_0100,PROD_0267,2024-08-13,416,413088,Distributor,Completed
SO_104920,CUST_0065,PROD_0222,2024-09-29,452,281596,Online,Cancelled
SO_104921,CUST_0060,PROD_0032,2024-03-24,192,112320,Distributor,Cancelled
SO_104922,CUST_0038,PROD_0041,2024-07-06,312,43680,Direct,Completed
SO_104923,CUST_0301,PROD_0019,2024-07-27,62,46810,Distributor,Completed
SO_104924,CUST_0089,PROD_0108,2024-05-09,129,70692,Online,Pending
SO_104925,CUST_0224,PROD_0200,2024-04-04,314,241466,Online,Completed
SO_104926,CUST_0234,PROD_0291,2024-09-25,255,48705,Direct,Cancelled
SO_104927,CUST_0261,PROD_0085,2024-01-31,354,196116,Direct,Completed
SO_104928,CUST_0056,PROD_0181,2024-03-17,234,218556,Distributor,Cancelled
SO_104929,CUST_0166,PROD_0021,2024-05-27,463,271781,Distributor,Completed
SO_104930,CUST_0416,PROD_0299,2024-01-18,334,267200,Direct,Completed
SO_104931,CUST_0155,PROD_0063,2024-07-12,197,25413,Online,Pending
SO_104932,CUST_0335,PROD_0047,2024-11-25,66,47718,Distributor,Cancelled
SO_104933,CUST_0243,PROD_0046,2024-06-29,448,347200,Online,Completed
SO_104934,CUST_0400,PROD_0055,2024-09-05,435,339300,Distributor,Pending
SO_104935,CUST_0428,PROD_0087,2024-03-11,482,386082,Distributor,Pending
SO_104936,CUST_0455,PROD_0287,2024-08-29,475,250800,Distributor,Pending
SO_104937,CUST_0431,PROD_0137,2024-08-18,22,14124,Direct,Completed
SO_104938,CUST_0268,PROD_0048,2024-10-12,234,25740,Online,Cancelled
SO_104939,CUST_0333,PROD_0025,2024-05-04,486,59778,Distributor,Cancelled
SO_104940,CUST_0271,PROD_0269,2024-09-22,304,266912,Direct,Completed
SO_104941,CUST_0151,PROD_0224,2024-10-03,438,346020,Online,Pending
SO_104942,CUST_0443,PROD_0019,2024-11-05,467,176993,Distributor,Cancelled
SO_104943,CUST_0174,PROD_0020,2024-02-11,109,20165,Direct,Pending
SO_104944,CUST_0270,PROD_0212,2024-10-30,237,175143,Direct,Completed
SO_104945,CUST_0091,PROD_0212,2024-08-31,202,89688,Online,Cancelled
SO_104946,CUST_0091,PROD_0012,2024-12-24,182,179998,Online,Cancelled
SO_104947,CUST_0156,PROD_0268,2024-12-25,178,173372,Online,Pending
SO_104948,CUST_0093,PROD_0093,2024-06-15,409,254398,Distributor,Cancelled
SO_104949,CUST_0305,PROD_0217,2024-08-18,254,71374,Distributor,Pending
SO_104950,CUST_0138,PROD_0074,2024-12-31,81,54108,Distributor,Pending
SO_104951,CUST_0193,PROD_0169,2024-02-19,476,80920,Direct,Completed
SO_104952,CUST_0023,PROD_0265,2024-08-26,402,142308,Distributor,Pending
SO_104953,CUST_0068,PROD_0273,2024-05-30,191,86905,Online,Pending
SO_104954,CUST_0472,PROD_0126,2024-02-17,342,268128,Direct,Cancelled
SO_104955,CUST_0119,PROD_0299,2024-01-06,273,265083,Online,Cancelled
SO_104956,CUST_0373,PROD_0288,2024-12-04,309,291078,Direct,Pending
SO_104957,CUST_0434,PROD_0107,2024-03-25,474,456462,Online,Pending
SO_104958,CUST_0167,PROD_0115,2024-07-17,83,9960,Direct,Pending
SO_104959,CUST_0060,PROD_0275,2024-06-05,206,113918,Online,Cancelled
SO_104960,CUST_0229,PROD_0079,2024-03-10,432,79488,Online,Cancelled
SO_104961,CUST_0057,PROD_0195,2024-03-13,49,41601,Distributor,Pending
SO_104962,CUST_0175,PROD_0158,2024-06-21,388,190508,Online,Pending
SO_104963,CUST_0255,PROD_0030,2024-03-11,315,103320,Direct,Cancelled
SO_104964,CUST_0316,PROD_0045,2024-12-08,209,23826,Distributor,Pending
SO_104965,CUST_0403,PROD_0082,2024-09-03,96,44448,Online,Pending
SO_104966,CUST_0003,PROD_0164,2024-12-08,232,217152,Direct,Cancelled
SO_104967,CUST_0373,PROD_0170,2024-08-22,257,152915,Online,Completed
SO_104968,CUST_0334,PROD_0261,2024-12-26,421,299752,Direct,Completed
SO_104969,CUST_0258,PROD_0081,2024-11-23,304,134064,Direct,Completed
SO_104970,CUST_0273,PROD_0203,2024-04-09,284,211580,Direct,Pending
SO_104971,CUST_0234,PROD_0217,2024-05-14,90,76410,Online,Pending
SO_104972,CUST_0363,PROD_0127,2024-03-29,326,41728,Direct,Pending
SO_104973,CUST_0450,PROD_0039,2024-03-13,427,201544,Direct,Completed
SO_104974,CUST_0259,PROD_0159,2024-08-05,84,32088,Direct,Cancelled
SO_104975,CUST_0378,PROD_0238,2024-02-01,169,133679,Online,Completed
SO_104976,CUST_0249,PROD_0068,2024-02-25,20,17440,Online,Cancelled
SO_104977,CUST_0017,PROD_0033,2024-09-23,220,169840,Distributor,Completed
SO_104978,CUST_0390,PROD_0131,2024-01-05,456,159600,Distributor,Pending
SO_104979,CUST_0282,PROD_0270,2024-01-25,204,47328,Distributor,Pending
SO_104980,CUST_0206,PROD_0149,2024-11-17,382,187562,Distributor,Completed
SO_104981,CUST_0181,PROD_0100,2024-06-18,245,56595,Direct,Completed
SO_104982,CUST_0443,PROD_0282,2024-01-01,440,46200,Distributor,Pending
SO_104983,CUST_0377,PROD_0282,2024-10-29,457,282426,Direct,Cancelled
SO_104984,CUST_0063,PROD_0183,2024-02-26,330,44550,Direct,Cancelled
SO_104985,CUST_0078,PROD_0092,2024-07-19,487,260058,Distributor,Completed
SO_104986,CUST_0051,PROD_0268,2024-02-20,273,159978,Direct,Pending
SO_104987,CUST_0146,PROD_0070,2024-01-21,401,80601,Direct,Completed
SO_104988,CUST_0230,PROD_0182,2024-05-21,350,283500,Direct,Completed
SO_104989,CUST_0323,PROD_0110,2024-05-17,311,93611,Online,Completed
SO_104990,CUST_0020,PROD_0235,2024-01-27,156,127920,Distributor,Pending
SO_104991,CUST_0247,PROD_0019,2024-06-21,310,302250,Distributor,Completed
SO_104992,CUST_0087,PROD_0194,2024-05-22,477,251856,Online,Cancelled
SO_104993,CUST_0206,PROD_0123,2024-08-26,48,30144,Online,Completed
SO_104994,CUST_0302,PROD_0002,2024-10-02,377,73892,Distributor,Completed
SO_104995,CUST_0016,PROD_0045,2024-04-15,96,40416,Direct,Pending
SO_104996,CUST_0014,PROD_0209,2024-10-02,335,260295,Distributor,Pending
SO_104997,CUST_0326,PROD_0231,2024-01-04,464,461216,Distributor,Pending
SO_104998,CUST_0104,PROD_0154,2024-10-12,173,42039,Online,Pending
SO_104999,CUST_0439,PROD_0130,2024-08-15,278,38920,Distributor,Completed
SO_105000,CUST_0266,PROD_0296,2024-01-12,227,181373,Distributor,Cancelled
SO_105001,CUST_0235,PROD_0072,2024-10-22,157,81326,Distributor,Pending
SO_105002,CUST_0290,PROD_0056,2024-01-01,170,36890,Online,Completed
SO_105003,CUST_0462,PROD_0135,2024-08-11,468,420264,Distributor,Pending
SO_105004,CUST_0349,PROD_0269,2024-03-24,421,160401,Distributor,Completed
SO_105005,CUST_0268,PROD_0052,2024-06-08,378,57834,Distributor,Cancelled
SO_105006,CUST_0022,PROD_0197,2024-03-27,144,36576,Online,Completed
SO_105007,CUST_0197,PROD_0228,2024-03-26,379,337689,Online,Completed
SO_105008,CUST_0314,PROD_0242,2024-11-18,377,367952,Direct,Completed
SO_105009,CUST_0357,PROD_0033,2024-07-16,145,98020,Distributor,Completed
SO_105010,CUST_0495,PROD_0199,2024-03-23,294,268128,Online,Cancelled
SO_105011,CUST_0317,PROD_0071,2024-06-26,121,91113,Direct,Pending
SO_105012,CUST_0493,PROD_0147,2024-11-26,430,109650,Online,Cancelled
SO_105013,CUST_0332,PROD_0254,2024-06-13,320,99840,Direct,Pending
SO_105014,CUST_0407,PROD_0268,2024-07-05,278,203496,Online,Cancelled
SO_105015,CUST_0181,PROD_0012,2024-04-29,327,94830,Distributor,Completed
SO_105016,CUST_0297,PROD_0257,2024-12-28,267,215736,Distributor,Completed
SO_105017,CUST_0284,PROD_0016,2024-04-06,33,14520,Online,Completed
SO_105018,CUST_0255,PROD_0021,2024-04-15,260,86320,Direct,Pending
SO_105019,CUST_0465,PROD_0055,2024-04-06,116,48024,Distributor,Completed
SO_105020,CUST_0352,PROD_0231,2024-10-10,292,132860,Distributor,Completed
SO_105021,CUST_0250,PROD_0255,2024-04-12,409,397957,Online,Pending
SO_105022,CUST_0013,PROD_0188,2024-10-02,486,467532,Direct,Pending
SO_105023,CUST_0271,PROD_0103,2024-05-18,345,105915,Online,Pending
SO_105024,CUST_0490,PROD_0090,2024-02-14,163,97800,Direct,Pending
SO_105025,CUST_0174,PROD_0035,2024-02-06,36,10584,Direct,Cancelled
SO_105026,CUST_0357,PROD_0150,2024-06-14,183,85095,Direct,Completed
SO_105027,CUST_0282,PROD_0062,2024-07-10,442,118898,Online,Pending
SO_105028,CUST_0130,PROD_0198,2024-04-01,321,304629,Direct,Cancelled
SO_105029,CUST_0441,PROD_0061,2024-10-13,458,80150,Direct,Pending
SO_105030,CUST_0159,PROD_0285,2024-06-12,112,47264,Online,Completed
SO_105031,CUST_0411,PROD_0282,2024-11-08,301,76153,Direct,Completed
SO_105032,CUST_0055,PROD_0082,2024-10-12,89,20381,Direct,Completed
SO_105033,CUST_0110,PROD_0213,2024-07-20,106,25228,Distributor,Pending
SO_105034,CUST_0010,PROD_0157,2024-07-04,161,124131,Online,Cancelled
SO_105035,CUST_0260,PROD_0157,2024-04-06,252,34776,Direct,Cancelled
SO_105036,CUST_0328,PROD_0158,2024-09-01,364,148876,Online,Cancelled
SO_105037,CUST_0380,PROD_0074,2024-11-27,92,14996,Direct,Pending
SO_105038,CUST_0497,PROD_0038,2024-02-19,110,50820,Online,Completed
SO_105039,CUST_0197,PROD_0104,2024-07-23,222,133866,Online,Completed
SO_105040,CUST_0267,PROD_0203,2024-10-10,133,81263,Direct,Pending
SO_105041,CUST_0349,PROD_0298,2024-03-02,395,310470,Online,Pending
SO_105042,CUST_0144,PROD_0108,2024-01-17,350,280700,Direct,Cancelled
SO_105043,CUST_0016,PROD_0167,2024-04-14,472,453120,Online,Pending
SO_105044,CUST_0206,PROD_0107,2024-12-31,69,30774,Distributor,Pending
SO_105045,CUST_0286,PROD_0166,2024-01-09,43,4859,Direct,Completed
SO_105046,CUST_0139,PROD_0083,2024-01-04,477,93492,Direct,Cancelled
SO_105047,CUST_0283,PROD_0280,2024-09-16,165,118470,Direct,Pending
SO_105048,CUST_0218,PROD_0026,2024-09-24,282,190068,Online,Pending
SO_105049,CUST_0424,PROD_0282,2024-08-22,257,99459,Online,Pending
SO_105050,CUST_0490,PROD_0231,2024-08-16,304,83904,Direct,Completed
SO_105051,CUST_0429,PROD_0244,2024-03-16,403,42315,Distributor,Cancelled
SO_105052,CUST_0246,PROD_0253,2024-01-12,240,64560,Distributor,Pending
SO_105053,CUST_0232,PROD_0004,2024-08-01,468,85176,Online,Completed
SO_105054,CUST_0422,PROD_0199,2024-04-02,275,47850,Distributor,Completed
SO_105055,CUST_0135,PROD_0261,2024-08-31,250,114750,Direct,Pending
SO_105056,CUST_0225,PROD_0076,2024-06-17,353,80131,Distributor,Completed
SO_105057,CUST_0337,PROD_0075,2024-02-16,290,33350,Direct,Completed
SO_105058,CUST_0268,PROD_0135,2024-09-23,379,71631,Distributor,Pending
SO_105059,CUST_0321,PROD_0277,2024-12-08,330,318450,Distributor,Completed
SO_105060,CUST_0100,PROD_0145,2024-04-27,13,6864,Online,Cancelled
SO_105061,CUST_0288,PROD_0148,2024-12-09,308,188804,Distributor,Pending
SO_105062,CUST_0098,PROD_0287,2024-08-11,160,158400,Distributor,Completed
SO_105063,CUST_0410,PROD_0120,2024-07-24,51,45441,Distributor,Cancelled
SO_105064,CUST_0117,PROD_0048,2024-10-10,220,115720,Distributor,Pending
SO_105065,CUST_0429,PROD_0024,2024-11-09,145,17545,Online,Cancelled
SO_105066,CUST_0328,PROD_0122,2024-01-07,271,256637,Distributor,Pending
SO_105067,CUST_0478,PROD_0237,2024-06-27,94,31678,Distributor,Completed
SO_105068,CUST_0278,PROD_0118,2024-05-06,383,89239,Online,Completed
SO_105069,CUST_0412,PROD_0004,2024-04-30,465,260865,Distributor,Cancelled
SO_105070,CUST_0456,PROD_0095,2024-04-20,169,22815,Online,Completed
SO_105071,CUST_0008,PROD_0293,2024-12-09,488,373320,Direct,Pending
SO_105072,CUST_0174,PROD_0254,2024-05-28,498,455670,Online,Cancelled
SO_105073,CUST_0497,PROD_0158,2024-05-18,114,64638,Distributor,Cancelled
SO_105074,CUST_0103,PROD_0144,2024-02-05,323,201552,Distributor,Completed
SO_105075,CUST_0127,PROD_0047,2024-01-12,21,14574,Distributor,Pending
SO_105076,CUST_0218,PROD_0007,2024-06-25,349,63867,Distributor,Cancelled
SO_105077,CUST_0125,PROD_0291,2024-12-03,485,220190,Online,Completed
SO_105078,CUST_0455,PROD_0126,2024-05-05,416,107328,Online,Pending
SO_105079,CUST_0040,PROD_0116,2024-01-28,428,119412,Direct,Cancelled
SO_105080,CUST_0023,PROD_0105,2024-11-14,320,240000,Online,Pending
SO_105081,CUST_0316,PROD_0249,2024-06-07,316,149152,Direct,Cancelled
SO_105082,CUST_0012,PROD_0289,2024-07-13,463,92137,Distributor,Completed
SO_105083,CUST_0016,PROD_0289,2024-02-16,55,17105,Online,Pending
SO_105084,CUST_0021,PROD_0118,2024-04-10,151,125330,Direct,Cancelled
SO_105085,CUST_0246,PROD_0227,2024-03-20,422,233366,Distributor,Pending
SO_105086,CUST_0412,PROD_0251,2024-05-12,207,148626,Online,Pending
SO_105087,CUST_0477,PROD_0082,2024-07-02,83,66234,Online,Completed
SO_105088,CUST_0018,PROD_0269,2024-04-19,367,150837,Online,Pending
SO_105089,CUST_0195,PROD_0239,2024-05-11,469,453992,Online,Pending
SO_105090,CUST_0364,PROD_0177,2024-09-29,396,136620,Online,Completed
SO_105091,CUST_0263,PROD_0155,2024-09-04,16,10992,Distributor,Cancelled
SO_105092,CUST_0473,PROD_0004,2024-10-27,108,10908,Direct,Cancelled
SO_105093,CUST_0468,PROD_0216,2024-06-24,494,369512,Distributor,Completed
SO_105094,CUST_0468,PROD_0041,2024-04-08,219,132714,Distributor,Completed
SO_105095,CUST_0297,PROD_0078,2024-07-14,177,173283,Distributor,Cancelled
SO_105096,CUST_0054,PROD_0008,2024-08-31,385,121275,Direct,Pending
SO_105097,CUST_0183,PROD_0130,2024-06-28,324,291600,Direct,Completed
SO_105098,CUST_0023,PROD_0081,2024-11-07,292,179288,Online,Pending
SO_105099,CUST_0452,PROD_0079,2024-11-26,466,201778,Online,Pending
SO_105100,CUST_0267,PROD_0240,2024-02-08,193,166173,Direct,Cancelled
SO_105101,CUST_0482,PROD_0175,2024-02-29,452,207468,Online,Cancelled
SO_105102,CUST_0333,PROD_0295,2024-06-20,297,293139,Direct,Cancelled
SO_105103,CUST_0092,PROD_0263,2024-07-26,444,142080,Distributor,Completed
SO_105104,CUST_0300,PROD_0263,2024-12-27,412,239784,Online,Pending
SO_105105,CUST_0334,PROD_0147,2024-03-05,139,28078,Distributor,Cancelled
SO_105106,CUST_0066,PROD_0161,2024-05-26,485,480635,Distributor,Cancelled
SO_105107,CUST_0368,PROD_0225,2024-05-23,464,334544,Direct,Pending
SO_105108,CUST_0431,PROD_0013,2024-10-02,308,260568,Online,Completed
SO_105109,CUST_0267,PROD_0284,2024-06-26,345,141450,Direct,Pending
SO_105110,CUST_0184,PROD_0285,2024-10-15,350,75950,Online,Completed
SO_105111,CUST_0395,PROD_0059,2024-02-24,203,52577,Direct,Pending
SO_105112,CUST_0498,PROD_0053,2024-09-25,284,188292,Distributor,Cancelled
SO_105113,CUST_0385,PROD_0275,2024-06-21,43,10148,Direct,Pending
SO_105114,CUST_0349,PROD_0252,2024-09-12,360,101880,Direct,Cancelled
SO_105115,CUST_0238,PROD_0250,2024-05-22,329,302022,Direct,Cancelled
SO_105116,CUST_0288,PROD_0043,2024-01-24,61,31354,Direct,Cancelled
SO_105117,CUST_0492,PROD_0020,2024-04-06,371,232988,Direct,Cancelled
SO_105118,CUST_0162,PROD_0088,2024-10-24,229,162590,Distributor,Pending
SO_105119,CUST_0180,PROD_0093,2024-03-11,71,29110,Online,Completed
SO_105120,CUST_0051,PROD_0228,2024-08-02,226,201140,Direct,Pending
SO_105121,CUST_0262,PROD_0074,2024-12-25,192,53376,Direct,Completed
SO_105122,CUST_0282,PROD_0106,2024-04-21,101,81608,Direct,Completed
SO_105123,CUST_0439,PROD_0007,2024-04-21,487,208923,Direct,Completed
SO_105124,CUST_0297,PROD_0044,2024-01-13,421,164611,Direct,Cancelled
SO_105125,CUST_0166,PROD_0147,2024-12-06,440,172040,Distributor,Cancelled
SO_105126,CUST_0117,PROD_0184,2024-06-01,433,103487,Direct,Completed
SO_105127,CUST_0003,PROD_0053,2024-09-25,58,48952,Direct,Pending
SO_105128,CUST_0310,PROD_0250,2024-07-03,488,349408,Distributor,Completed
SO_105129,CUST_0296,PROD_0297,2024-11-14,88,31240,Online,Completed
SO_105130,CUST_0115,PROD_0197,2024-12-21,329,94752,Online,Completed
SO_105131,CUST_0499,PROD_0114,2024-03-06,152,98192,Distributor,Completed
SO_105132,CUST_0323,PROD_0068,2024-12-28,495,471240,Distributor,Pending
SO_105133,CUST_0025,PROD_0284,2024-02-01,137,44525,Distributor,Cancelled
SO_105134,CUST_0034,PROD_0228,2024-01-11,412,291284,Distributor,Cancelled
SO_105135,CUST_0225,PROD_0186,2024-11-16,304,193040,Online,Pending
SO_105136,CUST_0192,PROD_0147,2024-10-18,299,179998,Distributor,Pending
SO_105137,CUST_0109,PROD_0183,2024-07-14,66,25872,Online,Cancelled
SO_105138,CUST_0348,PROD_0095,2024-08-25,464,54752,Direct,Completed
SO_105139,CUST_0249,PROD_0131,2024-05-30,43,21371,Direct,Pending
SO_105140,CUST_0067,PROD_0261,2024-08-02,34,19720,Online,Completed
SO_105141,CUST_0091,PROD_0295,2024-01-31,344,88408,Distributor,Cancelled
SO_105142,CUST_0475,PROD_0298,2024-06-01,429,207207,Online,Pending
SO_105143,CUST_0002,PROD_0151,2024-06-20,36,25344,Distributor,Pending
SO_105144,CUST_0082,PROD_0044,2024-09-16,224,157696,Direct,Completed
SO_105145,CUST_0483,PROD_0134,2024-03-10,472,147736,Distributor,Completed
SO_105146,CUST_0158,PROD_0140,2024-01-18,60,29940,Online,Pending
SO_105147,CUST_0428,PROD_0178,2024-11-08,485,146955,Direct,Pending
SO_105148,CUST_0086,PROD_0116,2024-06-02,444,276612,Online,Pending
SO_105149,CUST_0157,PROD_0232,2024-09-10,387,386226,Online,Completed
SO_105150,CUST_0447,PROD_0138,2024-01-10,379,64809,Distributor,Pending
SO_105151,CUST_0182,PROD_0232,2024-06-17,10,7760,Online,Cancelled
SO_105152,CUST_0043,PROD_0013,2024-12-12,127,54864,Direct,Cancelled
SO_105153,CUST_0268,PROD_0238,2024-12-26,213,45156,Online,Cancelled
SO_105154,CUST_0093,PROD_0292,2024-02-27,142,23572,Direct,Cancelled
SO_105155,CUST_0088,PROD_0198,2024-01-04,223,199808,Distributor,Completed
SO_105156,CUST_0387,PROD_0217,2024-11-14,191,22347,Direct,Cancelled
SO_105157,CUST_0334,PROD_0167,2024-05-03,185,89910,Direct,Pending
SO_105158,CUST_0291,PROD_0067,2024-08-16,95,70680,Distributor,Pending
SO_105159,CUST_0059,PROD_0052,2024-10-29,70,60060,Direct,Pending
SO_105160,CUST_0223,PROD_0108,2024-05-18,354,333468,Online,Cancelled
SO_105161,CUST_0271,PROD_0226,2024-01-30,299,223951,Online,Pending
SO_105162,CUST_0165,PROD_0220,2024-04-30,476,233716,Direct,Cancelled
SO_105163,CUST_0467,PROD_0205,2024-07-03,269,176195,Online,Pending
SO_105164,CUST_0325,PROD_0004,2024-01-14,102,62220,Direct,Completed
SO_105165,CUST_0442,PROD_0095,2024-10-14,210,67200,Online,Pending
SO_105166,CUST_0030,PROD_0157,2024-09-09,47,29140,Online,Cancelled
SO_105167,CUST_0218,PROD_0205,2024-04-30,450,164250,Online,Pending
SO_105168,CUST_0300,PROD_0022,2024-04-07,241,190631,Distributor,Cancelled
SO_105169,CUST_0042,PROD_0155,2024-07-19,394,378240,Online,Completed
SO_105170,CUST_0026,PROD_0148,2024-01-19,156,141492,Online,Pending
SO_105171,CUST_0006,PROD_0289,2024-10-26,110,73040,Distributor,Completed
SO_105172,CUST_0414,PROD_0035,2024-01-29,153,72369,Direct,Pending
SO_105173,CUST_0199,PROD_0099,2024-05-01,440,268840,Online,Pending
SO_105174,CUST_0316,PROD_0132,2024-11-02,257,34695,Direct,Cancelled
SO_105175,CUST_0133,PROD_0002,2024-03-25,92,23368,Online,Cancelled
SO_105176,CUST_0032,PROD_0065,2024-05-22,225,81675,Distributor,Cancelled
SO_105177,CUST_0256,PROD_0009,2024-04-16,453,415854,Distributor,Cancelled
SO_105178,CUST_0328,PROD_0291,2024-12-02,475,327750,Distributor,Completed
SO_105179,CUST_0170,PROD_0172,2024-01-05,333,116550,Online,Pending
SO_105180,CUST_0014,PROD_0252,2024-08-09,418,260832,Direct,Cancelled
SO_105181,CUST_0086,PROD_0177,2024-06-27,493,61132,Direct,Cancelled
SO_105182,CUST_0075,PROD_0142,2024-04-17,491,54501,Online,Completed
SO_105183,CUST_0435,PROD_0023,2024-07-09,171,56430,Distributor,Completed
SO_105184,CUST_0326,PROD_0046,2024-01-07,217,190960,Direct,Cancelled
SO_105185,CUST_0300,PROD_0066,2024-01-31,373,194706,Online,Pending
SO_105186,CUST_0346,PROD_0259,2024-10-06,319,50721,Direct,Cancelled
SO_105187,CUST_0270,PROD_0260,2024-08-15,329,177989,Online,Pending
SO_105188,CUST_0010,PROD_0164,2024-04-29,319,163328,Direct,Cancelled
SO_105189,CUST_0249,PROD_0110,2024-02-07,107,75970,Online,Pending
SO_105190,CUST_0163,PROD_0090,2024-04-16,252,39060,Direct,Pending
SO_105191,CUST_0132,PROD_0077,2024-06-05,136,89352,Online,Cancelled
SO_105192,CUST_0161,PROD_0263,2024-01-04,243,199746,Online,Cancelled
SO_105193,CUST_0052,PROD_0057,2024-11-15,98,35868,Direct,Pending
SO_105194,CUST_0031,PROD_0212,2024-11-20,386,365156,Distributor,Completed
SO_105195,CUST_0090,PROD_0119,2024-07-03,424,94976,Direct,Completed
SO_105196,CUST_0167,PROD_0067,2024-08-16,156,69732,Online,Cancelled
SO_105197,CUST_0137,PROD_0058,2024-03-06,172,73788,Online,Pending
SO_105198,CUST_0070,PROD_0154,2024-03-21,420,346920,Distributor,Completed
SO_105199,CUST_0151,PROD_0030,2024-05-14,321,284406,Online,Pending
SO_105200,CUST_0019,PROD_0288,2024-04-17,267,80901,Direct,Completed
SO_105201,CUST_0185,PROD_0253,2024-05-01,351,221832,Direct,Pending
SO_105202,CUST_0247,PROD_0226,2024-07-02,365,219000,Distributor,Cancelled
SO_105203,CUST_0436,PROD_0088,2024-06-23,312,311064,Online,Cancelled
SO_105204,CUST_0405,PROD_0165,2024-12-07,36,18360,Direct,Pending
SO_105205,CUST_0426,PROD_0209,2024-05-25,171,170487,Direct,Pending
SO_105206,CUST_0439,PROD_0098,2024-12-07,487,283921,Online,Completed
SO_105207,CUST_0386,PROD_0125,2024-07-16,88,71368,Online,Pending
SO_105208,CUST_0111,PROD_0222,2024-05-30,276,30912,Distributor,Cancelled
SO_105209,CUST_0182,PROD_0218,2024-01-21,410,396060,Direct,Cancelled
SO_105210,CUST_0211,PROD_0049,2024-02-17,171,117135,Online,Cancelled
SO_105211,CUST_0353,PROD_0122,2024-12-01,169,40222,Distributor,Cancelled
SO_105212,CUST_0369,PROD_0214,2024-05-21,324,219672,Online,Cancelled
SO_105213,CUST_0465,PROD_0234,2024-04-19,430,284230,Distributor,Completed
SO_105214,CUST_0227,PROD_0090,2024-11-09,277,69527,Direct,Completed
SO_105215,CUST_0195,PROD_0093,2024-04-01,500,347000,Distributor,Completed
SO_105216,CUST_0277,PROD_0144,2024-09-14,331,145640,Online,Completed
SO_105217,CUST_0243,PROD_0143,2024-01-11,359,200681,Online,Pending
SO_105218,CUST_0391,PROD_0129,2024-02-15,52,18044,Direct,Pending
SO_105219,CUST_0125,PROD_0161,2024-11-25,312,93912,Direct,Completed
SO_105220,CUST_0475,PROD_0082,2024-10-10,142,38766,Distributor,Cancelled
SO_105221,CUST_0489,PROD_0200,2024-06-17,14,1960,Distributor,Cancelled
SO_105222,CUST_0354,PROD_0069,2024-06-07,256,160256,Direct,Cancelled
SO_105223,CUST_0411,PROD_0198,2024-07-07,143,127699,Distributor,Cancelled
SO_105224,CUST_0125,PROD_0215,2024-05-31,297,81378,Direct,Completed
SO_105225,CUST_0150,PROD_0260,2024-10-27,12,7608,Online,Completed
SO_105226,CUST_0187,PROD_0169,2024-03-25,124,85684,Distributor,Cancelled
SO_105227,CUST_0394,PROD_0090,2024-09-24,164,156784,Online,Cancelled
SO_105228,CUST_0343,PROD_0300,2024-11-16,284,274060,Distributor,Cancelled
SO_105229,CUST_0259,PROD_0148,2024-09-28,106,64130,Distributor,Completed
SO_105230,CUST_0405,PROD_0192,2024-11-11,314,192796,Online,Cancelled
SO_105231,CUST_0302,PROD_0169,2024-08-13,148,21164,Distributor,Pending
SO_105232,CUST_0251,PROD_0152,2024-05-25,163,57865,Online,Cancelled
SO_105233,CUST_0337,PROD_0283,2024-12-28,436,367984,Direct,Completed
SO_105234,CUST_0482,PROD_0039,2024-07-29,499,66866,Online,Cancelled
SO_105235,CUST_0248,PROD_0270,2024-03-20,330,143550,Distributor,Completed
SO_105236,CUST_0458,PROD_0268,2024-07-17,76,17176,Online,Cancelled
SO_105237,CUST_0497,PROD_0294,2024-08-09,264,171600,Direct,Pending
SO_105238,CUST_0012,PROD_0108,2024-10-25,15,5445,Online,Completed
SO_105239,CUST_0091,PROD_0092,2024-03-23,281,80928,Online,Completed
SO_105240,CUST_0199,PROD_0118,2024-01-03,247,196365,Direct,Completed
SO_105241,CUST_0345,PROD_0286,2024-06-20,152,55784,Distributor,Pending
SO_105242,CUST_0259,PROD_0202,2024-11-14,165,67650,Distributor,Pending
SO_105243,CUST_0255,PROD_0002,2024-10-29,379,358913,Online,Cancelled
SO_105244,CUST_0090,PROD_0156,2024-06-13,432,47520,Direct,Pending
SO_105245,CUST_0494,PROD_0177,2024-02-24,241,81217,Distributor,Pending
SO_105246,CUST_0202,PROD_0120,2024-08-16,403,122512,Direct,Pending
SO_105247,CUST_0208,PROD_0016,2024-06-30,325,112450,Distributor,Pending
SO_105248,CUST_0213,PROD_0258,2024-03-04,165,127215,Online,Completed
SO_105249,CUST_0455,PROD_0105,2024-05-07,457,429123,Direct,Cancelled
SO_105250,CUST_0282,PROD_0098,2024-01-14,101,31007,Distributor,Cancelled
SO_105251,CUST_0287,PROD_0278,2024-12-04,21,17010,Distributor,Pending
SO_105252,CUST_0172,PROD_0158,2024-11-09,385,354585,Direct,Cancelled
SO_105253,CUST_0466,PROD_0194,2024-05-26,317,51671,Direct,Completed
SO_105254,CUST_0479,PROD_0053,2024-05-27,166,41002,Distributor,Cancelled
SO_105255,CUST_0180,PROD_0218,2024-11-07,61,20984,Distributor,Pending
SO_105256,CUST_0122,PROD_0131,2024-12-11,390,86580,Distributor,Pending
SO_105257,CUST_0451,PROD_0189,2024-06-29,232,79576,Online,Completed
SO_105258,CUST_0049,PROD_0071,2024-05-14,69,38157,Online,Completed
SO_105259,CUST_0064,PROD_0198,2024-05-24,58,50460,Direct,Completed
SO_105260,CUST_0105,PROD_0014,2024-07-28,193,184894,Direct,Completed
SO_105261,CUST_0316,PROD_0120,2024-10-16,198,78012,Distributor,Completed
SO_105262,CUST_0449,PROD_0098,2024-06-03,458,76028,Direct,Pending
SO_105263,CUST_0175,PROD_0124,2024-03-21,139,114119,Online,Cancelled
SO_105264,CUST_0173,PROD_0103,2024-10-06,166,55112,Direct,Cancelled
SO_105265,CUST_0378,PROD_0188,2024-03-16,486,399492,Distributor,Cancelled
SO_105266,CUST_0023,PROD_0024,2024-08-02,119,24990,Online,Completed
SO_105267,CUST_0018,PROD_0250,2024-07-10,353,198739,Distributor,Pending
SO_105268,CUST_0178,PROD_0221,2024-05-08,288,274752,Direct,Cancelled
SO_105269,CUST_0197,PROD_0272,2024-06-04,301,219730,Direct,Completed
SO_105270,CUST_0176,PROD_0193,2024-03-29,319,244992,Online,Completed
SO_105271,CUST_0030,PROD_0175,2024-10-05,320,144320,Online,Completed
SO_105272,CUST_0381,PROD_0093,2024-07-28,245,179340,Direct,Pending
SO_105273,CUST_0040,PROD_0091,2024-08-16,468,387504,Direct,Completed
SO_105274,CUST_0357,PROD_0129,2024-12-14,81,66582,Online,Pending
SO_105275,CUST_0471,PROD_0018,2024-09-28,300,279600,Direct,Completed
SO_105276,CUST_0161,PROD_0244,2024-10-25,62,10726,Online,Completed
SO_105277,CUST_0096,PROD_0044,2024-07-12,57,23598,Distributor,Pending
SO_105278,CUST_0423,PROD_0149,2024-10-04,405,169695,Online,Pending
SO_105279,CUST_0244,PROD_0239,2024-04-11,308,198044,Distributor,Cancelled
SO_105280,CUST_0172,PROD_0163,2024-08-26,366,121512,Direct,Cancelled
SO_105281,CUST_0424,PROD_0215,2024-12-12,441,339129,Online,Cancelled
SO_105282,CUST_0499,PROD_0259,2024-01-11,326,179300,Distributor,Pending
SO_105283,CUST_0207,PROD_0217,2024-07-27,249,70716,Direct,Pending
SO_105284,CUST_0139,PROD_0191,2024-08-13,71,58646,Direct,Completed
SO_105285,CUST_0234,PROD_0121,2024-02-21,467,233500,Direct,Completed
SO_105286,CUST_0197,PROD_0058,2024-01-03,412,269036,Online,Completed
SO_105287,CUST_0164,PROD_0016,2024-04-01,41,30135,Direct,Pending
SO_105288,CUST_0452,PROD_0196,2024-10-04,350,307650,Direct,Cancelled
SO_105289,CUST_0283,PROD_0194,2024-06-23,351,350298,Distributor,Cancelled
SO_105290,CUST_0306,PROD_0017,2024-07-01,338,113230,Distributor,Pending
SO_105291,CUST_0006,PROD_0081,2024-08-12,194,86718,Online,Completed
SO_105292,CUST_0470,PROD_0015,2024-03-25,421,346062,Distributor,Cancelled
SO_105293,CUST_0380,PROD_0230,2024-11-18,83,14608,Online,Completed
SO_105294,CUST_0031,PROD_0113,2024-07-22,64,29056,Online,Pending
SO_105295,CUST_0239,PROD_0232,2024-01-18,310,226610,Online,Completed
SO_105296,CUST_0321,PROD_0146,2024-01-18,434,181846,Online,Pending
SO_105297,CUST_0009,PROD_0118,2024-01-31,441,191835,Distributor,Completed
SO_105298,CUST_0427,PROD_0182,2024-04-29,17,16150,Direct,Pending
SO_105299,CUST_0179,PROD_0174,2024-03-29,138,56718,Direct,Completed
SO_105300,CUST_0011,PROD_0188,2024-06-09,291,251424,Direct,Completed
SO_105301,CUST_0298,PROD_0040,2024-05-21,428,391192,Online,Cancelled
SO_105302,CUST_0359,PROD_0074,2024-03-01,217,29078,Online,Pending
SO_105303,CUST_0025,PROD_0242,2024-01-29,261,117450,Direct,Cancelled
SO_105304,CUST_0286,PROD_0202,2024-01-24,28,25872,Online,Cancelled
SO_105305,CUST_0447,PROD_0030,2024-11-21,26,6474,Distributor,Completed
SO_105306,CUST_0468,PROD_0160,2024-11-06,20,18660,Distributor,Cancelled
SO_105307,CUST_0315,PROD_0235,2024-05-21,401,219347,Distributor,Cancelled
SO_105308,CUST_0188,PROD_0138,2024-12-19,76,35188,Online,Completed
SO_105309,CUST_0366,PROD_0063,2024-03-24,111,68154,Online,Pending
SO_105310,CUST_0002,PROD_0140,2024-03-11,270,124200,Direct,Completed
SO_105311,CUST_0349,PROD_0189,2024-08-13,255,126735,Direct,Completed
SO_105312,CUST_0233,PROD_0215,2024-05-03,205,63345,Direct,Cancelled
SO_105313,CUST_0211,PROD_0288,2024-01-09,193,187017,Online,Pending
SO_105314,CUST_0255,PROD_0213,2024-09-20,246,115866,Distributor,Pending
SO_105315,CUST_0026,PROD_0068,2024-03-28,253,178618,Direct,Pending
SO_105316,CUST_0250,PROD_0085,2024-12-19,320,179200,Distributor,Pending
SO_105317,CUST_0442,PROD_0283,2024-04-02,80,46400,Online,Pending
SO_105318,CUST_0286,PROD_0101,2024-07-18,346,148434,Online,Completed
SO_105319,CUST_0130,PROD_0190,2024-04-09,81,28674,Online,Completed
SO_105320,CUST_0176,PROD_0155,2024-09-29,187,146421,Distributor,Pending
SO_105321,CUST_0194,PROD_0076,2024-08-04,99,93555,Online,Pending
SO_105322,CUST_0254,PROD_0212,2024-02-20,362,223354,Online,Cancelled
SO_105323,CUST_0234,PROD_0230,2024-04-16,325,63700,Online,Pending
SO_105324,CUST_0375,PROD_0180,2024-09-26,430,396460,Direct,Pending
SO_105325,CUST_0285,PROD_0171,2024-12-28,387,208206,Distributor,Completed
SO_105326,CUST_0062,PROD_0246,2024-08-20,197,109926,Direct,Completed
SO_105327,CUST_0346,PROD_0085,2024-06-01,438,66138,Online,Pending
SO_105328,CUST_0135,PROD_0020,2024-02-08,349,264193,Distributor,Completed
SO_105329,CUST_0144,PROD_0204,2024-09-29,498,488040,Online,Cancelled
SO_105330,CUST_0095,PROD_0113,2024-05-12,292,122932,Distributor,Pending
SO_105331,CUST_0146,PROD_0173,2024-02-22,51,46512,Online,Cancelled
SO_105332,CUST_0392,PROD_0192,2024-04-26,483,126063,Online,Cancelled
SO_105333,CUST_0065,PROD_0272,2024-08-04,472,326624,Direct,Pending
SO_105334,CUST_0232,PROD_0048,2024-03-23,438,279882,Distributor,Cancelled
SO_105335,CUST_0458,PROD_0238,2024-06-26,370,212010,Direct,Cancelled
SO_105336,CUST_0291,PROD_0209,2024-11-03,346,97572,Distributor,Completed
SO_105337,CUST_0027,PROD_0300,2024-12-14,298,229758,Direct,Completed
SO_105338,CUST_0124,PROD_0031,2024-09-23,415,328265,Distributor,Completed
SO_105339,CUST_0248,PROD_0040,2024-12-17,400,365200,Direct,Pending
SO_105340,CUST_0425,PROD_0065,2024-09-09,23,13708,Online,Cancelled
SO_105341,CUST_0345,PROD_0002,2024-07-06,133,129808,Distributor,Pending
SO_105342,CUST_0186,PROD_0276,2024-02-26,353,336762,Distributor,Cancelled
SO_105343,CUST_0324,PROD_0012,2024-06-25,246,191880,Direct,Pending
SO_105344,CUST_0023,PROD_0116,2024-12-21,112,31584,Direct,Pending
SO_105345,CUST_0420,PROD_0286,2024-04-10,182,101374,Direct,Completed
SO_105346,CUST_0003,PROD_0022,2024-12-20,481,445887,Distributor,Cancelled
SO_105347,CUST_0472,PROD_0140,2024-02-04,390,175890,Online,Pending
SO_105348,CUST_0418,PROD_0277,2024-07-06,172,116444,Online,Completed
SO_105349,CUST_0341,PROD_0215,2024-11-16,266,35112,Distributor,Completed
SO_105350,CUST_0358,PROD_0179,2024-10-12,331,113533,Direct,Pending
SO_105351,CUST_0040,PROD_0101,2024-08-14,271,38482,Direct,Pending
SO_105352,CUST_0494,PROD_0070,2024-12-02,415,95450,Online,Cancelled
SO_105353,CUST_0049,PROD_0182,2024-10-11,436,267268,Direct,Cancelled
SO_105354,CUST_0265,PROD_0001,2024-09-04,300,201300,Online,Pending
SO_105355,CUST_0018,PROD_0293,2024-01-26,403,207142,Distributor,Pending
SO_105356,CUST_0259,PROD_0296,2024-07-05,181,139913,Distributor,Completed
SO_105357,CUST_0392,PROD_0125,2024-11-09,101,67064,Distributor,Cancelled
SO_105358,CUST_0355,PROD_0209,2024-04-18,313,179349,Distributor,Pending
SO_105359,CUST_0411,PROD_0050,2024-03-28,237,223491,Online,Cancelled
SO_105360,CUST_0443,PROD_0104,2024-02-24,174,115536,Distributor,Cancelled
SO_105361,CUST_0285,PROD_0152,2024-07-12,326,110514,Online,Cancelled
SO_105362,CUST_0097,PROD_0254,2024-12-18,181,178104,Distributor,Pending
SO_105363,CUST_0244,PROD_0086,2024-07-03,476,422212,Direct,Cancelled
SO_105364,CUST_0067,PROD_0029,2024-06-03,58,24940,Direct,Cancelled
SO_105365,CUST_0256,PROD_0184,2024-04-30,386,290272,Direct,Cancelled
SO_105366,CUST_0070,PROD_0232,2024-09-28,355,283290,Distributor,Pending
SO_105367,CUST_0167,PROD_0173,2024-05-30,446,249760,Distributor,Completed
SO_105368,CUST_0080,PROD_0191,2024-01-26,17,10642,Online,Cancelled
SO_105369,CUST_0470,PROD_0089,2024-08-22,59,37524,Distributor,Cancelled
SO_105370,CUST_0142,PROD_0148,2024-07-01,217,142135,Online,Completed
SO_105371,CUST_0268,PROD_0265,2024-12-26,106,71232,Online,Completed
SO_105372,CUST_0310,PROD_0238,2024-08-27,171,106191,Direct,Completed
SO_105373,CUST_0054,PROD_0285,2024-12-04,60,23940,Online,Pending
SO_105374,CUST_0215,PROD_0182,2024-12-29,444,68376,Direct,Cancelled
SO_105375,CUST_0175,PROD_0022,2024-03-07,466,250242,Distributor,Pending
SO_105376,CUST_0382,PROD_0065,2024-01-15,383,40981,Direct,Pending
SO_105377,CUST_0331,PROD_0251,2024-05-19,186,116250,Direct,Cancelled
SO_105378,CUST_0264,PROD_0101,2024-03-15,160,96640,Distributor,Pending
SO_105379,CUST_0172,PROD_0177,2024-10-14,465,106020,Online,Cancelled
SO_105380,CUST_0465,PROD_0276,2024-11-28,233,90404,Online,Pending
SO_105381,CUST_0072,PROD_0206,2024-08-13,265,161120,Online,Cancelled
SO_105382,CUST_0365,PROD_0300,2024-08-26,163,74817,Distributor,Pending
SO_105383,CUST_0461,PROD_0183,2024-03-26,220,67980,Direct,Completed
SO_105384,CUST_0410,PROD_0298,2024-08-05,32,27456,Online,Cancelled
SO_105385,CUST_0252,PROD_0237,2024-12-01,36,27216,Distributor,Completed
SO_105386,CUST_0156,PROD_0131,2024-07-23,340,164900,Distributor,Cancelled
SO_105387,CUST_0107,PROD_0295,2024-12-11,443,418635,Distributor,Completed
SO_105388,CUST_0457,PROD_0230,2024-07-18,76,45828,Distributor,Cancelled
SO_105389,CUST_0167,PROD_0135,2024-08-29,307,291343,Direct,Completed
SO_105390,CUST_0201,PROD_0133,2024-11-10,190,21090,Distributor,Completed
SO_105391,CUST_0478,PROD_0153,2024-11-22,19,17727,Direct,Cancelled
SO_105392,CUST_0402,PROD_0165,2024-09-06,161,153916,Direct,Pending
SO_105393,CUST_0026,PROD_0229,2024-03-11,396,145728,Online,Cancelled
SO_105394,CUST_0112,PROD_0144,2024-01-18,192,191616,Online,Pending
SO_105395,CUST_0458,PROD_0088,2024-04-18,182,111930,Distributor,Completed
SO_105396,CUST_0155,PROD_0223,2024-08-31,408,348024,Direct,Completed
SO_105397,CUST_0009,PROD_0198,2024-04-27,165,99330,Distributor,Completed
SO_105398,CUST_0159,PROD_0210,2024-10-10,23,14237,Direct,Cancelled
SO_105399,CUST_0228,PROD_0131,2024-06-16,410,182040,Online,Cancelled
SO_105400,CUST_0284,PROD_0138,2024-02-19,392,226576,Online,Completed
SO_105401,CUST_0217,PROD_0100,2024-10-24,263,252743,Online,Pending
SO_105402,CUST_0201,PROD_0266,2024-08-03,147,58506,Online,Completed
SO_105403,CUST_0160,PROD_0164,2024-09-23,291,231345,Distributor,Pending
SO_105404,CUST_0415,PROD_0187,2024-04-09,428,155792,Online,Pending
SO_105405,CUST_0422,PROD_0248,2024-01-23,159,134196,Distributor,Completed
SO_105406,CUST_0137,PROD_0195,2024-01-07,362,330506,Online,Pending
SO_105407,CUST_0199,PROD_0259,2024-10-18,16,6608,Online,Pending
SO_105408,CUST_0447,PROD_0002,2024-05-11,173,129750,Distributor,Cancelled
SO_105409,CUST_0166,PROD_0007,2024-02-12,494,143754,Online,Cancelled
SO_105410,CUST_0326,PROD_0010,2024-10-02,244,203496,Online,Pending
SO_105411,CUST_0267,PROD_0287,2024-12-07,174,148944,Distributor,Completed
SO_105412,CUST_0280,PROD_0010,2024-04-05,178,88110,Distributor,Cancelled
SO_105413,CUST_0113,PROD_0160,2024-07-06,188,35344,Online,Cancelled
SO_105414,CUST_0369,PROD_0064,2024-04-30,327,100389,Online,Cancelled
SO_105415,CUST_0294,PROD_0282,2024-05-11,271,52845,Direct,Cancelled
SO_105416,CUST_0337,PROD_0129,2024-08-26,244,152500,Direct,Completed
SO_105417,CUST_0168,PROD_0165,2024-07-06,305,263520,Online,Cancelled
SO_105418,CUST_0173,PROD_0029,2024-06-20,94,42582,Distributor,Pending
SO_105419,CUST_0419,PROD_0091,2024-06-03,354,263730,Distributor,Completed
SO_105420,CUST_0479,PROD_0171,2024-04-13,221,78676,Online,Cancelled
SO_105421,CUST_0158,PROD_0012,2024-07-11,264,135696,Distributor,Pending
SO_105422,CUST_0062,PROD_0245,2024-01-18,270,178740,Distributor,Pending
SO_105423,CUST_0277,PROD_0227,2024-02-15,118,115876,Direct,Cancelled
SO_105424,CUST_0073,PROD_0097,2024-03-26,359,227247,Distributor,Pending
SO_105425,CUST_0336,PROD_0269,2024-11-05,314,169246,Distributor,Pending
SO_105426,CUST_0018,PROD_0022,2024-09-22,412,192816,Direct,Cancelled
SO_105427,CUST_0415,PROD_0027,2024-10-21,153,112914,Direct,Pending
SO_105428,CUST_0387,PROD_0008,2024-01-10,25,3025,Direct,Pending
SO_105429,CUST_0215,PROD_0188,2024-07-30,266,219184,Online,Cancelled
SO_105430,CUST_0229,PROD_0180,2024-04-02,200,138200,Online,Completed
SO_105431,CUST_0095,PROD_0065,2024-11-03,284,240832,Distributor,Cancelled
SO_105432,CUST_0248,PROD_0240,2024-04-15,100,91400,Online,Completed
SO_105433,CUST_0416,PROD_0078,2024-06-20,248,70928,Direct,Cancelled
SO_105434,CUST_0318,PROD_0056,2024-05-19,59,17346,Online,Pending
SO_105435,CUST_0156,PROD_0066,2024-07-09,162,53946,Direct,Cancelled
SO_105436,CUST_0415,PROD_0018,2024-01-15,283,221306,Online,Cancelled
SO_105437,CUST_0102,PROD_0134,2024-03-04,287,138047,Distributor,Completed
SO_105438,CUST_0240,PROD_0132,2024-05-02,348,79692,Distributor,Completed
SO_105439,CUST_0270,PROD_0097,2024-12-12,108,71496,Online,Cancelled
SO_105440,CUST_0366,PROD_0084,2024-10-24,131,49387,Direct,Cancelled
SO_105441,CUST_0035,PROD_0198,2024-09-16,225,193050,Online,Completed
SO_105442,CUST_0020,PROD_0010,2024-08-02,447,50064,Direct,Pending
SO_105443,CUST_0180,PROD_0153,2024-01-23,359,53491,Direct,Pending
SO_105444,CUST_0342,PROD_0198,2024-07-25,247,60762,Distributor,Cancelled
SO_105445,CUST_0402,PROD_0259,2024-09-11,361,269306,Online,Pending
SO_105446,CUST_0010,PROD_0168,2024-09-27,340,141780,Online,Completed
SO_105447,CUST_0406,PROD_0148,2024-12-28,143,37037,Distributor,Cancelled
SO_105448,CUST_0453,PROD_0020,2024-04-05,286,229944,Distributor,Completed
SO_105449,CUST_0370,PROD_0267,2024-05-13,242,206184,Online,Pending
SO_105450,CUST_0144,PROD_0009,2024-08-07,369,268263,Distributor,Pending
SO_105451,CUST_0040,PROD_0035,2024-03-29,430,321640,Direct,Cancelled
SO_105452,CUST_0317,PROD_0224,2024-07-04,401,360900,Distributor,Pending
SO_105453,CUST_0019,PROD_0013,2024-04-09,128,58496,Distributor,Cancelled
SO_105454,CUST_0486,PROD_0061,2024-05-11,242,218768,Distributor,Pending
SO_105455,CUST_0176,PROD_0044,2024-03-02,407,147741,Online,Cancelled
SO_105456,CUST_0441,PROD_0080,2024-05-24,75,25725,Direct,Completed
SO_105457,CUST_0292,PROD_0287,2024-09-07,440,302280,Direct,Completed
SO_105458,CUST_0387,PROD_0060,2024-01-23,79,59803,Online,Cancelled
SO_105459,CUST_0385,PROD_0102,2024-07-01,175,83125,Distributor,Cancelled
SO_105460,CUST_0486,PROD_0290,2024-02-02,442,341666,Distributor,Completed
SO_105461,CUST_0278,PROD_0244,2024-02-04,207,130824,Online,Completed
SO_105462,CUST_0411,PROD_0115,2024-10-28,29,26651,Distributor,Cancelled
SO_105463,CUST_0304,PROD_0285,2024-05-06,412,244728,Online,Cancelled
SO_105464,CUST_0420,PROD_0221,2024-09-14,319,233189,Distributor,Completed
SO_105465,CUST_0147,PROD_0022,2024-04-27,178,154860,Online,Cancelled
SO_105466,CUST_0250,PROD_0248,2024-06-12,20,2580,Distributor,Pending
SO_105467,CUST_0070,PROD_0021,2024-07-31,471,346656,Online,Pending
SO_105468,CUST_0435,PROD_0070,2024-12-26,465,453840,Online,Pending
SO_105469,CUST_0035,PROD_0041,2024-06-20,155,138260,Direct,Completed
SO_105470,CUST_0488,PROD_0103,2024-05-11,54,51084,Distributor,Cancelled
SO_105471,CUST_0286,PROD_0256,2024-03-21,134,126362,Online,Pending
SO_105472,CUST_0108,PROD_0080,2024-03-05,474,289614,Online,Cancelled
SO_105473,CUST_0492,PROD_0217,2024-02-22,102,91392,Online,Completed
SO_105474,CUST_0464,PROD_0281,2024-04-08,307,188191,Distributor,Completed
SO_105475,CUST_0185,PROD_0300,2024-01-14,23,2990,Online,Completed
SO_105476,CUST_0407,PROD_0259,2024-07-14,265,248040,Direct,Cancelled
SO_105477,CUST_0262,PROD_0206,2024-12-23,140,80220,Direct,Cancelled
SO_105478,CUST_0019,PROD_0100,2024-03-15,138,36156,Online,Cancelled
SO_105479,CUST_0412,PROD_0278,2024-01-05,253,94622,Direct,Completed
SO_105480,CUST_0014,PROD_0276,2024-06-18,293,51568,Direct,Cancelled
SO_105481,CUST_0132,PROD_0258,2024-10-04,81,57348,Direct,Completed
SO_105482,CUST_0124,PROD_0178,2024-02-04,140,112280,Online,Cancelled
SO_105483,CUST_0381,PROD_0136,2024-11-16,130,30680,Direct,Cancelled
SO_105484,CUST_0405,PROD_0226,2024-04-11,179,47256,Distributor,Completed
SO_105485,CUST_0490,PROD_0102,2024-05-22,254,66548,Online,Pending
SO_105486,CUST_0486,PROD_0167,2024-07-27,385,255255,Direct,Pending
SO_105487,CUST_0461,PROD_0152,2024-09-24,397,146493,Direct,Cancelled
SO_105488,CUST_0430,PROD_0300,2024-02-17,215,35260,Distributor,Cancelled
SO_105489,CUST_0091,PROD_0210,2024-09-25,35,7070,Direct,Completed
SO_105490,CUST_0107,PROD_0206,2024-12-14,325,310050,Online,Pending
SO_105491,CUST_0255,PROD_0026,2024-03-01,313,304549,Distributor,Pending
SO_105492,CUST_0045,PROD_0172,2024-07-25,177,145140,Online,Pending
SO_105493,CUST_0438,PROD_0295,2024-07-03,93,87048,Distributor,Cancelled
SO_105494,CUST_0088,PROD_0177,2024-06-26,472,430464,Direct,Cancelled
SO_105495,CUST_0230,PROD_0104,2024-05-07,337,143225,Distributor,Pending
SO_105496,CUST_0259,PROD_0048,2024-07-24,51,11475,Distributor,Pending
SO_105497,CUST_0289,PROD_0081,2024-11-16,174,30798,Direct,Pending
SO_105498,CUST_0110,PROD_0128,2024-07-01,238,59976,Online,Completed
SO_105499,CUST_0140,PROD_0096,2024-09-30,318,115752,Online,Completed
SO_105500,CUST_0391,PROD_0137,2024-05-01,174,68382,Direct,Cancelled
SO_105501,CUST_0122,PROD_0266,2024-04-15,82,36408,Online,Completed
SO_105502,CUST_0307,PROD_0240,2024-06-17,162,32724,Online,Cancelled
SO_105503,CUST_0209,PROD_0091,2024-02-21,359,101956,Online,Pending
SO_105504,CUST_0243,PROD_0144,2024-07-07,494,119054,Online,Cancelled
SO_105505,CUST_0282,PROD_0172,2024-10-18,335,162140,Distributor,Completed
SO_105506,CUST_0355,PROD_0136,2024-12-13,434,309442,Distributor,Completed
SO_105507,CUST_0074,PROD_0030,2024-10-21,37,25419,Direct,Completed
SO_105508,CUST_0440,PROD_0274,2024-11-04,208,125632,Distributor,Completed
SO_105509,CUST_0486,PROD_0172,2024-09-15,494,297882,Online,Pending
SO_105510,CUST_0007,PROD_0252,2024-12-14,157,137846,Online,Completed
SO_105511,CUST_0386,PROD_0134,2024-07-09,370,155770,Online,Completed
SO_105512,CUST_0389,PROD_0279,2024-07-29,31,23777,Distributor,Cancelled
SO_105513,CUST_0456,PROD_0225,2024-03-09,298,285782,Online,Cancelled
SO_105514,CUST_0490,PROD_0158,2024-02-24,351,70200,Distributor,Cancelled
SO_105515,CUST_0026,PROD_0166,2024-08-13,250,211500,Distributor,Completed
SO_105516,CUST_0160,PROD_0034,2024-07-24,340,299880,Direct,Completed
SO_105517,CUST_0110,PROD_0016,2024-11-21,382,59210,Distributor,Pending
SO_105518,CUST_0380,PROD_0127,2024-01-17,248,143840,Online,Cancelled
SO_105519,CUST_0030,PROD_0172,2024-11-08,110,59070,Distributor,Cancelled
SO_105520,CUST_0314,PROD_0001,2024-05-01,20,10540,Direct,Cancelled
SO_105521,CUST_0158,PROD_0176,2024-05-16,424,80984,Direct,Completed
SO_105522,CUST_0161,PROD_0054,2024-03-05,498,230076,Distributor,Completed
SO_105523,CUST_0222,PROD_0009,2024-02-08,195,97500,Direct,Completed
SO_105524,CUST_0274,PROD_0294,2024-10-16,232,83520,Online,Completed
SO_105525,CUST_0215,PROD_0195,2024-06-22,63,59535,Online,Cancelled
SO_105526,CUST_0474,PROD_0096,2024-06-30,150,45600,Online,Cancelled
SO_105527,CUST_0496,PROD_0225,2024-07-20,143,59059,Online,Completed
SO_105528,CUST_0326,PROD_0286,2024-03-29,175,103075,Direct,Pending
SO_105529,CUST_0371,PROD_0255,2024-07-24,113,32770,Distributor,Cancelled
SO_105530,CUST_0479,PROD_0131,2024-01-06,219,33069,Direct,Pending
SO_105531,CUST_0153,PROD_0227,2024-11-04,290,176320,Online,Completed
SO_105532,CUST_0238,PROD_0028,2024-01-07,347,37129,Direct,Completed
SO_105533,CUST_0137,PROD_0117,2024-02-18,146,34894,Distributor,Completed
SO_105534,CUST_0480,PROD_0008,2024-01-25,395,382360,Online,Cancelled
SO_105535,CUST_0495,PROD_0274,2024-11-11,359,197809,Distributor,Completed
SO_105536,CUST_0450,PROD_0293,2024-07-01,58,44196,Online,Completed
SO_105537,CUST_0111,PROD_0151,2024-06-15,228,135660,Distributor,Completed
SO_105538,CUST_0070,PROD_0157,2024-07-16,408,198288,Direct,Cancelled
SO_105539,CUST_0192,PROD_0211,2024-03-05,191,165979,Direct,Completed
SO_105540,CUST_0217,PROD_0231,2024-11-01,383,224438,Online,Cancelled
SO_105541,CUST_0274,PROD_0187,2024-10-15,323,134045,Direct,Pending
SO_105542,CUST_0106,PROD_0117,2024-07-27,48,38064,Direct,Cancelled
SO_105543,CUST_0144,PROD_0175,2024-04-25,361,358112,Direct,Cancelled
SO_105544,CUST_0171,PROD_0191,2024-09-02,404,317948,Direct,Pending
SO_105545,CUST_0176,PROD_0195,2024-12-27,277,271183,Direct,Pending
SO_105546,CUST_0060,PROD_0159,2024-11-25,466,85278,Direct,Cancelled
SO_105547,CUST_0434,PROD_0159,2024-05-27,492,254856,Distributor,Cancelled
SO_105548,CUST_0056,PROD_0148,2024-07-30,103,71070,Direct,Pending
SO_105549,CUST_0271,PROD_0289,2024-09-14,498,286848,Online,Cancelled
SO_105550,CUST_0473,PROD_0112,2024-11-25,272,206448,Distributor,Cancelled
SO_105551,CUST_0270,PROD_0044,2024-08-13,265,50350,Online,Pending
SO_105552,CUST_0039,PROD_0262,2024-11-07,352,179872,Online,Completed
SO_105553,CUST_0175,PROD_0143,2024-06-13,319,49126,Distributor,Pending
SO_105554,CUST_0205,PROD_0266,2024-05-18,171,28386,Online,Cancelled
SO_105555,CUST_0329,PROD_0128,2024-06-30,57,31407,Online,Completed
SO_105556,CUST_0341,PROD_0068,2024-02-23,235,24910,Online,Cancelled
SO_105557,CUST_0157,PROD_0135,2024-04-16,421,357429,Online,Completed
SO_105558,CUST_0075,PROD_0112,2024-07-28,293,89658,Online,Completed
SO_105559,CUST_0249,PROD_0104,2024-02-14,182,177996,Distributor,Cancelled
SO_105560,CUST_0397,PROD_0185,2024-02-27,296,100640,Online,Completed
SO_105561,CUST_0233,PROD_0248,2024-04-15,371,231133,Direct,Pending
SO_105562,CUST_0088,PROD_0242,2024-08-31,323,178296,Direct,Completed
SO_105563,CUST_0131,PROD_0079,2024-09-27,363,55176,Distributor,Cancelled
SO_105564,CUST_0096,PROD_0045,2024-04-29,299,61893,Distributor,Pending
SO_105565,CUST_0369,PROD_0135,2024-10-01,12,2472,Distributor,Completed
SO_105566,CUST_0220,PROD_0072,2024-04-15,96,76224,Distributor,Cancelled
SO_105567,CUST_0015,PROD_0141,2024-04-24,13,2223,Online,Pending
SO_105568,CUST_0174,PROD_0058,2024-10-02,328,238784,Distributor,Completed
SO_105569,CUST_0279,PROD_0282,2024-09-21,117,71955,Direct,Completed
SO_105570,CUST_0009,PROD_0144,2024-03-27,27,18387,Distributor,Completed
SO_105571,CUST_0382,PROD_0221,2024-08-24,415,236550,Distributor,Cancelled
SO_105572,CUST_0060,PROD_0034,2024-03-29,112,107856,Distributor,Cancelled
SO_105573,CUST_0224,PROD_0204,2024-01-22,90,17550,Distributor,Pending
SO_105574,CUST_0255,PROD_0004,2024-04-05,286,284856,Online,Pending
SO_105575,CUST_0188,PROD_0078,2024-11-07,326,219724,Online,Pending
SO_105576,CUST_0007,PROD_0293,2024-11-19,241,93749,Distributor,Cancelled
SO_105577,CUST_0138,PROD_0246,2024-03-25,73,17520,Distributor,Completed
SO_105578,CUST_0063,PROD_0007,2024-07-07,441,248724,Distributor,Completed
SO_105579,CUST_0304,PROD_0029,2024-12-26,483,350658,Online,Cancelled
SO_105580,CUST_0391,PROD_0232,2024-09-22,412,352672,Distributor,Pending
SO_105581,CUST_0391,PROD_0034,2024-06-28,80,60800,Direct,Completed
SO_105582,CUST_0216,PROD_0100,2024-11-24,71,32305,Online,Cancelled
SO_105583,CUST_0382,PROD_0026,2024-11-12,152,48336,Online,Pending
SO_105584,CUST_0349,PROD_0163,2024-05-06,419,315926,Direct,Cancelled
SO_105585,CUST_0353,PROD_0063,2024-02-03,363,140118,Distributor,Completed
SO_105586,CUST_0472,PROD_0102,2024-09-03,200,141600,Distributor,Completed
SO_105587,CUST_0327,PROD_0129,2024-06-18,497,66598,Online,Pending
SO_105588,CUST_0396,PROD_0025,2024-10-15,38,10412,Online,Pending
SO_105589,CUST_0135,PROD_0125,2024-03-01,149,108919,Direct,Cancelled
SO_105590,CUST_0227,PROD_0042,2024-04-30,297,285417,Distributor,Pending
SO_105591,CUST_0386,PROD_0074,2024-10-16,277,150965,Direct,Pending
SO_105592,CUST_0435,PROD_0169,2024-01-17,496,214768,Online,Cancelled
SO_105593,CUST_0012,PROD_0037,2024-01-15,256,27904,Distributor,Completed
SO_105594,CUST_0240,PROD_0224,2024-07-09,92,90344,Direct,Cancelled
SO_105595,CUST_0438,PROD_0241,2024-11-15,77,39039,Direct,Completed
SO_105596,CUST_0054,PROD_0246,2024-12-24,330,215160,Online,Cancelled
SO_105597,CUST_0321,PROD_0045,2024-10-28,24,13992,Online,Completed
SO_105598,CUST_0332,PROD_0237,2024-01-24,367,175793,Direct,Cancelled
SO_105599,CUST_0303,PROD_0071,2024-03-29,23,7567,Distributor,Cancelled
SO_105600,CUST_0190,PROD_0254,2024-02-04,171,82080,Direct,Completed
SO_105601,CUST_0058,PROD_0232,2024-11-07,100,28500,Online,Cancelled
SO_105602,CUST_0190,PROD_0047,2024-02-25,55,18920,Online,Pending
SO_105603,CUST_0360,PROD_0171,2024-12-04,24,6984,Online,Pending
SO_105604,CUST_0448,PROD_0161,2024-05-14,269,45192,Direct,Cancelled
SO_105605,CUST_0083,PROD_0036,2024-03-19,379,146294,Direct,Completed
SO_105606,CUST_0316,PROD_0298,2024-09-18,363,350295,Online,Pending
SO_105607,CUST_0468,PROD_0062,2024-01-02,36,27648,Direct,Pending
SO_105608,CUST_0316,PROD_0097,2024-05-16,223,58649,Direct,Cancelled
SO_105609,CUST_0273,PROD_0240,2024-03-16,350,120400,Online,Cancelled
SO_105610,CUST_0034,PROD_0108,2024-04-05,331,215481,Direct,Cancelled
SO_105611,CUST_0163,PROD_0248,2024-10-25,104,29536,Direct,Completed
SO_105612,CUST_0037,PROD_0204,2024-04-16,378,124362,Distributor,Pending
SO_105613,CUST_0431,PROD_0220,2024-12-10,61,8479,Online,Pending
SO_105614,CUST_0053,PROD_0012,2024-07-26,209,58729,Online,Cancelled
SO_105615,CUST_0255,PROD_0103,2024-09-27,416,245024,Distributor,Pending
SO_105616,CUST_0251,PROD_0192,2024-09-21,313,260729,Distributor,Pending
SO_105617,CUST_0266,PROD_0190,2024-08-15,324,265356,Online,Pending
SO_105618,CUST_0009,PROD_0161,2024-09-04,447,273117,Direct,Cancelled
SO_105619,CUST_0228,PROD_0187,2024-09-21,51,48960,Direct,Completed
SO_105620,CUST_0253,PROD_0222,2024-02-03,232,33176,Online,Cancelled
SO_105621,CUST_0343,PROD_0108,2024-06-04,40,15640,Direct,Pending
SO_105622,CUST_0204,PROD_0148,2024-09-28,50,5000,Online,Cancelled
SO_105623,CUST_0341,PROD_0023,2024-06-01,201,144318,Distributor,Cancelled
SO_105624,CUST_0379,PROD_0126,2024-04-25,183,25071,Distributor,Cancelled
SO_105625,CUST_0437,PROD_0242,2024-09-13,328,213528,Direct,Cancelled
SO_105626,CUST_0459,PROD_0300,2024-11-18,182,177814,Online,Cancelled
SO_105627,CUST_0367,PROD_0067,2024-06-28,377,210743,Online,Cancelled
SO_105628,CUST_0073,PROD_0001,2024-05-07,49,10192,Direct,Pending
SO_105629,CUST_0439,PROD_0258,2024-06-08,171,140220,Direct,Completed
SO_105630,CUST_0026,PROD_0188,2024-04-02,224,49952,Online,Completed
SO_105631,CUST_0104,PROD_0286,2024-07-31,89,51086,Distributor,Pending
SO_105632,CUST_0187,PROD_0272,2024-06-16,167,120407,Distributor,Cancelled
SO_105633,CUST_0093,PROD_0044,2024-07-29,66,55110,Online,Completed
SO_105634,CUST_0392,PROD_0126,2024-10-05,265,127465,Direct,Pending
SO_105635,CUST_0201,PROD_0046,2024-02-28,112,29568,Online,Cancelled
SO_105636,CUST_0357,PROD_0185,2024-05-12,173,157084,Direct,Completed
SO_105637,CUST_0155,PROD_0021,2024-01-17,188,29328,Distributor,Pending
SO_105638,CUST_0040,PROD_0220,2024-11-12,139,137332,Distributor,Cancelled
SO_105639,CUST_0195,PROD_0242,2024-02-12,99,43659,Distributor,Completed
SO_105640,CUST_0007,PROD_0132,2024-01-09,42,37044,Distributor,Completed
SO_105641,CUST_0444,PROD_0200,2024-07-19,136,91936,Direct,Pending
SO_105642,CUST_0162,PROD_0073,2024-09-11,229,193963,Online,Cancelled
SO_105643,CUST_0467,PROD_0101,2024-06-26,30,8940,Online,Pending
SO_105644,CUST_0267,PROD_0084,2024-09-07,126,123606,Direct,Completed
SO_105645,CUST_0363,PROD_0088,2024-10-12,128,64640,Online,Cancelled
SO_105646,CUST_0404,PROD_0179,2024-06-08,164,98892,Direct,Cancelled
SO_105647,CUST_0257,PROD_0121,2024-12-22,117,69381,Direct,Completed
SO_105648,CUST_0019,PROD_0146,2024-08-08,497,82502,Direct,Cancelled
SO_105649,CUST_0467,PROD_0119,2024-01-15,75,59325,Direct,Pending
SO_105650,CUST_0291,PROD_0225,2024-04-27,240,56160,Online,Pending
SO_105651,CUST_0229,PROD_0231,2024-08-21,151,122461,Direct,Pending
SO_105652,CUST_0393,PROD_0041,2024-07-24,34,14280,Distributor,Pending
SO_105653,CUST_0375,PROD_0048,2024-11-08,72,34992,Online,Cancelled
SO_105654,CUST_0368,PROD_0208,2024-06-19,211,23632,Direct,Cancelled
SO_105655,CUST_0004,PROD_0056,2024-06-03,90,78570,Distributor,Completed
SO_105656,CUST_0369,PROD_0049,2024-05-23,152,25080,Online,Cancelled
SO_105657,CUST_0343,PROD_0251,2024-06-07,90,55980,Direct,Completed
SO_105658,CUST_0127,PROD_0248,2024-09-24,175,170275,Direct,Pending
SO_105659,CUST_0468,PROD_0128,2024-04-21,470,252860,Online,Completed
SO_105660,CUST_0436,PROD_0175,2024-01-05,492,65436,Distributor,Pending
SO_105661,CUST_0379,PROD_0024,2024-11-29,28,5796,Distributor,Completed
SO_105662,CUST_0195,PROD_0137,2024-03-21,68,49300,Online,Completed
SO_105663,CUST_0486,PROD_0081,2024-12-28,184,83904,Direct,Pending
SO_105664,CUST_0207,PROD_0120,2024-08-06,99,97218,Direct,Cancelled
SO_105665,CUST_0186,PROD_0010,2024-01-03,376,197776,Direct,Cancelled
SO_105666,CUST_0099,PROD_0252,2024-06-29,59,13688,Distributor,Completed
SO_105667,CUST_0331,PROD_0181,2024-08-25,379,46617,Direct,Pending
SO_105668,CUST_0374,PROD_0209,2024-02-22,437,261763,Distributor,Completed
SO_105669,CUST_0221,PROD_0103,2024-07-11,79,51982,Online,Cancelled
SO_105670,CUST_0335,PROD_0215,2024-11-20,489,355992,Distributor,Completed
SO_105671,CUST_0275,PROD_0149,2024-10-18,149,84185,Online,Cancelled
SO_105672,CUST_0318,PROD_0141,2024-05-11,222,151626,Direct,Pending
SO_105673,CUST_0403,PROD_0230,2024-04-30,98,84770,Online,Cancelled
SO_105674,CUST_0270,PROD_0070,2024-01-24,60,57600,Direct,Pending
SO_105675,CUST_0302,PROD_0071,2024-02-07,44,25520,Online,Pending
SO_105676,CUST_0468,PROD_0170,2024-12-14,52,29120,Distributor,Pending
SO_105677,CUST_0045,PROD_0043,2024-07-03,63,26964,Direct,Completed
SO_105678,CUST_0432,PROD_0060,2024-05-31,212,91160,Online,Completed
SO_105679,CUST_0112,PROD_0299,2024-08-04,373,125328,Online,Cancelled
SO_105680,CUST_0459,PROD_0217,2024-11-18,169,102245,Distributor,Cancelled
SO_105681,CUST_0452,PROD_0007,2024-05-27,271,260973,Distributor,Pending
SO_105682,CUST_0135,PROD_0162,2024-03-23,398,333922,Direct,Pending
SO_105683,CUST_0183,PROD_0012,2024-05-30,117,77103,Direct,Pending
SO_105684,CUST_0295,PROD_0146,2024-06-24,190,21090,Online,Cancelled
SO_105685,CUST_0468,PROD_0016,2024-02-04,417,192237,Direct,Completed
SO_105686,CUST_0318,PROD_0026,2024-11-18,260,114400,Direct,Pending
SO_105687,CUST_0013,PROD_0129,2024-05-02,200,117000,Distributor,Completed
SO_105688,CUST_0457,PROD_0131,2024-03-14,293,53619,Distributor,Cancelled
SO_105689,CUST_0205,PROD_0027,2024-11-10,437,327313,Direct,Pending
SO_105690,CUST_0462,PROD_0113,2024-03-15,415,133215,Distributor,Completed
SO_105691,CUST_0481,PROD_0244,2024-01-19,91,67249,Direct,Cancelled
SO_105692,CUST_0393,PROD_0297,2024-04-08,125,16250,Online,Cancelled
SO_105693,CUST_0117,PROD_0090,2024-12-09,275,238975,Direct,Cancelled
SO_105694,CUST_0368,PROD_0163,2024-11-05,429,253968,Online,Cancelled
SO_105695,CUST_0367,PROD_0097,2024-12-20,82,56662,Distributor,Pending
SO_105696,CUST_0440,PROD_0156,2024-07-08,75,10050,Direct,Cancelled
SO_105697,CUST_0359,PROD_0127,2024-03-21,145,40890,Online,Cancelled
SO_105698,CUST_0019,PROD_0162,2024-01-04,333,277722,Direct,Cancelled
SO_105699,CUST_0213,PROD_0021,2024-03-09,478,67398,Online,Completed
SO_105700,CUST_0409,PROD_0152,2024-01-02,476,194208,Online,Cancelled
SO_105701,CUST_0402,PROD_0085,2024-08-23,433,196582,Direct,Pending
SO_105702,CUST_0426,PROD_0158,2024-03-14,473,275286,Direct,Cancelled
SO_105703,CUST_0145,PROD_0251,2024-07-03,46,11592,Online,Cancelled
SO_105704,CUST_0006,PROD_0150,2024-01-01,52,37544,Distributor,Completed
SO_105705,CUST_0141,PROD_0089,2024-11-19,140,38780,Distributor,Completed
SO_105706,CUST_0377,PROD_0196,2024-01-28,205,191060,Direct,Cancelled
SO_105707,CUST_0368,PROD_0279,2024-06-02,156,21840,Direct,Pending
SO_105708,CUST_0110,PROD_0155,2024-01-15,316,75524,Direct,Completed
SO_105709,CUST_0420,PROD_0115,2024-05-22,124,71176,Direct,Pending
SO_105710,CUST_0220,PROD_0269,2024-10-04,166,106738,Direct,Pending
SO_105711,CUST_0118,PROD_0171,2024-07-29,439,421440,Distributor,Pending
SO_105712,CUST_0457,PROD_0258,2024-06-19,421,411317,Distributor,Completed
SO_105713,CUST_0105,PROD_0089,2024-09-07,485,55775,Distributor,Cancelled
SO_105714,CUST_0121,PROD_0156,2024-07-24,227,32234,Direct,Pending
SO_105715,CUST_0239,PROD_0278,2024-11-12,292,245572,Distributor,Pending
SO_105716,CUST_0392,PROD_0157,2024-02-18,197,110911,Online,Cancelled
SO_105717,CUST_0093,PROD_0097,2024-02-05,259,171199,Direct,Cancelled
SO_105718,CUST_0106,PROD_0024,2024-03-03,255,252960,Direct,Pending
SO_105719,CUST_0085,PROD_0290,2024-02-29,334,129258,Online,Completed
SO_105720,CUST_0410,PROD_0035,2024-09-27,397,284649,Online,Pending
SO_105721,CUST_0461,PROD_0240,2024-12-05,231,61215,Online,Cancelled
SO_105722,CUST_0108,PROD_0131,2024-07-31,237,80580,Online,Cancelled
SO_105723,CUST_0484,PROD_0290,2024-09-26,253,74382,Online,Pending
SO_105724,CUST_0435,PROD_0151,2024-12-24,81,9882,Direct,Pending
SO_105725,CUST_0416,PROD_0122,2024-08-18,215,64070,Distributor,Pending
SO_105726,CUST_0039,PROD_0253,2024-10-07,110,14520,Distributor,Pending
SO_105727,CUST_0261,PROD_0189,2024-11-29,134,131052,Direct,Completed
SO_105728,CUST_0320,PROD_0087,2024-10-16,238,54026,Distributor,Pending
SO_105729,CUST_0100,PROD_0265,2024-02-15,152,18088,Distributor,Cancelled
SO_105730,CUST_0411,PROD_0125,2024-01-03,279,145359,Online,Pending
SO_105731,CUST_0091,PROD_0141,2024-10-14,146,127166,Direct,Completed
SO_105732,CUST_0196,PROD_0182,2024-08-22,164,41656,Direct,Completed
SO_105733,CUST_0336,PROD_0258,2024-09-22,103,29252,Direct,Completed
SO_105734,CUST_0193,PROD_0295,2024-11-30,108,71820,Online,Cancelled
SO_105735,CUST_0411,PROD_0241,2024-07-25,51,5151,Direct,Pending
SO_105736,CUST_0113,PROD_0076,2024-12-03,86,43258,Online,Pending
SO_105737,CUST_0152,PROD_0006,2024-11-08,366,269010,Online,Completed
SO_105738,CUST_0422,PROD_0106,2024-08-15,180,107640,Distributor,Completed
SO_105739,CUST_0013,PROD_0271,2024-08-01,400,211200,Online,Completed
SO_105740,CUST_0420,PROD_0202,2024-12-21,350,133700,Distributor,Completed
SO_105741,CUST_0255,PROD_0280,2024-09-30,293,130678,Distributor,Completed
SO_105742,CUST_0092,PROD_0112,2024-12-10,76,58368,Distributor,Cancelled
SO_105743,CUST_0488,PROD_0143,2024-08-06,93,54033,Direct,Completed
SO_105744,CUST_0333,PROD_0290,2024-07-05,106,71338,Distributor,Pending
SO_105745,CUST_0258,PROD_0251,2024-06-02,354,248508,Direct,Pending
SO_105746,CUST_0268,PROD_0250,2024-04-24,227,214969,Direct,Completed
SO_105747,CUST_0248,PROD_0079,2024-07-09,312,210912,Distributor,Pending
SO_105748,CUST_0423,PROD_0213,2024-05-02,271,184280,Direct,Cancelled
SO_105749,CUST_0414,PROD_0262,2024-09-27,115,25415,Online,Cancelled
SO_105750,CUST_0498,PROD_0297,2024-10-18,403,220844,Online,Pending
SO_105751,CUST_0244,PROD_0190,2024-11-16,81,66825,Online,Cancelled
SO_105752,CUST_0289,PROD_0100,2024-01-27,335,37855,Direct,Completed
SO_105753,CUST_0215,PROD_0167,2024-05-30,379,39795,Distributor,Cancelled
SO_105754,CUST_0430,PROD_0116,2024-07-29,455,417690,Online,Completed
SO_105755,CUST_0141,PROD_0137,2024-07-07,253,185449,Direct,Completed
SO_105756,CUST_0236,PROD_0114,2024-09-21,385,245630,Online,Cancelled
SO_105757,CUST_0415,PROD_0133,2024-05-04,75,18825,Online,Completed
SO_105758,CUST_0498,PROD_0261,2024-01-04,464,244528,Direct,Completed
SO_105759,CUST_0410,PROD_0085,2024-10-14,38,17176,Distributor,Pending
SO_105760,CUST_0344,PROD_0028,2024-08-12,370,116180,Direct,Completed
SO_105761,CUST_0469,PROD_0097,2024-02-02,191,130835,Direct,Pending
SO_105762,CUST_0471,PROD_0070,2024-04-08,468,324324,Online,Completed
SO_105763,CUST_0382,PROD_0258,2024-11-12,134,115106,Online,Cancelled
SO_105764,CUST_0423,PROD_0255,2024-09-14,373,349501,Distributor,Cancelled
SO_105765,CUST_0213,PROD_0063,2024-01-07,490,374360,Online,Pending
SO_105766,CUST_0007,PROD_0092,2024-07-09,83,30461,Online,Pending
SO_105767,CUST_0345,PROD_0055,2024-09-23,344,290336,Distributor,Pending
SO_105768,CUST_0065,PROD_0285,2024-12-25,295,131865,Distributor,Completed
SO_105769,CUST_0060,PROD_0187,2024-02-10,412,240608,Distributor,Pending
SO_105770,CUST_0163,PROD_0238,2024-10-13,238,221816,Distributor,Completed
SO_105771,CUST_0437,PROD_0059,2024-07-18,169,43771,Direct,Pending
SO_105772,CUST_0172,PROD_0197,2024-08-15,262,206718,Direct,Completed
SO_105773,CUST_0389,PROD_0108,2024-04-30,263,201458,Direct,Pending
SO_105774,CUST_0380,PROD_0036,2024-05-29,466,241854,Direct,Completed
SO_105775,CUST_0480,PROD_0292,2024-05-15,304,91808,Distributor,Cancelled
SO_105776,CUST_0054,PROD_0233,2024-10-26,60,25620,Online,Pending
SO_105777,CUST_0328,PROD_0199,2024-04-04,351,237627,Distributor,Pending
SO_105778,CUST_0343,PROD_0068,2024-09-22,291,259572,Direct,Pending
SO_105779,CUST_0381,PROD_0262,2024-01-11,452,151872,Direct,Cancelled
SO_105780,CUST_0106,PROD_0138,2024-02-15,108,74088,Online,Pending
SO_105781,CUST_0283,PROD_0129,2024-05-18,183,115839,Direct,Cancelled
SO_105782,CUST_0023,PROD_0092,2024-12-18,434,327670,Distributor,Completed
SO_105783,CUST_0035,PROD_0154,2024-04-29,176,56320,Online,Completed
SO_105784,CUST_0125,PROD_0195,2024-11-23,497,389151,Direct,Completed
SO_105785,CUST_0295,PROD_0267,2024-11-22,476,190400,Online,Cancelled
SO_105786,CUST_0273,PROD_0170,2024-06-22,264,105600,Direct,Cancelled
SO_105787,CUST_0315,PROD_0140,2024-02-07,40,33840,Direct,Cancelled
SO_105788,CUST_0173,PROD_0282,2024-12-29,419,324725,Distributor,Completed
SO_105789,CUST_0419,PROD_0084,2024-09-25,290,180670,Online,Cancelled
SO_105790,CUST_0414,PROD_0132,2024-06-17,192,181248,Direct,Cancelled
SO_105791,CUST_0096,PROD_0243,2024-09-07,115,35650,Direct,Completed
SO_105792,CUST_0107,PROD_0217,2024-05-18,466,457612,Online,Pending
SO_105793,CUST_0242,PROD_0259,2024-12-07,154,150766,Distributor,Pending
SO_105794,CUST_0452,PROD_0198,2024-02-21,196,30772,Distributor,Pending
SO_105795,CUST_0162,PROD_0236,2024-07-01,234,81198,Online,Pending
SO_105796,CUST_0276,PROD_0091,2024-11-21,23,4508,Online,Cancelled
SO_105797,CUST_0067,PROD_0109,2024-09-05,408,360672,Distributor,Completed
SO_105798,CUST_0473,PROD_0284,2024-03-21,392,59976,Direct,Cancelled
SO_105799,CUST_0212,PROD_0291,2024-03-30,406,344694,Direct,Cancelled
SO_105800,CUST_0102,PROD_0224,2024-08-12,440,375320,Direct,Pending
SO_105801,CUST_0142,PROD_0222,2024-11-02,17,6222,Direct,Pending
SO_105802,CUST_0333,PROD_0239,2024-10-18,105,103005,Distributor,Pending
SO_105803,CUST_0346,PROD_0074,2024-08-28,200,188200,Online,Completed
SO_105804,CUST_0421,PROD_0221,2024-05-13,239,52580,Online,Cancelled
SO_105805,CUST_0097,PROD_0002,2024-05-15,198,48312,Online,Cancelled
SO_105806,CUST_0257,PROD_0288,2024-12-08,227,50848,Direct,Completed
SO_105807,CUST_0226,PROD_0073,2024-05-02,452,334480,Online,Cancelled
SO_105808,CUST_0491,PROD_0026,2024-07-30,424,274752,Direct,Completed
SO_105809,CUST_0407,PROD_0235,2024-08-03,389,346599,Distributor,Completed
SO_105810,CUST_0500,PROD_0029,2024-01-08,41,39278,Online,Cancelled
SO_105811,CUST_0138,PROD_0289,2024-07-04,185,85100,Direct,Pending
SO_105812,CUST_0120,PROD_0154,2024-09-10,112,24080,Distributor,Completed
SO_105813,CUST_0279,PROD_0221,2024-03-18,263,212767,Direct,Completed
SO_105814,CUST_0247,PROD_0011,2024-01-12,85,15130,Distributor,Pending
SO_105815,CUST_0360,PROD_0072,2024-05-19,218,151728,Distributor,Completed
SO_105816,CUST_0442,PROD_0031,2024-12-28,135,44010,Online,Cancelled
SO_105817,CUST_0254,PROD_0263,2024-03-13,48,9936,Distributor,Pending
SO_105818,CUST_0498,PROD_0123,2024-04-27,84,69888,Online,Completed
SO_105819,CUST_0233,PROD_0041,2024-01-14,251,118723,Distributor,Cancelled
SO_105820,CUST_0222,PROD_0226,2024-02-11,420,193200,Online,Pending
SO_105821,CUST_0485,PROD_0229,2024-03-19,352,78496,Online,Completed
SO_105822,CUST_0495,PROD_0081,2024-04-11,22,13046,Distributor,Pending
SO_105823,CUST_0317,PROD_0081,2024-04-18,126,77364,Online,Completed
SO_105824,CUST_0470,PROD_0183,2024-03-27,489,78240,Direct,Pending
SO_105825,CUST_0023,PROD_0259,2024-08-10,169,144833,Distributor,Pending
SO_105826,CUST_0003,PROD_0229,2024-03-03,293,255203,Online,Cancelled
SO_105827,CUST_0312,PROD_0035,2024-11-15,405,341010,Direct,Completed
SO_105828,CUST_0089,PROD_0239,2024-06-14,391,85238,Online,Cancelled
SO_105829,CUST_0447,PROD_0222,2024-03-18,115,29555,Direct,Cancelled
SO_105830,CUST_0099,PROD_0297,2024-03-30,69,19803,Distributor,Cancelled
SO_105831,CUST_0231,PROD_0017,2024-03-03,379,104983,Online,Completed
SO_105832,CUST_0458,PROD_0300,2024-10-25,25,3925,Online,Pending
SO_105833,CUST_0325,PROD_0266,2024-09-30,104,21008,Direct,Cancelled
SO_105834,CUST_0397,PROD_0233,2024-04-10,457,391192,Distributor,Cancelled
SO_105835,CUST_0175,PROD_0137,2024-03-13,136,26928,Distributor,Pending
SO_105836,CUST_0140,PROD_0237,2024-09-27,307,194331,Direct,Pending
SO_105837,CUST_0261,PROD_0074,2024-05-11,367,200015,Direct,Cancelled
SO_105838,CUST_0305,PROD_0018,2024-12-02,225,135450,Online,Completed
SO_105839,CUST_0005,PROD_0109,2024-11-08,249,117279,Online,Cancelled
SO_105840,CUST_0204,PROD_0203,2024-10-17,401,335637,Online,Cancelled
SO_105841,CUST_0426,PROD_0198,2024-12-16,353,290872,Online,Completed
SO_105842,CUST_0487,PROD_0227,2024-11-28,93,72726,Online,Completed
SO_105843,CUST_0186,PROD_0209,2024-05-05,70,60900,Direct,Completed
SO_105844,CUST_0224,PROD_0132,2024-06-23,403,168454,Direct,Cancelled
SO_105845,CUST_0415,PROD_0225,2024-12-27,247,205998,Direct,Completed
SO_105846,CUST_0339,PROD_0147,2024-10-16,473,110682,Online,Pending
SO_105847,CUST_0497,PROD_0158,2024-07-18,347,247064,Direct,Completed
SO_105848,CUST_0388,PROD_0075,2024-01-22,350,266000,Direct,Pending
SO_105849,CUST_0414,PROD_0268,2024-03-29,493,278052,Online,Cancelled
SO_105850,CUST_0119,PROD_0151,2024-01-16,100,76800,Direct,Cancelled
SO_105851,CUST_0254,PROD_0200,2024-12-04,277,258441,Direct,Pending
SO_105852,CUST_0152,PROD_0010,2024-10-15,287,60844,Online,Completed
SO_105853,CUST_0047,PROD_0273,2024-03-01,301,90601,Direct,Pending
SO_105854,CUST_0481,PROD_0205,2024-05-14,53,23744,Distributor,Pending
SO_105855,CUST_0458,PROD_0115,2024-09-19,379,206555,Distributor,Cancelled
SO_105856,CUST_0417,PROD_0271,2024-01-02,74,33078,Direct,Completed
SO_105857,CUST_0320,PROD_0083,2024-12-29,220,187000,Online,Pending
SO_105858,CUST_0017,PROD_0057,2024-09-05,95,36860,Direct,Pending
SO_105859,CUST_0405,PROD_0059,2024-03-19,383,271930,Direct,Completed
SO_105860,CUST_0343,PROD_0085,2024-01-05,284,180908,Online,Pending
SO_105861,CUST_0176,PROD_0141,2024-10-16,393,131262,Direct,Cancelled
SO_105862,CUST_0307,PROD_0298,2024-11-23,233,101588,Direct,Pending
SO_105863,CUST_0321,PROD_0210,2024-04-30,137,89872,Direct,Cancelled
SO_105864,CUST_0259,PROD_0093,2024-04-20,176,163504,Direct,Completed
SO_105865,CUST_0145,PROD_0101,2024-01-31,461,86668,Direct,Completed
SO_105866,CUST_0105,PROD_0021,2024-05-23,166,93624,Distributor,Pending
SO_105867,CUST_0400,PROD_0191,2024-02-14,276,264408,Distributor,Completed
SO_105868,CUST_0289,PROD_0031,2024-04-22,319,252648,Direct,Completed
SO_105869,CUST_0206,PROD_0118,2024-09-28,77,41580,Direct,Completed
SO_105870,CUST_0499,PROD_0219,2024-10-14,495,312345,Direct,Completed
SO_105871,CUST_0266,PROD_0189,2024-04-16,89,33464,Online,Pending
SO_105872,CUST_0389,PROD_0081,2024-03-12,315,201915,Direct,Pending
SO_105873,CUST_0221,PROD_0218,2024-10-07,397,176268,Distributor,Pending
SO_105874,CUST_0266,PROD_0125,2024-09-10,326,77914,Distributor,Cancelled
SO_105875,CUST_0075,PROD_0154,2024-08-10,52,13936,Direct,Pending
SO_105876,CUST_0472,PROD_0123,2024-12-06,139,99107,Distributor,Cancelled
SO_105877,CUST_0349,PROD_0200,2024-12-22,190,110960,Distributor,Completed
SO_105878,CUST_0425,PROD_0105,2024-02-12,98,40474,Direct,Completed
SO_105879,CUST_0265,PROD_0038,2024-12-20,92,70840,Distributor,Completed
SO_105880,CUST_0458,PROD_0146,2024-07-26,121,49126,Direct,Cancelled
SO_105881,CUST_0138,PROD_0045,2024-02-14,131,30130,Direct,Pending
SO_105882,CUST_0424,PROD_0010,2024-03-18,240,186480,Direct,Completed
SO_105883,CUST_0469,PROD_0277,2024-08-22,185,130980,Online,Pending
SO_105884,CUST_0037,PROD_0247,2024-06-29,339,37968,Distributor,Cancelled
SO_105885,CUST_0164,PROD_0054,2024-02-14,96,12768,Direct,Pending
SO_105886,CUST_0383,PROD_0277,2024-10-15,403,312325,Online,Completed
SO_105887,CUST_0481,PROD_0023,2024-09-23,423,204732,Online,Pending
SO_105888,CUST_0454,PROD_0120,2024-01-11,209,32395,Distributor,Pending
SO_105889,CUST_0041,PROD_0242,2024-06-15,162,80190,Online,Cancelled
SO_105890,CUST_0306,PROD_0069,2024-09-30,175,18200,Online,Completed
SO_105891,CUST_0055,PROD_0298,2024-07-07,228,67944,Distributor,Completed
SO_105892,CUST_0410,PROD_0259,2024-02-04,266,191254,Distributor,Pending
SO_105893,CUST_0163,PROD_0190,2024-06-25,114,84018,Online,Completed
SO_105894,CUST_0115,PROD_0182,2024-04-23,248,131440,Online,Pending
SO_105895,CUST_0347,PROD_0185,2024-02-04,309,54075,Online,Completed
SO_105896,CUST_0079,PROD_0066,2024-08-12,159,133560,Direct,Pending
SO_105897,CUST_0277,PROD_0085,2024-01-17,350,86100,Distributor,Pending
SO_105898,CUST_0417,PROD_0070,2024-10-28,419,87571,Distributor,Pending
SO_105899,CUST_0466,PROD_0264,2024-06-16,68,50660,Distributor,Cancelled
SO_105900,CUST_0300,PROD_0049,2024-04-17,31,24149,Distributor,Pending
SO_105901,CUST_0034,PROD_0088,2024-06-21,365,159505,Direct,Completed
SO_105902,CUST_0403,PROD_0300,2024-04-04,463,63431,Distributor,Cancelled
SO_105903,CUST_0336,PROD_0110,2024-10-21,265,80295,Direct,Cancelled
SO_105904,CUST_0208,PROD_0230,2024-10-20,214,175052,Distributor,Pending
SO_105905,CUST_0488,PROD_0213,2024-06-21,384,124032,Direct,Completed
SO_105906,CUST_0324,PROD_0242,2024-09-12,230,191820,Distributor,Completed
SO_105907,CUST_0060,PROD_0141,2024-05-20,400,190800,Distributor,Pending
SO_105908,CUST_0145,PROD_0221,2024-02-28,463,329193,Online,Completed
SO_105909,CUST_0331,PROD_0240,2024-04-19,126,114660,Online,Cancelled
SO_105910,CUST_0366,PROD_0115,2024-06-06,200,176800,Direct,Completed
SO_105911,CUST_0195,PROD_0065,2024-03-19,382,103522,Online,Completed
SO_105912,CUST_0028,PROD_0040,2024-11-09,56,50008,Online,Completed
SO_105913,CUST_0485,PROD_0201,2024-08-06,300,227100,Direct,Cancelled
SO_105914,CUST_0227,PROD_0140,2024-11-22,156,93600,Distributor,Cancelled
SO_105915,CUST_0224,PROD_0267,2024-03-31,128,69632,Direct,Completed
SO_105916,CUST_0131,PROD_0248,2024-03-04,461,337452,Online,Pending
SO_105917,CUST_0372,PROD_0089,2024-06-19,177,50268,Distributor,Cancelled
SO_105918,CUST_0353,PROD_0189,2024-01-01,355,66740,Direct,Pending
SO_105919,CUST_0017,PROD_0256,2024-07-27,123,18450,Distributor,Pending
SO_105920,CUST_0442,PROD_0190,2024-07-20,375,71250,Online,Cancelled
SO_105921,CUST_0340,PROD_0193,2024-02-10,127,65532,Online,Cancelled
SO_105922,CUST_0041,PROD_0217,2024-06-01,478,283454,Distributor,Cancelled
SO_105923,CUST_0263,PROD_0067,2024-12-29,126,112770,Direct,Cancelled
SO_105924,CUST_0418,PROD_0074,2024-05-06,364,162708,Distributor,Completed
SO_105925,CUST_0038,PROD_0111,2024-07-29,81,30294,Online,Cancelled
SO_105926,CUST_0110,PROD_0134,2024-07-29,72,26784,Online,Pending
SO_105927,CUST_0124,PROD_0004,2024-02-04,212,153700,Direct,Pending
SO_105928,CUST_0441,PROD_0148,2024-08-22,37,27010,Direct,Cancelled
SO_105929,CUST_0319,PROD_0274,2024-08-21,373,151811,Direct,Pending
SO_105930,CUST_0311,PROD_0111,2024-10-18,101,28684,Online,Completed
SO_105931,CUST_0325,PROD_0136,2024-11-05,252,82656,Online,Cancelled
SO_105932,CUST_0354,PROD_0204,2024-02-18,229,125721,Distributor,Cancelled
SO_105933,CUST_0070,PROD_0270,2024-08-07,392,136024,Distributor,Pending
SO_105934,CUST_0170,PROD_0259,2024-01-28,282,143820,Online,Completed
SO_105935,CUST_0054,PROD_0230,2024-04-02,299,75946,Direct,Pending
SO_105936,CUST_0097,PROD_0288,2024-08-11,432,129168,Distributor,Cancelled
SO_105937,CUST_0305,PROD_0121,2024-12-25,174,171564,Online,Pending
SO_105938,CUST_0130,PROD_0283,2024-09-10,109,29103,Direct,Pending
SO_105939,CUST_0336,PROD_0295,2024-05-03,47,24769,Online,Cancelled
SO_105940,CUST_0366,PROD_0013,2024-12-14,110,66990,Online,Pending
SO_105941,CUST_0075,PROD_0137,2024-01-04,210,26250,Direct,Cancelled
SO_105942,CUST_0202,PROD_0132,2024-11-15,193,115221,Online,Completed
SO_105943,CUST_0081,PROD_0220,2024-06-19,137,81926,Online,Completed
SO_105944,CUST_0242,PROD_0096,2024-07-09,79,23937,Distributor,Completed
SO_105945,CUST_0487,PROD_0150,2024-01-30,139,34611,Distributor,Pending
SO_105946,CUST_0130,PROD_0240,2024-03-23,377,373607,Direct,Completed
SO_105947,CUST_0281,PROD_0078,2024-10-30,61,37271,Direct,Pending
SO_105948,CUST_0235,PROD_0253,2024-10-05,142,48422,Direct,Cancelled
SO_105949,CUST_0108,PROD_0015,2024-08-15,384,220800,Direct,Pending
SO_105950,CUST_0396,PROD_0193,2024-10-30,90,55980,Online,Cancelled
SO_105951,CUST_0163,PROD_0068,2024-05-23,32,7616,Direct,Pending
SO_105952,CUST_0084,PROD_0162,2024-09-09,43,21672,Direct,Pending
SO_105953,CUST_0382,PROD_0048,2024-03-22,58,46922,Direct,Cancelled
SO_105954,CUST_0233,PROD_0298,2024-10-22,186,78120,Online,Cancelled
SO_105955,CUST_0037,PROD_0218,2024-12-31,164,75276,Online,Cancelled
SO_105956,CUST_0191,PROD_0002,2024-03-03,246,237390,Online,Completed
SO_105957,CUST_0483,PROD_0224,2024-12-21,236,112808,Direct,Pending
SO_105958,CUST_0175,PROD_0143,2024-07-11,163,83293,Direct,Cancelled
SO_105959,CUST_0467,PROD_0261,2024-08-11,186,57288,Distributor,Completed
SO_105960,CUST_0401,PROD_0271,2024-08-10,222,33522,Online,Pending
SO_105961,CUST_0307,PROD_0221,2024-10-08,75,40050,Online,Cancelled
SO_105962,CUST_0169,PROD_0067,2024-11-23,490,131810,Online,Cancelled
SO_105963,CUST_0046,PROD_0224,2024-12-30,76,63688,Distributor,Pending
SO_105964,CUST_0312,PROD_0172,2024-01-06,175,169750,Direct,Completed
SO_105965,CUST_0272,PROD_0005,2024-12-21,449,145027,Direct,Pending
SO_105966,CUST_0349,PROD_0231,2024-02-18,362,132492,Direct,Pending
SO_105967,CUST_0316,PROD_0263,2024-02-12,108,78840,Direct,Pending
SO_105968,CUST_0489,PROD_0274,2024-08-30,262,153270,Online,Cancelled
SO_105969,CUST_0168,PROD_0181,2024-07-04,157,126542,Online,Pending
SO_105970,CUST_0367,PROD_0098,2024-09-23,477,210357,Distributor,Pending
SO_105971,CUST_0102,PROD_0112,2024-12-17,338,231868,Online,Cancelled
SO_105972,CUST_0321,PROD_0032,2024-12-21,25,8800,Online,Pending
SO_105973,CUST_0417,PROD_0257,2024-05-01,277,33794,Direct,Pending
SO_105974,CUST_0025,PROD_0244,2024-04-08,198,39402,Online,Cancelled
SO_105975,CUST_0231,PROD_0180,2024-06-23,476,244664,Online,Cancelled
SO_105976,CUST_0163,PROD_0189,2024-07-04,219,38106,Online,Cancelled
SO_105977,CUST_0254,PROD_0265,2024-10-09,75,63075,Distributor,Pending
SO_105978,CUST_0438,PROD_0283,2024-02-10,150,90600,Distributor,Pending
SO_105979,CUST_0349,PROD_0286,2024-06-28,24,3696,Distributor,Cancelled
SO_105980,CUST_0092,PROD_0046,2024-06-10,367,108265,Distributor,Completed
SO_105981,CUST_0135,PROD_0099,2024-09-22,213,25773,Online,Cancelled
SO_105982,CUST_0399,PROD_0178,2024-12-16,431,162056,Distributor,Completed
SO_105983,CUST_0098,PROD_0069,2024-08-08,324,224856,Distributor,Cancelled
SO_105984,CUST_0073,PROD_0112,2024-04-27,176,147312,Direct,Cancelled
SO_105985,CUST_0427,PROD_0159,2024-06-19,445,259435,Distributor,Completed
SO_105986,CUST_0308,PROD_0024,2024-06-15,222,183372,Online,Cancelled
SO_105987,CUST_0377,PROD_0116,2024-05-14,475,127775,Distributor,Pending
SO_105988,CUST_0030,PROD_0053,2024-08-19,29,20126,Direct,Cancelled
SO_105989,CUST_0442,PROD_0297,2024-02-19,145,74965,Direct,Cancelled
SO_105990,CUST_0296,PROD_0097,2024-10-16,145,54955,Direct,Pending
SO_105991,CUST_0418,PROD_0135,2024-02-04,369,173799,Distributor,Completed
SO_105992,CUST_0065,PROD_0075,2024-04-03,235,61805,Distributor,Cancelled
SO_105993,CUST_0220,PROD_0249,2024-01-27,180,168840,Online,Cancelled
SO_105994,CUST_0322,PROD_0298,2024-06-15,460,404800,Direct,Cancelled
SO_105995,CUST_0174,PROD_0268,2024-06-08,227,131206,Distributor,Pending
SO_105996,CUST_0291,PROD_0110,2024-02-06,148,111444,Online,Pending
SO_105997,CUST_0126,PROD_0137,2024-05-30,281,43555,Direct,Pending
SO_105998,CUST_0358,PROD_0025,2024-11-19,264,176880,Online,Cancelled
SO_105999,CUST_0063,PROD_0247,2024-01-20,437,73416,Distributor,Cancelled
SO_106000,CUST_0449,PROD_0241,2024-04-15,223,196240,Distributor,Completed
SO_106001,CUST_0204,PROD_0052,2024-07-14,239,131928,Direct,Completed
SO_106002,CUST_0235,PROD_0289,2024-10-06,104,62608,Online,Completed
SO_106003,CUST_0003,PROD_0129,2024-12-15,346,168156,Direct,Pending
SO_106004,CUST_0013,PROD_0050,2024-05-04,193,116572,Online,Cancelled
SO_106005,CUST_0263,PROD_0077,2024-06-27,304,145616,Distributor,Cancelled
SO_106006,CUST_0423,PROD_0152,2024-11-09,114,23598,Online,Completed
SO_106007,CUST_0188,PROD_0097,2024-11-13,343,66199,Distributor,Completed
SO_106008,CUST_0325,PROD_0170,2024-09-04,383,241673,Distributor,Cancelled
SO_106009,CUST_0023,PROD_0114,2024-05-03,170,169150,Direct,Completed
SO_106010,CUST_0386,PROD_0052,2024-09-06,380,206340,Online,Cancelled
SO_106011,CUST_0068,PROD_0016,2024-12-03,218,65400,Direct,Cancelled
SO_106012,CUST_0317,PROD_0197,2024-10-04,301,248626,Online,Pending
SO_106013,CUST_0160,PROD_0230,2024-09-20,171,103797,Distributor,Pending
SO_106014,CUST_0305,PROD_0100,2024-06-09,443,237448,Distributor,Completed
SO_106015,CUST_0302,PROD_0208,2024-09-23,290,144710,Online,Cancelled
SO_106016,CUST_0156,PROD_0136,2024-04-28,214,194740,Online,Completed
SO_106017,CUST_0188,PROD_0219,2024-08-07,368,128432,Online,Completed
SO_106018,CUST_0350,PROD_0266,2024-07-03,76,35644,Direct,Completed
SO_106019,CUST_0181,PROD_0236,2024-04-21,135,15525,Direct,Cancelled
SO_106020,CUST_0269,PROD_0137,2024-12-23,410,173430,Distributor,Pending
SO_106021,CUST_0302,PROD_0292,2024-09-22,239,74329,Direct,Cancelled
SO_106022,CUST_0038,PROD_0007,2024-02-19,308,54824,Direct,Pending
SO_106023,CUST_0409,PROD_0058,2024-05-18,429,191334,Online,Pending
SO_106024,CUST_0233,PROD_0010,2024-08-31,252,77112,Online,Pending
SO_106025,CUST_0167,PROD_0201,2024-01-16,217,60109,Online,Completed
SO_106026,CUST_0387,PROD_0084,2024-12-10,26,24804,Direct,Pending
SO_106027,CUST_0025,PROD_0129,2024-03-30,490,51450,Online,Pending
SO_106028,CUST_0234,PROD_0274,2024-12-05,12,7044,Online,Pending
SO_106029,CUST_0343,PROD_0253,2024-08-08,471,217131,Online,Completed
SO_106030,CUST_0350,PROD_0157,2024-10-26,161,69391,Online,Cancelled
SO_106031,CUST_0290,PROD_0175,2024-08-28,86,65876,Direct,Pending
SO_106032,CUST_0420,PROD_0203,2024-10-24,57,13167,Online,Completed
SO_106033,CUST_0213,PROD_0252,2024-06-11,237,77262,Direct,Pending
SO_106034,CUST_0070,PROD_0097,2024-08-31,442,331942,Direct,Completed
SO_106035,CUST_0216,PROD_0090,2024-07-19,285,169575,Direct,Pending
SO_106036,CUST_0429,PROD_0095,2024-11-04,478,289668,Direct,Completed
SO_106037,CUST_0430,PROD_0145,2024-05-18,377,311779,Direct,Completed
SO_106038,CUST_0299,PROD_0076,2024-07-20,49,44443,Online,Completed
SO_106039,CUST_0375,PROD_0061,2024-08-02,233,117898,Online,Pending
SO_106040,CUST_0404,PROD_0244,2024-11-21,283,206307,Online,Pending
SO_106041,CUST_0189,PROD_0168,2024-04-13,408,204000,Online,Cancelled
SO_106042,CUST_0343,PROD_0293,2024-06-13,311,136218,Distributor,Pending
SO_106043,CUST_0435,PROD_0022,2024-10-09,382,376270,Distributor,Pending
SO_106044,CUST_0409,PROD_0058,2024-12-20,414,182988,Online,Cancelled
SO_106045,CUST_0012,PROD_0021,2024-08-14,488,204472,Distributor,Completed
SO_106046,CUST_0071,PROD_0170,2024-08-22,433,326049,Distributor,Pending
SO_106047,CUST_0068,PROD_0286,2024-03-26,494,392730,Direct,Cancelled
SO_106048,CUST_0477,PROD_0069,2024-01-14,343,57624,Direct,Completed
SO_106049,CUST_0494,PROD_0039,2024-03-05,67,38525,Direct,Completed
SO_106050,CUST_0144,PROD_0138,2024-12-30,242,131890,Direct,Cancelled
SO_106051,CUST_0246,PROD_0046,2024-02-09,174,155730,Online,Completed
SO_106052,CUST_0457,PROD_0144,2024-11-27,385,376915,Distributor,Completed
SO_106053,CUST_0295,PROD_0215,2024-01-21,329,215495,Distributor,Cancelled
SO_106054,CUST_0198,PROD_0185,2024-03-12,159,94605,Distributor,Pending
SO_106055,CUST_0378,PROD_0075,2024-02-21,104,42120,Direct,Completed
SO_106056,CUST_0314,PROD_0161,2024-09-17,65,48490,Online,Pending
SO_106057,CUST_0265,PROD_0022,2024-09-02,90,16920,Distributor,Pending
SO_106058,CUST_0172,PROD_0291,2024-09-12,191,94736,Online,Cancelled
SO_106059,CUST_0269,PROD_0069,2024-02-28,162,61398,Distributor,Pending
SO_106060,CUST_0420,PROD_0214,2024-10-07,483,208173,Distributor,Completed
SO_106061,CUST_0197,PROD_0173,2024-05-12,439,302471,Online,Pending
SO_106062,CUST_0431,PROD_0236,2024-12-15,229,85646,Direct,Cancelled
SO_106063,CUST_0345,PROD_0288,2024-04-29,93,91791,Direct,Completed
SO_106064,CUST_0266,PROD_0106,2024-09-25,125,95875,Online,Cancelled
SO_106065,CUST_0258,PROD_0134,2024-06-20,438,281634,Distributor,Completed
SO_106066,CUST_0037,PROD_0124,2024-10-20,497,486066,Distributor,Pending
SO_106067,CUST_0144,PROD_0144,2024-09-25,206,63242,Direct,Completed
SO_106068,CUST_0467,PROD_0081,2024-04-16,151,84258,Distributor,Cancelled
SO_106069,CUST_0354,PROD_0072,2024-01-17,472,273760,Online,Pending
SO_106070,CUST_0472,PROD_0092,2024-12-13,211,60557,Online,Pending
SO_106071,CUST_0041,PROD_0089,2024-04-23,147,86289,Direct,Cancelled
SO_106072,CUST_0039,PROD_0153,2024-11-16,260,45760,Distributor,Completed
SO_106073,CUST_0397,PROD_0081,2024-02-01,183,107055,Direct,Pending
SO_106074,CUST_0401,PROD_0132,2024-01-19,316,302412,Online,Pending
SO_106075,CUST_0394,PROD_0244,2024-01-15,113,78309,Direct,Pending
SO_106076,CUST_0151,PROD_0108,2024-07-04,86,37066,Online,Completed
SO_106077,CUST_0176,PROD_0231,2024-06-19,178,63546,Direct,Completed
SO_106078,CUST_0394,PROD_0080,2024-08-13,266,48944,Direct,Completed
SO_106079,CUST_0271,PROD_0269,2024-01-08,314,253712,Distributor,Pending
SO_106080,CUST_0035,PROD_0118,2024-06-01,11,9592,Distributor,Completed
SO_106081,CUST_0425,PROD_0281,2024-09-04,307,291036,Distributor,Cancelled
SO_106082,CUST_0229,PROD_0124,2024-12-08,328,239440,Distributor,Pending
SO_106083,CUST_0427,PROD_0139,2024-07-02,189,21735,Online,Completed
SO_106084,CUST_0178,PROD_0290,2024-05-10,415,226590,Direct,Cancelled
SO_106085,CUST_0337,PROD_0136,2024-10-02,361,204687,Distributor,Pending
SO_106086,CUST_0224,PROD_0175,2024-12-16,226,138312,Online,Completed
SO_106087,CUST_0325,PROD_0017,2024-02-11,173,100859,Direct,Completed
SO_106088,CUST_0447,PROD_0045,2024-12-15,472,48144,Distributor,Completed
SO_106089,CUST_0083,PROD_0236,2024-02-15,110,19470,Online,Completed
SO_106090,CUST_0096,PROD_0041,2024-07-25,72,43560,Online,Cancelled
SO_106091,CUST_0041,PROD_0047,2024-12-16,144,36288,Direct,Completed
SO_106092,CUST_0362,PROD_0050,2024-12-25,489,293400,Distributor,Pending
SO_106093,CUST_0355,PROD_0198,2024-10-17,373,339803,Distributor,Pending
SO_106094,CUST_0266,PROD_0140,2024-06-27,362,307700,Online,Cancelled
SO_106095,CUST_0206,PROD_0249,2024-03-13,414,214866,Online,Completed
SO_106096,CUST_0444,PROD_0254,2024-04-02,317,239652,Direct,Completed
SO_106097,CUST_0096,PROD_0055,2024-09-07,280,129360,Online,Completed
SO_106098,CUST_0125,PROD_0191,2024-03-13,64,51648,Online,Completed
SO_106099,CUST_0445,PROD_0069,2024-05-28,105,55230,Online,Pending
SO_106100,CUST_0096,PROD_0025,2024-09-10,46,17986,Direct,Completed
SO_106101,CUST_0080,PROD_0269,2024-08-28,88,40040,Direct,Completed
SO_106102,CUST_0394,PROD_0225,2024-03-24,136,116552,Direct,Pending
SO_106103,CUST_0155,PROD_0242,2024-11-24,216,21600,Distributor,Cancelled
SO_106104,CUST_0375,PROD_0251,2024-10-12,169,153959,Online,Pending
SO_106105,CUST_0007,PROD_0233,2024-03-22,380,339340,Direct,Pending
SO_106106,CUST_0329,PROD_0012,2024-06-04,202,109080,Online,Pending
SO_106107,CUST_0158,PROD_0061,2024-09-06,61,49898,Direct,Pending
SO_106108,CUST_0158,PROD_0212,2024-06-26,265,68105,Online,Pending
SO_106109,CUST_0341,PROD_0276,2024-12-08,459,119799,Direct,Pending
SO_106110,CUST_0075,PROD_0299,2024-05-07,220,156420,Distributor,Completed
SO_106111,CUST_0174,PROD_0278,2024-06-06,232,75864,Online,Cancelled
SO_106112,CUST_0319,PROD_0224,2024-12-10,307,121572,Online,Completed
SO_106113,CUST_0254,PROD_0128,2024-11-25,357,227052,Direct,Cancelled
SO_106114,CUST_0327,PROD_0093,2024-11-25,37,22977,Online,Pending
SO_106115,CUST_0382,PROD_0039,2024-10-11,131,49387,Online,Cancelled
SO_106116,CUST_0304,PROD_0131,2024-06-27,413,294469,Online,Pending
SO_106117,CUST_0478,PROD_0059,2024-04-20,29,2987,Direct,Cancelled
SO_106118,CUST_0022,PROD_0101,2024-12-25,424,163240,Online,Cancelled
SO_106119,CUST_0009,PROD_0064,2024-04-11,319,49764,Online,Completed
SO_106120,CUST_0229,PROD_0009,2024-07-12,449,292748,Distributor,Completed
SO_106121,CUST_0300,PROD_0254,2024-08-06,36,20808,Distributor,Pending
SO_106122,CUST_0373,PROD_0181,2024-08-03,430,402050,Direct,Completed
SO_106123,CUST_0279,PROD_0134,2024-01-21,283,264888,Direct,Pending
SO_106124,CUST_0051,PROD_0262,2024-04-11,258,179826,Online,Cancelled
SO_106125,CUST_0471,PROD_0129,2024-07-26,392,220304,Distributor,Completed
SO_106126,CUST_0198,PROD_0031,2024-01-19,355,161170,Distributor,Cancelled
SO_106127,CUST_0499,PROD_0187,2024-01-01,483,50715,Online,Pending
SO_106128,CUST_0450,PROD_0152,2024-05-03,185,110630,Online,Completed
SO_106129,CUST_0265,PROD_0145,2024-04-25,163,83130,Distributor,Completed
SO_106130,CUST_0091,PROD_0243,2024-08-15,188,138744,Distributor,Pending
SO_106131,CUST_0463,PROD_0159,2024-03-20,49,47873,Distributor,Cancelled
SO_106132,CUST_0376,PROD_0007,2024-03-31,155,133145,Direct,Completed
SO_106133,CUST_0421,PROD_0256,2024-07-25,409,369327,Direct,Completed
SO_106134,CUST_0267,PROD_0204,2024-03-04,64,55616,Distributor,Cancelled
SO_106135,CUST_0105,PROD_0025,2024-06-05,361,212990,Distributor,Completed
SO_106136,CUST_0500,PROD_0024,2024-06-01,21,12663,Online,Pending
SO_106137,CUST_0188,PROD_0078,2024-04-24,77,43582,Online,Cancelled
SO_106138,CUST_0262,PROD_0275,2024-05-18,383,199543,Online,Completed
SO_106139,CUST_0436,PROD_0036,2024-07-12,299,121394,Online,Cancelled
SO_106140,CUST_0088,PROD_0258,2024-12-09,193,69094,Online,Completed
SO_106141,CUST_0319,PROD_0290,2024-06-10,241,159783,Direct,Completed
SO_106142,CUST_0037,PROD_0123,2024-01-06,79,23226,Distributor,Cancelled
SO_106143,CUST_0359,PROD_0204,2024-10-18,285,179550,Direct,Completed
SO_106144,CUST_0492,PROD_0169,2024-12-21,135,38475,Direct,Cancelled
SO_106145,CUST_0414,PROD_0082,2024-04-04,272,51136,Online,Cancelled
SO_106146,CUST_0261,PROD_0259,2024-03-17,399,226233,Direct,Cancelled
SO_106147,CUST_0347,PROD_0095,2024-01-29,160,90720,Distributor,Completed
SO_106148,CUST_0221,PROD_0223,2024-02-01,326,75958,Distributor,Pending
SO_106149,CUST_0118,PROD_0152,2024-03-17,38,32794,Distributor,Cancelled
SO_106150,CUST_0110,PROD_0226,2024-09-15,205,177735,Direct,Completed
SO_106151,CUST_0088,PROD_0176,2024-04-05,463,180107,Online,Pending
SO_106152,CUST_0047,PROD_0150,2024-06-13,381,88392,Distributor,Pending
SO_106153,CUST_0315,PROD_0133,2024-04-22,499,441116,Distributor,Completed
SO_106154,CUST_0387,PROD_0147,2024-08-30,334,221108,Direct,Cancelled
SO_106155,CUST_0482,PROD_0247,2024-12-13,346,109336,Online,Pending
SO_106156,CUST_0407,PROD_0084,2024-01-04,103,32548,Online,Pending
SO_106157,CUST_0436,PROD_0002,2024-01-27,400,324000,Online,Pending
SO_106158,CUST_0443,PROD_0103,2024-12-11,372,199392,Distributor,Cancelled
SO_106159,CUST_0266,PROD_0137,2024-11-06,212,169176,Distributor,Cancelled
SO_106160,CUST_0170,PROD_0208,2024-10-21,287,231896,Direct,Cancelled
SO_106161,CUST_0178,PROD_0016,2024-05-07,129,52503,Online,Completed
SO_106162,CUST_0099,PROD_0062,2024-01-10,300,282300,Direct,Cancelled
SO_106163,CUST_0340,PROD_0162,2024-01-27,244,123464,Direct,Pending
SO_106164,CUST_0142,PROD_0102,2024-04-07,436,346620,Direct,Pending
SO_106165,CUST_0292,PROD_0213,2024-11-21,439,252864,Direct,Completed
SO_106166,CUST_0465,PROD_0020,2024-11-12,349,332248,Direct,Cancelled
SO_106167,CUST_0368,PROD_0192,2024-01-28,113,110401,Online,Pending
SO_106168,CUST_0344,PROD_0194,2024-08-25,430,293260,Online,Pending
SO_106169,CUST_0037,PROD_0048,2024-03-16,363,137214,Distributor,Pending
SO_106170,CUST_0050,PROD_0285,2024-03-13,374,93126,Distributor,Pending
SO_106171,CUST_0028,PROD_0098,2024-11-19,62,37324,Distributor,Completed
SO_106172,CUST_0280,PROD_0148,2024-03-25,179,97018,Direct,Cancelled
SO_106173,CUST_0343,PROD_0273,2024-11-30,418,255398,Direct,Pending
SO_106174,CUST_0176,PROD_0228,2024-06-28,289,181492,Online,Completed
SO_106175,CUST_0104,PROD_0298,2024-06-01,43,41667,Distributor,Cancelled
SO_106176,CUST_0420,PROD_0253,2024-04-19,53,28726,Online,Pending
SO_106177,CUST_0039,PROD_0091,2024-04-07,346,237356,Direct,Pending
SO_106178,CUST_0406,PROD_0083,2024-07-08,101,36865,Direct,Pending
SO_106179,CUST_0191,PROD_0283,2024-05-13,253,141174,Direct,Pending
SO_106180,CUST_0149,PROD_0298,2024-09-25,330,250800,Direct,Completed
SO_106181,CUST_0162,PROD_0039,2024-06-22,490,99470,Direct,Cancelled
SO_106182,CUST_0161,PROD_0208,2024-08-30,377,155324,Online,Completed
SO_106183,CUST_0353,PROD_0075,2024-09-03,269,160862,Distributor,Cancelled
SO_106184,CUST_0193,PROD_0159,2024-12-20,168,104664,Distributor,Completed
SO_106185,CUST_0034,PROD_0286,2024-10-10,144,32832,Direct,Cancelled
SO_106186,CUST_0141,PROD_0035,2024-06-27,150,25350,Distributor,Pending
SO_106187,CUST_0140,PROD_0139,2024-09-04,14,13062,Distributor,Completed
SO_106188,CUST_0089,PROD_0210,2024-10-01,41,27716,Distributor,Completed
SO_106189,CUST_0237,PROD_0009,2024-04-20,317,246309,Online,Cancelled
SO_106190,CUST_0404,PROD_0084,2024-09-18,146,47012,Online,Cancelled
SO_106191,CUST_0104,PROD_0249,2024-02-10,51,46716,Online,Pending
SO_106192,CUST_0187,PROD_0257,2024-06-18,168,26208,Direct,Cancelled
SO_106193,CUST_0158,PROD_0141,2024-02-07,422,247292,Online,Pending
SO_106194,CUST_0085,PROD_0078,2024-06-03,147,105252,Direct,Pending
SO_106195,CUST_0173,PROD_0097,2024-10-03,291,252588,Direct,Cancelled
SO_106196,CUST_0213,PROD_0005,2024-09-22,421,59782,Distributor,Pending
SO_106197,CUST_0438,PROD_0047,2024-11-24,132,28908,Online,Completed
SO_106198,CUST_0078,PROD_0263,2024-10-08,320,303680,Direct,Pending
SO_106199,CUST_0494,PROD_0268,2024-07-10,463,399569,Direct,Cancelled
SO_106200,CUST_0047,PROD_0059,2024-11-28,448,272384,Online,Completed
SO_106201,CUST_0476,PROD_0292,2024-03-24,379,292588,Direct,Pending
SO_106202,CUST_0073,PROD_0238,2024-01-09,64,21952,Direct,Pending
SO_106203,CUST_0053,PROD_0290,2024-08-30,350,54950,Direct,Cancelled
SO_106204,CUST_0131,PROD_0255,2024-05-25,94,41454,Online,Pending
SO_106205,CUST_0500,PROD_0174,2024-01-18,375,158250,Direct,Cancelled
SO_106206,CUST_0404,PROD_0103,2024-06-19,358,232342,Direct,Pending
SO_106207,CUST_0143,PROD_0069,2024-03-03,185,117660,Online,Completed
SO_106208,CUST_0296,PROD_0003,2024-01-03,299,47840,Distributor,Pending
SO_106209,CUST_0268,PROD_0238,2024-06-04,390,133770,Online,Pending
SO_106210,CUST_0353,PROD_0171,2024-06-18,65,61230,Online,Completed
SO_106211,CUST_0088,PROD_0165,2024-03-06,346,320050,Online,Completed
SO_106212,CUST_0327,PROD_0277,2024-08-17,159,46110,Online,Cancelled
SO_106213,CUST_0193,PROD_0095,2024-02-16,466,445962,Online,Completed
SO_106214,CUST_0457,PROD_0183,2024-12-25,256,118784,Online,Pending
SO_106215,CUST_0466,PROD_0170,2024-08-10,489,474330,Direct,Completed
SO_106216,CUST_0329,PROD_0300,2024-04-10,288,225216,Online,Pending
SO_106217,CUST_0071,PROD_0197,2024-05-10,20,16080,Online,Cancelled
SO_106218,CUST_0156,PROD_0110,2024-06-26,444,261072,Distributor,Pending
SO_106219,CUST_0235,PROD_0165,2024-07-20,207,144486,Online,Completed
SO_106220,CUST_0352,PROD_0159,2024-09-21,482,224612,Distributor,Pending
SO_106221,CUST_0139,PROD_0298,2024-07-10,260,86060,Distributor,Cancelled
SO_106222,CUST_0327,PROD_0191,2024-07-20,424,149672,Online,Pending
SO_106223,CUST_0048,PROD_0162,2024-10-25,223,74928,Online,Completed
SO_106224,CUST_0380,PROD_0047,2024-04-20,411,290577,Direct,Pending
SO_106225,CUST_0069,PROD_0204,2024-11-09,13,12233,Distributor,Pending
SO_106226,CUST_0318,PROD_0135,2024-06-27,423,111249,Online,Completed
SO_106227,CUST_0243,PROD_0234,2024-03-25,405,373815,Direct,Cancelled
SO_106228,CUST_0219,PROD_0291,2024-02-06,434,401016,Online,Cancelled
SO_106229,CUST_0057,PROD_0156,2024-08-14,259,204092,Distributor,Completed
SO_106230,CUST_0353,PROD_0147,2024-07-25,156,53976,Online,Completed
SO_106231,CUST_0415,PROD_0137,2024-03-26,35,12215,Online,Completed
SO_106232,CUST_0484,PROD_0062,2024-03-02,215,154800,Distributor,Completed
SO_106233,CUST_0294,PROD_0252,2024-02-14,465,375255,Online,Cancelled
SO_106234,CUST_0198,PROD_0067,2024-01-31,483,467544,Online,Pending
SO_106235,CUST_0321,PROD_0109,2024-07-10,263,232492,Distributor,Cancelled
SO_106236,CUST_0026,PROD_0088,2024-09-11,460,283360,Direct,Cancelled
SO_106237,CUST_0278,PROD_0082,2024-09-02,302,124424,Direct,Pending
SO_106238,CUST_0451,PROD_0120,2024-12-22,122,99918,Online,Completed
SO_106239,CUST_0192,PROD_0267,2024-02-13,442,381446,Online,Completed
SO_106240,CUST_0315,PROD_0033,2024-12-09,336,314496,Online,Completed
SO_106241,CUST_0165,PROD_0176,2024-05-15,37,4884,Distributor,Completed
SO_106242,CUST_0168,PROD_0239,2024-09-02,352,313984,Direct,Completed
SO_106243,CUST_0484,PROD_0290,2024-11-10,385,339185,Direct,Completed
SO_106244,CUST_0139,PROD_0013,2024-02-06,58,54346,Direct,Completed
SO_106245,CUST_0143,PROD_0195,2024-07-27,26,3848,Online,Completed
SO_106246,CUST_0232,PROD_0270,2024-01-13,276,61824,Online,Pending
SO_106247,CUST_0270,PROD_0080,2024-01-12,452,201592,Online,Pending
SO_106248,CUST_0040,PROD_0168,2024-11-26,37,20202,Distributor,Pending
SO_106249,CUST_0183,PROD_0117,2024-10-16,284,59640,Direct,Completed
SO_106250,CUST_0337,PROD_0240,2024-01-14,448,341376,Online,Cancelled
SO_106251,CUST_0248,PROD_0230,2024-07-07,12,3264,Online,Pending
SO_106252,CUST_0238,PROD_0174,2024-08-24,289,245939,Distributor,Completed
SO_106253,CUST_0349,PROD_0191,2024-12-10,76,47500,Direct,Completed
SO_106254,CUST_0300,PROD_0264,2024-09-07,224,118496,Direct,Pending
SO_106255,CUST_0167,PROD_0245,2024-10-26,56,51912,Direct,Cancelled
SO_106256,CUST_0377,PROD_0228,2024-01-26,131,34715,Online,Completed
SO_106257,CUST_0263,PROD_0094,2024-11-15,496,78368,Direct,Cancelled
SO_106258,CUST_0355,PROD_0196,2024-05-17,61,15738,Distributor,Pending
SO_106259,CUST_0002,PROD_0092,2024-02-10,221,23647,Online,Completed
SO_106260,CUST_0139,PROD_0167,2024-03-01,316,274920,Distributor,Cancelled
SO_106261,CUST_0339,PROD_0227,2024-02-08,172,53664,Direct,Completed
SO_106262,CUST_0031,PROD_0024,2024-11-11,108,17820,Online,Cancelled
SO_106263,CUST_0330,PROD_0112,2024-10-20,193,21616,Distributor,Pending
SO_106264,CUST_0186,PROD_0215,2024-03-18,349,345161,Direct,Pending
SO_106265,CUST_0020,PROD_0154,2024-06-02,128,84224,Direct,Pending
SO_106266,CUST_0218,PROD_0140,2024-04-03,326,127792,Direct,Completed
SO_106267,CUST_0214,PROD_0243,2024-03-16,27,12339,Online,Pending
SO_106268,CUST_0134,PROD_0064,2024-05-02,232,124584,Distributor,Pending
SO_106269,CUST_0115,PROD_0260,2024-11-02,126,98532,Online,Cancelled
SO_106270,CUST_0279,PROD_0262,2024-10-19,258,43086,Online,Cancelled
SO_106271,CUST_0472,PROD_0144,2024-05-28,177,69915,Online,Cancelled
SO_106272,CUST_0315,PROD_0060,2024-10-02,218,84802,Online,Completed
SO_106273,CUST_0258,PROD_0163,2024-10-30,139,25298,Direct,Cancelled
SO_106274,CUST_0359,PROD_0148,2024-04-16,458,215260,Online,Completed
SO_106275,CUST_0297,PROD_0270,2024-01-30,382,204752,Distributor,Cancelled
SO_106276,CUST_0312,PROD_0238,2024-09-17,113,66783,Online,Cancelled
SO_106277,CUST_0155,PROD_0105,2024-01-28,367,187537,Direct,Completed
SO_106278,CUST_0096,PROD_0180,2024-04-21,469,386925,Online,Pending
SO_106279,CUST_0257,PROD_0188,2024-08-07,493,454053,Online,Pending
SO_106280,CUST_0204,PROD_0050,2024-02-16,128,127232,Distributor,Cancelled
SO_106281,CUST_0202,PROD_0121,2024-02-01,407,121693,Online,Cancelled
SO_106282,CUST_0398,PROD_0062,2024-01-03,238,148750,Distributor,Completed
SO_106283,CUST_0455,PROD_0055,2024-05-08,426,215556,Direct,Pending
SO_106284,CUST_0206,PROD_0238,2024-05-05,312,180336,Online,Cancelled
SO_106285,CUST_0470,PROD_0284,2024-05-13,379,314570,Online,Cancelled
SO_106286,CUST_0279,PROD_0236,2024-05-19,119,55097,Online,Completed
SO_106287,CUST_0140,PROD_0239,2024-08-31,312,272064,Online,Pending
SO_106288,CUST_0117,PROD_0236,2024-11-15,133,41629,Distributor,Cancelled
SO_106289,CUST_0320,PROD_0230,2024-12-22,472,183136,Distributor,Cancelled
SO_106290,CUST_0022,PROD_0107,2024-03-16,275,199100,Direct,Completed
SO_106291,CUST_0228,PROD_0193,2024-11-30,182,137774,Direct,Cancelled
SO_106292,CUST_0247,PROD_0213,2024-08-27,426,271362,Direct,Cancelled
SO_106293,CUST_0181,PROD_0005,2024-08-29,454,384538,Online,Completed
SO_106294,CUST_0074,PROD_0147,2024-10-21,101,74942,Direct,Completed
SO_106295,CUST_0057,PROD_0187,2024-10-28,394,380210,Direct,Cancelled
SO_106296,CUST_0127,PROD_0143,2024-07-02,27,17658,Direct,Cancelled
SO_106297,CUST_0354,PROD_0022,2024-08-09,82,21074,Direct,Pending
SO_106298,CUST_0391,PROD_0294,2024-02-13,489,279708,Direct,Pending
SO_106299,CUST_0283,PROD_0092,2024-05-14,149,138570,Direct,Pending
SO_106300,CUST_0030,PROD_0099,2024-02-20,177,82659,Direct,Pending
SO_106301,CUST_0090,PROD_0194,2024-09-11,324,244620,Direct,Pending
SO_106302,CUST_0035,PROD_0018,2024-11-21,282,53016,Online,Completed
SO_106303,CUST_0273,PROD_0296,2024-02-25,230,23690,Online,Completed
SO_106304,CUST_0251,PROD_0018,2024-02-25,129,65274,Online,Pending
SO_106305,CUST_0185,PROD_0039,2024-12-09,342,330372,Distributor,Completed
SO_106306,CUST_0082,PROD_0025,2024-07-25,396,62568,Online,Pending
SO_106307,CUST_0259,PROD_0138,2024-09-02,194,43068,Direct,Pending
SO_106308,CUST_0401,PROD_0094,2024-07-03,383,117581,Online,Pending
SO_106309,CUST_0128,PROD_0085,2024-12-11,419,56146,Direct,Pending
SO_106310,CUST_0326,PROD_0283,2024-03-13,323,188309,Distributor,Pending
SO_106311,CUST_0107,PROD_0072,2024-09-18,380,357580,Online,Completed
SO_106312,CUST_0282,PROD_0063,2024-06-03,119,55216,Direct,Completed
SO_106313,CUST_0129,PROD_0263,2024-05-09,90,84600,Distributor,Pending
SO_106314,CUST_0347,PROD_0110,2024-02-19,423,193311,Online,Pending
SO_106315,CUST_0269,PROD_0264,2024-08-25,363,319077,Distributor,Cancelled
SO_106316,CUST_0097,PROD_0111,2024-06-07,305,53680,Online,Pending
SO_106317,CUST_0480,PROD_0105,2024-12-27,127,49403,Direct,Cancelled
SO_106318,CUST_0466,PROD_0196,2024-08-21,148,130092,Online,Completed
SO_106319,CUST_0170,PROD_0150,2024-11-26,118,65490,Online,Cancelled
SO_106320,CUST_0046,PROD_0208,2024-01-19,385,158235,Direct,Pending
SO_106321,CUST_0485,PROD_0174,2024-09-09,33,15114,Distributor,Pending
SO_106322,CUST_0204,PROD_0225,2024-06-19,216,165888,Distributor,Cancelled
SO_106323,CUST_0217,PROD_0098,2024-10-17,474,306204,Direct,Cancelled
SO_106324,CUST_0116,PROD_0286,2024-11-18,44,40920,Online,Pending
SO_106325,CUST_0028,PROD_0246,2024-09-18,275,270325,Online,Completed
SO_106326,CUST_0326,PROD_0044,2024-04-22,51,17085,Online,Cancelled
SO_106327,CUST_0334,PROD_0196,2024-04-09,476,216104,Online,Pending
SO_106328,CUST_0322,PROD_0289,2024-10-09,202,68478,Distributor,Cancelled
SO_106329,CUST_0411,PROD_0063,2024-12-15,94,14946,Distributor,Cancelled
SO_106330,CUST_0270,PROD_0042,2024-04-18,424,308248,Distributor,Pending
SO_106331,CUST_0152,PROD_0181,2024-03-21,412,181692,Distributor,Completed
SO_106332,CUST_0483,PROD_0190,2024-09-21,201,147132,Online,Completed
SO_106333,CUST_0162,PROD_0289,2024-08-09,210,68250,Direct,Pending
SO_106334,CUST_0191,PROD_0287,2024-02-01,338,103428,Distributor,Cancelled
SO_106335,CUST_0259,PROD_0212,2024-01-25,186,61194,Online,Completed
SO_106336,CUST_0275,PROD_0264,2024-05-16,146,33726,Distributor,Completed
SO_106337,CUST_0401,PROD_0232,2024-05-04,331,183043,Online,Completed
SO_106338,CUST_0476,PROD_0042,2024-07-13,228,46284,Distributor,Cancelled
SO_106339,CUST_0390,PROD_0230,2024-10-12,492,62484,Distributor,Completed
SO_106340,CUST_0359,PROD_0226,2024-12-23,83,74202,Direct,Completed
SO_106341,CUST_0428,PROD_0070,2024-09-26,54,50112,Distributor,Completed
SO_106342,CUST_0411,PROD_0035,2024-09-15,315,162855,Online,Cancelled
SO_106343,CUST_0206,PROD_0113,2024-04-10,122,117486,Direct,Cancelled
SO_106344,CUST_0066,PROD_0040,2024-04-22,400,185200,Direct,Cancelled
SO_106345,CUST_0078,PROD_0255,2024-03-02,19,6004,Online,Cancelled
SO_106346,CUST_0284,PROD_0193,2024-04-03,388,209520,Online,Pending
SO_106347,CUST_0399,PROD_0138,2024-08-30,54,29538,Direct,Completed
SO_106348,CUST_0469,PROD_0050,2024-06-12,302,212910,Online,Completed
SO_106349,CUST_0211,PROD_0283,2024-09-22,426,48138,Distributor,Pending
SO_106350,CUST_0108,PROD_0006,2024-07-12,36,14148,Direct,Cancelled
SO_106351,CUST_0288,PROD_0231,2024-06-30,13,11258,Distributor,Cancelled
SO_106352,CUST_0394,PROD_0162,2024-01-22,59,29618,Distributor,Completed
SO_106353,CUST_0155,PROD_0039,2024-12-24,441,249606,Direct,Completed
SO_106354,CUST_0388,PROD_0124,2024-12-19,372,119412,Online,Completed
SO_106355,CUST_0117,PROD_0231,2024-08-28,421,106092,Direct,Completed
SO_106356,CUST_0303,PROD_0084,2024-03-16,205,27060,Online,Cancelled
SO_106357,CUST_0444,PROD_0279,2024-05-23,331,297569,Direct,Completed
SO_106358,CUST_0380,PROD_0278,2024-07-01,451,168223,Distributor,Cancelled
SO_106359,CUST_0297,PROD_0008,2024-06-02,115,97290,Direct,Completed
SO_106360,CUST_0143,PROD_0074,2024-08-18,446,317106,Distributor,Completed
SO_106361,CUST_0041,PROD_0171,2024-07-14,39,29406,Online,Cancelled
SO_106362,CUST_0018,PROD_0299,2024-11-05,418,194788,Direct,Pending
SO_106363,CUST_0085,PROD_0173,2024-02-21,432,106704,Direct,Completed
SO_106364,CUST_0180,PROD_0158,2024-05-09,107,66768,Direct,Cancelled
SO_106365,CUST_0407,PROD_0073,2024-09-12,11,4180,Distributor,Completed
SO_106366,CUST_0341,PROD_0191,2024-07-08,161,132503,Distributor,Pending
SO_106367,CUST_0233,PROD_0079,2024-02-05,280,144480,Online,Pending
SO_106368,CUST_0144,PROD_0167,2024-07-24,446,241732,Distributor,Pending
SO_106369,CUST_0189,PROD_0047,2024-03-11,32,8896,Distributor,Cancelled
SO_106370,CUST_0196,PROD_0241,2024-11-22,481,130351,Direct,Cancelled
SO_106371,CUST_0072,PROD_0224,2024-10-26,155,15965,Distributor,Completed
SO_106372,CUST_0323,PROD_0050,2024-01-03,293,149430,Distributor,Completed
SO_106373,CUST_0197,PROD_0169,2024-08-06,334,135270,Distributor,Completed
SO_106374,CUST_0346,PROD_0038,2024-02-15,198,102564,Direct,Cancelled
SO_106375,CUST_0381,PROD_0082,2024-09-11,233,45435,Distributor,Pending
SO_106376,CUST_0152,PROD_0263,2024-08-28,90,48600,Direct,Completed
SO_106377,CUST_0326,PROD_0149,2024-04-09,261,39150,Distributor,Pending
SO_106378,CUST_0481,PROD_0187,2024-06-07,215,116745,Distributor,Cancelled
SO_106379,CUST_0310,PROD_0275,2024-11-09,472,237888,Online,Completed
SO_106380,CUST_0060,PROD_0122,2024-07-05,19,2166,Direct,Cancelled
SO_106381,CUST_0417,PROD_0170,2024-09-29,146,141328,Distributor,Pending
SO_106382,CUST_0474,PROD_0185,2024-06-08,67,12596,Distributor,Cancelled
SO_106383,CUST_0127,PROD_0077,2024-08-13,467,260119,Direct,Cancelled
SO_106384,CUST_0030,PROD_0142,2024-01-05,97,22698,Direct,Completed
SO_106385,CUST_0103,PROD_0256,2024-11-16,352,205216,Direct,Completed
SO_106386,CUST_0118,PROD_0268,2024-08-23,375,49125,Online,Cancelled
SO_106387,CUST_0292,PROD_0004,2024-04-07,461,266458,Online,Completed
SO_106388,CUST_0176,PROD_0151,2024-06-20,161,66493,Direct,Completed
SO_106389,CUST_0305,PROD_0065,2024-01-25,82,32226,Direct,Pending
SO_106390,CUST_0146,PROD_0006,2024-03-22,392,105056,Online,Pending
SO_106391,CUST_0259,PROD_0212,2024-10-20,73,57743,Direct,Cancelled
SO_106392,CUST_0494,PROD_0017,2024-05-16,489,67971,Online,Pending
SO_106393,CUST_0263,PROD_0288,2024-07-18,143,74074,Online,Pending
SO_106394,CUST_0284,PROD_0239,2024-09-23,341,210397,Direct,Cancelled
SO_106395,CUST_0095,PROD_0296,2024-05-09,310,70060,Online,Pending
SO_106396,CUST_0012,PROD_0226,2024-04-09,404,361984,Online,Pending
SO_106397,CUST_0495,PROD_0208,2024-07-19,460,197340,Online,Completed
SO_106398,CUST_0238,PROD_0006,2024-11-18,238,170884,Direct,Completed
SO_106399,CUST_0371,PROD_0043,2024-05-02,17,3859,Distributor,Completed
SO_106400,CUST_0299,PROD_0177,2024-02-03,263,172265,Online,Cancelled
SO_106401,CUST_0412,PROD_0255,2024-12-24,470,461070,Distributor,Cancelled
SO_106402,CUST_0249,PROD_0017,2024-04-26,11,1529,Distributor,Pending
SO_106403,CUST_0056,PROD_0067,2024-11-17,177,48852,Distributor,Completed
SO_106404,CUST_0358,PROD_0289,2024-05-15,172,49880,Direct,Pending
SO_106405,CUST_0057,PROD_0036,2024-11-03,90,72180,Distributor,Pending
SO_106406,CUST_0051,PROD_0074,2024-04-27,427,337757,Direct,Completed
SO_106407,CUST_0438,PROD_0037,2024-03-25,109,82840,Distributor,Pending
SO_106408,CUST_0251,PROD_0258,2024-04-01,303,211797,Direct,Cancelled
SO_106409,CUST_0485,PROD_0099,2024-09-19,347,147128,Direct,Cancelled
SO_106410,CUST_0371,PROD_0041,2024-09-15,492,357684,Distributor,Cancelled
SO_106411,CUST_0135,PROD_0296,2024-02-10,483,244881,Distributor,Pending
SO_106412,CUST_0086,PROD_0165,2024-05-08,260,122720,Online,Pending
SO_106413,CUST_0112,PROD_0184,2024-05-15,240,144000,Direct,Completed
SO_106414,CUST_0234,PROD_0283,2024-05-09,486,195858,Distributor,Cancelled
SO_106415,CUST_0001,PROD_0113,2024-01-15,138,54924,Distributor,Pending
SO_106416,CUST_0137,PROD_0067,2024-04-03,298,233632,Online,Pending
SO_106417,CUST_0376,PROD_0235,2024-11-08,412,92288,Online,Cancelled
SO_106418,CUST_0156,PROD_0145,2024-07-02,264,134640,Distributor,Pending
SO_106419,CUST_0314,PROD_0273,2024-07-09,407,402116,Distributor,Completed
SO_106420,CUST_0439,PROD_0297,2024-08-05,144,104832,Online,Completed
SO_106421,CUST_0397,PROD_0005,2024-11-25,316,112496,Direct,Pending
SO_106422,CUST_0196,PROD_0188,2024-10-30,44,4928,Distributor,Pending
SO_106423,CUST_0170,PROD_0249,2024-01-01,211,198129,Distributor,Pending
SO_106424,CUST_0411,PROD_0062,2024-01-08,446,309524,Online,Cancelled
SO_106425,CUST_0120,PROD_0093,2024-04-04,80,8320,Distributor,Completed
SO_106426,CUST_0486,PROD_0300,2024-12-17,420,408660,Online,Cancelled
SO_106427,CUST_0459,PROD_0006,2024-01-11,269,186417,Direct,Pending
SO_106428,CUST_0405,PROD_0097,2024-05-28,31,9238,Distributor,Cancelled
SO_106429,CUST_0043,PROD_0096,2024-09-15,367,68629,Distributor,Completed
SO_106430,CUST_0159,PROD_0249,2024-06-14,167,21543,Distributor,Pending
SO_106431,CUST_0090,PROD_0180,2024-07-22,277,151242,Direct,Cancelled
SO_106432,CUST_0492,PROD_0040,2024-01-31,424,355736,Online,Completed
SO_106433,CUST_0427,PROD_0282,2024-02-07,414,93978,Online,Pending
SO_106434,CUST_0343,PROD_0139,2024-09-21,140,88620,Distributor,Pending
SO_106435,CUST_0319,PROD_0040,2024-05-07,226,30962,Distributor,Pending
SO_106436,CUST_0372,PROD_0244,2024-01-17,452,280692,Distributor,Completed
SO_106437,CUST_0421,PROD_0245,2024-05-18,475,367650,Direct,Pending
SO_106438,CUST_0177,PROD_0122,2024-09-04,15,12615,Direct,Completed
SO_106439,CUST_0089,PROD_0065,2024-03-31,23,3841,Online,Pending
SO_106440,CUST_0196,PROD_0009,2024-03-25,47,31490,Online,Completed
SO_106441,CUST_0064,PROD_0298,2024-05-31,192,67008,Direct,Completed
SO_106442,CUST_0099,PROD_0235,2024-09-04,91,59332,Distributor,Completed
SO_106443,CUST_0384,PROD_0175,2024-07-25,364,56784,Direct,Completed
SO_106444,CUST_0256,PROD_0115,2024-01-22,282,148332,Online,Completed
SO_106445,CUST_0065,PROD_0051,2024-12-05,282,237444,Distributor,Cancelled
SO_106446,CUST_0022,PROD_0014,2024-09-24,150,51600,Direct,Completed
SO_106447,CUST_0154,PROD_0202,2024-02-07,338,165958,Direct,Pending
SO_106448,CUST_0273,PROD_0042,2024-07-26,242,34122,Distributor,Completed
SO_106449,CUST_0448,PROD_0008,2024-09-05,76,70072,Direct,Completed
SO_106450,CUST_0480,PROD_0175,2024-11-11,436,83276,Distributor,Completed
SO_106451,CUST_0182,PROD_0202,2024-01-13,232,26680,Online,Pending
SO_106452,CUST_0459,PROD_0176,2024-01-12,331,283005,Distributor,Cancelled
SO_106453,CUST_0247,PROD_0086,2024-12-14,220,194700,Distributor,Cancelled
SO_106454,CUST_0403,PROD_0004,2024-07-21,481,114478,Online,Cancelled
SO_106455,CUST_0383,PROD_0134,2024-03-03,463,145845,Online,Cancelled
SO_106456,CUST_0390,PROD_0011,2024-07-26,356,124956,Distributor,Pending
SO_106457,CUST_0226,PROD_0271,2024-09-13,61,9089,Online,Cancelled
SO_106458,CUST_0129,PROD_0134,2024-08-13,293,273076,Online,Cancelled
SO_106459,CUST_0114,PROD_0210,2024-10-15,47,21291,Online,Cancelled
SO_106460,CUST_0375,PROD_0210,2024-01-02,31,7130,Distributor,Pending
SO_106461,CUST_0331,PROD_0131,2024-01-31,446,354570,Distributor,Cancelled
SO_106462,CUST_0235,PROD_0047,2024-01-29,147,135828,Direct,Pending
SO_106463,CUST_0115,PROD_0080,2024-02-25,141,42582,Online,Completed
SO_106464,CUST_0157,PROD_0188,2024-01-19,164,149732,Distributor,Pending
SO_106465,CUST_0331,PROD_0102,2024-03-31,230,118450,Online,Completed
SO_106466,CUST_0124,PROD_0153,2024-07-18,308,301224,Online,Cancelled
SO_106467,CUST_0317,PROD_0264,2024-06-11,338,321100,Distributor,Cancelled
SO_106468,CUST_0171,PROD_0003,2024-09-15,38,11742,Online,Completed
SO_106469,CUST_0092,PROD_0086,2024-12-18,320,88000,Distributor,Completed
SO_106470,CUST_0435,PROD_0023,2024-09-08,78,75348,Online,Completed
SO_106471,CUST_0250,PROD_0211,2024-05-06,338,96668,Online,Pending
SO_106472,CUST_0165,PROD_0170,2024-04-23,206,25750,Distributor,Pending
SO_106473,CUST_0014,PROD_0246,2024-12-29,141,35109,Online,Cancelled
SO_106474,CUST_0179,PROD_0281,2024-03-08,63,35595,Distributor,Completed
SO_106475,CUST_0311,PROD_0073,2024-04-03,162,133650,Distributor,Pending
SO_106476,CUST_0337,PROD_0212,2024-12-08,483,325542,Online,Pending
SO_106477,CUST_0241,PROD_0085,2024-01-22,145,109910,Online,Cancelled
SO_106478,CUST_0448,PROD_0160,2024-07-13,389,75077,Direct,Pending
SO_106479,CUST_0216,PROD_0044,2024-10-03,70,49630,Online,Completed
SO_106480,CUST_0179,PROD_0151,2024-07-09,483,140553,Online,Completed
SO_106481,CUST_0065,PROD_0291,2024-04-18,310,300390,Online,Pending
SO_106482,CUST_0244,PROD_0189,2024-08-22,80,36720,Distributor,Pending
SO_106483,CUST_0046,PROD_0113,2024-03-26,160,103520,Online,Cancelled
SO_106484,CUST_0155,PROD_0098,2024-10-28,382,207808,Direct,Pending
SO_106485,CUST_0269,PROD_0166,2024-06-18,211,78281,Distributor,Completed
SO_106486,CUST_0093,PROD_0259,2024-06-28,270,55620,Online,Completed
SO_106487,CUST_0428,PROD_0193,2024-05-15,62,13702,Distributor,Completed
SO_106488,CUST_0472,PROD_0126,2024-05-20,234,136656,Distributor,Completed
SO_106489,CUST_0491,PROD_0133,2024-07-20,398,296908,Distributor,Cancelled
SO_106490,CUST_0276,PROD_0080,2024-05-03,332,182932,Online,Completed
SO_106491,CUST_0002,PROD_0072,2024-08-24,112,63392,Distributor,Completed
SO_106492,CUST_0063,PROD_0105,2024-02-15,219,28908,Distributor,Completed
SO_106493,CUST_0165,PROD_0213,2024-07-08,92,41952,Distributor,Completed
SO_106494,CUST_0099,PROD_0045,2024-05-18,417,330264,Distributor,Completed
SO_106495,CUST_0039,PROD_0208,2024-03-12,491,245500,Online,Cancelled
SO_106496,CUST_0111,PROD_0290,2024-03-26,313,291090,Online,Pending
SO_106497,CUST_0153,PROD_0097,2024-03-08,13,4459,Direct,Cancelled
SO_106498,CUST_0057,PROD_0291,2024-10-29,481,54353,Distributor,Pending
SO_106499,CUST_0143,PROD_0075,2024-04-06,108,66420,Direct,Cancelled
SO_106500,CUST_0463,PROD_0297,2024-07-08,54,48978,Online,Completed
SO_106501,CUST_0314,PROD_0179,2024-06-30,222,214896,Direct,Pending
SO_106502,CUST_0351,PROD_0054,2024-08-03,442,91052,Distributor,Pending
SO_106503,CUST_0121,PROD_0231,2024-08-19,421,118301,Online,Cancelled
SO_106504,CUST_0453,PROD_0268,2024-12-04,186,75516,Direct,Pending
SO_106505,CUST_0187,PROD_0077,2024-01-02,120,110760,Online,Cancelled
SO_106506,CUST_0156,PROD_0163,2024-10-12,304,139840,Distributor,Completed
SO_106507,CUST_0195,PROD_0080,2024-04-09,399,182742,Direct,Completed
SO_106508,CUST_0306,PROD_0076,2024-07-08,132,20988,Direct,Cancelled
SO_106509,CUST_0258,PROD_0089,2024-11-03,38,35986,Online,Completed
SO_106510,CUST_0006,PROD_0287,2024-02-27,169,75036,Online,Cancelled
SO_106511,CUST_0208,PROD_0088,2024-09-30,199,193030,Direct,Completed
SO_106512,CUST_0477,PROD_0046,2024-04-15,240,238080,Direct,Cancelled
SO_106513,CUST_0349,PROD_0270,2024-01-04,207,174294,Direct,Completed
SO_106514,CUST_0041,PROD_0207,2024-08-02,196,104272,Direct,Completed
SO_106515,CUST_0241,PROD_0282,2024-08-09,381,112395,Direct,Completed
SO_106516,CUST_0347,PROD_0250,2024-07-01,332,285188,Direct,Completed
SO_106517,CUST_0416,PROD_0020,2024-10-24,37,26936,Online,Pending
SO_106518,CUST_0300,PROD_0220,2024-08-25,384,257664,Online,Pending
SO_106519,CUST_0117,PROD_0166,2024-08-03,128,127104,Direct,Completed
SO_106520,CUST_0126,PROD_0204,2024-05-30,214,31458,Direct,Completed
SO_106521,CUST_0307,PROD_0159,2024-08-21,280,163520,Distributor,Pending
SO_106522,CUST_0386,PROD_0249,2024-11-14,34,30906,Distributor,Cancelled
SO_106523,CUST_0192,PROD_0006,2024-08-31,268,64320,Distributor,Pending
SO_106524,CUST_0023,PROD_0144,2024-10-27,283,124237,Direct,Pending
SO_106525,CUST_0317,PROD_0249,2024-10-09,356,314704,Online,Pending
SO_106526,CUST_0468,PROD_0054,2024-02-27,83,69803,Online,Pending
SO_106527,CUST_0461,PROD_0017,2024-10-30,77,59136,Distributor,Completed
SO_106528,CUST_0260,PROD_0203,2024-07-20,323,53618,Distributor,Pending
SO_106529,CUST_0213,PROD_0042,2024-05-05,185,77330,Distributor,Completed
SO_106530,CUST_0162,PROD_0133,2024-07-10,441,217854,Direct,Pending
SO_106531,CUST_0374,PROD_0156,2024-07-06,50,24950,Direct,Cancelled
SO_106532,CUST_0344,PROD_0193,2024-10-16,113,57178,Online,Cancelled
SO_106533,CUST_0063,PROD_0056,2024-05-06,254,233426,Online,Pending
SO_106534,CUST_0139,PROD_0195,2024-08-01,136,17952,Distributor,Completed
SO_106535,CUST_0180,PROD_0282,2024-11-05,267,250446,Online,Pending
SO_106536,CUST_0403,PROD_0016,2024-10-08,154,37576,Online,Cancelled
SO_106537,CUST_0137,PROD_0011,2024-02-03,356,111072,Online,Completed
SO_106538,CUST_0129,PROD_0063,2024-06-19,329,33229,Online,Pending
SO_106539,CUST_0480,PROD_0056,2024-08-07,260,247520,Distributor,Completed
SO_106540,CUST_0181,PROD_0097,2024-10-15,402,325620,Direct,Pending
SO_106541,CUST_0131,PROD_0159,2024-07-31,219,33069,Direct,Completed
SO_106542,CUST_0163,PROD_0132,2024-08-19,436,250264,Online,Cancelled
SO_106543,CUST_0482,PROD_0027,2024-03-13,257,33924,Distributor,Pending
SO_106544,CUST_0108,PROD_0285,2024-06-09,185,118585,Online,Cancelled
SO_106545,CUST_0437,PROD_0279,2024-08-31,302,73386,Direct,Pending
SO_106546,CUST_0141,PROD_0140,2024-06-24,207,169119,Distributor,Pending
SO_106547,CUST_0268,PROD_0259,2024-11-05,289,36703,Online,Pending
SO_106548,CUST_0111,PROD_0149,2024-02-24,478,215578,Direct,Pending
SO_106549,CUST_0126,PROD_0245,2024-06-22,126,28098,Distributor,Completed
SO_106550,CUST_0257,PROD_0155,2024-04-22,69,64032,Online,Cancelled
SO_106551,CUST_0250,PROD_0226,2024-06-27,205,157235,Direct,Pending
SO_106552,CUST_0162,PROD_0092,2024-11-23,39,6474,Direct,Cancelled
SO_106553,CUST_0377,PROD_0233,2024-08-28,39,12363,Online,Pending
SO_106554,CUST_0168,PROD_0239,2024-08-21,166,109560,Distributor,Completed
SO_106555,CUST_0157,PROD_0196,2024-10-11,35,10430,Direct,Pending
SO_106556,CUST_0353,PROD_0223,2024-08-24,500,73500,Online,Completed
SO_106557,CUST_0273,PROD_0110,2024-11-06,176,20064,Distributor,Pending
SO_106558,CUST_0223,PROD_0250,2024-06-01,43,7396,Online,Completed
SO_106559,CUST_0232,PROD_0045,2024-10-09,446,257342,Distributor,Pending
SO_106560,CUST_0122,PROD_0232,2024-06-24,224,67424,Distributor,Pending
SO_106561,CUST_0021,PROD_0118,2024-04-02,156,88764,Direct,Completed
SO_106562,CUST_0170,PROD_0120,2024-05-18,256,245504,Online,Completed
SO_106563,CUST_0077,PROD_0120,2024-02-22,44,30844,Distributor,Pending
SO_106564,CUST_0352,PROD_0044,2024-05-21,192,110208,Direct,Pending
SO_106565,CUST_0463,PROD_0200,2024-06-05,462,55440,Direct,Completed
SO_106566,CUST_0305,PROD_0170,2024-12-30,333,159174,Distributor,Completed
SO_106567,CUST_0422,PROD_0096,2024-05-08,215,158670,Online,Pending
SO_106568,CUST_0138,PROD_0026,2024-02-02,270,203310,Online,Completed
SO_106569,CUST_0191,PROD_0270,2024-02-23,194,175570,Distributor,Completed
SO_106570,CUST_0175,PROD_0053,2024-06-29,236,107616,Direct,Pending
SO_106571,CUST_0048,PROD_0157,2024-08-15,73,7300,Distributor,Pending
SO_106572,CUST_0247,PROD_0234,2024-02-11,347,213752,Online,Pending
SO_106573,CUST_0434,PROD_0016,2024-11-14,40,25560,Distributor,Pending
SO_106574,CUST_0077,PROD_0252,2024-05-09,408,401880,Online,Pending
SO_106575,CUST_0141,PROD_0022,2024-08-03,41,31283,Distributor,Cancelled
SO_106576,CUST_0327,PROD_0243,2024-10-01,396,135828,Distributor,Pending
SO_106577,CUST_0062,PROD_0080,2024-07-16,273,70707,Direct,Completed
SO_106578,CUST_0211,PROD_0290,2024-07-11,62,39494,Online,Cancelled
SO_106579,CUST_0237,PROD_0270,2024-08-18,343,114219,Direct,Pending
SO_106580,CUST_0078,PROD_0100,2024-11-14,291,289836,Distributor,Pending
SO_106581,CUST_0204,PROD_0187,2024-06-09,252,179172,Online,Pending
SO_106582,CUST_0260,PROD_0289,2024-12-26,455,124215,Online,Cancelled
SO_106583,CUST_0345,PROD_0181,2024-05-03,94,76328,Distributor,Completed
SO_106584,CUST_0031,PROD_0056,2024-10-07,147,59388,Direct,Cancelled
SO_106585,CUST_0443,PROD_0153,2024-02-24,193,113484,Online,Pending
SO_106586,CUST_0229,PROD_0077,2024-11-21,14,9464,Direct,Cancelled
SO_106587,CUST_0453,PROD_0235,2024-08-02,21,2898,Distributor,Completed
SO_106588,CUST_0016,PROD_0249,2024-04-14,176,70752,Direct,Pending
SO_106589,CUST_0371,PROD_0206,2024-09-30,306,159120,Distributor,Cancelled
SO_106590,CUST_0188,PROD_0126,2024-05-26,487,288791,Direct,Cancelled
SO_106591,CUST_0132,PROD_0277,2024-06-22,143,21164,Direct,Completed
SO_106592,CUST_0311,PROD_0021,2024-01-09,237,183912,Distributor,Completed
SO_106593,CUST_0106,PROD_0232,2024-08-11,312,130104,Online,Completed
SO_106594,CUST_0346,PROD_0282,2024-05-17,439,103165,Direct,Pending
SO_106595,CUST_0172,PROD_0091,2024-06-03,145,37845,Online,Completed
SO_106596,CUST_0143,PROD_0162,2024-09-26,383,116815,Distributor,Pending
SO_106597,CUST_0175,PROD_0060,2024-01-28,80,24080,Online,Pending
SO_106598,CUST_0049,PROD_0076,2024-05-21,294,137592,Distributor,Completed
SO_106599,CUST_0373,PROD_0198,2024-05-29,450,422100,Online,Completed
SO_106600,CUST_0035,PROD_0020,2024-08-24,496,235104,Online,Cancelled
SO_106601,CUST_0424,PROD_0016,2024-11-11,316,200344,Online,Completed
SO_106602,CUST_0209,PROD_0225,2024-01-04,217,148862,Online,Cancelled
SO_106603,CUST_0046,PROD_0213,2024-05-03,311,301981,Online,Cancelled
SO_106604,CUST_0257,PROD_0148,2024-09-21,470,424880,Distributor,Completed
SO_106605,CUST_0195,PROD_0271,2024-04-23,74,30118,Distributor,Pending
SO_106606,CUST_0129,PROD_0209,2024-10-23,341,192324,Distributor,Cancelled
SO_106607,CUST_0025,PROD_0187,2024-03-08,71,15762,Direct,Pending
SO_106608,CUST_0248,PROD_0093,2024-07-16,255,213180,Online,Completed
SO_106609,CUST_0037,PROD_0223,2024-11-05,257,198918,Distributor,Cancelled
SO_106610,CUST_0047,PROD_0007,2024-06-24,191,145733,Direct,Cancelled
SO_106611,CUST_0398,PROD_0172,2024-06-07,54,22518,Direct,Cancelled
SO_106612,CUST_0156,PROD_0264,2024-11-26,95,17005,Direct,Pending
SO_106613,CUST_0025,PROD_0007,2024-05-15,195,170820,Distributor,Completed
SO_106614,CUST_0014,PROD_0263,2024-04-05,67,28944,Direct,Pending
SO_106615,CUST_0483,PROD_0055,2024-09-08,228,25080,Distributor,Completed
SO_106616,CUST_0007,PROD_0285,2024-04-24,377,172289,Direct,Cancelled
SO_106617,CUST_0197,PROD_0221,2024-11-12,105,90300,Online,Completed
SO_106618,CUST_0329,PROD_0022,2024-03-26,262,132834,Direct,Completed
SO_106619,CUST_0305,PROD_0212,2024-11-04,33,19173,Online,Pending
SO_106620,CUST_0117,PROD_0030,2024-01-07,83,59013,Distributor,Cancelled
SO_106621,CUST_0346,PROD_0092,2024-08-08,190,99750,Distributor,Cancelled
SO_106622,CUST_0329,PROD_0214,2024-08-20,151,45451,Distributor,Cancelled
SO_106623,CUST_0495,PROD_0228,2024-12-02,54,40554,Direct,Completed
SO_106624,CUST_0085,PROD_0024,2024-08-19,107,25787,Distributor,Pending
SO_106625,CUST_0464,PROD_0233,2024-11-27,408,371688,Direct,Pending
SO_106626,CUST_0020,PROD_0144,2024-08-03,370,333000,Online,Cancelled
SO_106627,CUST_0324,PROD_0023,2024-02-20,257,234384,Direct,Completed
SO_106628,CUST_0171,PROD_0150,2024-05-22,338,103428,Direct,Completed
SO_106629,CUST_0161,PROD_0194,2024-08-25,52,43628,Online,Cancelled
SO_106630,CUST_0241,PROD_0104,2024-05-11,193,29143,Online,Pending
SO_106631,CUST_0151,PROD_0285,2024-09-29,27,14958,Direct,Cancelled
SO_106632,CUST_0393,PROD_0160,2024-10-14,94,63074,Online,Completed
SO_106633,CUST_0403,PROD_0169,2024-09-05,460,301300,Distributor,Cancelled
SO_106634,CUST_0279,PROD_0201,2024-05-25,259,178451,Online,Completed
SO_106635,CUST_0113,PROD_0042,2024-11-09,418,230736,Direct,Pending
SO_106636,CUST_0114,PROD_0208,2024-10-23,314,81640,Online,Cancelled
SO_106637,CUST_0387,PROD_0203,2024-02-21,54,10422,Online,Pending
SO_106638,CUST_0346,PROD_0155,2024-01-10,115,35650,Direct,Pending
SO_106639,CUST_0266,PROD_0298,2024-04-03,216,38232,Online,Pending
SO_106640,CUST_0388,PROD_0136,2024-05-18,392,170912,Distributor,Cancelled
SO_106641,CUST_0485,PROD_0250,2024-12-09,236,148208,Online,Cancelled
SO_106642,CUST_0209,PROD_0285,2024-11-27,466,104850,Direct,Completed
SO_106643,CUST_0443,PROD_0174,2024-07-01,14,2450,Distributor,Completed
SO_106644,CUST_0154,PROD_0162,2024-04-19,258,28896,Direct,Cancelled
SO_106645,CUST_0201,PROD_0240,2024-03-08,436,387604,Direct,Pending
SO_106646,CUST_0322,PROD_0156,2024-01-15,16,13808,Online,Cancelled
SO_106647,CUST_0141,PROD_0010,2024-09-06,114,51414,Online,Pending
SO_106648,CUST_0156,PROD_0008,2024-06-23,479,387990,Distributor,Pending
SO_106649,CUST_0126,PROD_0203,2024-05-03,174,154338,Online,Cancelled
SO_106650,CUST_0344,PROD_0080,2024-11-20,19,18069,Online,Cancelled
SO_106651,CUST_0114,PROD_0115,2024-08-14,401,306765,Direct,Completed
SO_106652,CUST_0470,PROD_0007,2024-06-12,79,36814,Direct,Completed
SO_106653,CUST_0373,PROD_0197,2024-07-10,37,30488,Online,Completed
SO_106654,CUST_0439,PROD_0020,2024-06-26,276,248124,Distributor,Cancelled
SO_106655,CUST_0462,PROD_0200,2024-10-30,313,274188,Direct,Completed
SO_106656,CUST_0054,PROD_0187,2024-05-29,124,94736,Direct,Cancelled
SO_106657,CUST_0421,PROD_0150,2024-04-20,259,142709,Online,Pending
SO_106658,CUST_0334,PROD_0197,2024-12-13,332,231404,Direct,Pending
SO_106659,CUST_0116,PROD_0024,2024-03-29,327,101370,Direct,Pending
SO_106660,CUST_0191,PROD_0283,2024-04-23,441,44100,Distributor,Pending
SO_106661,CUST_0368,PROD_0197,2024-01-22,279,234360,Online,Cancelled
SO_106662,CUST_0296,PROD_0085,2024-09-07,400,387200,Direct,Completed
SO_106663,CUST_0068,PROD_0259,2024-11-13,80,14000,Distributor,Pending
SO_106664,CUST_0221,PROD_0231,2024-04-22,459,334611,Online,Cancelled
SO_106665,CUST_0428,PROD_0045,2024-07-03,427,204106,Online,Completed
SO_106666,CUST_0011,PROD_0031,2024-03-22,442,78676,Direct,Cancelled
SO_106667,CUST_0107,PROD_0047,2024-03-02,201,182709,Distributor,Pending
SO_106668,CUST_0410,PROD_0041,2024-03-31,157,147894,Direct,Completed
SO_106669,CUST_0430,PROD_0077,2024-10-09,255,185895,Online,Pending
SO_106670,CUST_0289,PROD_0240,2024-05-05,11,10714,Distributor,Completed
SO_106671,CUST_0425,PROD_0057,2024-01-27,135,31185,Distributor,Completed
SO_106672,CUST_0126,PROD_0002,2024-05-23,468,307008,Online,Pending
SO_106673,CUST_0173,PROD_0169,2024-07-25,65,39260,Direct,Cancelled
SO_106674,CUST_0456,PROD_0231,2024-09-23,235,43710,Direct,Pending
SO_106675,CUST_0235,PROD_0150,2024-12-19,76,52820,Distributor,Pending
SO_106676,CUST_0013,PROD_0299,2024-02-07,312,101088,Distributor,Cancelled
SO_106677,CUST_0500,PROD_0278,2024-07-30,486,204606,Online,Completed
SO_106678,CUST_0043,PROD_0187,2024-05-02,472,62776,Direct,Completed
SO_106679,CUST_0442,PROD_0274,2024-05-19,324,97524,Distributor,Pending
SO_106680,CUST_0036,PROD_0257,2024-11-30,376,183864,Direct,Completed
SO_106681,CUST_0194,PROD_0112,2024-02-03,221,43979,Online,Pending
SO_106682,CUST_0202,PROD_0251,2024-11-04,206,151204,Online,Pending
SO_106683,CUST_0497,PROD_0041,2024-05-01,45,8415,Distributor,Completed
SO_106684,CUST_0270,PROD_0114,2024-03-13,22,8910,Online,Pending
SO_106685,CUST_0316,PROD_0106,2024-02-12,240,146880,Online,Pending
SO_106686,CUST_0315,PROD_0058,2024-12-16,98,46550,Online,Cancelled
SO_106687,CUST_0027,PROD_0156,2024-08-24,383,73536,Online,Completed
SO_106688,CUST_0399,PROD_0253,2024-12-06,383,108006,Distributor,Pending
SO_106689,CUST_0049,PROD_0257,2024-07-25,124,118172,Direct,Completed
SO_106690,CUST_0245,PROD_0289,2024-08-02,257,95347,Online,Completed
SO_106691,CUST_0175,PROD_0020,2024-03-19,437,109687,Distributor,Cancelled
SO_106692,CUST_0348,PROD_0196,2024-01-15,238,79968,Distributor,Completed
SO_106693,CUST_0477,PROD_0250,2024-04-28,21,17892,Direct,Completed
SO_106694,CUST_0341,PROD_0264,2024-10-23,494,230698,Direct,Pending
SO_106695,CUST_0202,PROD_0075,2024-07-06,183,180072,Online,Completed
SO_106696,CUST_0080,PROD_0072,2024-09-15,48,38688,Distributor,Pending
SO_106697,CUST_0470,PROD_0023,2024-07-07,250,169750,Online,Pending
SO_106698,CUST_0008,PROD_0242,2024-12-14,62,12772,Online,Cancelled
SO_106699,CUST_0309,PROD_0144,2024-04-04,90,54720,Distributor,Completed
SO_106700,CUST_0374,PROD_0126,2024-04-08,60,9360,Distributor,Cancelled
SO_106701,CUST_0012,PROD_0263,2024-06-09,337,228149,Direct,Completed
SO_106702,CUST_0094,PROD_0285,2024-02-04,351,297648,Online,Completed
SO_106703,CUST_0282,PROD_0016,2024-05-09,75,50175,Online,Completed
SO_106704,CUST_0268,PROD_0240,2024-10-14,140,47460,Online,Cancelled
SO_106705,CUST_0391,PROD_0086,2024-07-23,349,130177,Online,Pending
SO_106706,CUST_0114,PROD_0022,2024-10-29,444,92352,Distributor,Cancelled
SO_106707,CUST_0304,PROD_0128,2024-11-29,408,300288,Direct,Cancelled
SO_106708,CUST_0025,PROD_0046,2024-10-15,76,11172,Distributor,Completed
SO_106709,CUST_0125,PROD_0163,2024-03-10,450,93150,Distributor,Completed
SO_106710,CUST_0065,PROD_0202,2024-12-08,374,81158,Online,Pending
SO_106711,CUST_0100,PROD_0281,2024-11-16,387,303408,Distributor,Cancelled
SO_106712,CUST_0482,PROD_0104,2024-09-10,444,96348,Distributor,Completed
SO_106713,CUST_0221,PROD_0262,2024-03-31,426,239838,Distributor,Completed
SO_106714,CUST_0285,PROD_0076,2024-06-16,198,120186,Direct,Completed
SO_106715,CUST_0404,PROD_0277,2024-08-07,343,156408,Online,Pending
SO_106716,CUST_0124,PROD_0018,2024-05-21,333,279387,Online,Pending
SO_106717,CUST_0192,PROD_0157,2024-08-03,192,71616,Direct,Pending
SO_106718,CUST_0034,PROD_0110,2024-03-11,291,136188,Distributor,Cancelled
SO_106719,CUST_0290,PROD_0077,2024-01-10,112,31472,Distributor,Completed
SO_106720,CUST_0239,PROD_0257,2024-06-05,25,7250,Online,Cancelled
SO_106721,CUST_0240,PROD_0269,2024-12-12,218,62130,Online,Cancelled
SO_106722,CUST_0065,PROD_0264,2024-02-13,229,169231,Distributor,Completed
SO_106723,CUST_0320,PROD_0012,2024-08-18,493,369750,Direct,Pending
SO_106724,CUST_0427,PROD_0038,2024-11-16,268,169108,Direct,Completed
SO_106725,CUST_0293,PROD_0072,2024-07-07,176,98208,Online,Completed
SO_106726,CUST_0254,PROD_0044,2024-04-10,112,16688,Direct,Pending
SO_106727,CUST_0127,PROD_0006,2024-02-15,412,305704,Direct,Cancelled
SO_106728,CUST_0382,PROD_0043,2024-01-06,218,161320,Direct,Pending
SO_106729,CUST_0365,PROD_0028,2024-04-26,325,270075,Direct,Cancelled
SO_106730,CUST_0468,PROD_0181,2024-09-30,460,357420,Distributor,Completed
SO_106731,CUST_0381,PROD_0075,2024-04-04,144,24048,Distributor,Cancelled
SO_106732,CUST_0125,PROD_0099,2024-08-14,30,4560,Online,Cancelled
SO_106733,CUST_0147,PROD_0183,2024-02-21,115,29670,Distributor,Completed
SO_106734,CUST_0078,PROD_0250,2024-04-17,212,106636,Online,Cancelled
SO_106735,CUST_0404,PROD_0077,2024-10-31,382,292612,Distributor,Completed
SO_106736,CUST_0061,PROD_0073,2024-09-16,260,103480,Online,Completed
SO_106737,CUST_0158,PROD_0281,2024-04-06,401,399797,Online,Cancelled
SO_106738,CUST_0118,PROD_0080,2024-02-17,269,78817,Direct,Pending
SO_106739,CUST_0054,PROD_0044,2024-07-24,455,121485,Distributor,Completed
SO_106740,CUST_0158,PROD_0023,2024-02-03,155,64790,Online,Completed
SO_106741,CUST_0422,PROD_0223,2024-02-02,449,185437,Distributor,Cancelled
SO_106742,CUST_0195,PROD_0035,2024-05-29,496,207328,Direct,Pending
SO_106743,CUST_0408,PROD_0110,2024-09-05,236,139004,Online,Completed
SO_106744,CUST_0376,PROD_0114,2024-06-30,89,44856,Direct,Completed
SO_106745,CUST_0395,PROD_0045,2024-02-12,193,188561,Distributor,Completed
SO_106746,CUST_0143,PROD_0209,2024-07-08,77,65450,Direct,Cancelled
SO_106747,CUST_0368,PROD_0239,2024-12-06,26,13858,Online,Completed
SO_106748,CUST_0190,PROD_0052,2024-02-28,249,217626,Distributor,Completed
SO_106749,CUST_0065,PROD_0244,2024-08-05,341,217217,Online,Cancelled
SO_106750,CUST_0474,PROD_0038,2024-07-01,319,44341,Direct,Completed
SO_106751,CUST_0090,PROD_0251,2024-08-17,228,47880,Direct,Pending
SO_106752,CUST_0088,PROD_0034,2024-04-04,52,6552,Distributor,Pending
SO_106753,CUST_0449,PROD_0184,2024-08-29,327,297243,Online,Cancelled
SO_106754,CUST_0154,PROD_0062,2024-02-28,220,52140,Direct,Completed
SO_106755,CUST_0185,PROD_0051,2024-10-09,132,58476,Online,Cancelled
SO_106756,CUST_0279,PROD_0056,2024-05-19,90,20340,Online,Cancelled
SO_106757,CUST_0405,PROD_0125,2024-06-14,124,98704,Online,Cancelled
SO_106758,CUST_0143,PROD_0296,2024-09-05,23,16169,Online,Completed
SO_106759,CUST_0199,PROD_0263,2024-08-02,476,382704,Distributor,Completed
SO_106760,CUST_0386,PROD_0269,2024-09-16,62,28706,Online,Pending
SO_106761,CUST_0402,PROD_0130,2024-01-20,103,52839,Direct,Cancelled
SO_106762,CUST_0171,PROD_0222,2024-10-24,21,6909,Distributor,Cancelled
SO_106763,CUST_0036,PROD_0264,2024-12-11,13,2587,Distributor,Cancelled
SO_106764,CUST_0104,PROD_0026,2024-07-05,69,27876,Direct,Cancelled
SO_106765,CUST_0060,PROD_0126,2024-09-16,235,43240,Distributor,Pending
SO_106766,CUST_0432,PROD_0245,2024-11-24,342,169290,Direct,Cancelled
SO_106767,CUST_0493,PROD_0288,2024-03-05,64,58880,Online,Cancelled
SO_106768,CUST_0273,PROD_0176,2024-08-28,309,134724,Direct,Cancelled
SO_106769,CUST_0050,PROD_0230,2024-08-22,399,156408,Online,Completed
SO_106770,CUST_0154,PROD_0272,2024-09-13,455,151060,Direct,Cancelled
SO_106771,CUST_0227,PROD_0211,2024-11-24,10,7860,Online,Completed
SO_106772,CUST_0491,PROD_0089,2024-10-02,390,124020,Online,Completed
SO_106773,CUST_0304,PROD_0021,2024-10-23,137,40415,Direct,Completed
SO_106774,CUST_0162,PROD_0011,2024-12-05,57,20919,Online,Completed
SO_106775,CUST_0355,PROD_0003,2024-04-28,163,137572,Direct,Completed
SO_106776,CUST_0328,PROD_0176,2024-11-06,243,49572,Online,Completed
SO_106777,CUST_0110,PROD_0051,2024-09-09,186,57288,Online,Pending
SO_106778,CUST_0404,PROD_0082,2024-12-09,497,270368,Online,Completed
SO_106779,CUST_0344,PROD_0113,2024-01-02,324,270540,Direct,Completed
SO_106780,CUST_0131,PROD_0242,2024-11-12,22,13310,Distributor,Pending
SO_106781,CUST_0215,PROD_0154,2024-06-24,349,204863,Online,Pending
SO_106782,CUST_0308,PROD_0074,2024-04-12,471,437088,Distributor,Pending
SO_106783,CUST_0305,PROD_0076,2024-11-04,186,84072,Online,Pending
SO_106784,CUST_0309,PROD_0230,2024-06-29,422,235476,Online,Completed
SO_106785,CUST_0037,PROD_0235,2024-03-30,115,68080,Distributor,Completed
SO_106786,CUST_0388,PROD_0294,2024-11-04,351,220779,Online,Pending
SO_106787,CUST_0416,PROD_0179,2024-10-10,326,177344,Online,Cancelled
SO_106788,CUST_0233,PROD_0188,2024-05-09,269,54876,Online,Cancelled
SO_106789,CUST_0025,PROD_0204,2024-12-16,314,89804,Online,Completed
SO_106790,CUST_0223,PROD_0146,2024-07-24,189,132678,Distributor,Pending
SO_106791,CUST_0165,PROD_0043,2024-09-08,482,338846,Distributor,Completed
SO_106792,CUST_0046,PROD_0212,2024-11-08,337,165467,Online,Cancelled
SO_106793,CUST_0426,PROD_0208,2024-11-11,134,60300,Online,Completed
SO_106794,CUST_0301,PROD_0181,2024-01-13,97,49179,Online,Pending
SO_106795,CUST_0469,PROD_0044,2024-07-01,32,8704,Distributor,Completed
SO_106796,CUST_0076,PROD_0284,2024-01-10,170,82110,Direct,Cancelled
SO_106797,CUST_0124,PROD_0041,2024-09-20,74,66378,Direct,Pending
SO_106798,CUST_0172,PROD_0240,2024-12-19,409,195093,Direct,Pending
SO_106799,CUST_0468,PROD_0298,2024-07-12,136,37536,Direct,Pending
SO_106800,CUST_0055,PROD_0003,2024-01-31,452,281144,Online,Cancelled
SO_106801,CUST_0303,PROD_0184,2024-12-19,458,446550,Online,Completed
SO_106802,CUST_0407,PROD_0030,2024-04-24,318,110028,Direct,Pending
SO_106803,CUST_0020,PROD_0074,2024-08-06,163,90791,Direct,Cancelled
SO_106804,CUST_0296,PROD_0274,2024-04-28,29,8961,Direct,Cancelled
SO_106805,CUST_0209,PROD_0067,2024-04-01,249,51045,Direct,Pending
SO_106806,CUST_0137,PROD_0081,2024-09-05,257,167307,Online,Pending
SO_106807,CUST_0390,PROD_0117,2024-09-11,435,132240,Online,Cancelled
SO_106808,CUST_0432,PROD_0194,2024-05-25,227,143691,Distributor,Pending
SO_106809,CUST_0192,PROD_0222,2024-08-28,59,19647,Distributor,Completed
SO_106810,CUST_0149,PROD_0120,2024-03-27,458,134652,Online,Completed
SO_106811,CUST_0342,PROD_0214,2024-04-28,376,304560,Online,Cancelled
SO_106812,CUST_0260,PROD_0060,2024-12-08,137,61513,Online,Cancelled
SO_106813,CUST_0417,PROD_0300,2024-03-14,461,109718,Direct,Cancelled
SO_106814,CUST_0217,PROD_0180,2024-04-14,442,218790,Distributor,Cancelled
SO_106815,CUST_0274,PROD_0048,2024-08-31,418,238678,Direct,Cancelled
SO_106816,CUST_0475,PROD_0137,2024-07-28,472,66080,Distributor,Completed
SO_106817,CUST_0153,PROD_0205,2024-08-16,56,29736,Direct,Completed
SO_106818,CUST_0433,PROD_0037,2024-12-25,414,128754,Distributor,Pending
SO_106819,CUST_0125,PROD_0293,2024-01-03,84,55860,Direct,Cancelled
SO_106820,CUST_0266,PROD_0144,2024-11-28,129,38829,Distributor,Pending
SO_106821,CUST_0243,PROD_0206,2024-05-01,80,23200,Online,Pending
SO_106822,CUST_0030,PROD_0167,2024-08-07,452,405896,Direct,Cancelled
SO_106823,CUST_0121,PROD_0283,2024-03-20,287,45346,Online,Pending
SO_106824,CUST_0201,PROD_0191,2024-10-31,244,61000,Distributor,Cancelled
SO_106825,CUST_0324,PROD_0297,2024-10-21,462,52206,Direct,Pending
SO_106826,CUST_0259,PROD_0226,2024-09-26,385,75845,Direct,Completed
SO_106827,CUST_0209,PROD_0029,2024-01-28,476,469812,Distributor,Pending
SO_106828,CUST_0206,PROD_0130,2024-06-20,178,149520,Online,Completed
SO_106829,CUST_0324,PROD_0255,2024-01-16,12,6036,Distributor,Cancelled
SO_106830,CUST_0209,PROD_0097,2024-07-09,111,41514,Distributor,Completed
SO_106831,CUST_0440,PROD_0003,2024-07-12,149,112048,Direct,Completed
SO_106832,CUST_0281,PROD_0180,2024-04-19,353,73777,Distributor,Pending
SO_106833,CUST_0385,PROD_0030,2024-12-24,361,183027,Distributor,Pending
SO_106834,CUST_0380,PROD_0001,2024-09-28,393,316758,Online,Cancelled
SO_106835,CUST_0304,PROD_0148,2024-08-24,425,59500,Direct,Cancelled
SO_106836,CUST_0275,PROD_0182,2024-05-21,153,16065,Direct,Completed
SO_106837,CUST_0062,PROD_0022,2024-07-14,142,113032,Online,Cancelled
SO_106838,CUST_0400,PROD_0288,2024-05-03,354,211338,Online,Cancelled
SO_106839,CUST_0115,PROD_0251,2024-03-12,311,193753,Distributor,Cancelled
SO_106840,CUST_0472,PROD_0006,2024-11-06,234,53586,Distributor,Pending
SO_106841,CUST_0323,PROD_0209,2024-10-06,31,6510,Distributor,Pending
SO_106842,CUST_0300,PROD_0067,2024-06-27,389,180885,Direct,Pending
SO_106843,CUST_0453,PROD_0029,2024-09-26,403,299832,Direct,Pending
SO_106844,CUST_0131,PROD_0017,2024-07-18,212,55968,Direct,Cancelled
SO_106845,CUST_0023,PROD_0130,2024-11-29,285,251370,Direct,Completed
SO_106846,CUST_0394,PROD_0161,2024-01-18,287,239071,Direct,Pending
SO_106847,CUST_0352,PROD_0147,2024-07-31,93,37014,Distributor,Completed
SO_106848,CUST_0142,PROD_0034,2024-06-30,106,99534,Online,Cancelled
SO_106849,CUST_0379,PROD_0215,2024-06-04,57,35910,Online,Completed
SO_106850,CUST_0401,PROD_0198,2024-01-12,167,78490,Distributor,Cancelled
SO_106851,CUST_0127,PROD_0129,2024-08-29,181,175389,Distributor,Pending
SO_106852,CUST_0275,PROD_0135,2024-01-11,237,213300,Online,Cancelled
SO_106853,CUST_0352,PROD_0009,2024-07-07,494,215384,Direct,Completed
SO_106854,CUST_0272,PROD_0287,2024-05-24,97,58006,Distributor,Cancelled
SO_106855,CUST_0172,PROD_0079,2024-11-05,368,305808,Distributor,Completed
SO_106856,CUST_0141,PROD_0064,2024-09-29,397,234230,Distributor,Pending
SO_106857,CUST_0500,PROD_0206,2024-04-30,236,196824,Online,Pending
SO_106858,CUST_0273,PROD_0066,2024-02-23,382,265490,Distributor,Completed
SO_106859,CUST_0253,PROD_0061,2024-08-09,332,216796,Direct,Cancelled
SO_106860,CUST_0142,PROD_0076,2024-07-21,11,8701,Direct,Pending
SO_106861,CUST_0215,PROD_0043,2024-12-30,239,117349,Distributor,Cancelled
SO_106862,CUST_0288,PROD_0175,2024-09-22,295,63130,Distributor,Pending
SO_106863,CUST_0317,PROD_0255,2024-05-30,222,41292,Online,Cancelled
SO_106864,CUST_0173,PROD_0165,2024-02-27,218,56026,Distributor,Cancelled
SO_106865,CUST_0163,PROD_0239,2024-06-25,304,132848,Direct,Cancelled
SO_106866,CUST_0009,PROD_0279,2024-12-01,420,185640,Online,Cancelled
SO_106867,CUST_0178,PROD_0185,2024-05-26,47,13066,Direct,Pending
SO_106868,CUST_0160,PROD_0294,2024-05-30,213,141006,Direct,Completed
SO_106869,CUST_0119,PROD_0169,2024-02-03,333,221445,Online,Pending
SO_106870,CUST_0358,PROD_0061,2024-05-08,68,41616,Online,Cancelled
SO_106871,CUST_0135,PROD_0165,2024-05-23,280,271880,Distributor,Pending
SO_106872,CUST_0374,PROD_0030,2024-12-12,315,238140,Online,Completed
SO_106873,CUST_0328,PROD_0196,2024-11-09,441,254898,Distributor,Cancelled
SO_106874,CUST_0029,PROD_0181,2024-01-31,45,9945,Online,Cancelled
SO_106875,CUST_0379,PROD_0088,2024-10-18,395,303360,Direct,Pending
SO_106876,CUST_0097,PROD_0133,2024-02-16,168,79632,Direct,Cancelled
SO_106877,CUST_0173,PROD_0129,2024-04-15,235,90475,Direct,Completed
SO_106878,CUST_0273,PROD_0055,2024-07-29,120,73200,Direct,Cancelled
SO_106879,CUST_0317,PROD_0154,2024-09-10,314,157628,Direct,Completed
SO_106880,CUST_0026,PROD_0297,2024-07-19,397,47640,Online,Cancelled
SO_106881,CUST_0090,PROD_0288,2024-12-22,292,59568,Online,Cancelled
SO_106882,CUST_0066,PROD_0033,2024-06-03,156,47580,Direct,Pending
SO_106883,CUST_0217,PROD_0142,2024-12-04,156,79404,Distributor,Completed
SO_106884,CUST_0484,PROD_0050,2024-05-03,295,224495,Distributor,Completed
SO_106885,CUST_0226,PROD_0133,2024-05-03,73,22922,Online,Pending
SO_106886,CUST_0045,PROD_0028,2024-02-22,146,133736,Online,Cancelled
SO_106887,CUST_0035,PROD_0139,2024-12-21,66,17226,Online,Cancelled
SO_106888,CUST_0351,PROD_0242,2024-07-12,431,68960,Online,Completed
SO_106889,CUST_0428,PROD_0172,2024-09-11,240,209520,Distributor,Cancelled
SO_106890,CUST_0396,PROD_0177,2024-07-20,49,27440,Direct,Pending
SO_106891,CUST_0081,PROD_0263,2024-11-16,166,24236,Online,Completed
SO_106892,CUST_0466,PROD_0186,2024-01-09,470,161680,Direct,Completed
SO_106893,CUST_0262,PROD_0232,2024-02-02,103,42230,Direct,Pending
SO_106894,CUST_0426,PROD_0191,2024-09-09,303,93930,Online,Pending
SO_106895,CUST_0462,PROD_0089,2024-06-10,394,81558,Online,Cancelled
SO_106896,CUST_0093,PROD_0157,2024-07-25,21,5187,Distributor,Completed
SO_106897,CUST_0202,PROD_0219,2024-05-23,165,34815,Online,Cancelled
SO_106898,CUST_0495,PROD_0042,2024-09-23,320,117760,Online,Completed
SO_106899,CUST_0368,PROD_0223,2024-11-12,220,195140,Distributor,Pending
SO_106900,CUST_0438,PROD_0270,2024-07-03,157,140829,Direct,Pending
SO_106901,CUST_0306,PROD_0010,2024-09-09,492,444768,Direct,Pending
SO_106902,CUST_0272,PROD_0226,2024-11-06,193,72182,Distributor,Cancelled
SO_106903,CUST_0467,PROD_0068,2024-12-25,456,327408,Online,Cancelled
SO_106904,CUST_0067,PROD_0082,2024-03-21,463,409755,Direct,Pending
SO_106905,CUST_0101,PROD_0122,2024-12-06,160,102880,Online,Cancelled
SO_106906,CUST_0048,PROD_0051,2024-03-25,19,11248,Direct,Pending
SO_106907,CUST_0467,PROD_0105,2024-06-04,45,38340,Direct,Completed
SO_106908,CUST_0245,PROD_0094,2024-12-15,492,395568,Online,Pending
SO_106909,CUST_0084,PROD_0180,2024-09-26,348,255432,Distributor,Cancelled
SO_106910,CUST_0146,PROD_0262,2024-11-02,53,45633,Online,Pending
SO_106911,CUST_0081,PROD_0286,2024-09-17,439,201940,Online,Completed
SO_106912,CUST_0160,PROD_0022,2024-01-04,192,140928,Distributor,Completed
SO_106913,CUST_0210,PROD_0044,2024-06-03,84,15792,Direct,Completed
SO_106914,CUST_0242,PROD_0074,2024-09-18,44,35552,Online,Pending
SO_106915,CUST_0206,PROD_0147,2024-09-28,481,319384,Distributor,Completed
SO_106916,CUST_0050,PROD_0057,2024-05-18,328,86264,Distributor,Cancelled
SO_106917,CUST_0288,PROD_0223,2024-10-24,479,85741,Direct,Completed
SO_106918,CUST_0460,PROD_0014,2024-05-30,206,71070,Distributor,Cancelled
SO_106919,CUST_0253,PROD_0137,2024-06-19,363,151734,Distributor,Pending
SO_106920,CUST_0367,PROD_0063,2024-05-13,35,15785,Online,Cancelled
SO_106921,CUST_0390,PROD_0297,2024-05-21,426,340800,Online,Pending
SO_106922,CUST_0139,PROD_0133,2024-04-07,350,154350,Direct,Completed
SO_106923,CUST_0394,PROD_0018,2024-03-19,108,97200,Distributor,Cancelled
SO_106924,CUST_0246,PROD_0171,2024-01-01,294,166110,Direct,Completed
SO_106925,CUST_0196,PROD_0058,2024-05-18,155,134695,Direct,Completed
SO_106926,CUST_0093,PROD_0116,2024-08-07,107,78645,Distributor,Pending
SO_106927,CUST_0070,PROD_0109,2024-12-08,262,27248,Direct,Cancelled
SO_106928,CUST_0464,PROD_0124,2024-12-13,247,40261,Direct,Cancelled
SO_106929,CUST_0163,PROD_0150,2024-02-01,120,19200,Direct,Pending
SO_106930,CUST_0440,PROD_0039,2024-12-03,489,200001,Distributor,Cancelled
SO_106931,CUST_0462,PROD_0049,2024-05-30,43,5375,Direct,Pending
SO_106932,CUST_0320,PROD_0074,2024-03-23,498,391926,Direct,Pending
SO_106933,CUST_0156,PROD_0198,2024-10-15,423,334593,Direct,Pending
SO_106934,CUST_0242,PROD_0055,2024-02-08,486,295974,Online,Pending
SO_106935,CUST_0287,PROD_0024,2024-12-28,279,235755,Distributor,Completed
SO_106936,CUST_0417,PROD_0175,2024-07-10,369,130626,Direct,Pending
SO_106937,CUST_0427,PROD_0207,2024-09-14,42,13020,Distributor,Pending
SO_106938,CUST_0234,PROD_0214,2024-09-01,401,372930,Distributor,Pending
SO_106939,CUST_0413,PROD_0209,2024-10-08,415,353165,Online,Cancelled
SO_106940,CUST_0456,PROD_0052,2024-12-14,289,189006,Distributor,Cancelled
SO_106941,CUST_0258,PROD_0177,2024-06-26,393,293178,Online,Completed
SO_106942,CUST_0078,PROD_0119,2024-11-24,260,123240,Online,Completed
SO_106943,CUST_0160,PROD_0142,2024-11-09,349,279549,Distributor,Completed
SO_106944,CUST_0160,PROD_0295,2024-01-28,98,59682,Distributor,Pending
SO_106945,CUST_0173,PROD_0032,2024-05-20,385,71225,Direct,Cancelled
SO_106946,CUST_0429,PROD_0220,2024-10-13,310,92070,Distributor,Pending
SO_106947,CUST_0203,PROD_0098,2024-03-22,434,391034,Online,Completed
SO_106948,CUST_0477,PROD_0151,2024-02-12,93,90210,Direct,Cancelled
SO_106949,CUST_0127,PROD_0227,2024-02-04,283,138104,Direct,Completed
SO_106950,CUST_0484,PROD_0269,2024-10-02,192,78336,Direct,Completed
SO_106951,CUST_0436,PROD_0194,2024-04-24,175,42875,Online,Completed
SO_106952,CUST_0306,PROD_0297,2024-07-02,179,57638,Online,Completed
SO_106953,CUST_0090,PROD_0228,2024-07-30,302,282672,Distributor,Completed
SO_106954,CUST_0243,PROD_0122,2024-06-19,486,123444,Direct,Cancelled
SO_106955,CUST_0099,PROD_0027,2024-02-06,456,398544,Direct,Pending
SO_106956,CUST_0190,PROD_0003,2024-08-11,393,266847,Online,Pending
SO_106957,CUST_0226,PROD_0228,2024-07-30,151,60400,Distributor,Completed
SO_106958,CUST_0240,PROD_0266,2024-07-15,161,159551,Online,Pending
SO_106959,CUST_0180,PROD_0224,2024-03-03,303,236340,Distributor,Cancelled
SO_106960,CUST_0019,PROD_0051,2024-02-23,147,68943,Distributor,Cancelled
SO_106961,CUST_0054,PROD_0119,2024-01-04,300,198300,Direct,Pending
SO_106962,CUST_0289,PROD_0212,2024-03-18,439,359102,Direct,Cancelled
SO_106963,CUST_0247,PROD_0283,2024-06-03,312,195624,Direct,Completed
SO_106964,CUST_0122,PROD_0077,2024-05-15,13,3913,Direct,Cancelled
SO_106965,CUST_0485,PROD_0001,2024-08-27,390,209040,Online,Cancelled
SO_106966,CUST_0115,PROD_0264,2024-11-05,96,25152,Direct,Pending
SO_106967,CUST_0155,PROD_0118,2024-03-29,155,47430,Online,Pending
SO_106968,CUST_0066,PROD_0080,2024-01-22,103,83739,Direct,Cancelled
SO_106969,CUST_0272,PROD_0038,2024-03-09,302,119290,Online,Cancelled
SO_106970,CUST_0453,PROD_0143,2024-09-09,388,304580,Distributor,Pending
SO_106971,CUST_0007,PROD_0088,2024-01-03,383,377255,Direct,Completed
SO_106972,CUST_0486,PROD_0068,2024-02-29,316,54668,Direct,Completed
SO_106973,CUST_0337,PROD_0146,2024-01-09,29,15167,Direct,Cancelled
SO_106974,CUST_0080,PROD_0155,2024-06-29,48,22128,Distributor,Completed
SO_106975,CUST_0031,PROD_0171,2024-09-02,64,27456,Distributor,Completed
SO_106976,CUST_0040,PROD_0289,2024-11-12,199,41392,Distributor,Cancelled
SO_106977,CUST_0377,PROD_0135,2024-06-13,390,111930,Online,Cancelled
SO_106978,CUST_0284,PROD_0035,2024-03-02,62,19468,Online,Completed
SO_106979,CUST_0429,PROD_0131,2024-12-26,288,228384,Distributor,Pending
SO_106980,CUST_0295,PROD_0012,2024-11-30,201,69948,Distributor,Cancelled
SO_106981,CUST_0110,PROD_0072,2024-06-09,256,88576,Direct,Cancelled
SO_106982,CUST_0033,PROD_0056,2024-04-05,381,378333,Distributor,Cancelled
SO_106983,CUST_0195,PROD_0232,2024-07-02,38,25612,Online,Pending
SO_106984,CUST_0169,PROD_0168,2024-03-08,261,167823,Direct,Pending
SO_106985,CUST_0133,PROD_0289,2024-02-12,62,12834,Online,Completed
SO_106986,CUST_0487,PROD_0257,2024-10-31,118,75048,Distributor,Pending
SO_106987,CUST_0152,PROD_0229,2024-01-07,431,371953,Direct,Cancelled
SO_106988,CUST_0243,PROD_0225,2024-07-19,13,2652,Online,Pending
SO_106989,CUST_0490,PROD_0285,2024-05-02,307,208453,Direct,Pending
SO_106990,CUST_0227,PROD_0116,2024-01-30,445,431205,Direct,Pending
SO_106991,CUST_0075,PROD_0168,2024-04-06,474,308100,Direct,Completed
SO_106992,CUST_0030,PROD_0145,2024-03-28,155,89125,Distributor,Completed
SO_106993,CUST_0341,PROD_0138,2024-12-30,358,78760,Direct,Completed
SO_106994,CUST_0253,PROD_0134,2024-09-29,93,47616,Online,Completed
SO_106995,CUST_0076,PROD_0298,2024-10-16,487,384243,Distributor,Completed
SO_106996,CUST_0128,PROD_0182,2024-04-08,283,173762,Distributor,Completed
SO_106997,CUST_0140,PROD_0257,2024-03-21,247,93860,Distributor,Pending
SO_106998,CUST_0217,PROD_0093,2024-03-16,111,18759,Online,Cancelled
SO_106999,CUST_0457,PROD_0016,2024-10-23,292,80884,Distributor,Completed
SO_107000,CUST_0382,PROD_0246,2024-07-07,259,63196,Distributor,Completed
SO_107001,CUST_0321,PROD_0055,2024-03-07,420,94920,Direct,Cancelled
SO_107002,CUST_0150,PROD_0089,2024-11-23,25,11075,Distributor,Cancelled
SO_107003,CUST_0135,PROD_0195,2024-08-05,256,141568,Online,Cancelled
SO_107004,CUST_0237,PROD_0247,2024-07-05,147,123039,Distributor,Cancelled
SO_107005,CUST_0410,PROD_0168,2024-05-29,156,141804,Direct,Completed
SO_107006,CUST_0326,PROD_0206,2024-06-16,10,2270,Distributor,Cancelled
SO_107007,CUST_0150,PROD_0153,2024-10-02,294,55272,Distributor,Completed
SO_107008,CUST_0479,PROD_0002,2024-08-15,235,179070,Distributor,Completed
SO_107009,CUST_0228,PROD_0021,2024-01-31,316,186124,Distributor,Completed
SO_107010,CUST_0145,PROD_0211,2024-01-30,74,52244,Distributor,Cancelled
SO_107011,CUST_0345,PROD_0289,2024-11-13,474,216618,Distributor,Cancelled
SO_107012,CUST_0230,PROD_0029,2024-02-09,302,106304,Direct,Completed
SO_107013,CUST_0007,PROD_0164,2024-08-19,279,225711,Direct,Pending
SO_107014,CUST_0251,PROD_0112,2024-06-23,67,14405,Distributor,Cancelled
SO_107015,CUST_0200,PROD_0051,2024-03-31,393,211041,Distributor,Cancelled
SO_107016,CUST_0002,PROD_0026,2024-01-25,148,26344,Direct,Completed
SO_107017,CUST_0076,PROD_0299,2024-02-18,366,77226,Distributor,Pending
SO_107018,CUST_0467,PROD_0298,2024-07-21,171,167409,Direct,Completed
SO_107019,CUST_0071,PROD_0167,2024-05-06,274,197554,Distributor,Completed
SO_107020,CUST_0311,PROD_0064,2024-01-14,330,227370,Online,Cancelled
SO_107021,CUST_0454,PROD_0055,2024-05-02,143,62205,Online,Cancelled
SO_107022,CUST_0300,PROD_0082,2024-11-24,413,98294,Direct,Completed
SO_107023,CUST_0031,PROD_0041,2024-08-10,408,199512,Direct,Completed
SO_107024,CUST_0016,PROD_0065,2024-01-01,331,98638,Direct,Pending
SO_107025,CUST_0116,PROD_0078,2024-12-30,298,124564,Online,Pending
SO_107026,CUST_0162,PROD_0186,2024-11-05,32,13024,Online,Pending
SO_107027,CUST_0275,PROD_0262,2024-09-23,291,205155,Distributor,Completed
SO_107028,CUST_0202,PROD_0195,2024-08-17,498,159360,Distributor,Cancelled
SO_107029,CUST_0039,PROD_0007,2024-09-28,410,175070,Online,Completed
SO_107030,CUST_0387,PROD_0001,2024-06-15,281,28662,Online,Completed
SO_107031,CUST_0294,PROD_0043,2024-12-12,278,145672,Distributor,Cancelled
SO_107032,CUST_0472,PROD_0143,2024-09-05,297,175824,Distributor,Cancelled
SO_107033,CUST_0115,PROD_0234,2024-04-12,237,38868,Online,Completed
SO_107034,CUST_0070,PROD_0234,2024-04-17,462,114576,Direct,Completed
SO_107035,CUST_0110,PROD_0039,2024-01-08,441,312228,Direct,Pending
SO_107036,CUST_0408,PROD_0269,2024-05-21,169,37518,Distributor,Cancelled
SO_107037,CUST_0083,PROD_0237,2024-09-01,195,77805,Distributor,Pending
SO_107038,CUST_0134,PROD_0137,2024-01-15,473,280489,Direct,Cancelled
SO_107039,CUST_0316,PROD_0068,2024-12-07,302,275122,Distributor,Pending
SO_107040,CUST_0486,PROD_0132,2024-10-14,171,51813,Direct,Completed
SO_107041,CUST_0280,PROD_0148,2024-06-09,218,185736,Direct,Completed
SO_107042,CUST_0126,PROD_0228,2024-01-31,147,113778,Online,Completed
SO_107043,CUST_0283,PROD_0205,2024-12-29,129,27735,Direct,Cancelled
SO_107044,CUST_0183,PROD_0285,2024-10-03,464,422704,Direct,Cancelled
SO_107045,CUST_0455,PROD_0145,2024-10-17,489,316383,Direct,Completed
SO_107046,CUST_0195,PROD_0058,2024-05-18,229,183887,Online,Completed
SO_107047,CUST_0486,PROD_0033,2024-10-31,318,31800,Distributor,Completed
SO_107048,CUST_0285,PROD_0121,2024-07-30,57,45144,Distributor,Pending
SO_107049,CUST_0495,PROD_0227,2024-10-07,127,82931,Direct,Pending
SO_107050,CUST_0455,PROD_0158,2024-06-18,277,203318,Distributor,Completed
SO_107051,CUST_0343,PROD_0183,2024-10-28,422,134618,Distributor,Completed
SO_107052,CUST_0393,PROD_0063,2024-11-08,479,127414,Distributor,Cancelled
SO_107053,CUST_0329,PROD_0077,2024-10-07,296,233248,Direct,Cancelled
SO_107054,CUST_0385,PROD_0110,2024-08-13,173,80791,Direct,Pending
SO_107055,CUST_0232,PROD_0176,2024-11-11,60,38280,Direct,Completed
SO_107056,CUST_0086,PROD_0280,2024-05-20,84,56700,Direct,Pending
SO_107057,CUST_0044,PROD_0289,2024-03-24,208,144352,Direct,Cancelled
SO_107058,CUST_0139,PROD_0223,2024-02-26,37,33189,Distributor,Pending
SO_107059,CUST_0463,PROD_0289,2024-09-13,297,78111,Distributor,Pending
SO_107060,CUST_0044,PROD_0199,2024-12-16,62,21576,Online,Cancelled
SO_107061,CUST_0076,PROD_0001,2024-09-15,97,13483,Online,Completed
SO_107062,CUST_0217,PROD_0221,2024-08-22,25,5925,Direct,Pending
SO_107063,CUST_0494,PROD_0225,2024-08-18,496,301568,Direct,Completed
SO_107064,CUST_0499,PROD_0153,2024-08-06,465,322710,Direct,Completed
SO_107065,CUST_0406,PROD_0273,2024-07-26,93,42408,Distributor,Completed
SO_107066,CUST_0087,PROD_0189,2024-08-21,294,144354,Direct,Completed
SO_107067,CUST_0338,PROD_0288,2024-11-24,208,75712,Online,Cancelled
SO_107068,CUST_0139,PROD_0150,2024-02-22,126,99792,Direct,Cancelled
SO_107069,CUST_0148,PROD_0017,2024-08-16,372,261888,Online,Cancelled
SO_107070,CUST_0116,PROD_0234,2024-09-27,404,255732,Direct,Pending
SO_107071,CUST_0365,PROD_0058,2024-10-16,241,207742,Distributor,Cancelled
SO_107072,CUST_0155,PROD_0054,2024-11-15,297,75438,Distributor,Cancelled
SO_107073,CUST_0251,PROD_0141,2024-01-29,272,257312,Online,Cancelled
SO_107074,CUST_0416,PROD_0085,2024-09-16,49,42238,Direct,Cancelled
SO_107075,CUST_0465,PROD_0232,2024-11-22,194,118728,Online,Pending
SO_107076,CUST_0059,PROD_0202,2024-02-07,20,11980,Distributor,Completed
SO_107077,CUST_0312,PROD_0237,2024-02-06,55,45375,Distributor,Completed
SO_107078,CUST_0280,PROD_0193,2024-11-06,415,316645,Distributor,Cancelled
SO_107079,CUST_0052,PROD_0288,2024-05-13,428,344540,Direct,Pending
SO_107080,CUST_0403,PROD_0250,2024-07-09,436,336156,Direct,Completed
SO_107081,CUST_0405,PROD_0087,2024-10-16,134,105592,Distributor,Pending
SO_107082,CUST_0433,PROD_0007,2024-05-20,487,246909,Online,Cancelled
SO_107083,CUST_0223,PROD_0002,2024-12-06,115,74520,Direct,Cancelled
SO_107084,CUST_0216,PROD_0151,2024-08-08,167,17869,Direct,Cancelled
SO_107085,CUST_0016,PROD_0172,2024-11-28,13,12857,Direct,Cancelled
SO_107086,CUST_0442,PROD_0121,2024-04-15,284,271220,Distributor,Completed
SO_107087,CUST_0180,PROD_0264,2024-05-15,60,51360,Distributor,Completed
SO_107088,CUST_0329,PROD_0152,2024-06-01,463,122695,Distributor,Pending
SO_107089,CUST_0322,PROD_0010,2024-06-15,87,21663,Distributor,Cancelled
SO_107090,CUST_0175,PROD_0279,2024-02-11,215,64500,Distributor,Cancelled
SO_107091,CUST_0357,PROD_0276,2024-08-12,222,220446,Distributor,Pending
SO_107092,CUST_0454,PROD_0073,2024-05-18,114,64752,Distributor,Pending
SO_107093,CUST_0021,PROD_0140,2024-05-29,255,249390,Direct,Pending
SO_107094,CUST_0226,PROD_0037,2024-04-29,420,331800,Online,Cancelled
SO_107095,CUST_0345,PROD_0109,2024-05-25,473,280489,Online,Completed
SO_107096,CUST_0011,PROD_0039,2024-11-08,461,165038,Direct,Pending
SO_107097,CUST_0252,PROD_0061,2024-01-19,309,260178,Online,Completed
SO_107098,CUST_0008,PROD_0094,2024-05-16,21,20895,Distributor,Completed
SO_107099,CUST_0296,PROD_0136,2024-07-03,299,49634,Distributor,Pending
SO_107100,CUST_0168,PROD_0126,2024-03-27,15,4665,Direct,Completed
SO_107101,CUST_0067,PROD_0106,2024-11-06,123,104058,Distributor,Cancelled
SO_107102,CUST_0034,PROD_0154,2024-10-30,452,45200,Distributor,Completed
SO_107103,CUST_0412,PROD_0201,2024-08-10,45,26865,Online,Completed
SO_107104,CUST_0179,PROD_0229,2024-06-05,177,154344,Distributor,Pending
SO_107105,CUST_0094,PROD_0042,2024-07-18,365,143080,Direct,Completed
SO_107106,CUST_0472,PROD_0105,2024-09-13,294,94374,Online,Cancelled
SO_107107,CUST_0216,PROD_0258,2024-04-01,440,180400,Online,Completed
SO_107108,CUST_0239,PROD_0193,2024-10-13,492,293232,Direct,Completed
SO_107109,CUST_0365,PROD_0080,2024-06-22,366,73566,Distributor,Pending
SO_107110,CUST_0139,PROD_0261,2024-08-16,389,206559,Distributor,Pending
SO_107111,CUST_0275,PROD_0180,2024-04-07,383,132135,Online,Cancelled
SO_107112,CUST_0065,PROD_0275,2024-06-17,185,136345,Direct,Pending
SO_107113,CUST_0234,PROD_0128,2024-08-02,407,342694,Online,Completed
SO_107114,CUST_0240,PROD_0070,2024-11-07,160,143840,Online,Pending
SO_107115,CUST_0280,PROD_0209,2024-04-14,355,317725,Online,Completed
SO_107116,CUST_0127,PROD_0252,2024-10-28,256,114688,Online,Completed
SO_107117,CUST_0180,PROD_0211,2024-04-26,80,65680,Distributor,Cancelled
SO_107118,CUST_0459,PROD_0129,2024-02-07,87,83781,Direct,Pending
SO_107119,CUST_0313,PROD_0088,2024-06-20,246,216234,Online,Completed
SO_107120,CUST_0211,PROD_0033,2024-02-10,358,225540,Direct,Cancelled
SO_107121,CUST_0229,PROD_0056,2024-07-03,496,120528,Direct,Completed
SO_107122,CUST_0307,PROD_0038,2024-05-01,262,123140,Direct,Cancelled
SO_107123,CUST_0363,PROD_0105,2024-04-12,130,75010,Distributor,Completed
SO_107124,CUST_0328,PROD_0149,2024-05-19,355,270865,Distributor,Completed
SO_107125,CUST_0293,PROD_0261,2024-09-26,460,453560,Direct,Completed
SO_107126,CUST_0270,PROD_0024,2024-01-14,241,228468,Online,Pending
SO_107127,CUST_0046,PROD_0113,2024-05-05,328,154816,Online,Completed
SO_107128,CUST_0184,PROD_0019,2024-07-28,285,262770,Direct,Cancelled
SO_107129,CUST_0265,PROD_0162,2024-01-20,429,236379,Direct,Completed
SO_107130,CUST_0364,PROD_0299,2024-11-16,315,263970,Distributor,Pending
SO_107131,CUST_0062,PROD_0068,2024-09-21,265,32065,Direct,Completed
SO_107132,CUST_0465,PROD_0071,2024-03-04,432,186192,Direct,Completed
SO_107133,CUST_0320,PROD_0043,2024-12-08,395,280845,Online,Cancelled
SO_107134,CUST_0406,PROD_0260,2024-07-30,203,73689,Direct,Pending
SO_107135,CUST_0023,PROD_0115,2024-06-01,253,235037,Online,Pending
SO_107136,CUST_0310,PROD_0187,2024-02-06,303,206040,Distributor,Completed
SO_107137,CUST_0320,PROD_0261,2024-02-06,499,139221,Online,Cancelled
SO_107138,CUST_0496,PROD_0213,2024-04-26,484,164560,Distributor,Pending
SO_107139,CUST_0449,PROD_0129,2024-01-05,262,134668,Direct,Cancelled
SO_107140,CUST_0125,PROD_0065,2024-10-23,373,304741,Online,Pending
SO_107141,CUST_0165,PROD_0043,2024-04-09,103,26059,Direct,Completed
SO_107142,CUST_0011,PROD_0186,2024-08-27,126,68796,Online,Cancelled
SO_107143,CUST_0429,PROD_0292,2024-08-21,366,133590,Distributor,Pending
SO_107144,CUST_0431,PROD_0202,2024-09-19,267,136437,Direct,Cancelled
SO_107145,CUST_0155,PROD_0293,2024-07-09,277,84485,Direct,Cancelled
SO_107146,CUST_0052,PROD_0291,2024-08-15,337,104133,Direct,Completed
SO_107147,CUST_0258,PROD_0023,2024-07-23,251,71284,Online,Cancelled
SO_107148,CUST_0490,PROD_0182,2024-02-27,116,61132,Online,Completed
SO_107149,CUST_0418,PROD_0035,2024-01-14,411,108093,Direct,Cancelled
SO_107150,CUST_0246,PROD_0127,2024-10-17,260,71500,Direct,Pending
SO_107151,CUST_0052,PROD_0212,2024-04-03,181,40906,Direct,Cancelled
SO_107152,CUST_0207,PROD_0026,2024-06-23,413,149093,Direct,Cancelled
SO_107153,CUST_0424,PROD_0088,2024-02-23,327,216801,Online,Completed
SO_107154,CUST_0413,PROD_0019,2024-01-08,232,76792,Distributor,Cancelled
SO_107155,CUST_0277,PROD_0181,2024-12-18,192,59712,Distributor,Completed
SO_107156,CUST_0256,PROD_0064,2024-02-11,120,51480,Direct,Completed
SO_107157,CUST_0099,PROD_0174,2024-02-02,253,200376,Online,Completed
SO_107158,CUST_0438,PROD_0107,2024-09-05,478,404866,Distributor,Completed
SO_107159,CUST_0343,PROD_0113,2024-03-23,312,178464,Direct,Completed
SO_107160,CUST_0098,PROD_0145,2024-03-21,28,16604,Distributor,Completed
SO_107161,CUST_0470,PROD_0170,2024-01-02,158,79948,Direct,Completed
SO_107162,CUST_0495,PROD_0051,2024-05-14,420,365400,Direct,Cancelled
SO_107163,CUST_0246,PROD_0289,2024-05-01,462,318780,Direct,Cancelled
SO_107164,CUST_0273,PROD_0002,2024-11-28,215,32680,Online,Pending
SO_107165,CUST_0492,PROD_0007,2024-12-02,209,87989,Distributor,Pending
SO_107166,CUST_0104,PROD_0104,2024-05-06,313,269493,Online,Completed
SO_107167,CUST_0032,PROD_0225,2024-11-12,299,210197,Distributor,Pending
SO_107168,CUST_0278,PROD_0247,2024-11-28,429,226512,Direct,Completed
SO_107169,CUST_0331,PROD_0208,2024-11-03,304,88160,Online,Pending
SO_107170,CUST_0108,PROD_0157,2024-10-16,449,45798,Distributor,Pending
SO_107171,CUST_0306,PROD_0116,2024-05-10,288,122400,Direct,Completed
SO_107172,CUST_0462,PROD_0049,2024-07-30,255,79305,Online,Completed
SO_107173,CUST_0043,PROD_0238,2024-08-02,365,218270,Online,Completed
SO_107174,CUST_0322,PROD_0012,2024-02-29,329,216482,Direct,Completed
SO_107175,CUST_0015,PROD_0170,2024-08-17,137,15618,Direct,Cancelled
SO_107176,CUST_0452,PROD_0273,2024-06-12,304,219184,Direct,Cancelled
SO_107177,CUST_0030,PROD_0176,2024-06-29,290,136590,Direct,Completed
SO_107178,CUST_0322,PROD_0054,2024-09-05,340,292740,Direct,Completed
SO_107179,CUST_0340,PROD_0036,2024-01-30,179,112770,Distributor,Completed
SO_107180,CUST_0322,PROD_0020,2024-11-19,460,88320,Direct,Completed
SO_107181,CUST_0130,PROD_0137,2024-09-26,472,315768,Direct,Cancelled
SO_107182,CUST_0257,PROD_0064,2024-09-27,33,12573,Distributor,Cancelled
SO_107183,CUST_0269,PROD_0131,2024-10-25,445,325295,Distributor,Pending
SO_107184,CUST_0435,PROD_0077,2024-04-06,211,184203,Direct,Cancelled
SO_107185,CUST_0007,PROD_0110,2024-07-07,273,174447,Direct,Cancelled
SO_107186,CUST_0217,PROD_0047,2024-08-19,308,165088,Online,Completed
SO_107187,CUST_0036,PROD_0175,2024-12-20,461,319934,Online,Pending
SO_107188,CUST_0149,PROD_0068,2024-12-19,252,239148,Distributor,Cancelled
SO_107189,CUST_0465,PROD_0241,2024-12-09,282,258876,Distributor,Cancelled
SO_107190,CUST_0474,PROD_0158,2024-07-06,459,61047,Distributor,Cancelled
SO_107191,CUST_0141,PROD_0194,2024-01-16,487,142691,Direct,Cancelled
SO_107192,CUST_0325,PROD_0069,2024-12-09,130,41470,Direct,Pending
SO_107193,CUST_0275,PROD_0182,2024-08-18,339,42375,Distributor,Completed
SO_107194,CUST_0266,PROD_0231,2024-01-31,486,172044,Distributor,Pending
SO_107195,CUST_0143,PROD_0236,2024-10-06,341,164703,Distributor,Completed
SO_107196,CUST_0297,PROD_0058,2024-12-15,257,143663,Distributor,Completed
SO_107197,CUST_0219,PROD_0028,2024-03-06,431,263772,Direct,Completed
SO_107198,CUST_0211,PROD_0257,2024-02-03,186,44082,Direct,Pending
SO_107199,CUST_0246,PROD_0086,2024-05-01,155,112530,Direct,Pending
SO_107200,CUST_0358,PROD_0133,2024-06-07,20,7920,Direct,Cancelled
SO_107201,CUST_0433,PROD_0037,2024-09-27,140,29400,Distributor,Completed
SO_107202,CUST_0442,PROD_0028,2024-06-26,366,284748,Distributor,Pending
SO_107203,CUST_0051,PROD_0256,2024-05-01,332,45484,Distributor,Completed
SO_107204,CUST_0365,PROD_0232,2024-08-15,221,71162,Direct,Cancelled
SO_107205,CUST_0292,PROD_0166,2024-05-18,240,136800,Distributor,Completed
SO_107206,CUST_0128,PROD_0081,2024-10-09,104,96928,Distributor,Completed
SO_107207,CUST_0345,PROD_0005,2024-07-31,433,58888,Distributor,Pending
SO_107208,CUST_0112,PROD_0226,2024-12-06,142,49558,Distributor,Cancelled
SO_107209,CUST_0020,PROD_0232,2024-07-06,375,222000,Online,Pending
SO_107210,CUST_0441,PROD_0048,2024-05-07,127,100330,Online,Completed
SO_107211,CUST_0259,PROD_0186,2024-08-01,64,43008,Distributor,Pending
SO_107212,CUST_0452,PROD_0221,2024-07-10,96,29376,Direct,Cancelled
SO_107213,CUST_0324,PROD_0235,2024-08-06,104,94848,Distributor,Completed
SO_107214,CUST_0008,PROD_0172,2024-12-14,95,75715,Online,Pending
SO_107215,CUST_0153,PROD_0038,2024-02-05,340,62560,Direct,Completed
SO_107216,CUST_0476,PROD_0154,2024-01-29,289,112421,Direct,Completed
SO_107217,CUST_0411,PROD_0197,2024-05-23,302,35636,Online,Cancelled
SO_107218,CUST_0055,PROD_0094,2024-03-11,414,69138,Direct,Cancelled
SO_107219,CUST_0286,PROD_0276,2024-07-05,450,158850,Direct,Cancelled
SO_107220,CUST_0004,PROD_0263,2024-04-26,232,35496,Distributor,Cancelled
SO_107221,CUST_0010,PROD_0029,2024-03-23,422,387818,Distributor,Pending
SO_107222,CUST_0491,PROD_0006,2024-01-12,388,208744,Direct,Completed
SO_107223,CUST_0197,PROD_0118,2024-10-22,120,28440,Online,Cancelled
SO_107224,CUST_0291,PROD_0109,2024-08-11,474,333222,Direct,Pending
SO_107225,CUST_0332,PROD_0185,2024-02-02,196,85456,Direct,Pending
SO_107226,CUST_0038,PROD_0119,2024-11-30,269,172967,Distributor,Cancelled
SO_107227,CUST_0013,PROD_0163,2024-08-02,28,6552,Online,Cancelled
SO_107228,CUST_0352,PROD_0020,2024-11-19,299,94185,Direct,Cancelled
SO_107229,CUST_0107,PROD_0109,2024-09-25,50,5650,Direct,Pending
SO_107230,CUST_0473,PROD_0240,2024-07-30,118,117410,Direct,Cancelled
SO_107231,CUST_0425,PROD_0241,2024-01-29,341,124806,Direct,Cancelled
SO_107232,CUST_0043,PROD_0067,2024-09-16,83,78767,Distributor,Completed
SO_107233,CUST_0001,PROD_0154,2024-10-31,79,66123,Distributor,Pending
SO_107234,CUST_0265,PROD_0168,2024-04-14,270,210600,Direct,Pending
SO_107235,CUST_0058,PROD_0249,2024-06-21,407,396011,Online,Pending
SO_107236,CUST_0367,PROD_0243,2024-10-04,104,11960,Online,Cancelled
SO_107237,CUST_0475,PROD_0084,2024-03-20,15,7380,Direct,Completed
SO_107238,CUST_0491,PROD_0093,2024-08-29,326,183538,Distributor,Pending
SO_107239,CUST_0411,PROD_0103,2024-03-17,53,11395,Direct,Cancelled
SO_107240,CUST_0460,PROD_0082,2024-07-16,477,157887,Online,Completed
SO_107241,CUST_0218,PROD_0011,2024-06-27,199,186662,Online,Pending
SO_107242,CUST_0223,PROD_0281,2024-09-08,187,80784,Online,Pending
SO_107243,CUST_0031,PROD_0019,2024-07-22,371,60473,Direct,Cancelled
SO_107244,CUST_0336,PROD_0281,2024-01-30,166,127488,Direct,Cancelled
SO_107245,CUST_0034,PROD_0227,2024-08-24,173,116602,Distributor,Pending
SO_107246,CUST_0167,PROD_0249,2024-12-25,209,151943,Direct,Cancelled
SO_107247,CUST_0373,PROD_0119,2024-10-30,158,134142,Distributor,Cancelled
SO_107248,CUST_0101,PROD_0157,2024-03-14,25,12025,Direct,Pending
SO_107249,CUST_0102,PROD_0244,2024-11-26,393,378852,Online,Completed
SO_107250,CUST_0486,PROD_0262,2024-12-11,421,271545,Online,Pending
SO_107251,CUST_0214,PROD_0025,2024-03-10,376,159048,Online,Cancelled
SO_107252,CUST_0002,PROD_0128,2024-06-02,104,52832,Direct,Cancelled
SO_107253,CUST_0042,PROD_0228,2024-11-04,14,1456,Direct,Completed
SO_107254,CUST_0209,PROD_0134,2024-08-14,446,317998,Direct,Completed
SO_107255,CUST_0302,PROD_0185,2024-01-27,135,25380,Online,Completed
SO_107256,CUST_0358,PROD_0040,2024-10-07,347,68012,Distributor,Cancelled
SO_107257,CUST_0086,PROD_0199,2024-11-20,370,172420,Online,Pending
SO_107258,CUST_0341,PROD_0169,2024-09-13,384,189696,Online,Pending
SO_107259,CUST_0144,PROD_0282,2024-02-21,438,246594,Direct,Pending
SO_107260,CUST_0185,PROD_0102,2024-10-05,382,313622,Online,Pending
SO_107261,CUST_0041,PROD_0124,2024-10-02,183,88572,Distributor,Cancelled
SO_107262,CUST_0032,PROD_0298,2024-04-08,458,163048,Distributor,Cancelled
SO_107263,CUST_0433,PROD_0216,2024-02-26,191,71816,Direct,Cancelled
SO_107264,CUST_0157,PROD_0006,2024-12-30,51,27846,Distributor,Pending
SO_107265,CUST_0362,PROD_0218,2024-05-19,227,188864,Direct,Pending
SO_107266,CUST_0498,PROD_0138,2024-03-04,229,164651,Direct,Completed
SO_107267,CUST_0494,PROD_0036,2024-06-09,48,6240,Direct,Pending
SO_107268,CUST_0471,PROD_0050,2024-10-11,358,72674,Online,Cancelled
SO_107269,CUST_0227,PROD_0242,2024-06-28,272,36720,Distributor,Cancelled
SO_107270,CUST_0003,PROD_0254,2024-04-03,260,101400,Distributor,Cancelled
SO_107271,CUST_0255,PROD_0141,2024-03-21,133,87115,Distributor,Pending
SO_107272,CUST_0494,PROD_0071,2024-08-30,304,199728,Direct,Pending
SO_107273,CUST_0106,PROD_0101,2024-11-08,231,100716,Online,Cancelled
SO_107274,CUST_0354,PROD_0181,2024-08-27,205,28700,Online,Cancelled
SO_107275,CUST_0220,PROD_0061,2024-01-26,186,95976,Distributor,Cancelled
SO_107276,CUST_0249,PROD_0209,2024-07-31,461,437028,Direct,Completed
SO_107277,CUST_0386,PROD_0284,2024-12-07,228,194028,Direct,Completed
SO_107278,CUST_0294,PROD_0094,2024-06-22,367,99090,Direct,Pending
SO_107279,CUST_0379,PROD_0132,2024-02-04,178,59452,Direct,Cancelled
SO_107280,CUST_0257,PROD_0241,2024-10-31,169,87204,Direct,Cancelled
SO_107281,CUST_0051,PROD_0242,2024-03-22,241,181232,Online,Pending
SO_107282,CUST_0405,PROD_0110,2024-01-26,27,2781,Distributor,Cancelled
SO_107283,CUST_0171,PROD_0100,2024-03-08,62,37696,Online,Cancelled
SO_107284,CUST_0280,PROD_0182,2024-07-23,52,19760,Online,Pending
SO_107285,CUST_0347,PROD_0093,2024-03-14,486,150660,Online,Pending
SO_107286,CUST_0091,PROD_0019,2024-07-11,274,95352,Direct,Completed
SO_107287,CUST_0422,PROD_0194,2024-12-08,239,167061,Distributor,Cancelled
SO_107288,CUST_0008,PROD_0220,2024-11-12,117,66924,Online,Cancelled
SO_107289,CUST_0394,PROD_0227,2024-04-11,12,11412,Direct,Cancelled
SO_107290,CUST_0218,PROD_0102,2024-02-06,290,59160,Distributor,Pending
SO_107291,CUST_0095,PROD_0162,2024-09-27,498,373002,Online,Pending
SO_107292,CUST_0039,PROD_0272,2024-10-07,329,133903,Online,Completed
SO_107293,CUST_0393,PROD_0079,2024-08-20,483,316848,Distributor,Cancelled
SO_107294,CUST_0249,PROD_0055,2024-10-24,457,404902,Online,Cancelled
SO_107295,CUST_0135,PROD_0023,2024-11-26,239,133362,Direct,Cancelled
SO_107296,CUST_0479,PROD_0036,2024-08-13,235,86715,Online,Completed
SO_107297,CUST_0083,PROD_0221,2024-03-06,251,115460,Online,Completed
SO_107298,CUST_0272,PROD_0175,2024-05-06,97,56648,Distributor,Cancelled
SO_107299,CUST_0183,PROD_0119,2024-09-23,344,239424,Distributor,Pending
SO_107300,CUST_0255,PROD_0035,2024-03-26,334,49766,Distributor,Pending
SO_107301,CUST_0055,PROD_0171,2024-03-03,232,164488,Distributor,Pending
SO_107302,CUST_0172,PROD_0241,2024-10-16,438,77088,Direct,Pending
SO_107303,CUST_0076,PROD_0236,2024-08-26,446,171264,Online,Completed
SO_107304,CUST_0285,PROD_0176,2024-02-07,305,161345,Online,Completed
SO_107305,CUST_0424,PROD_0243,2024-03-05,360,180720,Direct,Cancelled
SO_107306,CUST_0166,PROD_0253,2024-10-27,331,185691,Direct,Cancelled
SO_107307,CUST_0500,PROD_0130,2024-05-19,58,11542,Distributor,Cancelled
SO_107308,CUST_0043,PROD_0063,2024-08-13,146,98842,Online,Cancelled
SO_107309,CUST_0318,PROD_0191,2024-05-23,279,34875,Direct,Cancelled
SO_107310,CUST_0384,PROD_0292,2024-11-27,320,276160,Direct,Completed
SO_107311,CUST_0187,PROD_0065,2024-07-07,18,12222,Distributor,Cancelled
SO_107312,CUST_0492,PROD_0122,2024-02-22,154,131978,Direct,Pending
SO_107313,CUST_0192,PROD_0194,2024-11-03,203,165648,Direct,Cancelled
SO_107314,CUST_0315,PROD_0036,2024-07-08,42,23772,Distributor,Pending
SO_107315,CUST_0200,PROD_0112,2024-03-13,46,43562,Distributor,Pending
SO_107316,CUST_0325,PROD_0208,2024-07-05,340,275060,Distributor,Cancelled
SO_107317,CUST_0202,PROD_0106,2024-02-14,24,22920,Direct,Cancelled
SO_107318,CUST_0140,PROD_0108,2024-02-07,204,25908,Distributor,Pending
SO_107319,CUST_0247,PROD_0084,2024-03-13,38,22230,Distributor,Completed
SO_107320,CUST_0071,PROD_0116,2024-02-11,285,167010,Distributor,Cancelled
SO_107321,CUST_0356,PROD_0270,2024-02-09,295,168740,Direct,Completed
SO_107322,CUST_0223,PROD_0262,2024-11-22,291,80607,Direct,Cancelled
SO_107323,CUST_0052,PROD_0066,2024-09-30,318,296376,Distributor,Completed
SO_107324,CUST_0042,PROD_0099,2024-01-10,485,66930,Direct,Pending
SO_107325,CUST_0005,PROD_0167,2024-03-19,348,270396,Online,Completed
SO_107326,CUST_0336,PROD_0215,2024-04-27,463,193071,Direct,Pending
SO_107327,CUST_0358,PROD_0006,2024-11-30,186,128340,Distributor,Pending
SO_107328,CUST_0175,PROD_0275,2024-12-28,368,68080,Direct,Cancelled
SO_107329,CUST_0314,PROD_0197,2024-03-25,447,219030,Online,Pending
SO_107330,CUST_0272,PROD_0135,2024-01-01,147,110103,Online,Cancelled
SO_107331,CUST_0131,PROD_0206,2024-07-27,258,131838,Distributor,Pending
SO_107332,CUST_0273,PROD_0282,2024-06-28,157,82111,Online,Completed
SO_107333,CUST_0229,PROD_0223,2024-10-28,205,155595,Distributor,Pending
SO_107334,CUST_0300,PROD_0059,2024-05-08,369,91512,Direct,Pending
SO_107335,CUST_0159,PROD_0163,2024-01-31,349,145533,Online,Pending
SO_107336,CUST_0275,PROD_0243,2024-07-15,252,40572,Online,Completed
SO_107337,CUST_0472,PROD_0298,2024-01-30,387,205110,Distributor,Pending
SO_107338,CUST_0364,PROD_0003,2024-04-04,92,78568,Online,Cancelled
SO_107339,CUST_0429,PROD_0297,2024-10-16,238,204204,Online,Pending
SO_107340,CUST_0057,PROD_0135,2024-01-15,359,260634,Online,Cancelled
SO_107341,CUST_0126,PROD_0280,2024-06-04,40,28080,Online,Pending
SO_107342,CUST_0342,PROD_0184,2024-01-03,359,220785,Online,Cancelled
SO_107343,CUST_0171,PROD_0185,2024-03-17,204,105876,Online,Completed
SO_107344,CUST_0249,PROD_0237,2024-12-03,450,378900,Distributor,Completed
SO_107345,CUST_0260,PROD_0050,2024-06-08,412,127720,Distributor,Pending
SO_107346,CUST_0438,PROD_0275,2024-02-16,36,6732,Distributor,Completed
SO_107347,CUST_0222,PROD_0069,2024-07-06,409,137015,Online,Pending
SO_107348,CUST_0072,PROD_0177,2024-12-22,451,276463,Distributor,Pending
SO_107349,CUST_0390,PROD_0270,2024-04-21,206,22866,Distributor,Completed
SO_107350,CUST_0313,PROD_0069,2024-03-05,330,38280,Online,Completed
SO_107351,CUST_0477,PROD_0277,2024-03-13,143,87802,Direct,Cancelled
SO_107352,CUST_0230,PROD_0036,2024-11-27,374,128656,Distributor,Cancelled
SO_107353,CUST_0158,PROD_0126,2024-08-31,303,59994,Direct,Pending
SO_107354,CUST_0026,PROD_0203,2024-06-02,354,187620,Distributor,Cancelled
SO_107355,CUST_0414,PROD_0154,2024-12-11,293,201877,Online,Cancelled
SO_107356,CUST_0351,PROD_0248,2024-01-11,307,86881,Direct,Cancelled
SO_107357,CUST_0461,PROD_0141,2024-02-14,445,223390,Direct,Cancelled
SO_107358,CUST_0256,PROD_0210,2024-11-05,360,303120,Online,Cancelled
SO_107359,CUST_0431,PROD_0250,2024-05-25,458,418154,Online,Cancelled
SO_107360,CUST_0375,PROD_0153,2024-09-10,270,38610,Direct,Pending
SO_107361,CUST_0421,PROD_0046,2024-02-10,489,131052,Distributor,Completed
SO_107362,CUST_0091,PROD_0166,2024-06-17,75,55125,Direct,Cancelled
SO_107363,CUST_0334,PROD_0200,2024-03-17,253,127512,Distributor,Cancelled
SO_107364,CUST_0466,PROD_0090,2024-08-02,157,145068,Distributor,Completed
SO_107365,CUST_0367,PROD_0064,2024-03-02,395,379595,Direct,Pending
SO_107366,CUST_0413,PROD_0235,2024-01-09,283,109238,Online,Cancelled
SO_107367,CUST_0299,PROD_0024,2024-06-22,149,147510,Online,Cancelled
SO_107368,CUST_0227,PROD_0290,2024-09-07,450,437400,Online,Pending
SO_107369,CUST_0327,PROD_0096,2024-10-11,339,83055,Online,Cancelled
SO_107370,CUST_0075,PROD_0131,2024-02-28,119,69496,Direct,Pending
SO_107371,CUST_0062,PROD_0247,2024-04-18,430,258860,Online,Cancelled
SO_107372,CUST_0242,PROD_0250,2024-03-13,279,177723,Online,Completed
SO_107373,CUST_0462,PROD_0026,2024-08-31,127,32766,Direct,Completed
SO_107374,CUST_0367,PROD_0059,2024-08-02,54,38556,Direct,Completed
SO_107375,CUST_0495,PROD_0150,2024-01-23,178,68708,Direct,Cancelled
SO_107376,CUST_0194,PROD_0080,2024-02-27,77,29414,Direct,Completed
SO_107377,CUST_0061,PROD_0218,2024-01-15,168,102144,Direct,Completed
SO_107378,CUST_0444,PROD_0136,2024-08-22,279,267840,Online,Pending
SO_107379,CUST_0248,PROD_0219,2024-09-05,414,120888,Online,Completed
SO_107380,CUST_0317,PROD_0106,2024-12-29,85,60520,Online,Pending
SO_107381,CUST_0134,PROD_0257,2024-11-05,306,178398,Direct,Completed
SO_107382,CUST_0330,PROD_0137,2024-12-27,140,19320,Direct,Cancelled
SO_107383,CUST_0056,PROD_0251,2024-11-07,357,155295,Distributor,Cancelled
SO_107384,CUST_0125,PROD_0186,2024-09-24,167,31396,Online,Cancelled
SO_107385,CUST_0261,PROD_0074,2024-11-15,33,31779,Online,Pending
SO_107386,CUST_0255,PROD_0196,2024-02-21,476,451724,Online,Completed
SO_107387,CUST_0186,PROD_0239,2024-12-19,457,91857,Online,Completed
SO_107388,CUST_0135,PROD_0190,2024-05-24,128,110976,Online,Completed
SO_107389,CUST_0446,PROD_0235,2024-01-17,17,13430,Distributor,Pending
SO_107390,CUST_0243,PROD_0184,2024-10-31,69,65481,Online,Completed
SO_107391,CUST_0390,PROD_0052,2024-12-04,359,178064,Distributor,Pending
SO_107392,CUST_0330,PROD_0040,2024-01-28,125,124000,Online,Completed
SO_107393,CUST_0465,PROD_0004,2024-07-30,400,158400,Direct,Cancelled
SO_107394,CUST_0302,PROD_0267,2024-09-27,476,59500,Distributor,Pending
SO_107395,CUST_0470,PROD_0254,2024-10-03,378,217350,Online,Cancelled
SO_107396,CUST_0026,PROD_0143,2024-02-17,259,224294,Direct,Pending
SO_107397,CUST_0424,PROD_0101,2024-11-03,119,54264,Distributor,Pending
SO_107398,CUST_0135,PROD_0008,2024-02-09,402,127434,Direct,Cancelled
SO_107399,CUST_0473,PROD_0211,2024-01-02,285,35910,Online,Completed
SO_107400,CUST_0417,PROD_0036,2024-03-16,181,72762,Online,Pending
SO_107401,CUST_0106,PROD_0300,2024-04-23,293,213597,Distributor,Cancelled
SO_107402,CUST_0012,PROD_0208,2024-09-09,62,47740,Distributor,Completed
SO_107403,CUST_0279,PROD_0003,2024-04-27,47,44180,Direct,Cancelled
SO_107404,CUST_0401,PROD_0269,2024-04-23,270,61830,Distributor,Cancelled
SO_107405,CUST_0157,PROD_0225,2024-12-16,175,131425,Online,Cancelled
SO_107406,CUST_0464,PROD_0005,2024-08-29,426,93720,Distributor,Completed
SO_107407,CUST_0105,PROD_0114,2024-01-18,262,71002,Online,Pending
SO_107408,CUST_0152,PROD_0067,2024-06-15,386,177174,Direct,Pending
SO_107409,CUST_0424,PROD_0044,2024-11-03,265,30475,Distributor,Cancelled
SO_107410,CUST_0012,PROD_0119,2024-02-02,346,272302,Direct,Cancelled
SO_107411,CUST_0242,PROD_0176,2024-09-15,443,434583,Distributor,Pending
SO_107412,CUST_0009,PROD_0151,2024-01-02,340,231540,Direct,Cancelled
SO_107413,CUST_0401,PROD_0187,2024-04-22,419,74163,Distributor,Cancelled
SO_107414,CUST_0079,PROD_0139,2024-05-29,439,99653,Online,Cancelled
SO_107415,CUST_0462,PROD_0026,2024-01-06,111,37407,Online,Pending
SO_107416,CUST_0097,PROD_0045,2024-03-21,309,140286,Distributor,Completed
SO_107417,CUST_0001,PROD_0275,2024-05-07,94,91368,Online,Cancelled
SO_107418,CUST_0088,PROD_0186,2024-03-06,64,62528,Online,Completed
SO_107419,CUST_0044,PROD_0299,2024-03-13,81,38637,Direct,Cancelled
SO_107420,CUST_0141,PROD_0119,2024-03-13,299,126178,Distributor,Pending
SO_107421,CUST_0288,PROD_0278,2024-09-05,95,66025,Online,Pending
SO_107422,CUST_0433,PROD_0244,2024-06-21,466,398430,Online,Cancelled
SO_107423,CUST_0029,PROD_0002,2024-10-08,476,230860,Online,Pending
SO_107424,CUST_0435,PROD_0194,2024-10-18,411,168921,Online,Cancelled
SO_107425,CUST_0207,PROD_0097,2024-12-25,228,138852,Direct,Cancelled
SO_107426,CUST_0247,PROD_0090,2024-02-14,78,70122,Distributor,Cancelled
SO_107427,CUST_0458,PROD_0112,2024-10-21,479,249080,Online,Completed
SO_107428,CUST_0297,PROD_0060,2024-10-10,458,392964,Direct,Pending
SO_107429,CUST_0485,PROD_0143,2024-06-30,342,97470,Direct,Completed
SO_107430,CUST_0424,PROD_0168,2024-04-17,101,29189,Direct,Cancelled
SO_107431,CUST_0255,PROD_0114,2024-08-12,303,201495,Online,Pending
SO_107432,CUST_0079,PROD_0291,2024-07-22,83,37018,Distributor,Completed
SO_107433,CUST_0457,PROD_0155,2024-03-16,199,189846,Online,Cancelled
SO_107434,CUST_0223,PROD_0233,2024-03-04,459,380970,Distributor,Completed
SO_107435,CUST_0500,PROD_0211,2024-10-07,428,421152,Distributor,Pending
SO_107436,CUST_0224,PROD_0135,2024-02-02,123,120048,Direct,Completed
SO_107437,CUST_0212,PROD_0067,2024-03-22,376,315464,Distributor,Pending
SO_107438,CUST_0314,PROD_0027,2024-06-28,349,246743,Direct,Cancelled
SO_107439,CUST_0314,PROD_0280,2024-01-28,405,295245,Distributor,Pending
SO_107440,CUST_0357,PROD_0003,2024-04-30,278,129826,Direct,Cancelled
SO_107441,CUST_0428,PROD_0108,2024-10-03,247,170924,Direct,Pending
SO_107442,CUST_0033,PROD_0287,2024-06-24,43,6493,Online,Cancelled
SO_107443,CUST_0309,PROD_0072,2024-06-03,444,209568,Direct,Cancelled
SO_107444,CUST_0037,PROD_0116,2024-10-26,221,81107,Distributor,Completed
SO_107445,CUST_0483,PROD_0068,2024-04-21,332,55112,Direct,Pending
SO_107446,CUST_0237,PROD_0146,2024-07-21,115,31395,Direct,Cancelled
SO_107447,CUST_0379,PROD_0249,2024-03-22,71,36778,Distributor,Cancelled
SO_107448,CUST_0284,PROD_0247,2024-10-22,324,59616,Direct,Cancelled
SO_107449,CUST_0444,PROD_0034,2024-02-14,164,141860,Direct,Pending
SO_107450,CUST_0216,PROD_0134,2024-09-09,500,313500,Distributor,Cancelled
SO_107451,CUST_0203,PROD_0263,2024-02-16,455,104195,Distributor,Pending
SO_107452,CUST_0340,PROD_0068,2024-08-26,278,243528,Online,Cancelled
SO_107453,CUST_0235,PROD_0258,2024-03-26,337,117276,Direct,Completed
SO_107454,CUST_0458,PROD_0042,2024-04-05,263,94943,Online,Pending
SO_107455,CUST_0379,PROD_0016,2024-08-07,109,88835,Distributor,Completed
SO_107456,CUST_0446,PROD_0242,2024-09-28,119,46529,Online,Pending
SO_107457,CUST_0268,PROD_0204,2024-07-04,362,37648,Distributor,Cancelled
SO_107458,CUST_0354,PROD_0241,2024-06-26,296,275280,Distributor,Cancelled
SO_107459,CUST_0255,PROD_0124,2024-08-19,297,191268,Direct,Completed
SO_107460,CUST_0484,PROD_0110,2024-04-07,488,102480,Online,Completed
SO_107461,CUST_0475,PROD_0020,2024-07-31,300,141900,Direct,Pending
SO_107462,CUST_0385,PROD_0263,2024-08-24,216,47520,Distributor,Pending
SO_107463,CUST_0173,PROD_0030,2024-12-09,251,72539,Online,Pending
SO_107464,CUST_0471,PROD_0239,2024-09-14,303,197859,Distributor,Cancelled
SO_107465,CUST_0136,PROD_0070,2024-05-27,31,7936,Direct,Completed
SO_107466,CUST_0419,PROD_0111,2024-10-28,458,267014,Online,Completed
SO_107467,CUST_0274,PROD_0044,2024-07-16,158,124030,Direct,Pending
SO_107468,CUST_0141,PROD_0103,2024-04-11,32,22080,Distributor,Completed
SO_107469,CUST_0121,PROD_0297,2024-10-27,62,55924,Online,Completed
SO_107470,CUST_0324,PROD_0021,2024-09-14,294,101136,Direct,Cancelled
SO_107471,CUST_0327,PROD_0235,2024-12-11,361,335369,Direct,Pending
SO_107472,CUST_0273,PROD_0208,2024-08-03,406,82824,Direct,Cancelled
SO_107473,CUST_0406,PROD_0096,2024-08-12,176,75152,Direct,Completed
SO_107474,CUST_0003,PROD_0066,2024-12-31,343,265825,Distributor,Cancelled
SO_107475,CUST_0176,PROD_0165,2024-06-15,296,93240,Online,Completed
SO_107476,CUST_0054,PROD_0028,2024-06-30,375,43875,Direct,Cancelled
SO_107477,CUST_0330,PROD_0263,2024-07-01,12,1908,Distributor,Pending
SO_107478,CUST_0385,PROD_0272,2024-03-23,25,7275,Direct,Pending
SO_107479,CUST_0341,PROD_0179,2024-09-08,453,390033,Direct,Cancelled
SO_107480,CUST_0213,PROD_0242,2024-05-24,449,154456,Distributor,Pending
SO_107481,CUST_0341,PROD_0252,2024-06-15,468,329004,Online,Cancelled
SO_107482,CUST_0075,PROD_0286,2024-10-19,334,156980,Direct,Pending
SO_107483,CUST_0471,PROD_0281,2024-10-29,420,168000,Direct,Pending
SO_107484,CUST_0386,PROD_0272,2024-09-05,42,41286,Direct,Pending
SO_107485,CUST_0076,PROD_0272,2024-05-22,180,47700,Direct,Cancelled
SO_107486,CUST_0189,PROD_0268,2024-09-13,408,406368,Distributor,Cancelled
SO_107487,CUST_0155,PROD_0223,2024-03-11,166,88644,Distributor,Completed
SO_107488,CUST_0364,PROD_0195,2024-10-26,463,408366,Online,Pending
SO_107489,CUST_0346,PROD_0102,2024-12-01,218,171130,Distributor,Cancelled
SO_107490,CUST_0114,PROD_0141,2024-11-15,301,199262,Direct,Pending
SO_107491,CUST_0181,PROD_0189,2024-08-20,465,100905,Distributor,Completed
SO_107492,CUST_0486,PROD_0293,2024-09-03,243,152604,Online,Pending
SO_107493,CUST_0205,PROD_0163,2024-06-30,283,270265,Direct,Cancelled
SO_107494,CUST_0470,PROD_0016,2024-03-31,180,68760,Distributor,Completed
SO_107495,CUST_0305,PROD_0261,2024-04-06,268,207432,Online,Completed
SO_107496,CUST_0031,PROD_0033,2024-12-02,351,150930,Direct,Cancelled
SO_107497,CUST_0446,PROD_0079,2024-11-10,480,301920,Distributor,Pending
SO_107498,CUST_0026,PROD_0234,2024-02-17,108,100332,Distributor,Completed
SO_107499,CUST_0259,PROD_0050,2024-12-09,53,20087,Direct,Completed
SO_107500,CUST_0299,PROD_0287,2024-05-12,324,96552,Online,Pending
SO_107501,CUST_0034,PROD_0012,2024-01-08,362,321456,Direct,Pending
SO_107502,CUST_0211,PROD_0054,2024-12-31,253,150029,Direct,Pending
SO_107503,CUST_0487,PROD_0215,2024-08-06,347,308483,Online,Cancelled
SO_107504,CUST_0100,PROD_0040,2024-11-02,321,160179,Online,Cancelled
SO_107505,CUST_0122,PROD_0124,2024-02-12,39,4251,Direct,Pending
SO_107506,CUST_0283,PROD_0078,2024-05-28,263,244590,Distributor,Cancelled
SO_107507,CUST_0126,PROD_0269,2024-11-03,439,215110,Online,Pending
SO_107508,CUST_0212,PROD_0208,2024-11-09,328,321112,Distributor,Pending
SO_107509,CUST_0292,PROD_0212,2024-03-01,421,63992,Direct,Completed
SO_107510,CUST_0187,PROD_0261,2024-02-25,459,456246,Distributor,Pending
SO_107511,CUST_0162,PROD_0233,2024-01-02,102,23358,Distributor,Cancelled
SO_107512,CUST_0078,PROD_0025,2024-01-08,275,30800,Online,Cancelled
SO_107513,CUST_0370,PROD_0245,2024-05-28,234,205452,Distributor,Pending
SO_107514,CUST_0256,PROD_0205,2024-08-22,103,59740,Online,Pending
SO_107515,CUST_0310,PROD_0186,2024-07-16,286,189618,Distributor,Pending
SO_107516,CUST_0362,PROD_0253,2024-02-11,353,234039,Online,Cancelled
SO_107517,CUST_0477,PROD_0224,2024-12-17,44,14564,Distributor,Cancelled
SO_107518,CUST_0336,PROD_0111,2024-07-01,447,233334,Distributor,Pending
SO_107519,CUST_0005,PROD_0280,2024-04-26,68,26792,Online,Pending
SO_107520,CUST_0177,PROD_0147,2024-07-04,491,206711,Distributor,Completed
SO_107521,CUST_0324,PROD_0064,2024-03-19,203,138649,Direct,Completed
SO_107522,CUST_0274,PROD_0198,2024-04-22,260,100620,Distributor,Completed
SO_107523,CUST_0397,PROD_0030,2024-01-05,140,81480,Online,Cancelled
SO_107524,CUST_0273,PROD_0053,2024-05-22,114,51414,Online,Pending
SO_107525,CUST_0048,PROD_0043,2024-07-10,271,221407,Online,Completed
SO_107526,CUST_0137,PROD_0166,2024-03-25,224,36512,Direct,Completed
SO_107527,CUST_0458,PROD_0030,2024-08-19,300,277200,Online,Pending
SO_107528,CUST_0230,PROD_0168,2024-02-16,392,361424,Direct,Pending
SO_107529,CUST_0309,PROD_0205,2024-04-22,445,158865,Distributor,Pending
SO_107530,CUST_0245,PROD_0085,2024-12-01,95,84170,Distributor,Pending
SO_107531,CUST_0385,PROD_0132,2024-05-06,240,187680,Direct,Completed
SO_107532,CUST_0407,PROD_0027,2024-02-05,426,141432,Direct,Completed
SO_107533,CUST_0332,PROD_0275,2024-03-21,267,202653,Direct,Cancelled
SO_107534,CUST_0040,PROD_0291,2024-02-24,460,288880,Direct,Pending
SO_107535,CUST_0480,PROD_0093,2024-04-05,428,390336,Direct,Cancelled
SO_107536,CUST_0445,PROD_0170,2024-10-05,494,355186,Distributor,Completed
SO_107537,CUST_0414,PROD_0039,2024-02-02,119,57120,Direct,Pending
SO_107538,CUST_0188,PROD_0036,2024-08-12,133,63707,Distributor,Completed
SO_107539,CUST_0488,PROD_0007,2024-09-23,75,36450,Online,Pending
SO_107540,CUST_0067,PROD_0080,2024-07-20,80,18400,Distributor,Cancelled
SO_107541,CUST_0206,PROD_0022,2024-08-06,279,73935,Direct,Cancelled
SO_107542,CUST_0213,PROD_0124,2024-07-21,301,153209,Distributor,Completed
SO_107543,CUST_0094,PROD_0272,2024-02-22,390,367770,Online,Completed
SO_107544,CUST_0335,PROD_0261,2024-05-13,61,48434,Direct,Completed
SO_107545,CUST_0095,PROD_0276,2024-12-19,338,288990,Distributor,Cancelled
SO_107546,CUST_0352,PROD_0130,2024-01-11,291,168780,Distributor,Pending
SO_107547,CUST_0134,PROD_0215,2024-03-24,55,41910,Distributor,Cancelled
SO_107548,CUST_0210,PROD_0122,2024-04-30,127,56261,Online,Cancelled
SO_107549,CUST_0030,PROD_0057,2024-03-09,107,76933,Online,Completed
SO_107550,CUST_0110,PROD_0016,2024-10-07,104,90688,Direct,Pending
SO_107551,CUST_0166,PROD_0198,2024-03-13,229,36411,Online,Completed
SO_107552,CUST_0011,PROD_0194,2024-06-09,113,62037,Distributor,Pending
SO_107553,CUST_0013,PROD_0209,2024-07-15,439,72435,Direct,Pending
SO_107554,CUST_0053,PROD_0232,2024-02-02,119,62594,Online,Completed
SO_107555,CUST_0280,PROD_0073,2024-11-11,471,132822,Direct,Pending
SO_107556,CUST_0308,PROD_0155,2024-06-05,387,280962,Direct,Cancelled
SO_107557,CUST_0240,PROD_0030,2024-09-11,297,267300,Direct,Cancelled
SO_107558,CUST_0499,PROD_0045,2024-11-23,311,93922,Online,Pending
SO_107559,CUST_0032,PROD_0088,2024-03-18,266,174230,Direct,Cancelled
SO_107560,CUST_0459,PROD_0276,2024-01-18,333,114885,Direct,Pending
SO_107561,CUST_0139,PROD_0203,2024-02-29,434,303800,Distributor,Pending
SO_107562,CUST_0087,PROD_0279,2024-01-26,345,119715,Direct,Pending
SO_107563,CUST_0081,PROD_0150,2024-09-29,126,99792,Distributor,Pending
SO_107564,CUST_0331,PROD_0227,2024-04-19,311,121601,Online,Completed
SO_107565,CUST_0235,PROD_0272,2024-03-20,454,88530,Online,Completed
SO_107566,CUST_0395,PROD_0264,2024-11-17,435,167475,Direct,Completed
SO_107567,CUST_0386,PROD_0138,2024-07-11,469,185724,Direct,Cancelled
SO_107568,CUST_0129,PROD_0103,2024-02-12,88,80784,Distributor,Pending
SO_107569,CUST_0199,PROD_0274,2024-06-13,366,84546,Direct,Completed
SO_107570,CUST_0260,PROD_0157,2024-10-22,190,53010,Distributor,Completed
SO_107571,CUST_0124,PROD_0009,2024-11-06,199,87162,Direct,Pending
SO_107572,CUST_0343,PROD_0183,2024-12-02,206,87344,Online,Pending
SO_107573,CUST_0150,PROD_0016,2024-07-26,205,96965,Distributor,Pending
SO_107574,CUST_0380,PROD_0252,2024-08-14,291,48015,Online,Cancelled
SO_107575,CUST_0299,PROD_0036,2024-07-13,212,189952,Online,Cancelled
SO_107576,CUST_0426,PROD_0111,2024-01-19,380,379240,Online,Completed
SO_107577,CUST_0156,PROD_0169,2024-08-23,128,104192,Online,Pending
SO_107578,CUST_0246,PROD_0280,2024-11-06,416,209248,Online,Completed
SO_107579,CUST_0306,PROD_0191,2024-02-14,378,272538,Distributor,Cancelled
SO_107580,CUST_0356,PROD_0221,2024-05-25,10,6420,Distributor,Completed
SO_107581,CUST_0392,PROD_0269,2024-01-21,454,202484,Distributor,Completed
SO_107582,CUST_0303,PROD_0200,2024-09-29,477,314343,Distributor,Completed
SO_107583,CUST_0114,PROD_0275,2024-01-15,344,110080,Online,Cancelled
SO_107584,CUST_0200,PROD_0015,2024-09-21,483,279174,Direct,Cancelled
SO_107585,CUST_0187,PROD_0150,2024-04-03,403,292175,Direct,Completed
SO_107586,CUST_0462,PROD_0200,2024-12-21,370,320050,Direct,Pending
SO_107587,CUST_0376,PROD_0125,2024-08-28,111,17094,Distributor,Cancelled
SO_107588,CUST_0469,PROD_0259,2024-11-02,122,101626,Direct,Cancelled
SO_107589,CUST_0344,PROD_0016,2024-07-05,25,10250,Direct,Cancelled
SO_107590,CUST_0485,PROD_0273,2024-05-01,450,442350,Direct,Completed
SO_107591,CUST_0430,PROD_0078,2024-06-10,113,43166,Direct,Completed
SO_107592,CUST_0486,PROD_0060,2024-05-01,206,44702,Distributor,Cancelled
SO_107593,CUST_0300,PROD_0287,2024-02-12,213,86691,Distributor,Cancelled
SO_107594,CUST_0147,PROD_0243,2024-11-28,70,16800,Distributor,Pending
SO_107595,CUST_0222,PROD_0047,2024-04-14,334,218102,Online,Completed
SO_107596,CUST_0189,PROD_0112,2024-12-02,428,242248,Online,Pending
SO_107597,CUST_0006,PROD_0057,2024-08-16,11,8503,Direct,Pending
SO_107598,CUST_0323,PROD_0097,2024-05-13,243,234252,Online,Pending
SO_107599,CUST_0106,PROD_0182,2024-03-02,235,90710,Direct,Cancelled
SO_107600,CUST_0054,PROD_0274,2024-10-22,493,313548,Distributor,Pending
SO_107601,CUST_0321,PROD_0207,2024-11-03,136,45696,Online,Pending
SO_107602,CUST_0406,PROD_0299,2024-11-21,101,99687,Direct,Cancelled
SO_107603,CUST_0494,PROD_0215,2024-08-19,101,64236,Online,Pending
SO_107604,CUST_0392,PROD_0198,2024-03-02,356,227840,Direct,Pending
SO_107605,CUST_0436,PROD_0279,2024-06-18,89,50997,Distributor,Cancelled
SO_107606,CUST_0420,PROD_0047,2024-02-06,259,197876,Online,Pending
SO_107607,CUST_0281,PROD_0057,2024-11-10,221,70278,Direct,Pending
SO_107608,CUST_0060,PROD_0278,2024-11-24,427,84119,Online,Completed
SO_107609,CUST_0114,PROD_0208,2024-04-04,100,61200,Online,Completed
SO_107610,CUST_0443,PROD_0212,2024-06-21,265,262350,Direct,Cancelled
SO_107611,CUST_0004,PROD_0261,2024-05-10,51,13668,Online,Completed
SO_107612,CUST_0234,PROD_0151,2024-09-06,449,202948,Direct,Cancelled
SO_107613,CUST_0168,PROD_0028,2024-11-13,98,98000,Online,Cancelled
SO_107614,CUST_0138,PROD_0257,2024-01-07,123,18081,Direct,Completed
SO_107615,CUST_0273,PROD_0212,2024-10-17,466,114170,Online,Pending
SO_107616,CUST_0280,PROD_0275,2024-08-11,496,320912,Direct,Cancelled
SO_107617,CUST_0197,PROD_0035,2024-02-27,325,95225,Direct,Pending
SO_107618,CUST_0101,PROD_0196,2024-01-27,362,123442,Distributor,Pending
SO_107619,CUST_0138,PROD_0076,2024-07-05,217,180327,Online,Pending
SO_107620,CUST_0384,PROD_0016,2024-03-16,268,234500,Distributor,Completed
SO_107621,CUST_0281,PROD_0140,2024-06-21,248,93992,Direct,Pending
SO_107622,CUST_0373,PROD_0150,2024-02-26,488,62952,Online,Cancelled
SO_107623,CUST_0058,PROD_0144,2024-07-13,435,176175,Online,Pending
SO_107624,CUST_0275,PROD_0101,2024-02-26,267,39516,Online,Completed
SO_107625,CUST_0240,PROD_0297,2024-07-08,40,16560,Online,Cancelled
SO_107626,CUST_0316,PROD_0158,2024-02-12,400,115200,Direct,Completed
SO_107627,CUST_0142,PROD_0111,2024-10-30,489,466995,Distributor,Completed
SO_107628,CUST_0191,PROD_0284,2024-04-02,212,150520,Direct,Pending
SO_107629,CUST_0237,PROD_0087,2024-11-23,176,104016,Direct,Pending
SO_107630,CUST_0267,PROD_0186,2024-01-12,172,122464,Online,Cancelled
SO_107631,CUST_0265,PROD_0188,2024-01-21,185,134680,Online,Pending
SO_107632,CUST_0149,PROD_0269,2024-03-24,57,12312,Direct,Completed
SO_107633,CUST_0260,PROD_0133,2024-07-25,489,430320,Direct,Cancelled
SO_107634,CUST_0231,PROD_0260,2024-05-01,72,45216,Distributor,Pending
SO_107635,CUST_0440,PROD_0014,2024-03-08,430,211990,Online,Completed
SO_107636,CUST_0387,PROD_0199,2024-07-03,281,171691,Direct,Pending
SO_107637,CUST_0114,PROD_0140,2024-03-28,261,238293,Distributor,Completed
SO_107638,CUST_0195,PROD_0184,2024-05-22,400,290000,Distributor,Pending
SO_107639,CUST_0383,PROD_0016,2024-11-01,332,115536,Direct,Pending
SO_107640,CUST_0434,PROD_0030,2024-06-05,179,170408,Distributor,Pending
SO_107641,CUST_0442,PROD_0297,2024-01-01,110,90310,Distributor,Pending
SO_107642,CUST_0328,PROD_0254,2024-06-27,426,287550,Direct,Completed
SO_107643,CUST_0473,PROD_0074,2024-04-05,422,224082,Online,Completed
SO_107644,CUST_0349,PROD_0049,2024-10-07,377,343824,Online,Completed
SO_107645,CUST_0004,PROD_0111,2024-12-23,250,58750,Distributor,Cancelled
SO_107646,CUST_0069,PROD_0005,2024-04-09,28,13216,Direct,Pending
SO_107647,CUST_0383,PROD_0294,2024-08-19,153,135099,Online,Cancelled
SO_107648,CUST_0410,PROD_0070,2024-10-26,47,39104,Online,Cancelled
SO_107649,CUST_0094,PROD_0231,2024-12-03,484,218284,Direct,Pending
SO_107650,CUST_0447,PROD_0248,2024-02-25,123,95694,Distributor,Cancelled
SO_107651,CUST_0414,PROD_0266,2024-09-22,433,232521,Distributor,Completed
SO_107652,CUST_0005,PROD_0089,2024-05-31,284,95708,Online,Pending
SO_107653,CUST_0003,PROD_0147,2024-01-10,380,278540,Direct,Cancelled
SO_107654,CUST_0064,PROD_0003,2024-06-20,39,12792,Direct,Cancelled
SO_107655,CUST_0399,PROD_0095,2024-12-07,308,42196,Direct,Cancelled
SO_107656,CUST_0284,PROD_0104,2024-02-18,449,348424,Direct,Completed
SO_107657,CUST_0401,PROD_0048,2024-08-09,438,82344,Direct,Pending
SO_107658,CUST_0173,PROD_0194,2024-02-29,96,74976,Direct,Pending
SO_107659,CUST_0445,PROD_0267,2024-09-11,357,279888,Direct,Cancelled
SO_107660,CUST_0044,PROD_0188,2024-12-05,474,162582,Distributor,Cancelled
SO_107661,CUST_0005,PROD_0284,2024-02-05,486,130248,Direct,Completed
SO_107662,CUST_0079,PROD_0277,2024-04-09,403,244621,Distributor,Cancelled
SO_107663,CUST_0105,PROD_0024,2024-07-03,353,262985,Online,Cancelled
SO_107664,CUST_0450,PROD_0119,2024-07-29,409,337425,Distributor,Completed
SO_107665,CUST_0237,PROD_0033,2024-09-25,30,21570,Distributor,Completed
SO_107666,CUST_0488,PROD_0075,2024-01-07,166,88478,Direct,Cancelled
SO_107667,CUST_0095,PROD_0084,2024-01-04,124,109492,Distributor,Cancelled
SO_107668,CUST_0002,PROD_0194,2024-08-03,478,229440,Distributor,Cancelled
SO_107669,CUST_0485,PROD_0092,2024-09-30,411,113847,Distributor,Cancelled
SO_107670,CUST_0272,PROD_0288,2024-11-07,91,12922,Direct,Pending
SO_107671,CUST_0249,PROD_0270,2024-04-29,263,225391,Distributor,Cancelled
SO_107672,CUST_0251,PROD_0257,2024-07-09,368,42688,Direct,Pending
SO_107673,CUST_0115,PROD_0149,2024-01-19,314,137846,Online,Cancelled
SO_107674,CUST_0065,PROD_0148,2024-06-29,484,472384,Direct,Completed
SO_107675,CUST_0357,PROD_0171,2024-09-20,238,46648,Direct,Pending
SO_107676,CUST_0266,PROD_0299,2024-10-22,319,189805,Online,Cancelled
SO_107677,CUST_0016,PROD_0098,2024-06-27,474,55932,Direct,Cancelled
SO_107678,CUST_0398,PROD_0198,2024-11-08,461,127697,Distributor,Cancelled
SO_107679,CUST_0277,PROD_0076,2024-11-23,475,65550,Distributor,Pending
SO_107680,CUST_0017,PROD_0096,2024-12-23,291,59655,Online,Pending
SO_107681,CUST_0383,PROD_0209,2024-05-29,13,2834,Distributor,Completed
SO_107682,CUST_0267,PROD_0286,2024-09-20,272,263296,Distributor,Cancelled
SO_107683,CUST_0188,PROD_0054,2024-11-16,73,61101,Online,Cancelled
SO_107684,CUST_0085,PROD_0024,2024-04-24,33,28875,Direct,Cancelled
SO_107685,CUST_0009,PROD_0127,2024-08-15,326,246130,Online,Pending
SO_107686,CUST_0147,PROD_0050,2024-11-25,153,98226,Direct,Pending
SO_107687,CUST_0283,PROD_0286,2024-08-03,309,132561,Direct,Cancelled
SO_107688,CUST_0490,PROD_0201,2024-10-21,445,143735,Distributor,Pending
SO_107689,CUST_0368,PROD_0052,2024-08-19,369,201474,Direct,Cancelled
SO_107690,CUST_0423,PROD_0123,2024-07-05,163,18093,Online,Cancelled
SO_107691,CUST_0143,PROD_0129,2024-10-19,374,178024,Online,Completed
SO_107692,CUST_0018,PROD_0231,2024-03-30,321,263541,Distributor,Completed
SO_107693,CUST_0365,PROD_0107,2024-07-11,275,176000,Online,Cancelled
SO_107694,CUST_0024,PROD_0186,2024-06-20,313,190617,Direct,Cancelled
SO_107695,CUST_0483,PROD_0028,2024-06-19,29,9454,Distributor,Pending
SO_107696,CUST_0048,PROD_0292,2024-01-14,422,121114,Direct,Completed
SO_107697,CUST_0400,PROD_0020,2024-08-31,136,36176,Direct,Pending
SO_107698,CUST_0201,PROD_0023,2024-12-31,332,190568,Direct,Cancelled
SO_107699,CUST_0471,PROD_0266,2024-12-28,130,16120,Direct,Cancelled
SO_107700,CUST_0160,PROD_0292,2024-01-10,230,192970,Online,Pending
SO_107701,CUST_0186,PROD_0050,2024-08-19,178,50374,Online,Completed
SO_107702,CUST_0342,PROD_0283,2024-02-27,115,86940,Distributor,Completed
SO_107703,CUST_0263,PROD_0224,2024-03-23,428,298316,Distributor,Cancelled
SO_107704,CUST_0392,PROD_0225,2024-10-05,161,151179,Distributor,Cancelled
SO_107705,CUST_0300,PROD_0177,2024-08-30,286,143858,Direct,Pending
SO_107706,CUST_0282,PROD_0284,2024-01-25,274,189334,Online,Completed
SO_107707,CUST_0318,PROD_0053,2024-04-26,458,377392,Online,Cancelled
SO_107708,CUST_0201,PROD_0102,2024-06-16,340,164560,Distributor,Completed
SO_107709,CUST_0237,PROD_0136,2024-07-25,431,72408,Distributor,Completed
SO_107710,CUST_0483,PROD_0261,2024-11-13,173,125079,Online,Pending
SO_107711,CUST_0482,PROD_0237,2024-08-27,23,12880,Distributor,Cancelled
SO_107712,CUST_0117,PROD_0132,2024-02-18,203,173159,Direct,Completed
SO_107713,CUST_0231,PROD_0117,2024-01-16,63,56133,Online,Completed
SO_107714,CUST_0471,PROD_0221,2024-07-31,491,272014,Online,Pending
SO_107715,CUST_0183,PROD_0157,2024-08-07,208,180752,Distributor,Cancelled
SO_107716,CUST_0144,PROD_0298,2024-08-16,38,9044,Direct,Cancelled
SO_107717,CUST_0483,PROD_0214,2024-03-05,18,5598,Online,Cancelled
SO_107718,CUST_0015,PROD_0254,2024-12-12,165,76395,Online,Pending
SO_107719,CUST_0221,PROD_0060,2024-03-23,437,321195,Distributor,Pending
SO_107720,CUST_0212,PROD_0148,2024-12-28,375,191250,Direct,Completed
SO_107721,CUST_0241,PROD_0158,2024-05-10,264,212256,Online,Cancelled
SO_107722,CUST_0455,PROD_0281,2024-07-13,406,259028,Distributor,Pending
SO_107723,CUST_0092,PROD_0287,2024-05-01,332,68392,Distributor,Completed
SO_107724,CUST_0133,PROD_0155,2024-12-24,35,21840,Distributor,Cancelled
SO_107725,CUST_0051,PROD_0180,2024-06-04,70,48930,Online,Pending
SO_107726,CUST_0279,PROD_0146,2024-11-17,234,25506,Online,Pending
SO_107727,CUST_0108,PROD_0287,2024-12-15,342,97128,Direct,Completed
SO_107728,CUST_0326,PROD_0032,2024-03-15,227,88984,Online,Cancelled
SO_107729,CUST_0487,PROD_0137,2024-09-26,320,270720,Distributor,Pending
SO_107730,CUST_0155,PROD_0003,2024-03-30,161,141519,Distributor,Pending
SO_107731,CUST_0148,PROD_0010,2024-01-04,85,62135,Direct,Cancelled
SO_107732,CUST_0342,PROD_0139,2024-12-31,40,30120,Direct,Pending
SO_107733,CUST_0246,PROD_0092,2024-09-30,187,40018,Online,Pending
SO_107734,CUST_0232,PROD_0164,2024-12-13,416,88192,Online,Pending
SO_107735,CUST_0472,PROD_0050,2024-01-19,219,75774,Distributor,Cancelled
SO_107736,CUST_0083,PROD_0267,2024-03-05,145,16820,Direct,Pending
SO_107737,CUST_0108,PROD_0231,2024-08-24,163,78729,Distributor,Pending
SO_107738,CUST_0301,PROD_0163,2024-05-20,203,23345,Distributor,Pending
SO_107739,CUST_0483,PROD_0175,2024-12-24,324,266652,Direct,Cancelled
SO_107740,CUST_0015,PROD_0262,2024-08-19,23,16790,Online,Pending
SO_107741,CUST_0390,PROD_0119,2024-05-09,261,89262,Direct,Pending
SO_107742,CUST_0019,PROD_0148,2024-08-16,408,194208,Direct,Pending
SO_107743,CUST_0145,PROD_0263,2024-12-22,396,304524,Distributor,Cancelled
SO_107744,CUST_0274,PROD_0180,2024-04-29,148,90132,Online,Cancelled
SO_107745,CUST_0159,PROD_0109,2024-05-31,181,153488,Distributor,Cancelled
SO_107746,CUST_0161,PROD_0164,2024-03-19,197,176315,Distributor,Cancelled
SO_107747,CUST_0098,PROD_0046,2024-11-13,230,34960,Online,Completed
SO_107748,CUST_0173,PROD_0082,2024-11-07,471,273180,Direct,Cancelled
SO_107749,CUST_0099,PROD_0171,2024-03-06,66,27192,Distributor,Completed
SO_107750,CUST_0303,PROD_0147,2024-10-23,445,327075,Online,Pending
SO_107751,CUST_0394,PROD_0151,2024-08-26,300,225600,Distributor,Cancelled
SO_107752,CUST_0185,PROD_0019,2024-07-24,153,72981,Direct,Cancelled
SO_107753,CUST_0294,PROD_0066,2024-04-16,423,142974,Direct,Pending
SO_107754,CUST_0255,PROD_0264,2024-12-20,411,183306,Distributor,Cancelled
SO_107755,CUST_0367,PROD_0268,2024-10-28,27,8802,Direct,Cancelled
SO_107756,CUST_0007,PROD_0041,2024-06-19,475,305425,Online,Cancelled
SO_107757,CUST_0423,PROD_0291,2024-08-16,195,35490,Direct,Pending
SO_107758,CUST_0215,PROD_0150,2024-12-07,398,107858,Online,Cancelled
SO_107759,CUST_0177,PROD_0148,2024-04-05,287,212667,Direct,Pending
SO_107760,CUST_0270,PROD_0261,2024-06-23,283,234890,Direct,Pending
SO_107761,CUST_0095,PROD_0206,2024-05-03,139,64357,Distributor,Cancelled
SO_107762,CUST_0150,PROD_0012,2024-02-08,472,385624,Direct,Cancelled
SO_107763,CUST_0395,PROD_0056,2024-12-13,269,68057,Distributor,Pending
SO_107764,CUST_0214,PROD_0112,2024-03-03,186,143406,Distributor,Completed
SO_107765,CUST_0123,PROD_0039,2024-07-05,425,367625,Online,Pending
SO_107766,CUST_0317,PROD_0063,2024-06-22,191,46031,Online,Pending
SO_107767,CUST_0386,PROD_0075,2024-10-31,176,171248,Direct,Pending
SO_107768,CUST_0453,PROD_0282,2024-10-09,443,384081,Online,Pending
SO_107769,CUST_0175,PROD_0225,2024-06-08,306,99756,Direct,Cancelled
SO_107770,CUST_0185,PROD_0269,2024-08-03,86,65962,Online,Cancelled
SO_107771,CUST_0133,PROD_0086,2024-03-06,104,99320,Online,Completed
SO_107772,CUST_0027,PROD_0272,2024-06-10,68,43656,Direct,Cancelled
SO_107773,CUST_0459,PROD_0206,2024-07-31,269,235106,Online,Completed
SO_107774,CUST_0152,PROD_0009,2024-03-17,424,366760,Direct,Completed
SO_107775,CUST_0207,PROD_0198,2024-11-08,481,370370,Distributor,Pending
SO_107776,CUST_0362,PROD_0088,2024-04-06,179,56564,Direct,Cancelled
SO_107777,CUST_0130,PROD_0169,2024-06-30,181,161452,Distributor,Pending
SO_107778,CUST_0071,PROD_0116,2024-03-16,153,138006,Distributor,Completed
SO_107779,CUST_0028,PROD_0024,2024-02-28,466,447826,Online,Pending
SO_107780,CUST_0072,PROD_0079,2024-06-24,414,246330,Direct,Completed
SO_107781,CUST_0277,PROD_0103,2024-02-12,282,144948,Online,Pending
SO_107782,CUST_0173,PROD_0248,2024-07-30,236,125080,Distributor,Completed
SO_107783,CUST_0054,PROD_0038,2024-11-01,359,304073,Direct,Pending
SO_107784,CUST_0492,PROD_0175,2024-12-08,367,223503,Direct,Pending
SO_107785,CUST_0379,PROD_0167,2024-09-07,407,190069,Direct,Cancelled
SO_107786,CUST_0215,PROD_0206,2024-06-06,499,419160,Direct,Completed
SO_107787,CUST_0291,PROD_0284,2024-01-17,22,9064,Direct,Completed
SO_107788,CUST_0447,PROD_0122,2024-07-29,480,171360,Distributor,Completed
SO_107789,CUST_0494,PROD_0093,2024-07-05,416,118144,Online,Cancelled
SO_107790,CUST_0376,PROD_0060,2024-11-23,412,340312,Online,Cancelled
SO_107791,CUST_0279,PROD_0015,2024-08-30,481,142376,Direct,Cancelled
SO_107792,CUST_0030,PROD_0159,2024-05-04,161,107065,Distributor,Cancelled
SO_107793,CUST_0447,PROD_0269,2024-09-29,359,308022,Distributor,Completed
SO_107794,CUST_0052,PROD_0155,2024-02-10,470,445090,Distributor,Completed
SO_107795,CUST_0184,PROD_0299,2024-01-08,424,69960,Online,Cancelled
SO_107796,CUST_0156,PROD_0137,2024-01-21,367,120009,Online,Completed
SO_107797,CUST_0330,PROD_0153,2024-09-04,498,62748,Online,Completed
SO_107798,CUST_0494,PROD_0259,2024-05-26,243,93555,Direct,Pending
SO_107799,CUST_0427,PROD_0235,2024-03-08,69,21804,Online,Pending
SO_107800,CUST_0305,PROD_0219,2024-03-22,248,161200,Distributor,Pending
SO_107801,CUST_0134,PROD_0018,2024-06-04,470,141470,Distributor,Pending
SO_107802,CUST_0290,PROD_0208,2024-03-05,296,195952,Direct,Completed
SO_107803,CUST_0210,PROD_0211,2024-07-04,432,252288,Direct,Pending
SO_107804,CUST_0236,PROD_0232,2024-12-28,452,352560,Distributor,Completed
SO_107805,CUST_0034,PROD_0091,2024-03-14,400,254800,Direct,Pending
SO_107806,CUST_0395,PROD_0014,2024-08-09,335,200330,Distributor,Completed
SO_107807,CUST_0077,PROD_0162,2024-01-15,93,13764,Distributor,Completed
SO_107808,CUST_0489,PROD_0013,2024-09-05,287,178227,Online,Completed
SO_107809,CUST_0080,PROD_0246,2024-09-09,441,284004,Online,Cancelled
SO_107810,CUST_0314,PROD_0118,2024-11-13,499,369260,Direct,Completed
SO_107811,CUST_0480,PROD_0138,2024-03-11,223,204937,Online,Pending
SO_107812,CUST_0407,PROD_0110,2024-07-08,356,62300,Distributor,Completed
SO_107813,CUST_0280,PROD_0264,2024-01-11,327,249828,Online,Pending
SO_107814,CUST_0277,PROD_0146,2024-11-16,104,81640,Direct,Cancelled
SO_107815,CUST_0133,PROD_0134,2024-04-27,260,258440,Distributor,Cancelled
SO_107816,CUST_0108,PROD_0102,2024-05-17,194,167034,Direct,Cancelled
SO_107817,CUST_0260,PROD_0165,2024-03-23,145,95410,Online,Completed
SO_107818,CUST_0057,PROD_0104,2024-04-25,375,76875,Online,Completed
SO_107819,CUST_0087,PROD_0140,2024-08-19,325,55575,Direct,Pending
SO_107820,CUST_0156,PROD_0039,2024-10-20,444,290820,Online,Cancelled
SO_107821,CUST_0150,PROD_0137,2024-06-19,473,449350,Distributor,Pending
SO_107822,CUST_0170,PROD_0133,2024-02-23,27,10179,Online,Pending
SO_107823,CUST_0171,PROD_0199,2024-10-01,338,117286,Online,Pending
SO_107824,CUST_0482,PROD_0155,2024-02-21,481,478114,Direct,Completed
SO_107825,CUST_0305,PROD_0063,2024-01-13,288,65952,Direct,Completed
SO_107826,CUST_0248,PROD_0190,2024-08-04,143,72787,Online,Cancelled
SO_107827,CUST_0305,PROD_0169,2024-12-24,335,42545,Distributor,Cancelled
SO_107828,CUST_0251,PROD_0276,2024-01-10,119,82824,Online,Cancelled
SO_107829,CUST_0322,PROD_0102,2024-05-03,184,156032,Online,Cancelled
SO_107830,CUST_0015,PROD_0159,2024-07-22,454,102604,Distributor,Completed
SO_107831,CUST_0065,PROD_0166,2024-09-08,421,407528,Online,Completed
SO_107832,CUST_0334,PROD_0225,2024-12-07,33,9372,Direct,Pending
SO_107833,CUST_0336,PROD_0083,2024-08-21,489,135453,Distributor,Cancelled
SO_107834,CUST_0463,PROD_0023,2024-08-19,88,48576,Direct,Cancelled
SO_107835,CUST_0240,PROD_0039,2024-05-29,271,152031,Direct,Pending
SO_107836,CUST_0490,PROD_0080,2024-04-27,324,112752,Distributor,Pending
SO_107837,CUST_0145,PROD_0137,2024-06-26,372,195300,Distributor,Completed
SO_107838,CUST_0191,PROD_0131,2024-08-11,323,322677,Online,Cancelled
SO_107839,CUST_0403,PROD_0106,2024-03-20,263,127555,Distributor,Cancelled
SO_107840,CUST_0054,PROD_0063,2024-09-16,391,168912,Direct,Pending
SO_107841,CUST_0269,PROD_0053,2024-05-29,139,136220,Direct,Completed
SO_107842,CUST_0084,PROD_0287,2024-08-20,393,325797,Distributor,Completed
SO_107843,CUST_0361,PROD_0155,2024-03-28,171,165870,Online,Completed
SO_107844,CUST_0066,PROD_0155,2024-03-29,490,195020,Distributor,Pending
SO_107845,CUST_0437,PROD_0089,2024-03-12,146,17958,Direct,Pending
SO_107846,CUST_0348,PROD_0246,2024-11-20,89,53489,Direct,Cancelled
SO_107847,CUST_0244,PROD_0209,2024-12-16,237,117315,Distributor,Pending
SO_107848,CUST_0319,PROD_0006,2024-09-06,357,190638,Distributor,Completed
SO_107849,CUST_0455,PROD_0021,2024-03-22,244,179828,Direct,Cancelled
SO_107850,CUST_0336,PROD_0148,2024-12-16,163,146374,Direct,Completed
SO_107851,CUST_0164,PROD_0281,2024-10-28,451,161909,Distributor,Completed
SO_107852,CUST_0470,PROD_0263,2024-01-02,337,252750,Distributor,Completed
SO_107853,CUST_0119,PROD_0123,2024-04-04,441,407925,Direct,Cancelled
SO_107854,CUST_0352,PROD_0198,2024-09-09,84,48216,Direct,Cancelled
SO_107855,CUST_0162,PROD_0132,2024-12-07,126,99036,Distributor,Cancelled
SO_107856,CUST_0170,PROD_0252,2024-07-05,415,337395,Distributor,Pending
SO_107857,CUST_0449,PROD_0278,2024-08-24,489,232275,Distributor,Pending
SO_107858,CUST_0343,PROD_0264,2024-05-09,11,5423,Direct,Cancelled
SO_107859,CUST_0092,PROD_0005,2024-10-24,371,371000,Distributor,Cancelled
SO_107860,CUST_0425,PROD_0084,2024-02-20,55,9350,Direct,Pending
SO_107861,CUST_0314,PROD_0039,2024-12-31,33,11616,Direct,Cancelled
SO_107862,CUST_0377,PROD_0037,2024-10-14,457,343664,Distributor,Cancelled
SO_107863,CUST_0335,PROD_0051,2024-10-20,285,74100,Distributor,Completed
SO_107864,CUST_0174,PROD_0153,2024-05-22,272,63648,Online,Pending
SO_107865,CUST_0375,PROD_0210,2024-05-10,30,18630,Distributor,Cancelled
SO_107866,CUST_0208,PROD_0253,2024-08-31,172,89956,Direct,Completed
SO_107867,CUST_0385,PROD_0101,2024-09-11,113,79326,Online,Pending
SO_107868,CUST_0064,PROD_0102,2024-11-04,80,32160,Distributor,Completed
SO_107869,CUST_0315,PROD_0098,2024-12-10,305,213805,Online,Pending
SO_107870,CUST_0297,PROD_0179,2024-12-22,423,338823,Direct,Cancelled
SO_107871,CUST_0044,PROD_0108,2024-07-25,147,24990,Distributor,Completed
SO_107872,CUST_0429,PROD_0169,2024-02-24,158,54826,Online,Pending
SO_107873,CUST_0201,PROD_0240,2024-08-08,166,156040,Online,Cancelled
SO_107874,CUST_0320,PROD_0253,2024-06-12,187,171666,Online,Completed
SO_107875,CUST_0120,PROD_0102,2024-02-22,188,174464,Online,Pending
SO_107876,CUST_0018,PROD_0139,2024-01-08,254,217932,Distributor,Pending
SO_107877,CUST_0484,PROD_0116,2024-01-10,262,233966,Direct,Pending
SO_107878,CUST_0442,PROD_0084,2024-01-06,187,50116,Online,Pending
SO_107879,CUST_0205,PROD_0228,2024-12-29,78,33696,Online,Completed
SO_107880,CUST_0303,PROD_0211,2024-05-21,469,421162,Distributor,Pending
SO_107881,CUST_0328,PROD_0226,2024-06-20,91,48139,Direct,Cancelled
SO_107882,CUST_0438,PROD_0166,2024-03-11,404,292900,Direct,Cancelled
SO_107883,CUST_0252,PROD_0278,2024-07-22,391,261188,Online,Cancelled
SO_107884,CUST_0354,PROD_0176,2024-06-14,458,179536,Distributor,Completed
SO_107885,CUST_0298,PROD_0152,2024-11-07,453,90600,Direct,Cancelled
SO_107886,CUST_0364,PROD_0071,2024-04-19,407,294668,Distributor,Completed
SO_107887,CUST_0108,PROD_0265,2024-10-18,413,77231,Direct,Pending
SO_107888,CUST_0182,PROD_0088,2024-07-01,198,40590,Distributor,Pending
SO_107889,CUST_0105,PROD_0261,2024-12-09,334,220106,Distributor,Pending
SO_107890,CUST_0231,PROD_0056,2024-12-14,189,20790,Direct,Cancelled
SO_107891,CUST_0390,PROD_0266,2024-11-01,462,279048,Direct,Completed
SO_107892,CUST_0443,PROD_0133,2024-08-17,493,423487,Online,Cancelled
SO_107893,CUST_0222,PROD_0206,2024-07-11,496,58528,Direct,Cancelled
SO_107894,CUST_0460,PROD_0215,2024-01-15,286,221650,Direct,Cancelled
SO_107895,CUST_0469,PROD_0248,2024-03-22,103,45217,Online,Cancelled
SO_107896,CUST_0488,PROD_0112,2024-03-03,183,164883,Distributor,Pending
SO_107897,CUST_0353,PROD_0025,2024-07-21,451,361702,Online,Cancelled
SO_107898,CUST_0196,PROD_0095,2024-08-09,63,22680,Online,Cancelled
SO_107899,CUST_0160,PROD_0197,2024-01-30,352,320672,Direct,Completed
SO_107900,CUST_0400,PROD_0232,2024-02-02,491,449265,Direct,Pending
SO_107901,CUST_0476,PROD_0082,2024-10-26,270,253260,Direct,Completed
SO_107902,CUST_0277,PROD_0026,2024-10-05,265,189210,Online,Cancelled
SO_107903,CUST_0277,PROD_0037,2024-12-08,229,212970,Online,Cancelled
SO_107904,CUST_0380,PROD_0264,2024-08-31,10,6300,Distributor,Completed
SO_107905,CUST_0223,PROD_0155,2024-07-07,448,443520,Online,Pending
SO_107906,CUST_0143,PROD_0284,2024-12-26,385,75845,Direct,Pending
SO_107907,CUST_0417,PROD_0213,2024-01-12,287,97580,Online,Cancelled
SO_107908,CUST_0013,PROD_0021,2024-06-01,102,81090,Distributor,Cancelled
SO_107909,CUST_0463,PROD_0101,2024-03-05,277,63433,Direct,Pending
SO_107910,CUST_0051,PROD_0261,2024-02-14,409,199592,Direct,Cancelled
SO_107911,CUST_0247,PROD_0162,2024-12-15,28,21392,Direct,Pending
SO_107912,CUST_0032,PROD_0135,2024-04-04,158,65096,Distributor,Completed
SO_107913,CUST_0167,PROD_0214,2024-01-04,71,37488,Distributor,Cancelled
SO_107914,CUST_0230,PROD_0242,2024-05-05,448,73920,Online,Completed
SO_107915,CUST_0397,PROD_0129,2024-07-26,122,110044,Distributor,Pending
SO_107916,CUST_0395,PROD_0157,2024-04-24,225,69525,Online,Cancelled
SO_107917,CUST_0318,PROD_0142,2024-12-24,314,273180,Distributor,Completed
SO_107918,CUST_0433,PROD_0037,2024-11-22,143,49335,Distributor,Pending
SO_107919,CUST_0349,PROD_0246,2024-05-30,22,6006,Distributor,Pending
SO_107920,CUST_0216,PROD_0043,2024-09-17,70,34440,Distributor,Completed
SO_107921,CUST_0205,PROD_0003,2024-08-31,437,299345,Online,Completed
SO_107922,CUST_0423,PROD_0042,2024-11-17,316,50244,Online,Cancelled
SO_107923,CUST_0350,PROD_0101,2024-12-26,265,36305,Online,Completed
SO_107924,CUST_0395,PROD_0144,2024-07-09,347,44416,Direct,Pending
SO_107925,CUST_0056,PROD_0030,2024-02-12,292,110084,Distributor,Completed
SO_107926,CUST_0253,PROD_0259,2024-07-15,364,354536,Online,Pending
SO_107927,CUST_0205,PROD_0020,2024-06-19,147,144060,Distributor,Cancelled
SO_107928,CUST_0325,PROD_0205,2024-12-27,58,44138,Direct,Pending
SO_107929,CUST_0087,PROD_0091,2024-03-25,366,331230,Online,Cancelled
SO_107930,CUST_0479,PROD_0015,2024-08-09,378,339444,Direct,Cancelled
SO_107931,CUST_0495,PROD_0129,2024-11-10,158,125610,Direct,Cancelled
SO_107932,CUST_0420,PROD_0079,2024-07-01,202,131704,Online,Pending
SO_107933,CUST_0177,PROD_0267,2024-08-24,493,457011,Distributor,Completed
SO_107934,CUST_0397,PROD_0046,2024-11-10,62,9424,Online,Pending
SO_107935,CUST_0359,PROD_0030,2024-09-10,413,275884,Direct,Cancelled
SO_107936,CUST_0284,PROD_0149,2024-02-21,21,5460,Online,Cancelled
SO_107937,CUST_0316,PROD_0061,2024-07-06,32,18304,Online,Completed
SO_107938,CUST_0103,PROD_0255,2024-12-14,293,268681,Distributor,Completed
SO_107939,CUST_0290,PROD_0285,2024-10-14,196,79380,Distributor,Cancelled
SO_107940,CUST_0494,PROD_0220,2024-01-06,33,4356,Online,Completed
SO_107941,CUST_0474,PROD_0281,2024-10-04,71,33654,Online,Completed
SO_107942,CUST_0375,PROD_0214,2024-11-07,236,29736,Direct,Completed
SO_107943,CUST_0017,PROD_0257,2024-01-20,440,59840,Online,Cancelled
SO_107944,CUST_0289,PROD_0017,2024-11-18,172,36464,Direct,Cancelled
SO_107945,CUST_0146,PROD_0159,2024-02-20,27,22815,Distributor,Cancelled
SO_107946,CUST_0387,PROD_0083,2024-10-27,107,85386,Direct,Completed
SO_107947,CUST_0202,PROD_0071,2024-04-04,163,117197,Online,Completed
SO_107948,CUST_0285,PROD_0122,2024-01-02,363,128139,Online,Pending
SO_107949,CUST_0240,PROD_0268,2024-11-29,244,124440,Direct,Completed
SO_107950,CUST_0116,PROD_0236,2024-05-06,34,33320,Direct,Cancelled
SO_107951,CUST_0345,PROD_0206,2024-08-08,103,36771,Direct,Completed
SO_107952,CUST_0395,PROD_0175,2024-05-10,416,301600,Distributor,Cancelled
SO_107953,CUST_0141,PROD_0014,2024-03-29,303,298152,Distributor,Pending
SO_107954,CUST_0326,PROD_0243,2024-06-19,166,152720,Online,Pending
SO_107955,CUST_0433,PROD_0275,2024-05-03,467,256850,Distributor,Pending
SO_107956,CUST_0231,PROD_0039,2024-10-07,439,82093,Distributor,Cancelled
SO_107957,CUST_0174,PROD_0138,2024-04-26,30,16800,Direct,Completed
SO_107958,CUST_0476,PROD_0099,2024-03-12,100,85500,Online,Pending
SO_107959,CUST_0014,PROD_0163,2024-12-24,425,207825,Direct,Completed
SO_107960,CUST_0350,PROD_0108,2024-12-17,108,95148,Distributor,Completed
SO_107961,CUST_0040,PROD_0198,2024-04-04,30,11550,Online,Completed
SO_107962,CUST_0351,PROD_0009,2024-03-11,201,173463,Direct,Completed
SO_107963,CUST_0401,PROD_0027,2024-09-23,390,217620,Online,Pending
SO_107964,CUST_0451,PROD_0102,2024-02-24,173,35638,Distributor,Pending
SO_107965,CUST_0316,PROD_0073,2024-09-02,488,424560,Online,Cancelled
SO_107966,CUST_0111,PROD_0006,2024-03-20,229,191444,Direct,Cancelled
SO_107967,CUST_0211,PROD_0207,2024-04-20,374,77792,Distributor,Pending
SO_107968,CUST_0412,PROD_0231,2024-09-06,337,176588,Direct,Pending
SO_107969,CUST_0308,PROD_0255,2024-03-28,335,202675,Direct,Pending
SO_107970,CUST_0119,PROD_0014,2024-10-18,498,311748,Distributor,Completed
SO_107971,CUST_0397,PROD_0112,2024-01-05,315,303345,Online,Completed
SO_107972,CUST_0310,PROD_0047,2024-05-18,484,129228,Distributor,Cancelled
SO_107973,CUST_0478,PROD_0213,2024-12-13,184,87400,Distributor,Pending
SO_107974,CUST_0130,PROD_0265,2024-07-28,155,126790,Direct,Pending
SO_107975,CUST_0169,PROD_0183,2024-06-01,259,58534,Distributor,Completed
SO_107976,CUST_0492,PROD_0129,2024-03-06,241,134960,Distributor,Pending
SO_107977,CUST_0010,PROD_0173,2024-04-21,247,142025,Online,Pending
SO_107978,CUST_0155,PROD_0132,2024-04-12,317,187664,Direct,Pending
SO_107979,CUST_0008,PROD_0253,2024-11-12,473,422389,Online,Pending
SO_107980,CUST_0156,PROD_0079,2024-01-27,59,56758,Distributor,Completed
SO_107981,CUST_0414,PROD_0215,2024-07-29,248,44144,Online,Pending
SO_107982,CUST_0325,PROD_0089,2024-09-18,105,93450,Direct,Cancelled
SO_107983,CUST_0463,PROD_0208,2024-04-27,285,84360,Online,Cancelled
SO_107984,CUST_0141,PROD_0059,2024-02-27,353,38830,Direct,Cancelled
SO_107985,CUST_0111,PROD_0026,2024-09-17,226,77518,Online,Cancelled
SO_107986,CUST_0236,PROD_0136,2024-05-07,58,44776,Online,Cancelled
SO_107987,CUST_0297,PROD_0144,2024-05-27,380,293360,Direct,Completed
SO_107988,CUST_0197,PROD_0131,2024-12-21,176,51392,Online,Completed
SO_107989,CUST_0253,PROD_0238,2024-03-18,249,185754,Distributor,Completed
SO_107990,CUST_0064,PROD_0209,2024-04-13,86,72928,Direct,Pending
SO_107991,CUST_0322,PROD_0163,2024-03-21,145,67425,Distributor,Cancelled
SO_107992,CUST_0338,PROD_0204,2024-12-27,476,372232,Online,Pending
SO_107993,CUST_0260,PROD_0118,2024-02-21,467,463264,Direct,Pending
SO_107994,CUST_0347,PROD_0046,2024-06-04,260,174460,Online,Completed
SO_107995,CUST_0131,PROD_0156,2024-07-19,333,85914,Online,Pending
SO_107996,CUST_0194,PROD_0018,2024-02-01,455,431340,Online,Cancelled
SO_107997,CUST_0194,PROD_0251,2024-01-23,295,59590,Distributor,Pending
SO_107998,CUST_0180,PROD_0126,2024-02-12,211,154663,Distributor,Completed
SO_107999,CUST_0497,PROD_0021,2024-06-02,11,5511,Distributor,Pending
SO_108000,CUST_0278,PROD_0270,2024-06-28,188,92496,Direct,Cancelled
SO_108001,CUST_0196,PROD_0033,2024-04-18,307,164859,Distributor,Completed
SO_108002,CUST_0305,PROD_0009,2024-03-14,209,32186,Distributor,Completed
SO_108003,CUST_0267,PROD_0027,2024-04-03,107,85707,Direct,Cancelled
SO_108004,CUST_0200,PROD_0087,2024-06-02,49,44247,Direct,Completed
SO_108005,CUST_0268,PROD_0042,2024-08-28,140,106960,Direct,Cancelled
SO_108006,CUST_0494,PROD_0077,2024-12-14,364,336700,Distributor,Cancelled
SO_108007,CUST_0212,PROD_0031,2024-04-09,344,210528,Distributor,Cancelled
SO_108008,CUST_0292,PROD_0267,2024-10-03,97,51507,Direct,Pending
SO_108009,CUST_0263,PROD_0133,2024-02-19,437,92207,Distributor,Completed
SO_108010,CUST_0446,PROD_0267,2024-03-15,416,188864,Online,Cancelled
SO_108011,CUST_0212,PROD_0277,2024-09-29,215,151360,Distributor,Cancelled
SO_108012,CUST_0278,PROD_0024,2024-11-01,73,21900,Distributor,Pending
SO_108013,CUST_0280,PROD_0269,2024-07-02,165,31680,Distributor,Pending
SO_108014,CUST_0382,PROD_0178,2024-05-22,400,296400,Distributor,Cancelled
SO_108015,CUST_0416,PROD_0127,2024-01-23,166,38844,Direct,Cancelled
SO_108016,CUST_0118,PROD_0268,2024-12-28,241,241000,Online,Pending
SO_108017,CUST_0420,PROD_0246,2024-10-30,460,240120,Direct,Completed
SO_108018,CUST_0464,PROD_0081,2024-01-30,141,74166,Online,Cancelled
SO_108019,CUST_0039,PROD_0016,2024-12-17,443,79297,Direct,Cancelled
SO_108020,CUST_0247,PROD_0006,2024-01-06,65,53040,Distributor,Cancelled
SO_108021,CUST_0078,PROD_0204,2024-11-03,92,44252,Direct,Pending
SO_108022,CUST_0272,PROD_0015,2024-04-15,493,112404,Distributor,Pending
SO_108023,CUST_0433,PROD_0035,2024-06-28,183,110349,Distributor,Completed
SO_108024,CUST_0294,PROD_0073,2024-03-07,391,361675,Online,Pending
SO_108025,CUST_0119,PROD_0028,2024-05-27,199,60695,Direct,Pending
SO_108026,CUST_0276,PROD_0065,2024-06-12,272,104176,Distributor,Pending
SO_108027,CUST_0246,PROD_0110,2024-11-06,417,173889,Direct,Completed
SO_108028,CUST_0078,PROD_0208,2024-07-26,282,85446,Direct,Completed
SO_108029,CUST_0207,PROD_0189,2024-02-27,105,103530,Direct,Pending
SO_108030,CUST_0378,PROD_0049,2024-09-13,126,123858,Online,Completed
SO_108031,CUST_0039,PROD_0150,2024-10-21,177,43011,Distributor,Pending
SO_108032,CUST_0461,PROD_0037,2024-03-11,390,349050,Distributor,Completed
SO_108033,CUST_0277,PROD_0069,2024-07-18,124,30132,Online,Completed
SO_108034,CUST_0248,PROD_0159,2024-04-26,29,4988,Distributor,Completed
SO_108035,CUST_0310,PROD_0093,2024-08-18,469,191352,Direct,Pending
SO_108036,CUST_0378,PROD_0123,2024-11-28,23,5819,Distributor,Completed
SO_108037,CUST_0454,PROD_0042,2024-01-03,86,66478,Direct,Completed
SO_108038,CUST_0474,PROD_0117,2024-03-04,314,49298,Direct,Pending
SO_108039,CUST_0174,PROD_0261,2024-04-02,309,284280,Direct,Completed
SO_108040,CUST_0180,PROD_0061,2024-03-23,449,134700,Direct,Pending
SO_108041,CUST_0186,PROD_0246,2024-12-04,102,92514,Distributor,Completed
SO_108042,CUST_0446,PROD_0010,2024-07-09,386,159032,Direct,Completed
SO_108043,CUST_0255,PROD_0289,2024-07-20,182,96278,Distributor,Cancelled
SO_108044,CUST_0303,PROD_0238,2024-02-08,103,65817,Online,Completed
SO_108045,CUST_0310,PROD_0289,2024-03-12,312,87360,Direct,Cancelled
SO_108046,CUST_0072,PROD_0282,2024-10-20,222,68376,Online,Pending
SO_108047,CUST_0210,PROD_0174,2024-06-26,66,61116,Online,Pending
SO_108048,CUST_0315,PROD_0124,2024-01-31,159,67575,Online,Cancelled
SO_108049,CUST_0282,PROD_0251,2024-12-17,79,32785,Online,Pending
SO_108050,CUST_0038,PROD_0097,2024-03-16,330,319440,Distributor,Cancelled
SO_108051,CUST_0355,PROD_0062,2024-06-13,124,94116,Direct,Pending
SO_108052,CUST_0019,PROD_0057,2024-11-10,477,177921,Direct,Completed
SO_108053,CUST_0450,PROD_0214,2024-04-17,351,337662,Distributor,Completed
SO_108054,CUST_0371,PROD_0205,2024-07-08,140,110180,Direct,Cancelled
SO_108055,CUST_0284,PROD_0158,2024-07-21,381,79629,Distributor,Completed
SO_108056,CUST_0121,PROD_0232,2024-05-30,334,150634,Online,Pending
SO_108057,CUST_0288,PROD_0049,2024-03-13,89,22606,Online,Pending
SO_108058,CUST_0430,PROD_0252,2024-09-15,346,288910,Online,Completed
SO_108059,CUST_0450,PROD_0007,2024-04-25,337,105818,Direct,Pending
SO_108060,CUST_0500,PROD_0210,2024-08-31,363,174966,Direct,Pending
SO_108061,CUST_0490,PROD_0127,2024-09-09,335,322605,Distributor,Pending
SO_108062,CUST_0256,PROD_0051,2024-10-21,100,59000,Direct,Cancelled
SO_108063,CUST_0485,PROD_0217,2024-06-18,362,267156,Direct,Pending
SO_108064,CUST_0403,PROD_0197,2024-11-26,237,95037,Distributor,Pending
SO_108065,CUST_0351,PROD_0234,2024-04-12,109,97773,Online,Completed
SO_108066,CUST_0204,PROD_0200,2024-07-22,210,138390,Online,Cancelled
SO_108067,CUST_0051,PROD_0129,2024-12-18,68,16864,Direct,Completed
SO_108068,CUST_0479,PROD_0225,2024-08-19,358,207282,Distributor,Pending
SO_108069,CUST_0479,PROD_0232,2024-11-10,15,9195,Distributor,Cancelled
SO_108070,CUST_0413,PROD_0110,2024-05-05,380,172140,Distributor,Completed
SO_108071,CUST_0338,PROD_0245,2024-01-30,114,57912,Distributor,Completed
SO_108072,CUST_0002,PROD_0251,2024-09-20,42,33474,Online,Cancelled
SO_108073,CUST_0013,PROD_0278,2024-05-10,437,247342,Distributor,Pending
SO_108074,CUST_0127,PROD_0135,2024-08-13,432,412128,Direct,Pending
SO_108075,CUST_0022,PROD_0154,2024-08-31,99,69993,Distributor,Completed
SO_108076,CUST_0222,PROD_0143,2024-10-10,474,309996,Online,Cancelled
SO_108077,CUST_0346,PROD_0268,2024-09-15,112,77728,Online,Pending
SO_108078,CUST_0285,PROD_0209,2024-03-04,427,373625,Direct,Pending
SO_108079,CUST_0036,PROD_0106,2024-10-06,58,13166,Direct,Completed
SO_108080,CUST_0284,PROD_0159,2024-10-27,344,224288,Online,Cancelled
SO_108081,CUST_0307,PROD_0067,2024-05-12,211,75749,Distributor,Completed
SO_108082,CUST_0327,PROD_0278,2024-05-10,141,120837,Direct,Pending
SO_108083,CUST_0267,PROD_0041,2024-11-05,306,165546,Direct,Cancelled
SO_108084,CUST_0374,PROD_0069,2024-10-17,440,115280,Direct,Completed
SO_108085,CUST_0144,PROD_0114,2024-11-12,134,100098,Online,Completed
SO_108086,CUST_0129,PROD_0142,2024-05-12,302,202944,Online,Completed
SO_108087,CUST_0044,PROD_0111,2024-03-15,320,189120,Online,Pending
SO_108088,CUST_0487,PROD_0148,2024-03-12,379,200112,Distributor,Completed
SO_108089,CUST_0484,PROD_0110,2024-04-06,256,217344,Online,Completed
SO_108090,CUST_0005,PROD_0139,2024-02-19,312,259896,Distributor,Completed
SO_108091,CUST_0345,PROD_0071,2024-05-19,243,150417,Online,Pending
SO_108092,CUST_0488,PROD_0038,2024-07-15,440,389400,Online,Cancelled
SO_108093,CUST_0018,PROD_0050,2024-03-05,382,308656,Online,Completed
SO_108094,CUST_0298,PROD_0285,2024-11-17,281,220304,Distributor,Completed
SO_108095,CUST_0310,PROD_0271,2024-08-25,208,32864,Distributor,Pending
SO_108096,CUST_0410,PROD_0296,2024-05-08,40,38840,Distributor,Pending
SO_108097,CUST_0347,PROD_0057,2024-05-03,399,84189,Online,Cancelled
SO_108098,CUST_0413,PROD_0223,2024-07-01,34,12138,Online,Cancelled
SO_108099,CUST_0438,PROD_0153,2024-02-16,59,17523,Direct,Pending
SO_108100,CUST_0451,PROD_0209,2024-07-23,449,151762,Distributor,Completed
SO_108101,CUST_0083,PROD_0146,2024-06-07,411,142617,Distributor,Cancelled
SO_108102,CUST_0277,PROD_0115,2024-09-02,329,248066,Online,Cancelled
SO_108103,CUST_0129,PROD_0155,2024-01-11,438,169068,Distributor,Pending
SO_108104,CUST_0019,PROD_0261,2024-08-09,414,161460,Distributor,Completed
SO_108105,CUST_0144,PROD_0223,2024-07-02,131,47815,Direct,Cancelled
SO_108106,CUST_0087,PROD_0263,2024-11-14,485,441835,Distributor,Completed
SO_108107,CUST_0288,PROD_0162,2024-11-02,155,64170,Direct,Pending
SO_108108,CUST_0014,PROD_0058,2024-06-27,29,22388,Distributor,Completed
SO_108109,CUST_0192,PROD_0261,2024-07-13,401,184861,Direct,Pending
SO_108110,CUST_0294,PROD_0223,2024-12-10,485,380240,Online,Completed
SO_108111,CUST_0035,PROD_0017,2024-01-29,20,14580,Online,Completed
SO_108112,CUST_0146,PROD_0234,2024-11-17,57,54834,Distributor,Completed
SO_108113,CUST_0213,PROD_0062,2024-12-29,353,72718,Online,Pending
SO_108114,CUST_0279,PROD_0249,2024-06-02,245,238875,Direct,Cancelled
SO_108115,CUST_0327,PROD_0111,2024-12-25,136,65552,Direct,Cancelled
SO_108116,CUST_0061,PROD_0181,2024-02-06,26,14716,Online,Pending
SO_108117,CUST_0100,PROD_0022,2024-10-24,217,150164,Distributor,Pending
SO_108118,CUST_0484,PROD_0195,2024-03-02,217,95263,Direct,Completed
SO_108119,CUST_0428,PROD_0289,2024-10-11,497,378217,Direct,Cancelled
SO_108120,CUST_0110,PROD_0032,2024-09-12,484,219252,Online,Cancelled
SO_108121,CUST_0063,PROD_0146,2024-08-07,321,85707,Direct,Cancelled
SO_108122,CUST_0264,PROD_0170,2024-12-02,359,357564,Direct,Cancelled
SO_108123,CUST_0377,PROD_0169,2024-12-15,331,128097,Online,Cancelled
SO_108124,CUST_0475,PROD_0266,2024-06-28,156,54912,Distributor,Completed
SO_108125,CUST_0121,PROD_0027,2024-10-17,63,17514,Online,Pending
SO_108126,CUST_0186,PROD_0188,2024-08-12,313,110489,Distributor,Cancelled
SO_108127,CUST_0026,PROD_0016,2024-05-28,461,382169,Distributor,Cancelled
SO_108128,CUST_0264,PROD_0206,2024-04-02,130,76180,Distributor,Completed
SO_108129,CUST_0210,PROD_0247,2024-04-22,186,146010,Direct,Pending
SO_108130,CUST_0322,PROD_0140,2024-12-25,168,129696,Distributor,Completed
SO_108131,CUST_0034,PROD_0175,2024-03-18,447,296361,Online,Cancelled
SO_108132,CUST_0418,PROD_0111,2024-02-01,140,39760,Distributor,Completed
SO_108133,CUST_0392,PROD_0075,2024-06-05,115,73255,Direct,Completed
SO_108134,CUST_0205,PROD_0179,2024-03-14,162,149688,Online,Completed
SO_108135,CUST_0085,PROD_0006,2024-02-10,114,112746,Distributor,Completed
SO_108136,CUST_0379,PROD_0003,2024-02-18,374,337348,Online,Completed
SO_108137,CUST_0260,PROD_0163,2024-10-23,227,112365,Distributor,Completed
SO_108138,CUST_0280,PROD_0149,2024-11-14,43,25585,Online,Pending
SO_108139,CUST_0307,PROD_0178,2024-09-16,238,101626,Online,Completed
SO_108140,CUST_0266,PROD_0268,2024-01-24,376,127088,Distributor,Cancelled
SO_108141,CUST_0396,PROD_0014,2024-08-20,493,427924,Direct,Cancelled
SO_108142,CUST_0392,PROD_0131,2024-05-24,208,202800,Direct,Completed
SO_108143,CUST_0208,PROD_0282,2024-06-15,366,200202,Direct,Cancelled
SO_108144,CUST_0011,PROD_0222,2024-05-18,223,206498,Direct,Cancelled
SO_108145,CUST_0191,PROD_0259,2024-12-18,348,151728,Direct,Pending
SO_108146,CUST_0193,PROD_0024,2024-03-24,23,5428,Distributor,Cancelled
SO_108147,CUST_0484,PROD_0207,2024-05-20,164,17876,Distributor,Pending
SO_108148,CUST_0088,PROD_0024,2024-04-12,455,50960,Direct,Cancelled
SO_108149,CUST_0437,PROD_0292,2024-05-28,378,89208,Direct,Cancelled
SO_108150,CUST_0382,PROD_0278,2024-02-01,434,55552,Distributor,Cancelled
SO_108151,CUST_0024,PROD_0038,2024-01-01,109,34444,Distributor,Cancelled
SO_108152,CUST_0176,PROD_0080,2024-06-10,444,259296,Distributor,Pending
SO_108153,CUST_0319,PROD_0147,2024-09-05,499,489519,Direct,Completed
SO_108154,CUST_0288,PROD_0298,2024-07-26,148,20424,Direct,Completed
SO_108155,CUST_0239,PROD_0283,2024-05-24,119,51408,Online,Pending
SO_108156,CUST_0120,PROD_0244,2024-03-14,401,57343,Online,Completed
SO_108157,CUST_0368,PROD_0039,2024-04-07,69,62031,Distributor,Pending
SO_108158,CUST_0142,PROD_0050,2024-06-14,86,78776,Online,Pending
SO_108159,CUST_0061,PROD_0029,2024-11-18,424,108120,Direct,Cancelled
SO_108160,CUST_0115,PROD_0058,2024-06-28,432,98928,Online,Cancelled
SO_108161,CUST_0376,PROD_0059,2024-12-23,421,84621,Distributor,Pending
SO_108162,CUST_0237,PROD_0036,2024-12-27,54,48708,Direct,Pending
SO_108163,CUST_0469,PROD_0107,2024-10-14,362,209598,Direct,Completed
SO_108164,CUST_0480,PROD_0152,2024-01-01,77,25179,Distributor,Completed
SO_108165,CUST_0286,PROD_0183,2024-12-20,443,283963,Online,Cancelled
SO_108166,CUST_0464,PROD_0209,2024-03-11,242,116402,Online,Cancelled
SO_108167,CUST_0085,PROD_0013,2024-05-22,171,42408,Direct,Pending
SO_108168,CUST_0162,PROD_0285,2024-10-02,277,61494,Distributor,Pending
SO_108169,CUST_0169,PROD_0107,2024-05-06,52,22984,Distributor,Completed
SO_108170,CUST_0045,PROD_0059,2024-11-10,478,253340,Distributor,Pending
SO_108171,CUST_0166,PROD_0055,2024-02-11,200,32000,Online,Pending
SO_108172,CUST_0134,PROD_0127,2024-08-11,350,198800,Direct,Cancelled
SO_108173,CUST_0439,PROD_0272,2024-04-15,136,24616,Online,Pending
SO_108174,CUST_0028,PROD_0110,2024-09-26,288,264096,Online,Completed
SO_108175,CUST_0166,PROD_0077,2024-03-19,14,10332,Direct,Completed
SO_108176,CUST_0403,PROD_0225,2024-11-01,12,1296,Online,Pending
SO_108177,CUST_0254,PROD_0049,2024-07-30,396,72864,Direct,Cancelled
SO_108178,CUST_0136,PROD_0176,2024-05-15,479,69455,Direct,Pending
SO_108179,CUST_0081,PROD_0265,2024-01-30,307,262485,Direct,Pending
SO_108180,CUST_0329,PROD_0068,2024-07-08,169,148889,Direct,Pending
SO_108181,CUST_0457,PROD_0234,2024-07-03,94,31678,Online,Completed
SO_108182,CUST_0292,PROD_0007,2024-03-26,310,93930,Direct,Pending
SO_108183,CUST_0466,PROD_0133,2024-01-20,410,169330,Online,Cancelled
SO_108184,CUST_0315,PROD_0290,2024-11-15,182,65702,Direct,Pending
SO_108185,CUST_0360,PROD_0180,2024-04-17,237,123003,Direct,Cancelled
SO_108186,CUST_0105,PROD_0267,2024-12-20,94,58562,Online,Pending
SO_108187,CUST_0203,PROD_0003,2024-05-29,327,82404,Direct,Completed
SO_108188,CUST_0197,PROD_0202,2024-02-19,478,209842,Direct,Pending
SO_108189,CUST_0182,PROD_0079,2024-02-26,142,117860,Distributor,Pending
SO_108190,CUST_0020,PROD_0086,2024-04-07,487,454858,Direct,Cancelled
SO_108191,CUST_0446,PROD_0219,2024-09-09,341,130262,Online,Pending
SO_108192,CUST_0477,PROD_0018,2024-07-03,18,13122,Online,Cancelled
SO_108193,CUST_0260,PROD_0234,2024-08-01,358,357284,Online,Pending
SO_108194,CUST_0447,PROD_0132,2024-07-10,492,403440,Online,Completed
SO_108195,CUST_0071,PROD_0267,2024-04-17,492,306024,Online,Completed
SO_108196,CUST_0072,PROD_0231,2024-02-16,264,92400,Distributor,Cancelled
SO_108197,CUST_0001,PROD_0178,2024-07-03,237,93378,Online,Completed
SO_108198,CUST_0469,PROD_0248,2024-08-04,81,54027,Distributor,Cancelled
SO_108199,CUST_0394,PROD_0245,2024-09-30,291,239202,Distributor,Pending
SO_108200,CUST_0418,PROD_0298,2024-07-21,379,354744,Online,Pending
SO_108201,CUST_0220,PROD_0190,2024-05-19,288,229536,Distributor,Cancelled
SO_108202,CUST_0098,PROD_0281,2024-05-14,156,150384,Distributor,Pending
SO_108203,CUST_0002,PROD_0255,2024-04-22,270,112590,Online,Completed
SO_108204,CUST_0340,PROD_0190,2024-02-16,214,60134,Online,Pending
SO_108205,CUST_0492,PROD_0169,2024-07-06,201,28944,Distributor,Cancelled
SO_108206,CUST_0477,PROD_0228,2024-03-24,25,12550,Direct,Pending
SO_108207,CUST_0283,PROD_0285,2024-11-01,277,69804,Distributor,Pending
SO_108208,CUST_0271,PROD_0004,2024-09-27,325,179075,Distributor,Completed
SO_108209,CUST_0025,PROD_0218,2024-03-19,34,30736,Distributor,Cancelled
SO_108210,CUST_0119,PROD_0289,2024-07-24,281,221990,Distributor,Pending
SO_108211,CUST_0407,PROD_0004,2024-04-20,320,219200,Distributor,Completed
SO_108212,CUST_0123,PROD_0035,2024-03-31,29,8265,Online,Pending
SO_108213,CUST_0128,PROD_0155,2024-05-31,314,233302,Distributor,Completed
SO_108214,CUST_0457,PROD_0143,2024-05-09,266,205618,Online,Completed
SO_108215,CUST_0216,PROD_0218,2024-10-16,357,88893,Distributor,Completed
SO_108216,CUST_0239,PROD_0242,2024-06-06,224,171360,Distributor,Cancelled
SO_108217,CUST_0112,PROD_0250,2024-03-19,302,187844,Direct,Pending
SO_108218,CUST_0466,PROD_0224,2024-08-22,455,386295,Direct,Cancelled
SO_108219,CUST_0170,PROD_0116,2024-05-15,102,66300,Online,Cancelled
SO_108220,CUST_0242,PROD_0233,2024-02-15,331,183043,Online,Pending
SO_108221,CUST_0467,PROD_0237,2024-04-28,417,116760,Distributor,Pending
SO_108222,CUST_0322,PROD_0101,2024-05-11,222,47952,Direct,Cancelled
SO_108223,CUST_0355,PROD_0145,2024-12-05,443,208653,Distributor,Cancelled
SO_108224,CUST_0161,PROD_0034,2024-09-29,188,70124,Distributor,Completed
SO_108225,CUST_0375,PROD_0140,2024-03-14,470,450730,Online,Completed
SO_108226,CUST_0135,PROD_0292,2024-12-09,321,151833,Direct,Pending
SO_108227,CUST_0043,PROD_0279,2024-02-01,133,28329,Online,Cancelled
SO_108228,CUST_0147,PROD_0213,2024-08-02,492,104304,Distributor,Cancelled
SO_108229,CUST_0176,PROD_0073,2024-07-29,65,21580,Direct,Pending
SO_108230,CUST_0396,PROD_0134,2024-05-11,493,395879,Direct,Completed
SO_108231,CUST_0396,PROD_0160,2024-07-07,214,83888,Online,Pending
SO_108232,CUST_0440,PROD_0228,2024-06-25,80,34400,Direct,Completed
SO_108233,CUST_0137,PROD_0270,2024-03-16,282,50760,Online,Cancelled
SO_108234,CUST_0033,PROD_0185,2024-12-10,325,304525,Direct,Completed
SO_108235,CUST_0007,PROD_0258,2024-03-09,262,56592,Distributor,Pending
SO_108236,CUST_0147,PROD_0119,2024-08-19,330,322080,Distributor,Cancelled
SO_108237,CUST_0117,PROD_0098,2024-11-28,157,116180,Online,Completed
SO_108238,CUST_0269,PROD_0207,2024-11-15,221,199342,Online,Pending
SO_108239,CUST_0097,PROD_0118,2024-01-08,196,176596,Online,Completed
SO_108240,CUST_0268,PROD_0130,2024-02-12,461,200074,Direct,Cancelled
SO_108241,CUST_0365,PROD_0211,2024-09-16,157,126228,Distributor,Cancelled
SO_108242,CUST_0006,PROD_0171,2024-04-06,294,30870,Direct,Completed
SO_108243,CUST_0182,PROD_0270,2024-01-29,258,46440,Online,Completed
SO_108244,CUST_0500,PROD_0046,2024-08-02,465,250170,Online,Completed
SO_108245,CUST_0484,PROD_0287,2024-07-23,121,34364,Direct,Completed
SO_108246,CUST_0303,PROD_0044,2024-10-01,358,275660,Online,Pending
SO_108247,CUST_0282,PROD_0019,2024-12-28,204,79152,Distributor,Cancelled
SO_108248,CUST_0438,PROD_0099,2024-11-21,300,82800,Online,Pending
SO_108249,CUST_0347,PROD_0114,2024-02-14,376,128592,Online,Completed
SO_108250,CUST_0408,PROD_0269,2024-12-25,174,23490,Distributor,Pending
SO_108251,CUST_0117,PROD_0094,2024-07-10,233,122325,Direct,Cancelled
SO_108252,CUST_0266,PROD_0298,2024-01-20,432,353808,Distributor,Pending
SO_108253,CUST_0116,PROD_0265,2024-11-21,415,302950,Online,Completed
SO_108254,CUST_0403,PROD_0255,2024-09-10,51,13107,Direct,Pending
SO_108255,CUST_0494,PROD_0206,2024-01-02,247,141284,Distributor,Pending
SO_108256,CUST_0294,PROD_0057,2024-05-10,242,192874,Online,Completed
SO_108257,CUST_0159,PROD_0201,2024-05-01,368,48576,Direct,Pending
SO_108258,CUST_0398,PROD_0290,2024-02-07,92,10580,Direct,Completed
SO_108259,CUST_0299,PROD_0065,2024-02-03,288,235296,Online,Pending
SO_108260,CUST_0221,PROD_0298,2024-10-03,203,90132,Distributor,Completed
SO_108261,CUST_0273,PROD_0032,2024-05-12,173,78542,Online,Pending
SO_108262,CUST_0259,PROD_0262,2024-06-17,201,148941,Online,Cancelled
SO_108263,CUST_0342,PROD_0112,2024-01-17,146,128042,Distributor,Completed
SO_108264,CUST_0066,PROD_0042,2024-09-06,432,139968,Distributor,Cancelled
SO_108265,CUST_0345,PROD_0054,2024-08-02,181,124166,Distributor,Completed
SO_108266,CUST_0013,PROD_0152,2024-04-09,311,266216,Distributor,Cancelled
SO_108267,CUST_0420,PROD_0021,2024-03-15,16,9280,Direct,Cancelled
SO_108268,CUST_0157,PROD_0239,2024-01-18,97,74787,Direct,Completed
SO_108269,CUST_0484,PROD_0278,2024-07-18,54,10530,Direct,Pending
SO_108270,CUST_0441,PROD_0137,2024-11-08,48,19872,Online,Completed
SO_108271,CUST_0065,PROD_0236,2024-06-01,216,205416,Direct,Cancelled
SO_108272,CUST_0137,PROD_0114,2024-12-29,146,34018,Direct,Pending
SO_108273,CUST_0104,PROD_0198,2024-02-19,256,209408,Direct,Completed
SO_108274,CUST_0345,PROD_0226,2024-03-12,29,26477,Direct,Cancelled
SO_108275,CUST_0006,PROD_0100,2024-03-16,180,127620,Online,Cancelled
SO_108276,CUST_0302,PROD_0094,2024-02-19,330,284460,Distributor,Completed
SO_108277,CUST_0077,PROD_0279,2024-07-03,308,143836,Online,Cancelled
SO_108278,CUST_0345,PROD_0206,2024-10-10,55,16445,Online,Completed
SO_108279,CUST_0464,PROD_0300,2024-11-11,15,2820,Direct,Cancelled
SO_108280,CUST_0106,PROD_0241,2024-04-30,332,244684,Online,Completed
SO_108281,CUST_0010,PROD_0253,2024-07-15,185,141340,Direct,Completed
SO_108282,CUST_0228,PROD_0043,2024-02-05,225,189450,Online,Completed
SO_108283,CUST_0357,PROD_0265,2024-12-19,455,80535,Direct,Cancelled
SO_108284,CUST_0084,PROD_0209,2024-12-06,158,110442,Direct,Pending
SO_108285,CUST_0405,PROD_0028,2024-05-14,287,109634,Online,Cancelled
SO_108286,CUST_0115,PROD_0172,2024-11-05,64,37888,Online,Pending
SO_108287,CUST_0004,PROD_0148,2024-03-04,25,12400,Distributor,Pending
SO_108288,CUST_0367,PROD_0252,2024-03-09,404,135340,Direct,Completed
SO_108289,CUST_0174,PROD_0218,2024-10-24,213,140367,Direct,Completed
SO_108290,CUST_0431,PROD_0054,2024-11-23,315,61110,Distributor,Pending
SO_108291,CUST_0453,PROD_0050,2024-12-07,304,88768,Direct,Cancelled
SO_108292,CUST_0434,PROD_0244,2024-01-26,297,149688,Distributor,Cancelled
SO_108293,CUST_0375,PROD_0264,2024-02-22,355,349675,Online,Cancelled
SO_108294,CUST_0106,PROD_0162,2024-08-22,44,28556,Online,Completed
SO_108295,CUST_0255,PROD_0067,2024-01-15,239,29636,Online,Pending
SO_108296,CUST_0014,PROD_0218,2024-12-05,443,118724,Distributor,Completed
SO_108297,CUST_0407,PROD_0052,2024-07-17,492,108240,Online,Cancelled
SO_108298,CUST_0046,PROD_0283,2024-09-16,104,54184,Distributor,Cancelled
SO_108299,CUST_0411,PROD_0045,2024-06-13,52,26000,Direct,Cancelled
SO_108300,CUST_0337,PROD_0215,2024-01-18,32,9280,Distributor,Cancelled
SO_108301,CUST_0238,PROD_0167,2024-08-19,357,268464,Direct,Completed
SO_108302,CUST_0084,PROD_0193,2024-04-01,294,74970,Distributor,Pending
SO_108303,CUST_0130,PROD_0180,2024-09-27,450,87750,Distributor,Cancelled
SO_108304,CUST_0406,PROD_0188,2024-01-02,218,150420,Direct,Pending
SO_108305,CUST_0140,PROD_0129,2024-05-19,244,122976,Online,Pending
SO_108306,CUST_0091,PROD_0253,2024-07-16,351,58266,Online,Cancelled
SO_108307,CUST_0064,PROD_0197,2024-12-27,251,188752,Distributor,Completed
SO_108308,CUST_0336,PROD_0145,2024-11-11,302,278746,Direct,Cancelled
SO_108309,CUST_0201,PROD_0271,2024-10-14,306,34884,Direct,Completed
SO_108310,CUST_0145,PROD_0258,2024-07-25,104,72176,Direct,Cancelled
SO_108311,CUST_0060,PROD_0006,2024-03-28,409,62168,Online,Pending
SO_108312,CUST_0032,PROD_0270,2024-07-19,266,90972,Distributor,Completed
SO_108313,CUST_0303,PROD_0110,2024-09-21,15,9930,Distributor,Completed
SO_108314,CUST_0235,PROD_0281,2024-10-19,308,225764,Distributor,Cancelled
SO_108315,CUST_0151,PROD_0142,2024-01-17,55,10285,Online,Pending
SO_108316,CUST_0488,PROD_0209,2024-02-11,361,61370,Distributor,Cancelled
SO_108317,CUST_0399,PROD_0164,2024-12-29,232,121800,Distributor,Pending
SO_108318,CUST_0297,PROD_0236,2024-09-25,341,153109,Online,Pending
SO_108319,CUST_0172,PROD_0074,2024-07-27,217,37324,Distributor,Pending
SO_108320,CUST_0315,PROD_0089,2024-07-12,369,311436,Online,Cancelled
SO_108321,CUST_0048,PROD_0080,2024-12-26,475,247950,Distributor,Completed
SO_108322,CUST_0421,PROD_0006,2024-10-19,368,359536,Online,Cancelled
SO_108323,CUST_0500,PROD_0009,2024-01-21,292,87016,Distributor,Pending
SO_108324,CUST_0498,PROD_0049,2024-01-15,429,189618,Online,Completed
SO_108325,CUST_0298,PROD_0073,2024-12-25,209,67298,Direct,Cancelled
SO_108326,CUST_0013,PROD_0245,2024-06-30,246,139728,Direct,Cancelled
SO_108327,CUST_0480,PROD_0211,2024-01-26,169,160550,Online,Cancelled
SO_108328,CUST_0128,PROD_0212,2024-03-27,20,9220,Online,Completed
SO_108329,CUST_0208,PROD_0042,2024-07-14,144,70272,Direct,Pending
SO_108330,CUST_0481,PROD_0126,2024-12-23,291,107961,Online,Pending
SO_108331,CUST_0131,PROD_0281,2024-12-01,12,11832,Distributor,Pending
SO_108332,CUST_0475,PROD_0123,2024-04-06,345,185265,Direct,Cancelled
SO_108333,CUST_0280,PROD_0119,2024-07-24,227,74456,Distributor,Pending
SO_108334,CUST_0495,PROD_0262,2024-12-21,335,178555,Online,Completed
SO_108335,CUST_0365,PROD_0035,2024-05-18,434,330708,Online,Completed
SO_108336,CUST_0170,PROD_0146,2024-07-28,274,54252,Distributor,Completed
SO_108337,CUST_0040,PROD_0201,2024-05-03,46,14122,Distributor,Pending
SO_108338,CUST_0376,PROD_0178,2024-05-24,19,14231,Online,Completed
SO_108339,CUST_0050,PROD_0043,2024-11-04,122,21106,Direct,Pending
SO_108340,CUST_0100,PROD_0285,2024-12-01,198,53064,Online,Completed
SO_108341,CUST_0411,PROD_0256,2024-04-17,84,76524,Distributor,Cancelled
SO_108342,CUST_0043,PROD_0202,2024-03-24,207,80937,Online,Pending
SO_108343,CUST_0157,PROD_0272,2024-07-02,194,152484,Distributor,Cancelled
SO_108344,CUST_0426,PROD_0168,2024-04-17,416,261248,Distributor,Cancelled
SO_108345,CUST_0255,PROD_0187,2024-03-15,427,296765,Direct,Completed
SO_108346,CUST_0331,PROD_0112,2024-12-12,259,79254,Direct,Cancelled
SO_108347,CUST_0396,PROD_0245,2024-02-19,118,28556,Direct,Cancelled
SO_108348,CUST_0098,PROD_0088,2024-12-22,45,31005,Online,Pending
SO_108349,CUST_0361,PROD_0260,2024-12-12,196,39788,Distributor,Cancelled
SO_108350,CUST_0363,PROD_0005,2024-12-20,440,268840,Direct,Pending
SO_108351,CUST_0312,PROD_0180,2024-07-13,231,111573,Direct,Cancelled
SO_108352,CUST_0379,PROD_0264,2024-06-21,314,175526,Online,Cancelled
SO_108353,CUST_0490,PROD_0067,2024-02-17,310,202740,Direct,Pending
SO_108354,CUST_0336,PROD_0247,2024-10-29,66,8052,Online,Cancelled
SO_108355,CUST_0186,PROD_0100,2024-11-06,314,313372,Online,Pending
SO_108356,CUST_0083,PROD_0048,2024-08-10,377,77662,Distributor,Pending
SO_108357,CUST_0491,PROD_0213,2024-10-11,22,2904,Online,Cancelled
SO_108358,CUST_0121,PROD_0203,2024-02-23,134,33768,Distributor,Completed
SO_108359,CUST_0040,PROD_0198,2024-11-06,153,94095,Distributor,Pending
SO_108360,CUST_0117,PROD_0152,2024-08-07,331,85398,Distributor,Pending
SO_108361,CUST_0425,PROD_0176,2024-03-26,98,17542,Online,Completed
SO_108362,CUST_0222,PROD_0097,2024-10-24,465,153915,Distributor,Cancelled
SO_108363,CUST_0042,PROD_0129,2024-08-11,43,16297,Online,Pending
SO_108364,CUST_0156,PROD_0270,2024-12-10,458,343042,Distributor,Cancelled
SO_108365,CUST_0493,PROD_0156,2024-04-19,135,77895,Online,Cancelled
SO_108366,CUST_0031,PROD_0107,2024-06-21,16,7824,Direct,Pending
SO_108367,CUST_0060,PROD_0169,2024-05-20,338,51038,Distributor,Pending
SO_108368,CUST_0403,PROD_0064,2024-10-06,175,26775,Direct,Completed
SO_108369,CUST_0180,PROD_0130,2024-01-24,318,197478,Online,Cancelled
SO_108370,CUST_0356,PROD_0265,2024-05-22,28,16464,Direct,Pending
SO_108371,CUST_0425,PROD_0144,2024-04-12,105,22050,Online,Cancelled
SO_108372,CUST_0333,PROD_0278,2024-01-26,123,36777,Online,Completed
SO_108373,CUST_0491,PROD_0152,2024-07-03,20,5660,Online,Cancelled
SO_108374,CUST_0377,PROD_0181,2024-12-14,440,410520,Distributor,Pending
SO_108375,CUST_0386,PROD_0043,2024-12-25,18,10116,Online,Pending
SO_108376,CUST_0284,PROD_0003,2024-07-31,170,36380,Direct,Cancelled
SO_108377,CUST_0133,PROD_0296,2024-03-15,70,21140,Online,Cancelled
SO_108378,CUST_0072,PROD_0034,2024-03-13,342,301302,Direct,Cancelled
SO_108379,CUST_0146,PROD_0163,2024-04-08,491,267595,Direct,Cancelled
SO_108380,CUST_0377,PROD_0145,2024-04-10,415,268920,Distributor,Pending
SO_108381,CUST_0488,PROD_0119,2024-02-12,472,159536,Online,Cancelled
SO_108382,CUST_0126,PROD_0091,2024-08-12,226,122266,Distributor,Completed
SO_108383,CUST_0150,PROD_0236,2024-07-09,475,214225,Distributor,Completed
SO_108384,CUST_0028,PROD_0274,2024-02-21,331,288963,Distributor,Pending
SO_108385,CUST_0264,PROD_0075,2024-12-21,352,73568,Direct,Cancelled
SO_108386,CUST_0267,PROD_0019,2024-12-09,176,93632,Direct,Pending
SO_108387,CUST_0227,PROD_0197,2024-06-08,188,90428,Direct,Cancelled
SO_108388,CUST_0325,PROD_0083,2024-11-16,212,181048,Direct,Completed
SO_108389,CUST_0148,PROD_0072,2024-06-02,56,28280,Online,Cancelled
SO_108390,CUST_0336,PROD_0256,2024-06-15,13,1989,Online,Completed
SO_108391,CUST_0062,PROD_0046,2024-08-22,81,35154,Distributor,Completed
SO_108392,CUST_0402,PROD_0218,2024-06-25,130,103480,Distributor,Pending
SO_108393,CUST_0122,PROD_0189,2024-09-07,116,20764,Direct,Completed
SO_108394,CUST_0004,PROD_0256,2024-04-22,107,57031,Direct,Completed
SO_108395,CUST_0377,PROD_0129,2024-03-07,181,50499,Distributor,Pending
SO_108396,CUST_0302,PROD_0236,2024-07-26,300,74100,Direct,Pending
SO_108397,CUST_0412,PROD_0135,2024-09-18,40,17680,Direct,Cancelled
SO_108398,CUST_0016,PROD_0296,2024-09-16,380,107920,Direct,Completed
SO_108399,CUST_0187,PROD_0283,2024-01-04,394,256494,Distributor,Completed
SO_108400,CUST_0400,PROD_0115,2024-02-05,66,39732,Direct,Pending
SO_108401,CUST_0375,PROD_0011,2024-06-13,384,294528,Online,Pending
SO_108402,CUST_0302,PROD_0044,2024-07-06,417,179727,Online,Pending
SO_108403,CUST_0363,PROD_0108,2024-11-09,302,57078,Online,Completed
SO_108404,CUST_0144,PROD_0183,2024-04-09,200,189800,Distributor,Pending
SO_108405,CUST_0207,PROD_0290,2024-12-13,463,405125,Direct,Cancelled
SO_108406,CUST_0134,PROD_0112,2024-12-18,185,68080,Direct,Completed
SO_108407,CUST_0356,PROD_0178,2024-11-15,237,128928,Direct,Completed
SO_108408,CUST_0367,PROD_0107,2024-12-05,353,64599,Direct,Completed
SO_108409,CUST_0413,PROD_0207,2024-07-02,277,98058,Direct,Completed
SO_108410,CUST_0051,PROD_0167,2024-04-24,49,32781,Distributor,Cancelled
SO_108411,CUST_0375,PROD_0055,2024-02-26,241,69649,Distributor,Pending
SO_108412,CUST_0265,PROD_0291,2024-01-03,226,183286,Direct,Completed
SO_108413,CUST_0180,PROD_0134,2024-03-24,498,69222,Distributor,Cancelled
SO_108414,CUST_0150,PROD_0031,2024-12-27,368,276368,Direct,Completed
SO_108415,CUST_0018,PROD_0026,2024-03-06,65,51675,Distributor,Completed
SO_108416,CUST_0354,PROD_0012,2024-09-06,140,56560,Distributor,Completed
SO_108417,CUST_0395,PROD_0185,2024-03-17,179,46540,Online,Pending
SO_108418,CUST_0024,PROD_0187,2024-04-20,475,199500,Direct,Cancelled
SO_108419,CUST_0407,PROD_0168,2024-04-23,123,34440,Distributor,Completed
SO_108420,CUST_0096,PROD_0259,2024-01-16,53,17437,Direct,Cancelled
SO_108421,CUST_0347,PROD_0107,2024-11-30,404,140996,Distributor,Completed
SO_108422,CUST_0212,PROD_0239,2024-04-11,341,92752,Distributor,Cancelled
SO_108423,CUST_0106,PROD_0178,2024-07-10,241,145082,Direct,Pending
SO_108424,CUST_0168,PROD_0178,2024-08-01,482,350896,Distributor,Completed
SO_108425,CUST_0049,PROD_0028,2024-07-30,216,178416,Online,Cancelled
SO_108426,CUST_0419,PROD_0145,2024-12-17,362,192584,Distributor,Completed
SO_108427,CUST_0307,PROD_0155,2024-02-02,287,113078,Distributor,Completed
SO_108428,CUST_0207,PROD_0175,2024-06-04,386,194930,Distributor,Completed
SO_108429,CUST_0109,PROD_0087,2024-11-14,211,147067,Direct,Pending
SO_108430,CUST_0257,PROD_0047,2024-06-22,318,313230,Online,Pending
SO_108431,CUST_0200,PROD_0186,2024-01-09,357,75684,Distributor,Pending
SO_108432,CUST_0487,PROD_0154,2024-07-23,95,60705,Direct,Completed
SO_108433,CUST_0085,PROD_0195,2024-05-24,380,369740,Distributor,Pending
SO_108434,CUST_0356,PROD_0174,2024-10-29,160,119840,Direct,Completed
SO_108435,CUST_0392,PROD_0132,2024-03-20,323,257754,Online,Cancelled
SO_108436,CUST_0019,PROD_0152,2024-08-26,385,142835,Distributor,Completed
SO_108437,CUST_0436,PROD_0029,2024-12-25,457,180058,Direct,Cancelled
SO_108438,CUST_0407,PROD_0005,2024-02-02,452,150516,Direct,Cancelled
SO_108439,CUST_0350,PROD_0066,2024-01-29,379,64051,Distributor,Completed
SO_108440,CUST_0094,PROD_0154,2024-11-26,85,78625,Direct,Cancelled
SO_108441,CUST_0481,PROD_0259,2024-08-01,164,67404,Distributor,Completed
SO_108442,CUST_0332,PROD_0258,2024-11-30,202,167256,Online,Pending
SO_108443,CUST_0075,PROD_0157,2024-06-06,397,332289,Distributor,Pending
SO_108444,CUST_0223,PROD_0037,2024-10-29,257,64507,Direct,Cancelled
SO_108445,CUST_0460,PROD_0264,2024-07-30,411,78912,Distributor,Pending
SO_108446,CUST_0110,PROD_0111,2024-05-15,19,10944,Distributor,Completed
SO_108447,CUST_0053,PROD_0197,2024-09-28,169,113061,Online,Completed
SO_108448,CUST_0219,PROD_0028,2024-05-13,469,178220,Distributor,Pending
SO_108449,CUST_0008,PROD_0172,2024-06-23,218,215166,Online,Cancelled
SO_108450,CUST_0262,PROD_0081,2024-01-12,328,256168,Direct,Pending
SO_108451,CUST_0422,PROD_0043,2024-11-10,171,100377,Online,Cancelled
SO_108452,CUST_0303,PROD_0193,2024-04-25,365,37595,Direct,Cancelled
SO_108453,CUST_0486,PROD_0218,2024-02-03,461,91278,Direct,Pending
SO_108454,CUST_0229,PROD_0099,2024-09-08,233,210399,Distributor,Cancelled
SO_108455,CUST_0420,PROD_0203,2024-07-01,332,229080,Distributor,Pending
SO_108456,CUST_0449,PROD_0168,2024-12-11,332,252984,Online,Pending
SO_108457,CUST_0464,PROD_0190,2024-02-26,366,122244,Direct,Pending
SO_108458,CUST_0085,PROD_0053,2024-03-11,140,126000,Online,Completed
SO_108459,CUST_0256,PROD_0052,2024-03-25,44,43736,Online,Pending
SO_108460,CUST_0188,PROD_0138,2024-07-06,170,37910,Online,Pending
SO_108461,CUST_0061,PROD_0056,2024-01-07,42,41328,Distributor,Cancelled
SO_108462,CUST_0391,PROD_0267,2024-07-11,81,20412,Direct,Cancelled
SO_108463,CUST_0367,PROD_0258,2024-09-25,195,48945,Distributor,Pending
SO_108464,CUST_0404,PROD_0200,2024-02-17,309,270684,Direct,Pending
SO_108465,CUST_0471,PROD_0251,2024-10-07,12,2100,Online,Cancelled
SO_108466,CUST_0099,PROD_0294,2024-04-25,159,78546,Direct,Completed
SO_108467,CUST_0268,PROD_0019,2024-03-23,40,6920,Online,Cancelled
SO_108468,CUST_0220,PROD_0215,2024-07-30,300,239700,Online,Pending
SO_108469,CUST_0494,PROD_0169,2024-09-22,141,90240,Online,Completed
SO_108470,CUST_0482,PROD_0039,2024-06-19,235,121260,Distributor,Completed
SO_108471,CUST_0354,PROD_0147,2024-11-19,53,27984,Online,Completed
SO_108472,CUST_0093,PROD_0254,2024-06-16,459,452574,Online,Pending
SO_108473,CUST_0330,PROD_0173,2024-02-04,407,226292,Online,Completed
SO_108474,CUST_0194,PROD_0161,2024-01-14,358,166112,Direct,Completed
SO_108475,CUST_0027,PROD_0097,2024-10-22,45,40680,Online,Pending
SO_108476,CUST_0456,PROD_0287,2024-07-21,440,103840,Online,Pending
SO_108477,CUST_0035,PROD_0103,2024-06-22,148,72964,Direct,Cancelled
SO_108478,CUST_0437,PROD_0056,2024-06-22,134,23718,Direct,Cancelled
SO_108479,CUST_0051,PROD_0234,2024-10-27,462,414876,Distributor,Pending
SO_108480,CUST_0176,PROD_0223,2024-01-03,263,245116,Direct,Cancelled
SO_108481,CUST_0121,PROD_0221,2024-10-28,69,67137,Direct,Completed
SO_108482,CUST_0377,PROD_0241,2024-05-13,458,131446,Online,Pending
SO_108483,CUST_0351,PROD_0009,2024-02-11,98,44100,Direct,Pending
SO_108484,CUST_0495,PROD_0080,2024-04-03,236,103840,Distributor,Cancelled
SO_108485,CUST_0431,PROD_0163,2024-03-26,288,181440,Distributor,Completed
SO_108486,CUST_0268,PROD_0075,2024-03-21,394,250584,Direct,Cancelled
SO_108487,CUST_0444,PROD_0167,2024-08-24,165,156585,Direct,Cancelled
SO_108488,CUST_0339,PROD_0018,2024-02-23,367,178362,Direct,Completed
SO_108489,CUST_0396,PROD_0244,2024-07-31,73,62269,Distributor,Completed
SO_108490,CUST_0358,PROD_0255,2024-11-14,29,11020,Direct,Pending
SO_108491,CUST_0083,PROD_0233,2024-07-15,463,134270,Online,Completed
SO_108492,CUST_0276,PROD_0010,2024-04-16,44,41052,Online,Pending
SO_108493,CUST_0166,PROD_0011,2024-02-17,388,103596,Online,Cancelled
SO_108494,CUST_0222,PROD_0087,2024-02-12,236,218064,Direct,Completed
SO_108495,CUST_0112,PROD_0266,2024-07-03,302,266062,Distributor,Completed
SO_108496,CUST_0233,PROD_0103,2024-12-07,207,51129,Direct,Pending
SO_108497,CUST_0005,PROD_0054,2024-12-15,238,109480,Distributor,Completed
SO_108498,CUST_0020,PROD_0258,2024-09-02,152,76152,Direct,Pending
SO_108499,CUST_0241,PROD_0189,2024-01-04,256,46592,Direct,Completed
SO_108500,CUST_0175,PROD_0145,2024-09-18,318,304644,Direct,Cancelled
SO_108501,CUST_0296,PROD_0189,2024-02-01,122,69052,Online,Cancelled
SO_108502,CUST_0247,PROD_0159,2024-06-14,102,75990,Direct,Pending
SO_108503,CUST_0005,PROD_0124,2024-07-22,229,101218,Distributor,Pending
SO_108504,CUST_0380,PROD_0224,2024-08-09,177,114342,Direct,Cancelled
SO_108505,CUST_0219,PROD_0245,2024-10-18,86,62608,Online,Completed
SO_108506,CUST_0356,PROD_0208,2024-11-11,84,20916,Distributor,Pending
SO_108507,CUST_0332,PROD_0122,2024-06-06,417,56295,Online,Completed
SO_108508,CUST_0290,PROD_0261,2024-12-28,472,190216,Online,Completed
SO_108509,CUST_0309,PROD_0059,2024-12-18,39,36894,Online,Cancelled
SO_108510,CUST_0086,PROD_0075,2024-04-01,339,289506,Distributor,Pending
SO_108511,CUST_0248,PROD_0263,2024-10-22,326,89324,Direct,Cancelled
SO_108512,CUST_0415,PROD_0012,2024-10-13,427,192150,Distributor,Completed
SO_108513,CUST_0090,PROD_0006,2024-06-09,431,402123,Online,Pending
SO_108514,CUST_0386,PROD_0063,2024-01-10,353,133787,Direct,Pending
SO_108515,CUST_0248,PROD_0248,2024-10-02,347,333814,Direct,Cancelled
SO_108516,CUST_0044,PROD_0134,2024-09-18,11,2750,Online,Completed
SO_108517,CUST_0319,PROD_0007,2024-08-20,69,49335,Distributor,Pending
SO_108518,CUST_0428,PROD_0114,2024-01-24,181,76563,Direct,Cancelled
SO_108519,CUST_0315,PROD_0204,2024-09-18,420,126000,Online,Pending
SO_108520,CUST_0368,PROD_0208,2024-10-13,191,173428,Distributor,Pending
SO_108521,CUST_0103,PROD_0152,2024-11-21,323,158916,Distributor,Completed
SO_108522,CUST_0446,PROD_0244,2024-07-24,252,108612,Online,Pending
SO_108523,CUST_0217,PROD_0239,2024-04-24,219,193815,Direct,Pending
SO_108524,CUST_0394,PROD_0183,2024-05-29,340,83640,Distributor,Completed
SO_108525,CUST_0441,PROD_0123,2024-07-30,221,180336,Direct,Cancelled
SO_108526,CUST_0217,PROD_0225,2024-07-03,149,148702,Direct,Completed
SO_108527,CUST_0006,PROD_0042,2024-06-13,73,18834,Online,Pending
SO_108528,CUST_0203,PROD_0249,2024-09-21,355,173595,Distributor,Pending
SO_108529,CUST_0364,PROD_0216,2024-10-24,205,53915,Direct,Pending
SO_108530,CUST_0151,PROD_0021,2024-10-26,308,128436,Online,Pending
SO_108531,CUST_0206,PROD_0212,2024-05-23,145,84100,Direct,Completed
SO_108532,CUST_0484,PROD_0114,2024-05-05,373,278631,Direct,Pending
SO_108533,CUST_0023,PROD_0032,2024-01-16,332,120184,Distributor,Pending
SO_108534,CUST_0250,PROD_0054,2024-07-21,131,84102,Online,Pending
SO_108535,CUST_0327,PROD_0213,2024-11-14,59,50858,Online,Cancelled
SO_108536,CUST_0206,PROD_0291,2024-11-16,490,132300,Direct,Completed
SO_108537,CUST_0343,PROD_0037,2024-01-14,330,240240,Distributor,Completed
SO_108538,CUST_0250,PROD_0170,2024-05-06,277,201656,Online,Cancelled
SO_108539,CUST_0332,PROD_0060,2024-07-01,299,143819,Direct,Pending
SO_108540,CUST_0446,PROD_0275,2024-03-20,18,2250,Distributor,Pending
SO_108541,CUST_0380,PROD_0061,2024-08-13,400,160400,Direct,Pending
SO_108542,CUST_0336,PROD_0142,2024-01-05,239,220597,Direct,Completed
SO_108543,CUST_0371,PROD_0188,2024-06-17,451,234520,Direct,Completed
SO_108544,CUST_0447,PROD_0284,2024-02-25,193,51724,Online,Completed
SO_108545,CUST_0355,PROD_0247,2024-11-04,25,8300,Distributor,Completed
SO_108546,CUST_0493,PROD_0247,2024-09-17,248,193688,Online,Pending
SO_108547,CUST_0366,PROD_0072,2024-04-23,25,16600,Direct,Completed
SO_108548,CUST_0387,PROD_0148,2024-01-22,218,186826,Distributor,Completed
SO_108549,CUST_0304,PROD_0011,2024-08-16,170,81260,Distributor,Pending
SO_108550,CUST_0002,PROD_0284,2024-06-12,338,47658,Distributor,Cancelled
SO_108551,CUST_0245,PROD_0035,2024-05-17,417,101331,Direct,Cancelled
SO_108552,CUST_0182,PROD_0196,2024-02-14,82,17220,Direct,Pending
SO_108553,CUST_0417,PROD_0195,2024-03-31,278,36974,Online,Pending
SO_108554,CUST_0466,PROD_0114,2024-01-18,169,63544,Online,Pending
SO_108555,CUST_0140,PROD_0011,2024-05-02,472,308216,Direct,Cancelled
SO_108556,CUST_0425,PROD_0130,2024-02-10,238,105910,Direct,Cancelled
SO_108557,CUST_0440,PROD_0073,2024-12-10,314,267528,Distributor,Pending
SO_108558,CUST_0316,PROD_0008,2024-11-17,474,300042,Direct,Pending
SO_108559,CUST_0374,PROD_0031,2024-02-01,315,62370,Distributor,Cancelled
SO_108560,CUST_0489,PROD_0089,2024-08-02,419,54470,Online,Pending
SO_108561,CUST_0212,PROD_0177,2024-07-09,298,234228,Online,Cancelled
SO_108562,CUST_0407,PROD_0220,2024-06-22,170,33150,Distributor,Cancelled
SO_108563,CUST_0094,PROD_0265,2024-09-23,349,166473,Online,Cancelled
SO_108564,CUST_0163,PROD_0270,2024-08-03,288,139680,Online,Pending
SO_108565,CUST_0394,PROD_0270,2024-10-16,444,442668,Online,Completed
SO_108566,CUST_0398,PROD_0104,2024-05-29,105,65520,Online,Cancelled
SO_108567,CUST_0371,PROD_0279,2024-05-12,60,24840,Distributor,Cancelled
SO_108568,CUST_0280,PROD_0254,2024-07-28,268,151956,Direct,Cancelled
SO_108569,CUST_0469,PROD_0264,2024-01-22,427,248514,Online,Completed
SO_108570,CUST_0333,PROD_0230,2024-11-25,217,126728,Direct,Cancelled
SO_108571,CUST_0014,PROD_0103,2024-07-13,244,113704,Direct,Completed
SO_108572,CUST_0152,PROD_0060,2024-01-19,487,467520,Distributor,Cancelled
SO_108573,CUST_0346,PROD_0119,2024-01-29,292,148920,Direct,Cancelled
SO_108574,CUST_0256,PROD_0012,2024-09-11,246,107748,Direct,Completed
SO_108575,CUST_0047,PROD_0132,2024-11-06,398,223278,Online,Completed
SO_108576,CUST_0363,PROD_0225,2024-09-22,384,377472,Distributor,Completed
SO_108577,CUST_0339,PROD_0127,2024-12-05,135,42930,Direct,Completed
SO_108578,CUST_0367,PROD_0019,2024-08-08,434,232624,Direct,Cancelled
SO_108579,CUST_0473,PROD_0141,2024-07-14,50,17050,Online,Pending
SO_108580,CUST_0234,PROD_0134,2024-10-07,444,337884,Online,Cancelled
SO_108581,CUST_0341,PROD_0071,2024-06-01,352,164736,Distributor,Pending
SO_108582,CUST_0195,PROD_0284,2024-07-02,128,113536,Online,Pending
SO_108583,CUST_0383,PROD_0119,2024-06-20,362,129596,Distributor,Cancelled
SO_108584,CUST_0191,PROD_0086,2024-05-27,66,16236,Direct,Cancelled
SO_108585,CUST_0305,PROD_0098,2024-03-08,311,75884,Direct,Pending
SO_108586,CUST_0383,PROD_0208,2024-12-19,85,13685,Online,Completed
SO_108587,CUST_0446,PROD_0115,2024-10-28,97,87106,Direct,Completed
SO_108588,CUST_0074,PROD_0298,2024-11-21,198,178794,Direct,Completed
SO_108589,CUST_0287,PROD_0088,2024-04-18,108,54432,Distributor,Pending
SO_108590,CUST_0341,PROD_0161,2024-06-01,343,261709,Direct,Completed
SO_108591,CUST_0253,PROD_0113,2024-12-10,442,396916,Online,Pending
SO_108592,CUST_0154,PROD_0008,2024-02-21,164,110208,Distributor,Cancelled
SO_108593,CUST_0409,PROD_0025,2024-07-27,485,116400,Online,Completed
SO_108594,CUST_0051,PROD_0089,2024-09-15,321,234651,Direct,Cancelled
SO_108595,CUST_0021,PROD_0243,2024-12-28,186,20274,Direct,Pending
SO_108596,CUST_0087,PROD_0014,2024-05-02,81,12069,Distributor,Completed
SO_108597,CUST_0348,PROD_0077,2024-06-25,350,225050,Online,Cancelled
SO_108598,CUST_0442,PROD_0174,2024-02-15,336,176736,Direct,Cancelled
SO_108599,CUST_0261,PROD_0171,2024-02-17,475,141550,Distributor,Pending
SO_108600,CUST_0235,PROD_0246,2024-02-14,246,50184,Online,Pending
SO_108601,CUST_0003,PROD_0174,2024-06-14,201,81204,Online,Pending
SO_108602,CUST_0460,PROD_0107,2024-05-01,345,52440,Direct,Pending
SO_108603,CUST_0439,PROD_0060,2024-03-23,43,35776,Direct,Completed
SO_108604,CUST_0427,PROD_0058,2024-12-08,491,302947,Distributor,Pending
SO_108605,CUST_0128,PROD_0285,2024-12-05,224,117152,Direct,Cancelled
SO_108606,CUST_0243,PROD_0086,2024-10-06,486,107406,Distributor,Completed
SO_108607,CUST_0224,PROD_0177,2024-11-04,10,2800,Direct,Cancelled
SO_108608,CUST_0124,PROD_0111,2024-09-02,491,341245,Online,Pending
SO_108609,CUST_0019,PROD_0178,2024-10-24,108,73440,Online,Pending
SO_108610,CUST_0320,PROD_0145,2024-11-20,441,49392,Distributor,Completed
SO_108611,CUST_0320,PROD_0115,2024-07-26,311,63444,Distributor,Completed
SO_108612,CUST_0061,PROD_0095,2024-12-01,232,78880,Online,Completed
SO_108613,CUST_0404,PROD_0058,2024-03-05,140,54740,Online,Cancelled
SO_108614,CUST_0374,PROD_0029,2024-07-31,190,152760,Direct,Completed
SO_108615,CUST_0372,PROD_0224,2024-11-09,411,351405,Distributor,Cancelled
SO_108616,CUST_0355,PROD_0064,2024-09-13,363,279510,Online,Pending
SO_108617,CUST_0472,PROD_0152,2024-02-24,248,158968,Distributor,Completed
SO_108618,CUST_0212,PROD_0255,2024-08-23,339,121362,Online,Pending
SO_108619,CUST_0346,PROD_0122,2024-01-17,159,150891,Direct,Cancelled
SO_108620,CUST_0490,PROD_0030,2024-01-08,466,232068,Distributor,Pending
SO_108621,CUST_0379,PROD_0142,2024-01-06,323,76874,Direct,Pending
SO_108622,CUST_0454,PROD_0011,2024-01-19,434,90706,Direct,Cancelled
SO_108623,CUST_0177,PROD_0243,2024-01-07,447,312006,Direct,Completed
SO_108624,CUST_0392,PROD_0241,2024-04-13,291,229890,Distributor,Completed
SO_108625,CUST_0150,PROD_0006,2024-07-25,247,48906,Online,Cancelled
SO_108626,CUST_0275,PROD_0259,2024-04-13,166,117196,Direct,Cancelled
SO_108627,CUST_0057,PROD_0075,2024-12-06,134,109344,Direct,Pending
SO_108628,CUST_0137,PROD_0107,2024-08-02,304,159600,Distributor,Cancelled
SO_108629,CUST_0370,PROD_0157,2024-06-24,57,49305,Direct,Cancelled
SO_108630,CUST_0135,PROD_0259,2024-08-07,446,257788,Online,Completed
SO_108631,CUST_0375,PROD_0178,2024-10-13,461,457773,Online,Pending
SO_108632,CUST_0239,PROD_0125,2024-06-25,257,149317,Online,Pending
SO_108633,CUST_0375,PROD_0234,2024-03-01,327,150420,Direct,Completed
SO_108634,CUST_0132,PROD_0178,2024-12-16,50,42200,Distributor,Completed
SO_108635,CUST_0376,PROD_0095,2024-09-16,428,291040,Online,Cancelled
SO_108636,CUST_0111,PROD_0259,2024-01-29,81,77598,Distributor,Pending
SO_108637,CUST_0199,PROD_0244,2024-02-09,40,17720,Distributor,Pending
SO_108638,CUST_0191,PROD_0035,2024-04-16,346,114526,Direct,Cancelled
SO_108639,CUST_0445,PROD_0270,2024-03-18,136,66368,Direct,Completed
SO_108640,CUST_0387,PROD_0064,2024-07-30,379,267195,Distributor,Pending
SO_108641,CUST_0009,PROD_0156,2024-07-26,102,63036,Direct,Cancelled
SO_108642,CUST_0115,PROD_0222,2024-03-22,181,96292,Distributor,Cancelled
SO_108643,CUST_0459,PROD_0026,2024-05-28,80,73840,Distributor,Pending
SO_108644,CUST_0268,PROD_0234,2024-06-08,46,26082,Online,Completed
SO_108645,CUST_0250,PROD_0016,2024-03-24,42,4746,Direct,Pending
SO_108646,CUST_0207,PROD_0277,2024-09-30,265,226045,Direct,Completed
SO_108647,CUST_0498,PROD_0158,2024-11-13,140,121100,Online,Completed
SO_108648,CUST_0490,PROD_0205,2024-03-21,44,36344,Online,Cancelled
SO_108649,CUST_0214,PROD_0080,2024-03-18,194,110968,Distributor,Cancelled
SO_108650,CUST_0079,PROD_0114,2024-10-05,497,284781,Direct,Cancelled
SO_108651,CUST_0205,PROD_0239,2024-10-15,262,100346,Distributor,Cancelled
SO_108652,CUST_0399,PROD_0216,2024-08-20,140,23520,Online,Cancelled
SO_108653,CUST_0237,PROD_0057,2024-11-04,39,32916,Direct,Completed
SO_108654,CUST_0037,PROD_0216,2024-01-17,459,430542,Direct,Pending
SO_108655,CUST_0393,PROD_0261,2024-08-26,160,153120,Online,Pending
SO_108656,CUST_0032,PROD_0096,2024-08-20,155,45260,Online,Cancelled
SO_108657,CUST_0346,PROD_0190,2024-03-03,276,89976,Distributor,Cancelled
SO_108658,CUST_0468,PROD_0026,2024-09-05,407,330077,Distributor,Pending
SO_108659,CUST_0050,PROD_0069,2024-08-02,223,217871,Distributor,Completed
SO_108660,CUST_0303,PROD_0004,2024-06-01,347,92996,Direct,Pending
SO_108661,CUST_0088,PROD_0191,2024-05-16,164,32964,Direct,Pending
SO_108662,CUST_0119,PROD_0024,2024-06-30,460,395600,Online,Cancelled
SO_108663,CUST_0004,PROD_0039,2024-01-30,422,91152,Distributor,Cancelled
SO_108664,CUST_0318,PROD_0069,2024-03-13,172,61920,Distributor,Cancelled
SO_108665,CUST_0257,PROD_0285,2024-12-30,349,121452,Distributor,Completed
SO_108666,CUST_0284,PROD_0221,2024-10-09,141,24252,Online,Cancelled
SO_108667,CUST_0394,PROD_0077,2024-05-22,266,115976,Distributor,Pending
SO_108668,CUST_0479,PROD_0044,2024-04-05,44,27588,Distributor,Completed
SO_108669,CUST_0466,PROD_0251,2024-05-31,131,124712,Online,Pending
SO_108670,CUST_0492,PROD_0240,2024-12-18,14,3024,Direct,Completed
SO_108671,CUST_0308,PROD_0184,2024-02-20,381,297942,Online,Pending
SO_108672,CUST_0036,PROD_0039,2024-06-06,166,26394,Online,Completed
SO_108673,CUST_0321,PROD_0193,2024-03-21,22,18282,Online,Cancelled
SO_108674,CUST_0151,PROD_0172,2024-09-08,155,130200,Online,Cancelled
SO_108675,CUST_0302,PROD_0289,2024-04-29,282,181608,Direct,Pending
SO_108676,CUST_0399,PROD_0196,2024-02-19,173,44634,Distributor,Completed
SO_108677,CUST_0299,PROD_0130,2024-09-12,465,166005,Direct,Pending
SO_108678,CUST_0336,PROD_0155,2024-12-12,288,224928,Distributor,Completed
SO_108679,CUST_0323,PROD_0039,2024-10-07,181,120365,Distributor,Cancelled
SO_108680,CUST_0224,PROD_0180,2024-01-27,274,252628,Distributor,Pending
SO_108681,CUST_0416,PROD_0114,2024-10-28,47,18800,Direct,Cancelled
SO_108682,CUST_0434,PROD_0228,2024-06-14,327,262254,Direct,Cancelled
SO_108683,CUST_0005,PROD_0063,2024-04-20,369,97785,Online,Pending
SO_108684,CUST_0296,PROD_0113,2024-12-02,124,122760,Distributor,Completed
SO_108685,CUST_0278,PROD_0284,2024-03-12,397,120291,Direct,Completed
SO_108686,CUST_0090,PROD_0040,2024-12-28,69,64929,Direct,Pending
SO_108687,CUST_0267,PROD_0118,2024-08-12,493,159732,Direct,Completed
SO_108688,CUST_0119,PROD_0034,2024-01-15,108,56700,Direct,Completed
SO_108689,CUST_0355,PROD_0160,2024-05-09,413,151571,Direct,Pending
SO_108690,CUST_0469,PROD_0263,2024-01-23,124,30256,Distributor,Cancelled
SO_108691,CUST_0027,PROD_0184,2024-12-04,278,227126,Direct,Completed
SO_108692,CUST_0478,PROD_0208,2024-04-16,193,53075,Online,Cancelled
SO_108693,CUST_0215,PROD_0202,2024-11-08,148,107152,Direct,Cancelled
SO_108694,CUST_0150,PROD_0167,2024-02-15,108,22572,Distributor,Completed
SO_108695,CUST_0084,PROD_0298,2024-05-22,332,119188,Online,Cancelled
SO_108696,CUST_0323,PROD_0283,2024-12-10,389,305754,Direct,Pending
SO_108697,CUST_0407,PROD_0285,2024-11-15,419,258942,Online,Completed
SO_108698,CUST_0134,PROD_0025,2024-10-12,330,137280,Online,Pending
SO_108699,CUST_0423,PROD_0199,2024-01-22,271,152031,Direct,Pending
SO_108700,CUST_0363,PROD_0204,2024-06-21,141,25380,Online,Cancelled
SO_108701,CUST_0468,PROD_0102,2024-02-10,181,75115,Online,Completed
SO_108702,CUST_0139,PROD_0052,2024-08-26,432,256608,Online,Completed
SO_108703,CUST_0057,PROD_0140,2024-11-07,296,219928,Online,Cancelled
SO_108704,CUST_0055,PROD_0272,2024-08-10,492,101844,Direct,Pending
SO_108705,CUST_0121,PROD_0145,2024-07-07,19,5358,Distributor,Completed
SO_108706,CUST_0042,PROD_0073,2024-10-27,26,12116,Direct,Completed
SO_108707,CUST_0377,PROD_0284,2024-12-18,475,110675,Direct,Completed
SO_108708,CUST_0154,PROD_0143,2024-06-02,285,43035,Direct,Completed
SO_108709,CUST_0313,PROD_0045,2024-12-18,312,49608,Online,Cancelled
SO_108710,CUST_0439,PROD_0140,2024-12-22,121,80102,Online,Pending
SO_108711,CUST_0224,PROD_0271,2024-08-01,147,111867,Distributor,Completed
SO_108712,CUST_0210,PROD_0206,2024-03-21,70,16590,Direct,Cancelled
SO_108713,CUST_0278,PROD_0281,2024-06-11,114,112860,Online,Completed
SO_108714,CUST_0283,PROD_0080,2024-12-31,293,112805,Online,Pending
SO_108715,CUST_0033,PROD_0238,2024-03-26,193,153049,Online,Completed
SO_108716,CUST_0480,PROD_0177,2024-02-11,202,162812,Online,Cancelled
SO_108717,CUST_0268,PROD_0072,2024-06-24,214,117272,Distributor,Pending
SO_108718,CUST_0415,PROD_0261,2024-10-28,138,33258,Direct,Pending
SO_108719,CUST_0463,PROD_0212,2024-06-19,32,29568,Direct,Completed
SO_108720,CUST_0091,PROD_0192,2024-06-04,323,242250,Direct,Cancelled
SO_108721,CUST_0393,PROD_0126,2024-12-20,303,178164,Online,Completed
SO_108722,CUST_0259,PROD_0087,2024-11-01,374,83402,Online,Completed
SO_108723,CUST_0428,PROD_0172,2024-03-30,184,73968,Direct,Pending
SO_108724,CUST_0233,PROD_0037,2024-08-10,442,128622,Online,Completed
SO_108725,CUST_0114,PROD_0296,2024-01-04,485,322040,Online,Completed
SO_108726,CUST_0107,PROD_0287,2024-04-27,203,160370,Distributor,Completed
SO_108727,CUST_0284,PROD_0083,2024-09-27,122,64660,Distributor,Cancelled
SO_108728,CUST_0112,PROD_0202,2024-07-01,234,203814,Direct,Pending
SO_108729,CUST_0245,PROD_0289,2024-06-18,335,240530,Distributor,Completed
SO_108730,CUST_0302,PROD_0186,2024-12-29,373,338684,Distributor,Completed
SO_108731,CUST_0442,PROD_0235,2024-03-19,200,158400,Online,Pending
SO_108732,CUST_0181,PROD_0004,2024-05-20,452,76840,Distributor,Completed
SO_108733,CUST_0418,PROD_0241,2024-11-03,301,238392,Distributor,Pending
SO_108734,CUST_0385,PROD_0227,2024-07-01,105,50295,Direct,Completed
SO_108735,CUST_0195,PROD_0055,2024-11-01,419,219556,Distributor,Pending
SO_108736,CUST_0138,PROD_0027,2024-09-02,360,270720,Online,Pending
SO_108737,CUST_0229,PROD_0283,2024-12-25,219,172572,Distributor,Completed
SO_108738,CUST_0052,PROD_0283,2024-03-16,456,407208,Online,Cancelled
SO_108739,CUST_0439,PROD_0046,2024-02-05,249,219369,Distributor,Completed
SO_108740,CUST_0215,PROD_0227,2024-08-13,131,103883,Distributor,Cancelled
SO_108741,CUST_0443,PROD_0124,2024-06-26,343,93296,Distributor,Completed
SO_108742,CUST_0133,PROD_0239,2024-01-22,462,177870,Online,Cancelled
SO_108743,CUST_0421,PROD_0149,2024-10-07,301,76755,Distributor,Pending
SO_108744,CUST_0459,PROD_0079,2024-12-11,65,48750,Online,Completed
SO_108745,CUST_0464,PROD_0119,2024-05-07,434,78554,Direct,Completed
SO_108746,CUST_0048,PROD_0092,2024-08-28,388,49664,Direct,Cancelled
SO_108747,CUST_0049,PROD_0124,2024-02-04,329,36519,Distributor,Pending
SO_108748,CUST_0336,PROD_0225,2024-08-22,143,64207,Distributor,Completed
SO_108749,CUST_0218,PROD_0151,2024-02-15,264,258456,Direct,Completed
SO_108750,CUST_0145,PROD_0278,2024-11-18,455,124670,Distributor,Pending
SO_108751,CUST_0354,PROD_0099,2024-08-30,314,170816,Direct,Completed
SO_108752,CUST_0328,PROD_0274,2024-02-19,59,8673,Online,Pending
SO_108753,CUST_0314,PROD_0208,2024-08-06,396,182952,Online,Pending
SO_108754,CUST_0485,PROD_0138,2024-02-20,284,73556,Online,Cancelled
SO_108755,CUST_0496,PROD_0250,2024-06-05,152,139688,Online,Completed
SO_108756,CUST_0162,PROD_0102,2024-07-31,439,420123,Online,Pending
SO_108757,CUST_0273,PROD_0101,2024-11-14,411,352227,Distributor,Cancelled
SO_108758,CUST_0137,PROD_0244,2024-12-14,228,145920,Online,Pending
SO_108759,CUST_0405,PROD_0253,2024-05-05,98,44002,Distributor,Cancelled
SO_108760,CUST_0386,PROD_0091,2024-12-17,59,9322,Online,Pending
SO_108761,CUST_0396,PROD_0077,2024-12-07,282,247596,Distributor,Completed
SO_108762,CUST_0180,PROD_0089,2024-02-03,381,41148,Direct,Pending
SO_108763,CUST_0259,PROD_0139,2024-01-20,314,124344,Direct,Cancelled
SO_108764,CUST_0342,PROD_0081,2024-07-02,325,62075,Distributor,Cancelled
SO_108765,CUST_0017,PROD_0177,2024-12-09,261,44109,Online,Pending
SO_108766,CUST_0361,PROD_0070,2024-12-24,455,359450,Online,Completed
SO_108767,CUST_0137,PROD_0186,2024-06-02,185,81770,Direct,Completed
SO_108768,CUST_0129,PROD_0029,2024-11-10,252,52164,Distributor,Cancelled
SO_108769,CUST_0087,PROD_0051,2024-09-14,144,94176,Distributor,Pending
SO_108770,CUST_0249,PROD_0099,2024-07-11,129,92235,Distributor,Pending
SO_108771,CUST_0324,PROD_0290,2024-07-28,51,33201,Distributor,Completed
SO_108772,CUST_0344,PROD_0233,2024-03-03,57,39615,Direct,Cancelled
SO_108773,CUST_0463,PROD_0135,2024-11-07,69,35190,Distributor,Completed
SO_108774,CUST_0073,PROD_0135,2024-03-19,46,19090,Online,Completed
SO_108775,CUST_0145,PROD_0081,2024-08-26,173,134075,Online,Pending
SO_108776,CUST_0081,PROD_0032,2024-03-26,169,74022,Direct,Pending
SO_108777,CUST_0332,PROD_0243,2024-07-30,388,212624,Online,Completed
SO_108778,CUST_0381,PROD_0143,2024-11-30,395,208955,Direct,Pending
SO_108779,CUST_0148,PROD_0196,2024-01-06,134,26934,Direct,Pending
SO_108780,CUST_0380,PROD_0064,2024-10-03,141,53157,Online,Cancelled
SO_108781,CUST_0156,PROD_0241,2024-08-18,173,141687,Online,Completed
SO_108782,CUST_0399,PROD_0051,2024-10-25,201,138690,Direct,Pending
SO_108783,CUST_0443,PROD_0023,2024-01-17,36,32364,Direct,Cancelled
SO_108784,CUST_0375,PROD_0115,2024-11-02,43,16598,Online,Cancelled
SO_108785,CUST_0050,PROD_0073,2024-09-23,499,214071,Distributor,Completed
SO_108786,CUST_0010,PROD_0140,2024-11-15,254,96266,Direct,Cancelled
SO_108787,CUST_0367,PROD_0238,2024-12-21,55,36685,Direct,Pending
SO_108788,CUST_0115,PROD_0125,2024-07-18,209,167409,Distributor,Pending
SO_108789,CUST_0424,PROD_0178,2024-02-07,215,138890,Direct,Pending
SO_108790,CUST_0064,PROD_0218,2024-10-15,173,167118,Distributor,Cancelled
SO_108791,CUST_0117,PROD_0134,2024-07-27,303,97263,Direct,Completed
SO_108792,CUST_0296,PROD_0132,2024-08-29,224,52864,Online,Pending
SO_108793,CUST_0084,PROD_0120,2024-04-16,130,91260,Online,Cancelled
SO_108794,CUST_0490,PROD_0165,2024-11-06,24,4368,Direct,Completed
SO_108795,CUST_0119,PROD_0073,2024-12-21,455,444080,Distributor,Cancelled
SO_108796,CUST_0249,PROD_0103,2024-01-18,186,106392,Direct,Pending
SO_108797,CUST_0329,PROD_0014,2024-05-12,204,178296,Direct,Completed
SO_108798,CUST_0366,PROD_0024,2024-04-05,344,223944,Direct,Pending
SO_108799,CUST_0421,PROD_0028,2024-06-29,111,35520,Distributor,Pending
SO_108800,CUST_0126,PROD_0265,2024-03-17,334,226452,Online,Pending
SO_108801,CUST_0006,PROD_0300,2024-08-18,344,312008,Online,Pending
SO_108802,CUST_0048,PROD_0130,2024-12-24,211,70052,Direct,Pending
SO_108803,CUST_0237,PROD_0250,2024-12-24,314,297672,Direct,Completed
SO_108804,CUST_0052,PROD_0259,2024-02-17,182,137046,Direct,Pending
SO_108805,CUST_0262,PROD_0200,2024-11-18,135,86940,Online,Pending
SO_108806,CUST_0183,PROD_0285,2024-05-09,179,153403,Online,Cancelled
SO_108807,CUST_0337,PROD_0065,2024-07-25,384,263808,Direct,Pending
SO_108808,CUST_0492,PROD_0192,2024-01-09,475,153900,Direct,Completed
SO_108809,CUST_0324,PROD_0296,2024-07-06,367,226806,Direct,Completed
SO_108810,CUST_0173,PROD_0253,2024-01-18,294,108780,Direct,Cancelled
SO_108811,CUST_0498,PROD_0267,2024-10-12,466,332724,Distributor,Pending
SO_108812,CUST_0443,PROD_0064,2024-01-15,380,287280,Direct,Completed
SO_108813,CUST_0276,PROD_0013,2024-09-06,429,377520,Direct,Cancelled
SO_108814,CUST_0293,PROD_0020,2024-11-09,391,160310,Distributor,Cancelled
SO_108815,CUST_0133,PROD_0169,2024-01-05,288,29664,Distributor,Pending
SO_108816,CUST_0500,PROD_0019,2024-10-26,239,136469,Online,Cancelled
SO_108817,CUST_0222,PROD_0204,2024-06-28,112,11872,Direct,Pending
SO_108818,CUST_0480,PROD_0254,2024-02-13,177,65490,Distributor,Completed
SO_108819,CUST_0369,PROD_0051,2024-08-01,193,37249,Direct,Pending
SO_108820,CUST_0167,PROD_0048,2024-05-15,479,474210,Distributor,Pending
SO_108821,CUST_0289,PROD_0245,2024-01-06,81,38799,Distributor,Cancelled
SO_108822,CUST_0010,PROD_0161,2024-08-24,306,87822,Distributor,Cancelled
SO_108823,CUST_0484,PROD_0210,2024-06-09,69,20010,Direct,Cancelled
SO_108824,CUST_0061,PROD_0003,2024-08-26,58,20822,Direct,Pending
SO_108825,CUST_0424,PROD_0267,2024-09-18,428,198164,Online,Pending
SO_108826,CUST_0202,PROD_0296,2024-11-28,214,135462,Online,Cancelled
SO_108827,CUST_0479,PROD_0194,2024-06-18,378,245322,Distributor,Completed
SO_108828,CUST_0238,PROD_0144,2024-09-30,323,105298,Online,Completed
SO_108829,CUST_0480,PROD_0265,2024-11-10,215,78690,Distributor,Cancelled
SO_108830,CUST_0463,PROD_0178,2024-04-22,144,93744,Direct,Cancelled
SO_108831,CUST_0188,PROD_0194,2024-09-19,495,484605,Online,Cancelled
SO_108832,CUST_0277,PROD_0026,2024-10-08,150,38550,Distributor,Pending
SO_108833,CUST_0141,PROD_0182,2024-03-27,491,216531,Distributor,Cancelled
SO_108834,CUST_0099,PROD_0252,2024-03-21,249,114789,Direct,Cancelled
SO_108835,CUST_0059,PROD_0184,2024-07-11,201,76983,Direct,Cancelled
SO_108836,CUST_0442,PROD_0254,2024-02-22,455,238420,Distributor,Cancelled
SO_108837,CUST_0351,PROD_0044,2024-11-23,162,68364,Direct,Cancelled
SO_108838,CUST_0476,PROD_0230,2024-09-27,105,70560,Direct,Pending
SO_108839,CUST_0176,PROD_0277,2024-02-06,421,264388,Online,Pending
SO_108840,CUST_0217,PROD_0276,2024-07-16,282,210936,Direct,Cancelled
SO_108841,CUST_0430,PROD_0242,2024-01-16,139,105084,Direct,Pending
SO_108842,CUST_0360,PROD_0139,2024-08-02,92,64860,Distributor,Pending
SO_108843,CUST_0157,PROD_0285,2024-12-14,102,39984,Direct,Pending
SO_108844,CUST_0133,PROD_0040,2024-01-16,224,89600,Distributor,Pending
SO_108845,CUST_0247,PROD_0005,2024-06-23,98,9996,Distributor,Completed
SO_108846,CUST_0323,PROD_0055,2024-05-03,395,141410,Distributor,Completed
SO_108847,CUST_0420,PROD_0146,2024-01-13,397,76224,Online,Pending
SO_108848,CUST_0147,PROD_0278,2024-09-01,165,110055,Online,Completed
SO_108849,CUST_0163,PROD_0278,2024-03-07,359,249864,Online,Cancelled
SO_108850,CUST_0107,PROD_0061,2024-03-17,331,212833,Direct,Completed
SO_108851,CUST_0302,PROD_0021,2024-09-05,264,101640,Online,Completed
SO_108852,CUST_0192,PROD_0264,2024-11-04,347,105141,Direct,Pending
SO_108853,CUST_0291,PROD_0162,2024-03-20,319,41789,Online,Pending
SO_108854,CUST_0125,PROD_0083,2024-09-04,186,146754,Distributor,Pending
SO_108855,CUST_0137,PROD_0117,2024-03-21,104,56784,Direct,Cancelled
SO_108856,CUST_0148,PROD_0088,2024-09-07,180,23940,Online,Cancelled
SO_108857,CUST_0408,PROD_0060,2024-07-24,129,110295,Distributor,Completed
SO_108858,CUST_0360,PROD_0011,2024-02-23,131,83054,Distributor,Completed
SO_108859,CUST_0455,PROD_0215,2024-10-30,400,332000,Direct,Cancelled
SO_108860,CUST_0454,PROD_0118,2024-05-11,168,132216,Distributor,Pending
SO_108861,CUST_0363,PROD_0282,2024-10-09,233,152615,Direct,Pending
SO_108862,CUST_0064,PROD_0149,2024-09-24,183,183000,Online,Completed
SO_108863,CUST_0396,PROD_0210,2024-02-04,81,70470,Direct,Pending
SO_108864,CUST_0095,PROD_0241,2024-09-09,121,65582,Distributor,Completed
SO_108865,CUST_0014,PROD_0011,2024-10-30,29,23084,Direct,Cancelled
SO_108866,CUST_0489,PROD_0067,2024-03-27,65,45890,Online,Cancelled
SO_108867,CUST_0207,PROD_0271,2024-07-16,114,96330,Distributor,Completed
SO_108868,CUST_0326,PROD_0087,2024-01-06,107,73188,Online,Cancelled
SO_108869,CUST_0101,PROD_0203,2024-09-25,248,153016,Online,Cancelled
SO_108870,CUST_0333,PROD_0092,2024-10-25,63,46242,Distributor,Cancelled
SO_108871,CUST_0433,PROD_0287,2024-03-30,108,96012,Online,Pending
SO_108872,CUST_0133,PROD_0119,2024-01-05,132,34848,Direct,Cancelled
SO_108873,CUST_0278,PROD_0077,2024-05-13,208,25376,Online,Completed
SO_108874,CUST_0287,PROD_0059,2024-07-26,350,296800,Distributor,Completed
SO_108875,CUST_0268,PROD_0109,2024-09-13,212,198220,Online,Pending
SO_108876,CUST_0250,PROD_0182,2024-03-02,139,133579,Distributor,Cancelled
SO_108877,CUST_0075,PROD_0076,2024-03-04,207,25668,Direct,Cancelled
SO_108878,CUST_0060,PROD_0095,2024-05-23,350,172900,Direct,Pending
SO_108879,CUST_0379,PROD_0189,2024-09-17,188,170516,Direct,Pending
SO_108880,CUST_0351,PROD_0023,2024-08-25,270,55080,Online,Pending
SO_108881,CUST_0492,PROD_0253,2024-11-08,175,86275,Online,Pending
SO_108882,CUST_0235,PROD_0292,2024-06-30,276,112056,Direct,Completed
SO_108883,CUST_0381,PROD_0092,2024-10-26,481,444925,Direct,Completed
SO_108884,CUST_0097,PROD_0181,2024-01-08,430,269610,Direct,Completed
SO_108885,CUST_0215,PROD_0252,2024-01-01,192,121920,Online,Pending
SO_108886,CUST_0229,PROD_0056,2024-02-20,455,304395,Direct,Completed
SO_108887,CUST_0366,PROD_0082,2024-07-17,398,195020,Online,Completed
SO_108888,CUST_0263,PROD_0149,2024-05-10,205,170970,Distributor,Completed
SO_108889,CUST_0381,PROD_0204,2024-11-08,300,201300,Online,Pending
SO_108890,CUST_0361,PROD_0122,2024-12-07,151,77463,Distributor,Pending
SO_108891,CUST_0107,PROD_0033,2024-09-10,412,107532,Direct,Cancelled
SO_108892,CUST_0104,PROD_0056,2024-12-22,444,95904,Distributor,Pending
SO_108893,CUST_0171,PROD_0059,2024-06-22,101,51207,Distributor,Pending
SO_108894,CUST_0176,PROD_0234,2024-09-07,271,149592,Online,Completed
SO_108895,CUST_0377,PROD_0160,2024-11-04,491,463504,Direct,Completed
SO_108896,CUST_0015,PROD_0118,2024-11-29,15,13605,Online,Pending
SO_108897,CUST_0375,PROD_0081,2024-10-11,157,111784,Direct,Completed
SO_108898,CUST_0315,PROD_0139,2024-03-06,145,72210,Direct,Pending
SO_108899,CUST_0455,PROD_0097,2024-10-22,272,34816,Online,Completed
SO_108900,CUST_0267,PROD_0158,2024-06-22,104,28912,Direct,Completed
SO_108901,CUST_0230,PROD_0244,2024-02-28,58,46864,Distributor,Completed
SO_108902,CUST_0408,PROD_0082,2024-04-01,310,87420,Online,Cancelled
SO_108903,CUST_0281,PROD_0235,2024-04-23,431,102578,Online,Cancelled
SO_108904,CUST_0464,PROD_0295,2024-03-03,154,142758,Direct,Completed
SO_108905,CUST_0122,PROD_0270,2024-02-19,304,196080,Distributor,Completed
SO_108906,CUST_0085,PROD_0099,2024-04-25,194,148216,Online,Pending
SO_108907,CUST_0093,PROD_0075,2024-07-30,400,280800,Online,Pending
SO_108908,CUST_0400,PROD_0249,2024-03-18,473,336776,Direct,Cancelled
SO_108909,CUST_0323,PROD_0022,2024-07-02,380,367080,Distributor,Cancelled
SO_108910,CUST_0436,PROD_0096,2024-08-24,176,151712,Direct,Pending
SO_108911,CUST_0127,PROD_0002,2024-03-28,204,85476,Distributor,Cancelled
SO_108912,CUST_0483,PROD_0273,2024-05-28,377,216021,Direct,Pending
SO_108913,CUST_0244,PROD_0283,2024-05-16,445,69420,Direct,Cancelled
SO_108914,CUST_0180,PROD_0016,2024-09-30,95,91105,Distributor,Pending
SO_108915,CUST_0143,PROD_0190,2024-10-19,271,195933,Direct,Completed
SO_108916,CUST_0236,PROD_0122,2024-03-01,400,292000,Distributor,Completed
SO_108917,CUST_0091,PROD_0030,2024-02-06,412,141316,Distributor,Cancelled
SO_108918,CUST_0088,PROD_0205,2024-07-24,388,323592,Direct,Completed
SO_108919,CUST_0381,PROD_0272,2024-11-21,36,29340,Online,Completed
SO_108920,CUST_0252,PROD_0065,2024-04-27,281,159327,Online,Completed
SO_108921,CUST_0076,PROD_0216,2024-09-29,314,251828,Direct,Pending
SO_108922,CUST_0241,PROD_0200,2024-04-29,136,89488,Direct,Completed
SO_108923,CUST_0143,PROD_0020,2024-06-11,206,51088,Online,Completed
SO_108924,CUST_0168,PROD_0285,2024-01-01,264,190872,Direct,Completed
SO_108925,CUST_0455,PROD_0185,2024-05-06,183,76494,Online,Cancelled
SO_108926,CUST_0080,PROD_0179,2024-02-26,260,82160,Direct,Completed
SO_108927,CUST_0073,PROD_0213,2024-10-31,102,50388,Online,Pending
SO_108928,CUST_0467,PROD_0021,2024-07-15,146,65700,Distributor,Cancelled
SO_108929,CUST_0364,PROD_0120,2024-08-31,391,353855,Distributor,Completed
SO_108930,CUST_0462,PROD_0271,2024-01-19,95,87305,Online,Cancelled
SO_108931,CUST_0419,PROD_0104,2024-03-18,206,83018,Direct,Pending
SO_108932,CUST_0242,PROD_0183,2024-11-21,70,17220,Direct,Completed
SO_108933,CUST_0157,PROD_0062,2024-03-06,173,161409,Direct,Pending
SO_108934,CUST_0013,PROD_0106,2024-08-29,310,82770,Online,Cancelled
SO_108935,CUST_0263,PROD_0012,2024-10-14,271,59891,Direct,Completed
SO_108936,CUST_0351,PROD_0196,2024-07-22,66,37026,Direct,Completed
SO_108937,CUST_0472,PROD_0017,2024-02-06,227,64695,Distributor,Cancelled
SO_108938,CUST_0027,PROD_0080,2024-08-24,299,123487,Online,Completed
SO_108939,CUST_0221,PROD_0166,2024-11-08,106,52152,Direct,Completed
SO_108940,CUST_0475,PROD_0239,2024-07-11,206,103000,Direct,Completed
SO_108941,CUST_0314,PROD_0298,2024-04-18,233,152615,Online,Cancelled
SO_108942,CUST_0003,PROD_0093,2024-12-04,425,123675,Distributor,Pending
SO_108943,CUST_0098,PROD_0119,2024-09-16,222,167610,Distributor,Completed
SO_108944,CUST_0359,PROD_0136,2024-03-01,217,30163,Online,Completed
SO_108945,CUST_0244,PROD_0059,2024-12-25,286,64922,Direct,Pending
SO_108946,CUST_0217,PROD_0139,2024-04-29,271,218155,Online,Completed
SO_108947,CUST_0046,PROD_0186,2024-12-19,224,135744,Direct,Pending
SO_108948,CUST_0369,PROD_0028,2024-09-25,237,111864,Online,Completed
SO_108949,CUST_0068,PROD_0229,2024-10-03,166,102090,Direct,Completed
SO_108950,CUST_0494,PROD_0286,2024-06-09,322,220892,Online,Pending
SO_108951,CUST_0141,PROD_0005,2024-08-16,365,305870,Online,Completed
SO_108952,CUST_0254,PROD_0157,2024-04-13,33,9240,Online,Pending
SO_108953,CUST_0099,PROD_0173,2024-04-19,220,144980,Distributor,Completed
SO_108954,CUST_0280,PROD_0114,2024-02-22,73,51903,Distributor,Cancelled
SO_108955,CUST_0309,PROD_0065,2024-05-01,419,356569,Distributor,Pending
SO_108956,CUST_0466,PROD_0156,2024-09-07,396,281952,Distributor,Pending
SO_108957,CUST_0083,PROD_0178,2024-09-28,298,163900,Direct,Completed
SO_108958,CUST_0087,PROD_0235,2024-09-04,166,90968,Online,Cancelled
SO_108959,CUST_0195,PROD_0267,2024-08-27,486,433512,Online,Completed
SO_108960,CUST_0400,PROD_0157,2024-08-13,140,114800,Distributor,Completed
SO_108961,CUST_0058,PROD_0012,2024-08-07,67,64119,Distributor,Pending
SO_108962,CUST_0201,PROD_0151,2024-12-11,259,256410,Direct,Pending
SO_108963,CUST_0461,PROD_0191,2024-11-11,450,142200,Online,Completed
SO_108964,CUST_0182,PROD_0152,2024-04-25,54,6318,Direct,Cancelled
SO_108965,CUST_0281,PROD_0237,2024-10-15,96,35712,Direct,Pending
SO_108966,CUST_0039,PROD_0121,2024-02-21,411,102750,Online,Pending
SO_108967,CUST_0421,PROD_0132,2024-02-05,205,26240,Online,Cancelled
SO_108968,CUST_0401,PROD_0096,2024-12-14,231,218526,Distributor,Pending
SO_108969,CUST_0145,PROD_0177,2024-09-17,202,135946,Distributor,Completed
SO_108970,CUST_0494,PROD_0202,2024-09-22,454,370918,Direct,Cancelled
SO_108971,CUST_0194,PROD_0015,2024-12-08,27,8667,Online,Completed
SO_108972,CUST_0022,PROD_0264,2024-09-13,40,39440,Direct,Cancelled
SO_108973,CUST_0190,PROD_0027,2024-08-30,45,27135,Online,Completed
SO_108974,CUST_0181,PROD_0115,2024-09-20,160,90400,Distributor,Cancelled
SO_108975,CUST_0025,PROD_0103,2024-07-28,184,133216,Online,Cancelled
SO_108976,CUST_0124,PROD_0082,2024-04-26,355,53250,Distributor,Completed
SO_108977,CUST_0157,PROD_0227,2024-10-06,324,83592,Distributor,Pending
SO_108978,CUST_0341,PROD_0201,2024-11-14,303,64236,Online,Cancelled
SO_108979,CUST_0208,PROD_0007,2024-05-31,56,24248,Online,Completed
SO_108980,CUST_0332,PROD_0299,2024-01-26,257,205086,Direct,Completed
SO_108981,CUST_0439,PROD_0238,2024-10-05,136,22304,Online,Pending
SO_108982,CUST_0093,PROD_0232,2024-08-03,444,213120,Direct,Pending
SO_108983,CUST_0012,PROD_0131,2024-03-05,105,26040,Distributor,Cancelled
SO_108984,CUST_0300,PROD_0119,2024-10-01,171,128592,Online,Cancelled
SO_108985,CUST_0486,PROD_0264,2024-01-12,200,165600,Online,Pending
SO_108986,CUST_0458,PROD_0081,2024-07-13,282,138744,Direct,Cancelled
SO_108987,CUST_0097,PROD_0225,2024-09-26,360,334800,Direct,Completed
SO_108988,CUST_0316,PROD_0209,2024-11-28,435,386715,Distributor,Cancelled
SO_108989,CUST_0098,PROD_0018,2024-02-21,178,123532,Distributor,Completed
SO_108990,CUST_0438,PROD_0129,2024-07-30,104,49296,Distributor,Completed
SO_108991,CUST_0136,PROD_0004,2024-05-28,411,406479,Online,Pending
SO_108992,CUST_0485,PROD_0180,2024-02-16,493,483633,Online,Cancelled
SO_108993,CUST_0110,PROD_0215,2024-05-01,423,109980,Distributor,Pending
SO_108994,CUST_0252,PROD_0263,2024-11-21,219,22338,Direct,Completed
SO_108995,CUST_0376,PROD_0012,2024-02-02,79,30257,Online,Pending
SO_108996,CUST_0152,PROD_0262,2024-05-26,253,116886,Online,Completed
SO_108997,CUST_0199,PROD_0232,2024-11-28,284,72420,Online,Pending
SO_108998,CUST_0356,PROD_0033,2024-10-15,177,37878,Direct,Cancelled
SO_108999,CUST_0102,PROD_0070,2024-11-21,261,105444,Direct,Completed
SO_109000,CUST_0140,PROD_0206,2024-04-21,336,61152,Online,Cancelled
SO_109001,CUST_0246,PROD_0001,2024-05-13,379,357018,Distributor,Cancelled
SO_109002,CUST_0062,PROD_0009,2024-01-08,293,222094,Online,Cancelled
SO_109003,CUST_0162,PROD_0194,2024-09-16,218,136250,Online,Pending
SO_109004,CUST_0428,PROD_0024,2024-09-07,234,171990,Direct,Cancelled
SO_109005,CUST_0262,PROD_0249,2024-10-23,208,172016,Direct,Pending
SO_109006,CUST_0239,PROD_0154,2024-04-18,66,17754,Online,Cancelled
SO_109007,CUST_0354,PROD_0139,2024-03-11,353,324760,Distributor,Pending
SO_109008,CUST_0353,PROD_0268,2024-04-17,418,92796,Distributor,Pending
SO_109009,CUST_0133,PROD_0076,2024-10-19,327,134070,Distributor,Pending
SO_109010,CUST_0079,PROD_0247,2024-03-21,92,60168,Online,Cancelled
SO_109011,CUST_0013,PROD_0071,2024-05-13,456,191520,Online,Cancelled
SO_109012,CUST_0386,PROD_0081,2024-01-13,231,112035,Direct,Cancelled
SO_109013,CUST_0277,PROD_0223,2024-11-27,178,92738,Distributor,Completed
SO_109014,CUST_0300,PROD_0146,2024-12-23,220,139040,Online,Pending
SO_109015,CUST_0377,PROD_0141,2024-11-19,115,105340,Online,Cancelled
SO_109016,CUST_0400,PROD_0112,2024-05-10,142,37204,Online,Cancelled
SO_109017,CUST_0382,PROD_0161,2024-01-28,433,101322,Direct,Pending
SO_109018,CUST_0365,PROD_0136,2024-09-06,162,110646,Online,Cancelled
SO_109019,CUST_0116,PROD_0061,2024-02-15,309,136269,Online,Cancelled
SO_109020,CUST_0388,PROD_0037,2024-07-12,15,12795,Direct,Completed
SO_109021,CUST_0396,PROD_0027,2024-04-24,437,156009,Online,Completed
SO_109022,CUST_0273,PROD_0039,2024-08-16,434,332444,Online,Pending
SO_109023,CUST_0136,PROD_0092,2024-05-28,241,187016,Distributor,Cancelled
SO_109024,CUST_0266,PROD_0141,2024-11-26,206,66744,Distributor,Completed
SO_109025,CUST_0191,PROD_0054,2024-11-24,111,53724,Distributor,Completed
SO_109026,CUST_0339,PROD_0023,2024-11-14,59,52746,Distributor,Pending
SO_109027,CUST_0312,PROD_0013,2024-12-12,13,11817,Online,Completed
SO_109028,CUST_0164,PROD_0159,2024-03-25,395,291905,Online,Cancelled
SO_109029,CUST_0144,PROD_0119,2024-03-13,12,6204,Distributor,Cancelled
SO_109030,CUST_0311,PROD_0025,2024-08-17,310,273420,Distributor,Completed
SO_109031,CUST_0437,PROD_0113,2024-12-09,485,148895,Direct,Pending
SO_109032,CUST_0454,PROD_0112,2024-12-05,476,202776,Direct,Pending
SO_109033,CUST_0259,PROD_0059,2024-06-01,354,101598,Online,Pending
SO_109034,CUST_0366,PROD_0095,2024-04-03,239,219880,Direct,Cancelled
SO_109035,CUST_0419,PROD_0211,2024-05-03,205,193725,Online,Completed
SO_109036,CUST_0412,PROD_0223,2024-12-18,122,13176,Direct,Cancelled
SO_109037,CUST_0334,PROD_0223,2024-07-30,43,22016,Online,Completed
SO_109038,CUST_0076,PROD_0266,2024-04-30,96,61728,Online,Pending
SO_109039,CUST_0298,PROD_0049,2024-06-14,272,63648,Distributor,Cancelled
SO_109040,CUST_0026,PROD_0291,2024-10-17,310,140120,Online,Pending
SO_109041,CUST_0267,PROD_0205,2024-11-26,121,24805,Online,Pending
SO_109042,CUST_0386,PROD_0067,2024-12-15,151,54813,Online,Completed
SO_109043,CUST_0115,PROD_0114,2024-07-19,256,157952,Direct,Cancelled
SO_109044,CUST_0412,PROD_0210,2024-10-09,124,120156,Distributor,Cancelled
SO_109045,CUST_0256,PROD_0225,2024-06-26,52,50076,Online,Completed
SO_109046,CUST_0181,PROD_0270,2024-10-22,56,47992,Direct,Pending
SO_109047,CUST_0045,PROD_0161,2024-06-10,395,305335,Online,Cancelled
SO_109048,CUST_0320,PROD_0047,2024-09-21,405,176175,Online,Completed
SO_109049,CUST_0088,PROD_0025,2024-10-20,102,53856,Direct,Completed
SO_109050,CUST_0070,PROD_0142,2024-03-25,49,48118,Direct,Cancelled
SO_109051,CUST_0215,PROD_0203,2024-08-03,46,17802,Direct,Cancelled
SO_109052,CUST_0074,PROD_0061,2024-06-15,86,61490,Distributor,Pending
SO_109053,CUST_0321,PROD_0288,2024-12-15,309,173658,Distributor,Completed
SO_109054,CUST_0300,PROD_0052,2024-05-03,303,191193,Distributor,Completed
SO_109055,CUST_0445,PROD_0180,2024-07-17,499,71856,Online,Completed
SO_109056,CUST_0423,PROD_0050,2024-05-30,485,217765,Distributor,Pending
SO_109057,CUST_0031,PROD_0137,2024-09-04,182,72618,Distributor,Completed
SO_109058,CUST_0183,PROD_0187,2024-08-25,25,21000,Distributor,Completed
SO_109059,CUST_0388,PROD_0113,2024-09-07,72,16344,Direct,Pending
SO_109060,CUST_0268,PROD_0027,2024-02-12,78,39000,Direct,Pending
SO_109061,CUST_0119,PROD_0168,2024-04-30,345,185610,Direct,Completed
SO_109062,CUST_0074,PROD_0056,2024-02-14,23,3404,Distributor,Pending
SO_109063,CUST_0358,PROD_0045,2024-10-10,369,146493,Direct,Completed
SO_109064,CUST_0011,PROD_0011,2024-05-05,101,61610,Distributor,Completed
SO_109065,CUST_0241,PROD_0053,2024-10-12,231,138600,Online,Cancelled
SO_109066,CUST_0262,PROD_0125,2024-08-18,224,49952,Direct,Cancelled
SO_109067,CUST_0194,PROD_0057,2024-10-12,461,180712,Online,Cancelled
SO_109068,CUST_0002,PROD_0076,2024-03-16,485,406430,Distributor,Completed
SO_109069,CUST_0417,PROD_0084,2024-05-27,423,304137,Online,Pending
SO_109070,CUST_0173,PROD_0137,2024-12-12,231,132594,Direct,Completed
SO_109071,CUST_0379,PROD_0043,2024-04-17,444,317016,Online,Cancelled
SO_109072,CUST_0295,PROD_0258,2024-06-10,495,376200,Distributor,Pending
SO_109073,CUST_0065,PROD_0104,2024-10-03,164,138088,Direct,Completed
SO_109074,CUST_0176,PROD_0199,2024-02-12,361,149815,Online,Pending
SO_109075,CUST_0445,PROD_0170,2024-02-01,375,151500,Distributor,Cancelled
SO_109076,CUST_0017,PROD_0132,2024-08-20,322,230552,Distributor,Cancelled
SO_109077,CUST_0365,PROD_0236,2024-12-11,37,33522,Distributor,Cancelled
SO_109078,CUST_0322,PROD_0008,2024-03-26,320,37760,Distributor,Pending
SO_109079,CUST_0072,PROD_0161,2024-01-19,109,102460,Online,Pending
SO_109080,CUST_0022,PROD_0029,2024-06-16,402,66330,Online,Completed
SO_109081,CUST_0368,PROD_0239,2024-10-13,102,61200,Direct,Completed
SO_109082,CUST_0377,PROD_0281,2024-02-20,433,155880,Online,Cancelled
SO_109083,CUST_0480,PROD_0025,2024-12-13,245,195265,Distributor,Completed
SO_109084,CUST_0175,PROD_0149,2024-10-29,14,7812,Direct,Completed
SO_109085,CUST_0305,PROD_0101,2024-03-02,428,161784,Direct,Completed
SO_109086,CUST_0406,PROD_0048,2024-06-12,465,329685,Online,Pending
SO_109087,CUST_0231,PROD_0056,2024-10-12,18,10854,Distributor,Cancelled
SO_109088,CUST_0462,PROD_0118,2024-06-07,245,119070,Online,Cancelled
SO_109089,CUST_0232,PROD_0144,2024-09-19,391,297551,Direct,Cancelled
SO_109090,CUST_0227,PROD_0097,2024-01-19,269,144722,Online,Completed
SO_109091,CUST_0414,PROD_0300,2024-08-17,16,14208,Direct,Cancelled
SO_109092,CUST_0147,PROD_0247,2024-09-19,385,379610,Online,Cancelled
SO_109093,CUST_0149,PROD_0024,2024-04-07,389,178940,Online,Completed
SO_109094,CUST_0151,PROD_0224,2024-05-23,473,164604,Distributor,Cancelled
SO_109095,CUST_0201,PROD_0086,2024-04-21,51,35904,Online,Pending
SO_109096,CUST_0126,PROD_0102,2024-03-30,280,227640,Online,Completed
SO_109097,CUST_0241,PROD_0299,2024-03-06,173,21106,Online,Pending
SO_109098,CUST_0060,PROD_0075,2024-03-14,263,199354,Distributor,Pending
SO_109099,CUST_0455,PROD_0202,2024-02-22,293,112512,Direct,Completed
SO_109100,CUST_0250,PROD_0170,2024-01-31,440,182600,Direct,Completed
SO_109101,CUST_0255,PROD_0274,2024-02-09,208,72384,Distributor,Pending
SO_109102,CUST_0425,PROD_0262,2024-01-28,424,295104,Direct,Completed
SO_109103,CUST_0336,PROD_0159,2024-02-13,496,51584,Online,Pending
SO_109104,CUST_0417,PROD_0194,2024-10-20,394,336476,Direct,Cancelled
SO_109105,CUST_0228,PROD_0260,2024-09-30,475,122550,Online,Pending
SO_109106,CUST_0288,PROD_0183,2024-05-20,179,38664,Distributor,Pending
SO_109107,CUST_0083,PROD_0007,2024-06-13,206,37080,Direct,Cancelled
SO_109108,CUST_0041,PROD_0049,2024-09-19,415,353995,Online,Completed
SO_109109,CUST_0023,PROD_0226,2024-09-20,244,118096,Distributor,Pending
SO_109110,CUST_0254,PROD_0171,2024-04-14,31,8277,Distributor,Pending
SO_109111,CUST_0099,PROD_0144,2024-02-06,65,26520,Distributor,Cancelled
SO_109112,CUST_0393,PROD_0229,2024-08-17,178,165184,Distributor,Pending
SO_109113,CUST_0034,PROD_0131,2024-02-09,178,166430,Direct,Pending
SO_109114,CUST_0191,PROD_0231,2024-10-16,447,152427,Direct,Pending
SO_109115,CUST_0354,PROD_0170,2024-04-30,28,23520,Direct,Completed
SO_109116,CUST_0014,PROD_0076,2024-10-08,230,153870,Distributor,Cancelled
SO_109117,CUST_0102,PROD_0261,2024-06-28,32,12192,Direct,Pending
SO_109118,CUST_0233,PROD_0184,2024-12-25,81,61317,Online,Completed
SO_109119,CUST_0335,PROD_0045,2024-08-26,20,7640,Online,Pending
SO_109120,CUST_0305,PROD_0158,2024-09-27,355,279385,Online,Completed
SO_109121,CUST_0442,PROD_0181,2024-07-25,50,40400,Online,Completed
SO_109122,CUST_0206,PROD_0144,2024-08-07,437,57684,Online,Cancelled
SO_109123,CUST_0428,PROD_0295,2024-11-05,440,394680,Online,Pending
SO_109124,CUST_0272,PROD_0218,2024-11-05,379,342995,Online,Completed
SO_109125,CUST_0485,PROD_0290,2024-09-19,208,22256,Distributor,Pending
SO_109126,CUST_0314,PROD_0042,2024-06-23,53,28779,Direct,Completed
SO_109127,CUST_0290,PROD_0214,2024-09-24,414,223974,Distributor,Pending
SO_109128,CUST_0169,PROD_0027,2024-02-21,22,16148,Direct,Cancelled
SO_109129,CUST_0293,PROD_0254,2024-10-24,197,178088,Distributor,Completed
SO_109130,CUST_0362,PROD_0109,2024-07-25,66,37422,Online,Pending
SO_109131,CUST_0487,PROD_0050,2024-02-18,457,63523,Direct,Cancelled
SO_109132,CUST_0390,PROD_0047,2024-01-10,190,95950,Direct,Completed
SO_109133,CUST_0287,PROD_0092,2024-05-09,240,152160,Direct,Cancelled
SO_109134,CUST_0258,PROD_0253,2024-04-04,141,107865,Direct,Cancelled
SO_109135,CUST_0250,PROD_0053,2024-10-26,398,45372,Distributor,Completed
SO_109136,CUST_0082,PROD_0086,2024-05-21,35,8365,Distributor,Cancelled
SO_109137,CUST_0375,PROD_0136,2024-05-16,152,117496,Direct,Pending
SO_109138,CUST_0077,PROD_0163,2024-10-19,47,21056,Distributor,Cancelled
SO_109139,CUST_0046,PROD_0196,2024-05-25,134,34706,Online,Pending
SO_109140,CUST_0391,PROD_0263,2024-12-07,459,302481,Distributor,Cancelled
SO_109141,CUST_0378,PROD_0026,2024-05-28,53,45315,Distributor,Completed
SO_109142,CUST_0309,PROD_0069,2024-10-04,316,293880,Direct,Completed
SO_109143,CUST_0494,PROD_0097,2024-10-12,393,385926,Direct,Pending
SO_109144,CUST_0471,PROD_0061,2024-07-29,90,75330,Distributor,Cancelled
SO_109145,CUST_0440,PROD_0262,2024-09-29,120,118800,Direct,Pending
SO_109146,CUST_0483,PROD_0077,2024-07-16,470,130190,Direct,Cancelled
SO_109147,CUST_0124,PROD_0210,2024-03-05,131,66679,Online,Completed
SO_109148,CUST_0203,PROD_0242,2024-02-08,473,71423,Distributor,Completed
SO_109149,CUST_0445,PROD_0201,2024-09-12,291,53835,Direct,Completed
SO_109150,CUST_0038,PROD_0112,2024-10-26,339,303405,Online,Cancelled
SO_109151,CUST_0139,PROD_0293,2024-10-30,152,105032,Direct,Cancelled
SO_109152,CUST_0017,PROD_0004,2024-07-06,473,102641,Distributor,Cancelled
SO_109153,CUST_0478,PROD_0003,2024-12-16,67,56682,Distributor,Pending
SO_109154,CUST_0199,PROD_0093,2024-07-13,215,207045,Direct,Pending
SO_109155,CUST_0279,PROD_0154,2024-03-24,226,208824,Online,Completed
SO_109156,CUST_0214,PROD_0059,2024-03-18,106,83316,Distributor,Pending
SO_109157,CUST_0020,PROD_0272,2024-04-22,298,267306,Direct,Pending
SO_109158,CUST_0413,PROD_0230,2024-08-19,415,187165,Distributor,Completed
SO_109159,CUST_0051,PROD_0039,2024-12-22,357,67830,Online,Completed
SO_109160,CUST_0081,PROD_0045,2024-01-21,483,62307,Online,Completed
SO_109161,CUST_0192,PROD_0098,2024-11-12,485,273055,Online,Cancelled
SO_109162,CUST_0216,PROD_0058,2024-09-14,55,19195,Direct,Cancelled
SO_109163,CUST_0275,PROD_0202,2024-04-06,453,285843,Online,Cancelled
SO_109164,CUST_0218,PROD_0029,2024-07-18,380,198360,Direct,Cancelled
SO_109165,CUST_0159,PROD_0013,2024-10-03,95,88255,Direct,Pending
SO_109166,CUST_0316,PROD_0110,2024-08-10,415,233645,Distributor,Pending
SO_109167,CUST_0461,PROD_0294,2024-12-01,440,105600,Direct,Completed
SO_109168,CUST_0077,PROD_0242,2024-08-18,293,106066,Distributor,Pending
SO_109169,CUST_0187,PROD_0140,2024-11-27,132,119460,Direct,Cancelled
SO_109170,CUST_0156,PROD_0061,2024-01-11,239,227289,Online,Cancelled
SO_109171,CUST_0308,PROD_0203,2024-06-21,240,132720,Direct,Cancelled
SO_109172,CUST_0214,PROD_0089,2024-04-06,372,296856,Online,Cancelled
SO_109173,CUST_0386,PROD_0225,2024-09-17,343,137200,Online,Pending
SO_109174,CUST_0246,PROD_0241,2024-02-29,46,34684,Direct,Pending
SO_109175,CUST_0208,PROD_0211,2024-06-18,28,14700,Direct,Cancelled
SO_109176,CUST_0218,PROD_0258,2024-07-11,383,330146,Distributor,Pending
SO_109177,CUST_0368,PROD_0166,2024-07-14,28,25564,Direct,Cancelled
SO_109178,CUST_0427,PROD_0058,2024-03-17,274,42470,Direct,Pending
SO_109179,CUST_0237,PROD_0181,2024-05-13,331,267779,Online,Completed
SO_109180,CUST_0030,PROD_0114,2024-01-27,89,62567,Online,Pending
SO_109181,CUST_0224,PROD_0265,2024-06-03,199,23084,Distributor,Cancelled
SO_109182,CUST_0261,PROD_0225,2024-11-08,481,303030,Online,Completed
SO_109183,CUST_0128,PROD_0032,2024-05-24,423,114633,Distributor,Cancelled
SO_109184,CUST_0246,PROD_0084,2024-10-31,236,179360,Distributor,Completed
SO_109185,CUST_0381,PROD_0106,2024-07-15,325,292175,Online,Cancelled
SO_109186,CUST_0152,PROD_0251,2024-10-13,99,96030,Direct,Pending
SO_109187,CUST_0072,PROD_0271,2024-05-09,223,87193,Direct,Pending
SO_109188,CUST_0047,PROD_0187,2024-12-17,52,25532,Distributor,Completed
SO_109189,CUST_0154,PROD_0241,2024-11-30,408,362712,Online,Completed
SO_109190,CUST_0465,PROD_0196,2024-11-09,492,201720,Distributor,Completed
SO_109191,CUST_0345,PROD_0108,2024-07-09,67,21976,Online,Pending
SO_109192,CUST_0243,PROD_0132,2024-09-04,339,59664,Direct,Pending
SO_109193,CUST_0157,PROD_0061,2024-04-10,456,312816,Distributor,Pending
SO_109194,CUST_0380,PROD_0065,2024-04-08,366,153720,Online,Cancelled
SO_109195,CUST_0338,PROD_0300,2024-06-25,103,32960,Online,Completed
SO_109196,CUST_0261,PROD_0300,2024-08-21,468,237276,Distributor,Completed
SO_109197,CUST_0418,PROD_0131,2024-01-02,125,88250,Online,Pending
SO_109198,CUST_0269,PROD_0087,2024-01-22,335,270680,Online,Pending
SO_109199,CUST_0443,PROD_0133,2024-11-14,475,59375,Direct,Completed
SO_109200,CUST_0355,PROD_0138,2024-09-20,175,129500,Online,Pending
SO_109201,CUST_0263,PROD_0243,2024-08-05,292,194180,Online,Completed
SO_109202,CUST_0319,PROD_0283,2024-07-18,346,141514,Distributor,Pending
SO_109203,CUST_0068,PROD_0130,2024-08-21,83,38263,Online,Cancelled
SO_109204,CUST_0078,PROD_0291,2024-05-28,330,81180,Distributor,Completed
SO_109205,CUST_0358,PROD_0029,2024-04-14,260,180440,Distributor,Cancelled
SO_109206,CUST_0189,PROD_0094,2024-12-16,209,139612,Distributor,Cancelled
SO_109207,CUST_0162,PROD_0198,2024-05-29,292,232724,Online,Completed
SO_109208,CUST_0299,PROD_0132,2024-11-15,401,185663,Online,Cancelled
SO_109209,CUST_0213,PROD_0033,2024-01-31,117,102024,Online,Cancelled
SO_109210,CUST_0453,PROD_0052,2024-03-11,410,144320,Online,Pending
SO_109211,CUST_0255,PROD_0146,2024-10-08,418,46816,Distributor,Cancelled
SO_109212,CUST_0363,PROD_0038,2024-02-07,418,180576,Distributor,Completed
SO_109213,CUST_0128,PROD_0247,2024-04-28,224,121184,Online,Cancelled
SO_109214,CUST_0044,PROD_0083,2024-08-02,282,146640,Direct,Pending
SO_109215,CUST_0325,PROD_0058,2024-10-31,38,22648,Online,Pending
SO_109216,CUST_0414,PROD_0293,2024-02-11,247,96330,Direct,Pending
SO_109217,CUST_0479,PROD_0145,2024-09-27,69,56925,Direct,Pending
SO_109218,CUST_0383,PROD_0050,2024-09-25,184,59984,Distributor,Cancelled
SO_109219,CUST_0177,PROD_0106,2024-06-25,344,316136,Distributor,Pending
SO_109220,CUST_0285,PROD_0028,2024-09-24,233,221117,Distributor,Completed
SO_109221,CUST_0090,PROD_0189,2024-06-07,185,148740,Distributor,Completed
SO_109222,CUST_0017,PROD_0234,2024-06-17,197,173360,Online,Cancelled
SO_109223,CUST_0150,PROD_0121,2024-05-15,333,232767,Online,Completed
SO_109224,CUST_0161,PROD_0175,2024-06-11,230,193890,Distributor,Completed
SO_109225,CUST_0466,PROD_0253,2024-08-11,215,207690,Online,Pending
SO_109226,CUST_0075,PROD_0126,2024-03-27,440,256080,Distributor,Cancelled
SO_109227,CUST_0108,PROD_0293,2024-04-17,492,181548,Online,Cancelled
SO_109228,CUST_0091,PROD_0264,2024-12-10,313,186235,Distributor,Cancelled
SO_109229,CUST_0341,PROD_0119,2024-10-11,330,321090,Distributor,Cancelled
SO_109230,CUST_0450,PROD_0165,2024-08-31,22,16368,Direct,Completed
SO_109231,CUST_0305,PROD_0191,2024-07-19,333,240759,Direct,Pending
SO_109232,CUST_0257,PROD_0080,2024-06-22,387,162153,Distributor,Completed
SO_109233,CUST_0455,PROD_0293,2024-01-14,152,110200,Online,Completed
SO_109234,CUST_0386,PROD_0096,2024-07-16,45,6705,Online,Pending
SO_109235,CUST_0212,PROD_0159,2024-07-15,137,116176,Distributor,Cancelled
SO_109236,CUST_0103,PROD_0119,2024-01-24,410,223040,Online,Pending
SO_109237,CUST_0392,PROD_0257,2024-10-31,31,23622,Direct,Completed
SO_109238,CUST_0181,PROD_0155,2024-05-07,150,71400,Direct,Completed
SO_109239,CUST_0410,PROD_0009,2024-05-26,343,129997,Direct,Pending
SO_109240,CUST_0424,PROD_0184,2024-11-26,365,346020,Online,Cancelled
SO_109241,CUST_0197,PROD_0143,2024-10-08,331,151598,Distributor,Pending
SO_109242,CUST_0057,PROD_0297,2024-07-30,177,45489,Direct,Cancelled
SO_109243,CUST_0108,PROD_0147,2024-10-06,44,34408,Direct,Completed
SO_109244,CUST_0375,PROD_0177,2024-05-29,59,11092,Distributor,Completed
SO_109245,CUST_0286,PROD_0191,2024-08-03,343,228095,Distributor,Pending
SO_109246,CUST_0219,PROD_0032,2024-02-27,301,163744,Online,Pending
SO_109247,CUST_0127,PROD_0112,2024-10-23,229,201291,Online,Pending
SO_109248,CUST_0393,PROD_0206,2024-06-15,144,48096,Online,Cancelled
SO_109249,CUST_0432,PROD_0025,2024-05-31,90,16110,Online,Pending
SO_109250,CUST_0128,PROD_0066,2024-09-18,304,38912,Direct,Completed
SO_109251,CUST_0324,PROD_0048,2024-02-06,136,43656,Distributor,Pending
SO_109252,CUST_0281,PROD_0060,2024-12-04,370,338550,Direct,Pending
SO_109253,CUST_0137,PROD_0159,2024-07-03,147,129213,Online,Cancelled
SO_109254,CUST_0458,PROD_0201,2024-11-12,264,180312,Online,Cancelled
SO_109255,CUST_0304,PROD_0150,2024-11-29,391,304980,Direct,Cancelled
SO_109256,CUST_0107,PROD_0027,2024-11-10,134,51992,Direct,Pending
SO_109257,CUST_0006,PROD_0103,2024-05-28,109,94394,Online,Cancelled
SO_109258,CUST_0193,PROD_0054,2024-05-15,131,100084,Direct,Pending
SO_109259,CUST_0271,PROD_0271,2024-06-15,240,157680,Distributor,Pending
SO_109260,CUST_0346,PROD_0160,2024-04-20,485,148895,Online,Cancelled
SO_109261,CUST_0424,PROD_0249,2024-12-08,155,148025,Online,Pending
SO_109262,CUST_0353,PROD_0259,2024-12-03,158,91166,Distributor,Completed
SO_109263,CUST_0364,PROD_0259,2024-08-10,211,123013,Distributor,Pending
SO_109264,CUST_0132,PROD_0287,2024-07-01,86,33798,Online,Pending
SO_109265,CUST_0448,PROD_0247,2024-09-10,414,152766,Direct,Cancelled
SO_109266,CUST_0202,PROD_0247,2024-03-30,72,11376,Distributor,Cancelled
SO_109267,CUST_0415,PROD_0134,2024-11-19,333,215451,Online,Completed
SO_109268,CUST_0119,PROD_0130,2024-05-01,48,16224,Distributor,Completed
SO_109269,CUST_0374,PROD_0125,2024-07-09,437,62491,Distributor,Pending
SO_109270,CUST_0464,PROD_0110,2024-11-22,37,32745,Distributor,Completed
SO_109271,CUST_0274,PROD_0236,2024-04-17,155,33480,Distributor,Completed
SO_109272,CUST_0236,PROD_0121,2024-10-22,285,163875,Online,Pending
SO_109273,CUST_0178,PROD_0130,2024-05-19,96,75840,Direct,Cancelled
SO_109274,CUST_0304,PROD_0286,2024-02-28,470,309260,Distributor,Pending
SO_109275,CUST_0305,PROD_0287,2024-09-26,129,58308,Direct,Cancelled
SO_109276,CUST_0472,PROD_0150,2024-01-19,313,100473,Direct,Cancelled
SO_109277,CUST_0409,PROD_0243,2024-03-09,227,184324,Online,Cancelled
SO_109278,CUST_0335,PROD_0028,2024-08-02,207,40986,Distributor,Cancelled
SO_109279,CUST_0011,PROD_0007,2024-04-14,131,121830,Distributor,Pending
SO_109280,CUST_0062,PROD_0113,2024-07-29,191,60929,Direct,Completed
SO_109281,CUST_0053,PROD_0222,2024-05-29,208,41808,Online,Pending
SO_109282,CUST_0205,PROD_0264,2024-10-23,190,125970,Direct,Completed
SO_109283,CUST_0131,PROD_0032,2024-09-08,196,187964,Direct,Completed
SO_109284,CUST_0181,PROD_0101,2024-08-11,428,348392,Distributor,Completed
SO_109285,CUST_0314,PROD_0011,2024-12-04,152,26752,Direct,Cancelled
SO_109286,CUST_0233,PROD_0073,2024-03-26,301,204981,Online,Completed
SO_109287,CUST_0108,PROD_0021,2024-05-09,210,189000,Direct,Pending
SO_109288,CUST_0063,PROD_0137,2024-03-06,57,56772,Direct,Pending
SO_109289,CUST_0481,PROD_0054,2024-05-27,189,159516,Distributor,Completed
SO_109290,CUST_0114,PROD_0137,2024-07-17,133,112784,Direct,Completed
SO_109291,CUST_0369,PROD_0058,2024-12-03,412,311060,Distributor,Cancelled
SO_109292,CUST_0093,PROD_0199,2024-01-17,119,98056,Online,Completed
SO_109293,CUST_0132,PROD_0263,2024-01-08,280,45360,Distributor,Pending
SO_109294,CUST_0301,PROD_0243,2024-10-17,410,128330,Online,Cancelled
SO_109295,CUST_0252,PROD_0130,2024-08-18,462,278586,Direct,Pending
SO_109296,CUST_0235,PROD_0146,2024-07-27,284,30388,Direct,Completed
SO_109297,CUST_0202,PROD_0028,2024-01-09,299,46345,Direct,Pending
SO_109298,CUST_0443,PROD_0029,2024-06-17,121,74052,Distributor,Pending
SO_109299,CUST_0132,PROD_0007,2024-09-28,314,100480,Direct,Cancelled
SO_109300,CUST_0498,PROD_0179,2024-12-27,171,88065,Direct,Pending
SO_109301,CUST_0380,PROD_0078,2024-07-03,485,389940,Online,Completed
SO_109302,CUST_0493,PROD_0073,2024-09-16,315,186165,Direct,Cancelled
SO_109303,CUST_0208,PROD_0059,2024-01-17,111,20202,Online,Cancelled
SO_109304,CUST_0260,PROD_0262,2024-01-24,276,141864,Distributor,Completed
SO_109305,CUST_0449,PROD_0014,2024-08-12,82,37392,Distributor,Cancelled
SO_109306,CUST_0299,PROD_0228,2024-01-06,173,72314,Distributor,Pending
SO_109307,CUST_0262,PROD_0232,2024-04-15,340,177140,Online,Pending
SO_109308,CUST_0001,PROD_0084,2024-03-28,15,8130,Online,Pending
SO_109309,CUST_0298,PROD_0084,2024-07-23,33,29205,Distributor,Completed
SO_109310,CUST_0349,PROD_0007,2024-11-29,204,27336,Online,Pending
SO_109311,CUST_0085,PROD_0129,2024-11-16,438,279882,Distributor,Completed
SO_109312,CUST_0418,PROD_0203,2024-02-03,203,81403,Direct,Completed
SO_109313,CUST_0046,PROD_0074,2024-07-29,179,147138,Distributor,Pending
SO_109314,CUST_0228,PROD_0283,2024-11-06,168,34608,Online,Completed
SO_109315,CUST_0412,PROD_0125,2024-05-05,466,454350,Direct,Pending
SO_109316,CUST_0241,PROD_0159,2024-03-14,265,102555,Distributor,Completed
SO_109317,CUST_0229,PROD_0263,2024-12-03,425,314075,Online,Pending
SO_109318,CUST_0168,PROD_0182,2024-11-23,369,355716,Online,Pending
SO_109319,CUST_0402,PROD_0034,2024-11-02,327,257022,Direct,Cancelled
SO_109320,CUST_0348,PROD_0069,2024-04-13,356,79744,Direct,Completed
SO_109321,CUST_0164,PROD_0285,2024-11-24,40,15080,Direct,Cancelled
SO_109322,CUST_0089,PROD_0284,2024-09-09,17,11679,Distributor,Cancelled
SO_109323,CUST_0176,PROD_0096,2024-06-25,151,148584,Direct,Cancelled
SO_109324,CUST_0282,PROD_0270,2024-06-01,498,216630,Distributor,Completed
SO_109325,CUST_0098,PROD_0161,2024-12-23,484,75988,Direct,Cancelled
SO_109326,CUST_0378,PROD_0002,2024-12-24,391,173604,Direct,Cancelled
SO_109327,CUST_0013,PROD_0260,2024-08-17,404,109080,Online,Pending
SO_109328,CUST_0185,PROD_0186,2024-11-19,236,191632,Distributor,Pending
SO_109329,CUST_0210,PROD_0019,2024-09-26,430,209840,Distributor,Completed
SO_109330,CUST_0029,PROD_0273,2024-04-25,401,286715,Online,Completed
SO_109331,CUST_0302,PROD_0080,2024-03-17,423,324018,Direct,Cancelled
SO_109332,CUST_0178,PROD_0138,2024-04-20,82,55268,Distributor,Cancelled
SO_109333,CUST_0230,PROD_0091,2024-05-21,374,336600,Online,Completed
SO_109334,CUST_0158,PROD_0248,2024-01-24,333,279387,Direct,Completed
SO_109335,CUST_0192,PROD_0222,2024-09-20,400,337600,Distributor,Pending
SO_109336,CUST_0289,PROD_0087,2024-01-15,408,171360,Online,Completed
SO_109337,CUST_0267,PROD_0161,2024-04-11,96,59328,Direct,Pending
SO_109338,CUST_0390,PROD_0014,2024-09-05,356,128516,Online,Completed
SO_109339,CUST_0246,PROD_0033,2024-04-21,209,131461,Online,Pending
SO_109340,CUST_0049,PROD_0256,2024-10-13,237,31758,Direct,Cancelled
SO_109341,CUST_0476,PROD_0114,2024-06-17,173,89960,Distributor,Pending
SO_109342,CUST_0397,PROD_0209,2024-07-21,428,141668,Distributor,Completed
SO_109343,CUST_0071,PROD_0078,2024-09-15,264,143880,Direct,Completed
SO_109344,CUST_0329,PROD_0271,2024-03-28,134,90182,Online,Completed
SO_109345,CUST_0219,PROD_0077,2024-10-28,112,15344,Online,Pending
SO_109346,CUST_0487,PROD_0146,2024-08-02,206,194258,Distributor,Pending
SO_109347,CUST_0342,PROD_0059,2024-07-24,441,257544,Distributor,Cancelled
SO_109348,CUST_0284,PROD_0143,2024-12-19,84,45192,Direct,Pending
SO_109349,CUST_0130,PROD_0069,2024-01-17,230,220110,Direct,Completed
SO_109350,CUST_0195,PROD_0078,2024-09-11,251,61495,Direct,Pending
SO_109351,CUST_0200,PROD_0038,2024-01-24,324,294516,Direct,Completed
SO_109352,CUST_0389,PROD_0146,2024-10-16,62,44764,Distributor,Pending
SO_109353,CUST_0432,PROD_0071,2024-12-21,405,268110,Distributor,Cancelled
SO_109354,CUST_0300,PROD_0123,2024-08-02,220,207900,Direct,Pending
SO_109355,CUST_0232,PROD_0036,2024-01-12,326,246782,Online,Cancelled
SO_109356,CUST_0474,PROD_0078,2024-06-25,473,320694,Direct,Cancelled
SO_109357,CUST_0411,PROD_0024,2024-06-29,355,67095,Online,Cancelled
SO_109358,CUST_0371,PROD_0300,2024-05-26,367,177995,Direct,Completed
SO_109359,CUST_0163,PROD_0006,2024-08-27,296,188552,Direct,Cancelled
SO_109360,CUST_0072,PROD_0123,2024-12-17,342,189810,Distributor,Completed
SO_109361,CUST_0209,PROD_0281,2024-11-04,21,18942,Online,Cancelled
SO_109362,CUST_0281,PROD_0066,2024-09-20,359,214323,Online,Cancelled
SO_109363,CUST_0336,PROD_0140,2024-06-04,403,381641,Online,Pending
SO_109364,CUST_0456,PROD_0235,2024-02-18,282,187248,Online,Completed
SO_109365,CUST_0500,PROD_0124,2024-12-13,375,163500,Online,Pending
SO_109366,CUST_0453,PROD_0277,2024-05-08,166,89142,Distributor,Cancelled
SO_109367,CUST_0131,PROD_0265,2024-04-15,397,41288,Online,Completed
SO_109368,CUST_0098,PROD_0076,2024-11-09,423,270720,Distributor,Completed
SO_109369,CUST_0412,PROD_0038,2024-02-02,45,25650,Direct,Cancelled
SO_109370,CUST_0168,PROD_0078,2024-09-06,173,63318,Online,Cancelled
SO_109371,CUST_0122,PROD_0012,2024-08-19,241,132791,Online,Completed
SO_109372,CUST_0369,PROD_0091,2024-01-09,226,139894,Online,Cancelled
SO_109373,CUST_0065,PROD_0082,2024-10-19,70,8540,Direct,Pending
SO_109374,CUST_0076,PROD_0275,2024-12-05,316,263544,Online,Completed
SO_109375,CUST_0406,PROD_0158,2024-05-25,340,271660,Direct,Completed
SO_109376,CUST_0027,PROD_0109,2024-08-06,124,54560,Online,Pending
SO_109377,CUST_0193,PROD_0192,2024-09-17,155,103540,Distributor,Completed
SO_109378,CUST_0123,PROD_0017,2024-12-13,281,53671,Distributor,Pending
SO_109379,CUST_0106,PROD_0244,2024-08-10,273,70980,Online,Cancelled
SO_109380,CUST_0264,PROD_0027,2024-01-20,278,41422,Direct,Cancelled
SO_109381,CUST_0421,PROD_0222,2024-04-20,196,27048,Online,Cancelled
SO_109382,CUST_0290,PROD_0183,2024-04-20,32,30240,Distributor,Completed
SO_109383,CUST_0249,PROD_0281,2024-05-09,229,154804,Online,Completed
SO_109384,CUST_0409,PROD_0049,2024-09-27,55,49335,Online,Cancelled
SO_109385,CUST_0484,PROD_0259,2024-10-26,500,313500,Distributor,Pending
SO_109386,CUST_0130,PROD_0184,2024-08-25,296,241240,Direct,Cancelled
SO_109387,CUST_0248,PROD_0220,2024-01-19,291,283143,Distributor,Pending
SO_109388,CUST_0280,PROD_0066,2024-11-18,310,86180,Online,Cancelled
SO_109389,CUST_0335,PROD_0040,2024-04-26,440,203280,Distributor,Pending
SO_109390,CUST_0353,PROD_0266,2024-07-19,481,405002,Direct,Completed
SO_109391,CUST_0300,PROD_0258,2024-07-10,59,42539,Online,Completed
SO_109392,CUST_0064,PROD_0176,2024-01-13,473,413402,Direct,Pending
SO_109393,CUST_0463,PROD_0075,2024-04-29,440,289960,Online,Completed
SO_109394,CUST_0493,PROD_0184,2024-03-29,235,58280,Online,Completed
SO_109395,CUST_0495,PROD_0007,2024-08-17,74,45584,Direct,Cancelled
SO_109396,CUST_0365,PROD_0096,2024-03-22,343,140973,Distributor,Completed
SO_109397,CUST_0336,PROD_0157,2024-01-17,362,226250,Distributor,Completed
SO_109398,CUST_0375,PROD_0153,2024-11-27,279,53847,Online,Pending
SO_109399,CUST_0208,PROD_0014,2024-07-26,79,47874,Online,Cancelled
SO_109400,CUST_0007,PROD_0074,2024-09-01,336,106848,Online,Pending
SO_109401,CUST_0302,PROD_0170,2024-02-17,348,143724,Direct,Cancelled
SO_109402,CUST_0292,PROD_0210,2024-05-12,403,355849,Direct,Pending
SO_109403,CUST_0413,PROD_0244,2024-01-01,266,166782,Distributor,Completed
SO_109404,CUST_0174,PROD_0066,2024-12-12,351,294840,Distributor,Completed
SO_109405,CUST_0211,PROD_0200,2024-07-19,26,25922,Direct,Completed
SO_109406,CUST_0410,PROD_0143,2024-04-22,325,177775,Online,Completed
SO_109407,CUST_0052,PROD_0228,2024-04-15,142,40896,Direct,Cancelled
SO_109408,CUST_0478,PROD_0114,2024-05-03,99,31779,Distributor,Pending
SO_109409,CUST_0424,PROD_0273,2024-05-05,343,57281,Online,Completed
SO_109410,CUST_0176,PROD_0219,2024-03-29,337,253761,Direct,Cancelled
SO_109411,CUST_0014,PROD_0185,2024-09-09,153,47277,Online,Pending
SO_109412,CUST_0492,PROD_0140,2024-08-02,122,51850,Direct,Completed
SO_109413,CUST_0417,PROD_0237,2024-09-24,205,20910,Direct,Completed
SO_109414,CUST_0285,PROD_0048,2024-09-28,222,51948,Online,Cancelled
SO_109415,CUST_0467,PROD_0146,2024-10-22,178,119616,Online,Completed
SO_109416,CUST_0237,PROD_0207,2024-02-24,73,33653,Online,Completed
SO_109417,CUST_0476,PROD_0056,2024-04-16,336,252336,Online,Cancelled
SO_109418,CUST_0454,PROD_0189,2024-04-04,280,193480,Direct,Pending
SO_109419,CUST_0204,PROD_0254,2024-11-16,254,109982,Direct,Pending
SO_109420,CUST_0258,PROD_0293,2024-05-22,338,282906,Distributor,Completed
SO_109421,CUST_0127,PROD_0102,2024-12-16,388,212624,Distributor,Cancelled
SO_109422,CUST_0461,PROD_0018,2024-07-06,486,224532,Distributor,Pending
SO_109423,CUST_0195,PROD_0143,2024-02-08,146,98696,Direct,Completed
SO_109424,CUST_0022,PROD_0109,2024-05-14,163,55746,Direct,Cancelled
SO_109425,CUST_0245,PROD_0241,2024-01-15,408,290088,Online,Completed
SO_109426,CUST_0214,PROD_0281,2024-03-24,88,36520,Direct,Pending
SO_109427,CUST_0391,PROD_0003,2024-01-29,182,116116,Direct,Pending
SO_109428,CUST_0040,PROD_0137,2024-10-13,233,56852,Distributor,Cancelled
SO_109429,CUST_0142,PROD_0254,2024-12-19,27,14796,Distributor,Completed
SO_109430,CUST_0076,PROD_0018,2024-03-12,459,273564,Online,Cancelled
SO_109431,CUST_0412,PROD_0046,2024-01-11,470,259440,Online,Pending
SO_109432,CUST_0077,PROD_0080,2024-09-13,53,22048,Distributor,Pending
SO_109433,CUST_0221,PROD_0244,2024-11-16,405,293220,Distributor,Completed
SO_109434,CUST_0401,PROD_0054,2024-04-19,68,51680,Direct,Pending
SO_109435,CUST_0189,PROD_0158,2024-09-20,201,29145,Online,Completed
SO_109436,CUST_0142,PROD_0085,2024-03-02,239,191439,Distributor,Completed
SO_109437,CUST_0468,PROD_0206,2024-06-10,162,106434,Distributor,Completed
SO_109438,CUST_0490,PROD_0209,2024-12-31,83,34528,Distributor,Completed
SO_109439,CUST_0326,PROD_0278,2024-12-07,476,148988,Distributor,Pending
SO_109440,CUST_0331,PROD_0229,2024-07-04,106,24698,Distributor,Cancelled
SO_109441,CUST_0203,PROD_0155,2024-08-24,168,101640,Online,Cancelled
SO_109442,CUST_0255,PROD_0191,2024-01-31,141,90804,Online,Completed
SO_109443,CUST_0133,PROD_0068,2024-04-25,109,50685,Online,Completed
SO_109444,CUST_0384,PROD_0073,2024-12-02,117,56043,Direct,Pending
SO_109445,CUST_0402,PROD_0289,2024-04-19,465,158565,Online,Completed
SO_109446,CUST_0437,PROD_0140,2024-07-31,214,151298,Distributor,Completed
SO_109447,CUST_0213,PROD_0022,2024-09-13,339,232215,Distributor,Completed
SO_109448,CUST_0363,PROD_0161,2024-12-15,286,202488,Distributor,Completed
SO_109449,CUST_0180,PROD_0140,2024-02-01,418,104082,Direct,Cancelled
SO_109450,CUST_0160,PROD_0213,2024-05-14,458,455710,Distributor,Pending
SO_109451,CUST_0297,PROD_0268,2024-05-23,496,459296,Online,Cancelled
SO_109452,CUST_0340,PROD_0010,2024-04-22,279,75051,Online,Pending
SO_109453,CUST_0267,PROD_0078,2024-08-22,428,56924,Distributor,Pending
SO_109454,CUST_0137,PROD_0219,2024-01-10,463,418089,Direct,Pending
SO_109455,CUST_0423,PROD_0286,2024-04-27,407,318681,Distributor,Completed
SO_109456,CUST_0448,PROD_0059,2024-04-13,315,300825,Distributor,Pending
SO_109457,CUST_0334,PROD_0291,2024-02-21,203,25578,Online,Cancelled
SO_109458,CUST_0331,PROD_0296,2024-05-20,442,303212,Distributor,Pending
SO_109459,CUST_0326,PROD_0220,2024-02-24,486,410670,Distributor,Completed
SO_109460,CUST_0125,PROD_0271,2024-01-22,17,6273,Distributor,Cancelled
SO_109461,CUST_0285,PROD_0104,2024-03-01,461,274756,Direct,Cancelled
SO_109462,CUST_0032,PROD_0161,2024-06-30,101,27371,Online,Completed
SO_109463,CUST_0241,PROD_0124,2024-05-12,147,72030,Direct,Completed
SO_109464,CUST_0467,PROD_0240,2024-11-23,454,443104,Online,Pending
SO_109465,CUST_0218,PROD_0074,2024-01-16,51,13719,Distributor,Pending
SO_109466,CUST_0263,PROD_0084,2024-04-19,257,33410,Online,Pending
SO_109467,CUST_0169,PROD_0228,2024-06-20,414,67896,Distributor,Pending
SO_109468,CUST_0420,PROD_0119,2024-07-09,474,63990,Online,Completed
SO_109469,CUST_0277,PROD_0228,2024-07-22,99,79596,Online,Completed
SO_109470,CUST_0422,PROD_0017,2024-10-21,162,133164,Distributor,Cancelled
SO_109471,CUST_0388,PROD_0148,2024-10-23,360,328320,Direct,Cancelled
SO_109472,CUST_0030,PROD_0230,2024-03-19,375,333000,Direct,Cancelled
SO_109473,CUST_0106,PROD_0229,2024-03-02,200,104000,Distributor,Completed
SO_109474,CUST_0407,PROD_0166,2024-10-29,238,198016,Distributor,Cancelled
SO_109475,CUST_0365,PROD_0147,2024-07-18,417,95076,Online,Cancelled
SO_109476,CUST_0398,PROD_0223,2024-09-20,157,24963,Direct,Cancelled
SO_109477,CUST_0073,PROD_0246,2024-12-22,461,305643,Online,Completed
SO_109478,CUST_0079,PROD_0246,2024-11-06,436,179196,Direct,Cancelled
SO_109479,CUST_0121,PROD_0272,2024-06-25,65,18980,Direct,Pending
SO_109480,CUST_0104,PROD_0229,2024-05-18,465,427335,Direct,Pending
SO_109481,CUST_0043,PROD_0038,2024-08-07,216,38232,Distributor,Cancelled
SO_109482,CUST_0412,PROD_0062,2024-08-19,247,27170,Distributor,Pending
SO_109483,CUST_0163,PROD_0276,2024-09-03,163,117034,Distributor,Pending
SO_109484,CUST_0005,PROD_0225,2024-11-23,310,99200,Direct,Completed
SO_109485,CUST_0251,PROD_0240,2024-10-31,474,335592,Distributor,Pending
SO_109486,CUST_0396,PROD_0092,2024-05-07,192,138432,Online,Cancelled
SO_109487,CUST_0452,PROD_0250,2024-09-20,136,94248,Direct,Cancelled
SO_109488,CUST_0330,PROD_0098,2024-06-04,236,165908,Distributor,Pending
SO_109489,CUST_0211,PROD_0173,2024-11-26,237,235104,Distributor,Cancelled
SO_109490,CUST_0228,PROD_0210,2024-11-20,66,38610,Online,Completed
SO_109491,CUST_0081,PROD_0182,2024-09-18,196,43512,Online,Pending
SO_109492,CUST_0433,PROD_0274,2024-03-19,425,372725,Distributor,Pending
SO_109493,CUST_0340,PROD_0293,2024-03-04,209,55803,Online,Completed
SO_109494,CUST_0138,PROD_0152,2024-11-03,147,126273,Direct,Completed
SO_109495,CUST_0416,PROD_0101,2024-09-05,397,313233,Distributor,Completed
SO_109496,CUST_0087,PROD_0011,2024-10-22,171,46341,Distributor,Cancelled
SO_109497,CUST_0374,PROD_0261,2024-06-01,19,18126,Online,Completed
SO_109498,CUST_0098,PROD_0030,2024-08-16,194,95448,Direct,Pending
SO_109499,CUST_0404,PROD_0199,2024-06-05,295,93515,Distributor,Completed
SO_109500,CUST_0029,PROD_0114,2024-01-29,364,326508,Direct,Completed
SO_109501,CUST_0067,PROD_0203,2024-02-25,214,178904,Online,Pending
SO_109502,CUST_0477,PROD_0234,2024-10-05,185,37925,Distributor,Cancelled
SO_109503,CUST_0328,PROD_0036,2024-12-03,263,31034,Direct,Cancelled
SO_109504,CUST_0023,PROD_0275,2024-04-07,314,193738,Distributor,Pending
SO_109505,CUST_0424,PROD_0210,2024-08-11,401,240199,Direct,Completed
SO_109506,CUST_0209,PROD_0054,2024-10-30,77,33726,Online,Cancelled
SO_109507,CUST_0215,PROD_0135,2024-08-23,274,51512,Online,Completed
SO_109508,CUST_0157,PROD_0107,2024-04-10,368,109296,Direct,Pending
SO_109509,CUST_0036,PROD_0224,2024-05-19,24,20712,Distributor,Cancelled
SO_109510,CUST_0259,PROD_0280,2024-08-31,157,58090,Direct,Cancelled
SO_109511,CUST_0083,PROD_0170,2024-01-19,344,84280,Online,Pending
SO_109512,CUST_0493,PROD_0075,2024-08-23,247,68666,Online,Cancelled
SO_109513,CUST_0394,PROD_0127,2024-04-17,211,154241,Direct,Completed
SO_109514,CUST_0292,PROD_0241,2024-05-23,24,21768,Direct,Cancelled
SO_109515,CUST_0123,PROD_0188,2024-06-22,373,40284,Direct,Completed
SO_109516,CUST_0015,PROD_0206,2024-10-13,458,52670,Distributor,Pending
SO_109517,CUST_0142,PROD_0047,2024-12-25,246,189420,Direct,Cancelled
SO_109518,CUST_0425,PROD_0286,2024-06-16,142,26696,Direct,Completed
SO_109519,CUST_0273,PROD_0168,2024-07-01,233,232068,Distributor,Completed
SO_109520,CUST_0084,PROD_0089,2024-12-15,217,189658,Direct,Completed
SO_109521,CUST_0192,PROD_0239,2024-12-22,249,95865,Direct,Cancelled
SO_109522,CUST_0480,PROD_0030,2024-11-06,213,128865,Distributor,Pending
SO_109523,CUST_0497,PROD_0057,2024-08-21,391,241638,Direct,Pending
SO_109524,CUST_0019,PROD_0075,2024-10-07,470,411250,Direct,Cancelled
SO_109525,CUST_0472,PROD_0297,2024-09-25,274,195088,Direct,Pending
SO_109526,CUST_0349,PROD_0259,2024-01-18,424,44944,Online,Pending
SO_109527,CUST_0452,PROD_0290,2024-05-30,387,75852,Distributor,Cancelled
SO_109528,CUST_0100,PROD_0116,2024-04-30,207,46575,Distributor,Completed
SO_109529,CUST_0367,PROD_0258,2024-05-11,400,108800,Direct,Cancelled
SO_109530,CUST_0421,PROD_0141,2024-12-31,382,156620,Direct,Pending
SO_109531,CUST_0470,PROD_0123,2024-09-06,73,44749,Distributor,Pending
SO_109532,CUST_0208,PROD_0215,2024-01-08,176,134992,Direct,Cancelled
SO_109533,CUST_0371,PROD_0245,2024-12-22,259,157990,Distributor,Completed
SO_109534,CUST_0409,PROD_0281,2024-05-27,329,149695,Online,Cancelled
SO_109535,CUST_0284,PROD_0180,2024-04-09,21,17241,Distributor,Cancelled
SO_109536,CUST_0109,PROD_0129,2024-05-25,192,75072,Online,Completed
SO_109537,CUST_0286,PROD_0252,2024-09-25,315,54810,Distributor,Cancelled
SO_109538,CUST_0026,PROD_0237,2024-02-28,448,351232,Distributor,Cancelled
SO_109539,CUST_0322,PROD_0062,2024-11-18,111,89244,Direct,Cancelled
SO_109540,CUST_0353,PROD_0032,2024-03-22,62,27404,Distributor,Cancelled
SO_109541,CUST_0070,PROD_0263,2024-12-11,351,125658,Online,Completed
SO_109542,CUST_0130,PROD_0101,2024-10-19,139,79786,Distributor,Completed
SO_109543,CUST_0212,PROD_0120,2024-04-15,107,69657,Online,Completed
SO_109544,CUST_0084,PROD_0136,2024-11-14,204,147288,Direct,Completed
SO_109545,CUST_0129,PROD_0285,2024-10-15,64,57856,Distributor,Completed
SO_109546,CUST_0138,PROD_0191,2024-09-23,196,132104,Online,Pending
SO_109547,CUST_0195,PROD_0276,2024-04-22,29,27144,Online,Cancelled
SO_109548,CUST_0195,PROD_0054,2024-10-09,98,37828,Distributor,Cancelled
SO_109549,CUST_0115,PROD_0276,2024-02-06,345,79695,Distributor,Pending
SO_109550,CUST_0412,PROD_0077,2024-02-26,324,104976,Direct,Completed
SO_109551,CUST_0380,PROD_0193,2024-03-19,88,23672,Online,Completed
SO_109552,CUST_0425,PROD_0298,2024-06-18,140,31780,Online,Completed
SO_109553,CUST_0062,PROD_0019,2024-11-28,173,38233,Online,Completed
SO_109554,CUST_0250,PROD_0232,2024-12-13,386,363998,Online,Cancelled
SO_109555,CUST_0236,PROD_0095,2024-06-27,460,336260,Direct,Completed
SO_109556,CUST_0218,PROD_0232,2024-11-20,25,4050,Direct,Completed
SO_109557,CUST_0039,PROD_0246,2024-07-06,341,179366,Online,Completed
SO_109558,CUST_0197,PROD_0044,2024-01-29,111,67155,Online,Cancelled
SO_109559,CUST_0008,PROD_0021,2024-04-06,308,62216,Direct,Completed
SO_109560,CUST_0012,PROD_0084,2024-03-01,228,134064,Online,Cancelled
SO_109561,CUST_0235,PROD_0252,2024-10-02,72,64872,Direct,Completed
SO_109562,CUST_0065,PROD_0093,2024-12-25,302,87882,Direct,Completed
SO_109563,CUST_0223,PROD_0227,2024-09-28,12,6096,Direct,Pending
SO_109564,CUST_0437,PROD_0146,2024-11-03,200,187200,Online,Cancelled
SO_109565,CUST_0267,PROD_0067,2024-05-31,128,52736,Direct,Pending
SO_109566,CUST_0149,PROD_0275,2024-08-01,122,12322,Online,Completed
SO_109567,CUST_0383,PROD_0037,2024-01-31,429,196482,Online,Cancelled
SO_109568,CUST_0333,PROD_0224,2024-08-24,362,189326,Distributor,Cancelled
SO_109569,CUST_0427,PROD_0186,2024-04-07,308,62832,Online,Completed
SO_109570,CUST_0230,PROD_0209,2024-03-10,440,302720,Direct,Pending
SO_109571,CUST_0478,PROD_0268,2024-07-08,331,319746,Distributor,Completed
SO_109572,CUST_0068,PROD_0300,2024-03-09,378,244566,Distributor,Cancelled
SO_109573,CUST_0095,PROD_0204,2024-08-27,299,182390,Online,Completed
SO_109574,CUST_0003,PROD_0180,2024-07-05,56,15120,Online,Cancelled
SO_109575,CUST_0383,PROD_0074,2024-09-24,105,27615,Distributor,Pending
SO_109576,CUST_0426,PROD_0023,2024-01-08,181,180457,Distributor,Cancelled
SO_109577,CUST_0370,PROD_0111,2024-06-25,496,212288,Distributor,Pending
SO_109578,CUST_0197,PROD_0278,2024-05-07,94,51324,Direct,Completed
SO_109579,CUST_0123,PROD_0173,2024-12-20,182,124852,Online,Completed
SO_109580,CUST_0093,PROD_0289,2024-03-30,200,197800,Direct,Cancelled
SO_109581,CUST_0391,PROD_0088,2024-10-07,213,93933,Direct,Pending
SO_109582,CUST_0210,PROD_0271,2024-12-18,71,21655,Distributor,Completed
SO_109583,CUST_0035,PROD_0073,2024-02-18,16,12976,Online,Completed
SO_109584,CUST_0388,PROD_0231,2024-05-08,99,12177,Direct,Completed
SO_109585,CUST_0471,PROD_0052,2024-06-08,52,50024,Online,Cancelled
SO_109586,CUST_0166,PROD_0177,2024-03-27,252,137088,Direct,Pending
SO_109587,CUST_0224,PROD_0155,2024-09-04,107,29425,Online,Completed
SO_109588,CUST_0446,PROD_0253,2024-01-10,282,168636,Direct,Completed
SO_109589,CUST_0414,PROD_0115,2024-12-20,367,145332,Distributor,Cancelled
SO_109590,CUST_0045,PROD_0299,2024-08-07,495,265320,Direct,Cancelled
SO_109591,CUST_0317,PROD_0020,2024-09-01,365,306235,Distributor,Cancelled
SO_109592,CUST_0455,PROD_0121,2024-06-09,405,377055,Distributor,Pending
SO_109593,CUST_0022,PROD_0108,2024-02-16,225,112275,Direct,Pending
SO_109594,CUST_0434,PROD_0082,2024-01-29,316,165900,Distributor,Pending
SO_109595,CUST_0035,PROD_0085,2024-12-08,281,194171,Distributor,Cancelled
SO_109596,CUST_0243,PROD_0096,2024-11-28,229,140835,Direct,Completed
SO_109597,CUST_0466,PROD_0275,2024-11-24,40,39720,Distributor,Cancelled
SO_109598,CUST_0018,PROD_0087,2024-11-02,50,25050,Distributor,Pending
SO_109599,CUST_0238,PROD_0149,2024-12-14,283,248474,Direct,Pending
SO_109600,CUST_0210,PROD_0247,2024-10-09,300,228900,Distributor,Cancelled
SO_109601,CUST_0213,PROD_0049,2024-03-07,36,26352,Online,Completed
SO_109602,CUST_0376,PROD_0007,2024-10-04,35,18025,Direct,Pending
SO_109603,CUST_0397,PROD_0172,2024-04-24,27,5400,Online,Pending
SO_109604,CUST_0445,PROD_0180,2024-07-02,390,242580,Direct,Completed
SO_109605,CUST_0005,PROD_0150,2024-09-11,404,388244,Distributor,Cancelled
SO_109606,CUST_0173,PROD_0220,2024-12-21,156,107952,Distributor,Cancelled
SO_109607,CUST_0462,PROD_0171,2024-09-30,158,33338,Online,Completed
SO_109608,CUST_0202,PROD_0266,2024-02-04,297,207306,Direct,Completed
SO_109609,CUST_0254,PROD_0037,2024-12-12,149,44700,Distributor,Pending
SO_109610,CUST_0050,PROD_0259,2024-08-22,153,100827,Online,Completed
SO_109611,CUST_0156,PROD_0296,2024-07-16,403,89063,Online,Cancelled
SO_109612,CUST_0190,PROD_0097,2024-04-09,238,29750,Online,Completed
SO_109613,CUST_0014,PROD_0174,2024-10-08,332,141100,Direct,Cancelled
SO_109614,CUST_0112,PROD_0295,2024-10-15,94,50290,Distributor,Pending
SO_109615,CUST_0387,PROD_0057,2024-06-03,14,9786,Direct,Pending
SO_109616,CUST_0205,PROD_0242,2024-09-09,245,24500,Distributor,Cancelled
SO_109617,CUST_0013,PROD_0177,2024-10-19,176,158752,Online,Completed
SO_109618,CUST_0334,PROD_0148,2024-02-03,199,103480,Distributor,Cancelled
SO_109619,CUST_0245,PROD_0124,2024-10-20,365,316090,Online,Completed
SO_109620,CUST_0336,PROD_0169,2024-01-02,289,226865,Online,Completed
SO_109621,CUST_0393,PROD_0274,2024-07-14,379,377484,Direct,Completed
SO_109622,CUST_0474,PROD_0046,2024-04-09,62,38254,Direct,Pending
SO_109623,CUST_0444,PROD_0235,2024-07-10,347,149904,Online,Completed
SO_109624,CUST_0291,PROD_0165,2024-05-27,368,335984,Distributor,Pending
SO_109625,CUST_0117,PROD_0041,2024-06-27,66,55110,Direct,Pending
SO_109626,CUST_0029,PROD_0077,2024-07-29,201,170046,Direct,Cancelled
SO_109627,CUST_0185,PROD_0187,2024-06-20,253,111320,Distributor,Pending
SO_109628,CUST_0348,PROD_0162,2024-04-06,195,193635,Online,Completed
SO_109629,CUST_0483,PROD_0100,2024-09-03,84,37968,Direct,Completed
SO_109630,CUST_0031,PROD_0215,2024-02-06,450,172350,Online,Cancelled
SO_109631,CUST_0150,PROD_0186,2024-06-22,126,83412,Distributor,Pending
SO_109632,CUST_0493,PROD_0056,2024-04-09,391,177123,Distributor,Cancelled
SO_109633,CUST_0433,PROD_0180,2024-08-12,466,62444,Distributor,Completed
SO_109634,CUST_0461,PROD_0077,2024-03-11,83,28801,Distributor,Completed
SO_109635,CUST_0179,PROD_0123,2024-12-11,336,145488,Online,Pending
SO_109636,CUST_0135,PROD_0261,2024-03-30,44,22264,Online,Completed
SO_109637,CUST_0420,PROD_0153,2024-02-27,239,46366,Distributor,Pending
SO_109638,CUST_0465,PROD_0083,2024-12-20,272,127024,Online,Pending
SO_109639,CUST_0001,PROD_0088,2024-12-03,319,51040,Direct,Completed
SO_109640,CUST_0474,PROD_0102,2024-08-17,384,334848,Direct,Cancelled
SO_109641,CUST_0184,PROD_0178,2024-04-20,242,40172,Distributor,Pending
SO_109642,CUST_0171,PROD_0156,2024-07-12,26,13416,Online,Pending
SO_109643,CUST_0337,PROD_0030,2024-10-08,336,169008,Online,Cancelled
SO_109644,CUST_0292,PROD_0046,2024-06-24,273,177996,Distributor,Completed
SO_109645,CUST_0395,PROD_0167,2024-04-24,427,389851,Distributor,Pending
SO_109646,CUST_0366,PROD_0220,2024-01-24,102,85680,Online,Completed
SO_109647,CUST_0220,PROD_0145,2024-03-23,450,120150,Direct,Pending
SO_109648,CUST_0152,PROD_0262,2024-05-18,35,5355,Direct,Cancelled
SO_109649,CUST_0133,PROD_0219,2024-02-11,154,103796,Distributor,Cancelled
SO_109650,CUST_0361,PROD_0056,2024-07-07,315,199395,Distributor,Cancelled
SO_109651,CUST_0425,PROD_0070,2024-02-21,366,227286,Direct,Pending
SO_109652,CUST_0092,PROD_0279,2024-07-01,68,53380,Direct,Pending
SO_109653,CUST_0223,PROD_0203,2024-11-27,48,36672,Distributor,Completed
SO_109654,CUST_0288,PROD_0130,2024-11-01,449,382548,Distributor,Cancelled
SO_109655,CUST_0440,PROD_0123,2024-04-27,491,70704,Online,Cancelled
SO_109656,CUST_0143,PROD_0154,2024-06-06,41,36982,Direct,Completed
SO_109657,CUST_0461,PROD_0198,2024-06-09,105,83685,Distributor,Cancelled
SO_109658,CUST_0253,PROD_0042,2024-10-09,495,235620,Direct,Pending
SO_109659,CUST_0156,PROD_0297,2024-05-25,12,7248,Direct,Completed
SO_109660,CUST_0182,PROD_0115,2024-10-31,167,54943,Online,Completed
SO_109661,CUST_0497,PROD_0049,2024-12-09,463,440776,Direct,Pending
SO_109662,CUST_0101,PROD_0299,2024-11-30,31,20460,Online,Pending
SO_109663,CUST_0215,PROD_0271,2024-09-26,161,109963,Distributor,Pending
SO_109664,CUST_0047,PROD_0248,2024-10-14,436,340080,Distributor,Completed
SO_109665,CUST_0389,PROD_0138,2024-11-16,165,141735,Distributor,Pending
SO_109666,CUST_0178,PROD_0039,2024-09-24,187,67320,Distributor,Pending
SO_109667,CUST_0484,PROD_0059,2024-03-27,276,180780,Distributor,Completed
SO_109668,CUST_0420,PROD_0157,2024-02-03,21,13776,Direct,Completed
SO_109669,CUST_0490,PROD_0253,2024-07-26,474,154524,Direct,Pending
SO_109670,CUST_0266,PROD_0002,2024-06-22,401,56541,Distributor,Pending
SO_109671,CUST_0160,PROD_0002,2024-02-09,24,19536,Online,Completed
SO_109672,CUST_0165,PROD_0054,2024-11-19,500,109000,Direct,Completed
SO_109673,CUST_0158,PROD_0070,2024-12-15,373,49236,Direct,Completed
SO_109674,CUST_0074,PROD_0019,2024-12-13,455,73710,Distributor,Cancelled
SO_109675,CUST_0409,PROD_0092,2024-10-22,86,73960,Online,Cancelled
SO_109676,CUST_0440,PROD_0251,2024-08-06,219,45771,Distributor,Cancelled
SO_109677,CUST_0138,PROD_0114,2024-06-14,306,223686,Online,Cancelled
SO_109678,CUST_0442,PROD_0287,2024-09-19,408,243576,Online,Completed
SO_109679,CUST_0098,PROD_0215,2024-12-17,115,47955,Direct,Pending
SO_109680,CUST_0230,PROD_0289,2024-10-11,375,272625,Online,Cancelled
SO_109681,CUST_0125,PROD_0095,2024-02-24,37,6068,Online,Cancelled
SO_109682,CUST_0308,PROD_0031,2024-08-13,279,32922,Distributor,Completed
SO_109683,CUST_0056,PROD_0020,2024-07-11,314,221370,Direct,Cancelled
SO_109684,CUST_0169,PROD_0002,2024-12-11,28,22400,Direct,Pending
SO_109685,CUST_0041,PROD_0037,2024-06-01,367,180931,Direct,Pending
SO_109686,CUST_0241,PROD_0052,2024-05-11,100,19500,Distributor,Pending
SO_109687,CUST_0334,PROD_0215,2024-06-28,31,12369,Online,Completed
SO_109688,CUST_0115,PROD_0190,2024-10-06,269,141763,Direct,Pending
SO_109689,CUST_0093,PROD_0067,2024-02-18,41,30094,Online,Pending
SO_109690,CUST_0381,PROD_0265,2024-11-16,180,137520,Online,Completed
SO_109691,CUST_0456,PROD_0122,2024-01-17,473,178321,Online,Completed
SO_109692,CUST_0246,PROD_0073,2024-08-01,203,104951,Online,Pending
SO_109693,CUST_0129,PROD_0210,2024-07-19,340,293420,Direct,Pending
SO_109694,CUST_0131,PROD_0225,2024-07-29,139,130799,Online,Completed
SO_109695,CUST_0104,PROD_0111,2024-01-30,277,42381,Distributor,Pending
SO_109696,CUST_0235,PROD_0004,2024-08-24,57,10887,Distributor,Completed
SO_109697,CUST_0070,PROD_0257,2024-03-09,227,58566,Distributor,Cancelled
SO_109698,CUST_0441,PROD_0281,2024-02-26,284,91732,Direct,Pending
SO_109699,CUST_0095,PROD_0186,2024-05-20,383,227885,Online,Pending
SO_109700,CUST_0211,PROD_0240,2024-05-06,256,218880,Distributor,Cancelled
SO_109701,CUST_0069,PROD_0081,2024-07-08,240,232560,Online,Completed
SO_109702,CUST_0297,PROD_0155,2024-05-06,168,147504,Direct,Cancelled
SO_109703,CUST_0173,PROD_0069,2024-11-13,328,261416,Distributor,Cancelled
SO_109704,CUST_0224,PROD_0236,2024-04-18,126,36162,Distributor,Pending
SO_109705,CUST_0348,PROD_0005,2024-01-23,111,39516,Direct,Pending
SO_109706,CUST_0060,PROD_0239,2024-02-13,202,185032,Online,Pending
SO_109707,CUST_0160,PROD_0190,2024-01-27,92,35696,Direct,Cancelled
SO_109708,CUST_0464,PROD_0150,2024-08-02,420,241920,Direct,Cancelled
SO_109709,CUST_0033,PROD_0226,2024-03-26,155,26970,Distributor,Cancelled
SO_109710,CUST_0425,PROD_0284,2024-07-14,335,77050,Distributor,Completed
SO_109711,CUST_0007,PROD_0054,2024-02-26,377,252967,Direct,Completed
SO_109712,CUST_0062,PROD_0258,2024-12-03,42,29820,Distributor,Pending
SO_109713,CUST_0319,PROD_0234,2024-01-05,473,305558,Distributor,Cancelled
SO_109714,CUST_0036,PROD_0103,2024-07-02,247,186238,Online,Completed
SO_109715,CUST_0101,PROD_0185,2024-03-17,435,253170,Online,Cancelled
SO_109716,CUST_0291,PROD_0300,2024-05-10,293,144156,Online,Cancelled
SO_109717,CUST_0154,PROD_0094,2024-12-15,352,286880,Direct,Cancelled
SO_109718,CUST_0275,PROD_0039,2024-06-20,296,42032,Direct,Pending
SO_109719,CUST_0025,PROD_0121,2024-05-18,269,152254,Online,Cancelled
SO_109720,CUST_0329,PROD_0197,2024-04-21,374,356048,Online,Cancelled
SO_109721,CUST_0152,PROD_0042,2024-12-09,274,103024,Online,Completed
SO_109722,CUST_0036,PROD_0138,2024-10-30,246,151536,Direct,Pending
SO_109723,CUST_0343,PROD_0278,2024-09-21,480,241440,Distributor,Completed
SO_109724,CUST_0223,PROD_0147,2024-04-12,255,158355,Distributor,Pending
SO_109725,CUST_0443,PROD_0222,2024-04-09,264,217008,Distributor,Pending
SO_109726,CUST_0427,PROD_0287,2024-05-13,198,197208,Online,Completed
SO_109727,CUST_0484,PROD_0009,2024-07-01,68,55352,Online,Pending
SO_109728,CUST_0031,PROD_0174,2024-05-08,422,143480,Distributor,Cancelled
SO_109729,CUST_0018,PROD_0259,2024-12-05,395,280845,Distributor,Pending
SO_109730,CUST_0083,PROD_0202,2024-08-16,332,320380,Direct,Cancelled
SO_109731,CUST_0321,PROD_0117,2024-04-07,88,29920,Distributor,Completed
SO_109732,CUST_0491,PROD_0080,2024-03-28,476,222768,Direct,Cancelled
SO_109733,CUST_0241,PROD_0212,2024-03-18,354,98412,Direct,Pending
SO_109734,CUST_0343,PROD_0091,2024-06-23,224,67648,Distributor,Cancelled
SO_109735,CUST_0416,PROD_0160,2024-12-22,326,84434,Direct,Completed
SO_109736,CUST_0296,PROD_0045,2024-07-09,304,291232,Online,Cancelled
SO_109737,CUST_0391,PROD_0280,2024-02-26,297,140778,Direct,Completed
SO_109738,CUST_0080,PROD_0027,2024-06-12,196,86436,Distributor,Completed
SO_109739,CUST_0184,PROD_0298,2024-05-31,474,413328,Online,Cancelled
SO_109740,CUST_0182,PROD_0215,2024-12-10,277,65926,Distributor,Pending
SO_109741,CUST_0253,PROD_0016,2024-11-25,350,101850,Online,Pending
SO_109742,CUST_0341,PROD_0275,2024-06-18,295,166380,Distributor,Completed
SO_109743,CUST_0372,PROD_0031,2024-02-17,13,7267,Distributor,Cancelled
SO_109744,CUST_0150,PROD_0224,2024-03-17,182,161070,Distributor,Pending
SO_109745,CUST_0260,PROD_0059,2024-06-26,351,41067,Direct,Completed
SO_109746,CUST_0228,PROD_0065,2024-10-04,451,421234,Online,Pending
SO_109747,CUST_0362,PROD_0258,2024-10-07,109,37278,Direct,Pending
SO_109748,CUST_0101,PROD_0137,2024-08-17,263,146491,Distributor,Cancelled
SO_109749,CUST_0367,PROD_0280,2024-05-20,245,172235,Distributor,Cancelled
SO_109750,CUST_0396,PROD_0208,2024-02-28,477,101124,Online,Cancelled
SO_109751,CUST_0162,PROD_0073,2024-02-18,209,29678,Direct,Cancelled
SO_109752,CUST_0401,PROD_0074,2024-01-29,338,330564,Online,Completed
SO_109753,CUST_0150,PROD_0005,2024-03-27,207,158355,Online,Pending
SO_109754,CUST_0299,PROD_0284,2024-05-07,375,210000,Online,Cancelled
SO_109755,CUST_0032,PROD_0132,2024-03-26,348,73428,Direct,Cancelled
SO_109756,CUST_0471,PROD_0190,2024-11-12,454,217012,Distributor,Cancelled
SO_109757,CUST_0106,PROD_0283,2024-12-19,363,41745,Distributor,Completed
SO_109758,CUST_0010,PROD_0098,2024-04-28,349,331550,Online,Cancelled
SO_109759,CUST_0307,PROD_0175,2024-05-24,30,24690,Online,Cancelled
SO_109760,CUST_0127,PROD_0208,2024-05-20,63,19593,Distributor,Completed
SO_109761,CUST_0030,PROD_0186,2024-07-08,65,28535,Direct,Cancelled
SO_109762,CUST_0263,PROD_0111,2024-10-10,395,148520,Direct,Pending
SO_109763,CUST_0421,PROD_0132,2024-04-07,198,84348,Online,Pending
SO_109764,CUST_0395,PROD_0031,2024-02-10,234,176670,Online,Pending
SO_109765,CUST_0409,PROD_0068,2024-11-12,77,29722,Online,Completed
SO_109766,CUST_0097,PROD_0250,2024-02-11,421,128826,Online,Pending
SO_109767,CUST_0325,PROD_0148,2024-06-30,390,97500,Direct,Pending
SO_109768,CUST_0421,PROD_0104,2024-12-22,382,228818,Online,Pending
SO_109769,CUST_0232,PROD_0063,2024-10-16,280,203000,Direct,Pending
SO_109770,CUST_0209,PROD_0092,2024-11-03,400,313200,Direct,Cancelled
SO_109771,CUST_0028,PROD_0210,2024-02-18,435,153555,Distributor,Pending
SO_109772,CUST_0064,PROD_0164,2024-11-27,484,101156,Online,Completed
SO_109773,CUST_0230,PROD_0192,2024-12-12,347,105488,Online,Pending
SO_109774,CUST_0323,PROD_0218,2024-12-25,65,33930,Online,Cancelled
SO_109775,CUST_0352,PROD_0287,2024-01-09,246,54366,Online,Completed
SO_109776,CUST_0061,PROD_0230,2024-01-07,236,60652,Online,Completed
SO_109777,CUST_0310,PROD_0285,2024-07-01,60,49380,Direct,Cancelled
SO_109778,CUST_0487,PROD_0292,2024-01-31,454,408600,Online,Pending
SO_109779,CUST_0249,PROD_0246,2024-06-28,75,70200,Online,Cancelled
SO_109780,CUST_0137,PROD_0274,2024-03-10,111,30192,Online,Pending
SO_109781,CUST_0204,PROD_0072,2024-01-19,409,238038,Distributor,Completed
SO_109782,CUST_0319,PROD_0206,2024-01-26,106,20564,Distributor,Completed
SO_109783,CUST_0403,PROD_0085,2024-07-07,175,138775,Direct,Completed
SO_109784,CUST_0116,PROD_0120,2024-01-18,462,407484,Online,Pending
SO_109785,CUST_0270,PROD_0239,2024-03-05,43,14534,Distributor,Cancelled
SO_109786,CUST_0050,PROD_0051,2024-02-20,208,127296,Online,Completed
SO_109787,CUST_0140,PROD_0288,2024-06-19,346,190646,Online,Completed
SO_109788,CUST_0065,PROD_0049,2024-04-25,25,3225,Distributor,Cancelled
SO_109789,CUST_0031,PROD_0148,2024-02-19,357,180642,Distributor,Pending
SO_109790,CUST_0363,PROD_0166,2024-03-19,86,79378,Direct,Completed
SO_109791,CUST_0403,PROD_0191,2024-08-04,321,210255,Direct,Completed
SO_109792,CUST_0045,PROD_0275,2024-09-13,77,45353,Online,Pending
SO_109793,CUST_0328,PROD_0029,2024-02-04,485,399640,Online,Completed
SO_109794,CUST_0220,PROD_0054,2024-09-03,89,41919,Distributor,Cancelled
SO_109795,CUST_0325,PROD_0217,2024-10-09,319,145783,Direct,Pending
SO_109796,CUST_0043,PROD_0022,2024-09-23,51,27030,Distributor,Cancelled
SO_109797,CUST_0495,PROD_0192,2024-11-29,451,211519,Online,Cancelled
SO_109798,CUST_0273,PROD_0264,2024-04-18,47,28670,Direct,Completed
SO_109799,CUST_0172,PROD_0155,2024-01-05,353,92486,Online,Cancelled
SO_109800,CUST_0135,PROD_0173,2024-10-01,62,44764,Distributor,Completed
SO_109801,CUST_0282,PROD_0243,2024-07-08,113,12543,Distributor,Cancelled
SO_109802,CUST_0498,PROD_0052,2024-08-10,17,7684,Distributor,Cancelled
SO_109803,CUST_0278,PROD_0059,2024-09-24,368,181424,Direct,Completed
SO_109804,CUST_0411,PROD_0186,2024-10-19,417,93408,Online,Pending
SO_109805,CUST_0491,PROD_0129,2024-08-29,377,220545,Direct,Cancelled
SO_109806,CUST_0418,PROD_0234,2024-09-12,236,235528,Direct,Pending
SO_109807,CUST_0300,PROD_0099,2024-01-07,363,240669,Direct,Pending
SO_109808,CUST_0295,PROD_0122,2024-01-20,219,22995,Distributor,Pending
SO_109809,CUST_0048,PROD_0062,2024-01-24,461,141988,Direct,Cancelled
SO_109810,CUST_0112,PROD_0155,2024-06-30,373,312947,Direct,Pending
SO_109811,CUST_0223,PROD_0058,2024-01-07,271,204876,Direct,Completed
SO_109812,CUST_0163,PROD_0140,2024-07-09,69,29877,Distributor,Pending
SO_109813,CUST_0123,PROD_0219,2024-03-31,225,210825,Online,Pending
SO_109814,CUST_0292,PROD_0203,2024-06-26,250,41500,Direct,Cancelled
SO_109815,CUST_0181,PROD_0088,2024-11-11,123,16605,Distributor,Pending
SO_109816,CUST_0076,PROD_0249,2024-08-11,80,79840,Direct,Pending
SO_109817,CUST_0139,PROD_0047,2024-08-11,233,71065,Distributor,Completed
SO_109818,CUST_0425,PROD_0021,2024-02-08,422,364608,Distributor,Pending
SO_109819,CUST_0474,PROD_0025,2024-03-20,110,53130,Distributor,Cancelled
SO_109820,CUST_0459,PROD_0140,2024-11-16,344,100792,Distributor,Pending
SO_109821,CUST_0036,PROD_0123,2024-10-30,404,249268,Online,Pending
SO_109822,CUST_0451,PROD_0262,2024-07-28,55,17435,Direct,Cancelled
SO_109823,CUST_0374,PROD_0224,2024-11-25,427,331352,Distributor,Completed
SO_109824,CUST_0392,PROD_0104,2024-03-03,155,65875,Online,Cancelled
SO_109825,CUST_0368,PROD_0264,2024-12-07,301,282338,Online,Completed
SO_109826,CUST_0244,PROD_0143,2024-12-02,316,65412,Direct,Pending
SO_109827,CUST_0085,PROD_0067,2024-11-19,127,29845,Distributor,Pending
SO_109828,CUST_0095,PROD_0255,2024-09-19,211,131664,Distributor,Pending
SO_109829,CUST_0292,PROD_0052,2024-04-11,281,134037,Online,Cancelled
SO_109830,CUST_0446,PROD_0088,2024-01-04,406,215992,Direct,Completed
SO_109831,CUST_0260,PROD_0172,2024-08-09,479,160944,Distributor,Pending
SO_109832,CUST_0136,PROD_0254,2024-08-16,492,50676,Online,Completed
SO_109833,CUST_0421,PROD_0070,2024-02-11,167,77989,Direct,Completed
SO_109834,CUST_0007,PROD_0136,2024-04-25,361,307211,Distributor,Cancelled
SO_109835,CUST_0385,PROD_0107,2024-05-26,18,7002,Online,Cancelled
SO_109836,CUST_0407,PROD_0248,2024-05-19,113,50398,Distributor,Cancelled
SO_109837,CUST_0061,PROD_0140,2024-02-03,404,181800,Online,Pending
SO_109838,CUST_0307,PROD_0075,2024-12-06,33,30162,Online,Cancelled
SO_109839,CUST_0063,PROD_0262,2024-12-15,465,450585,Distributor,Cancelled
SO_109840,CUST_0089,PROD_0113,2024-11-06,99,78012,Online,Pending
SO_109841,CUST_0479,PROD_0144,2024-07-04,356,278036,Distributor,Pending
SO_109842,CUST_0147,PROD_0163,2024-07-28,72,52416,Distributor,Cancelled
SO_109843,CUST_0348,PROD_0178,2024-12-22,420,204540,Distributor,Pending
SO_109844,CUST_0332,PROD_0137,2024-10-30,226,104864,Distributor,Cancelled
SO_109845,CUST_0130,PROD_0109,2024-02-12,162,159570,Online,Completed
SO_109846,CUST_0365,PROD_0217,2024-06-28,86,28294,Online,Cancelled
SO_109847,CUST_0211,PROD_0287,2024-02-08,145,55535,Distributor,Completed
SO_109848,CUST_0432,PROD_0255,2024-10-07,443,149291,Online,Completed
SO_109849,CUST_0099,PROD_0219,2024-09-14,96,33984,Direct,Cancelled
SO_109850,CUST_0405,PROD_0177,2024-03-18,252,195048,Online,Cancelled
SO_109851,CUST_0280,PROD_0287,2024-11-01,249,49800,Distributor,Cancelled
SO_109852,CUST_0039,PROD_0267,2024-07-01,414,125856,Distributor,Completed
SO_109853,CUST_0074,PROD_0267,2024-05-06,450,272250,Online,Pending
SO_109854,CUST_0391,PROD_0148,2024-09-29,200,101800,Online,Pending
SO_109855,CUST_0048,PROD_0294,2024-11-25,454,148004,Online,Cancelled
SO_109856,CUST_0127,PROD_0186,2024-02-09,64,39488,Online,Cancelled
SO_109857,CUST_0114,PROD_0184,2024-03-17,127,96520,Online,Pending
SO_109858,CUST_0245,PROD_0216,2024-01-19,76,23256,Direct,Cancelled
SO_109859,CUST_0154,PROD_0234,2024-04-28,281,180121,Direct,Pending
SO_109860,CUST_0253,PROD_0143,2024-08-21,417,156792,Online,Cancelled
SO_109861,CUST_0049,PROD_0248,2024-07-27,256,197888,Online,Completed
SO_109862,CUST_0249,PROD_0146,2024-10-20,426,214278,Online,Pending
SO_109863,CUST_0269,PROD_0122,2024-10-01,218,184646,Direct,Completed
SO_109864,CUST_0110,PROD_0077,2024-01-23,174,30624,Direct,Cancelled
SO_109865,CUST_0445,PROD_0234,2024-01-28,374,367268,Distributor,Completed
SO_109866,CUST_0218,PROD_0260,2024-03-17,462,50358,Online,Cancelled
SO_109867,CUST_0260,PROD_0198,2024-09-06,205,165640,Direct,Completed
SO_109868,CUST_0147,PROD_0044,2024-05-20,75,40200,Online,Cancelled
SO_109869,CUST_0233,PROD_0274,2024-05-09,438,187464,Direct,Cancelled
SO_109870,CUST_0026,PROD_0121,2024-02-23,240,157440,Distributor,Cancelled
SO_109871,CUST_0213,PROD_0293,2024-07-13,265,50350,Direct,Completed
SO_109872,CUST_0354,PROD_0120,2024-10-22,287,152110,Distributor,Cancelled
SO_109873,CUST_0161,PROD_0098,2024-06-25,426,412368,Distributor,Pending
SO_109874,CUST_0404,PROD_0021,2024-05-08,399,246582,Online,Completed
SO_109875,CUST_0446,PROD_0148,2024-02-20,22,2332,Distributor,Completed
SO_109876,CUST_0365,PROD_0162,2024-09-17,278,156236,Distributor,Cancelled
SO_109877,CUST_0322,PROD_0293,2024-11-16,457,364229,Distributor,Pending
SO_109878,CUST_0120,PROD_0261,2024-05-17,119,19397,Direct,Cancelled
SO_109879,CUST_0287,PROD_0068,2024-10-18,331,324711,Online,Pending
SO_109880,CUST_0285,PROD_0177,2024-11-20,347,39211,Direct,Pending
SO_109881,CUST_0178,PROD_0094,2024-10-12,377,299338,Distributor,Cancelled
SO_109882,CUST_0186,PROD_0188,2024-04-18,452,151420,Direct,Completed
SO_109883,CUST_0067,PROD_0241,2024-09-06,458,139690,Direct,Pending
SO_109884,CUST_0183,PROD_0059,2024-01-19,91,42406,Direct,Completed
SO_109885,CUST_0243,PROD_0233,2024-08-20,128,128000,Direct,Pending
SO_109886,CUST_0222,PROD_0270,2024-05-29,111,100899,Direct,Pending
SO_109887,CUST_0363,PROD_0013,2024-03-20,280,196280,Distributor,Pending
SO_109888,CUST_0156,PROD_0270,2024-07-21,495,67815,Distributor,Completed
SO_109889,CUST_0478,PROD_0103,2024-04-12,207,146349,Direct,Completed
SO_109890,CUST_0039,PROD_0045,2024-04-25,343,268569,Distributor,Pending
SO_109891,CUST_0073,PROD_0085,2024-01-30,159,92697,Direct,Cancelled
SO_109892,CUST_0019,PROD_0230,2024-12-09,404,309060,Distributor,Pending
SO_109893,CUST_0440,PROD_0059,2024-09-10,145,144565,Direct,Pending
SO_109894,CUST_0369,PROD_0066,2024-10-02,73,30076,Online,Cancelled
SO_109895,CUST_0369,PROD_0180,2024-01-28,483,49749,Distributor,Completed
SO_109896,CUST_0117,PROD_0089,2024-09-22,387,248067,Online,Pending
SO_109897,CUST_0208,PROD_0090,2024-06-02,325,236275,Direct,Completed
SO_109898,CUST_0068,PROD_0069,2024-09-18,106,64554,Direct,Cancelled
SO_109899,CUST_0390,PROD_0056,2024-10-01,161,90643,Online,Cancelled
SO_109900,CUST_0329,PROD_0291,2024-07-08,87,11832,Direct,Cancelled
SO_109901,CUST_0347,PROD_0240,2024-08-27,460,390080,Distributor,Pending
SO_109902,CUST_0199,PROD_0218,2024-11-02,186,126666,Distributor,Pending
SO_109903,CUST_0167,PROD_0062,2024-02-03,253,31119,Direct,Completed
SO_109904,CUST_0349,PROD_0180,2024-05-23,149,87314,Distributor,Pending
SO_109905,CUST_0330,PROD_0059,2024-04-25,104,13000,Distributor,Cancelled
SO_109906,CUST_0053,PROD_0218,2024-08-16,38,13262,Direct,Cancelled
SO_109907,CUST_0222,PROD_0120,2024-08-02,237,64701,Direct,Pending
SO_109908,CUST_0204,PROD_0201,2024-07-28,500,313000,Online,Pending
SO_109909,CUST_0147,PROD_0187,2024-07-08,107,48685,Direct,Pending
SO_109910,CUST_0261,PROD_0035,2024-03-25,416,386464,Distributor,Pending
SO_109911,CUST_0172,PROD_0271,2024-02-19,113,104412,Direct,Pending
SO_109912,CUST_0434,PROD_0283,2024-03-02,177,90624,Online,Completed
SO_109913,CUST_0133,PROD_0026,2024-03-05,135,24975,Direct,Pending
SO_109914,CUST_0250,PROD_0104,2024-07-30,130,71370,Direct,Pending
SO_109915,CUST_0456,PROD_0290,2024-03-04,246,141204,Distributor,Pending
SO_109916,CUST_0015,PROD_0295,2024-01-03,123,106518,Distributor,Pending
SO_109917,CUST_0309,PROD_0189,2024-08-13,191,159867,Online,Completed
SO_109918,CUST_0376,PROD_0083,2024-10-29,482,208706,Direct,Cancelled
SO_109919,CUST_0124,PROD_0138,2024-01-09,435,205320,Distributor,Completed
SO_109920,CUST_0001,PROD_0044,2024-07-05,220,168080,Direct,Cancelled
SO_109921,CUST_0199,PROD_0121,2024-12-23,365,123370,Online,Pending
SO_109922,CUST_0304,PROD_0101,2024-08-27,420,180180,Online,Cancelled
SO_109923,CUST_0255,PROD_0238,2024-09-05,410,129150,Distributor,Completed
SO_109924,CUST_0201,PROD_0011,2024-08-03,38,19646,Distributor,Completed
SO_109925,CUST_0195,PROD_0155,2024-12-23,426,77958,Direct,Cancelled
SO_109926,CUST_0047,PROD_0136,2024-09-21,39,17628,Distributor,Pending
SO_109927,CUST_0300,PROD_0166,2024-06-13,383,98048,Online,Cancelled
SO_109928,CUST_0297,PROD_0082,2024-03-14,484,135036,Distributor,Cancelled
SO_109929,CUST_0317,PROD_0062,2024-08-12,429,95667,Direct,Completed
SO_109930,CUST_0084,PROD_0073,2024-12-14,284,172388,Online,Completed
SO_109931,CUST_0237,PROD_0020,2024-03-01,246,171216,Direct,Cancelled
SO_109932,CUST_0059,PROD_0146,2024-12-05,169,151931,Distributor,Pending
SO_109933,CUST_0207,PROD_0098,2024-12-14,434,179242,Direct,Completed
SO_109934,CUST_0153,PROD_0110,2024-04-03,59,41477,Direct,Pending
SO_109935,CUST_0405,PROD_0098,2024-11-08,105,79380,Online,Pending
SO_109936,CUST_0121,PROD_0094,2024-08-30,340,75140,Online,Completed
SO_109937,CUST_0342,PROD_0299,2024-01-29,232,162168,Online,Cancelled
SO_109938,CUST_0175,PROD_0200,2024-08-24,52,19292,Direct,Cancelled
SO_109939,CUST_0274,PROD_0062,2024-08-14,277,199163,Distributor,Pending
SO_109940,CUST_0188,PROD_0086,2024-01-03,337,219387,Distributor,Cancelled
SO_109941,CUST_0138,PROD_0068,2024-03-06,382,183360,Online,Cancelled
SO_109942,CUST_0401,PROD_0138,2024-05-31,291,111453,Direct,Cancelled
SO_109943,CUST_0068,PROD_0265,2024-01-04,199,64078,Direct,Cancelled
SO_109944,CUST_0271,PROD_0151,2024-07-08,467,87796,Distributor,Pending
SO_109945,CUST_0460,PROD_0048,2024-12-10,394,199364,Online,Cancelled
SO_109946,CUST_0489,PROD_0013,2024-07-10,80,39520,Online,Completed
SO_109947,CUST_0052,PROD_0017,2024-10-30,425,80325,Distributor,Cancelled
SO_109948,CUST_0166,PROD_0106,2024-10-16,410,73390,Distributor,Cancelled
SO_109949,CUST_0160,PROD_0056,2024-12-14,477,251856,Direct,Pending
SO_109950,CUST_0350,PROD_0256,2024-05-18,447,130524,Direct,Completed
SO_109951,CUST_0030,PROD_0187,2024-04-23,105,49980,Online,Cancelled
SO_109952,CUST_0413,PROD_0230,2024-09-21,348,165648,Online,Pending
SO_109953,CUST_0415,PROD_0260,2024-04-24,347,158926,Direct,Cancelled
SO_109954,CUST_0260,PROD_0149,2024-03-15,473,421916,Distributor,Cancelled
SO_109955,CUST_0385,PROD_0122,2024-03-18,71,70219,Distributor,Completed
SO_109956,CUST_0420,PROD_0035,2024-11-04,52,30784,Distributor,Pending
SO_109957,CUST_0459,PROD_0104,2024-11-04,265,235055,Online,Pending
SO_109958,CUST_0403,PROD_0110,2024-08-19,40,24920,Direct,Pending
SO_109959,CUST_0429,PROD_0239,2024-06-09,280,230160,Online,Pending
SO_109960,CUST_0476,PROD_0169,2024-12-01,227,141194,Online,Cancelled
SO_109961,CUST_0484,PROD_0201,2024-07-30,152,127680,Online,Cancelled
SO_109962,CUST_0390,PROD_0124,2024-04-13,47,34874,Direct,Completed
SO_109963,CUST_0437,PROD_0262,2024-05-19,174,115014,Distributor,Cancelled
SO_109964,CUST_0194,PROD_0230,2024-09-20,416,223808,Distributor,Completed
SO_109965,CUST_0198,PROD_0005,2024-03-16,139,19738,Distributor,Cancelled
SO_109966,CUST_0378,PROD_0239,2024-06-11,139,51986,Online,Completed
SO_109967,CUST_0076,PROD_0221,2024-05-15,462,461076,Online,Completed
SO_109968,CUST_0489,PROD_0294,2024-06-06,87,86043,Distributor,Completed
SO_109969,CUST_0246,PROD_0048,2024-06-19,62,24056,Direct,Cancelled
SO_109970,CUST_0402,PROD_0248,2024-12-12,81,64233,Direct,Pending
SO_109971,CUST_0084,PROD_0248,2024-10-01,278,271606,Distributor,Completed
SO_109972,CUST_0026,PROD_0254,2024-03-10,228,24852,Online,Cancelled
SO_109973,CUST_0347,PROD_0184,2024-08-24,132,54252,Direct,Completed
SO_109974,CUST_0038,PROD_0036,2024-11-10,179,68378,Distributor,Cancelled
SO_109975,CUST_0043,PROD_0181,2024-05-09,223,65339,Online,Cancelled
SO_109976,CUST_0154,PROD_0036,2024-11-26,333,281718,Direct,Pending
SO_109977,CUST_0272,PROD_0023,2024-01-15,205,123410,Direct,Completed
SO_109978,CUST_0384,PROD_0016,2024-02-06,414,373842,Direct,Completed
SO_109979,CUST_0435,PROD_0136,2024-10-30,465,194835,Online,Cancelled
SO_109980,CUST_0208,PROD_0221,2024-11-18,382,308656,Distributor,Pending
SO_109981,CUST_0139,PROD_0214,2024-03-02,483,371427,Distributor,Pending
SO_109982,CUST_0265,PROD_0290,2024-09-28,354,101952,Direct,Cancelled
SO_109983,CUST_0031,PROD_0221,2024-11-19,370,65860,Distributor,Pending
SO_109984,CUST_0236,PROD_0067,2024-05-28,474,320898,Online,Cancelled
SO_109985,CUST_0377,PROD_0172,2024-10-10,158,40290,Distributor,Completed
SO_109986,CUST_0404,PROD_0206,2024-02-22,227,191361,Direct,Completed
SO_109987,CUST_0355,PROD_0148,2024-03-07,376,324488,Distributor,Pending
SO_109988,CUST_0478,PROD_0235,2024-03-22,249,26643,Online,Pending
SO_109989,CUST_0103,PROD_0239,2024-05-18,376,137992,Distributor,Cancelled
SO_109990,CUST_0450,PROD_0231,2024-10-01,135,126495,Direct,Cancelled
SO_109991,CUST_0415,PROD_0154,2024-09-02,258,65274,Distributor,Cancelled
SO_109992,CUST_0311,PROD_0057,2024-01-11,260,198120,Distributor,Pending
SO_109993,CUST_0440,PROD_0012,2024-05-10,113,54805,Distributor,Cancelled
SO_109994,CUST_0433,PROD_0291,2024-05-01,493,184875,Distributor,Completed
SO_109995,CUST_0353,PROD_0202,2024-10-22,215,202960,Distributor,Cancelled
SO_109996,CUST_0352,PROD_0024,2024-10-04,455,197015,Online,Completed
SO_109997,CUST_0025,PROD_0032,2024-07-05,62,24490,Distributor,Completed
SO_109998,CUST_0135,PROD_0096,2024-06-04,355,351805,Online,Cancelled
SO_109999,CUST_0138,PROD_0152,2024-10-01,287,187985,Direct,Completed
