Shipment_ID,Sales_Order_ID,Warehouse_ID,Transport_Mode,Dispatch_Date,Delivery_Date,SLA_Days,Actual_Days,Delivery_Status,Distance_KM,Total_Shipping_Cost,Revenue,Profit
SHP_100000,SO_104843,WH_04,Sea,14-04-2024,2024/04/24,3,10.0,Delayed,4909,2688.65,11976,9287.35
SHP_100001,SO_109704,WH_12,Road,11-02-2024,2024/02/14,3,3.0,On Time,1596,13121.4,37598,24476.6
SHP_100002,SO_107698,WH_10,Air,01-05-2024,2024/05/03,7,2.0,On Time,3519,6820.97,17925,11104.03
SHP_100003,SO_109809,WH_08,Sea,17-09-2024,2024/09/27,6,10.0,Delayed,3254,7989.27,20340,12350.73
SHP_100004,SO_104503,WH_03,Road,03-04-2024,2024/04/06,3,3.0,On Time,443,6675.38,29317,22641.62
SHP_100005,SO_105505,WH_12,Air,07-07-2024,2024/07/09,4,2.0,On Time,3433,15087.53,41429,26341.47
SHP_100006,SO_106290,WH_09,Sea,30-08-2024,2024/09/03,7,4.0,On Time,2601,14191.12,38640,24448.88
SHP_100007,SO_108784,WH_11,Sea,30-11-2024,2024/12/10,7,10.0,Delayed,4919,7043.6,22552,15508.4
SHP_100008,SO_108435,WH_06,Sea,21-01-2024,2024/01/28,7,7.0,On Time,4678,8550.6,30680,22129.4
SHP_100009,SO_103495,WH_12,Air,30-07-2024,2024/08/04,3,5.0,Delayed,4845,7738.71,32830,25091.29
SHP_100010,SO_100997,WH_05,Sea,31-01-2024,2024/02/05,5,5.0,On Time,2490,1910.44,6550,4639.56
SHP_100011,SO_103490,WH_12,Rail,31-12-2024,2025/01/05,4,5.0,Delayed,2674,14875.06,37892,23016.94
SHP_100012,SO_100994,WH_13,Sea,28-01-2024,2024/02/07,3,10.0,Delayed,2104,1726.3,6371,4644.7
SHP_100013,SO_104086,WH_01,Rail,08-04-2024,2024/04/10,5,2.0,On Time,3716,6236.22,19316,13079.78
SHP_100014,SO_106974,WH_06,Road,11-01-2024,2024/01/19,4,8.0,Delayed,3493,8805.65,29574,20768.35
SHP_100015,SO_105899,WH_15,Sea,15-01-2024,2024/01/20,5,5.0,On Time,3673,8228.46,36299,28070.54
SHP_100016,SO_103218,WH_11,Rail,02-04-2024,2024/04/11,3,9.0,Delayed,4804,11869.28,49305,37435.72
SHP_100017,SO_107495,WH_09,Rail,17-07-2024,2024/07/23,6,6.0,On Time,1625,5548.47,25968,20419.53
SHP_100018,SO_108443,WH_06,Sea,21-01-2024,2024/01/23,7,2.0,On Time,1919,6451.28,18901,12449.72
SHP_100019,SO_105644,WH_04,Air,30-09-2024,2024/10/08,3,8.0,Delayed,2445,13265.6,33410,20144.4
SHP_100020,SO_104195,WH_02,Rail,30-10-2024,2024/11/03,6,4.0,On Time,2412,6043.7,18038,11994.3
SHP_100021,SO_100048,WH_03,Rail,27-04-2024,2024/05/01,7,4.0,On Time,4336,5355.1,20813,15457.9
SHP_100022,SO_107245,WH_12,Sea,07-03-2024,2024/03/13,7,6.0,On Time,633,7119.68,17960,10840.32
SHP_100023,SO_102254,WH_03,Air,11-10-2024,2024/10/18,4,7.0,Delayed,1014,12510.85,40876,28365.15
SHP_100024,SO_101036,WH_14,Road,06-03-2024,2024/03/16,3,10.0,Delayed,2908,10390.84,28319,17928.16
SHP_100025,SO_109665,WH_13,Road,20-08-2024,2024/08/30,7,10.0,Delayed,3899,7249.17,24552,17302.83
SHP_100026,SO_101328,WH_14,Road,11-11-2024,2024/11/17,4,6.0,Delayed,328,11121.25,29121,17999.75
SHP_100027,SO_105545,WH_03,Sea,11-09-2024,2024/09/14,3,3.0,On Time,4495,6189.23,26574,20384.77
SHP_100028,SO_106904,WH_03,Road,16-08-2024,2024/08/23,7,7.0,On Time,3218,4736.44,16742,12005.56
SHP_100029,SO_106371,WH_11,Air,16-06-2024,2024/06/23,5,,Delayed,3627,10329.33,26798,16468.67
SHP_100030,SO_108330,WH_12,Air,28-04-2024,2024/05/03,3,5.0,Delayed,3788,4300.67,14269,9968.33
SHP_100031,SO_101387,WH_03,Sea,29-02-2024,2024/03/06,3,6.0,Delayed,4326,3895.34,11043,7147.66
SHP_100032,SO_100001,WH_03,Rail,21-12-2024,2024/12/26,7,5.0,On Time,3797,15175.09,40777,25601.91
SHP_100033,SO_106328,WH_11,Road,14-05-2024,2024/05/21,3,7.0,Delayed,3248,2539.55,8307,5767.45
SHP_100034,SO_100419,WH_08,Sea,26-09-2024,2024/10/01,6,5.0,On Time,2423,7639.46,25274,17634.54
SHP_100035,SO_103090,WH_03,Air,13-01-2024,2024/01/15,6,2.0,On Time,4817,4351.37,21374,17022.63
SHP_100036,SO_106408,WH_14,Rail,30-07-2024,2024/08/09,4,10.0,Delayed,647,16146.17,48569,32422.83
SHP_100037,SO_102236,WH_05,Rail,07-04-2024,2024/04/12,7,5.0,On Time,2909,7391.96,22127,14735.04
SHP_100038,SO_106063,WH_08,Air,27-12-2024,2025/01/05,5,9.0,Delayed,233,19117.41,49681,30563.59
SHP_100039,SO_107195,WH_05,Sea,31-01-2024,2024/02/09,3,9.0,Delayed,2607,9632.67,32211,22578.33
SHP_100040,SO_101805,WH_11,Sea,22-09-2024,2024/10/01,6,9.0,Delayed,1438,12817.8,47681,34863.2
SHP_100041,SO_101166,WH_03,Sea,12-01-2024,2024/01/15,3,3.0,On Time,3986,9821.29,31951,22129.71
SHP_100042,SO_106752,WH_14,Rail,23-04-2024,2024/04/26,6,3.0,On Time,456,4975.01,16055,11079.99
SHP_100043,SO_102770,WH_12,Road,09-12-2024,2024/12/15,7,6.0,On Time,2723,16956.02,46707,29750.98
SHP_100044,SO_104925,WH_06,Road,07-07-2024,2024/07/16,6,9.0,Delayed,4891,4733.89,20660,15926.11
SHP_100045,SO_109501,WH_04,Road,28-08-2024,2024/09/01,7,4.0,On Time,4205,10148.7,36159,26010.3
SHP_100046,SO_106546,WH_11,Sea,17-12-2024,2024/12/26,4,9.0,Delayed,450,13373.38,46487,33113.62
SHP_100047,SO_109707,WH_10,Sea,07-08-2024,2024/08/14,3,7.0,Delayed,229,5115.82,16765,11649.18
SHP_100048,SO_101270,WH_09,Rail,28-04-2024,2024/05/01,5,3.0,On Time,3840,16153.35,42018,25864.65
SHP_100049,SO_105697,WH_03,Sea,03-07-2024,2024/07/10,6,7.0,Delayed,3509,5860.47,15318,9457.53
SHP_100050,SO_108993,WH_03,Air,19-04-2024,2024/04/29,3,10.0,Delayed,1228,8614.26,21796,13181.74
SHP_100051,SO_103110,WH_08,Sea,11-11-2024,2024/11/18,4,7.0,Delayed,3821,4236.87,20180,15943.13
SHP_100052,SO_100848,WH_04,Rail,20-09-2024,2024/09/23,5,3.0,On Time,1079,14099.72,37179,23079.28
SHP_100053,SO_100059,WH_04,Rail,22-11-2024,2024/11/27,4,5.0,Delayed,2828,9189.74,38827,29637.26
SHP_100054,SO_103455,WH_06,Road,21-11-2024,2024/11/24,6,3.0,On Time,3986,7025.1,25297,18271.9
SHP_100055,SO_100218,WH_09,Air,13-04-2024,2024/04/17,5,4.0,On Time,4270,5705.88,19401,13695.12
SHP_100056,SO_108350,WH_03,Rail,17-03-2024,2024/03/22,7,5.0,On Time,3416,5139.77,23252,18112.23
SHP_100057,SO_101848,WH_08,Air,31-10-2024,2024/11/05,4,5.0,Delayed,4672,7838.19,29148,21309.81
SHP_100058,SO_103883,WH_12,Rail,03-01-2024,2024/01/12,5,9.0,Delayed,4349,3178.67,12181,9002.33
SHP_100059,SO_106704,WH_15,Rail,03-07-2024,2024/07/11,5,8.0,Delayed,3862,3664.71,11832,8167.29
SHP_100060,SO_106701,WH_10,Road,11-12-2024,2024/12/14,4,3.0,On Time,629,5330.89,13873,8542.11
SHP_100061,SO_101261,WH_08,Road,15-09-2024,2024/09/25,5,10.0,Delayed,2102,12464.7,43706,31241.3
SHP_100062,SO_104930,WH_14,Sea,03-08-2024,2024/08/11,7,8.0,Delayed,2014,11478.47,45943,34464.53
SHP_100063,SO_101075,WH_14,Air,18-02-2024,2024/02/28,3,10.0,Delayed,4225,7939.26,26673,18733.74
SHP_100064,SO_100546,WH_01,Sea,16-12-2024,2024/12/26,5,10.0,Delayed,3550,3711.18,10060,6348.82
SHP_100065,SO_101971,WH_07,Air,25-11-2024,2024/11/27,5,2.0,On Time,3945,4946.38,13818,8871.62
SHP_100066,SO_109894,WH_04,Road,31-12-2024,2025/01/08,4,8.0,Delayed,3543,5297.52,15975,10677.48
SHP_100067,SO_107945,WH_01,Sea,10-08-2024,2024/08/14,4,4.0,On Time,2013,12885.03,40774,27888.97
SHP_100068,SO_109644,WH_04,Air,19-08-2024,2024/08/22,5,3.0,On Time,4478,5333.4,22699,17365.6
SHP_100069,SO_108491,WH_07,Rail,31-07-2024,2024/08/04,4,4.0,On Time,230,6991.38,33261,26269.62
SHP_100070,SO_105094,WH_12,Sea,15-07-2024,2024/07/21,3,6.0,Delayed,3654,1916.48,5806,3889.52
SHP_100071,SO_103799,WH_10,Air,29-03-2024,2024/04/04,7,6.0,On Time,3942,4515.62,20223,15707.38
SHP_100072,SO_109901,WH_10,Sea,25-09-2024,2024/09/27,3,2.0,On Time,1545,2973.2,8279,5305.8
SHP_100073,SO_109958,WH_06,Rail,04-05-2024,2024/05/12,3,8.0,Delayed,2476,2397.86,7923,5525.14
SHP_100074,SO_104006,WH_09,Sea,23-11-2024,2024/11/29,4,6.0,Delayed,722,8151.54,31924,23772.46
SHP_100075,SO_104902,WH_03,Air,10-12-2024,2024/12/13,6,3.0,On Time,2988,-3018.78,9393,12411.78
SHP_100076,SO_107905,WH_08,Road,24-06-2024,2024/07/01,4,7.0,Delayed,2118,7064.49,22045,14980.51
SHP_100077,SO_100759,WH_02,Air,04-01-2024,2024/01/11,4,,Delayed,4244,9695.26,31270,21574.74
SHP_100078,SO_104920,WH_10,Air,27-12-2024,2025/01/05,3,9.0,Delayed,3297,5055.69,16888,11832.31
SHP_100079,SO_101213,WH_10,Rail,04-01-2024,2024/01/06,5,2.0,On Time,1698,14807.72,41554,26746.28
SHP_100080,SO_101157,WH_05,Air,28-05-2024,2024/05/30,7,2.0,On Time,695,6932.88,30023,23090.12
SHP_100081,SO_106873,WH_03,Rail,19-05-2024,2024/05/25,4,6.0,Delayed,4254,2859.0,12080,9221.0
SHP_100082,SO_106992,WH_06,Air,27-09-2024,2024/10/07,7,10.0,Delayed,2431,7585.2,25102,17516.8
SHP_100083,SO_103392,WH_10,Air,29-09-2024,2024/10/05,4,6.0,Delayed,2896,7049.92,32721,25671.08
SHP_100084,SO_105702,WH_01,Road,15-10-2024,2024/10/25,4,10.0,Delayed,2605,5716.6,17161,11444.4
SHP_100085,SO_103077,WH_12,Sea,17-12-2024,2024/12/22,7,5.0,On Time,4656,-12332.4,32831,45163.4
SHP_100086,SO_109348,WH_11,Road,17-06-2024,2024/06/25,4,8.0,Delayed,2970,10177.88,31996,21818.12
SHP_100087,SO_106648,WH_07,Sea,27-05-2024,2024/06/04,4,8.0,Delayed,1040,9301.73,40148,30846.27
SHP_100088,SO_109527,WH_06,Air,31-08-2024,2024/09/07,7,7.0,On Time,3527,8988.16,29210,20221.84
SHP_100089,SO_104678,WH_09,Sea,25-01-2024,2024/01/31,7,6.0,On Time,841,4434.89,18064,13629.11
SHP_100090,SO_101625,WH_02,Sea,08-10-2024,2024/10/10,6,2.0,On Time,267,1170.33,5281,4110.67
SHP_100091,SO_109457,WH_02,Road,18-07-2024,2024/07/24,6,6.0,On Time,1661,2400.73,7087,4686.27
SHP_100092,SO_108223,WH_03,Road,14-12-2024,2024/12/16,5,2.0,On Time,1355,-18905.81,49187,68092.81
SHP_100093,SO_104703,WH_07,Sea,17-04-2024,2024/04/19,5,2.0,On Time,3981,7469.84,25151,17681.16
SHP_100094,SO_101013,WH_09,Rail,06-08-2024,2024/08/08,7,2.0,On Time,3011,5314.96,25929,20614.04
SHP_100095,SO_103642,WH_02,Air,07-02-2024,2024/02/10,6,3.0,On Time,4707,5082.76,21137,16054.24
SHP_100096,SO_104826,WH_05,Air,26-08-2024,2024/08/28,7,2.0,On Time,4742,4311.59,17659,13347.41
SHP_100097,SO_101557,WH_03,Rail,20-03-2024,2024/03/29,6,9.0,Delayed,2501,2450.18,8064,5613.82
SHP_100098,SO_104973,WH_04,Rail,12-05-2024,2024/05/17,5,5.0,On Time,752,4532.63,14874,10341.37
SHP_100099,SO_101869,WH_14,Road,01-08-2024,2024/08/06,3,5.0,Delayed,1087,2363.99,11448,9084.01
SHP_100100,SO_107518,WH_15,Road,13-12-2024,2024/12/15,5,2.0,On Time,2932,2467.52,11046,8578.48
SHP_100101,SO_103384,WH_11,Air,08-12-2024,2024/12/15,3,7.0,Delayed,4606,2336.92,7250,4913.08
SHP_100102,SO_109469,WH_06,Rail,09-11-2024,2024/11/13,3,4.0,Delayed,4144,10973.31,39652,28678.69
SHP_100103,SO_108825,WH_09,Sea,10-08-2024,2024/08/19,5,9.0,Delayed,4258,5303.7,14505,9201.3
SHP_100104,SO_105959,WH_06,Sea,06-07-2024,2024/07/10,6,4.0,On Time,1051,6315.87,19998,13682.13
SHP_100105,SO_100000,WH_09,Sea,27-03-2024,2024/04/01,4,5.0,Delayed,4972,8767.8,25799,17031.2
SHP_100106,SO_104143,WH_12,Road,13-10-2024,2024/10/21,7,8.0,Delayed,4762,14070.46,35832,21761.54
SHP_100107,SO_108470,WH_12,Sea,20-07-2024,2024/07/22,5,2.0,On Time,2175,11956.35,34020,22063.65
SHP_100108,SO_101877,WH_03,Sea,11-04-2024,2024/04/16,4,5.0,Delayed,578,10750.76,47031,36280.24
SHP_100109,SO_104906,WH_12,Air,15-09-2024,2024/09/22,6,7.0,Delayed,3329,5474.65,18235,12760.35
SHP_100110,SO_109492,WH_12,Rail,03-11-2024,2024/11/12,4,9.0,Delayed,4011,6145.93,21088,14942.07
SHP_100111,SO_105628,WH_10,Air,13-12-2024,2024/12/20,3,7.0,Delayed,739,3594.69,12509,8914.31
SHP_100112,SO_100297,WH_06,Air,17-10-2024,2024/10/25,4,8.0,Delayed,4274,4574.8,20531,15956.2
SHP_100113,SO_104234,WH_11,Road,07-10-2024,2024/10/09,5,2.0,On Time,2319,5098.9,12965,7866.1
SHP_100114,SO_101689,WH_03,Sea,18-10-2024,2024/10/21,7,3.0,On Time,1206,12073.81,40878,28804.19
SHP_100115,SO_108999,WH_13,Air,04-08-2024,2024/08/14,5,10.0,Delayed,1287,3847.4,11906,8058.6
SHP_100116,SO_100445,WH_07,Rail,30-08-2024,2024/09/02,4,3.0,On Time,3787,8289.01,31243,22953.99
SHP_100117,SO_106516,WH_07,Rail,08-07-2024,2024/07/15,4,7.0,Delayed,913,9099.39,41633,32533.61
SHP_100118,SO_102803,WH_08,Road,31-08-2024,2024/09/03,7,3.0,On Time,4915,4067.28,16701,12633.72
SHP_100119,SO_108152,WH_12,Road,02-01-2024,2024/01/04,3,2.0,On Time,2169,8164.59,30571,22406.41
SHP_100120,SO_109944,WH_04,Sea,26-09-2024,2024/10/02,4,6.0,Delayed,2198,8390.34,24681,16290.66
SHP_100121,SO_109534,WH_08,Sea,02-09-2024,2024/09/07,3,5.0,Delayed,3926,5141.03,16754,11612.97
SHP_100122,SO_105866,WH_01,Air,24-11-2024,2024/11/28,3,4.0,Delayed,542,15810.5,44634,28823.5
SHP_100123,SO_103645,WH_10,Sea,05-10-2024,2024/10/11,3,6.0,Delayed,2347,4228.15,13116,8887.85
SHP_100124,SO_102190,WH_07,Sea,12-07-2024,2024/07/14,3,2.0,On Time,2915,8543.51,31160,22616.49
SHP_100125,SO_106874,WH_07,Rail,17-06-2024,2024/06/26,5,9.0,Delayed,546,12184.5,48510,36325.5
SHP_100126,SO_109967,WH_10,Road,25-05-2024,2024/05/29,4,4.0,On Time,4222,3600.09,10714,7113.91
SHP_100127,SO_108334,WH_11,Road,05-06-2024,2024/06/11,4,6.0,Delayed,4855,8005.17,39347,31341.83
SHP_100128,SO_107825,WH_07,Road,01-03-2024,2024/03/08,3,7.0,Delayed,505,16123.75,48924,32800.25
SHP_100129,SO_105685,WH_14,Sea,05-06-2024,2024/06/13,5,8.0,Delayed,327,13834.52,46523,32688.48
SHP_100130,SO_100915,WH_02,Sea,12-12-2024,2024/12/20,7,8.0,Delayed,2580,12099.31,31781,19681.69
SHP_100131,SO_100913,WH_12,Road,08-03-2024,2024/03/17,7,9.0,Delayed,4653,8423.97,38980,30556.03
SHP_100132,SO_105917,WH_06,Air,24-02-2024,2024/03/01,6,6.0,On Time,1835,2400.17,6576,4175.83
SHP_100133,SO_108681,WH_03,Road,19-10-2024,2024/10/23,6,4.0,On Time,2273,16204.39,46093,29888.61
SHP_100134,SO_107899,WH_06,Rail,02-03-2024,2024/03/12,5,10.0,Delayed,1925,4092.6,16776,12683.4
SHP_100135,SO_106881,WH_13,Sea,17-06-2024,2024/06/20,5,3.0,On Time,1438,12414.04,42209,29794.96
SHP_100136,SO_106432,WH_13,Road,14-03-2024,2024/03/24,7,10.0,Delayed,2229,11260.55,41255,29994.45
SHP_100137,SO_109700,WH_15,Road,04-01-2024,2024/01/07,3,3.0,On Time,3715,15312.1,41672,26359.9
SHP_100138,SO_109162,WH_10,Road,24-03-2024,2024/03/26,7,2.0,On Time,2536,12109.93,41836,29726.07
SHP_100139,SO_109675,WH_05,Road,26-06-2024,2024/07/04,3,8.0,Delayed,1824,10496.86,49342,38845.14
SHP_100140,SO_108003,WH_07,Rail,10-03-2024,2024/03/14,7,4.0,On Time,4215,12780.75,33470,20689.25
SHP_100141,SO_101636,WH_04,Road,23-11-2024,2024/11/30,6,7.0,Delayed,1371,14335.28,42497,28161.72
SHP_100142,SO_103974,WH_07,Road,10-12-2024,2024/12/12,3,2.0,On Time,4903,7055.31,32798,25742.69
SHP_100143,SO_107380,WH_06,Sea,19-03-2024,2024/03/22,3,3.0,On Time,3766,17369.69,43568,26198.31
SHP_100144,SO_101228,WH_04,Road,06-08-2024,2024/08/09,3,3.0,On Time,2740,13878.4,35050,21171.6
SHP_100145,SO_103464,WH_02,Rail,15-01-2024,2024/01/22,5,7.0,Delayed,567,15284.89,41030,25745.11
SHP_100146,SO_105343,WH_04,Road,17-08-2024,2024/08/25,7,8.0,Delayed,1499,2946.66,13881,10934.34
SHP_100147,SO_103595,WH_12,Sea,20-11-2024,2024/11/24,4,4.0,On Time,3197,8085.31,24670,16584.69
SHP_100148,SO_102394,WH_06,Sea,13-01-2024,2024/01/19,5,6.0,Delayed,4110,1974.62,8587,6612.38
SHP_100149,SO_101432,WH_12,Sea,24-11-2024,2024/12/03,7,9.0,Delayed,1733,6352.7,23192,16839.3
SHP_100150,SO_105682,WH_14,Road,12-01-2024,2024/01/15,3,3.0,On Time,1100,1604.66,6779,5174.34
SHP_100151,SO_108951,WH_13,Rail,05-01-2024,2024/01/14,5,9.0,Delayed,4010,13876.57,49919,36042.43
SHP_100152,SO_108064,WH_12,Rail,04-01-2024,2024/01/10,4,6.0,Delayed,1688,6299.56,19082,12782.44
SHP_100153,SO_102494,WH_11,Road,12-06-2024,2024/06/18,3,6.0,Delayed,1525,10918.7,44056,33137.3
SHP_100154,SO_104450,WH_05,Air,23-04-2024,2024/04/29,3,6.0,Delayed,2727,8964.22,25367,16402.78
SHP_100155,SO_105369,WH_07,Sea,22-03-2024,2024/03/30,4,8.0,Delayed,2971,9267.47,31578,22310.53
SHP_100156,SO_106664,WH_11,Air,14-02-2024,2024/02/20,5,6.0,Delayed,2210,6224.79,24143,17918.21
SHP_100157,SO_106691,WH_11,Sea,20-12-2024,2024/12/23,5,3.0,On Time,4625,3348.63,11825,8476.37
SHP_100158,SO_108805,WH_09,Sea,16-02-2024,2024/02/26,7,10.0,Delayed,207,9046.25,23086,14039.75
SHP_100159,SO_104522,WH_07,Sea,24-12-2024,2024/12/26,7,2.0,On Time,3543,2295.8,5772,3476.2
SHP_100160,SO_104639,WH_08,Rail,21-09-2024,2024/09/25,4,4.0,On Time,4021,11790.71,41938,30147.29
SHP_100161,SO_100073,WH_15,Rail,16-09-2024,2024/09/24,4,8.0,Delayed,4161,17648.75,47589,29940.25
SHP_100162,SO_108966,WH_07,Sea,25-08-2024,2024/08/30,3,5.0,Delayed,2833,11948.74,36617,24668.26
SHP_100163,SO_106241,WH_03,Sea,18-10-2024,2024/10/20,5,2.0,On Time,3371,8924.22,24117,15192.78
SHP_100164,SO_104207,WH_12,Rail,03-01-2024,2024/01/08,3,5.0,Delayed,1388,9604.18,45876,36271.82
SHP_100165,SO_104725,WH_12,Road,30-12-2024,2025/01/04,4,5.0,Delayed,2005,15292.91,48352,33059.09
SHP_100166,SO_105851,WH_03,Sea,08-02-2024,2024/02/18,5,10.0,Delayed,2672,10764.53,32631,21866.47
SHP_100167,SO_100997,WH_09,Road,22-03-2024,2024/03/30,7,8.0,Delayed,470,4866.72,13396,8529.28
SHP_100168,SO_109979,WH_06,Air,26-02-2024,2024/03/06,6,9.0,Delayed,632,6774.77,19268,12493.23
SHP_100169,SO_101216,WH_13,Road,09-10-2024,2024/10/19,6,10.0,Delayed,4341,9567.01,39668,30100.99
SHP_100170,SO_105166,WH_15,Sea,09-12-2024,2024/12/18,3,9.0,Delayed,965,17303.69,47039,29735.31
SHP_100171,SO_108700,WH_02,Road,17-07-2024,2024/07/24,6,7.0,Delayed,3268,2961.17,9993,7031.83
SHP_100172,SO_104569,WH_04,Air,02-12-2024,2024/12/04,4,2.0,On Time,4673,4992.96,16856,11863.04
SHP_100173,SO_102051,WH_09,Sea,07-11-2024,2024/11/13,6,6.0,On Time,3011,7370.94,35190,27819.06
SHP_100174,SO_106388,WH_11,Road,25-04-2024,2024/05/01,5,6.0,Delayed,1206,7126.75,27636,20509.25
SHP_100175,SO_107147,WH_14,Road,13-08-2024,2024/08/21,5,8.0,Delayed,1322,5817.84,17384,11566.16
SHP_100176,SO_104297,WH_13,Road,18-02-2024,2024/02/21,3,3.0,On Time,359,3391.43,9855,6463.57
SHP_100177,SO_106766,WH_09,Sea,29-07-2024,2024/08/08,4,10.0,Delayed,4748,10910.28,28083,17172.72
SHP_100178,SO_106417,WH_04,Sea,29-03-2024,2024/04/03,3,5.0,Delayed,2025,17139.77,45710,28570.23
SHP_100179,SO_102878,WH_03,Sea,17-02-2024,2024/02/19,3,2.0,On Time,2676,2948.33,12684,9735.67
SHP_100180,SO_104032,WH_01,Sea,18-05-2024,2024/05/21,6,3.0,On Time,2733,8389.13,26285,17895.87
SHP_100181,SO_102223,WH_09,Road,12-04-2024,2024/04/16,4,4.0,On Time,200,10056.31,34434,24377.69
SHP_100182,SO_102193,WH_13,Sea,11-12-2024,2024/12/18,3,7.0,Delayed,972,13404.33,34559,21154.67
SHP_100183,SO_103290,WH_01,Air,20-04-2024,2024/04/22,4,2.0,On Time,3417,7412.16,32380,24967.84
SHP_100184,SO_109588,WH_02,Air,23-04-2024,2024/04/29,5,6.0,Delayed,1790,8408.39,25263,16854.61
SHP_100185,SO_103793,WH_10,Road,15-07-2024,2024/07/25,5,10.0,Delayed,2015,7037.82,20395,13357.18
SHP_100186,SO_106577,WH_15,Air,07-08-2024,2024/08/15,5,8.0,Delayed,783,14934.0,46000,31066.0
SHP_100187,SO_106696,WH_01,Sea,18-01-2024,2024/01/27,4,9.0,Delayed,373,10830.35,35877,25046.65
SHP_100188,SO_106647,WH_05,Rail,29-04-2024,2024/05/09,6,10.0,Delayed,1137,2780.41,13359,10578.59
SHP_100189,SO_102750,WH_08,Road,16-03-2024,2024/03/26,7,10.0,Delayed,945,7651.92,26479,18827.08
SHP_100190,SO_102420,WH_10,Sea,20-07-2024,2024/07/24,7,4.0,On Time,4536,2777.58,13097,10319.42
SHP_100191,SO_101025,WH_02,Rail,20-05-2024,2024/05/27,5,7.0,Delayed,1449,12633.08,40294,27660.92
SHP_100192,SO_103102,WH_14,Road,03-05-2024,2024/05/11,7,8.0,Delayed,2241,9240.71,29558,20317.29
SHP_100193,SO_104930,WH_02,Rail,27-04-2024,2024/05/05,6,8.0,Delayed,2337,6181.24,25022,18840.76
SHP_100194,SO_100256,WH_08,Rail,05-10-2024,2024/10/09,4,4.0,On Time,1188,3377.11,10479,7101.89
SHP_100195,SO_101989,WH_10,Rail,09-12-2024,2024/12/13,6,4.0,On Time,805,8785.72,27662,18876.28
SHP_100196,SO_101102,WH_03,Road,09-07-2024,2024/07/19,5,10.0,Delayed,2726,14972.2,38352,23379.8
SHP_100197,SO_106553,WH_06,Sea,27-04-2024,2024/05/06,3,9.0,Delayed,4965,4783.67,15801,11017.33
SHP_100198,SO_107585,WH_15,Rail,26-10-2024,2024/10/31,3,5.0,Delayed,243,5943.32,17087,11143.68
SHP_100199,SO_104849,WH_09,Sea,19-04-2024,2024/04/29,7,10.0,Delayed,4986,5298.0,14914,9616.0
SHP_100200,SO_101264,WH_09,Air,14-12-2024,2024/12/21,5,7.0,Delayed,3735,11588.73,31429,19840.27
SHP_100201,SO_103044,WH_04,Sea,12-11-2024,2024/11/16,5,4.0,On Time,1236,1815.69,6573,4757.31
SHP_100202,SO_100108,WH_09,Sea,11-10-2024,2024/10/15,3,4.0,Delayed,2322,12675.98,49194,36518.02
SHP_100203,SO_107596,WH_08,Sea,08-10-2024,2024/10/15,4,7.0,Delayed,1107,5263.19,14624,9360.81
SHP_100204,SO_102793,WH_10,Road,17-09-2024,2024/09/25,3,8.0,Delayed,1218,2172.87,6459,4286.13
SHP_100205,SO_107991,WH_11,Rail,16-09-2024,2024/09/21,5,5.0,On Time,3935,6008.95,19840,13831.05
SHP_100206,SO_100269,WH_10,Rail,15-10-2024,2024/10/25,7,10.0,Delayed,1063,6124.81,24843,18718.19
SHP_100207,SO_100923,WH_09,Air,25-09-2024,2024/09/28,7,3.0,On Time,4577,16982.31,45999,29016.69
SHP_100208,SO_109735,WH_02,Rail,09-06-2024,2024/06/11,4,2.0,On Time,2996,8969.67,27838,18868.33
SHP_100209,SO_108171,WH_04,Sea,06-01-2024,2024/01/15,5,9.0,Delayed,697,11353.97,34279,22925.03
SHP_100210,SO_105272,WH_14,Air,10-01-2024,2024/01/13,5,3.0,On Time,744,6404.96,25160,18755.04
SHP_100211,SO_103714,WH_07,Sea,17-07-2024,2024/07/23,3,6.0,Delayed,1363,6231.5,24365,18133.5
SHP_100212,SO_105052,WH_09,Sea,29-04-2024,2024/05/01,3,2.0,On Time,2023,14388.78,38454,24065.22
SHP_100213,SO_106507,WH_10,Rail,29-09-2024,2024/10/06,5,7.0,Delayed,4476,5377.52,19378,14000.48
SHP_100214,SO_106272,WH_10,Sea,05-08-2024,2024/08/12,4,7.0,Delayed,3181,3512.4,12299,8786.6
SHP_100215,SO_109695,WH_01,Rail,18-06-2024,2024/06/21,5,3.0,On Time,2083,2256.75,6017,3760.25
SHP_100216,SO_100940,WH_13,Rail,26-05-2024,2024/06/04,7,9.0,Delayed,4095,18394.74,46427,28032.26
SHP_100217,SO_109808,WH_04,Sea,03-02-2024,2024/02/08,3,5.0,Delayed,4751,16833.79,45459,28625.21
SHP_100218,SO_109634,WH_11,Sea,19-10-2024,2024/10/23,3,4.0,Delayed,2668,4125.99,13233,9107.01
SHP_100219,SO_106671,WH_15,Air,19-05-2024,2024/05/28,5,9.0,Delayed,3244,1609.42,7696,6086.58
SHP_100220,SO_107292,WH_05,Rail,21-02-2024,2024/02/26,5,5.0,On Time,2893,1368.76,6207,4838.24
SHP_100221,SO_105516,WH_11,Air,05-02-2024,2024/02/09,6,4.0,On Time,2635,6653.6,25178,18524.4
SHP_100222,SO_104217,WH_03,Air,20-09-2024,2024/09/28,4,8.0,Delayed,3123,7923.76,28026,20102.24
SHP_100223,SO_103905,WH_09,Rail,10-09-2024,2024/09/18,6,8.0,Delayed,3023,3281.03,9434,6152.97
SHP_100224,SO_107003,WH_06,Air,04-02-2024,2024/02/10,6,6.0,On Time,1940,6176.78,26952,20775.22
SHP_100225,SO_106112,WH_02,Rail,18-01-2024,2024/01/24,7,6.0,On Time,2402,13047.16,46537,33489.84
SHP_100226,SO_107639,WH_08,Air,28-04-2024,2024/05/06,4,8.0,Delayed,3942,9997.77,33987,23989.23
SHP_100227,SO_109643,WH_11,Air,12-10-2024,2024/10/20,7,8.0,Delayed,2425,3055.78,8525,5469.22
SHP_100228,SO_109679,WH_08,Air,21-03-2024,2024/03/30,5,9.0,Delayed,4580,12409.44,37654,25244.56
SHP_100229,SO_103700,WH_14,Sea,05-02-2024,2024/02/07,4,2.0,On Time,4603,10606.55,42741,32134.45
SHP_100230,SO_109208,WH_01,Air,24-11-2024,2024/12/03,4,9.0,Delayed,3876,14099.88,40260,26160.12
SHP_100231,SO_109305,WH_06,Sea,04-09-2024,2024/09/09,3,5.0,Delayed,1078,5891.55,25170,19278.45
SHP_100232,SO_104822,WH_04,Rail,15-11-2024,2024/11/24,3,9.0,Delayed,4078,1698.51,5461,3762.49
SHP_100233,SO_104982,WH_08,Rail,22-02-2024,2024/02/28,5,6.0,Delayed,2692,4736.5,12082,7345.5
SHP_100234,SO_106945,WH_13,Road,01-05-2024,2024/05/05,4,4.0,On Time,2482,7851.8,25343,17491.2
SHP_100235,SO_100238,WH_07,Air,14-08-2024,2024/08/22,5,8.0,Delayed,886,5000.28,18069,13068.72
SHP_100236,SO_107119,WH_12,Sea,27-04-2024,2024/04/29,7,2.0,On Time,349,3405.28,12108,8702.72
SHP_100237,SO_101054,WH_04,Rail,01-05-2024,2024/05/10,7,9.0,Delayed,1557,5933.68,14880,8946.32
SHP_100238,SO_102433,WH_07,Road,11-04-2024,2024/04/19,5,8.0,Delayed,4065,6993.85,28862,21868.15
SHP_100239,SO_103461,WH_14,Road,19-11-2024,2024/11/26,3,7.0,Delayed,1083,6479.74,23989,17509.26
SHP_100240,SO_107252,WH_07,Sea,09-05-2024,2024/05/15,4,6.0,Delayed,4402,2104.7,6529,4424.3
SHP_100241,SO_104177,WH_08,Air,29-10-2024,2024/11/05,5,7.0,Delayed,1710,12410.6,31676,19265.4
SHP_100242,SO_107618,WH_14,Air,18-06-2024,2024/06/26,3,8.0,Delayed,3687,12231.82,40724,28492.18
SHP_100243,SO_108385,WH_06,Air,26-06-2024,2024/07/04,6,8.0,Delayed,2244,8712.08,30500,21787.92
SHP_100244,SO_108453,WH_11,Air,04-07-2024,2024/07/11,7,7.0,On Time,1364,5629.56,20302,14672.44
SHP_100245,SO_108985,WH_02,Sea,13-11-2024,2024/11/21,6,8.0,Delayed,4877,5741.73,14502,8760.27
SHP_100246,SO_103864,WH_02,Road,13-04-2024,2024/04/20,6,7.0,Delayed,4517,13230.69,37511,24280.31
SHP_100247,SO_101458,WH_09,Road,10-10-2024,2024/10/16,5,6.0,Delayed,786,6235.18,17859,11623.82
SHP_100248,SO_103980,WH_05,Air,26-11-2024,2024/12/01,4,5.0,Delayed,4740,13105.91,43162,30056.09
SHP_100249,SO_109282,WH_10,Sea,28-05-2024,2024/06/01,7,4.0,On Time,1881,6836.19,18083,11246.81
SHP_100250,SO_105261,WH_09,Air,09-07-2024,2024/07/19,6,10.0,Delayed,2361,11509.2,48853,37343.8
SHP_100251,SO_102906,WH_02,Road,25-12-2024,2024/12/31,7,6.0,On Time,3790,6586.88,19672,13085.12
SHP_100252,SO_101046,WH_15,Sea,02-06-2024,2024/06/11,5,9.0,Delayed,3504,16705.41,47391,30685.59
SHP_100253,SO_101576,WH_04,Rail,10-05-2024,2024/05/15,7,5.0,On Time,1464,-14550.54,49207,63757.54
SHP_100254,SO_100088,WH_02,Road,03-10-2024,2024/10/06,7,3.0,On Time,2416,4736.26,15938,11201.74
SHP_100255,SO_100486,WH_14,Rail,26-02-2024,2024/03/04,3,7.0,Delayed,1334,9545.57,45194,35648.43
SHP_100256,SO_107661,WH_02,Air,02-08-2024,2024/08/11,5,9.0,Delayed,3652,14426.77,43686,29259.23
SHP_100257,SO_106084,WH_08,Air,19-03-2024,2024/03/26,5,7.0,Delayed,1644,-7473.8,35527,43000.8
SHP_100258,SO_105647,WH_06,Road,08-09-2024,2024/09/18,6,10.0,Delayed,856,5430.73,25136,19705.27
SHP_100259,SO_109651,WH_09,Rail,03-12-2024,2024/12/07,3,4.0,Delayed,1275,11348.04,30814,19465.96
SHP_100260,SO_105969,WH_07,Air,12-05-2024,2024/05/21,7,9.0,Delayed,276,8265.09,40992,32726.91
SHP_100261,SO_102518,WH_05,Road,04-04-2024,2024/04/07,5,3.0,On Time,3587,15115.43,42679,27563.57
SHP_100262,SO_108512,WH_14,Rail,05-11-2024,2024/11/09,3,4.0,Delayed,1998,6856.74,25464,18607.26
SHP_100263,SO_101121,WH_02,Road,31-03-2024,2024/04/05,5,5.0,On Time,3673,6086.75,27108,21021.25
SHP_100264,SO_102661,WH_12,Sea,31-05-2024,2024/06/08,7,8.0,Delayed,3766,5803.42,25839,20035.58
SHP_100265,SO_104380,WH_03,Sea,15-05-2024,2024/05/17,6,2.0,On Time,4844,5053.41,12661,7607.59
SHP_100266,SO_109261,WH_06,Air,15-05-2024,2024/05/18,7,3.0,On Time,2301,17217.82,45900,28682.18
SHP_100267,SO_102113,WH_13,Road,06-12-2024,2024/12/08,5,2.0,On Time,2375,1889.03,5735,3845.97
SHP_100268,SO_101907,WH_13,Sea,20-07-2024,2024/07/24,6,4.0,On Time,4849,2715.65,10235,7519.35
SHP_100269,SO_109125,WH_03,Rail,18-11-2024,2024/11/27,6,9.0,Delayed,2097,10661.36,42005,31343.64
SHP_100270,SO_103405,WH_02,Sea,05-02-2024,2024/02/10,7,5.0,On Time,2228,12222.49,35183,22960.51
SHP_100271,SO_103391,WH_14,Air,20-04-2024,2024/04/22,4,2.0,On Time,3811,5577.15,14192,8614.85
SHP_100272,SO_105171,WH_01,Road,07-03-2024,2024/03/10,6,3.0,On Time,1567,1900.46,6644,4743.54
SHP_100273,SO_106197,WH_08,Air,05-10-2024,2024/10/13,5,8.0,Delayed,4473,3330.72,9944,6613.28
SHP_100274,SO_107416,WH_01,Air,03-05-2024,2024/05/11,6,8.0,Delayed,620,12064.36,31388,19323.64
SHP_100275,SO_104601,WH_09,Air,13-09-2024,2024/09/19,3,6.0,Delayed,2297,-9934.2,26582,36516.2
SHP_100276,SO_108653,WH_14,Road,22-02-2024,2024/03/01,5,8.0,Delayed,1496,13924.7,36154,22229.3
SHP_100277,SO_106379,WH_14,Road,06-03-2024,2024/03/11,3,5.0,Delayed,2321,5526.42,17604,12077.58
SHP_100278,SO_106490,WH_06,Road,21-01-2024,2024/01/29,3,8.0,Delayed,4537,8948.81,37767,28818.19
SHP_100279,SO_105764,WH_15,Sea,07-08-2024,2024/08/16,5,9.0,Delayed,1408,14345.21,47796,33450.79
SHP_100280,SO_102404,WH_06,Rail,08-01-2024,2024/01/11,3,3.0,On Time,4075,2862.34,11259,8396.66
SHP_100281,SO_100263,WH_01,Rail,23-02-2024,2024/03/04,3,10.0,Delayed,2452,5910.07,18091,12180.93
SHP_100282,SO_109886,WH_14,Road,19-01-2024,2024/01/29,4,10.0,Delayed,4206,6846.73,29166,22319.27
SHP_100283,SO_102864,WH_12,Road,13-08-2024,2024/08/23,6,10.0,Delayed,2711,10393.55,36040,25646.45
SHP_100284,SO_102252,WH_12,Rail,15-02-2024,2024/02/19,4,4.0,On Time,2175,5598.44,17779,12180.56
SHP_100285,SO_109006,WH_05,Sea,18-02-2024,2024/02/25,7,7.0,On Time,1098,13106.97,34496,21389.03
SHP_100286,SO_103221,WH_06,Road,21-12-2024,2024/12/30,4,9.0,Delayed,3623,13800.37,40904,27103.63
SHP_100287,SO_101014,WH_01,Air,16-01-2024,2024/01/24,4,8.0,Delayed,3930,13916.15,40858,26941.85
SHP_100288,SO_100180,WH_11,Rail,08-02-2024,2024/02/16,4,8.0,Delayed,4400,-9531.6,28692,38223.6
SHP_100289,SO_102866,WH_08,Road,30-01-2024,2024/02/05,4,6.0,Delayed,2681,3364.49,14371,11006.51
SHP_100290,SO_109824,WH_14,Sea,05-05-2024,2024/05/12,6,7.0,Delayed,1622,11106.09,45998,34891.91
SHP_100291,SO_106275,WH_14,Sea,23-10-2024,2024/10/26,7,3.0,On Time,2227,5091.14,14707,9615.86
SHP_100292,SO_107302,WH_14,Air,21-05-2024,2024/05/30,3,9.0,Delayed,1001,16407.64,47273,30865.36
SHP_100293,SO_104067,WH_14,Air,24-04-2024,2024/05/04,3,10.0,Delayed,1640,2976.38,8174,5197.62
SHP_100294,SO_101655,WH_04,Sea,10-05-2024,2024/05/12,3,2.0,On Time,418,5424.32,18634,13209.68
SHP_100295,SO_109023,WH_07,Rail,17-06-2024,2024/06/25,4,8.0,Delayed,863,7192.49,27370,20177.51
SHP_100296,SO_101486,WH_15,Road,08-12-2024,2024/12/10,5,2.0,On Time,283,9819.4,25641,15821.6
SHP_100297,SO_100080,WH_14,Sea,26-06-2024,2024/06/30,4,4.0,On Time,1154,10873.64,28227,17353.36
SHP_100298,SO_101550,WH_06,Air,25-11-2024,2024/11/28,5,3.0,On Time,2950,5376.81,19433,14056.19
SHP_100299,SO_106204,WH_06,Road,22-04-2024,2024/04/29,4,7.0,Delayed,3676,5093.98,23940,18846.02
SHP_100300,SO_105065,WH_15,Road,14-02-2024,2024/02/21,4,7.0,Delayed,655,12467.0,32818,20351.0
SHP_100301,SO_107999,WH_03,Road,12-06-2024,2024/06/17,6,5.0,On Time,3218,7924.0,32974,25050.0
SHP_100302,SO_100985,WH_04,Road,01-01-2024,2024/01/04,7,3.0,On Time,820,19466.56,49481,30014.44
SHP_100303,SO_103599,WH_14,Air,02-04-2024,2024/04/09,4,7.0,Delayed,1857,7318.98,34293,26974.02
SHP_100304,SO_105864,WH_14,Rail,10-02-2024,2024/02/13,4,3.0,On Time,2206,7190.96,30477,23286.04
SHP_100305,SO_102523,WH_10,Rail,13-06-2024,2024/06/21,5,8.0,Delayed,2915,9302.76,41988,32685.24
SHP_100306,SO_109694,WH_14,Sea,26-09-2024,2024/09/28,4,2.0,On Time,3375,3471.24,12441,8969.76
SHP_100307,SO_105205,WH_01,Air,22-09-2024,2024/09/26,5,4.0,On Time,2657,10649.05,33969,23319.95
SHP_100308,SO_107412,WH_05,Sea,13-05-2024,2024/05/15,6,2.0,On Time,4430,1757.96,5153,3395.04
SHP_100309,SO_107523,WH_03,Sea,14-08-2024,2024/08/24,6,10.0,Delayed,4722,10491.64,49803,39311.36
SHP_100310,SO_103942,WH_01,Air,10-02-2024,2024/02/18,6,8.0,Delayed,3008,2371.96,9458,7086.04
SHP_100311,SO_109963,WH_05,Sea,21-07-2024,2024/07/29,3,8.0,Delayed,3771,7542.32,18917,11374.68
SHP_100312,SO_100324,WH_10,Air,24-05-2024,2024/06/02,3,9.0,Delayed,4505,7356.82,29334,21977.18
SHP_100313,SO_102130,WH_14,Rail,06-02-2024,2024/02/10,7,4.0,On Time,3187,3366.5,10946,7579.5
SHP_100314,SO_100032,WH_09,Air,15-02-2024,2024/02/19,5,4.0,On Time,2956,16876.68,47619,30742.32
SHP_100315,SO_104080,WH_04,Rail,06-10-2024,2024/10/13,7,7.0,On Time,2104,2544.44,11592,9047.56
SHP_100316,SO_103697,WH_02,Rail,20-10-2024,2024/10/26,7,6.0,On Time,2404,6585.49,22277,15691.51
SHP_100317,SO_106830,WH_08,Air,15-03-2024,2024/03/23,3,8.0,Delayed,396,3134.15,10468,7333.85
SHP_100318,SO_108109,WH_15,Rail,14-01-2024,2024/01/18,4,4.0,On Time,4352,6540.35,27497,20956.65
SHP_100319,SO_107594,WH_08,Road,01-06-2024,2024/06/11,3,10.0,Delayed,4560,10449.51,29282,18832.49
SHP_100320,SO_103949,WH_07,Road,01-06-2024,2024/06/09,7,8.0,Delayed,4148,15811.56,40970,25158.44
SHP_100321,SO_106529,WH_09,Air,14-05-2024,2024/05/21,4,7.0,Delayed,2660,2226.96,6353,4126.04
SHP_100322,SO_101605,WH_06,Air,09-02-2024,2024/02/18,3,9.0,Delayed,1117,3382.25,9347,5964.75
SHP_100323,SO_101148,WH_08,Sea,05-06-2024,2024/06/08,6,3.0,On Time,381,9361.89,26308,16946.11
SHP_100324,SO_107389,WH_10,Sea,31-10-2024,2024/11/02,6,2.0,On Time,3594,13599.7,35372,21772.3
SHP_100325,SO_107287,WH_13,Road,18-12-2024,2024/12/27,6,9.0,Delayed,4156,2976.28,9667,6690.72
SHP_100326,SO_108631,WH_11,Air,25-07-2024,2024/07/29,5,4.0,On Time,4576,5037.19,17043,12005.81
SHP_100327,SO_104680,WH_11,Road,26-09-2024,2024/09/29,3,3.0,On Time,1598,3419.06,11785,8365.94
SHP_100328,SO_108250,WH_03,Road,18-03-2024,2024/03/22,4,4.0,On Time,785,7260.7,24895,17634.3
SHP_100329,SO_108910,WH_07,Road,24-03-2024,2024/03/30,3,6.0,Delayed,3116,15102.41,45006,29903.59
SHP_100330,SO_109342,WH_15,Road,15-06-2024,2024/06/18,3,3.0,On Time,3146,3378.08,15615,12236.92
SHP_100331,SO_102206,WH_01,Sea,14-04-2024,2024/04/20,3,6.0,Delayed,4474,5180.18,23762,18581.82
SHP_100332,SO_104161,WH_10,Road,31-10-2024,2024/11/07,3,7.0,Delayed,479,16167.52,44451,28283.48
SHP_100333,SO_103849,WH_01,Road,02-09-2024,2024/09/08,6,6.0,On Time,3528,8302.75,32361,24058.25
SHP_100334,SO_103516,WH_03,Sea,06-05-2024,2024/05/11,4,5.0,Delayed,4650,7114.6,19708,12593.4
SHP_100335,SO_108928,WH_01,Road,10-01-2024,2024/01/13,5,3.0,On Time,2840,2919.93,14250,11330.07
SHP_100336,SO_105452,WH_02,Sea,17-12-2024,2024/12/24,3,7.0,Delayed,2091,5788.34,27124,21335.66
SHP_100337,SO_109000,WH_07,Sea,27-06-2024,2024/07/02,7,5.0,On Time,2647,7383.76,21675,14291.24
SHP_100338,SO_107102,WH_13,Road,26-08-2024,2024/08/31,6,5.0,On Time,1754,2408.03,9840,7431.97
SHP_100339,SO_108462,WH_03,Sea,05-04-2024,2024/04/11,7,6.0,On Time,3060,6052.6,25038,18985.4
SHP_100340,SO_108264,WH_05,Sea,07-03-2024,2024/03/12,5,5.0,On Time,913,11719.37,38962,27242.63
SHP_100341,SO_109277,WH_08,Rail,24-02-2024,2024/02/28,6,4.0,On Time,2886,2328.68,6166,3837.32
SHP_100342,SO_103060,WH_12,Rail,16-10-2024,2024/10/19,6,3.0,On Time,625,13006.88,42583,29576.12
SHP_100343,SO_106326,WH_12,Rail,04-12-2024,2024/12/07,7,3.0,On Time,1911,6303.23,25931,19627.77
SHP_100344,SO_103548,WH_13,Air,25-07-2024,2024/07/31,3,6.0,Delayed,1480,14261.24,36889,22627.76
SHP_100345,SO_104389,WH_05,Road,22-08-2024,2024/09/01,6,10.0,Delayed,3143,13074.79,37350,24275.21
SHP_100346,SO_103162,WH_03,Sea,28-04-2024,2024/05/02,5,4.0,On Time,1339,2355.99,5919,3563.01
SHP_100347,SO_107461,WH_08,Air,06-06-2024,2024/06/14,3,8.0,Delayed,1623,6934.69,22401,15466.31
SHP_100348,SO_100293,WH_07,Road,11-03-2024,2024/03/13,3,2.0,On Time,2681,10524.07,43679,33154.93
SHP_100349,SO_102705,WH_05,Rail,13-03-2024,2024/03/15,6,2.0,On Time,1233,6042.68,28883,22840.32
SHP_100350,SO_103943,WH_03,Air,16-10-2024,2024/10/18,6,2.0,On Time,2503,11640.18,30983,19342.82
SHP_100351,SO_101858,WH_05,Road,19-10-2024,2024/10/25,6,6.0,On Time,2852,11326.85,42619,31292.15
SHP_100352,SO_102309,WH_02,Rail,18-03-2024,2024/03/22,3,4.0,Delayed,2071,10436.61,32559,22122.39
SHP_100353,SO_109133,WH_08,Rail,22-02-2024,2024/02/27,4,5.0,Delayed,1377,9278.27,26660,17381.73
SHP_100354,SO_107032,WH_10,Rail,21-12-2024,2024/12/27,5,6.0,Delayed,2346,2806.97,8889,6082.03
SHP_100355,SO_100924,WH_07,Sea,09-06-2024,2024/06/19,3,10.0,Delayed,4429,4471.36,13567,9095.64
SHP_100356,SO_102745,WH_15,Sea,28-06-2024,2024/07/02,5,4.0,On Time,3254,10528.9,43886,33357.1
SHP_100357,SO_104007,WH_11,Sea,09-07-2024,2024/07/16,3,,Delayed,1878,8281.86,23625,15343.14
SHP_100358,SO_106056,WH_02,Road,19-06-2024,2024/06/21,5,2.0,On Time,3568,1878.64,7314,5435.36
SHP_100359,SO_108171,WH_02,Air,01-12-2024,2024/12/05,5,4.0,On Time,3520,11810.9,33764,21953.1
SHP_100360,SO_108984,WH_12,Sea,13-11-2024,2024/11/17,7,4.0,On Time,811,3133.14,15375,12241.86
SHP_100361,SO_101240,WH_03,Sea,22-02-2024,2024/02/25,7,3.0,On Time,1249,9991.39,25072,15080.61
SHP_100362,SO_105359,WH_15,Sea,28-05-2024,2024/06/02,4,5.0,Delayed,1774,2264.89,8745,6480.11
SHP_100363,SO_102155,WH_01,Air,29-12-2024,2025/01/07,5,9.0,Delayed,1517,4916.24,12644,7727.76
SHP_100364,SO_108474,WH_01,Road,19-03-2024,2024/03/24,7,5.0,On Time,4845,1357.33,5139,3781.67
SHP_100365,SO_102969,WH_08,Air,07-02-2024,2024/02/11,6,4.0,On Time,623,13469.99,36163,22693.01
SHP_100366,SO_104677,WH_11,Air,28-01-2024,2024/01/30,4,2.0,On Time,4784,1860.95,8172,6311.05
SHP_100367,SO_103387,WH_08,Rail,04-02-2024,2024/02/10,6,6.0,On Time,2639,18608.91,47216,28607.09
SHP_100368,SO_105313,WH_14,Air,08-06-2024,2024/06/12,5,4.0,On Time,1136,13982.31,46415,32432.69
SHP_100369,SO_105656,WH_05,Sea,18-11-2024,2024/11/23,5,5.0,On Time,286,5176.64,25593,20416.36
SHP_100370,SO_105642,WH_09,Sea,05-09-2024,2024/09/15,5,10.0,Delayed,3526,6202.01,23866,17663.99
SHP_100371,SO_101377,WH_12,Rail,11-09-2024,2024/09/16,6,5.0,On Time,1794,14946.71,38830,23883.29
SHP_100372,SO_109416,WH_07,Rail,25-02-2024,2024/03/03,7,7.0,On Time,2327,6487.75,17540,11052.25
SHP_100373,SO_102583,WH_12,Air,10-03-2024,2024/03/17,7,7.0,On Time,4607,6432.72,23636,17203.28
SHP_100374,SO_104805,WH_03,Road,16-10-2024,2024/10/20,6,4.0,On Time,4051,11588.72,35514,23925.28
SHP_100375,SO_107013,WH_10,Rail,26-01-2024,2024/01/28,5,2.0,On Time,4304,9599.62,43997,34397.38
SHP_100376,SO_106921,WH_01,Sea,11-04-2024,2024/04/14,4,3.0,On Time,2864,2917.71,10416,7498.29
SHP_100377,SO_101740,WH_12,Sea,26-04-2024,2024/05/04,4,8.0,Delayed,4019,9584.77,40439,30854.23
SHP_100378,SO_105547,WH_02,Rail,02-12-2024,2024/12/12,6,10.0,Delayed,2227,13364.83,48298,34933.17
SHP_100379,SO_101652,WH_07,Rail,28-03-2024,2024/04/05,4,8.0,Delayed,2955,1782.33,5939,4156.67
SHP_100380,SO_101905,WH_12,Road,27-08-2024,2024/09/02,3,6.0,Delayed,1503,8904.45,29669,20764.55
SHP_100381,SO_105858,WH_01,Air,19-08-2024,2024/08/27,3,8.0,Delayed,2053,7538.02,19812,12273.98
SHP_100382,SO_108548,WH_05,Air,30-10-2024,2024/11/05,4,6.0,Delayed,3223,3432.21,11288,7855.79
SHP_100383,SO_101919,WH_13,Road,20-08-2024,2024/08/30,3,10.0,Delayed,2488,2197.58,6096,3898.42
SHP_100384,SO_109226,WH_09,Rail,03-10-2024,2024/10/08,3,5.0,Delayed,4782,4019.69,16772,12752.31
SHP_100385,SO_106892,WH_15,Road,26-04-2024,2024/05/03,3,7.0,Delayed,3036,10463.53,33733,23269.47
SHP_100386,SO_109711,WH_06,Sea,04-12-2024,2024/12/09,4,5.0,Delayed,490,9133.21,40480,31346.79
SHP_100387,SO_101325,WH_03,Air,12-09-2024,2024/09/14,3,2.0,On Time,1553,12832.12,36486,23653.88
SHP_100388,SO_101889,WH_13,Air,15-06-2024,2024/06/21,5,6.0,Delayed,3036,1863.16,5039,3175.84
SHP_100389,SO_101314,WH_05,Sea,21-12-2024,2024/12/31,5,10.0,Delayed,244,11070.36,46892,35821.64
SHP_100390,SO_102896,WH_04,Road,04-09-2024,2024/09/07,7,3.0,On Time,3493,7616.16,21218,13601.84
SHP_100391,SO_107875,WH_06,Sea,30-12-2024,2025/01/06,3,7.0,Delayed,344,12022.04,30561,18538.96
SHP_100392,SO_103767,WH_15,Rail,31-01-2024,2024/02/04,7,4.0,On Time,2996,6032.04,16923,10890.96
SHP_100393,SO_102793,WH_06,Sea,22-12-2024,2024/12/27,6,5.0,On Time,4777,6707.5,21436,14728.5
SHP_100394,SO_100919,WH_10,Sea,27-02-2024,2024/03/08,3,10.0,Delayed,3434,9115.32,29549,20433.68
SHP_100395,SO_109376,WH_04,Sea,02-09-2024,2024/09/08,7,6.0,On Time,868,10262.8,35072,24809.2
SHP_100396,SO_104638,WH_04,Sea,25-11-2024,2024/11/27,4,2.0,On Time,2538,16432.85,45262,28829.15
SHP_100397,SO_105979,WH_06,Rail,18-03-2024,2024/03/24,6,6.0,On Time,2491,12311.7,48503,36191.3
SHP_100398,SO_104240,WH_12,Road,05-01-2024,2024/01/08,6,3.0,On Time,2592,3529.76,13468,9938.24
SHP_100399,SO_101923,WH_04,Air,26-05-2024,2024/06/05,3,10.0,Delayed,2901,11661.24,41477,29815.76
SHP_100400,SO_104044,WH_01,Rail,03-04-2024,2024/04/05,4,2.0,On Time,1308,6819.05,19413,12593.95
SHP_100401,SO_107690,WH_09,Road,27-08-2024,2024/09/03,7,7.0,On Time,2385,15377.77,40036,24658.23
SHP_100402,SO_104898,WH_01,Rail,19-11-2024,2024/11/21,6,,Delayed,1454,13337.43,48020,34682.57
SHP_100403,SO_103807,WH_05,Road,09-12-2024,2024/12/14,7,5.0,On Time,2937,6278.36,25812,19533.64
SHP_100404,SO_104980,WH_02,Rail,16-02-2024,2024/02/26,4,10.0,Delayed,3311,7947.55,20872,12924.45
SHP_100405,SO_109298,WH_12,Road,23-10-2024,2024/10/28,5,5.0,On Time,1352,6742.16,18377,11634.84
SHP_100406,SO_101809,WH_11,Rail,20-08-2024,2024/08/28,4,8.0,Delayed,4292,6045.14,25458,19412.86
SHP_100407,SO_100648,WH_05,Road,13-06-2024,2024/06/19,5,6.0,Delayed,1080,12833.07,41332,28498.93
SHP_100408,SO_100687,WH_05,Rail,06-04-2024,2024/04/10,6,4.0,On Time,4891,14070.84,49818,35747.16
SHP_100409,SO_103303,WH_01,Rail,12-01-2024,2024/01/19,3,7.0,Delayed,2894,15287.09,45013,29725.91
SHP_100410,SO_103837,WH_12,Air,09-12-2024,2024/12/11,4,2.0,On Time,2663,2795.73,7292,4496.27
SHP_100411,SO_102645,WH_11,Rail,18-05-2024,2024/05/26,4,8.0,Delayed,4389,7426.94,20443,13016.06
SHP_100412,SO_101406,WH_05,Rail,03-05-2024,2024/05/13,5,10.0,Delayed,515,9660.61,24227,14566.39
SHP_100413,SO_101270,WH_12,Sea,19-03-2024,2024/03/29,4,10.0,Delayed,2167,7423.87,33642,26218.13
SHP_100414,SO_100538,WH_05,Sea,24-03-2024,2024/03/31,6,7.0,Delayed,325,12164.76,32572,20407.24
SHP_100415,SO_108221,WH_12,Rail,30-05-2024,2024/06/09,4,10.0,Delayed,758,16153.54,43040,26886.46
SHP_100416,SO_107533,WH_13,Air,07-09-2024,2024/09/09,6,2.0,On Time,1562,11492.34,49541,38048.66
SHP_100417,SO_105103,WH_13,Road,23-03-2024,2024/03/31,7,8.0,Delayed,1769,6008.13,18673,12664.87
SHP_100418,SO_104773,WH_04,Road,19-12-2024,2024/12/23,3,4.0,Delayed,1736,4761.45,20170,15408.55
SHP_100419,SO_101219,WH_05,Sea,27-04-2024,2024/05/03,7,6.0,On Time,4119,3979.06,10473,6493.94
SHP_100420,SO_109384,WH_12,Air,31-07-2024,2024/08/10,3,10.0,Delayed,3304,-13052.16,47280,60332.16
SHP_100421,SO_104498,WH_06,Rail,08-05-2024,2024/05/17,4,9.0,Delayed,1644,6282.72,29725,23442.28
SHP_100422,SO_103341,WH_10,Air,12-09-2024,2024/09/14,5,2.0,On Time,1087,10988.78,40373,29384.22
SHP_100423,SO_107133,WH_11,Road,09-11-2024,2024/11/17,4,8.0,Delayed,726,6818.84,31066,24247.16
SHP_100424,SO_101261,WH_11,Road,04-12-2024,2024/12/13,7,9.0,Delayed,935,1755.25,6356,4600.75
SHP_100425,SO_101689,WH_11,Rail,01-10-2024,2024/10/07,4,6.0,Delayed,3213,3876.92,17003,13126.08
SHP_100426,SO_109102,WH_03,Sea,16-01-2024,2024/01/24,5,8.0,Delayed,3351,11012.63,49829,38816.37
SHP_100427,SO_102142,WH_13,Sea,08-05-2024,2024/05/15,5,7.0,Delayed,3042,8996.9,30952,21955.1
SHP_100428,SO_107662,WH_15,Rail,21-05-2024,2024/05/26,5,5.0,On Time,4600,12907.98,42614,29706.02
SHP_100429,SO_104126,WH_13,Air,05-08-2024,2024/08/13,7,8.0,Delayed,2587,6488.05,21209,14720.95
SHP_100430,SO_109126,WH_12,Rail,17-12-2024,2024/12/27,3,10.0,Delayed,3331,4128.9,11443,7314.1
SHP_100431,SO_109083,WH_07,Road,07-06-2024,2024/06/11,6,4.0,On Time,2065,12090.6,40841,28750.4
SHP_100432,SO_104297,WH_06,Sea,24-01-2024,2024/02/02,5,9.0,Delayed,1603,15650.13,43010,27359.87
SHP_100433,SO_100164,WH_05,Rail,23-01-2024,2024/02/01,3,9.0,Delayed,781,13778.34,36086,22307.66
SHP_100434,SO_100869,WH_15,Air,16-07-2024,2024/07/18,4,2.0,On Time,1027,10592.14,43503,32910.86
SHP_100435,SO_105581,WH_02,Sea,12-05-2024,2024/05/16,5,4.0,On Time,2779,6412.08,19466,13053.92
SHP_100436,SO_100929,WH_08,Road,29-06-2024,2024/07/06,3,7.0,Delayed,1141,9427.22,33719,24291.78
SHP_100437,SO_104087,WH_07,Air,11-07-2024,2024/07/13,4,2.0,On Time,2476,4670.37,13769,9098.63
SHP_100438,SO_103002,WH_09,Sea,03-06-2024,2024/06/05,4,2.0,On Time,573,10557.43,30376,19818.57
SHP_100439,SO_102716,WH_06,Sea,23-03-2024,2024/03/29,6,6.0,On Time,2927,9696.1,46725,37028.9
SHP_100440,SO_105502,WH_02,Rail,02-05-2024,2024/05/06,6,4.0,On Time,624,10947.48,30222,19274.52
SHP_100441,SO_101966,WH_06,Rail,01-12-2024,2024/12/03,6,2.0,On Time,522,1634.8,6273,4638.2
SHP_100442,SO_104538,WH_07,Air,12-05-2024,2024/05/17,3,5.0,Delayed,3495,5590.89,15569,9978.11
SHP_100443,SO_100978,WH_02,Sea,04-05-2024,2024/05/06,4,2.0,On Time,886,5598.91,26341,20742.09
SHP_100444,SO_105927,WH_09,Air,14-11-2024,2024/11/16,7,2.0,On Time,4889,14433.24,43705,29271.76
SHP_100445,SO_101006,WH_12,Rail,11-12-2024,2024/12/21,7,10.0,Delayed,1891,11966.11,42553,30586.89
SHP_100446,SO_100612,WH_13,Rail,27-01-2024,2024/01/31,7,4.0,On Time,2464,1220.96,5672,4451.04
SHP_100447,SO_106352,WH_02,Road,08-02-2024,2024/02/12,7,4.0,On Time,1239,4795.81,14667,9871.19
SHP_100448,SO_103628,WH_04,Sea,26-09-2024,2024/09/28,3,2.0,On Time,3066,2132.82,7267,5134.18
SHP_100449,SO_104290,WH_01,Air,13-11-2024,2024/11/16,5,3.0,On Time,2931,11650.83,36293,24642.17
SHP_100450,SO_103571,WH_10,Air,09-08-2024,2024/08/12,7,3.0,On Time,4411,8685.24,41356,32670.76
SHP_100451,SO_100164,WH_08,Road,26-11-2024,2024/12/06,6,10.0,Delayed,2020,1920.44,8894,6973.56
SHP_100452,SO_105881,WH_12,Air,15-09-2024,2024/09/17,7,2.0,On Time,3581,7442.06,28794,21351.94
SHP_100453,SO_102929,WH_14,Road,18-04-2024,2024/04/21,4,3.0,On Time,1232,2064.15,7697,5632.85
SHP_100454,SO_109749,WH_09,Rail,16-12-2024,2024/12/20,7,4.0,On Time,2976,8896.74,37632,28735.26
SHP_100455,SO_100270,WH_04,Road,14-08-2024,2024/08/22,3,8.0,Delayed,216,8259.16,36320,28060.84
SHP_100456,SO_103483,WH_12,Rail,22-01-2024,2024/01/25,3,3.0,On Time,750,11486.74,28898,17411.26
SHP_100457,SO_101739,WH_05,Rail,22-07-2024,2024/07/25,4,3.0,On Time,4245,8823.56,27384,18560.44
SHP_100458,SO_106185,WH_13,Road,17-02-2024,2024/02/19,7,2.0,On Time,675,3060.07,10381,7320.93
SHP_100459,SO_106979,WH_04,Sea,08-10-2024,2024/10/14,5,6.0,Delayed,2049,16225.1,41424,25198.9
SHP_100460,SO_104459,WH_03,Rail,18-11-2024,2024/11/25,3,7.0,Delayed,4561,10126.48,28736,18609.52
SHP_100461,SO_103662,WH_14,Rail,17-10-2024,2024/10/25,6,8.0,Delayed,2927,4368.32,17401,13032.68
SHP_100462,SO_107254,WH_07,Air,20-10-2024,2024/10/25,7,5.0,On Time,4030,1789.55,5507,3717.45
SHP_100463,SO_106394,WH_12,Sea,03-06-2024,2024/06/06,6,3.0,On Time,4248,4681.07,22880,18198.93
SHP_100464,SO_109534,WH_06,Rail,24-06-2024,2024/06/30,3,6.0,Delayed,1276,6573.84,28603,22029.16
SHP_100465,SO_102580,WH_03,Sea,01-12-2024,2024/12/06,5,5.0,On Time,1826,3521.06,15639,12117.94
SHP_100466,SO_103751,WH_15,Road,21-02-2024,2024/02/28,6,7.0,Delayed,4904,16535.22,48296,31760.78
SHP_100467,SO_106567,WH_02,Road,02-06-2024,2024/06/06,4,4.0,On Time,4768,12046.4,39678,27631.6
SHP_100468,SO_102863,WH_01,Air,16-03-2024,2024/03/19,6,3.0,On Time,3274,2174.68,9457,7282.32
SHP_100469,SO_101615,WH_03,Air,15-11-2024,2024/11/22,5,7.0,Delayed,3713,6374.79,28401,22026.21
SHP_100470,SO_109831,WH_07,Road,20-11-2024,2024/11/26,5,6.0,Delayed,3429,10977.07,49751,38773.93
SHP_100471,SO_106903,WH_10,Road,08-01-2024,2024/01/15,4,7.0,Delayed,3090,10814.98,46542,35727.02
SHP_100472,SO_102316,WH_04,Road,21-03-2024,2024/03/29,4,8.0,Delayed,4015,13856.28,35035,21178.72
SHP_100473,SO_103414,WH_11,Road,07-01-2024,2024/01/12,6,5.0,On Time,4579,8010.05,27461,19450.95
SHP_100474,SO_103241,WH_12,Sea,19-09-2024,2024/09/22,7,3.0,On Time,2449,2811.46,10559,7747.54
SHP_100475,SO_104674,WH_01,Rail,03-09-2024,2024/09/07,5,4.0,On Time,3920,2529.79,9094,6564.21
SHP_100476,SO_107452,WH_10,Rail,30-01-2024,2024/02/08,5,9.0,Delayed,938,9712.92,43704,33991.08
SHP_100477,SO_107602,WH_08,Air,23-05-2024,2024/05/31,6,8.0,Delayed,4812,14712.68,44971,30258.32
SHP_100478,SO_103545,WH_02,Road,25-02-2024,2024/03/04,3,8.0,Delayed,1634,2060.09,9249,7188.91
SHP_100479,SO_109849,WH_15,Road,18-12-2024,2024/12/22,3,4.0,Delayed,3360,11351.71,30438,19086.29
SHP_100480,SO_105233,WH_10,Sea,02-05-2024,2024/05/09,5,7.0,Delayed,208,9126.13,37130,28003.87
SHP_100481,SO_101420,WH_02,Air,11-12-2024,2024/12/14,4,3.0,On Time,4461,10406.15,38389,27982.85
SHP_100482,SO_106987,WH_15,Road,17-08-2024,2024/08/22,4,5.0,Delayed,1003,2333.71,6755,4421.29
SHP_100483,SO_104370,WH_01,Rail,23-03-2024,2024/03/31,7,8.0,Delayed,1790,3504.17,11214,7709.83
SHP_100484,SO_109440,WH_04,Air,10-05-2024,2024/05/13,5,,Delayed,3183,11992.56,38340,26347.44
SHP_100485,SO_106784,WH_04,Road,24-07-2024,2024/07/26,6,2.0,On Time,4610,2903.06,8176,5272.94
SHP_100486,SO_109012,WH_04,Air,14-07-2024,2024/07/17,6,3.0,On Time,2165,13837.46,46652,32814.54
SHP_100487,SO_108769,WH_14,Sea,27-05-2024,2024/06/06,5,10.0,Delayed,265,4060.33,16186,12125.67
SHP_100488,SO_100820,WH_14,Sea,10-02-2024,2024/02/12,7,2.0,On Time,4900,5242.32,21192,15949.68
SHP_100489,SO_105690,WH_10,Sea,10-07-2024,2024/07/18,7,8.0,Delayed,1770,8300.72,27435,19134.28
SHP_100490,SO_107426,WH_01,Road,23-05-2024,2024/05/27,7,4.0,On Time,2832,-5679.38,15643,21322.38
SHP_100491,SO_106693,WH_06,Road,03-07-2024,2024/07/09,4,6.0,Delayed,359,1508.24,6119,4610.76
SHP_100492,SO_107001,WH_14,Air,24-01-2024,2024/01/26,7,2.0,On Time,2723,12415.06,41586,29170.94
SHP_100493,SO_109671,WH_04,Air,27-03-2024,2024/04/03,3,7.0,Delayed,811,4834.76,16794,11959.24
SHP_100494,SO_109742,WH_13,Sea,29-05-2024,2024/06/01,6,3.0,On Time,3657,5279.18,20019,14739.82
SHP_100495,SO_108468,WH_05,Air,05-06-2024,2024/06/14,5,9.0,Delayed,862,12642.22,33286,20643.78
SHP_100496,SO_100534,WH_12,Air,08-07-2024,2024/07/12,4,4.0,On Time,3362,4360.82,20784,16423.18
SHP_100497,SO_105251,WH_05,Road,09-05-2024,2024/05/19,6,,Delayed,880,6946.0,32974,26028.0
SHP_100498,SO_108076,WH_07,Air,04-11-2024,2024/11/12,4,8.0,Delayed,225,2585.39,7808,5222.61
SHP_100499,SO_102114,WH_03,Air,26-01-2024,2024/02/03,7,8.0,Delayed,4886,5282.85,23689,18406.15
SHP_100500,SO_101202,WH_06,Rail,17-10-2024,2024/10/27,7,10.0,Delayed,2309,1194.71,5237,4042.29
SHP_100501,SO_108899,WH_15,Sea,20-11-2024,2024/11/28,6,8.0,Delayed,1042,1459.03,5458,3998.97
SHP_100502,SO_101624,WH_01,Road,01-11-2024,2024/11/03,3,2.0,On Time,4702,12237.03,36398,24160.97
SHP_100503,SO_102988,WH_12,Air,28-11-2024,2024/12/02,6,4.0,On Time,2034,3637.89,15095,11457.11
SHP_100504,SO_108372,WH_06,Rail,25-09-2024,2024/09/30,6,5.0,On Time,1986,12036.55,45506,33469.45
SHP_100505,SO_102075,WH_10,Road,19-05-2024,2024/05/22,4,3.0,On Time,2581,8179.38,40578,32398.62
SHP_100506,SO_104800,WH_07,Air,17-03-2024,2024/03/25,6,8.0,Delayed,4739,12386.07,48437,36050.93
SHP_100507,SO_100768,WH_06,Air,06-09-2024,2024/09/10,6,4.0,On Time,4839,7103.78,20882,13778.22
SHP_100508,SO_103086,WH_14,Rail,22-02-2024,2024/02/25,6,3.0,On Time,2181,8674.3,26153,17478.7
SHP_100509,SO_103504,WH_15,Rail,28-11-2024,2024/12/02,5,4.0,On Time,1808,5807.66,21126,15318.34
SHP_100510,SO_103722,WH_13,Sea,02-06-2024,2024/06/05,5,3.0,On Time,2334,2228.3,8403,6174.7
SHP_100511,SO_104135,WH_14,Sea,17-09-2024,2024/09/19,5,2.0,On Time,753,7204.26,34796,27591.74
SHP_100512,SO_103864,WH_13,Sea,02-06-2024,2024/06/04,7,2.0,On Time,3445,5017.93,18212,13194.07
SHP_100513,SO_104894,WH_12,Air,23-03-2024,2024/03/30,5,7.0,Delayed,4960,11538.42,38663,27124.58
SHP_100514,SO_102257,WH_03,Sea,30-04-2024,2024/05/09,7,9.0,Delayed,673,8733.49,25353,16619.51
SHP_100515,SO_107604,WH_13,Rail,19-09-2024,2024/09/23,5,4.0,On Time,664,11445.67,40759,29313.33
SHP_100516,SO_106703,WH_07,Road,22-06-2024,2024/07/01,5,9.0,Delayed,1773,2233.47,10055,7821.53
SHP_100517,SO_102030,WH_07,Road,16-08-2024,2024/08/22,6,6.0,On Time,4179,13520.06,36368,22847.94
SHP_100518,SO_102964,WH_02,Road,18-02-2024,2024/02/26,5,8.0,Delayed,4182,8335.69,33707,25371.31
SHP_100519,SO_108056,WH_10,Air,09-11-2024,2024/11/13,6,4.0,On Time,4445,12913.37,44436,31522.63
SHP_100520,SO_103398,WH_15,Sea,19-09-2024,2024/09/27,3,8.0,Delayed,1677,-2577.38,7941,10518.38
SHP_100521,SO_105956,WH_01,Road,29-10-2024,2024/11/01,5,3.0,On Time,4915,14769.68,37215,22445.32
SHP_100522,SO_105871,WH_04,Air,10-02-2024,2024/02/13,7,3.0,On Time,3615,13992.55,47291,33298.45
SHP_100523,SO_103127,WH_04,Rail,18-02-2024,2024/02/23,5,5.0,On Time,844,1335.59,5866,4530.41
SHP_100524,SO_100063,WH_07,Road,15-03-2024,2024/03/20,5,5.0,On Time,2322,3485.04,9224,5738.96
SHP_100525,SO_102407,WH_13,Sea,21-12-2024,2024/12/28,6,7.0,Delayed,4062,5707.98,14565,8857.02
SHP_100526,SO_105455,WH_11,Air,07-12-2024,2024/12/11,4,4.0,On Time,2697,10188.06,32045,21856.94
SHP_100527,SO_107940,WH_05,Sea,25-06-2024,2024/07/01,4,6.0,Delayed,2951,13426.51,36537,23110.49
SHP_100528,SO_109706,WH_07,Sea,20-07-2024,2024/07/29,3,,Delayed,4700,6899.62,28136,21236.38
SHP_100529,SO_102703,WH_02,Road,19-09-2024,2024/09/21,7,2.0,On Time,3078,10602.54,44483,33880.46
SHP_100530,SO_101628,WH_11,Air,29-06-2024,2024/07/01,5,2.0,On Time,1268,6302.26,23162,16859.74
SHP_100531,SO_105541,WH_09,Rail,28-09-2024,2024/10/06,5,8.0,Delayed,1314,5279.47,21612,16332.53
SHP_100532,SO_106851,WH_12,Air,26-11-2024,2024/11/30,3,4.0,Delayed,2620,9807.38,26800,16992.62
SHP_100533,SO_109560,WH_11,Air,22-10-2024,2024/10/28,7,6.0,On Time,4839,14755.21,37472,22716.79
SHP_100534,SO_105749,WH_01,Rail,08-05-2024,2024/05/16,5,8.0,Delayed,4862,17484.86,43864,26379.14
SHP_100535,SO_106166,WH_01,Road,20-02-2024,2024/03/01,6,10.0,Delayed,1018,9763.29,26733,16969.71
SHP_100536,SO_108451,WH_07,Air,24-12-2024,2024/12/26,5,2.0,On Time,1050,4786.87,14083,9296.13
SHP_100537,SO_100623,WH_09,Road,10-01-2024,2024/01/13,7,3.0,On Time,4175,-2603.94,9647,12250.94
SHP_100538,SO_108661,WH_09,Sea,15-08-2024,2024/08/23,4,8.0,Delayed,3059,5251.93,14530,9278.07
SHP_100539,SO_106814,WH_09,Sea,25-11-2024,2024/12/04,3,9.0,Delayed,1899,3811.14,12250,8438.86
SHP_100540,SO_100537,WH_08,Sea,27-08-2024,2024/09/03,7,7.0,On Time,234,5712.54,24431,18718.46
SHP_100541,SO_105397,WH_09,Rail,27-08-2024,2024/08/31,7,4.0,On Time,4954,15925.18,44941,29015.82
SHP_100542,SO_106972,WH_14,Sea,24-06-2024,2024/06/27,4,3.0,On Time,1949,3376.93,10566,7189.07
SHP_100543,SO_101984,WH_13,Sea,18-04-2024,2024/04/20,4,,Delayed,2751,8665.59,37710,29044.41
SHP_100544,SO_100134,WH_10,Rail,11-12-2024,2024/12/14,6,3.0,On Time,4248,10748.66,27033,16284.34
SHP_100545,SO_105934,WH_14,Rail,20-12-2024,2024/12/29,7,9.0,Delayed,904,10115.59,47452,37336.41
SHP_100546,SO_100707,WH_10,Rail,25-05-2024,2024/06/03,7,9.0,Delayed,3852,7714.94,21800,14085.06
SHP_100547,SO_104277,WH_11,Sea,24-09-2024,2024/10/04,3,10.0,Delayed,3017,9080.07,25906,16825.93
SHP_100548,SO_107022,WH_01,Air,28-03-2024,2024/03/31,4,3.0,On Time,1811,11240.23,41201,29960.77
SHP_100549,SO_106018,WH_07,Air,15-02-2024,2024/02/20,4,5.0,Delayed,4319,12902.17,43593,30690.83
SHP_100550,SO_108697,WH_03,Sea,01-01-2024,2024/01/09,6,8.0,Delayed,3032,15720.03,48249,32528.97
SHP_100551,SO_101886,WH_14,Sea,17-04-2024,2024/04/24,7,7.0,On Time,2309,5477.52,17624,12146.48
SHP_100552,SO_105838,WH_04,Air,14-08-2024,2024/08/23,4,9.0,Delayed,4889,18587.29,48008,29420.71
SHP_100553,SO_108492,WH_08,Rail,20-06-2024,2024/06/27,5,7.0,Delayed,807,16742.28,44538,27795.72
SHP_100554,SO_109720,WH_09,Rail,07-03-2024,2024/03/11,7,4.0,On Time,258,15619.57,48404,32784.43
SHP_100555,SO_108385,WH_15,Road,07-05-2024,2024/05/15,5,8.0,Delayed,2814,7812.14,30201,22388.86
SHP_100556,SO_105359,WH_10,Rail,02-12-2024,2024/12/12,6,10.0,Delayed,1235,11866.77,48345,36478.23
SHP_100557,SO_105053,WH_08,Road,09-04-2024,2024/04/11,5,2.0,On Time,3343,8013.06,33583,25569.94
SHP_100558,SO_108595,WH_10,Road,30-11-2024,2024/12/08,4,8.0,Delayed,3267,2720.98,8231,5510.02
SHP_100559,SO_106887,WH_13,Air,05-09-2024,2024/09/09,7,4.0,On Time,3880,13043.93,36534,23490.07
SHP_100560,SO_102228,WH_14,Rail,01-06-2024,2024/06/04,7,3.0,On Time,319,10120.21,42948,32827.79
SHP_100561,SO_102705,WH_15,Air,04-04-2024,2024/04/07,5,3.0,On Time,3673,11580.26,39962,28381.74
SHP_100562,SO_109350,WH_03,Sea,23-09-2024,2024/10/03,3,10.0,Delayed,4215,9918.72,40653,30734.28
SHP_100563,SO_105777,WH_12,Road,27-08-2024,2024/09/03,3,7.0,Delayed,3701,15574.63,47068,31493.37
SHP_100564,SO_105657,WH_01,Air,16-10-2024,2024/10/19,7,3.0,On Time,1017,8115.99,23122,15006.01
SHP_100565,SO_103223,WH_01,Rail,11-02-2024,2024/02/18,5,7.0,Delayed,4138,9173.22,36726,27552.78
SHP_100566,SO_100993,WH_07,Rail,07-07-2024,2024/07/13,3,6.0,Delayed,2053,10827.35,28086,17258.65
SHP_100567,SO_109759,WH_11,Rail,23-02-2024,2024/03/02,5,8.0,Delayed,4004,7027.42,23804,16776.58
SHP_100568,SO_101437,WH_11,Rail,03-05-2024,2024/05/07,3,4.0,Delayed,1080,14934.43,38743,23808.57
SHP_100569,SO_107993,WH_08,Road,23-09-2024,2024/09/26,4,3.0,On Time,678,5854.54,27320,21465.46
SHP_100570,SO_105689,WH_07,Air,30-10-2024,2024/11/01,5,2.0,On Time,2249,17604.24,47402,29797.76
SHP_100571,SO_101587,WH_01,Rail,08-06-2024,2024/06/15,3,7.0,Delayed,4143,8033.39,24240,16206.61
SHP_100572,SO_104160,WH_08,Rail,19-09-2024,2024/09/28,6,9.0,Delayed,3228,9592.85,25160,15567.15
SHP_100573,SO_104073,WH_04,Sea,27-06-2024,2024/07/02,3,5.0,Delayed,228,6610.98,29748,23137.02
SHP_100574,SO_106641,WH_02,Sea,10-04-2024,2024/04/17,6,7.0,Delayed,4199,6229.52,18485,12255.48
SHP_100575,SO_101334,WH_08,Sea,05-06-2024,2024/06/10,5,5.0,On Time,3303,3414.97,14950,11535.03
SHP_100576,SO_107642,WH_12,Sea,13-06-2024,2024/06/22,6,9.0,Delayed,4109,6657.4,28742,22084.6
SHP_100577,SO_105358,WH_02,Sea,02-06-2024,2024/06/06,7,4.0,On Time,2392,9047.42,36874,27826.58
SHP_100578,SO_105617,WH_07,Road,15-01-2024,2024/01/22,7,7.0,On Time,1176,12944.96,49158,36213.04
SHP_100579,SO_105967,WH_04,Rail,05-09-2024,2024/09/13,7,8.0,Delayed,4692,3684.66,13212,9527.34
SHP_100580,SO_105630,WH_04,Air,03-06-2024,2024/06/12,5,9.0,Delayed,918,11720.94,46867,35146.06
SHP_100581,SO_105280,WH_02,Rail,10-12-2024,2024/12/18,4,8.0,Delayed,2411,2195.77,6803,4607.23
SHP_100582,SO_106118,WH_11,Rail,18-10-2024,2024/10/25,3,7.0,Delayed,3968,6896.36,33802,26905.64
SHP_100583,SO_106168,WH_03,Air,12-10-2024,2024/10/19,5,7.0,Delayed,4319,12088.88,36468,24379.12
SHP_100584,SO_104838,WH_06,Air,24-12-2024,2025/01/03,3,10.0,Delayed,4763,2183.87,9262,7078.13
SHP_100585,SO_100301,WH_03,Air,18-07-2024,2024/07/20,5,2.0,On Time,933,3521.74,17482,13960.26
SHP_100586,SO_104880,WH_15,Air,24-12-2024,2024/12/29,7,5.0,On Time,4824,11611.09,40141,28529.91
SHP_100587,SO_102245,WH_15,Road,09-10-2024,2024/10/12,7,3.0,On Time,3677,3395.85,11877,8481.15
SHP_100588,SO_107682,WH_13,Rail,22-12-2024,2024/12/25,5,3.0,On Time,4773,7763.72,24068,16304.28
SHP_100589,SO_107990,WH_08,Road,27-05-2024,2024/06/06,7,10.0,Delayed,836,11749.82,37920,26170.18
SHP_100590,SO_106830,WH_13,Air,05-09-2024,2024/09/13,7,8.0,Delayed,895,10353.73,29782,19428.27
SHP_100591,SO_100166,WH_12,Sea,13-08-2024,2024/08/20,3,7.0,Delayed,1605,10345.43,30190,19844.57
SHP_100592,SO_100242,WH_10,Air,29-07-2024,2024/08/04,3,6.0,Delayed,2529,8607.25,24925,16317.75
SHP_100593,SO_102575,WH_13,Air,28-02-2024,2024/03/07,6,8.0,Delayed,1726,-12152.1,45468,57620.1
SHP_100594,SO_106937,WH_13,Air,13-05-2024,2024/05/17,6,4.0,On Time,3022,2718.43,11757,9038.57
SHP_100595,SO_107852,WH_12,Road,12-11-2024,2024/11/22,7,10.0,Delayed,456,14665.18,39527,24861.82
SHP_100596,SO_100367,WH_01,Rail,23-12-2024,2024/12/31,6,8.0,Delayed,3836,9764.61,32268,22503.39
SHP_100597,SO_108677,WH_15,Rail,27-06-2024,2024/06/29,7,2.0,On Time,1112,9744.54,38639,28894.46
SHP_100598,SO_100586,WH_06,Sea,05-02-2024,2024/02/13,4,8.0,Delayed,3549,5847.51,25812,19964.49
SHP_100599,SO_106952,WH_14,Road,22-12-2024,2024/12/30,4,8.0,Delayed,320,-2259.5,11049,13308.5
SHP_100600,SO_103774,WH_07,Rail,23-02-2024,2024/02/25,4,2.0,On Time,1193,6507.34,27912,21404.66
SHP_100601,SO_100405,WH_01,Sea,01-07-2024,2024/07/06,4,5.0,Delayed,1441,11023.53,27605,16581.47
SHP_100602,SO_108566,WH_01,Air,13-12-2024,2024/12/23,5,10.0,Delayed,4511,3156.05,14732,11575.95
SHP_100603,SO_103234,WH_06,Sea,27-01-2024,2024/02/06,3,10.0,Delayed,1530,4166.82,16517,12350.18
SHP_100604,SO_102625,WH_14,Road,31-07-2024,2024/08/03,6,3.0,On Time,1066,2149.91,8926,6776.09
SHP_100605,SO_102873,WH_11,Road,10-05-2024,2024/05/18,7,8.0,Delayed,750,8540.86,22380,13839.14
SHP_100606,SO_103030,WH_12,Air,12-02-2024,2024/02/15,3,3.0,On Time,4394,3213.34,11177,7963.66
SHP_100607,SO_107334,WH_05,Road,07-11-2024,2024/11/14,4,7.0,Delayed,3127,1860.14,6513,4652.86
SHP_100608,SO_100537,WH_05,Rail,04-08-2024,2024/08/06,6,2.0,On Time,680,5974.78,24005,18030.22
SHP_100609,SO_109491,WH_14,Road,12-12-2024,2024/12/15,4,3.0,On Time,269,14944.05,38400,23455.95
SHP_100610,SO_102239,WH_07,Road,03-11-2024,2024/11/13,5,10.0,Delayed,2177,8337.21,30140,21802.79
SHP_100611,SO_102249,WH_02,Rail,01-09-2024,2024/09/09,5,8.0,Delayed,1226,7812.19,27755,19942.81
SHP_100612,SO_105579,WH_09,Air,26-01-2024,2024/02/04,5,9.0,Delayed,2925,-12873.02,43107,55980.02
SHP_100613,SO_100062,WH_04,Road,23-02-2024,2024/03/01,7,7.0,On Time,4056,7817.24,22901,15083.76
SHP_100614,SO_100085,WH_14,Air,09-02-2024,2024/02/16,5,7.0,Delayed,4108,6338.13,21224,14885.87
SHP_100615,SO_108758,WH_06,Rail,29-01-2024,2024/02/03,5,5.0,On Time,2495,10923.98,45602,34678.02
SHP_100616,SO_104806,WH_11,Rail,26-08-2024,2024/09/05,4,10.0,Delayed,204,4086.81,19877,15790.19
SHP_100617,SO_100752,WH_15,Air,05-10-2024,2024/10/11,5,6.0,Delayed,2903,3955.73,16856,12900.27
SHP_100618,SO_103309,WH_04,Road,26-08-2024,2024/08/28,3,2.0,On Time,2625,14783.41,47278,32494.59
SHP_100619,SO_106553,WH_13,Road,14-09-2024,2024/09/19,7,,Delayed,2240,12952.35,42248,29295.65
SHP_100620,SO_108801,WH_10,Rail,08-10-2024,2024/10/11,7,3.0,On Time,1731,8949.25,44378,35428.75
SHP_100621,SO_107248,WH_07,Air,12-06-2024,2024/06/19,6,7.0,Delayed,3335,6065.67,16660,10594.33
SHP_100622,SO_103712,WH_01,Air,28-06-2024,2024/07/04,4,6.0,Delayed,2081,2125.67,8610,6484.33
SHP_100623,SO_102492,WH_09,Sea,16-03-2024,2024/03/21,7,5.0,On Time,336,13311.03,40415,27103.97
SHP_100624,SO_108293,WH_14,Sea,19-12-2024,2024/12/27,4,8.0,Delayed,4376,7635.86,28300,20664.14
SHP_100625,SO_103462,WH_09,Sea,18-06-2024,2024/06/27,5,9.0,Delayed,695,15305.84,47201,31895.16
SHP_100626,SO_108913,WH_10,Rail,10-05-2024,2024/05/15,4,5.0,Delayed,4045,11561.59,46529,34967.41
SHP_100627,SO_100238,WH_08,Rail,04-09-2024,2024/09/14,7,10.0,Delayed,467,1436.13,5851,4414.87
SHP_100628,SO_105103,WH_09,Air,14-11-2024,2024/11/18,3,4.0,Delayed,2434,14895.39,43467,28571.61
SHP_100629,SO_105664,WH_11,Road,05-09-2024,2024/09/09,4,4.0,On Time,349,8525.08,36227,27701.92
SHP_100630,SO_107901,WH_14,Sea,16-06-2024,2024/06/18,3,2.0,On Time,4534,-8608.03,25016,33624.03
SHP_100631,SO_103596,WH_11,Rail,28-05-2024,2024/06/02,5,5.0,On Time,870,13312.87,43515,30202.13
SHP_100632,SO_108287,WH_01,Road,17-09-2024,2024/09/22,3,5.0,Delayed,4557,10115.26,37912,27796.74
SHP_100633,SO_104675,WH_02,Air,27-06-2024,2024/07/05,3,8.0,Delayed,2306,1578.3,5863,4284.7
SHP_100634,SO_104438,WH_07,Rail,02-09-2024,2024/09/06,5,4.0,On Time,2450,17091.39,47448,30356.61
SHP_100635,SO_100428,WH_07,Road,23-01-2024,2024/02/01,3,9.0,Delayed,3112,7584.04,31155,23570.96
SHP_100636,SO_107668,WH_09,Road,29-02-2024,2024/03/08,4,8.0,Delayed,573,12285.89,42752,30466.11
SHP_100637,SO_103459,WH_02,Road,22-04-2024,2024/04/28,7,6.0,On Time,4698,7721.9,23288,15566.1
SHP_100638,SO_100707,WH_01,Sea,29-09-2024,2024/10/04,5,5.0,On Time,1094,5231.11,14138,8906.89
SHP_100639,SO_109018,WH_05,Air,01-03-2024,2024/03/06,3,5.0,Delayed,4478,18323.06,49264,30940.94
SHP_100640,SO_100968,WH_01,Air,29-10-2024,2024/11/04,4,6.0,Delayed,4995,5060.66,25124,20063.34
SHP_100641,SO_105563,WH_10,Road,16-06-2024,2024/06/18,7,2.0,On Time,1445,14638.72,37043,22404.28
SHP_100642,SO_101905,WH_09,Sea,16-11-2024,2024/11/21,6,5.0,On Time,2428,5982.29,29764,23781.71
SHP_100643,SO_100325,WH_02,Road,06-04-2024,2024/04/09,7,3.0,On Time,2267,9092.56,30587,21494.44
SHP_100644,SO_107107,WH_13,Road,21-11-2024,2024/11/27,7,6.0,On Time,1994,9365.8,41252,31886.2
SHP_100645,SO_100180,WH_07,Road,29-09-2024,2024/10/05,7,6.0,On Time,3586,11657.33,36881,25223.67
SHP_100646,SO_107604,WH_05,Rail,21-07-2024,2024/07/23,3,2.0,On Time,3021,1286.18,5952,4665.82
SHP_100647,SO_101190,WH_11,Air,19-11-2024,2024/11/21,7,2.0,On Time,3965,7480.0,26992,19512.0
SHP_100648,SO_102272,WH_07,Sea,04-08-2024,2024/08/13,4,9.0,Delayed,915,7919.91,21009,13089.09
SHP_100649,SO_103455,WH_10,Road,29-12-2024,2024/12/31,3,2.0,On Time,1791,2101.32,7801,5699.68
SHP_100650,SO_105489,WH_10,Road,22-12-2024,2024/12/29,4,7.0,Delayed,3814,-1639.67,5428,7067.67
SHP_100651,SO_107221,WH_15,Road,22-08-2024,2024/09/01,3,10.0,Delayed,4206,7989.49,37414,29424.51
SHP_100652,SO_100484,WH_15,Rail,22-06-2024,2024/07/01,7,9.0,Delayed,2058,13412.59,42471,29058.41
SHP_100653,SO_100713,WH_05,Sea,27-05-2024,2024/06/04,5,8.0,Delayed,4331,5325.05,13542,8216.95
SHP_100654,SO_109033,WH_03,Road,03-10-2024,2024/10/05,3,2.0,On Time,3149,5875.54,19883,14007.46
SHP_100655,SO_102522,WH_11,Rail,27-05-2024,2024/06/02,4,6.0,Delayed,3072,11565.53,30707,19141.47
SHP_100656,SO_102858,WH_10,Air,16-02-2024,2024/02/25,3,9.0,Delayed,3500,3370.19,8804,5433.81
SHP_100657,SO_108265,WH_14,Air,26-11-2024,2024/12/05,3,9.0,Delayed,2662,10031.31,32717,22685.69
SHP_100658,SO_102348,WH_07,Air,12-05-2024,2024/05/15,3,3.0,On Time,1921,16886.4,44771,27884.6
SHP_100659,SO_107120,WH_14,Air,23-01-2024,2024/01/27,7,4.0,On Time,4827,4395.24,17414,13018.76
SHP_100660,SO_109392,WH_04,Air,27-02-2024,2024/03/06,5,8.0,Delayed,2890,11274.21,41237,29962.79
SHP_100661,SO_109399,WH_01,Rail,21-08-2024,2024/08/28,6,7.0,Delayed,2666,3535.24,12995,9459.76
SHP_100662,SO_103655,WH_11,Road,22-01-2024,2024/01/24,5,2.0,On Time,391,14901.98,38303,23401.02
SHP_100663,SO_107069,WH_15,Air,19-04-2024,2024/04/23,6,4.0,On Time,4721,8883.53,34300,25416.47
SHP_100664,SO_105153,WH_01,Road,28-02-2024,2024/03/08,4,9.0,Delayed,1906,5780.5,27132,21351.5
SHP_100665,SO_103788,WH_08,Road,11-03-2024,2024/03/19,3,8.0,Delayed,3180,10918.41,33414,22495.59
SHP_100666,SO_106902,WH_13,Rail,10-08-2024,2024/08/12,3,2.0,On Time,2746,13255.16,49954,36698.84
SHP_100667,SO_107800,WH_13,Road,20-03-2024,2024/03/26,3,6.0,Delayed,4977,-9934.47,26179,36113.47
SHP_100668,SO_101446,WH_10,Sea,28-03-2024,2024/03/30,4,2.0,On Time,342,1586.54,6009,4422.46
SHP_100669,SO_107010,WH_12,Air,01-07-2024,2024/07/04,3,3.0,On Time,1692,9054.73,37204,28149.27
SHP_100670,SO_100310,WH_10,Sea,20-10-2024,2024/10/27,6,7.0,Delayed,2235,5294.26,24052,18757.74
SHP_100671,SO_106199,WH_01,Sea,10-02-2024,2024/02/20,3,10.0,Delayed,4074,2397.95,7918,5520.05
SHP_100672,SO_109175,WH_07,Rail,27-12-2024,2024/12/29,5,2.0,On Time,2885,16915.02,45559,28643.98
SHP_100673,SO_102503,WH_14,Air,21-09-2024,2024/09/25,3,4.0,Delayed,958,12433.78,46336,33902.22
SHP_100674,SO_108419,WH_01,Air,28-05-2024,2024/06/07,4,10.0,Delayed,4523,5474.58,21389,15914.42
SHP_100675,SO_109428,WH_13,Air,11-07-2024,2024/07/15,4,4.0,On Time,1099,12844.37,36761,23916.63
SHP_100676,SO_102942,WH_15,Rail,18-10-2024,2024/10/28,7,10.0,Delayed,728,6272.31,24780,18507.69
SHP_100677,SO_104218,WH_13,Rail,15-01-2024,2024/01/23,7,8.0,Delayed,4320,17324.43,45457,28132.57
SHP_100678,SO_105251,WH_14,Sea,07-09-2024,2024/09/10,5,,Delayed,1375,10798.8,28815,18016.2
SHP_100679,SO_101698,WH_07,Air,02-11-2024,2024/11/07,4,5.0,Delayed,3290,15748.09,39873,24124.91
SHP_100680,SO_104505,WH_07,Rail,07-11-2024,2024/11/09,3,2.0,On Time,2610,17253.55,43211,25957.45
SHP_100681,SO_102125,WH_06,Sea,22-07-2024,2024/07/30,6,8.0,Delayed,3796,4409.65,14430,10020.35
SHP_100682,SO_107248,WH_15,Sea,11-12-2024,2024/12/19,6,8.0,Delayed,1622,5473.21,16053,10579.79
SHP_100683,SO_103870,WH_10,Rail,16-05-2024,2024/05/23,5,7.0,Delayed,2841,10113.49,41231,31117.51
SHP_100684,SO_104030,WH_01,Sea,05-03-2024,2024/03/12,7,7.0,On Time,1503,5662.7,21108,15445.3
SHP_100685,SO_103312,WH_06,Rail,10-07-2024,2024/07/19,6,9.0,Delayed,4825,6473.81,25361,18887.19
SHP_100686,SO_108198,WH_07,Rail,01-07-2024,2024/07/03,5,2.0,On Time,1639,6657.62,25329,18671.38
SHP_100687,SO_107205,WH_07,Rail,03-12-2024,2024/12/06,7,3.0,On Time,3202,3795.02,10912,7116.98
SHP_100688,SO_104052,WH_14,Rail,01-11-2024,2024/11/09,6,8.0,Delayed,2133,5347.25,13771,8423.75
SHP_100689,SO_106599,WH_01,Air,02-06-2024,2024/06/04,7,2.0,On Time,1880,11175.14,34071,22895.86
SHP_100690,SO_104134,WH_07,Road,22-04-2024,2024/04/29,7,7.0,On Time,2439,5573.45,15025,9451.55
SHP_100691,SO_106767,WH_07,Air,26-02-2024,2024/03/06,6,9.0,Delayed,608,13439.32,48215,34775.68
SHP_100692,SO_107570,WH_03,Air,20-08-2024,2024/08/26,4,6.0,Delayed,1305,4922.36,22429,17506.64
SHP_100693,SO_109086,WH_14,Road,21-11-2024,2024/12/01,5,10.0,Delayed,1487,6462.21,32110,25647.79
SHP_100694,SO_109680,WH_01,Rail,05-08-2024,2024/08/07,6,2.0,On Time,1623,9908.12,31056,21147.88
SHP_100695,SO_107754,WH_11,Rail,04-03-2024,2024/03/08,3,4.0,Delayed,3076,18447.41,46686,28238.59
SHP_100696,SO_106826,WH_12,Sea,07-07-2024,2024/07/09,7,2.0,On Time,1715,12610.04,45449,32838.96
SHP_100697,SO_100551,WH_08,Sea,10-08-2024,2024/08/16,7,6.0,On Time,2384,4527.48,12101,7573.52
SHP_100698,SO_100457,WH_12,Air,11-10-2024,2024/10/13,4,2.0,On Time,4293,9364.25,30259,20894.75
SHP_100699,SO_101042,WH_12,Rail,14-06-2024,2024/06/23,5,9.0,Delayed,307,13990.28,38349,24358.72
SHP_100700,SO_107723,WH_02,Rail,14-04-2024,2024/04/22,5,8.0,Delayed,666,5668.11,25441,19772.89
SHP_100701,SO_104333,WH_05,Road,02-01-2024,2024/01/07,6,5.0,On Time,2555,4625.64,13295,8669.36
SHP_100702,SO_104203,WH_13,Rail,11-12-2024,2024/12/14,6,3.0,On Time,3222,1906.44,6806,4899.56
SHP_100703,SO_108764,WH_09,Road,20-04-2024,2024/04/29,3,9.0,Delayed,515,1557.57,6270,4712.43
SHP_100704,SO_105597,WH_08,Road,06-05-2024,2024/05/16,5,10.0,Delayed,705,11381.88,47034,35652.12
SHP_100705,SO_109081,WH_05,Road,13-06-2024,2024/06/17,6,4.0,On Time,1843,3565.62,9225,5659.38
SHP_100706,SO_102734,WH_09,Sea,21-07-2024,2024/07/30,5,9.0,Delayed,1481,13551.32,43751,30199.68
SHP_100707,SO_109783,WH_12,Sea,15-02-2024,2024/02/23,6,8.0,Delayed,1265,5440.4,15195,9754.6
SHP_100708,SO_107271,WH_15,Rail,06-03-2024,2024/03/08,5,2.0,On Time,1269,11798.62,36103,24304.38
SHP_100709,SO_108589,WH_13,Sea,17-03-2024,2024/03/20,3,,Delayed,4056,10222.28,34209,23986.72
SHP_100710,SO_105145,WH_13,Air,27-02-2024,2024/02/29,7,2.0,On Time,2737,16354.61,46139,29784.39
SHP_100711,SO_105394,WH_08,Rail,27-02-2024,2024/03/01,5,3.0,On Time,1905,14638.32,39163,24524.68
SHP_100712,SO_104191,WH_05,Air,20-08-2024,2024/08/22,5,2.0,On Time,746,11194.81,46750,35555.19
SHP_100713,SO_102554,WH_10,Sea,17-12-2024,2024/12/22,6,5.0,On Time,1697,8169.92,23806,15636.08
SHP_100714,SO_105724,WH_11,Rail,17-10-2024,2024/10/24,3,7.0,Delayed,879,7771.34,24486,16714.66
SHP_100715,SO_102696,WH_01,Road,16-12-2024,2024/12/24,3,8.0,Delayed,714,5755.56,28140,22384.44
SHP_100716,SO_103369,WH_02,Sea,05-05-2024,2024/05/11,5,6.0,Delayed,3146,4727.22,11939,7211.78
SHP_100717,SO_102090,WH_09,Rail,24-09-2024,2024/09/29,7,5.0,On Time,4927,7496.5,20948,13451.5
SHP_100718,SO_100910,WH_04,Sea,23-04-2024,2024/05/03,5,10.0,Delayed,4380,2884.67,11740,8855.33
SHP_100719,SO_106728,WH_14,Sea,10-04-2024,2024/04/15,7,5.0,On Time,3435,1643.82,5338,3694.18
SHP_100720,SO_108784,WH_15,Rail,26-04-2024,2024/04/29,6,3.0,On Time,1578,6439.14,26153,19713.86
SHP_100721,SO_107159,WH_01,Sea,25-02-2024,2024/02/29,7,4.0,On Time,4482,10556.68,36390,25833.32
SHP_100722,SO_100623,WH_01,Air,19-04-2024,2024/04/24,7,5.0,On Time,2048,3115.07,15305,12189.93
SHP_100723,SO_106965,WH_11,Road,22-05-2024,2024/05/28,4,6.0,Delayed,4475,5441.07,18484,13042.93
SHP_100724,SO_108358,WH_10,Road,08-11-2024,2024/11/11,7,3.0,On Time,2600,4432.41,11569,7136.59
SHP_100725,SO_100904,WH_07,Rail,07-07-2024,2024/07/12,5,5.0,On Time,2708,10519.32,48113,37593.68
SHP_100726,SO_103400,WH_04,Air,02-02-2024,2024/02/06,7,4.0,On Time,4507,-2205.23,6173,8378.23
SHP_100727,SO_109877,WH_10,Rail,18-12-2024,2024/12/23,4,5.0,Delayed,3903,9708.05,27204,17495.95
SHP_100728,SO_102745,WH_14,Sea,25-04-2024,2024/04/30,6,5.0,On Time,3613,13153.68,48534,35380.32
SHP_100729,SO_101104,WH_05,Air,06-07-2024,2024/07/16,4,10.0,Delayed,346,4560.64,15455,10894.36
SHP_100730,SO_103156,WH_05,Air,04-01-2024,2024/01/11,5,7.0,Delayed,3347,5971.73,17416,11444.27
SHP_100731,SO_102609,WH_07,Road,03-12-2024,2024/12/05,6,2.0,On Time,905,6225.06,18548,12322.94
SHP_100732,SO_108002,WH_02,Rail,03-11-2024,2024/11/13,4,10.0,Delayed,3260,13558.7,35116,21557.3
SHP_100733,SO_100336,WH_03,Air,10-06-2024,2024/06/14,7,4.0,On Time,2146,5755.63,19816,14060.37
SHP_100734,SO_104561,WH_09,Air,07-08-2024,2024/08/14,7,7.0,On Time,4525,5641.28,23177,17535.72
SHP_100735,SO_108898,WH_04,Air,22-11-2024,2024/12/02,5,10.0,Delayed,366,5409.49,19594,14184.51
SHP_100736,SO_101685,WH_15,Road,28-09-2024,2024/10/07,4,9.0,Delayed,2005,3238.17,9901,6662.83
SHP_100737,SO_102718,WH_06,Rail,15-04-2024,2024/04/23,3,8.0,Delayed,3318,13792.39,35760,21967.61
SHP_100738,SO_102813,WH_08,Sea,10-08-2024,2024/08/13,6,,Delayed,3732,6621.28,16617,9995.72
SHP_100739,SO_104753,WH_15,Road,02-09-2024,2024/09/09,3,7.0,Delayed,1621,12666.37,43095,30428.63
SHP_100740,SO_106848,WH_09,Air,19-10-2024,2024/10/28,7,9.0,Delayed,3326,9117.43,28284,19166.57
SHP_100741,SO_101564,WH_09,Rail,19-11-2024,2024/11/28,6,9.0,Delayed,2330,15701.26,43085,27383.74
SHP_100742,SO_101388,WH_01,Road,31-08-2024,2024/09/09,5,9.0,Delayed,369,3043.77,7716,4672.23
SHP_100743,SO_107699,WH_05,Rail,20-12-2024,2024/12/28,7,8.0,Delayed,1097,2498.87,12494,9995.13
SHP_100744,SO_102210,WH_07,Air,20-03-2024,2024/03/27,7,7.0,On Time,4420,3415.9,12118,8702.1
SHP_100745,SO_103633,WH_01,Rail,03-09-2024,2024/09/13,6,10.0,Delayed,807,4538.99,21567,17028.01
SHP_100746,SO_100433,WH_06,Rail,02-08-2024,2024/08/06,6,4.0,On Time,2172,13501.97,40918,27416.03
SHP_100747,SO_109162,WH_03,Road,18-01-2024,2024/01/23,4,5.0,Delayed,3210,2911.35,14556,11644.65
SHP_100748,SO_102072,WH_14,Sea,17-03-2024,2024/03/26,6,9.0,Delayed,3383,2421.9,11785,9363.1
SHP_100749,SO_107343,WH_07,Rail,14-11-2024,2024/11/18,7,4.0,On Time,3468,15240.3,38275,23034.7
SHP_100750,SO_108290,WH_14,Road,11-05-2024,2024/05/16,5,5.0,On Time,3920,5048.51,17182,12133.49
SHP_100751,SO_104853,WH_13,Rail,29-02-2024,2024/03/09,4,9.0,Delayed,448,7731.74,24444,16712.26
SHP_100752,SO_108233,WH_02,Air,17-08-2024,2024/08/19,7,2.0,On Time,362,17032.92,43783,26750.08
SHP_100753,SO_103406,WH_10,Air,13-08-2024,2024/08/18,4,5.0,Delayed,3962,8482.9,41592,33109.1
SHP_100754,SO_106643,WH_03,Road,21-03-2024,2024/03/25,7,4.0,On Time,2993,4777.78,14603,9825.22
SHP_100755,SO_107744,WH_02,Rail,28-06-2024,2024/07/02,5,4.0,On Time,2857,17239.06,45861,28621.94
SHP_100756,SO_109673,WH_12,Road,02-06-2024,2024/06/11,4,9.0,Delayed,713,3896.37,19341,15444.63
SHP_100757,SO_103904,WH_05,Air,04-02-2024,2024/02/12,3,8.0,Delayed,4640,9815.65,47732,37916.35
SHP_100758,SO_106891,WH_07,Rail,04-02-2024,2024/02/07,4,3.0,On Time,3054,9917.63,44757,34839.37
SHP_100759,SO_105918,WH_08,Road,03-03-2024,2024/03/05,4,2.0,On Time,209,2121.59,5678,3556.41
SHP_100760,SO_102334,WH_09,Road,20-08-2024,2024/08/25,6,5.0,On Time,1925,6589.2,32355,25765.8
SHP_100761,SO_101594,WH_05,Sea,11-05-2024,2024/05/19,3,8.0,Delayed,3667,11425.28,42210,30784.72
SHP_100762,SO_102129,WH_12,Rail,23-05-2024,2024/05/25,5,2.0,On Time,3027,11958.64,33151,21192.36
SHP_100763,SO_101690,WH_12,Sea,03-05-2024,2024/05/10,4,7.0,Delayed,1255,10545.84,45685,35139.16
SHP_100764,SO_109999,WH_15,Road,22-09-2024,2024/09/30,4,8.0,Delayed,2584,4281.29,14314,10032.71
SHP_100765,SO_100744,WH_05,Air,28-08-2024,2024/09/06,4,9.0,Delayed,3953,9805.54,44970,35164.46
SHP_100766,SO_104442,WH_04,Road,29-02-2024,2024/03/05,7,5.0,On Time,1194,14705.73,43779,29073.27
SHP_100767,SO_102026,WH_12,Road,18-09-2024,2024/09/21,3,3.0,On Time,1189,2244.92,6580,4335.08
SHP_100768,SO_105079,WH_15,Sea,29-11-2024,2024/12/04,5,5.0,On Time,1072,2799.95,7474,4674.05
SHP_100769,SO_106044,WH_01,Rail,14-11-2024,2024/11/23,3,,Delayed,4067,5515.3,22513,16997.7
SHP_100770,SO_109340,WH_01,Sea,07-02-2024,2024/02/15,7,8.0,Delayed,2302,15153.69,38790,23636.31
SHP_100771,SO_106110,WH_04,Rail,04-06-2024,2024/06/14,6,10.0,Delayed,1296,-1423.45,6593,8016.45
SHP_100772,SO_101332,WH_03,Road,23-04-2024,2024/05/01,7,8.0,Delayed,4925,8477.58,29679,21201.42
SHP_100773,SO_103421,WH_12,Rail,27-04-2024,2024/04/30,3,3.0,On Time,4272,10089.79,29818,19728.21
SHP_100774,SO_102642,WH_02,Road,27-09-2024,2024/10/07,3,10.0,Delayed,864,9231.81,28488,19256.19
SHP_100775,SO_109093,WH_09,Road,30-12-2024,2025/01/01,7,2.0,On Time,1897,2563.26,12787,10223.74
SHP_100776,SO_109714,WH_03,Air,31-07-2024,2024/08/03,7,3.0,On Time,971,9251.55,29402,20150.45
SHP_100777,SO_102027,WH_11,Rail,07-09-2024,2024/09/13,3,6.0,Delayed,939,14889.75,46444,31554.25
SHP_100778,SO_107521,WH_10,Rail,28-05-2024,2024/05/31,5,3.0,On Time,2366,18629.79,47848,29218.21
SHP_100779,SO_108404,WH_15,Sea,08-08-2024,2024/08/13,6,5.0,On Time,2043,9606.31,30593,20986.69
SHP_100780,SO_103041,WH_10,Air,19-01-2024,2024/01/24,3,5.0,Delayed,1105,3393.07,16489,13095.93
SHP_100781,SO_109088,WH_14,Road,19-05-2024,2024/05/21,6,2.0,On Time,2525,11905.89,35247,23341.11
SHP_100782,SO_105377,WH_05,Sea,12-12-2024,2024/12/21,6,9.0,Delayed,2759,3388.8,11919,8530.2
SHP_100783,SO_105218,WH_03,Road,10-09-2024,2024/09/16,5,6.0,Delayed,3362,14533.39,41369,26835.61
SHP_100784,SO_109840,WH_12,Road,10-08-2024,2024/08/16,3,6.0,Delayed,828,18291.3,47493,29201.7
SHP_100785,SO_105743,WH_04,Rail,03-11-2024,2024/11/07,3,4.0,Delayed,3559,6069.55,21799,15729.45
SHP_100786,SO_107702,WH_09,Road,16-08-2024,2024/08/21,4,5.0,Delayed,3405,2114.09,6515,4400.91
SHP_100787,SO_101528,WH_14,Sea,04-11-2024,2024/11/09,5,5.0,On Time,2230,5526.81,24985,19458.19
SHP_100788,SO_109869,WH_15,Road,21-04-2024,2024/04/23,6,2.0,On Time,2822,12030.29,42230,30199.71
SHP_100789,SO_103255,WH_14,Air,01-04-2024,2024/04/05,4,4.0,On Time,970,10337.86,32764,22426.14
SHP_100790,SO_105260,WH_12,Road,01-04-2024,2024/04/10,5,9.0,Delayed,4460,4324.2,16074,11749.8
SHP_100791,SO_102576,WH_08,Air,21-03-2024,2024/03/30,5,9.0,Delayed,3473,8200.32,22167,13966.68
SHP_100792,SO_103270,WH_05,Sea,29-10-2024,2024/10/31,7,2.0,On Time,2675,7988.4,37756,29767.6
SHP_100793,SO_107402,WH_06,Sea,27-08-2024,2024/08/31,5,4.0,On Time,1694,6426.53,18586,12159.47
SHP_100794,SO_102971,WH_15,Rail,10-11-2024,2024/11/14,5,4.0,On Time,1036,11500.31,45262,33761.69
SHP_100795,SO_101501,WH_08,Rail,05-03-2024,2024/03/15,7,10.0,Delayed,4443,15109.2,45402,30292.8
SHP_100796,SO_102154,WH_15,Air,16-07-2024,2024/07/26,5,10.0,Delayed,4487,10964.76,29654,18689.24
SHP_100797,SO_106862,WH_08,Sea,11-08-2024,2024/08/16,4,5.0,Delayed,832,5448.05,22966,17517.95
SHP_100798,SO_100609,WH_09,Sea,28-08-2024,2024/09/07,6,10.0,Delayed,1176,13349.93,39023,25673.07
SHP_100799,SO_109462,WH_06,Air,19-09-2024,2024/09/25,4,6.0,Delayed,4502,9762.83,38205,28442.17
SHP_100800,SO_107247,WH_15,Road,22-05-2024,2024/05/30,5,8.0,Delayed,2487,6898.72,19263,12364.28
SHP_100801,SO_105650,WH_06,Road,01-06-2024,2024/06/07,3,6.0,Delayed,953,2498.18,8883,6384.82
SHP_100802,SO_104710,WH_02,Road,14-06-2024,2024/06/16,7,2.0,On Time,820,14622.52,38116,23493.48
SHP_100803,SO_105727,WH_03,Sea,09-08-2024,2024/08/14,4,5.0,Delayed,436,10101.58,33075,22973.42
SHP_100804,SO_106266,WH_08,Road,22-05-2024,2024/05/31,7,9.0,Delayed,1587,18059.1,49066,31006.9
SHP_100805,SO_102722,WH_04,Rail,27-12-2024,2025/01/01,7,5.0,On Time,1745,-2283.68,7083,9366.68
SHP_100806,SO_109566,WH_06,Sea,26-09-2024,2024/09/28,3,2.0,On Time,2925,7695.51,29459,21763.49
SHP_100807,SO_103027,WH_02,Road,03-11-2024,2024/11/07,7,4.0,On Time,4295,8762.02,27154,18391.98
SHP_100808,SO_101654,WH_01,Road,12-07-2024,2024/07/16,5,4.0,On Time,844,13635.53,44666,31030.47
SHP_100809,SO_106795,WH_01,Air,05-07-2024,2024/07/08,4,,Delayed,4531,2109.08,6465,4355.92
SHP_100810,SO_107467,WH_10,Road,05-11-2024,2024/11/12,4,7.0,Delayed,799,4006.23,19179,15172.77
SHP_100811,SO_107824,WH_02,Rail,29-04-2024,2024/05/09,6,10.0,Delayed,4951,3712.83,18217,14504.17
SHP_100812,SO_109515,WH_01,Sea,05-04-2024,2024/04/08,4,3.0,On Time,2017,4449.38,15567,11117.62
SHP_100813,SO_102176,WH_04,Air,17-08-2024,2024/08/27,4,10.0,Delayed,4317,6500.54,18406,11905.46
SHP_100814,SO_109838,WH_15,Road,30-05-2024,2024/06/07,4,8.0,Delayed,3716,2904.09,12532,9627.91
SHP_100815,SO_103577,WH_14,Rail,28-07-2024,2024/07/30,7,2.0,On Time,1635,5703.14,17016,11312.86
SHP_100816,SO_108379,WH_02,Air,01-01-2024,2024/01/11,6,10.0,Delayed,4360,6945.72,31597,24651.28
SHP_100817,SO_103057,WH_11,Sea,03-07-2024,2024/07/07,5,4.0,On Time,867,11371.46,31695,20323.54
SHP_100818,SO_100671,WH_01,Road,15-09-2024,2024/09/23,5,8.0,Delayed,2999,1677.83,7267,5589.17
SHP_100819,SO_102977,WH_08,Sea,25-05-2024,2024/05/30,4,5.0,Delayed,444,8601.0,37504,28903.0
SHP_100820,SO_108974,WH_04,Rail,09-07-2024,2024/07/11,5,2.0,On Time,4077,2015.17,5264,3248.83
SHP_100821,SO_109963,WH_09,Rail,18-03-2024,2024/03/21,3,3.0,On Time,1936,5250.38,13591,8340.62
SHP_100822,SO_108043,WH_02,Sea,27-05-2024,2024/05/30,7,3.0,On Time,2595,2222.44,9874,7651.56
SHP_100823,SO_106628,WH_08,Road,17-09-2024,2024/09/25,7,8.0,Delayed,3630,5617.05,18057,12439.95
SHP_100824,SO_107794,WH_12,Rail,28-05-2024,2024/06/07,5,10.0,Delayed,3565,2672.36,7952,5279.64
SHP_100825,SO_102983,WH_08,Air,12-01-2024,2024/01/16,7,4.0,On Time,3799,9312.51,33660,24347.49
SHP_100826,SO_109453,WH_12,Air,08-11-2024,2024/11/18,3,10.0,Delayed,4020,14575.03,43840,29264.97
SHP_100827,SO_104907,WH_04,Rail,03-10-2024,2024/10/11,6,8.0,Delayed,599,6399.88,19701,13301.12
SHP_100828,SO_106869,WH_01,Rail,24-01-2024,2024/02/03,5,10.0,Delayed,2009,3775.8,14423,10647.2
SHP_100829,SO_106961,WH_02,Air,04-08-2024,2024/08/08,3,4.0,Delayed,2876,9999.88,48946,38946.12
SHP_100830,SO_103253,WH_10,Rail,07-07-2024,2024/07/16,4,9.0,Delayed,3035,9276.98,39351,30074.02
SHP_100831,SO_107822,WH_12,Sea,07-08-2024,2024/08/09,4,2.0,On Time,828,6177.5,20056,13878.5
SHP_100832,SO_107839,WH_04,Sea,17-02-2024,2024/02/22,4,5.0,Delayed,2120,11459.23,43640,32180.77
SHP_100833,SO_109369,WH_06,Road,21-03-2024,2024/03/23,3,2.0,On Time,4714,2743.69,7819,5075.31
SHP_100834,SO_108339,WH_01,Air,12-01-2024,2024/01/20,4,8.0,Delayed,2853,7656.04,31859,24202.96
SHP_100835,SO_106197,WH_02,Air,26-08-2024,2024/09/03,5,8.0,Delayed,3755,2692.72,8514,5821.28
SHP_100836,SO_105954,WH_13,Air,08-10-2024,2024/10/17,3,9.0,Delayed,4901,14568.41,43047,28478.59
SHP_100837,SO_109547,WH_04,Air,08-04-2024,2024/04/15,3,7.0,Delayed,2284,1897.44,8014,6116.56
SHP_100838,SO_108702,WH_01,Rail,06-08-2024,2024/08/15,4,9.0,Delayed,1203,8347.45,36830,28482.55
SHP_100839,SO_105377,WH_06,Air,08-11-2024,2024/11/18,4,10.0,Delayed,1353,5684.35,16664,10979.65
SHP_100840,SO_102173,WH_14,Sea,31-12-2024,2025/01/10,5,10.0,Delayed,3191,11977.63,49505,37527.37
SHP_100841,SO_109373,WH_13,Sea,02-02-2024,2024/02/12,5,10.0,Delayed,547,4130.57,12713,8582.43
SHP_100842,SO_104140,WH_06,Sea,20-04-2024,2024/04/22,7,2.0,On Time,955,7842.52,26251,18408.48
SHP_100843,SO_102241,WH_09,Sea,04-10-2024,2024/10/12,4,8.0,Delayed,3846,10126.08,42762,32635.92
SHP_100844,SO_103664,WH_08,Road,09-07-2024,2024/07/17,5,8.0,Delayed,1676,3779.84,15572,11792.16
SHP_100845,SO_100879,WH_12,Sea,29-06-2024,2024/07/03,6,4.0,On Time,1968,9083.91,23677,14593.09
SHP_100846,SO_106683,WH_09,Sea,12-12-2024,2024/12/15,5,3.0,On Time,3709,3525.23,10299,6773.77
SHP_100847,SO_106354,WH_06,Sea,06-12-2024,2024/12/08,4,2.0,On Time,1545,2701.08,13244,10542.92
SHP_100848,SO_108859,WH_10,Rail,16-05-2024,2024/05/20,5,4.0,On Time,2776,2938.05,8935,5996.95
SHP_100849,SO_102087,WH_06,Sea,19-10-2024,2024/10/23,7,4.0,On Time,1905,8444.75,34081,25636.25
SHP_100850,SO_109574,WH_08,Road,09-08-2024,2024/08/17,6,8.0,Delayed,4912,14289.58,47637,33347.42
SHP_100851,SO_103040,WH_11,Rail,26-08-2024,2024/08/28,5,2.0,On Time,2963,12043.13,34875,22831.87
SHP_100852,SO_107644,WH_13,Road,21-08-2024,2024/08/23,5,2.0,On Time,2920,8922.4,33884,24961.6
SHP_100853,SO_101879,WH_01,Sea,01-09-2024,2024/09/05,5,4.0,On Time,1965,11954.84,41712,29757.16
SHP_100854,SO_109576,WH_12,Rail,14-01-2024,2024/01/18,5,4.0,On Time,4054,11521.36,41169,29647.64
SHP_100855,SO_102834,WH_10,Road,07-08-2024,2024/08/17,3,10.0,Delayed,3884,11909.83,47493,35583.17
SHP_100856,SO_102670,WH_11,Road,18-07-2024,2024/07/27,6,9.0,Delayed,2861,5048.66,14074,9025.34
SHP_100857,SO_101278,WH_07,Road,27-05-2024,2024/05/29,3,2.0,On Time,1387,2355.44,9725,7369.56
SHP_100858,SO_101997,WH_14,Sea,30-08-2024,2024/09/02,7,3.0,On Time,2460,1416.03,6606,5189.97
SHP_100859,SO_106274,WH_15,Sea,08-06-2024,2024/06/16,3,8.0,Delayed,3309,13381.18,40923,27541.82
SHP_100860,SO_104700,WH_01,Air,30-06-2024,2024/07/06,3,6.0,Delayed,4897,8440.0,28015,19575.0
SHP_100861,SO_106327,WH_10,Air,09-01-2024,2024/01/16,3,7.0,Delayed,2216,18403.72,46078,27674.28
SHP_100862,SO_107011,WH_13,Rail,04-06-2024,2024/06/13,6,9.0,Delayed,3091,13013.83,46199,33185.17
SHP_100863,SO_108229,WH_14,Road,23-02-2024,2024/02/29,7,6.0,On Time,437,8076.09,22817,14740.91
SHP_100864,SO_105989,WH_10,Sea,02-07-2024,2024/07/09,4,7.0,Delayed,594,7563.8,33654,26090.2
SHP_100865,SO_109876,WH_12,Rail,24-07-2024,2024/07/26,5,2.0,On Time,1781,10822.29,34560,23737.71
SHP_100866,SO_109373,WH_06,Air,26-10-2024,2024/10/29,4,3.0,On Time,1350,4633.43,13346,8712.57
SHP_100867,SO_106766,WH_04,Rail,26-11-2024,2024/11/28,6,2.0,On Time,2556,2572.39,11842,9269.61
SHP_100868,SO_101423,WH_09,Road,02-08-2024,2024/08/07,7,5.0,On Time,1649,1543.91,5901,4357.09
SHP_100869,SO_102723,WH_10,Sea,03-04-2024,2024/04/11,5,8.0,Delayed,4335,3139.72,12186,9046.28
SHP_100870,SO_108093,WH_06,Sea,24-05-2024,2024/06/02,4,9.0,Delayed,762,4603.63,16762,12158.37
SHP_100871,SO_103760,WH_07,Rail,27-07-2024,2024/08/05,5,9.0,Delayed,4844,9586.34,40382,30795.66
SHP_100872,SO_102594,WH_04,Sea,24-03-2024,2024/04/03,5,10.0,Delayed,881,8596.93,27762,19165.07
SHP_100873,SO_104042,WH_10,Road,28-01-2024,2024/01/31,3,3.0,On Time,2808,11152.6,30448,19295.4
SHP_100874,SO_100418,WH_09,Sea,14-04-2024,2024/04/23,5,9.0,Delayed,762,4777.54,12107,7329.46
SHP_100875,SO_104273,WH_14,Air,24-07-2024,2024/07/29,6,5.0,On Time,1206,12389.24,37119,24729.76
SHP_100876,SO_109261,WH_09,Sea,29-05-2024,2024/06/08,3,10.0,Delayed,2418,10331.45,45081,34749.55
SHP_100877,SO_102434,WH_13,Rail,09-12-2024,2024/12/11,4,2.0,On Time,1268,10407.04,45391,34983.96
SHP_100878,SO_108766,WH_15,Air,08-05-2024,2024/05/15,5,7.0,Delayed,2038,5528.47,16792,11263.53
SHP_100879,SO_102951,WH_07,Rail,11-01-2024,2024/01/15,3,4.0,Delayed,4932,4288.2,14950,10661.8
SHP_100880,SO_104576,WH_04,Road,01-04-2024,2024/04/05,6,4.0,On Time,4947,12027.04,39429,27401.96
SHP_100881,SO_100159,WH_05,Air,23-04-2024,2024/04/29,5,6.0,Delayed,465,5494.12,19391,13896.88
SHP_100882,SO_107023,WH_04,Road,27-04-2024,2024/05/06,6,9.0,Delayed,4660,2564.83,9200,6635.17
SHP_100883,SO_100670,WH_07,Road,23-04-2024,2024/04/28,5,5.0,On Time,1817,6433.32,19756,13322.68
SHP_100884,SO_109067,WH_10,Air,16-11-2024,2024/11/21,6,5.0,On Time,3715,10362.57,49608,39245.43
SHP_100885,SO_102510,WH_13,Road,11-04-2024,2024/04/14,5,3.0,On Time,1350,9743.03,33089,23345.97
SHP_100886,SO_100758,WH_13,Air,03-02-2024,2024/02/12,7,9.0,Delayed,3104,6277.01,23272,16994.99
SHP_100887,SO_106424,WH_06,Air,29-03-2024,2024/03/31,5,2.0,On Time,2303,11330.5,47505,36174.5
SHP_100888,SO_105166,WH_08,Road,24-12-2024,2024/12/27,5,3.0,On Time,801,6746.72,22292,15545.28
SHP_100889,SO_105262,WH_07,Sea,14-07-2024,2024/07/16,3,2.0,On Time,1005,9495.31,35021,25525.69
SHP_100890,SO_109881,WH_13,Sea,03-09-2024,2024/09/12,7,9.0,Delayed,597,4729.65,14470,9740.35
SHP_100891,SO_107097,WH_01,Air,16-10-2024,2024/10/19,6,3.0,On Time,1324,12956.26,32807,19850.74
SHP_100892,SO_105259,WH_14,Air,12-03-2024,2024/03/21,3,9.0,Delayed,3348,16773.31,46365,29591.69
SHP_100893,SO_108220,WH_02,Road,16-09-2024,2024/09/25,4,9.0,Delayed,626,13983.19,40495,26511.81
SHP_100894,SO_102430,WH_13,Air,10-04-2024,2024/04/15,6,5.0,On Time,1597,5440.64,16414,10973.36
SHP_100895,SO_108913,WH_13,Air,08-07-2024,2024/07/18,7,10.0,Delayed,4066,2312.04,10539,8226.96
SHP_100896,SO_102681,WH_06,Rail,30-09-2024,2024/10/02,6,2.0,On Time,4660,3031.46,7965,4933.54
SHP_100897,SO_109620,WH_13,Air,12-08-2024,2024/08/15,5,3.0,On Time,3323,2113.8,6220,4106.2
SHP_100898,SO_100953,WH_13,Sea,16-06-2024,2024/06/22,3,6.0,Delayed,2662,2597.01,11480,8882.99
SHP_100899,SO_104847,WH_07,Air,15-01-2024,2024/01/18,4,3.0,On Time,612,3726.65,18396,14669.35
SHP_100900,SO_107805,WH_05,Rail,06-03-2024,2024/03/09,6,3.0,On Time,2626,3730.72,12151,8420.28
SHP_100901,SO_109511,WH_06,Sea,15-07-2024,2024/07/17,7,2.0,On Time,3213,5963.47,17335,11371.53
SHP_100902,SO_106341,WH_01,Road,04-05-2024,2024/05/07,6,3.0,On Time,240,3802.27,17417,13614.73
SHP_100903,SO_109304,WH_14,Road,09-02-2024,2024/02/17,4,8.0,Delayed,2557,3517.94,10772,7254.06
SHP_100904,SO_105720,WH_05,Rail,22-04-2024,2024/04/25,6,3.0,On Time,674,7810.52,38006,30195.48
SHP_100905,SO_106015,WH_10,Air,01-02-2024,2024/02/09,6,8.0,Delayed,3308,5477.66,22517,17039.34
SHP_100906,SO_108743,WH_09,Road,31-01-2024,2024/02/10,4,10.0,Delayed,4347,13004.3,35723,22718.7
SHP_100907,SO_101280,WH_07,Sea,01-03-2024,2024/03/11,6,10.0,Delayed,4157,1847.42,6585,4737.58
SHP_100908,SO_103617,WH_14,Air,15-08-2024,2024/08/21,7,6.0,On Time,557,5517.01,14726,9208.99
SHP_100909,SO_107078,WH_01,Air,23-06-2024,2024/06/29,4,6.0,Delayed,3209,9818.56,29764,19945.44
SHP_100910,SO_108468,WH_01,Air,27-03-2024,2024/04/06,4,10.0,Delayed,4932,2036.91,10051,8014.09
SHP_100911,SO_106557,WH_03,Air,16-04-2024,2024/04/22,7,6.0,On Time,2530,18462.87,46719,28256.13
SHP_100912,SO_105223,WH_14,Rail,28-08-2024,2024/08/30,3,2.0,On Time,729,8394.79,22744,14349.21
SHP_100913,SO_108477,WH_05,Air,29-09-2024,2024/10/03,5,,Delayed,1034,6131.05,19582,13450.95
SHP_100914,SO_103682,WH_06,Rail,03-06-2024,2024/06/07,4,4.0,On Time,2605,5643.35,22656,17012.65
SHP_100915,SO_108752,WH_08,Rail,08-08-2024,2024/08/15,6,7.0,Delayed,3903,3680.07,16649,12968.93
SHP_100916,SO_100930,WH_02,Sea,13-10-2024,2024/10/18,4,5.0,Delayed,1749,7713.43,25885,18171.57
SHP_100917,SO_106725,WH_10,Sea,10-04-2024,2024/04/16,6,6.0,On Time,901,10290.2,29676,19385.8
SHP_100918,SO_104104,WH_12,Road,29-09-2024,2024/10/04,5,5.0,On Time,2293,16525.51,42026,25500.49
SHP_100919,SO_104482,WH_07,Rail,26-10-2024,2024/11/05,4,10.0,Delayed,3007,2560.21,12158,9597.79
SHP_100920,SO_101451,WH_15,Rail,08-08-2024,2024/08/18,6,10.0,Delayed,2133,12719.79,41359,28639.21
SHP_100921,SO_105401,WH_10,Road,15-05-2024,2024/05/19,6,4.0,On Time,1838,4801.82,13124,8322.18
SHP_100922,SO_100038,WH_02,Air,02-03-2024,2024/03/04,5,2.0,On Time,542,9397.16,26868,17470.84
SHP_100923,SO_104516,WH_07,Road,03-01-2024,2024/01/09,5,6.0,Delayed,644,3113.87,8701,5587.13
SHP_100924,SO_100281,WH_14,Road,22-12-2024,2024/12/31,6,9.0,Delayed,3281,11368.64,33086,21717.36
SHP_100925,SO_107009,WH_10,Road,12-01-2024,2024/01/22,6,10.0,Delayed,4611,8908.17,31743,22834.83
SHP_100926,SO_103276,WH_05,Sea,18-03-2024,2024/03/25,4,7.0,Delayed,2183,3218.45,8631,5412.55
SHP_100927,SO_100516,WH_14,Sea,04-12-2024,2024/12/09,3,5.0,Delayed,3192,10081.56,27802,17720.44
SHP_100928,SO_101729,WH_10,Road,29-09-2024,2024/10/01,3,2.0,On Time,1504,3264.88,9623,6358.12
SHP_100929,SO_109528,WH_11,Sea,27-08-2024,2024/09/01,5,5.0,On Time,4244,13242.52,49216,35973.48
SHP_100930,SO_102708,WH_10,Sea,25-03-2024,2024/04/04,7,10.0,Delayed,2233,4323.57,15743,11419.43
SHP_100931,SO_101817,WH_01,Rail,04-11-2024,2024/11/09,6,5.0,On Time,3926,18574.98,48754,30179.02
SHP_100932,SO_106864,WH_11,Road,21-03-2024,2024/03/29,6,8.0,Delayed,3524,3321.23,13831,10509.77
SHP_100933,SO_109075,WH_12,Sea,27-01-2024,2024/01/29,6,2.0,On Time,2933,2225.72,6720,4494.28
SHP_100934,SO_100344,WH_09,Road,19-07-2024,2024/07/27,4,,Delayed,2311,3629.78,9564,5934.22
SHP_100935,SO_104306,WH_02,Road,13-01-2024,2024/01/16,4,3.0,On Time,1347,15405.82,41726,26320.18
SHP_100936,SO_108150,WH_06,Rail,11-05-2024,2024/05/20,3,9.0,Delayed,4166,1450.48,5185,3734.52
SHP_100937,SO_103150,WH_06,Road,01-12-2024,2024/12/08,5,7.0,Delayed,2286,8481.25,23674,15192.75
SHP_100938,SO_107897,WH_10,Rail,27-01-2024,2024/01/29,3,2.0,On Time,233,17291.75,47101,29809.25
SHP_100939,SO_104459,WH_02,Air,25-10-2024,2024/10/30,5,5.0,On Time,3637,10414.24,44651,34236.76
SHP_100940,SO_107161,WH_05,Sea,03-08-2024,2024/08/09,6,6.0,On Time,3579,12394.67,32085,19690.33
SHP_100941,SO_101802,WH_15,Road,07-03-2024,2024/03/09,5,2.0,On Time,4103,3502.19,15386,11883.81
SHP_100942,SO_107542,WH_07,Rail,16-12-2024,2024/12/20,6,4.0,On Time,4119,5232.47,24601,19368.53
SHP_100943,SO_102863,WH_08,Air,23-08-2024,2024/08/28,6,5.0,On Time,1079,9067.85,25509,16441.15
SHP_100944,SO_100033,WH_01,Rail,05-04-2024,2024/04/15,5,10.0,Delayed,1644,12373.12,46878,34504.88
SHP_100945,SO_101351,WH_15,Rail,08-12-2024,2024/12/13,5,5.0,On Time,1215,4216.38,20082,15865.62
SHP_100946,SO_108198,WH_06,Road,03-06-2024,2024/06/12,6,9.0,Delayed,3824,8116.63,27140,19023.37
SHP_100947,SO_107026,WH_04,Sea,10-01-2024,2024/01/13,7,3.0,On Time,1770,9632.84,42496,32863.16
SHP_100948,SO_108853,WH_15,Road,05-04-2024,2024/04/12,7,7.0,On Time,1610,8365.15,34560,26194.85
SHP_100949,SO_106982,WH_01,Sea,18-01-2024,2024/01/26,7,8.0,Delayed,520,12715.89,41678,28962.11
SHP_100950,SO_101516,WH_04,Air,14-10-2024,2024/10/19,4,5.0,Delayed,2489,5089.68,21306,16216.32
SHP_100951,SO_105663,WH_03,Sea,11-02-2024,2024/02/14,7,3.0,On Time,569,4769.86,21779,17009.14
SHP_100952,SO_107808,WH_01,Sea,24-04-2024,2024/04/28,7,4.0,On Time,3238,11382.95,28892,17509.05
SHP_100953,SO_105523,WH_14,Air,17-04-2024,2024/04/20,7,3.0,On Time,3370,4569.65,15825,11255.35
SHP_100954,SO_100256,WH_05,Sea,06-01-2024,2024/01/12,7,6.0,On Time,1298,15596.03,42527,26930.97
SHP_100955,SO_105868,WH_15,Rail,08-10-2024,2024/10/18,6,10.0,Delayed,839,10615.92,39046,28430.08
SHP_100956,SO_105772,WH_06,Road,23-07-2024,2024/07/29,3,6.0,Delayed,4366,6408.6,23048,16639.4
SHP_100957,SO_104397,WH_06,Rail,23-06-2024,2024/06/28,7,5.0,On Time,3653,9114.29,28674,19559.71
SHP_100958,SO_102848,WH_07,Rail,21-02-2024,2024/03/02,3,10.0,Delayed,2052,14009.09,44650,30640.91
SHP_100959,SO_107467,WH_14,Air,04-09-2024,2024/09/12,6,8.0,Delayed,3394,10115.65,30959,20843.35
SHP_100960,SO_103918,WH_03,Sea,19-08-2024,2024/08/22,6,3.0,On Time,3414,14012.39,47272,33259.61
SHP_100961,SO_104718,WH_11,Rail,09-10-2024,2024/10/12,6,3.0,On Time,3071,6061.74,23911,17849.26
SHP_100962,SO_107804,WH_15,Rail,29-07-2024,2024/08/06,4,8.0,Delayed,965,4089.5,17118,13028.5
SHP_100963,SO_104389,WH_12,Rail,24-04-2024,2024/04/27,5,3.0,On Time,3607,14190.13,35803,21612.87
SHP_100964,SO_107355,WH_03,Rail,16-04-2024,2024/04/21,3,5.0,Delayed,1925,1473.86,6551,5077.14
SHP_100965,SO_102283,WH_12,Road,09-05-2024,2024/05/17,5,8.0,Delayed,3717,18017.4,47991,29973.6
SHP_100966,SO_107476,WH_05,Sea,15-05-2024,2024/05/19,3,4.0,Delayed,4232,7366.45,34060,26693.55
SHP_100967,SO_106257,WH_09,Sea,11-10-2024,2024/10/15,6,4.0,On Time,3374,13353.39,38770,25416.61
SHP_100968,SO_102666,WH_09,Rail,08-10-2024,2024/10/17,3,9.0,Delayed,3026,4913.12,15668,10754.88
SHP_100969,SO_101162,WH_08,Road,20-04-2024,2024/04/22,3,2.0,On Time,1889,7586.63,23994,16407.37
SHP_100970,SO_100930,WH_14,Rail,12-02-2024,2024/02/20,7,8.0,Delayed,1504,6852.97,18766,11913.03
SHP_100971,SO_107239,WH_10,Rail,17-12-2024,2024/12/21,4,4.0,On Time,4691,3300.12,14882,11581.88
SHP_100972,SO_108703,WH_09,Road,12-03-2024,2024/03/16,3,4.0,Delayed,435,2720.83,10158,7437.17
SHP_100973,SO_109823,WH_01,Road,17-08-2024,2024/08/23,6,6.0,On Time,2243,11468.78,31765,20296.22
SHP_100974,SO_107278,WH_01,Road,19-10-2024,2024/10/24,3,5.0,Delayed,1151,12357.89,45657,33299.11
SHP_100975,SO_104997,WH_01,Sea,16-03-2024,2024/03/25,6,9.0,Delayed,2718,14743.22,44826,30082.78
SHP_100976,SO_102532,WH_09,Air,12-01-2024,2024/01/14,6,2.0,On Time,4180,8022.06,33436,25413.94
SHP_100977,SO_104732,WH_01,Sea,05-04-2024,2024/04/12,7,7.0,On Time,2142,6918.89,32286,25367.11
SHP_100978,SO_101909,WH_04,Sea,07-03-2024,2024/03/14,3,,Delayed,861,14598.55,47951,33352.45
SHP_100979,SO_108498,WH_05,Road,21-05-2024,2024/05/30,6,9.0,Delayed,1757,3342.91,12753,9410.09
SHP_100980,SO_108023,WH_10,Road,09-03-2024,2024/03/18,6,9.0,Delayed,2916,3023.43,11670,8646.57
SHP_100981,SO_104239,WH_06,Rail,08-11-2024,2024/11/13,3,5.0,Delayed,1114,13567.72,36883,23315.28
SHP_100982,SO_104090,WH_04,Rail,20-09-2024,2024/09/27,4,7.0,Delayed,2888,3292.83,9812,6519.17
SHP_100983,SO_104166,WH_02,Rail,01-01-2024,2024/01/03,7,2.0,On Time,1660,3317.82,13210,9892.18
SHP_100984,SO_102307,WH_03,Sea,11-01-2024,2024/01/17,7,6.0,On Time,2447,6281.3,27730,21448.7
SHP_100985,SO_105309,WH_05,Sea,05-12-2024,2024/12/11,6,6.0,On Time,1064,9229.05,28412,19182.95
SHP_100986,SO_106182,WH_13,Air,28-06-2024,2024/07/01,5,3.0,On Time,2450,5120.3,17738,12617.7
SHP_100987,SO_102644,WH_11,Rail,14-09-2024,2024/09/20,4,6.0,Delayed,3742,8173.96,33394,25220.04
SHP_100988,SO_104102,WH_10,Sea,23-12-2024,2024/12/28,6,5.0,On Time,1324,11350.08,30068,18717.92
SHP_100989,SO_107213,WH_11,Sea,11-09-2024,2024/09/13,4,2.0,On Time,855,8924.15,37799,28874.85
SHP_100990,SO_109459,WH_10,Sea,24-11-2024,2024/12/04,3,10.0,Delayed,1156,8474.88,36759,28284.12
SHP_100991,SO_109755,WH_08,Road,26-03-2024,2024/03/29,5,3.0,On Time,572,2580.1,8792,6211.9
SHP_100992,SO_104803,WH_14,Air,08-04-2024,2024/04/10,3,2.0,On Time,4014,4557.46,12578,8020.54
SHP_100993,SO_100175,WH_01,Air,06-07-2024,2024/07/12,6,6.0,On Time,3376,7120.3,26599,19478.7
SHP_100994,SO_100810,WH_11,Road,02-01-2024,2024/01/07,5,5.0,On Time,562,4809.13,20448,15638.87
SHP_100995,SO_103376,WH_07,Rail,01-04-2024,2024/04/03,7,2.0,On Time,507,5380.09,17099,11718.91
SHP_100996,SO_108599,WH_11,Road,17-05-2024,2024/05/26,3,,Delayed,4156,9840.56,47186,37345.44
SHP_100997,SO_103613,WH_10,Sea,24-04-2024,2024/04/29,7,5.0,On Time,1386,7088.04,27354,20265.96
SHP_100998,SO_104130,WH_11,Road,07-12-2024,2024/12/11,3,4.0,Delayed,4433,12439.67,32908,20468.33
SHP_100999,SO_103146,WH_05,Rail,07-07-2024,2024/07/12,6,5.0,On Time,700,3843.39,15725,11881.61
SHP_101000,SO_103699,WH_12,Road,25-11-2024,2024/11/29,3,4.0,Delayed,4444,2939.36,8558,5618.64
SHP_101001,SO_104355,WH_14,Rail,25-06-2024,2024/07/03,4,8.0,Delayed,3302,8433.17,23588,15154.83
SHP_101002,SO_106333,WH_10,Sea,31-03-2024,2024/04/02,7,2.0,On Time,4449,12239.66,40461,28221.34
SHP_101003,SO_108934,WH_10,Road,24-05-2024,2024/06/03,5,10.0,Delayed,2725,11216.91,37831,26614.09
SHP_101004,SO_109786,WH_04,Rail,02-10-2024,2024/10/05,6,3.0,On Time,2106,8830.9,39446,30615.1
SHP_101005,SO_107839,WH_08,Air,22-10-2024,2024/10/31,7,9.0,Delayed,2415,2383.35,10554,8170.65
SHP_101006,SO_101303,WH_12,Sea,23-08-2024,2024/08/31,6,8.0,Delayed,530,7769.94,32916,25146.06
SHP_101007,SO_102198,WH_08,Air,20-07-2024,2024/07/23,4,3.0,On Time,2426,16275.98,44089,27813.02
SHP_101008,SO_100049,WH_05,Road,21-02-2024,2024/03/01,3,9.0,Delayed,2643,8114.1,32217,24102.9
SHP_101009,SO_109984,WH_04,Sea,30-01-2024,2024/02/07,7,8.0,Delayed,428,4341.41,17840,13498.59
SHP_101010,SO_109852,WH_15,Sea,24-10-2024,2024/10/28,5,4.0,On Time,370,8114.36,21199,13084.64
SHP_101011,SO_105740,WH_04,Rail,01-02-2024,2024/02/09,6,8.0,Delayed,3711,10956.42,44486,33529.58
SHP_101012,SO_103500,WH_15,Rail,08-03-2024,2024/03/12,7,4.0,On Time,4959,9196.18,32020,22823.82
SHP_101013,SO_108553,WH_01,Rail,17-12-2024,2024/12/22,3,5.0,Delayed,1118,14819.24,43933,29113.76
SHP_101014,SO_108496,WH_04,Rail,31-05-2024,2024/06/05,7,5.0,On Time,1621,3811.29,12158,8346.71
SHP_101015,SO_106436,WH_03,Rail,22-03-2024,2024/03/31,7,9.0,Delayed,3548,15453.99,38947,23493.01
SHP_101016,SO_101704,WH_10,Road,09-06-2024,2024/06/16,6,7.0,Delayed,4052,12602.67,48122,35519.33
SHP_101017,SO_106078,WH_04,Air,07-01-2024,2024/01/11,7,4.0,On Time,2335,1965.42,6132,4166.58
SHP_101018,SO_102165,WH_11,Air,23-05-2024,2024/06/01,5,9.0,Delayed,1646,4861.79,16191,11329.21
SHP_101019,SO_100958,WH_11,Road,21-11-2024,2024/11/28,3,7.0,Delayed,4183,9232.37,26607,17374.63
SHP_101020,SO_103319,WH_12,Road,25-07-2024,2024/07/29,3,4.0,Delayed,497,8379.24,21935,13555.76
SHP_101021,SO_100357,WH_09,Rail,19-04-2024,2024/04/25,3,6.0,Delayed,711,4312.21,21342,17029.79
SHP_101022,SO_100901,WH_04,Air,03-09-2024,2024/09/10,7,7.0,On Time,2735,9862.54,38467,28604.46
SHP_101023,SO_107576,WH_11,Road,09-10-2024,2024/10/16,7,7.0,On Time,3494,5536.16,22565,17028.84
SHP_101024,SO_109351,WH_11,Air,16-02-2024,2024/02/22,3,6.0,Delayed,3899,5618.23,24987,19368.77
SHP_101025,SO_101485,WH_08,Rail,01-09-2024,2024/09/11,7,10.0,Delayed,2826,6594.68,18009,11414.32
SHP_101026,SO_100922,WH_12,Sea,08-04-2024,2024/04/16,4,8.0,Delayed,4229,6441.71,17449,11007.29
SHP_101027,SO_107067,WH_13,Rail,14-01-2024,2024/01/22,7,8.0,Delayed,1443,12155.17,40477,28321.83
SHP_101028,SO_103076,WH_03,Air,07-05-2024,2024/05/11,3,4.0,Delayed,3975,5390.07,20351,14960.93
SHP_101029,SO_104899,WH_06,Rail,20-04-2024,2024/04/30,3,10.0,Delayed,3531,3173.98,8816,5642.02
SHP_101030,SO_106555,WH_07,Air,17-03-2024,2024/03/23,3,6.0,Delayed,1045,2728.62,12029,9300.38
SHP_101031,SO_103874,WH_12,Sea,22-06-2024,2024/06/26,5,4.0,On Time,1486,8883.85,27977,19093.15
SHP_101032,SO_103487,WH_07,Rail,24-01-2024,2024/01/30,6,6.0,On Time,2539,9258.48,28395,19136.52
SHP_101033,SO_107527,WH_09,Air,07-05-2024,2024/05/15,6,8.0,Delayed,1135,8293.15,28500,20206.85
SHP_101034,SO_107330,WH_15,Road,05-03-2024,2024/03/12,4,7.0,Delayed,3561,3928.61,11383,7454.39
SHP_101035,SO_104929,WH_13,Rail,17-02-2024,2024/02/19,3,2.0,On Time,2901,4743.45,21673,16929.55
SHP_101036,SO_107097,WH_05,Air,08-03-2024,2024/03/12,6,4.0,On Time,3085,10555.79,29247,18691.21
SHP_101037,SO_104810,WH_10,Road,10-08-2024,2024/08/20,5,10.0,Delayed,1073,8772.99,27343,18570.01
SHP_101038,SO_107772,WH_08,Rail,28-06-2024,2024/06/30,4,2.0,On Time,1827,8108.57,24160,16051.43
SHP_101039,SO_109734,WH_10,Rail,26-08-2024,2024/09/05,6,10.0,Delayed,1078,2543.87,7458,4914.13
SHP_101040,SO_109961,WH_10,Air,01-01-2024,2024/01/07,6,,Delayed,545,-4036.95,13307,17343.95
SHP_101041,SO_105986,WH_14,Sea,12-12-2024,2024/12/22,6,10.0,Delayed,577,5327.91,19048,13720.09
SHP_101042,SO_109378,WH_08,Sea,11-06-2024,2024/06/15,5,4.0,On Time,1544,3186.75,9717,6530.25
SHP_101043,SO_106481,WH_01,Air,25-07-2024,2024/08/04,6,10.0,Delayed,2618,12171.85,45929,33757.15
SHP_101044,SO_108487,WH_10,Road,17-11-2024,2024/11/27,3,10.0,Delayed,720,16805.02,49994,33188.98
SHP_101045,SO_104080,WH_01,Sea,24-07-2024,2024/08/01,7,8.0,Delayed,581,14256.73,46170,31913.27
SHP_101046,SO_103767,WH_10,Sea,10-06-2024,2024/06/17,5,7.0,Delayed,2415,7337.39,33735,26397.61
SHP_101047,SO_102329,WH_12,Road,17-08-2024,2024/08/21,7,4.0,On Time,2833,11956.57,33290,21333.43
SHP_101048,SO_109004,WH_08,Rail,26-08-2024,2024/09/02,5,7.0,Delayed,951,13140.48,40032,26891.52
SHP_101049,SO_101923,WH_06,Road,10-06-2024,2024/06/18,4,8.0,Delayed,3788,12698.24,46067,33368.76
SHP_101050,SO_100312,WH_04,Sea,21-05-2024,2024/05/26,6,5.0,On Time,2640,9578.3,25189,15610.7
SHP_101051,SO_102274,WH_10,Road,27-06-2024,2024/07/03,6,6.0,On Time,3263,17536.67,45275,27738.33
SHP_101052,SO_103350,WH_04,Rail,27-03-2024,2024/04/05,4,9.0,Delayed,2042,4027.26,14555,10527.74
SHP_101053,SO_101584,WH_06,Sea,22-08-2024,2024/08/31,5,9.0,Delayed,1744,8912.0,28122,19210.0
SHP_101054,SO_107402,WH_07,Air,27-12-2024,2025/01/01,4,5.0,Delayed,571,17823.2,45642,27818.8
SHP_101055,SO_103702,WH_10,Rail,09-05-2024,2024/05/13,3,4.0,Delayed,3721,6870.53,24908,18037.47
SHP_101056,SO_103563,WH_12,Road,20-10-2024,2024/10/22,6,2.0,On Time,4110,14481.93,46393,31911.07
SHP_101057,SO_106935,WH_03,Road,14-03-2024,2024/03/24,3,10.0,Delayed,1034,4327.56,19386,15058.44
SHP_101058,SO_104764,WH_05,Road,14-07-2024,2024/07/19,4,5.0,Delayed,2629,7691.23,24658,16966.77
SHP_101059,SO_104933,WH_04,Road,31-10-2024,2024/11/10,7,10.0,Delayed,3134,3168.92,13174,10005.08
SHP_101060,SO_107077,WH_14,Sea,24-05-2024,2024/05/28,6,4.0,On Time,1388,14615.25,41765,27149.75
SHP_101061,SO_103534,WH_01,Rail,19-04-2024,2024/04/26,7,7.0,On Time,317,11483.58,43872,32388.42
SHP_101062,SO_105647,WH_09,Sea,19-11-2024,2024/11/25,7,6.0,On Time,1168,11443.51,29868,18424.49
SHP_101063,SO_104077,WH_07,Sea,28-08-2024,2024/09/05,7,8.0,Delayed,3955,3234.74,12688,9453.26
SHP_101064,SO_100802,WH_07,Air,04-06-2024,2024/06/06,3,2.0,On Time,3627,9661.08,40939,31277.92
SHP_101065,SO_104800,WH_14,Sea,15-01-2024,2024/01/19,7,4.0,On Time,4882,11513.18,48072,36558.82
SHP_101066,SO_108319,WH_01,Rail,27-07-2024,2024/08/02,7,6.0,On Time,1184,2764.31,8068,5303.69
SHP_101067,SO_103129,WH_01,Rail,17-06-2024,2024/06/27,7,10.0,Delayed,4635,5206.21,16003,10796.79
SHP_101068,SO_106309,WH_02,Road,17-03-2024,2024/03/22,3,5.0,Delayed,1443,6444.27,23367,16922.73
SHP_101069,SO_108407,WH_04,Road,29-05-2024,2024/06/02,7,4.0,On Time,3772,10055.58,28813,18757.42
SHP_101070,SO_105052,WH_07,Sea,22-07-2024,2024/07/24,5,2.0,On Time,3747,11303.44,38753,27449.56
SHP_101071,SO_106373,WH_14,Sea,23-11-2024,2024/12/03,6,10.0,Delayed,4593,8485.45,30866,22380.55
SHP_101072,SO_102120,WH_13,Air,28-04-2024,2024/05/02,4,4.0,On Time,4335,12909.24,41837,28927.76
SHP_101073,SO_102073,WH_06,Road,15-03-2024,2024/03/19,3,4.0,Delayed,885,11849.07,35742,23892.93
SHP_101074,SO_105740,WH_15,Air,22-11-2024,2024/11/26,5,4.0,On Time,1235,7602.03,37914,30311.97
SHP_101075,SO_109708,WH_04,Road,26-01-2024,2024/01/31,4,5.0,Delayed,3641,9174.17,36906,27731.83
SHP_101076,SO_100287,WH_14,Air,17-01-2024,2024/01/20,7,3.0,On Time,816,9028.78,29889,20860.22
SHP_101077,SO_106903,WH_03,Road,15-11-2024,2024/11/25,3,10.0,Delayed,2442,8350.62,28466,20115.38
SHP_101078,SO_101588,WH_14,Road,23-12-2024,2024/12/28,4,5.0,Delayed,4819,6561.58,20606,14044.42
SHP_101079,SO_106743,WH_01,Road,22-12-2024,2024/12/29,6,7.0,Delayed,644,15576.41,49440,33863.59
SHP_101080,SO_108442,WH_08,Air,16-01-2024,2024/01/24,6,8.0,Delayed,2346,8045.85,36668,28622.15
SHP_101081,SO_107461,WH_12,Air,19-05-2024,2024/05/21,5,2.0,On Time,4592,2863.19,7987,5123.81
SHP_101082,SO_103409,WH_03,Road,06-07-2024,2024/07/15,6,9.0,Delayed,1866,14249.32,47536,33286.68
SHP_101083,SO_101391,WH_04,Air,19-02-2024,2024/02/29,6,10.0,Delayed,3235,13515.6,39748,26232.4
SHP_101084,SO_104373,WH_05,Air,07-07-2024,2024/07/10,4,3.0,On Time,863,9636.82,36760,27123.18
SHP_101085,SO_106844,WH_05,Sea,09-10-2024,2024/10/17,6,8.0,Delayed,3554,12056.9,31060,19003.1
SHP_101086,SO_106697,WH_07,Rail,01-02-2024,2024/02/06,4,5.0,Delayed,1045,8356.11,27293,18936.89
SHP_101087,SO_101537,WH_02,Road,25-01-2024,2024/01/27,7,2.0,On Time,3787,8028.57,23490,15461.43
SHP_101088,SO_109036,WH_10,Rail,13-05-2024,2024/05/17,6,4.0,On Time,642,8770.23,35881,27110.77
SHP_101089,SO_103063,WH_13,Road,15-02-2024,2024/02/19,4,4.0,On Time,4282,-10975.15,48144,59119.15
SHP_101090,SO_107487,WH_14,Sea,05-11-2024,2024/11/15,5,10.0,Delayed,328,10242.22,39099,28856.78
SHP_101091,SO_106242,WH_13,Air,18-04-2024,2024/04/20,6,2.0,On Time,2872,4420.99,13770,9349.01
SHP_101092,SO_103623,WH_11,Sea,15-12-2024,2024/12/25,3,10.0,Delayed,3693,5201.62,19079,13877.38
SHP_101093,SO_109693,WH_12,Road,25-12-2024,2025/01/01,7,7.0,On Time,4376,6994.89,23768,16773.11
SHP_101094,SO_105781,WH_06,Air,19-08-2024,2024/08/27,3,8.0,Delayed,2610,15039.63,49620,34580.37
SHP_101095,SO_108793,WH_11,Sea,24-08-2024,2024/08/27,3,3.0,On Time,1519,13282.04,39437,26154.96
SHP_101096,SO_102462,WH_05,Air,06-01-2024,2024/01/15,4,9.0,Delayed,567,15233.82,38776,23542.18
SHP_101097,SO_100329,WH_15,Rail,15-05-2024,2024/05/17,5,2.0,On Time,2924,4416.46,13472,9055.54
SHP_101098,SO_109710,WH_09,Road,11-05-2024,2024/05/21,3,10.0,Delayed,2138,2926.55,9905,6978.45
SHP_101099,SO_109675,WH_07,Rail,06-08-2024,2024/08/16,4,10.0,Delayed,1543,6779.04,32108,25328.96
SHP_101100,SO_102952,WH_13,Rail,13-07-2024,2024/07/15,4,2.0,On Time,1293,9719.73,32480,22760.27
SHP_101101,SO_107185,WH_12,Rail,22-01-2024,2024/01/30,5,8.0,Delayed,607,19166.61,49364,30197.39
SHP_101102,SO_104957,WH_07,Rail,24-05-2024,2024/06/02,7,9.0,Delayed,382,8290.61,38939,30648.39
SHP_101103,SO_105745,WH_08,Sea,26-10-2024,2024/10/29,4,3.0,On Time,273,16778.11,49004,32225.89
SHP_101104,SO_106764,WH_02,Sea,18-04-2024,2024/04/27,6,9.0,Delayed,1495,5525.45,21983,16457.55
SHP_101105,SO_103442,WH_03,Sea,25-11-2024,2024/12/03,7,8.0,Delayed,201,6843.55,34101,27257.45
SHP_101106,SO_103378,WH_06,Road,15-03-2024,2024/03/17,5,2.0,On Time,3328,19037.76,49006,29968.24
SHP_101107,SO_100021,WH_11,Rail,21-01-2024,2024/01/28,5,7.0,Delayed,744,14486.23,42808,28321.77
SHP_101108,SO_108688,WH_05,Sea,30-11-2024,2024/12/04,7,4.0,On Time,2543,3820.21,18987,15166.79
SHP_101109,SO_104178,WH_10,Rail,02-03-2024,2024/03/08,3,6.0,Delayed,4790,1857.31,8097,6239.69
SHP_101110,SO_104315,WH_14,Rail,20-08-2024,2024/08/27,7,7.0,On Time,3234,15824.68,49002,33177.32
SHP_101111,SO_108347,WH_09,Rail,25-02-2024,2024/02/28,7,3.0,On Time,4974,12294.93,32385,20090.07
SHP_101112,SO_106417,WH_08,Sea,24-03-2024,2024/03/29,4,5.0,Delayed,645,5958.04,28557,22598.96
SHP_101113,SO_102244,WH_10,Road,02-02-2024,2024/02/11,6,9.0,Delayed,1714,10746.53,39991,29244.47
SHP_101114,SO_104763,WH_15,Rail,24-04-2024,2024/04/29,6,5.0,On Time,2746,12495.99,49330,36834.01
SHP_101115,SO_102171,WH_12,Air,25-03-2024,2024/04/01,5,7.0,Delayed,2684,12671.82,35716,23044.18
SHP_101116,SO_102915,WH_08,Rail,14-05-2024,2024/05/16,5,2.0,On Time,2174,11302.03,41705,30402.97
SHP_101117,SO_109405,WH_06,Air,27-02-2024,2024/03/05,4,7.0,Delayed,2076,1518.71,5200,3681.29
SHP_101118,SO_103139,WH_14,Rail,21-05-2024,2024/05/31,4,10.0,Delayed,4261,8578.01,36538,27959.99
SHP_101119,SO_105662,WH_14,Rail,18-06-2024,2024/06/23,6,5.0,On Time,565,9660.44,38434,28773.56
SHP_101120,SO_105144,WH_11,Road,18-09-2024,2024/09/26,7,8.0,Delayed,4395,8741.19,37652,28910.81
SHP_101121,SO_101236,WH_12,Sea,28-07-2024,2024/07/30,3,2.0,On Time,3258,8413.39,27651,19237.61
SHP_101122,SO_103037,WH_11,Air,22-08-2024,2024/08/27,6,5.0,On Time,4960,8560.05,21412,12851.95
SHP_101123,SO_104610,WH_10,Air,09-09-2024,2024/09/11,7,2.0,On Time,547,9046.5,43832,34785.5
SHP_101124,SO_101359,WH_01,Rail,08-05-2024,2024/05/10,3,2.0,On Time,1901,7012.76,21120,14107.24
SHP_101125,SO_104940,WH_08,Air,14-05-2024,2024/05/18,7,4.0,On Time,4642,11637.07,31188,19550.93
SHP_101126,SO_109217,WH_12,Sea,26-06-2024,2024/07/02,3,6.0,Delayed,589,7928.53,20158,12229.47
SHP_101127,SO_109942,WH_01,Rail,24-05-2024,2024/06/01,6,8.0,Delayed,4220,3399.11,16473,13073.89
SHP_101128,SO_106384,WH_12,Sea,30-05-2024,2024/06/07,6,8.0,Delayed,3625,9160.6,29878,20717.4
SHP_101129,SO_100999,WH_02,Road,11-04-2024,2024/04/20,4,9.0,Delayed,4545,11811.46,36640,24828.54
SHP_101130,SO_109984,WH_14,Rail,24-12-2024,2025/01/02,5,9.0,Delayed,4358,1549.72,5335,3785.28
SHP_101131,SO_103465,WH_03,Air,13-11-2024,2024/11/17,5,4.0,On Time,2000,11869.74,32651,20781.26
SHP_101132,SO_103132,WH_05,Sea,11-08-2024,2024/08/21,4,10.0,Delayed,3870,5021.71,19901,14879.29
SHP_101133,SO_108236,WH_08,Road,19-10-2024,2024/10/26,4,7.0,Delayed,602,3525.78,9981,6455.22
SHP_101134,SO_102440,WH_10,Air,17-04-2024,2024/04/25,3,8.0,Delayed,3631,4091.22,18834,14742.78
SHP_101135,SO_108505,WH_11,Rail,03-11-2024,2024/11/09,6,6.0,On Time,2463,7439.44,31779,24339.56
SHP_101136,SO_104084,WH_15,Road,22-11-2024,2024/11/28,7,6.0,On Time,3289,11128.28,31774,20645.72
SHP_101137,SO_107693,WH_09,Rail,01-04-2024,2024/04/09,7,8.0,Delayed,1722,13516.55,45410,31893.45
SHP_101138,SO_101832,WH_10,Sea,12-11-2024,2024/11/21,7,9.0,Delayed,2826,12789.47,47903,35113.53
SHP_101139,SO_105925,WH_04,Rail,29-02-2024,2024/03/08,7,8.0,Delayed,2889,6212.46,27089,20876.54
SHP_101140,SO_108209,WH_03,Sea,29-03-2024,2024/04/02,5,4.0,On Time,3299,6304.94,17840,11535.06
SHP_101141,SO_101442,WH_02,Rail,24-12-2024,2025/01/01,5,8.0,Delayed,2757,8462.36,29543,21080.64
SHP_101142,SO_107926,WH_11,Air,06-02-2024,2024/02/13,5,7.0,Delayed,4872,1907.61,6062,4154.39
SHP_101143,SO_103331,WH_01,Sea,18-10-2024,2024/10/20,6,2.0,On Time,1164,2243.94,5975,3731.06
SHP_101144,SO_107491,WH_05,Sea,01-04-2024,2024/04/11,5,10.0,Delayed,3947,5982.83,21702,15719.17
SHP_101145,SO_107152,WH_01,Sea,20-02-2024,2024/02/23,7,3.0,On Time,3077,5588.52,19356,13767.48
SHP_101146,SO_107545,WH_12,Air,06-08-2024,2024/08/12,4,6.0,Delayed,1258,4273.51,18589,14315.49
SHP_101147,SO_106521,WH_01,Rail,01-11-2024,2024/11/11,6,10.0,Delayed,2837,1644.53,6241,4596.47
SHP_101148,SO_102916,WH_10,Air,13-08-2024,2024/08/20,7,7.0,On Time,735,13625.02,42606,28980.98
SHP_101149,SO_106407,WH_01,Road,24-07-2024,2024/07/28,4,4.0,On Time,1657,10511.33,49240,38728.67
SHP_101150,SO_105469,WH_11,Air,16-11-2024,2024/11/24,4,8.0,Delayed,1443,2389.75,6373,3983.25
SHP_101151,SO_104993,WH_02,Air,24-01-2024,2024/02/03,7,10.0,Delayed,2923,9558.26,40282,30723.74
SHP_101152,SO_100857,WH_04,Road,23-07-2024,2024/07/26,6,3.0,On Time,1115,7228.17,28872,21643.83
SHP_101153,SO_104207,WH_15,Rail,12-09-2024,2024/09/16,7,4.0,On Time,3073,9848.92,37497,27648.08
SHP_101154,SO_100946,WH_14,Air,27-08-2024,2024/08/29,3,2.0,On Time,1343,2716.01,7249,4532.99
SHP_101155,SO_103136,WH_15,Air,27-01-2024,2024/02/02,4,6.0,Delayed,965,15569.91,49458,33888.09
SHP_101156,SO_107060,WH_02,Air,05-11-2024,2024/11/10,3,5.0,Delayed,4104,10007.64,34837,24829.36
SHP_101157,SO_101018,WH_10,Rail,07-04-2024,2024/04/10,3,3.0,On Time,4729,3601.76,13498,9896.24
SHP_101158,SO_107762,WH_04,Road,18-08-2024,2024/08/27,4,9.0,Delayed,1625,8286.46,40694,32407.54
SHP_101159,SO_101665,WH_10,Sea,21-08-2024,2024/08/30,4,9.0,Delayed,3453,16234.47,48025,31790.53
SHP_101160,SO_106430,WH_15,Air,19-01-2024,2024/01/23,4,4.0,On Time,2484,11015.62,46339,35323.38
SHP_101161,SO_101549,WH_12,Road,17-07-2024,2024/07/26,6,9.0,Delayed,4087,5690.77,17626,11935.23
SHP_101162,SO_103286,WH_09,Rail,01-01-2024,2024/01/03,4,2.0,On Time,2925,15157.65,45255,30097.35
SHP_101163,SO_105703,WH_11,Air,23-03-2024,2024/03/27,5,4.0,On Time,3646,5387.5,17474,12086.5
SHP_101164,SO_108810,WH_15,Rail,27-06-2024,2024/07/04,7,7.0,On Time,1173,14302.62,38277,23974.38
SHP_101165,SO_105392,WH_14,Air,17-08-2024,2024/08/27,3,10.0,Delayed,3441,4780.4,12323,7542.6
SHP_101166,SO_107545,WH_02,Sea,15-09-2024,2024/09/20,7,5.0,On Time,3689,3128.26,13913,10784.74
SHP_101167,SO_106049,WH_15,Air,14-07-2024,2024/07/16,3,2.0,On Time,711,10526.12,38701,28174.88
SHP_101168,SO_108168,WH_07,Air,19-10-2024,2024/10/28,3,9.0,Delayed,661,6032.2,29895,23862.8
SHP_101169,SO_109361,WH_04,Air,03-07-2024,2024/07/12,4,9.0,Delayed,1242,7944.85,24696,16751.15
SHP_101170,SO_108154,WH_05,Air,12-07-2024,2024/07/18,3,6.0,Delayed,4460,10278.99,25772,15493.01
SHP_101171,SO_102800,WH_14,Air,01-09-2024,2024/09/03,7,2.0,On Time,3236,13509.75,46066,32556.25
SHP_101172,SO_108798,WH_03,Air,31-03-2024,2024/04/02,3,2.0,On Time,2853,-7926.51,31127,39053.51
SHP_101173,SO_103581,WH_11,Road,11-05-2024,2024/05/20,4,9.0,Delayed,3979,12104.63,42317,30212.37
SHP_101174,SO_104653,WH_12,Sea,03-08-2024,2024/08/09,3,6.0,Delayed,426,15854.12,42973,27118.88
SHP_101175,SO_109608,WH_14,Road,20-06-2024,2024/06/30,6,10.0,Delayed,1826,7100.31,33904,26803.69
SHP_101176,SO_104868,WH_04,Sea,13-01-2024,2024/01/23,4,10.0,Delayed,2625,9368.62,27468,18099.38
SHP_101177,SO_109030,WH_10,Sea,04-07-2024,2024/07/09,7,5.0,On Time,1720,6088.76,29668,23579.24
SHP_101178,SO_108499,WH_12,Sea,06-09-2024,2024/09/08,3,,Delayed,559,8917.33,39876,30958.67
SHP_101179,SO_101604,WH_01,Sea,13-12-2024,2024/12/22,5,9.0,Delayed,4555,12782.76,40275,27492.24
SHP_101180,SO_105581,WH_06,Road,08-03-2024,2024/03/15,4,7.0,Delayed,3669,5940.02,24022,18081.98
SHP_101181,SO_106688,WH_14,Sea,01-10-2024,2024/10/04,7,3.0,On Time,1987,5480.37,14178,8697.63
SHP_101182,SO_107054,WH_07,Air,12-01-2024,2024/01/20,5,8.0,Delayed,4807,7508.62,19008,11499.38
SHP_101183,SO_100635,WH_01,Sea,21-12-2024,2024/12/26,5,5.0,On Time,3528,9878.28,27514,17635.72
SHP_101184,SO_106481,WH_06,Rail,17-02-2024,2024/02/22,3,5.0,Delayed,3557,9279.82,25532,16252.18
SHP_101185,SO_101542,WH_05,Road,25-02-2024,2024/03/05,7,9.0,Delayed,3824,2391.07,10296,7904.93
SHP_101186,SO_105826,WH_03,Rail,25-10-2024,2024/10/30,6,5.0,On Time,1406,6751.97,22236,15484.03
SHP_101187,SO_109540,WH_07,Rail,12-04-2024,2024/04/15,4,3.0,On Time,2185,8173.13,25544,17370.87
SHP_101188,SO_101227,WH_12,Sea,24-10-2024,2024/10/31,4,7.0,Delayed,1089,7180.51,26623,19442.49
SHP_101189,SO_109481,WH_05,Sea,22-03-2024,2024/03/26,7,4.0,On Time,3291,6527.44,23654,17126.56
SHP_101190,SO_102916,WH_02,Air,01-03-2024,2024/03/04,3,3.0,On Time,4850,16273.01,41145,24871.99
SHP_101191,SO_109755,WH_06,Air,09-04-2024,2024/04/17,3,8.0,Delayed,3507,-8946.57,35871,44817.57
SHP_101192,SO_104481,WH_07,Sea,03-12-2024,2024/12/09,5,6.0,Delayed,2797,12013.34,36516,24502.66
SHP_101193,SO_105269,WH_15,Rail,03-10-2024,2024/10/09,4,6.0,Delayed,4834,10484.1,35503,25018.9
SHP_101194,SO_103804,WH_14,Air,01-04-2024,2024/04/06,6,5.0,On Time,2883,2092.23,5402,3309.77
SHP_101195,SO_104479,WH_01,Air,01-05-2024,2024/05/08,6,7.0,Delayed,3530,4832.3,23972,19139.7
SHP_101196,SO_108503,WH_05,Air,08-07-2024,2024/07/14,7,6.0,On Time,663,4298.68,21446,17147.32
SHP_101197,SO_103651,WH_07,Road,19-09-2024,2024/09/25,6,6.0,On Time,4206,3149.24,12791,9641.76
SHP_101198,SO_102781,WH_12,Sea,04-01-2024,2024/01/08,6,4.0,On Time,3801,6089.62,18756,12666.38
SHP_101199,SO_105391,WH_03,Air,14-01-2024,2024/01/18,3,4.0,Delayed,400,9116.28,27581,18464.72
SHP_101200,SO_107721,WH_08,Sea,21-02-2024,2024/02/29,4,8.0,Delayed,4030,9201.31,41924,32722.69
SHP_101201,SO_104041,WH_11,Sea,03-09-2024,2024/09/10,3,7.0,Delayed,656,9673.17,45818,36144.83
SHP_101202,SO_107335,WH_07,Rail,21-05-2024,2024/05/27,5,6.0,Delayed,3922,1636.77,6079,4442.23
SHP_101203,SO_105802,WH_06,Air,04-05-2024,2024/05/09,5,5.0,On Time,2209,17417.41,44445,27027.59
SHP_101204,SO_101012,WH_02,Rail,07-05-2024,2024/05/12,4,5.0,Delayed,4184,17511.95,44480,26968.05
SHP_101205,SO_104733,WH_08,Road,31-05-2024,2024/06/02,6,2.0,On Time,2481,2306.61,10144,7837.39
SHP_101206,SO_108269,WH_09,Rail,09-10-2024,2024/10/15,4,6.0,Delayed,597,10245.13,46811,36565.87
SHP_101207,SO_101564,WH_10,Air,25-02-2024,2024/02/28,7,3.0,On Time,2148,3333.0,15121,11788.0
SHP_101208,SO_103373,WH_11,Sea,03-12-2024,2024/12/11,5,8.0,Delayed,3006,6175.71,17079,10903.29
SHP_101209,SO_102929,WH_14,Sea,30-03-2024,2024/04/02,7,3.0,On Time,2846,3444.87,11622,8177.13
SHP_101210,SO_102793,WH_05,Rail,01-06-2024,2024/06/03,3,2.0,On Time,4033,4541.7,19193,14651.3
SHP_101211,SO_106887,WH_06,Road,26-09-2024,2024/09/29,5,3.0,On Time,348,12914.47,45778,32863.53
SHP_101212,SO_102120,WH_01,Sea,26-07-2024,2024/08/05,4,10.0,Delayed,4539,2373.4,10899,8525.6
SHP_101213,SO_100819,WH_15,Sea,14-12-2024,2024/12/16,5,2.0,On Time,4423,8725.72,25911,17185.28
SHP_101214,SO_100561,WH_07,Road,26-01-2024,2024/02/05,3,10.0,Delayed,828,4360.75,11663,7302.25
SHP_101215,SO_105397,WH_01,Road,31-07-2024,2024/08/09,5,9.0,Delayed,4533,13124.67,46211,33086.33
SHP_101216,SO_104023,WH_03,Sea,03-09-2024,2024/09/05,7,2.0,On Time,2568,4679.34,20200,15520.66
SHP_101217,SO_105953,WH_03,Road,10-05-2024,2024/05/17,3,7.0,Delayed,3327,1542.26,5487,3944.74
SHP_101218,SO_105182,WH_11,Rail,14-07-2024,2024/07/23,5,9.0,Delayed,3518,3347.14,13622,10274.86
SHP_101219,SO_100502,WH_04,Air,07-04-2024,2024/04/12,5,5.0,On Time,4850,3257.22,11635,8377.78
SHP_101220,SO_104963,WH_04,Sea,23-04-2024,2024/04/27,3,4.0,Delayed,4103,12448.62,33195,20746.38
SHP_101221,SO_103553,WH_05,Road,15-07-2024,2024/07/25,5,10.0,Delayed,4507,6713.64,31291,24577.36
SHP_101222,SO_104606,WH_14,Road,26-04-2024,2024/04/28,3,2.0,On Time,2145,9530.02,44257,34726.98
SHP_101223,SO_101843,WH_14,Air,17-01-2024,2024/01/19,5,2.0,On Time,1595,5162.48,20155,14992.52
SHP_101224,SO_102545,WH_05,Sea,14-08-2024,2024/08/21,4,7.0,Delayed,2960,5712.46,28384,22671.54
SHP_101225,SO_101202,WH_04,Sea,23-11-2024,2024/11/27,5,4.0,On Time,4009,7881.05,33702,25820.95
SHP_101226,SO_102622,WH_06,Rail,16-03-2024,2024/03/22,7,6.0,On Time,1764,3602.96,11272,7669.04
SHP_101227,SO_106076,WH_05,Sea,29-11-2024,2024/12/09,5,10.0,Delayed,4421,8297.76,21369,13071.24
SHP_101228,SO_101537,WH_06,Sea,31-03-2024,2024/04/02,7,2.0,On Time,449,2355.36,11728,9372.64
SHP_101229,SO_106801,WH_14,Sea,20-08-2024,2024/08/27,4,7.0,Delayed,2333,1498.31,5200,3701.69
SHP_101230,SO_104746,WH_09,Road,11-11-2024,2024/11/16,3,5.0,Delayed,2347,4944.8,23316,18371.2
SHP_101231,SO_101849,WH_05,Rail,25-06-2024,2024/07/01,4,6.0,Delayed,2233,9437.57,46926,37488.43
SHP_101232,SO_109396,WH_02,Road,25-09-2024,2024/09/29,4,4.0,On Time,3899,2819.85,8512,5692.15
SHP_101233,SO_108942,WH_06,Sea,01-08-2024,2024/08/07,3,6.0,Delayed,1702,7612.38,37805,30192.62
SHP_101234,SO_107838,WH_03,Sea,21-07-2024,2024/07/26,4,5.0,Delayed,1621,19027.14,48199,29171.86
SHP_101235,SO_106486,WH_14,Sea,08-03-2024,2024/03/11,5,3.0,On Time,3832,10477.53,44901,34423.47
SHP_101236,SO_108263,WH_12,Air,03-04-2024,2024/04/13,7,10.0,Delayed,702,8558.35,32375,23816.65
SHP_101237,SO_103426,WH_05,Rail,08-03-2024,2024/03/18,5,10.0,Delayed,1170,8566.49,21567,13000.51
SHP_101238,SO_106918,WH_06,Air,11-08-2024,2024/08/19,6,8.0,Delayed,652,6994.62,28157,21162.38
SHP_101239,SO_101839,WH_02,Rail,02-07-2024,2024/07/06,7,4.0,On Time,2476,10933.22,35268,24334.78
SHP_101240,SO_109212,WH_10,Sea,10-08-2024,2024/08/15,4,5.0,Delayed,3928,3126.54,10618,7491.46
SHP_101241,SO_108057,WH_03,Air,16-01-2024,2024/01/25,7,9.0,Delayed,4699,14838.16,41229,26390.84
SHP_101242,SO_106230,WH_05,Sea,04-07-2024,2024/07/10,5,6.0,Delayed,4599,1634.67,7107,5472.33
SHP_101243,SO_109223,WH_09,Rail,14-05-2024,2024/05/18,4,4.0,On Time,4502,2655.58,10746,8090.42
SHP_101244,SO_105835,WH_09,Air,20-04-2024,2024/04/22,6,2.0,On Time,4731,10959.96,42763,31803.04
SHP_101245,SO_106178,WH_07,Air,04-07-2024,2024/07/10,5,6.0,Delayed,3651,6408.33,23452,17043.67
SHP_101246,SO_105840,WH_13,Rail,13-07-2024,2024/07/17,5,4.0,On Time,1013,3816.19,11064,7247.81
SHP_101247,SO_102736,WH_09,Road,13-04-2024,2024/04/20,6,7.0,Delayed,1950,17588.63,49547,31958.37
SHP_101248,SO_103985,WH_10,Air,08-08-2024,2024/08/17,3,9.0,Delayed,2427,19454.97,49574,30119.03
SHP_101249,SO_105806,WH_11,Air,24-11-2024,2024/12/02,3,8.0,Delayed,4722,14072.52,43414,29341.48
SHP_101250,SO_100416,WH_12,Sea,22-04-2024,2024/04/27,3,5.0,Delayed,1867,10787.49,49343,38555.51
SHP_101251,SO_106917,WH_03,Sea,11-09-2024,2024/09/16,7,5.0,On Time,1256,10763.49,41326,30562.51
SHP_101252,SO_103537,WH_09,Rail,19-09-2024,2024/09/29,6,10.0,Delayed,1142,5218.73,13071,7852.27
SHP_101253,SO_109129,WH_02,Road,25-01-2024,2024/01/31,3,6.0,Delayed,805,13728.17,35888,22159.83
SHP_101254,SO_101317,WH_07,Sea,20-08-2024,2024/08/22,7,2.0,On Time,2262,1701.82,7341,5639.18
SHP_101255,SO_104213,WH_01,Road,24-09-2024,2024/09/26,7,2.0,On Time,1701,18045.16,45285,27239.84
SHP_101256,SO_106852,WH_02,Sea,11-03-2024,2024/03/14,7,3.0,On Time,2587,5314.47,24328,19013.53
SHP_101257,SO_102019,WH_04,Air,05-01-2024,2024/01/13,5,8.0,Delayed,332,4811.27,23474,18662.73
SHP_101258,SO_105414,WH_03,Air,03-05-2024,2024/05/11,5,8.0,Delayed,435,11443.28,41283,29839.72
SHP_101259,SO_107122,WH_01,Rail,26-04-2024,2024/04/29,6,3.0,On Time,1283,10274.55,48762,38487.45
SHP_101260,SO_100529,WH_06,Road,26-06-2024,2024/06/30,6,4.0,On Time,4864,5328.87,22070,16741.13
SHP_101261,SO_106231,WH_14,Road,16-12-2024,2024/12/24,6,8.0,Delayed,1542,6395.98,30802,24406.02
SHP_101262,SO_104492,WH_06,Road,10-12-2024,2024/12/19,6,9.0,Delayed,4811,4620.32,14363,9742.68
SHP_101263,SO_108444,WH_13,Road,13-12-2024,2024/12/18,5,5.0,On Time,2023,15585.13,43061,27475.87
SHP_101264,SO_100678,WH_11,Rail,21-02-2024,2024/03/02,3,10.0,Delayed,3359,4880.4,21613,16732.6
SHP_101265,SO_104534,WH_13,Rail,26-03-2024,2024/03/31,7,5.0,On Time,1770,11623.64,30492,18868.36
SHP_101266,SO_107665,WH_14,Air,12-08-2024,2024/08/22,7,10.0,Delayed,3643,7892.56,33564,25671.44
SHP_101267,SO_103584,WH_05,Rail,09-12-2024,2024/12/19,3,10.0,Delayed,2915,7773.2,27667,19893.8
SHP_101268,SO_106103,WH_12,Road,29-04-2024,2024/05/03,6,4.0,On Time,1129,5409.56,15051,9641.44
SHP_101269,SO_102584,WH_06,Air,25-10-2024,2024/10/30,6,5.0,On Time,2214,9867.27,31908,22040.73
SHP_101270,SO_101948,WH_09,Sea,17-04-2024,2024/04/27,5,10.0,Delayed,4687,17532.42,45764,28231.58
SHP_101271,SO_100977,WH_06,Road,30-06-2024,2024/07/06,4,6.0,Delayed,3274,2693.88,7083,4389.12
SHP_101272,SO_105483,WH_14,Rail,24-11-2024,2024/12/01,5,7.0,Delayed,2678,8960.12,23042,14081.88
SHP_101273,SO_105579,WH_04,Rail,29-10-2024,2024/11/01,7,3.0,On Time,3956,2768.82,13170,10401.18
SHP_101274,SO_105513,WH_12,Air,31-08-2024,2024/09/02,3,2.0,On Time,3750,3490.52,10213,6722.48
SHP_101275,SO_101314,WH_04,Road,16-12-2024,2024/12/26,4,10.0,Delayed,4846,13289.33,46952,33662.67
SHP_101276,SO_109637,WH_10,Road,12-12-2024,2024/12/21,3,9.0,Delayed,3943,8409.55,38950,30540.45
SHP_101277,SO_104913,WH_12,Sea,12-06-2024,2024/06/16,3,4.0,Delayed,2203,7361.72,34824,27462.28
SHP_101278,SO_105721,WH_06,Sea,21-10-2024,2024/10/29,6,8.0,Delayed,1764,9616.89,34914,25297.11
SHP_101279,SO_105873,WH_12,Rail,14-01-2024,2024/01/23,7,,Delayed,4948,11696.41,31746,20049.59
SHP_101280,SO_109468,WH_09,Rail,05-06-2024,2024/06/09,7,4.0,On Time,3952,6529.51,22284,15754.49
SHP_101281,SO_108743,WH_10,Rail,29-10-2024,2024/11/01,7,3.0,On Time,2163,15647.15,42925,27277.85
SHP_101282,SO_104299,WH_15,Air,13-01-2024,2024/01/20,3,,Delayed,1505,10594.4,28365,17770.6
SHP_101283,SO_108149,WH_04,Road,02-03-2024,2024/03/09,6,7.0,Delayed,3475,14735.34,41166,26430.66
SHP_101284,SO_102941,WH_15,Rail,09-03-2024,2024/03/12,7,3.0,On Time,1942,5668.82,25789,20120.18
SHP_101285,SO_107444,WH_01,Rail,23-06-2024,2024/06/30,6,7.0,Delayed,4460,10032.8,29042,19009.2
SHP_101286,SO_100849,WH_08,Rail,25-01-2024,2024/01/30,7,5.0,On Time,4340,6749.23,30447,23697.77
SHP_101287,SO_105916,WH_10,Road,24-02-2024,2024/02/29,6,5.0,On Time,3295,5229.76,25233,20003.24
SHP_101288,SO_103358,WH_04,Rail,08-06-2024,2024/06/18,4,10.0,Delayed,500,9912.05,48303,38390.95
SHP_101289,SO_106234,WH_15,Road,24-01-2024,2024/01/29,4,5.0,Delayed,1807,8119.42,35456,27336.58
SHP_101290,SO_102408,WH_11,Sea,05-04-2024,2024/04/08,5,3.0,On Time,3826,12101.05,30817,18715.95
SHP_101291,SO_104785,WH_13,Rail,27-06-2024,2024/07/02,5,5.0,On Time,2031,3241.65,14366,11124.35
SHP_101292,SO_102890,WH_12,Rail,21-02-2024,2024/02/29,6,8.0,Delayed,2863,11688.92,32708,21019.08
SHP_101293,SO_100934,WH_01,Rail,22-05-2024,2024/05/25,3,3.0,On Time,1439,14725.81,37462,22736.19
SHP_101294,SO_106037,WH_09,Road,12-12-2024,2024/12/20,5,8.0,Delayed,2947,3178.91,8734,5555.09
SHP_101295,SO_107450,WH_08,Road,22-03-2024,2024/04/01,5,10.0,Delayed,3428,6455.72,18790,12334.28
SHP_101296,SO_106802,WH_11,Air,01-07-2024,2024/07/10,7,,Delayed,4955,11054.48,35519,24464.52
SHP_101297,SO_105733,WH_10,Rail,08-12-2024,2024/12/11,5,3.0,On Time,2962,8528.51,21820,13291.49
SHP_101298,SO_105385,WH_04,Road,19-10-2024,2024/10/27,5,8.0,Delayed,1972,9702.8,29686,19983.2
SHP_101299,SO_102276,WH_07,Road,20-05-2024,2024/05/28,5,8.0,Delayed,2330,9985.62,33253,23267.38
SHP_101300,SO_105828,WH_08,Air,27-05-2024,2024/06/05,4,9.0,Delayed,1324,9833.49,26985,17151.51
SHP_101301,SO_101902,WH_13,Air,13-03-2024,2024/03/22,6,9.0,Delayed,485,5260.04,14377,9116.96
SHP_101302,SO_107024,WH_01,Sea,24-04-2024,2024/04/26,4,2.0,On Time,2884,2981.71,8736,5754.29
SHP_101303,SO_102518,WH_05,Sea,15-09-2024,2024/09/21,5,6.0,Delayed,410,17016.17,44150,27133.83
SHP_101304,SO_105924,WH_08,Rail,26-03-2024,2024/03/28,5,2.0,On Time,3262,10570.07,47380,36809.93
SHP_101305,SO_108437,WH_09,Rail,20-04-2024,2024/04/30,4,10.0,Delayed,3065,7509.69,22627,15117.31
SHP_101306,SO_102819,WH_14,Road,29-03-2024,2024/04/03,5,5.0,On Time,2333,3619.15,14609,10989.85
SHP_101307,SO_102532,WH_14,Road,03-10-2024,2024/10/11,6,8.0,Delayed,4528,2837.61,8716,5878.39
SHP_101308,SO_107132,WH_09,Road,02-10-2024,2024/10/06,6,4.0,On Time,3808,-7555.81,19383,26938.81
SHP_101309,SO_109186,WH_08,Road,25-10-2024,2024/10/29,5,4.0,On Time,387,15146.49,43134,27987.51
SHP_101310,SO_104675,WH_02,Rail,08-11-2024,2024/11/10,7,2.0,On Time,4334,6231.19,17367,11135.81
SHP_101311,SO_108761,WH_01,Rail,26-01-2024,2024/02/04,4,9.0,Delayed,1331,10957.66,35301,24343.34
SHP_101312,SO_108017,WH_02,Road,17-12-2024,2024/12/19,7,2.0,On Time,1873,10430.66,28529,18098.34
SHP_101313,SO_107940,WH_11,Road,09-04-2024,2024/04/14,5,5.0,On Time,4058,14644.49,44873,30228.51
SHP_101314,SO_101352,WH_09,Road,04-06-2024,2024/06/07,7,3.0,On Time,1975,6274.91,26910,20635.09
SHP_101315,SO_101207,WH_03,Rail,08-04-2024,2024/04/10,5,2.0,On Time,1060,3896.9,13955,10058.1
SHP_101316,SO_107049,WH_09,Road,01-06-2024,2024/06/04,3,3.0,On Time,4145,18452.58,48218,29765.42
SHP_101317,SO_100360,WH_08,Sea,24-05-2024,2024/06/03,6,10.0,Delayed,1607,10516.96,27123,16606.04
SHP_101318,SO_105439,WH_11,Rail,11-03-2024,2024/03/21,6,10.0,Delayed,4568,4079.19,10387,6307.81
SHP_101319,SO_106334,WH_09,Rail,26-02-2024,2024/03/04,3,7.0,Delayed,2551,4521.35,21828,17306.65
SHP_101320,SO_107597,WH_05,Air,04-12-2024,2024/12/07,6,3.0,On Time,1404,2091.84,10088,7996.16
SHP_101321,SO_100725,WH_04,Air,23-07-2024,2024/07/26,6,3.0,On Time,862,6842.08,19515,12672.92
SHP_101322,SO_104202,WH_12,Air,08-03-2024,2024/03/11,5,3.0,On Time,4377,5593.5,21013,15419.5
SHP_101323,SO_100772,WH_13,Road,27-03-2024,2024/04/06,5,10.0,Delayed,3419,8993.2,32114,23120.8
SHP_101324,SO_104796,WH_03,Road,29-08-2024,2024/09/01,3,3.0,On Time,1588,6195.53,23624,17428.47
SHP_101325,SO_100025,WH_07,Air,24-06-2024,2024/07/03,4,9.0,Delayed,407,6780.14,19071,12290.86
SHP_101326,SO_104028,WH_13,Rail,24-09-2024,2024/09/30,5,6.0,Delayed,1565,7159.38,18119,10959.62
SHP_101327,SO_105712,WH_05,Sea,04-05-2024,2024/05/13,4,9.0,Delayed,815,6833.44,19741,12907.56
SHP_101328,SO_106147,WH_04,Rail,01-11-2024,2024/11/09,5,8.0,Delayed,4030,2588.49,11686,9097.51
SHP_101329,SO_107529,WH_05,Road,21-02-2024,2024/02/26,7,5.0,On Time,4313,5564.13,27343,21778.87
SHP_101330,SO_107670,WH_15,Air,01-07-2024,2024/07/06,7,5.0,On Time,1596,14704.85,39506,24801.15
SHP_101331,SO_101806,WH_01,Sea,25-05-2024,2024/05/27,6,2.0,On Time,2727,5070.94,18535,13464.06
SHP_101332,SO_108602,WH_12,Rail,12-08-2024,2024/08/21,4,9.0,Delayed,273,9416.71,40533,31116.29
SHP_101333,SO_109264,WH_06,Rail,15-02-2024,2024/02/20,5,5.0,On Time,2002,6002.2,15650,9647.8
SHP_101334,SO_102495,WH_04,Road,15-04-2024,2024/04/23,3,8.0,Delayed,1676,10131.4,45248,35116.6
SHP_101335,SO_109738,WH_07,Road,26-04-2024,2024/05/04,4,8.0,Delayed,273,2692.12,9999,7306.88
SHP_101336,SO_100266,WH_04,Rail,26-09-2024,2024/09/29,3,3.0,On Time,411,5593.44,21038,15444.56
SHP_101337,SO_101884,WH_12,Rail,08-12-2024,2024/12/11,4,3.0,On Time,3855,6722.7,17417,10694.3
SHP_101338,SO_103409,WH_03,Sea,23-03-2024,2024/03/28,3,5.0,Delayed,450,1880.94,7619,5738.06
SHP_101339,SO_105798,WH_07,Air,31-12-2024,2025/01/05,3,5.0,Delayed,3897,1483.03,5534,4050.97
SHP_101340,SO_106241,WH_14,Road,13-12-2024,2024/12/16,5,3.0,On Time,4459,3784.08,15323,11538.92
SHP_101341,SO_103227,WH_06,Sea,22-11-2024,2024/11/25,4,3.0,On Time,2951,8142.9,30237,22094.1
SHP_101342,SO_105073,WH_07,Rail,05-09-2024,2024/09/08,7,3.0,On Time,4533,2149.06,10523,8373.94
SHP_101343,SO_102273,WH_08,Sea,05-05-2024,2024/05/09,3,4.0,Delayed,1535,3579.68,15863,12283.32
SHP_101344,SO_108248,WH_03,Rail,09-01-2024,2024/01/11,4,2.0,On Time,2171,6354.44,19785,13430.56
SHP_101345,SO_100994,WH_10,Air,31-05-2024,2024/06/09,7,9.0,Delayed,3774,3210.12,13830,10619.88
SHP_101346,SO_101664,WH_02,Road,17-06-2024,2024/06/27,7,10.0,Delayed,4459,15112.74,39010,23897.26
SHP_101347,SO_109137,WH_14,Road,22-02-2024,2024/02/28,3,6.0,Delayed,538,8276.73,37454,29177.27
SHP_101348,SO_100871,WH_09,Road,24-10-2024,2024/11/01,4,8.0,Delayed,2710,2309.26,9160,6850.74
SHP_101349,SO_101098,WH_04,Rail,18-02-2024,2024/02/22,3,4.0,Delayed,1244,9118.31,31590,22471.69
SHP_101350,SO_107378,WH_13,Rail,04-02-2024,2024/02/11,7,7.0,On Time,3829,6381.53,16206,9824.47
SHP_101351,SO_104538,WH_07,Rail,26-07-2024,2024/08/02,7,7.0,On Time,2881,4651.46,17559,12907.54
SHP_101352,SO_103868,WH_13,Sea,08-09-2024,2024/09/11,6,3.0,On Time,2715,1925.09,8617,6691.91
SHP_101353,SO_109242,WH_09,Rail,08-07-2024,2024/07/16,3,8.0,Delayed,757,14684.02,38224,23539.98
SHP_101354,SO_109532,WH_10,Sea,10-06-2024,2024/06/19,4,9.0,Delayed,1514,11312.91,44869,33556.09
SHP_101355,SO_103780,WH_08,Sea,07-06-2024,2024/06/17,5,10.0,Delayed,3657,7679.21,24820,17140.79
SHP_101356,SO_105722,WH_11,Rail,19-04-2024,2024/04/26,7,7.0,On Time,3472,14746.01,49781,35034.99
SHP_101357,SO_106602,WH_02,Rail,24-02-2024,2024/02/27,7,3.0,On Time,3952,5134.94,24134,18999.06
SHP_101358,SO_101983,WH_08,Road,06-03-2024,2024/03/15,4,9.0,Delayed,1905,10619.75,49837,39217.25
SHP_101359,SO_101867,WH_02,Air,28-05-2024,2024/06/06,3,9.0,Delayed,949,2786.28,10672,7885.72
SHP_101360,SO_103919,WH_01,Road,24-11-2024,2024/12/04,5,,Delayed,398,5149.75,17366,12216.25
SHP_101361,SO_104992,WH_06,Rail,27-10-2024,2024/11/06,5,10.0,Delayed,3554,6065.95,16631,10565.05
SHP_101362,SO_108809,WH_04,Sea,23-01-2024,2024/02/02,6,10.0,Delayed,4617,6626.38,24529,17902.62
SHP_101363,SO_100779,WH_01,Road,21-09-2024,2024/10/01,4,10.0,Delayed,3200,11503.9,39896,28392.1
SHP_101364,SO_102166,WH_05,Road,14-10-2024,2024/10/16,4,2.0,On Time,456,7233.58,22360,15126.42
SHP_101365,SO_105580,WH_15,Sea,20-09-2024,2024/09/22,6,2.0,On Time,1708,9008.9,40549,31540.1
SHP_101366,SO_102486,WH_09,Air,07-04-2024,2024/04/13,6,6.0,On Time,1802,13139.08,36173,23033.92
SHP_101367,SO_103872,WH_03,Road,25-12-2024,2025/01/02,7,8.0,Delayed,4693,3652.35,15120,11467.65
SHP_101368,SO_103493,WH_03,Sea,02-04-2024,2024/04/12,6,10.0,Delayed,4873,2913.48,8388,5474.52
SHP_101369,SO_107094,WH_06,Road,12-08-2024,2024/08/18,3,6.0,Delayed,4674,10240.33,26362,16121.67
SHP_101370,SO_100657,WH_08,Road,13-03-2024,2024/03/23,7,10.0,Delayed,3387,6135.13,19073,12937.87
SHP_101371,SO_102785,WH_03,Road,03-02-2024,2024/02/11,7,8.0,Delayed,1975,9556.84,46992,37435.16
SHP_101372,SO_109130,WH_11,Rail,31-10-2024,2024/11/10,5,10.0,Delayed,2436,4893.72,23674,18780.28
SHP_101373,SO_105285,WH_11,Sea,21-10-2024,2024/10/26,3,5.0,Delayed,4899,8899.29,32979,24079.71
SHP_101374,SO_108905,WH_01,Rail,05-08-2024,2024/08/10,6,5.0,On Time,4893,3347.42,10224,6876.58
SHP_101375,SO_105231,WH_01,Sea,20-12-2024,2024/12/24,4,4.0,On Time,1465,8502.41,27766,19263.59
SHP_101376,SO_103058,WH_06,Sea,04-09-2024,2024/09/12,3,8.0,Delayed,1985,14796.95,41559,26762.05
SHP_101377,SO_103561,WH_11,Road,18-11-2024,2024/11/23,5,5.0,On Time,4981,7292.01,27177,19884.99
SHP_101378,SO_104293,WH_14,Rail,24-06-2024,2024/07/03,3,9.0,Delayed,3222,18046.38,45489,27442.62
SHP_101379,SO_102580,WH_12,Road,08-12-2024,2024/12/18,5,10.0,Delayed,2438,9616.7,24559,14942.3
SHP_101380,SO_108630,WH_15,Sea,01-03-2024,2024/03/11,6,10.0,Delayed,4746,11044.12,40730,29685.88
SHP_101381,SO_100320,WH_02,Air,13-10-2024,2024/10/23,5,10.0,Delayed,4408,10678.19,36890,26211.81
SHP_101382,SO_100200,WH_14,Air,12-11-2024,2024/11/16,5,4.0,On Time,1842,10523.77,29083,18559.23
SHP_101383,SO_109304,WH_06,Air,16-02-2024,2024/02/23,6,7.0,Delayed,2405,6757.75,21124,14366.25
SHP_101384,SO_103924,WH_08,Sea,05-02-2024,2024/02/13,6,8.0,Delayed,4363,2983.06,11624,8640.94
SHP_101385,SO_105420,WH_10,Sea,10-12-2024,2024/12/19,3,9.0,Delayed,1859,11875.04,40843,28967.96
SHP_101386,SO_104334,WH_13,Rail,24-05-2024,2024/05/27,6,3.0,On Time,1174,7875.37,26047,18171.63
SHP_101387,SO_100323,WH_08,Air,10-03-2024,2024/03/15,5,5.0,On Time,4133,6312.77,22164,15851.23
SHP_101388,SO_109736,WH_01,Road,06-05-2024,2024/05/15,4,9.0,Delayed,471,8960.48,42931,33970.52
SHP_101389,SO_104412,WH_12,Road,18-07-2024,2024/07/28,6,10.0,Delayed,1237,8643.14,28994,20350.86
SHP_101390,SO_108022,WH_07,Road,13-03-2024,2024/03/21,3,8.0,Delayed,3665,4827.65,23841,19013.35
SHP_101391,SO_108018,WH_02,Road,13-02-2024,2024/02/15,7,2.0,On Time,4811,3856.97,16529,12672.03
SHP_101392,SO_102174,WH_08,Road,18-10-2024,2024/10/24,3,6.0,Delayed,1401,8124.89,25201,17076.11
SHP_101393,SO_104247,WH_11,Sea,16-06-2024,2024/06/20,5,4.0,On Time,4304,7738.04,35215,27476.96
SHP_101394,SO_101454,WH_04,Road,30-11-2024,2024/12/08,3,8.0,Delayed,2326,12774.13,40990,28215.87
SHP_101395,SO_108923,WH_09,Air,29-10-2024,2024/11/04,5,6.0,Delayed,2891,11862.03,35145,23282.97
SHP_101396,SO_100125,WH_15,Sea,07-04-2024,2024/04/09,3,2.0,On Time,2260,7180.57,29029,21848.43
SHP_101397,SO_109974,WH_04,Sea,28-02-2024,2024/03/03,5,4.0,On Time,4791,9872.88,41048,31175.12
SHP_101398,SO_109711,WH_11,Road,31-12-2024,2025/01/04,7,4.0,On Time,2463,5568.64,14402,8833.36
SHP_101399,SO_107067,WH_09,Air,14-03-2024,2024/03/19,4,5.0,Delayed,3971,4057.76,18044,13986.24
SHP_101400,SO_101868,WH_14,Rail,23-03-2024,2024/03/29,7,6.0,On Time,1853,2280.92,10769,8488.08
SHP_101401,SO_100506,WH_07,Rail,08-09-2024,2024/09/13,5,5.0,On Time,1150,8962.72,38348,29385.28
SHP_101402,SO_107956,WH_15,Rail,28-05-2024,2024/06/04,3,7.0,Delayed,4020,7824.44,25512,17687.56
SHP_101403,SO_105069,WH_03,Sea,20-10-2024,2024/10/28,7,8.0,Delayed,2801,7810.59,28369,20558.41
SHP_101404,SO_107626,WH_04,Air,21-03-2024,2024/03/31,5,10.0,Delayed,679,1946.08,5479,3532.92
SHP_101405,SO_109340,WH_03,Road,22-10-2024,2024/10/30,5,8.0,Delayed,3150,12026.54,43194,31167.46
SHP_101406,SO_102362,WH_11,Air,24-06-2024,2024/07/04,7,10.0,Delayed,3276,6753.62,19504,12750.38
SHP_101407,SO_104203,WH_01,Sea,19-03-2024,2024/03/24,3,5.0,Delayed,2593,7861.33,25929,18067.67
SHP_101408,SO_102827,WH_09,Road,03-11-2024,2024/11/12,3,9.0,Delayed,1321,13363.22,37954,24590.78
SHP_101409,SO_106366,WH_09,Air,28-11-2024,2024/12/07,6,,Delayed,3671,9963.93,31392,21428.07
SHP_101410,SO_109634,WH_12,Rail,08-07-2024,2024/07/12,4,4.0,On Time,2529,9016.91,38108,29091.09
SHP_101411,SO_100657,WH_13,Road,30-03-2024,2024/04/09,6,,Delayed,3134,11522.14,46870,35347.86
SHP_101412,SO_100836,WH_14,Air,02-02-2024,2024/02/10,6,8.0,Delayed,504,10726.94,45992,35265.06
SHP_101413,SO_106309,WH_02,Rail,25-05-2024,2024/05/29,3,4.0,Delayed,2930,5877.18,20978,15100.82
SHP_101414,SO_105984,WH_08,Road,09-09-2024,2024/09/16,7,7.0,On Time,757,9351.65,39517,30165.35
SHP_101415,SO_107640,WH_04,Sea,31-12-2024,2025/01/08,3,8.0,Delayed,1434,18014.89,47007,28992.11
SHP_101416,SO_107669,WH_06,Air,26-06-2024,2024/07/05,5,9.0,Delayed,1136,3037.76,9853,6815.24
SHP_101417,SO_101340,WH_02,Air,27-10-2024,2024/10/29,3,2.0,On Time,563,7198.82,31635,24436.18
SHP_101418,SO_106632,WH_13,Rail,18-05-2024,2024/05/26,3,8.0,Delayed,3014,7932.89,33010,25077.11
SHP_101419,SO_101854,WH_14,Sea,27-11-2024,2024/11/30,4,3.0,On Time,4579,12667.38,47186,34518.62
SHP_101420,SO_109555,WH_15,Road,30-12-2024,2025/01/05,7,6.0,On Time,1090,13577.72,43245,29667.28
SHP_101421,SO_100082,WH_07,Air,23-04-2024,2024/04/27,3,4.0,Delayed,2065,2871.37,10852,7980.63
SHP_101422,SO_106537,WH_04,Air,14-12-2024,2024/12/24,3,10.0,Delayed,4431,13079.93,44293,31213.07
SHP_101423,SO_103900,WH_10,Sea,02-11-2024,2024/11/10,7,8.0,Delayed,1992,11976.52,32362,20385.48
SHP_101424,SO_102677,WH_03,Road,20-09-2024,2024/09/23,3,3.0,On Time,3195,13430.98,41443,28012.02
SHP_101425,SO_101543,WH_07,Sea,11-08-2024,2024/08/18,5,7.0,Delayed,4291,9301.96,38805,29503.04
SHP_101426,SO_108958,WH_12,Sea,15-07-2024,2024/07/21,3,6.0,Delayed,3702,6747.36,33331,26583.64
SHP_101427,SO_103671,WH_08,Road,21-03-2024,2024/03/25,5,4.0,On Time,1260,4470.18,19943,15472.82
SHP_101428,SO_102814,WH_01,Air,15-02-2024,2024/02/25,7,10.0,Delayed,4522,5624.55,15585,9960.45
SHP_101429,SO_100514,WH_09,Sea,17-01-2024,2024/01/20,4,3.0,On Time,2569,11784.84,48860,37075.16
SHP_101430,SO_104627,WH_09,Air,18-07-2024,2024/07/24,3,6.0,Delayed,3408,2673.79,6833,4159.21
SHP_101431,SO_101493,WH_14,Air,23-09-2024,2024/09/28,3,5.0,Delayed,4169,6062.89,16256,10193.11
SHP_101432,SO_105389,WH_07,Rail,15-01-2024,2024/01/24,3,9.0,Delayed,2188,10321.73,38113,27791.27
SHP_101433,SO_103849,WH_08,Air,19-12-2024,2024/12/28,5,9.0,Delayed,2574,10828.52,40362,29533.48
SHP_101434,SO_108856,WH_13,Rail,17-12-2024,2024/12/26,5,9.0,Delayed,2501,9237.57,36975,27737.43
SHP_101435,SO_101411,WH_14,Road,16-01-2024,2024/01/26,4,10.0,Delayed,1234,3731.89,13088,9356.11
SHP_101436,SO_106920,WH_09,Rail,06-09-2024,2024/09/09,4,3.0,On Time,4635,10896.9,33763,22866.1
SHP_101437,SO_104925,WH_08,Air,31-01-2024,2024/02/07,7,7.0,On Time,2582,4330.68,11018,6687.32
SHP_101438,SO_109158,WH_14,Air,16-12-2024,2024/12/23,3,7.0,Delayed,1662,14198.79,37813,23614.21
SHP_101439,SO_102361,WH_15,Road,29-03-2024,2024/04/03,6,5.0,On Time,1504,10622.13,41562,30939.87
SHP_101440,SO_103542,WH_06,Sea,01-06-2024,2024/06/04,5,3.0,On Time,4549,6648.29,18418,11769.71
SHP_101441,SO_102157,WH_03,Sea,13-09-2024,2024/09/22,6,9.0,Delayed,4854,10045.96,39124,29078.04
SHP_101442,SO_103676,WH_09,Rail,25-09-2024,2024/10/05,4,10.0,Delayed,378,7450.59,33566,26115.41
SHP_101443,SO_108670,WH_02,Road,29-02-2024,2024/03/03,3,3.0,On Time,799,9136.09,34941,25804.91
SHP_101444,SO_108001,WH_15,Road,22-05-2024,2024/05/29,5,7.0,Delayed,3165,7648.97,34007,26358.03
SHP_101445,SO_106428,WH_12,Road,30-01-2024,2024/02/09,6,10.0,Delayed,2255,5841.08,23395,17553.92
SHP_101446,SO_104745,WH_04,Sea,13-10-2024,2024/10/22,3,9.0,Delayed,1772,6610.74,20995,14384.26
SHP_101447,SO_102232,WH_05,Air,22-08-2024,2024/08/31,6,9.0,Delayed,3248,5286.76,17509,12222.24
SHP_101448,SO_105330,WH_04,Road,02-10-2024,2024/10/06,3,4.0,Delayed,4985,10756.02,38765,28008.98
SHP_101449,SO_102863,WH_11,Air,09-03-2024,2024/03/16,6,7.0,Delayed,4639,8982.37,22743,13760.63
SHP_101450,SO_103337,WH_10,Rail,03-08-2024,2024/08/11,4,8.0,Delayed,2579,9908.56,48947,39038.44
SHP_101451,SO_108085,WH_07,Air,20-03-2024,2024/03/23,7,3.0,On Time,3974,6599.02,21920,15320.98
SHP_101452,SO_102521,WH_12,Sea,12-05-2024,2024/05/15,6,3.0,On Time,844,8771.45,43715,34943.55
SHP_101453,SO_109322,WH_12,Air,30-07-2024,2024/08/08,5,9.0,Delayed,3993,5663.16,16700,11036.84
SHP_101454,SO_108338,WH_12,Rail,06-11-2024,2024/11/15,5,9.0,Delayed,763,1961.47,8031,6069.53
SHP_101455,SO_105216,WH_09,Road,08-02-2024,2024/02/16,5,8.0,Delayed,4590,17595.83,49581,31985.17
SHP_101456,SO_100416,WH_05,Rail,02-10-2024,2024/10/11,7,9.0,Delayed,3791,10670.93,39189,28518.07
SHP_101457,SO_103606,WH_14,Rail,19-11-2024,2024/11/28,3,9.0,Delayed,4680,2166.69,7611,5444.31
SHP_101458,SO_100184,WH_14,Air,03-08-2024,2024/08/06,7,3.0,On Time,3108,1861.68,7509,5647.32
SHP_101459,SO_101672,WH_03,Road,06-10-2024,2024/10/15,7,9.0,Delayed,2909,2772.11,12448,9675.89
SHP_101460,SO_108894,WH_05,Road,21-02-2024,2024/02/29,7,8.0,Delayed,3795,13806.49,45286,31479.51
SHP_101461,SO_100577,WH_13,Road,04-02-2024,2024/02/14,7,10.0,Delayed,2577,7165.95,32706,25540.05
SHP_101462,SO_107547,WH_12,Sea,08-11-2024,2024/11/16,3,8.0,Delayed,1619,15323.47,43509,28185.53
SHP_101463,SO_105396,WH_12,Rail,10-12-2024,2024/12/15,3,5.0,Delayed,624,11834.19,34601,22766.81
SHP_101464,SO_107174,WH_07,Road,29-11-2024,2024/12/02,4,3.0,On Time,4583,10260.96,43981,33720.04
SHP_101465,SO_108495,WH_02,Road,27-05-2024,2024/06/03,6,7.0,Delayed,511,1701.03,5070,3368.97
SHP_101466,SO_102967,WH_03,Sea,08-10-2024,2024/10/14,7,6.0,On Time,755,9796.42,39922,30125.58
SHP_101467,SO_106806,WH_03,Air,02-02-2024,2024/02/09,7,7.0,On Time,3645,3155.69,9944,6788.31
SHP_101468,SO_101673,WH_07,Sea,10-09-2024,2024/09/17,4,7.0,Delayed,3187,9076.35,22845,13768.65
SHP_101469,SO_101776,WH_15,Air,04-12-2024,2024/12/08,4,4.0,On Time,2779,6597.85,29185,22587.15
SHP_101470,SO_104952,WH_01,Sea,02-11-2024,2024/11/04,6,2.0,On Time,2619,9684.47,32870,23185.53
SHP_101471,SO_102807,WH_14,Rail,01-06-2024,2024/06/07,4,6.0,Delayed,843,2562.99,9922,7359.01
SHP_101472,SO_104479,WH_01,Air,03-03-2024,2024/03/06,7,3.0,On Time,907,13688.21,42877,29188.79
SHP_101473,SO_109380,WH_11,Rail,29-05-2024,2024/06/07,7,9.0,Delayed,4218,12577.29,34416,21838.71
SHP_101474,SO_101755,WH_01,Sea,19-04-2024,2024/04/25,3,6.0,Delayed,512,5490.04,16094,10603.96
SHP_101475,SO_101217,WH_04,Road,16-04-2024,2024/04/18,5,2.0,On Time,2111,17289.11,45296,28006.89
SHP_101476,SO_103580,WH_12,Air,28-01-2024,2024/02/07,6,10.0,Delayed,599,6835.38,29421,22585.62
SHP_101477,SO_109348,WH_10,Sea,04-07-2024,2024/07/06,3,2.0,On Time,391,5024.19,21965,16940.81
SHP_101478,SO_109160,WH_11,Road,16-06-2024,2024/06/24,6,8.0,Delayed,1607,10830.52,40472,29641.48
SHP_101479,SO_105613,WH_04,Sea,19-12-2024,2024/12/22,7,3.0,On Time,460,10579.88,26865,16285.12
SHP_101480,SO_107679,WH_07,Road,14-01-2024,2024/01/21,5,7.0,Delayed,4325,3008.75,10655,7646.25
SHP_101481,SO_107150,WH_01,Rail,19-11-2024,2024/11/27,5,8.0,Delayed,1049,15006.89,45319,30312.11
SHP_101482,SO_103845,WH_07,Rail,21-01-2024,2024/01/31,6,,Delayed,2471,9695.07,35330,25634.93
SHP_101483,SO_103086,WH_15,Road,04-11-2024,2024/11/13,3,9.0,Delayed,4965,5770.03,23812,18041.97
SHP_101484,SO_108340,WH_09,Rail,09-02-2024,2024/02/15,6,6.0,On Time,3861,6533.68,27755,21221.32
SHP_101485,SO_108222,WH_09,Rail,03-10-2024,2024/10/08,6,5.0,On Time,627,9485.51,37028,27542.49
SHP_101486,SO_101933,WH_12,Rail,02-06-2024,2024/06/09,4,7.0,Delayed,2169,3114.54,9534,6419.46
SHP_101487,SO_102865,WH_09,Sea,18-02-2024,2024/02/27,6,9.0,Delayed,3638,1803.01,6102,4298.99
SHP_101488,SO_101942,WH_05,Sea,02-03-2024,2024/03/09,7,7.0,On Time,3140,4835.66,15557,10721.34
SHP_101489,SO_106925,WH_08,Air,11-10-2024,2024/10/21,4,10.0,Delayed,2487,11360.44,41426,30065.56
SHP_101490,SO_109957,WH_02,Sea,29-02-2024,2024/03/07,5,7.0,Delayed,2936,3339.39,14080,10740.61
SHP_101491,SO_103019,WH_13,Air,02-07-2024,2024/07/07,3,5.0,Delayed,4871,4324.48,19817,15492.52
SHP_101492,SO_101772,WH_06,Air,05-10-2024,2024/10/11,4,6.0,Delayed,3350,11863.79,46766,34902.21
SHP_101493,SO_101574,WH_06,Rail,23-12-2024,2024/12/30,3,7.0,Delayed,944,1656.15,5236,3579.85
SHP_101494,SO_104554,WH_08,Road,01-04-2024,2024/04/04,4,3.0,On Time,4615,13080.89,34923,21842.11
SHP_101495,SO_106413,WH_05,Sea,12-04-2024,2024/04/14,3,2.0,On Time,1241,11954.73,31662,19707.27
SHP_101496,SO_104981,WH_01,Road,10-10-2024,2024/10/20,3,10.0,Delayed,290,1407.7,5357,3949.3
SHP_101497,SO_101455,WH_13,Air,04-04-2024,2024/04/11,4,7.0,Delayed,3345,9134.0,37969,28835.0
SHP_101498,SO_102293,WH_06,Air,14-06-2024,2024/06/24,3,10.0,Delayed,3862,4890.77,14857,9966.23
SHP_101499,SO_107890,WH_07,Sea,30-01-2024,2024/02/09,4,10.0,Delayed,4305,6780.42,18329,11548.58
SHP_101500,SO_104366,WH_10,Road,05-09-2024,2024/09/15,6,10.0,Delayed,4027,5885.53,21866,15980.47
SHP_101501,SO_107265,WH_07,Road,28-03-2024,2024/04/07,5,10.0,Delayed,3860,13924.83,49068,35143.17
SHP_101502,SO_100066,WH_09,Air,16-06-2024,2024/06/19,6,3.0,On Time,1759,8200.53,25361,17160.47
SHP_101503,SO_104103,WH_09,Road,25-11-2024,2024/11/29,5,4.0,On Time,2915,4911.6,13398,8486.4
SHP_101504,SO_106091,WH_14,Road,18-03-2024,2024/03/21,6,3.0,On Time,585,2803.4,8074,5270.6
SHP_101505,SO_102242,WH_03,Rail,08-04-2024,2024/04/13,6,5.0,On Time,1531,5083.64,23305,18221.36
SHP_101506,SO_102756,WH_01,Air,04-06-2024,2024/06/13,5,9.0,Delayed,1901,8124.75,20953,12828.25
SHP_101507,SO_101094,WH_10,Sea,07-07-2024,2024/07/11,4,4.0,On Time,1716,8001.18,23779,15777.82
SHP_101508,SO_109548,WH_15,Road,10-11-2024,2024/11/15,6,5.0,On Time,393,5426.17,20148,14721.83
SHP_101509,SO_105484,WH_07,Sea,06-08-2024,2024/08/10,3,4.0,Delayed,2830,14069.2,49078,35008.8
SHP_101510,SO_102385,WH_02,Rail,27-11-2024,2024/12/07,6,10.0,Delayed,3271,10846.43,33352,22505.57
SHP_101511,SO_108863,WH_10,Road,28-03-2024,2024/04/05,7,8.0,Delayed,1748,8845.17,27715,18869.83
SHP_101512,SO_105593,WH_14,Road,27-01-2024,2024/02/02,6,6.0,On Time,624,14175.74,39788,25612.26
SHP_101513,SO_101650,WH_13,Air,23-10-2024,2024/10/30,6,7.0,Delayed,1970,7854.54,31337,23482.46
SHP_101514,SO_108193,WH_06,Sea,19-06-2024,2024/06/29,7,10.0,Delayed,2929,9633.64,29263,19629.36
SHP_101515,SO_103917,WH_05,Rail,13-06-2024,2024/06/21,6,8.0,Delayed,627,7473.95,20202,12728.05
SHP_101516,SO_105304,WH_15,Road,25-03-2024,2024/03/27,6,2.0,On Time,1848,13134.29,37694,24559.71
SHP_101517,SO_106086,WH_08,Rail,27-02-2024,2024/03/04,5,6.0,Delayed,3993,6385.87,16231,9845.13
SHP_101518,SO_103820,WH_02,Air,24-06-2024,2024/06/30,5,6.0,Delayed,354,10417.54,26237,15819.46
SHP_101519,SO_103589,WH_10,Sea,09-10-2024,2024/10/11,4,2.0,On Time,4041,8684.51,40409,31724.49
SHP_101520,SO_105712,WH_14,Air,19-12-2024,2024/12/21,7,2.0,On Time,1362,12668.92,42701,30032.08
SHP_101521,SO_102234,WH_08,Air,13-04-2024,2024/04/15,6,2.0,On Time,703,5169.87,23266,18096.13
SHP_101522,SO_103289,WH_03,Road,20-07-2024,2024/07/26,3,6.0,Delayed,2697,6344.34,27768,21423.66
SHP_101523,SO_105929,WH_13,Road,25-04-2024,2024/05/02,7,7.0,On Time,1148,15616.72,46954,31337.28
SHP_101524,SO_107398,WH_09,Air,30-07-2024,2024/08/07,5,8.0,Delayed,3316,2993.17,8852,5858.83
SHP_101525,SO_106450,WH_14,Air,10-10-2024,2024/10/13,4,3.0,On Time,3604,5788.61,20503,14714.39
SHP_101526,SO_102613,WH_08,Air,03-05-2024,2024/05/05,5,2.0,On Time,3629,13729.61,45032,31302.39
SHP_101527,SO_102066,WH_06,Sea,08-09-2024,2024/09/18,7,10.0,Delayed,360,2373.59,8145,5771.41
SHP_101528,SO_105278,WH_15,Air,30-11-2024,2024/12/10,3,10.0,Delayed,4968,9744.16,39253,29508.84
SHP_101529,SO_105478,WH_07,Road,15-04-2024,2024/04/18,7,3.0,On Time,1492,19146.16,48013,28866.84
SHP_101530,SO_108832,WH_06,Rail,16-08-2024,2024/08/21,4,,Delayed,3100,7759.31,20078,12318.69
SHP_101531,SO_107942,WH_15,Sea,11-03-2024,2024/03/15,3,4.0,Delayed,2819,12024.25,49813,37788.75
SHP_101532,SO_104671,WH_12,Road,28-05-2024,2024/05/31,3,3.0,On Time,2418,7052.02,18860,11807.98
SHP_101533,SO_101150,WH_01,Sea,14-06-2024,2024/06/22,3,8.0,Delayed,2734,7111.05,18921,11809.95
SHP_101534,SO_101703,WH_01,Sea,29-11-2024,2024/12/07,6,8.0,Delayed,3021,9479.5,45117,35637.5
SHP_101535,SO_109715,WH_14,Sea,05-01-2024,2024/01/13,7,8.0,Delayed,639,8714.93,33182,24467.07
SHP_101536,SO_100137,WH_07,Sea,05-07-2024,2024/07/15,4,10.0,Delayed,1147,1539.95,7235,5695.05
SHP_101537,SO_106000,WH_15,Sea,06-12-2024,2024/12/16,7,10.0,Delayed,3548,6994.85,33650,26655.15
SHP_101538,SO_106972,WH_05,Rail,19-07-2024,2024/07/25,4,6.0,Delayed,1065,11330.24,43494,32163.76
SHP_101539,SO_100148,WH_15,Sea,06-11-2024,2024/11/10,5,4.0,On Time,3920,10711.61,36973,26261.39
SHP_101540,SO_103756,WH_08,Air,01-07-2024,2024/07/06,4,5.0,Delayed,852,10405.42,26299,15893.58
SHP_101541,SO_109006,WH_11,Road,22-08-2024,2024/08/26,3,4.0,Delayed,1960,7650.68,35415,27764.32
SHP_101542,SO_104364,WH_05,Air,08-06-2024,2024/06/12,4,4.0,On Time,2114,10426.96,35501,25074.04
SHP_101543,SO_108267,WH_13,Air,26-08-2024,2024/09/01,5,6.0,Delayed,1216,10016.39,28511,18494.61
SHP_101544,SO_105905,WH_09,Air,15-06-2024,2024/06/18,5,3.0,On Time,2116,17055.29,49331,32275.71
SHP_101545,SO_105968,WH_08,Road,13-11-2024,2024/11/23,6,,Delayed,2379,5841.33,18845,13003.67
SHP_101546,SO_101295,WH_14,Air,22-11-2024,2024/11/30,6,,Delayed,4128,-1992.93,7974,9966.93
SHP_101547,SO_106057,WH_02,Air,29-11-2024,2024/12/04,7,5.0,On Time,2825,4543.1,11753,7209.9
SHP_101548,SO_100083,WH_04,Road,21-05-2024,2024/05/25,7,4.0,On Time,981,14804.43,48022,33217.57
SHP_101549,SO_109166,WH_01,Sea,12-04-2024,2024/04/18,6,6.0,On Time,1904,3946.01,13957,10010.99
SHP_101550,SO_102822,WH_04,Rail,23-02-2024,2024/03/03,6,9.0,Delayed,1786,8944.02,24064,15119.98
SHP_101551,SO_101212,WH_15,Road,26-02-2024,2024/03/03,3,6.0,Delayed,219,7916.28,29933,22016.72
SHP_101552,SO_104433,WH_06,Sea,08-12-2024,2024/12/10,4,2.0,On Time,1142,2707.65,8674,5966.35
SHP_101553,SO_100197,WH_10,Road,25-07-2024,2024/08/02,3,8.0,Delayed,1912,3108.66,8370,5261.34
SHP_101554,SO_101521,WH_02,Rail,26-01-2024,2024/02/03,4,8.0,Delayed,508,8911.97,31078,22166.03
SHP_101555,SO_109072,WH_08,Sea,11-01-2024,2024/01/14,5,3.0,On Time,2597,11355.59,39426,28070.41
SHP_101556,SO_104722,WH_04,Air,08-07-2024,2024/07/16,4,8.0,Delayed,2718,1570.19,5584,4013.81
SHP_101557,SO_102649,WH_02,Rail,05-08-2024,2024/08/08,7,3.0,On Time,3470,5435.55,26500,21064.45
SHP_101558,SO_100038,WH_12,Air,18-04-2024,2024/04/24,5,6.0,Delayed,4836,4226.89,12358,8131.11
SHP_101559,SO_101029,WH_05,Sea,10-01-2024,2024/01/18,3,8.0,Delayed,2273,14640.58,42014,27373.42
SHP_101560,SO_107235,WH_06,Rail,03-04-2024,2024/04/05,3,2.0,On Time,1089,8946.63,22954,14007.37
SHP_101561,SO_102884,WH_10,Sea,04-04-2024,2024/04/12,5,8.0,Delayed,2492,3920.56,17438,13517.44
SHP_101562,SO_103055,WH_03,Road,04-02-2024,2024/02/10,5,6.0,Delayed,4697,5607.57,18293,12685.43
SHP_101563,SO_108563,WH_13,Air,05-06-2024,2024/06/08,4,3.0,On Time,3513,8054.4,39242,31187.6
SHP_101564,SO_101094,WH_01,Rail,27-12-2024,2024/12/31,7,4.0,On Time,4515,11622.28,32468,20845.72
SHP_101565,SO_102449,WH_06,Road,21-10-2024,2024/10/25,3,4.0,Delayed,3704,6618.46,17890,11271.54
SHP_101566,SO_102630,WH_10,Rail,06-11-2024,2024/11/15,4,9.0,Delayed,587,3261.96,13759,10497.04
SHP_101567,SO_100439,WH_15,Road,21-02-2024,2024/02/28,7,7.0,On Time,1727,7902.6,25139,17236.4
SHP_101568,SO_103436,WH_02,Sea,30-04-2024,2024/05/02,5,2.0,On Time,2282,3545.72,12095,8549.28
SHP_101569,SO_102227,WH_06,Air,30-06-2024,2024/07/10,3,10.0,Delayed,1625,5660.01,17043,11382.99
SHP_101570,SO_107198,WH_08,Sea,10-01-2024,2024/01/19,5,9.0,Delayed,4141,14772.57,42412,27639.43
SHP_101571,SO_109507,WH_11,Sea,08-03-2024,2024/03/18,5,10.0,Delayed,840,3043.16,12247,9203.84
SHP_101572,SO_105478,WH_10,Rail,02-02-2024,2024/02/10,3,8.0,Delayed,3388,16553.81,49876,33322.19
SHP_101573,SO_100113,WH_05,Road,13-09-2024,2024/09/15,3,2.0,On Time,3926,5901.74,28569,22667.26
SHP_101574,SO_107834,WH_02,Sea,22-11-2024,2024/12/02,4,10.0,Delayed,753,6207.86,20581,14373.14
SHP_101575,SO_100147,WH_12,Air,07-06-2024,2024/06/09,7,2.0,On Time,976,10820.26,27146,16325.74
SHP_101576,SO_104340,WH_09,Air,06-03-2024,2024/03/10,7,4.0,On Time,443,3625.83,10061,6435.17
SHP_101577,SO_106308,WH_06,Sea,29-09-2024,2024/10/03,7,4.0,On Time,1225,3984.69,18603,14618.31
SHP_101578,SO_107845,WH_13,Air,29-05-2024,2024/06/06,3,8.0,Delayed,1194,6887.86,31643,24755.14
SHP_101579,SO_109977,WH_10,Air,14-03-2024,2024/03/19,3,5.0,Delayed,1949,13824.25,42928,29103.75
SHP_101580,SO_102087,WH_09,Sea,06-01-2024,2024/01/13,4,7.0,Delayed,4994,6217.94,22120,15902.06
SHP_101581,SO_104118,WH_03,Air,20-12-2024,2024/12/23,6,3.0,On Time,2877,6864.0,31936,25072.0
SHP_101582,SO_104030,WH_03,Air,22-09-2024,2024/09/25,6,3.0,On Time,1655,10881.44,34595,23713.56
SHP_101583,SO_100560,WH_11,Air,19-04-2024,2024/04/28,4,9.0,Delayed,1174,6891.36,29468,22576.64
SHP_101584,SO_104886,WH_14,Road,24-06-2024,2024/07/02,5,8.0,Delayed,1264,2859.64,8827,5967.36
SHP_101585,SO_106112,WH_03,Rail,20-12-2024,2024/12/22,3,2.0,On Time,3480,9222.96,42409,33186.04
SHP_101586,SO_107220,WH_14,Air,17-01-2024,2024/01/19,4,2.0,On Time,1185,4748.85,17929,13180.15
SHP_101587,SO_103109,WH_09,Air,17-02-2024,2024/02/24,6,7.0,Delayed,844,8124.39,21942,13817.61
SHP_101588,SO_104644,WH_08,Sea,23-05-2024,2024/05/27,3,4.0,Delayed,4785,14396.87,48861,34464.13
SHP_101589,SO_105223,WH_15,Sea,01-10-2024,2024/10/04,4,3.0,On Time,765,13719.62,40451,26731.38
SHP_101590,SO_105368,WH_10,Rail,11-01-2024,2024/01/19,5,8.0,Delayed,3354,1692.11,5224,3531.89
SHP_101591,SO_103301,WH_02,Air,22-05-2024,2024/05/29,6,7.0,Delayed,1321,14865.48,43049,28183.52
SHP_101592,SO_105975,WH_01,Rail,11-04-2024,2024/04/17,7,6.0,On Time,3736,10439.76,32361,21921.24
SHP_101593,SO_101585,WH_13,Rail,26-07-2024,2024/07/29,5,3.0,On Time,272,3144.13,11120,7975.87
SHP_101594,SO_107904,WH_07,Air,07-06-2024,2024/06/17,5,10.0,Delayed,4620,17098.25,43363,26264.75
SHP_101595,SO_109851,WH_13,Air,27-11-2024,2024/12/05,4,8.0,Delayed,3854,5576.77,16745,11168.23
SHP_101596,SO_103947,WH_10,Road,31-01-2024,2024/02/05,4,5.0,Delayed,4105,10384.87,49101,38716.13
SHP_101597,SO_105338,WH_05,Air,05-08-2024,2024/08/10,4,5.0,Delayed,4751,4165.55,19808,15642.45
SHP_101598,SO_107837,WH_07,Rail,30-12-2024,2025/01/05,6,6.0,On Time,2229,4747.55,13621,8873.45
SHP_101599,SO_105537,WH_11,Rail,10-10-2024,2024/10/18,6,8.0,Delayed,3043,11852.0,49115,37263.0
SHP_101600,SO_106972,WH_05,Road,10-12-2024,2024/12/17,3,7.0,Delayed,341,3226.73,14645,11418.27
SHP_101601,SO_102980,WH_12,Air,23-03-2024,2024/03/30,3,7.0,Delayed,1537,5709.71,23625,17915.29
SHP_101602,SO_100766,WH_03,Rail,08-08-2024,2024/08/18,7,10.0,Delayed,3492,7947.51,21899,13951.49
SHP_101603,SO_107500,WH_13,Air,19-10-2024,2024/10/28,4,9.0,Delayed,4877,3946.61,11574,7627.39
SHP_101604,SO_100620,WH_06,Air,21-09-2024,2024/09/27,6,6.0,On Time,3535,13596.33,38585,24988.67
SHP_101605,SO_108173,WH_08,Rail,30-10-2024,2024/11/03,4,4.0,On Time,4178,14694.5,40344,25649.5
SHP_101606,SO_108408,WH_01,Sea,01-07-2024,2024/07/08,5,7.0,Delayed,4333,16717.25,47520,30802.75
SHP_101607,SO_108212,WH_14,Road,31-08-2024,2024/09/03,3,3.0,On Time,4896,6715.22,24054,17338.78
SHP_101608,SO_105573,WH_01,Rail,06-10-2024,2024/10/09,4,3.0,On Time,3165,12665.06,37208,24542.94
SHP_101609,SO_105925,WH_02,Sea,16-12-2024,2024/12/22,7,6.0,On Time,3612,12129.61,45716,33586.39
SHP_101610,SO_106696,WH_12,Rail,30-12-2024,2025/01/08,7,9.0,Delayed,4893,14427.23,44362,29934.77
SHP_101611,SO_107797,WH_11,Road,17-10-2024,2024/10/26,7,9.0,Delayed,3475,1629.52,7269,5639.48
SHP_101612,SO_108773,WH_14,Air,07-10-2024,2024/10/09,4,2.0,On Time,2735,2931.93,8682,5750.07
SHP_101613,SO_107020,WH_02,Rail,21-06-2024,2024/06/28,4,7.0,Delayed,1799,10372.93,35246,24873.07
SHP_101614,SO_104661,WH_11,Sea,02-08-2024,2024/08/10,4,8.0,Delayed,3343,3249.64,10087,6837.36
SHP_101615,SO_101680,WH_01,Road,10-09-2024,2024/09/18,6,8.0,Delayed,1878,4066.64,12973,8906.36
SHP_101616,SO_103517,WH_13,Air,29-07-2024,2024/08/05,5,7.0,Delayed,4422,2268.41,9186,6917.59
SHP_101617,SO_102820,WH_01,Road,22-10-2024,2024/10/24,3,2.0,On Time,3228,5156.68,14048,8891.32
SHP_101618,SO_101467,WH_09,Air,18-01-2024,2024/01/27,5,9.0,Delayed,799,3909.77,19519,15609.23
SHP_101619,SO_109437,WH_08,Air,10-07-2024,2024/07/16,5,6.0,Delayed,3923,3732.87,10880,7147.13
SHP_101620,SO_109502,WH_15,Rail,09-05-2024,2024/05/13,7,4.0,On Time,367,11768.74,31699,19930.26
SHP_101621,SO_108992,WH_12,Road,16-04-2024,2024/04/23,6,7.0,Delayed,939,17015.81,49214,32198.19
SHP_101622,SO_108076,WH_13,Rail,14-05-2024,2024/05/19,3,5.0,Delayed,2640,3418.7,12192,8773.3
SHP_101623,SO_104660,WH_01,Air,10-01-2024,2024/01/20,6,,Delayed,2828,5501.93,25523,20021.07
SHP_101624,SO_108733,WH_14,Road,20-01-2024,2024/01/29,3,9.0,Delayed,3640,3219.01,14644,11424.99
SHP_101625,SO_108092,WH_09,Sea,05-03-2024,2024/03/09,4,4.0,On Time,3620,12060.39,43640,31579.61
SHP_101626,SO_106928,WH_14,Road,28-07-2024,2024/08/02,7,5.0,On Time,4375,9612.83,41887,32274.17
SHP_101627,SO_109235,WH_07,Road,06-11-2024,2024/11/09,7,3.0,On Time,1217,-8922.07,35401,44323.07
SHP_101628,SO_103378,WH_06,Air,23-01-2024,2024/01/30,7,7.0,On Time,4968,8987.38,37292,28304.62
SHP_101629,SO_100156,WH_01,Air,27-09-2024,2024/10/01,7,4.0,On Time,1658,11803.25,38584,26780.75
SHP_101630,SO_100981,WH_02,Sea,05-01-2024,2024/01/15,7,10.0,Delayed,2031,15193.56,48310,33116.44
SHP_101631,SO_102794,WH_03,Road,06-05-2024,2024/05/12,4,6.0,Delayed,4766,3700.81,13723,10022.19
SHP_101632,SO_107574,WH_06,Sea,14-12-2024,2024/12/21,6,7.0,Delayed,4400,13485.19,41433,27947.81
SHP_101633,SO_106187,WH_09,Air,31-08-2024,2024/09/05,5,5.0,On Time,4038,3196.84,14035,10838.16
SHP_101634,SO_101410,WH_14,Sea,09-09-2024,2024/09/12,6,3.0,On Time,2662,8487.5,28811,20323.5
SHP_101635,SO_101779,WH_05,Road,15-10-2024,2024/10/22,6,7.0,Delayed,201,4942.21,13851,8908.79
SHP_101636,SO_106663,WH_08,Sea,24-05-2024,2024/06/01,4,8.0,Delayed,3607,3155.42,10813,7657.58
SHP_101637,SO_106657,WH_03,Air,25-08-2024,2024/09/01,7,7.0,On Time,2421,12494.32,38364,25869.68
SHP_101638,SO_103786,WH_14,Air,18-08-2024,2024/08/27,4,9.0,Delayed,4352,2623.03,9070,6446.97
SHP_101639,SO_101913,WH_07,Rail,30-11-2024,2024/12/08,5,8.0,Delayed,3021,-12130.94,39742,51872.94
SHP_101640,SO_105140,WH_11,Road,30-09-2024,2024/10/03,6,3.0,On Time,1928,13599.71,43076,29476.29
SHP_101641,SO_103362,WH_09,Rail,14-02-2024,2024/02/21,4,7.0,Delayed,4602,3078.95,14904,11825.05
SHP_101642,SO_103742,WH_15,Air,02-07-2024,2024/07/12,6,10.0,Delayed,4802,15426.47,43263,27836.53
SHP_101643,SO_107295,WH_02,Rail,21-04-2024,2024/04/23,4,2.0,On Time,4584,10601.41,28064,17462.59
SHP_101644,SO_109621,WH_02,Rail,16-06-2024,2024/06/26,5,10.0,Delayed,2124,3415.94,16963,13547.06
SHP_101645,SO_102353,WH_08,Sea,28-08-2024,2024/09/04,6,7.0,Delayed,4083,10585.23,32783,22197.77
SHP_101646,SO_106375,WH_04,Road,17-12-2024,2024/12/23,3,6.0,Delayed,3818,8412.15,25059,16646.85
SHP_101647,SO_108048,WH_11,Air,30-05-2024,2024/06/09,5,10.0,Delayed,3489,3244.47,16181,12936.53
SHP_101648,SO_107134,WH_01,Road,25-01-2024,2024/01/28,6,3.0,On Time,2320,13152.77,48047,34894.23
SHP_101649,SO_100080,WH_04,Sea,16-03-2024,2024/03/20,3,4.0,Delayed,1826,-7245.14,19824,27069.14
SHP_101650,SO_101166,WH_01,Sea,17-04-2024,2024/04/26,5,9.0,Delayed,3743,13154.3,35459,22304.7
SHP_101651,SO_103030,WH_12,Air,07-02-2024,2024/02/11,7,4.0,On Time,436,12177.25,45174,32996.75
SHP_101652,SO_100953,WH_15,Road,21-05-2024,2024/05/23,4,2.0,On Time,2859,10970.18,38163,27192.82
SHP_101653,SO_106720,WH_07,Rail,24-10-2024,2024/11/02,3,9.0,Delayed,4330,10249.26,29093,18843.74
SHP_101654,SO_100650,WH_12,Air,30-05-2024,2024/06/01,6,2.0,On Time,4766,5975.49,21273,15297.51
SHP_101655,SO_106489,WH_04,Sea,24-10-2024,2024/10/29,7,5.0,On Time,1354,7704.9,25697,17992.1
SHP_101656,SO_101413,WH_03,Road,02-05-2024,2024/05/10,6,8.0,Delayed,4901,11905.96,44633,32727.04
SHP_101657,SO_107848,WH_10,Road,28-09-2024,2024/10/03,7,,Delayed,266,7602.46,28432,20829.54
SHP_101658,SO_108308,WH_11,Sea,27-12-2024,2025/01/06,4,10.0,Delayed,476,14144.33,38483,24338.67
SHP_101659,SO_100558,WH_12,Air,14-07-2024,2024/07/24,6,10.0,Delayed,4497,6877.46,22862,15984.54
SHP_101660,SO_107447,WH_04,Road,11-02-2024,2024/02/14,7,3.0,On Time,4250,3555.82,11795,8239.18
SHP_101661,SO_102380,WH_12,Road,18-07-2024,2024/07/25,7,7.0,On Time,630,3236.29,8727,5490.71
SHP_101662,SO_104150,WH_04,Road,23-02-2024,2024/03/02,3,8.0,Delayed,2338,8443.31,26606,18162.69
SHP_101663,SO_108447,WH_07,Road,17-11-2024,2024/11/21,7,4.0,On Time,4956,6437.15,18762,12324.85
SHP_101664,SO_101751,WH_10,Air,04-10-2024,2024/10/08,4,4.0,On Time,4546,13406.11,40842,27435.89
SHP_101665,SO_103977,WH_01,Sea,23-09-2024,2024/09/27,6,4.0,On Time,2322,7635.49,23143,15507.51
SHP_101666,SO_103071,WH_01,Rail,25-08-2024,2024/08/29,5,4.0,On Time,2050,10126.9,25613,15486.1
SHP_101667,SO_107651,WH_06,Sea,02-09-2024,2024/09/11,4,9.0,Delayed,1675,3665.8,14278,10612.2
SHP_101668,SO_105880,WH_04,Road,03-07-2024,2024/07/12,7,9.0,Delayed,1342,2096.15,6900,4803.85
SHP_101669,SO_102945,WH_07,Air,10-11-2024,2024/11/14,6,4.0,On Time,3185,18523.4,48125,29601.6
SHP_101670,SO_101102,WH_12,Road,01-07-2024,2024/07/06,5,5.0,On Time,1104,10020.09,25162,15141.91
SHP_101671,SO_103792,WH_01,Rail,28-04-2024,2024/04/30,4,2.0,On Time,3697,11434.11,33277,21842.89
SHP_101672,SO_109898,WH_02,Rail,22-11-2024,2024/11/27,4,5.0,Delayed,1856,7750.41,36363,28612.59
SHP_101673,SO_102920,WH_08,Rail,25-12-2024,2025/01/04,7,10.0,Delayed,3575,9571.81,30569,20997.19
SHP_101674,SO_104905,WH_15,Sea,17-09-2024,2024/09/24,6,7.0,Delayed,2722,6590.51,18502,11911.49
SHP_101675,SO_103293,WH_06,Road,08-03-2024,2024/03/12,3,4.0,Delayed,3312,5171.3,17831,12659.7
SHP_101676,SO_108215,WH_01,Rail,05-10-2024,2024/10/11,4,6.0,Delayed,3289,2462.85,10555,8092.15
SHP_101677,SO_105109,WH_13,Air,16-04-2024,2024/04/23,4,7.0,Delayed,2061,11635.88,42670,31034.12
SHP_101678,SO_105090,WH_03,Air,06-11-2024,2024/11/11,7,5.0,On Time,4243,4164.78,11975,7810.22
SHP_101679,SO_103461,WH_01,Air,19-07-2024,2024/07/23,4,4.0,On Time,4628,14356.43,39369,25012.57
SHP_101680,SO_108398,WH_02,Sea,04-07-2024,2024/07/11,7,7.0,On Time,3334,10560.61,49296,38735.39
SHP_101681,SO_107015,WH_13,Sea,19-03-2024,2024/03/27,3,8.0,Delayed,3868,9952.0,28075,18123.0
SHP_101682,SO_105075,WH_06,Sea,27-09-2024,2024/10/02,6,5.0,On Time,709,4006.89,16125,12118.11
SHP_101683,SO_101347,WH_07,Sea,06-05-2024,2024/05/11,5,5.0,On Time,3764,12983.53,36170,23186.47
SHP_101684,SO_103500,WH_12,Rail,25-02-2024,2024/03/04,6,8.0,Delayed,3589,6978.13,24634,17655.87
SHP_101685,SO_105656,WH_13,Sea,04-06-2024,2024/06/11,6,7.0,Delayed,1826,11044.0,28700,17656.0
SHP_101686,SO_107139,WH_04,Road,17-06-2024,2024/06/19,4,2.0,On Time,2466,15212.51,46764,31551.49
SHP_101687,SO_105286,WH_08,Rail,08-03-2024,2024/03/18,4,10.0,Delayed,3378,1764.62,5141,3376.38
SHP_101688,SO_104571,WH_08,Road,31-08-2024,2024/09/06,6,6.0,On Time,798,16920.26,47157,30236.74
SHP_101689,SO_103004,WH_13,Road,05-04-2024,2024/04/10,4,5.0,Delayed,1176,12574.27,42335,29760.73
SHP_101690,SO_108497,WH_07,Sea,15-11-2024,2024/11/20,6,5.0,On Time,3225,16327.34,48896,32568.66
SHP_101691,SO_107482,WH_07,Road,14-01-2024,2024/01/21,7,7.0,On Time,3664,6843.28,26902,20058.72
SHP_101692,SO_102682,WH_10,Sea,01-03-2024,2024/03/08,7,7.0,On Time,2349,9091.54,39230,30138.46
SHP_101693,SO_102700,WH_14,Sea,11-01-2024,2024/01/18,3,7.0,Delayed,424,3198.45,14494,11295.55
SHP_101694,SO_104239,WH_13,Air,25-11-2024,2024/12/04,7,9.0,Delayed,4028,4860.65,16333,11472.35
SHP_101695,SO_109174,WH_15,Sea,07-03-2024,2024/03/14,5,7.0,Delayed,1555,2436.27,6836,4399.73
SHP_101696,SO_107580,WH_10,Road,25-07-2024,2024/07/29,6,4.0,On Time,4434,10492.31,32785,22292.69
SHP_101697,SO_104324,WH_12,Air,13-03-2024,2024/03/21,7,8.0,Delayed,568,13562.99,40008,26445.01
SHP_101698,SO_102707,WH_11,Road,21-06-2024,2024/06/26,3,5.0,Delayed,2102,4154.23,14435,10280.77
SHP_101699,SO_103488,WH_14,Sea,22-08-2024,2024/09/01,7,10.0,Delayed,3274,9526.24,24695,15168.76
SHP_101700,SO_108317,WH_04,Sea,28-10-2024,2024/11/04,5,7.0,Delayed,4107,11513.45,32393,20879.55
SHP_101701,SO_102032,WH_10,Sea,10-08-2024,2024/08/19,6,9.0,Delayed,480,9825.94,28390,18564.06
SHP_101702,SO_105032,WH_01,Air,22-07-2024,2024/07/24,5,2.0,On Time,3654,7244.15,30444,23199.85
SHP_101703,SO_100655,WH_06,Sea,05-10-2024,2024/10/07,4,2.0,On Time,2036,13918.34,37240,23321.66
SHP_101704,SO_108470,WH_08,Road,17-11-2024,2024/11/26,5,9.0,Delayed,1864,6403.62,27428,21024.38
SHP_101705,SO_101103,WH_05,Rail,22-12-2024,2025/01/01,6,10.0,Delayed,523,16104.77,41157,25052.23
SHP_101706,SO_109314,WH_03,Road,19-05-2024,2024/05/22,5,,Delayed,989,14060.88,48942,34881.12
SHP_101707,SO_102632,WH_11,Rail,22-03-2024,2024/03/25,7,,Delayed,1128,3174.79,11815,8640.21
SHP_101708,SO_104639,WH_09,Rail,17-05-2024,2024/05/26,4,9.0,Delayed,353,12263.32,34362,22098.68
SHP_101709,SO_103575,WH_01,Air,18-07-2024,2024/07/28,4,10.0,Delayed,471,4899.35,12727,7827.65
SHP_101710,SO_101890,WH_05,Air,20-11-2024,2024/11/23,6,3.0,On Time,3821,8521.08,31067,22545.92
SHP_101711,SO_101599,WH_15,Rail,07-12-2024,2024/12/12,4,5.0,Delayed,2348,3807.86,15250,11442.14
SHP_101712,SO_102505,WH_13,Road,24-12-2024,2024/12/26,4,2.0,On Time,1243,8039.1,36247,28207.9
SHP_101713,SO_106562,WH_02,Rail,16-12-2024,2024/12/23,5,7.0,Delayed,2490,11419.83,36670,25250.17
SHP_101714,SO_100334,WH_11,Sea,12-03-2024,2024/03/14,3,2.0,On Time,3764,6356.0,28937,22581.0
SHP_101715,SO_104181,WH_01,Road,25-07-2024,2024/08/04,4,10.0,Delayed,3127,1346.9,5635,4288.1
SHP_101716,SO_105199,WH_06,Road,05-02-2024,2024/02/12,4,7.0,Delayed,4361,11675.24,32928,21252.76
SHP_101717,SO_105664,WH_07,Rail,05-01-2024,2024/01/12,7,7.0,On Time,3467,6561.75,26661,20099.25
SHP_101718,SO_109817,WH_08,Road,20-04-2024,2024/04/28,5,8.0,Delayed,2714,4696.37,14399,9702.63
SHP_101719,SO_102985,WH_07,Road,25-02-2024,2024/02/27,3,2.0,On Time,845,9690.7,40935,31244.3
SHP_101720,SO_108880,WH_07,Sea,08-03-2024,2024/03/13,4,5.0,Delayed,3250,9882.77,41266,31383.23
SHP_101721,SO_108060,WH_15,Air,25-03-2024,2024/03/30,7,5.0,On Time,3004,3716.18,9880,6163.82
SHP_101722,SO_108817,WH_03,Sea,28-07-2024,2024/08/02,3,5.0,Delayed,4597,2517.21,8618,6100.79
SHP_101723,SO_100117,WH_10,Air,27-12-2024,2025/01/05,6,9.0,Delayed,3130,12702.95,40872,28169.05
SHP_101724,SO_105150,WH_11,Air,02-01-2024,2024/01/05,4,3.0,On Time,988,1471.26,5538,4066.74
SHP_101725,SO_107173,WH_15,Sea,31-10-2024,2024/11/08,3,8.0,Delayed,771,15699.64,48392,32692.36
SHP_101726,SO_102973,WH_03,Sea,15-04-2024,2024/04/24,5,9.0,Delayed,1420,4735.84,12077,7341.16
SHP_101727,SO_109506,WH_11,Rail,28-07-2024,2024/08/03,5,6.0,Delayed,3436,17553.3,45722,28168.7
SHP_101728,SO_100677,WH_14,Road,20-06-2024,2024/06/23,7,3.0,On Time,3985,5937.74,24457,18519.26
SHP_101729,SO_108980,WH_13,Rail,11-11-2024,2024/11/15,3,4.0,Delayed,296,6581.42,17844,11262.58
SHP_101730,SO_106781,WH_14,Road,06-02-2024,2024/02/16,4,10.0,Delayed,3507,7014.8,25662,18647.2
SHP_101731,SO_103424,WH_14,Air,22-02-2024,2024/02/25,6,3.0,On Time,4398,7602.4,30001,22398.6
SHP_101732,SO_104935,WH_13,Rail,01-01-2024,2024/01/03,5,2.0,On Time,1555,6670.0,31342,24672.0
SHP_101733,SO_107587,WH_02,Road,01-04-2024,2024/04/09,7,8.0,Delayed,355,2801.54,7683,4881.46
SHP_101734,SO_109499,WH_03,Sea,18-05-2024,2024/05/21,3,3.0,On Time,2406,8796.49,35453,26656.51
SHP_101735,SO_102660,WH_06,Rail,10-02-2024,2024/02/17,4,7.0,Delayed,2174,5241.82,25119,19877.18
SHP_101736,SO_107200,WH_14,Road,03-11-2024,2024/11/05,5,2.0,On Time,4292,6277.21,25838,19560.79
SHP_101737,SO_103733,WH_14,Rail,26-09-2024,2024/10/03,3,7.0,Delayed,1806,16273.33,41136,24862.67
SHP_101738,SO_102811,WH_12,Rail,13-04-2024,2024/04/22,5,9.0,Delayed,1599,-10582.36,32823,43405.36
SHP_101739,SO_107385,WH_03,Rail,24-11-2024,2024/12/02,5,8.0,Delayed,4483,6355.79,25442,19086.21
SHP_101740,SO_105472,WH_08,Air,19-10-2024,2024/10/29,3,10.0,Delayed,4461,7525.04,22486,14960.96
SHP_101741,SO_105692,WH_08,Sea,29-07-2024,2024/08/04,5,6.0,Delayed,464,13308.98,44742,31433.02
SHP_101742,SO_105624,WH_11,Rail,18-10-2024,2024/10/21,6,3.0,On Time,2443,2665.14,12955,10289.86
SHP_101743,SO_102452,WH_14,Sea,18-08-2024,2024/08/28,7,10.0,Delayed,218,12777.42,42661,29883.58
SHP_101744,SO_109948,WH_07,Rail,14-05-2024,2024/05/23,7,9.0,Delayed,4906,1973.98,9499,7525.02
SHP_101745,SO_104826,WH_03,Air,31-08-2024,2024/09/06,7,6.0,On Time,499,2446.08,9774,7327.92
SHP_101746,SO_109271,WH_07,Road,16-09-2024,2024/09/26,5,10.0,Delayed,3377,10872.06,31138,20265.94
SHP_101747,SO_101135,WH_10,Air,31-01-2024,2024/02/07,6,7.0,Delayed,3136,5117.53,23610,18492.47
SHP_101748,SO_108032,WH_15,Road,13-09-2024,2024/09/19,5,6.0,Delayed,4785,10784.38,43243,32458.62
SHP_101749,SO_106380,WH_06,Rail,23-01-2024,2024/01/27,7,4.0,On Time,3484,3406.13,10815,7408.87
SHP_101750,SO_101465,WH_05,Air,29-10-2024,2024/11/06,3,,Delayed,701,18012.4,45941,27928.6
SHP_101751,SO_100446,WH_08,Rail,29-11-2024,2024/12/04,6,5.0,On Time,2899,9934.92,27894,17959.08
SHP_101752,SO_100000,WH_10,Sea,08-07-2024,2024/07/14,6,6.0,On Time,696,8322.45,34975,26652.55
SHP_101753,SO_107004,WH_11,Road,15-04-2024,2024/04/25,5,10.0,Delayed,1184,3528.96,9509,5980.04
SHP_101754,SO_104616,WH_03,Sea,14-06-2024,2024/06/24,5,10.0,Delayed,4909,12505.09,47418,34912.91
SHP_101755,SO_102176,WH_12,Sea,02-06-2024,2024/06/11,5,9.0,Delayed,1762,11567.73,34957,23389.27
SHP_101756,SO_107140,WH_05,Rail,10-08-2024,2024/08/19,7,9.0,Delayed,3213,5799.01,25368,19568.99
SHP_101757,SO_101361,WH_14,Sea,09-05-2024,2024/05/16,7,,Delayed,851,3027.2,9630,6602.8
SHP_101758,SO_100146,WH_11,Road,06-08-2024,2024/08/15,5,9.0,Delayed,1703,15705.77,47105,31399.23
SHP_101759,SO_102625,WH_10,Sea,17-12-2024,2024/12/24,4,7.0,Delayed,559,2956.05,10074,7117.95
SHP_101760,SO_105305,WH_15,Air,12-12-2024,2024/12/21,6,9.0,Delayed,1261,15038.95,49922,34883.05
SHP_101761,SO_104438,WH_01,Road,29-07-2024,2024/08/07,6,9.0,Delayed,2324,18100.22,45471,27370.78
SHP_101762,SO_102752,WH_11,Road,30-04-2024,2024/05/09,6,9.0,Delayed,3062,8274.94,25384,17109.06
SHP_101763,SO_105141,WH_15,Air,08-05-2024,2024/05/14,7,6.0,On Time,2082,13262.58,40728,27465.42
SHP_101764,SO_109589,WH_12,Rail,14-12-2024,2024/12/18,7,4.0,On Time,273,8507.56,24161,15653.44
SHP_101765,SO_102957,WH_05,Air,03-03-2024,2024/03/06,3,3.0,On Time,4574,9652.14,31704,22051.86
SHP_101766,SO_105083,WH_08,Air,10-04-2024,2024/04/14,5,4.0,On Time,249,6763.53,20694,13930.47
SHP_101767,SO_103032,WH_12,Air,23-12-2024,2024/12/26,7,3.0,On Time,2473,9811.47,31097,21285.53
SHP_101768,SO_104135,WH_03,Road,15-03-2024,2024/03/24,3,9.0,Delayed,2919,16060.78,48121,32060.22
SHP_101769,SO_100907,WH_14,Rail,06-12-2024,2024/12/08,7,2.0,On Time,1978,4556.33,13230,8673.67
SHP_101770,SO_101476,WH_12,Rail,02-11-2024,2024/11/08,3,6.0,Delayed,4688,1796.37,7415,5618.63
SHP_101771,SO_107001,WH_06,Air,19-05-2024,2024/05/21,3,2.0,On Time,1018,2113.31,9489,7375.69
SHP_101772,SO_108323,WH_05,Rail,04-05-2024,2024/05/12,5,8.0,Delayed,2717,2797.27,9481,6683.73
SHP_101773,SO_100379,WH_12,Air,27-03-2024,2024/04/06,5,10.0,Delayed,1852,4205.94,16136,11930.06
SHP_101774,SO_105070,WH_15,Road,18-12-2024,2024/12/28,3,10.0,Delayed,2598,10078.27,30179,20100.73
SHP_101775,SO_107036,WH_06,Air,12-12-2024,2024/12/21,4,9.0,Delayed,4379,11934.68,30682,18747.32
SHP_101776,SO_104111,WH_06,Sea,16-07-2024,2024/07/20,6,4.0,On Time,1673,4334.5,17557,13222.5
SHP_101777,SO_102324,WH_11,Sea,29-06-2024,2024/07/04,7,,Delayed,472,3588.87,11520,7931.13
SHP_101778,SO_109022,WH_15,Air,07-02-2024,2024/02/09,3,2.0,On Time,2722,8552.01,38050,29497.99
SHP_101779,SO_109755,WH_02,Road,07-09-2024,2024/09/11,6,4.0,On Time,3424,11325.18,37397,26071.82
SHP_101780,SO_107536,WH_06,Road,23-09-2024,2024/10/02,4,9.0,Delayed,2456,5322.27,19156,13833.73
SHP_101781,SO_105123,WH_09,Sea,04-12-2024,2024/12/07,3,3.0,On Time,965,13985.1,42641,28655.9
SHP_101782,SO_108305,WH_13,Air,18-07-2024,2024/07/20,5,2.0,On Time,4180,11928.15,31921,19992.85
SHP_101783,SO_104715,WH_01,Road,19-03-2024,2024/03/26,6,7.0,Delayed,4090,3657.43,10959,7301.57
SHP_101784,SO_107057,WH_07,Air,03-10-2024,2024/10/11,5,8.0,Delayed,3916,14538.33,40293,25754.67
SHP_101785,SO_100531,WH_07,Sea,01-10-2024,2024/10/08,7,7.0,On Time,592,13215.42,42634,29418.58
SHP_101786,SO_102419,WH_08,Sea,17-12-2024,2024/12/19,3,2.0,On Time,4822,14499.51,41354,26854.49
SHP_101787,SO_106532,WH_03,Road,01-02-2024,2024/02/09,5,8.0,Delayed,4953,2064.23,7335,5270.77
SHP_101788,SO_100106,WH_05,Road,13-07-2024,2024/07/17,6,4.0,On Time,4559,8967.79,24496,15528.21
SHP_101789,SO_109924,WH_07,Rail,17-12-2024,2024/12/26,6,9.0,Delayed,1582,4597.14,16610,12012.86
SHP_101790,SO_105943,WH_11,Air,09-09-2024,2024/09/18,6,9.0,Delayed,2556,13519.71,35229,21709.29
SHP_101791,SO_108775,WH_11,Sea,16-08-2024,2024/08/21,4,5.0,Delayed,824,11950.99,45157,33206.01
SHP_101792,SO_106488,WH_04,Air,27-07-2024,2024/08/02,6,6.0,On Time,4302,5222.53,16585,11362.47
SHP_101793,SO_100986,WH_11,Road,17-01-2024,2024/01/20,3,3.0,On Time,2417,2907.43,12351,9443.57
SHP_101794,SO_101253,WH_01,Rail,03-04-2024,2024/04/11,6,8.0,Delayed,1136,10869.12,49419,38549.88
SHP_101795,SO_105461,WH_03,Sea,26-06-2024,2024/07/05,5,9.0,Delayed,3807,7712.5,25424,17711.5
SHP_101796,SO_107141,WH_02,Sea,19-02-2024,2024/02/28,5,9.0,Delayed,2641,7022.78,19804,12781.22
SHP_101797,SO_103243,WH_02,Air,05-11-2024,2024/11/07,4,2.0,On Time,393,11101.14,48245,37143.86
SHP_101798,SO_107486,WH_03,Road,07-07-2024,2024/07/14,3,7.0,Delayed,4130,15620.18,44594,28973.82
SHP_101799,SO_100322,WH_09,Rail,07-08-2024,2024/08/17,6,10.0,Delayed,3438,15408.76,45023,29614.24
SHP_101800,SO_102721,WH_12,Road,22-07-2024,2024/07/29,7,7.0,On Time,2954,11411.61,38726,27314.39
SHP_101801,SO_107043,WH_14,Road,27-11-2024,2024/12/05,6,8.0,Delayed,4508,6480.36,23823,17342.64
SHP_101802,SO_108228,WH_12,Rail,29-05-2024,2024/06/01,5,3.0,On Time,3928,9784.73,35617,25832.27
SHP_101803,SO_105482,WH_01,Rail,10-11-2024,2024/11/14,6,4.0,On Time,4439,9228.56,36318,27089.44
SHP_101804,SO_102160,WH_13,Air,21-10-2024,2024/10/30,6,9.0,Delayed,1245,6056.64,28674,22617.36
SHP_101805,SO_105710,WH_05,Sea,14-03-2024,2024/03/22,3,8.0,Delayed,4711,5774.35,15105,9330.65
SHP_101806,SO_108936,WH_06,Sea,03-05-2024,2024/05/12,5,9.0,Delayed,4836,7552.71,25604,18051.29
SHP_101807,SO_104770,WH_05,Rail,26-03-2024,2024/04/04,6,9.0,Delayed,3194,5178.4,24313,19134.6
SHP_101808,SO_107819,WH_03,Sea,16-08-2024,2024/08/25,4,9.0,Delayed,2088,8295.75,20862,12566.25
SHP_101809,SO_104387,WH_08,Road,05-03-2024,2024/03/12,6,7.0,Delayed,2618,4134.12,14735,10600.88
SHP_101810,SO_102220,WH_15,Rail,03-05-2024,2024/05/08,7,5.0,On Time,714,6573.47,22674,16100.53
SHP_101811,SO_107632,WH_03,Road,26-01-2024,2024/02/05,6,10.0,Delayed,2224,8743.0,30322,21579.0
SHP_101812,SO_105930,WH_09,Road,26-09-2024,2024/10/03,3,7.0,Delayed,4228,6812.09,27714,20901.91
SHP_101813,SO_106793,WH_09,Rail,06-09-2024,2024/09/16,6,10.0,Delayed,2341,7459.31,26595,19135.69
SHP_101814,SO_103605,WH_05,Sea,22-04-2024,2024/04/28,4,6.0,Delayed,3641,13455.11,43021,29565.89
SHP_101815,SO_105470,WH_15,Road,24-01-2024,2024/02/03,6,10.0,Delayed,3821,8697.9,23586,14888.1
SHP_101816,SO_102459,WH_12,Road,05-06-2024,2024/06/14,6,,Delayed,2122,6871.71,24121,17249.29
SHP_101817,SO_103141,WH_03,Air,10-08-2024,2024/08/19,4,9.0,Delayed,2544,11440.46,42935,31494.54
SHP_101818,SO_102853,WH_09,Air,09-01-2024,2024/01/13,7,4.0,On Time,2686,15558.16,45702,30143.84
SHP_101819,SO_102389,WH_08,Sea,20-01-2024,2024/01/27,5,7.0,Delayed,1060,12811.52,49332,36520.48
SHP_101820,SO_107362,WH_15,Air,22-02-2024,2024/03/01,3,8.0,Delayed,337,6498.81,19307,12808.19
SHP_101821,SO_105483,WH_03,Sea,06-11-2024,2024/11/10,7,4.0,On Time,4819,3387.47,12467,9079.53
SHP_101822,SO_109046,WH_10,Road,04-02-2024,2024/02/07,4,3.0,On Time,3957,16119.7,45648,29528.3
SHP_101823,SO_106662,WH_14,Road,07-08-2024,2024/08/09,5,2.0,On Time,2810,9681.98,25276,15594.02
SHP_101824,SO_103989,WH_13,Sea,02-04-2024,2024/04/09,5,7.0,Delayed,3392,7958.22,34282,26323.78
SHP_101825,SO_108946,WH_02,Road,18-06-2024,2024/06/23,7,5.0,On Time,3823,15091.84,47741,32649.16
SHP_101826,SO_109536,WH_10,Road,03-03-2024,2024/03/06,5,3.0,On Time,2623,11196.86,30918,19721.14
SHP_101827,SO_101710,WH_07,Road,29-10-2024,2024/11/03,3,5.0,Delayed,323,18188.9,47209,29020.1
SHP_101828,SO_101288,WH_03,Rail,25-05-2024,2024/05/30,4,5.0,Delayed,857,5677.92,28110,22432.08
SHP_101829,SO_103754,WH_03,Rail,23-06-2024,2024/06/26,7,3.0,On Time,3001,5411.14,20964,15552.86
SHP_101830,SO_104347,WH_08,Rail,29-08-2024,2024/09/06,7,8.0,Delayed,3249,12138.12,31477,19338.88
SHP_101831,SO_105195,WH_11,Road,01-07-2024,2024/07/08,3,7.0,Delayed,4396,6626.69,23393,16766.31
SHP_101832,SO_102156,WH_12,Air,13-08-2024,2024/08/16,3,3.0,On Time,3475,14579.33,43843,29263.67
SHP_101833,SO_102339,WH_08,Rail,19-02-2024,2024/02/26,5,7.0,Delayed,1448,15650.87,42529,26878.13
SHP_101834,SO_107576,WH_03,Rail,11-06-2024,2024/06/14,6,3.0,On Time,527,3721.81,11993,8271.19
SHP_101835,SO_100140,WH_02,Rail,08-05-2024,2024/05/18,4,10.0,Delayed,4701,8121.88,27012,18890.12
SHP_101836,SO_105397,WH_06,Rail,08-02-2024,2024/02/14,3,6.0,Delayed,440,6530.62,30729,24198.38
SHP_101837,SO_106933,WH_05,Rail,15-08-2024,2024/08/19,4,4.0,On Time,3953,6917.62,26395,19477.38
SHP_101838,SO_109416,WH_07,Sea,09-01-2024,2024/01/15,6,6.0,On Time,2948,7383.38,26829,19445.62
SHP_101839,SO_105984,WH_02,Sea,17-03-2024,2024/03/23,7,6.0,On Time,274,2545.23,11920,9374.77
SHP_101840,SO_105804,WH_12,Sea,08-08-2024,2024/08/10,6,2.0,On Time,1146,10958.67,28847,17888.33
SHP_101841,SO_103609,WH_06,Road,07-11-2024,2024/11/17,6,10.0,Delayed,2982,5026.57,14493,9466.43
SHP_101842,SO_107211,WH_07,Air,08-11-2024,2024/11/18,7,10.0,Delayed,2489,2096.03,7810,5713.97
SHP_101843,SO_109360,WH_09,Rail,24-02-2024,2024/03/01,5,6.0,Delayed,2856,8285.42,23882,15596.58
SHP_101844,SO_107975,WH_01,Rail,29-12-2024,2025/01/06,3,8.0,Delayed,3390,7914.47,28554,20639.53
SHP_101845,SO_103590,WH_01,Rail,23-01-2024,2024/01/27,6,4.0,On Time,2262,9230.78,42756,33525.22
SHP_101846,SO_107438,WH_02,Sea,08-11-2024,2024/11/15,5,7.0,Delayed,3998,2713.73,9723,7009.27
SHP_101847,SO_109747,WH_08,Sea,29-08-2024,2024/09/07,4,9.0,Delayed,2599,8410.76,21674,13263.24
SHP_101848,SO_102038,WH_12,Road,02-02-2024,2024/02/12,5,10.0,Delayed,4989,12796.9,44058,31261.1
SHP_101849,SO_100538,WH_02,Air,13-11-2024,2024/11/18,4,5.0,Delayed,1397,9917.17,31621,21703.83
SHP_101850,SO_109297,WH_06,Sea,11-09-2024,2024/09/17,5,6.0,Delayed,3884,12175.92,40429,28253.08
SHP_101851,SO_101888,WH_13,Rail,22-10-2024,2024/10/28,6,6.0,On Time,1490,4363.04,20362,15998.96
SHP_101852,SO_102222,WH_08,Rail,27-07-2024,2024/07/31,4,4.0,On Time,277,16073.08,44390,28316.92
SHP_101853,SO_100878,WH_15,Air,10-06-2024,2024/06/13,6,3.0,On Time,4672,3034.52,11738,8703.48
SHP_101854,SO_106507,WH_10,Sea,14-03-2024,2024/03/17,6,3.0,On Time,4285,7288.27,33887,26598.73
SHP_101855,SO_106414,WH_10,Sea,26-06-2024,2024/06/30,7,4.0,On Time,4659,9591.82,27147,17555.18
SHP_101856,SO_107661,WH_04,Road,06-11-2024,2024/11/12,3,6.0,Delayed,1182,6621.42,28612,21990.58
SHP_101857,SO_104007,WH_12,Road,31-07-2024,2024/08/03,7,3.0,On Time,479,8974.66,23353,14378.34
SHP_101858,SO_107563,WH_05,Air,04-08-2024,2024/08/08,6,4.0,On Time,3353,8530.66,28445,19914.34
SHP_101859,SO_109162,WH_11,Road,26-07-2024,2024/07/28,6,2.0,On Time,1814,14391.5,46320,31928.5
SHP_101860,SO_107056,WH_08,Rail,01-02-2024,2024/02/03,5,2.0,On Time,2259,3871.49,16210,12338.51
SHP_101861,SO_109715,WH_04,Sea,10-11-2024,2024/11/16,7,6.0,On Time,4995,6625.5,23488,16862.5
SHP_101862,SO_101544,WH_01,Rail,27-02-2024,2024/03/02,4,4.0,On Time,4555,5988.04,22021,16032.96
SHP_101863,SO_109715,WH_06,Road,21-08-2024,2024/08/31,6,10.0,Delayed,1050,3547.36,11564,8016.64
SHP_101864,SO_108641,WH_14,Sea,05-01-2024,2024/01/11,3,6.0,Delayed,3813,2063.06,5623,3559.94
SHP_101865,SO_103804,WH_09,Air,10-09-2024,2024/09/20,3,10.0,Delayed,282,5802.83,22859,17056.17
SHP_101866,SO_105906,WH_07,Rail,05-07-2024,2024/07/09,3,,Delayed,1148,3708.25,14535,10826.75
SHP_101867,SO_105506,WH_06,Air,21-03-2024,2024/03/26,6,5.0,On Time,4914,-2876.95,9563,12439.95
SHP_101868,SO_100700,WH_10,Air,24-11-2024,2024/12/01,4,7.0,Delayed,1029,11963.27,31884,19920.73
SHP_101869,SO_103434,WH_09,Sea,28-05-2024,2024/05/30,4,2.0,On Time,1312,3964.71,16403,12438.29
SHP_101870,SO_105699,WH_10,Sea,18-11-2024,2024/11/23,5,5.0,On Time,1273,7741.41,36105,28363.59
SHP_101871,SO_105102,WH_07,Rail,30-09-2024,2024/10/08,6,8.0,Delayed,1447,2130.82,8247,6116.18
SHP_101872,SO_100651,WH_10,Road,27-01-2024,2024/02/01,3,5.0,Delayed,2369,5928.19,23347,17418.81
SHP_101873,SO_105494,WH_06,Air,21-09-2024,2024/09/23,7,2.0,On Time,2719,13073.53,34025,20951.47
SHP_101874,SO_108366,WH_05,Sea,19-12-2024,2024/12/27,6,8.0,Delayed,4142,10477.03,40058,29580.97
SHP_101875,SO_100210,WH_07,Road,19-10-2024,2024/10/26,7,7.0,On Time,3775,3005.29,9114,6108.71
SHP_101876,SO_103845,WH_05,Rail,09-03-2024,2024/03/19,3,10.0,Delayed,3881,11191.17,39662,28470.83
SHP_101877,SO_102322,WH_07,Sea,05-09-2024,2024/09/15,4,10.0,Delayed,4436,2430.68,6253,3822.32
SHP_101878,SO_102780,WH_12,Rail,17-08-2024,2024/08/23,5,6.0,Delayed,3602,2962.88,9139,6176.12
SHP_101879,SO_104177,WH_11,Air,12-10-2024,2024/10/15,3,3.0,On Time,1564,14398.64,44258,29859.36
SHP_101880,SO_109658,WH_13,Rail,06-09-2024,2024/09/12,4,6.0,Delayed,4356,9744.88,28072,18327.12
SHP_101881,SO_100728,WH_13,Road,02-04-2024,2024/04/10,4,8.0,Delayed,3072,2569.42,7547,4977.58
SHP_101882,SO_109510,WH_09,Road,15-02-2024,2024/02/25,5,10.0,Delayed,448,10324.13,45980,35655.87
SHP_101883,SO_108233,WH_04,Rail,15-08-2024,2024/08/25,6,10.0,Delayed,3222,16062.71,48695,32632.29
SHP_101884,SO_105956,WH_13,Rail,09-09-2024,2024/09/15,4,6.0,Delayed,3326,14521.81,42393,27871.19
SHP_101885,SO_107650,WH_04,Air,08-03-2024,2024/03/13,5,5.0,On Time,3448,8330.67,31766,23435.33
SHP_101886,SO_106924,WH_14,Rail,07-06-2024,2024/06/12,3,5.0,Delayed,1689,11933.47,42524,30590.53
SHP_101887,SO_107068,WH_01,Rail,14-08-2024,2024/08/22,6,8.0,Delayed,328,17555.21,47645,30089.79
SHP_101888,SO_104862,WH_06,Road,22-02-2024,2024/02/24,4,2.0,On Time,1347,11629.14,46654,35024.86
SHP_101889,SO_107129,WH_02,Air,26-08-2024,2024/08/31,4,5.0,Delayed,3351,16189.08,46846,30656.92
SHP_101890,SO_107455,WH_11,Rail,28-02-2024,2024/03/05,3,6.0,Delayed,4263,4902.25,14995,10092.75
SHP_101891,SO_100416,WH_14,Rail,04-02-2024,2024/02/12,7,8.0,Delayed,2575,12634.38,34890,22255.62
SHP_101892,SO_102524,WH_01,Road,21-07-2024,2024/07/25,5,4.0,On Time,2842,3592.98,10420,6827.02
SHP_101893,SO_102707,WH_06,Sea,05-09-2024,2024/09/09,6,4.0,On Time,2583,2313.89,9717,7403.11
SHP_101894,SO_102337,WH_10,Air,06-06-2024,2024/06/16,3,10.0,Delayed,970,5597.08,17160,11562.92
SHP_101895,SO_103608,WH_12,Rail,14-04-2024,2024/04/18,5,4.0,On Time,1307,8312.21,28673,20360.79
SHP_101896,SO_107683,WH_14,Road,30-11-2024,2024/12/05,7,5.0,On Time,4248,3058.01,11551,8492.99
SHP_101897,SO_108943,WH_03,Rail,02-08-2024,2024/08/07,5,5.0,On Time,3414,-6924.83,21081,28005.83
SHP_101898,SO_100574,WH_07,Sea,08-03-2024,2024/03/11,6,3.0,On Time,3851,10052.09,42023,31970.91
SHP_101899,SO_108786,WH_03,Sea,03-12-2024,2024/12/06,7,3.0,On Time,3477,11017.93,39837,28819.07
SHP_101900,SO_105498,WH_05,Sea,20-10-2024,2024/10/24,3,4.0,Delayed,962,14340.14,48958,34617.86
SHP_101901,SO_100056,WH_13,Sea,21-08-2024,2024/08/30,6,9.0,Delayed,1118,3007.66,13609,10601.34
SHP_101902,SO_108109,WH_03,Rail,26-04-2024,2024/05/06,6,10.0,Delayed,2840,9300.05,24545,15244.95
SHP_101903,SO_101738,WH_06,Air,14-01-2024,2024/01/24,4,10.0,Delayed,1569,7437.8,32999,25561.2
SHP_101904,SO_109932,WH_06,Sea,23-11-2024,2024/12/01,6,8.0,Delayed,4046,13535.35,37360,23824.65
SHP_101905,SO_100766,WH_01,Road,05-10-2024,2024/10/13,3,8.0,Delayed,3499,4039.75,15879,11839.25
SHP_101906,SO_108035,WH_04,Sea,22-08-2024,2024/08/27,5,5.0,On Time,2679,6881.25,31174,24292.75
SHP_101907,SO_107976,WH_05,Road,06-09-2024,2024/09/08,6,2.0,On Time,4978,3597.54,12666,9068.46
SHP_101908,SO_108183,WH_11,Air,22-10-2024,2024/10/25,4,3.0,On Time,1790,9228.28,33134,23905.72
SHP_101909,SO_105481,WH_15,Sea,30-12-2024,2025/01/03,4,4.0,On Time,3365,6102.21,28537,22434.79
SHP_101910,SO_108491,WH_06,Road,15-06-2024,2024/06/24,5,9.0,Delayed,2754,13610.45,35473,21862.55
SHP_101911,SO_106678,WH_11,Rail,12-07-2024,2024/07/14,7,2.0,On Time,2967,11752.32,31535,19782.68
SHP_101912,SO_101080,WH_05,Road,27-11-2024,2024/11/29,6,2.0,On Time,1529,2335.55,6038,3702.45
SHP_101913,SO_100164,WH_01,Rail,08-06-2024,2024/06/14,7,,Delayed,4904,14213.13,46364,32150.87
SHP_101914,SO_104347,WH_10,Sea,09-08-2024,2024/08/13,5,4.0,On Time,3190,5506.7,26256,20749.3
SHP_101915,SO_107736,WH_01,Rail,03-05-2024,2024/05/09,5,6.0,Delayed,3758,1999.38,8997,6997.62
SHP_101916,SO_109169,WH_15,Road,27-06-2024,2024/07/04,4,7.0,Delayed,1444,13713.75,40979,27265.25
SHP_101917,SO_108904,WH_02,Rail,19-06-2024,2024/06/28,3,9.0,Delayed,2016,6716.31,27937,21220.69
SHP_101918,SO_100372,WH_05,Sea,24-10-2024,2024/10/29,3,5.0,Delayed,1397,3026.96,13495,10468.04
SHP_101919,SO_105228,WH_03,Sea,23-11-2024,2024/11/25,7,2.0,On Time,3864,6758.31,31299,24540.69
SHP_101920,SO_100057,WH_06,Road,27-09-2024,2024/10/03,6,6.0,On Time,3407,5928.04,27574,21645.96
SHP_101921,SO_107177,WH_01,Sea,13-07-2024,2024/07/23,7,10.0,Delayed,2394,3966.31,14276,10309.69
SHP_101922,SO_100997,WH_02,Road,21-12-2024,2024/12/23,7,2.0,On Time,2917,5979.37,16144,10164.63
SHP_101923,SO_104141,WH_06,Sea,05-12-2024,2024/12/07,6,2.0,On Time,4627,5853.53,21487,15633.47
SHP_101924,SO_102679,WH_03,Rail,17-12-2024,2024/12/27,3,10.0,Delayed,3968,14380.57,41453,27072.43
SHP_101925,SO_102440,WH_11,Air,26-02-2024,2024/03/01,6,4.0,On Time,3852,2680.7,6909,4228.3
SHP_101926,SO_103684,WH_09,Road,03-05-2024,2024/05/06,7,3.0,On Time,591,3274.26,13825,10550.74
SHP_101927,SO_100007,WH_14,Sea,20-09-2024,2024/09/26,4,6.0,Delayed,1266,3765.04,10683,6917.96
SHP_101928,SO_102321,WH_06,Air,26-12-2024,2025/01/05,3,10.0,Delayed,3194,8975.92,35851,26875.08
SHP_101929,SO_104930,WH_11,Road,11-06-2024,2024/06/17,6,6.0,On Time,1893,2907.84,10797,7889.16
SHP_101930,SO_109712,WH_07,Rail,07-04-2024,2024/04/16,5,9.0,Delayed,766,2115.05,7217,5101.95
SHP_101931,SO_108266,WH_11,Road,15-03-2024,2024/03/19,4,4.0,On Time,4112,7337.3,35265,27927.7
SHP_101932,SO_100858,WH_03,Road,06-05-2024,2024/05/12,3,6.0,Delayed,2599,2846.06,7387,4540.94
SHP_101933,SO_104825,WH_10,Air,04-02-2024,2024/02/12,7,8.0,Delayed,1805,11504.0,36937,25433.0
SHP_101934,SO_109061,WH_05,Road,03-08-2024,2024/08/10,4,7.0,Delayed,2942,6664.74,31465,24800.26
SHP_101935,SO_102284,WH_08,Road,04-09-2024,2024/09/13,6,9.0,Delayed,889,2601.27,9456,6854.73
SHP_101936,SO_102864,WH_11,Road,30-12-2024,2025/01/03,6,4.0,On Time,3457,4631.38,13029,8397.62
SHP_101937,SO_104525,WH_08,Rail,22-07-2024,2024/08/01,5,10.0,Delayed,1095,5497.76,14015,8517.24
SHP_101938,SO_104196,WH_08,Sea,25-11-2024,2024/12/01,7,6.0,On Time,3456,13210.51,41001,27790.49
SHP_101939,SO_107569,WH_04,Road,25-07-2024,2024/08/01,6,7.0,Delayed,3517,4458.25,11478,7019.75
SHP_101940,SO_107225,WH_02,Road,20-11-2024,2024/11/24,7,4.0,On Time,2045,10712.83,26883,16170.17
SHP_101941,SO_100464,WH_09,Air,19-01-2024,2024/01/28,7,9.0,Delayed,3637,15488.75,41032,25543.25
SHP_101942,SO_100350,WH_11,Sea,02-08-2024,2024/08/05,7,3.0,On Time,1518,10121.12,41046,30924.88
SHP_101943,SO_107105,WH_10,Road,01-06-2024,2024/06/05,7,4.0,On Time,3529,10697.7,44261,33563.3
SHP_101944,SO_102182,WH_02,Rail,02-12-2024,2024/12/11,4,9.0,Delayed,537,10189.46,33913,23723.54
SHP_101945,SO_101796,WH_09,Air,07-04-2024,2024/04/14,5,7.0,Delayed,869,11841.16,47398,35556.84
SHP_101946,SO_104287,WH_10,Rail,30-08-2024,2024/09/06,3,7.0,Delayed,3985,18162.11,48519,30356.89
SHP_101947,SO_102583,WH_07,Road,14-06-2024,2024/06/18,6,4.0,On Time,1945,5616.53,24475,18858.47
SHP_101948,SO_106215,WH_06,Air,22-04-2024,2024/05/01,3,9.0,Delayed,4582,13172.3,47973,34800.7
SHP_101949,SO_103797,WH_04,Sea,01-07-2024,2024/07/09,7,8.0,Delayed,2536,5146.03,16527,11380.97
SHP_101950,SO_109857,WH_04,Rail,27-09-2024,2024/10/07,7,10.0,Delayed,1150,3478.09,9616,6137.91
SHP_101951,SO_103473,WH_13,Air,06-03-2024,2024/03/10,5,4.0,On Time,4819,5823.69,28197,22373.31
SHP_101952,SO_105116,WH_09,Sea,16-05-2024,2024/05/25,7,9.0,Delayed,2919,16922.48,47760,30837.52
SHP_101953,SO_109953,WH_03,Sea,26-08-2024,2024/09/01,3,6.0,Delayed,2279,6871.67,25872,19000.33
SHP_101954,SO_107739,WH_13,Road,25-01-2024,2024/02/03,3,9.0,Delayed,4001,16150.56,46791,30640.44
SHP_101955,SO_101805,WH_05,Road,20-08-2024,2024/08/26,5,6.0,Delayed,1155,15236.36,43497,28260.64
SHP_101956,SO_109345,WH_06,Air,28-03-2024,2024/03/30,6,2.0,On Time,2771,11944.16,35498,23553.84
SHP_101957,SO_104269,WH_06,Air,03-08-2024,2024/08/10,7,7.0,On Time,2976,8164.47,24385,16220.53
SHP_101958,SO_102225,WH_03,Road,15-02-2024,2024/02/22,6,7.0,Delayed,4645,13067.1,37044,23976.9
SHP_101959,SO_104209,WH_15,Air,23-11-2024,2024/12/03,7,10.0,Delayed,251,4736.96,21559,16822.04
SHP_101960,SO_109256,WH_06,Sea,27-01-2024,2024/01/29,4,2.0,On Time,4300,8525.14,38761,30235.86
SHP_101961,SO_106510,WH_04,Air,03-05-2024,2024/05/12,3,9.0,Delayed,1894,11480.21,46141,34660.79
SHP_101962,SO_103107,WH_05,Rail,29-12-2024,2025/01/07,6,9.0,Delayed,3662,18281.18,46582,28300.82
SHP_101963,SO_102127,WH_11,Sea,08-08-2024,2024/08/13,6,5.0,On Time,4511,12009.93,31613,19603.07
SHP_101964,SO_108936,WH_13,Air,08-07-2024,2024/07/11,7,3.0,On Time,3843,11046.81,36994,25947.19
SHP_101965,SO_104400,WH_01,Sea,02-06-2024,2024/06/05,4,3.0,On Time,4666,9411.89,46121,36709.11
SHP_101966,SO_108858,WH_11,Sea,26-01-2024,2024/02/04,5,9.0,Delayed,1920,5428.22,24730,19301.78
SHP_101967,SO_100478,WH_06,Sea,07-03-2024,2024/03/13,4,6.0,Delayed,1165,9285.54,35242,25956.46
SHP_101968,SO_109335,WH_06,Rail,01-10-2024,2024/10/05,7,4.0,On Time,4840,3683.65,12048,8364.35
SHP_101969,SO_103181,WH_09,Rail,28-05-2024,2024/06/07,4,10.0,Delayed,3120,16139.08,48109,31969.92
SHP_101970,SO_104697,WH_03,Road,17-09-2024,2024/09/19,7,2.0,On Time,887,1871.68,5692,3820.32
SHP_101971,SO_108879,WH_05,Air,18-10-2024,2024/10/22,4,4.0,On Time,4788,1305.25,5181,3875.75
SHP_101972,SO_108487,WH_04,Road,25-06-2024,2024/07/05,6,10.0,Delayed,2497,11783.13,47400,35616.87
SHP_101973,SO_100399,WH_07,Air,18-09-2024,2024/09/20,3,2.0,On Time,292,8972.24,29480,20507.76
SHP_101974,SO_104675,WH_10,Air,04-03-2024,2024/03/11,4,7.0,Delayed,4811,16830.97,48172,31341.03
SHP_101975,SO_108066,WH_13,Rail,06-04-2024,2024/04/09,6,3.0,On Time,4596,1535.83,6636,5100.17
SHP_101976,SO_108680,WH_01,Air,16-06-2024,2024/06/20,3,4.0,Delayed,1780,6561.27,16520,9958.73
SHP_101977,SO_101512,WH_13,Rail,06-08-2024,2024/08/15,5,9.0,Delayed,3484,16278.44,45410,29131.56
SHP_101978,SO_105347,WH_08,Sea,07-12-2024,2024/12/14,3,7.0,Delayed,701,7334.45,28935,21600.55
SHP_101979,SO_108404,WH_14,Rail,28-10-2024,2024/11/01,5,4.0,On Time,1385,8720.08,30760,22039.92
SHP_101980,SO_105514,WH_01,Air,05-07-2024,2024/07/11,5,6.0,Delayed,1220,12600.51,45326,32725.49
SHP_101981,SO_108921,WH_05,Road,23-09-2024,2024/10/02,5,9.0,Delayed,1732,6468.11,20374,13905.89
SHP_101982,SO_108808,WH_13,Rail,08-02-2024,2024/02/13,5,5.0,On Time,4338,5885.34,24891,19005.66
SHP_101983,SO_109135,WH_06,Road,03-08-2024,2024/08/12,3,9.0,Delayed,1496,9013.0,40832,31819.0
SHP_101984,SO_109971,WH_02,Air,10-06-2024,2024/06/20,6,10.0,Delayed,2387,17859.48,45894,28034.52
SHP_101985,SO_103171,WH_01,Air,17-12-2024,2024/12/26,3,9.0,Delayed,608,3961.3,14085,10123.7
SHP_101986,SO_108574,WH_15,Sea,30-04-2024,2024/05/10,5,10.0,Delayed,798,3375.52,13459,10083.48
SHP_101987,SO_103539,WH_09,Rail,26-09-2024,2024/10/05,3,9.0,Delayed,4190,13413.88,43415,30001.12
SHP_101988,SO_107923,WH_08,Sea,24-02-2024,2024/02/26,5,2.0,On Time,4594,13073.89,34133,21059.11
SHP_101989,SO_109387,WH_08,Sea,25-10-2024,2024/10/31,4,6.0,Delayed,4942,12472.09,40068,27595.91
SHP_101990,SO_105733,WH_09,Rail,30-07-2024,2024/08/01,6,2.0,On Time,3528,19061.83,49469,30407.17
SHP_101991,SO_105021,WH_12,Sea,05-09-2024,2024/09/11,7,6.0,On Time,2546,13027.37,44413,31385.63
SHP_101992,SO_106475,WH_11,Air,01-06-2024,2024/06/03,3,,Delayed,2231,7978.25,29306,21327.75
SHP_101993,SO_105203,WH_12,Sea,02-11-2024,2024/11/12,7,10.0,Delayed,2615,7718.95,34445,26726.05
SHP_101994,SO_101698,WH_04,Sea,12-01-2024,2024/01/20,5,8.0,Delayed,4862,6417.51,17151,10733.49
SHP_101995,SO_108466,WH_13,Rail,21-01-2024,2024/01/24,3,3.0,On Time,4027,13708.31,42754,29045.69
SHP_101996,SO_106058,WH_04,Sea,29-08-2024,2024/09/02,7,4.0,On Time,1196,9518.77,45494,35975.23
SHP_101997,SO_100848,WH_06,Road,28-09-2024,2024/10/01,7,3.0,On Time,3530,7512.74,25138,17625.26
SHP_101998,SO_107305,WH_11,Sea,15-06-2024,2024/06/22,4,7.0,Delayed,2418,15072.77,47768,32695.23
SHP_101999,SO_105543,WH_14,Road,30-12-2024,2025/01/07,4,8.0,Delayed,4766,6312.96,26431,20118.04
SHP_102000,SO_104144,WH_03,Sea,03-03-2024,2024/03/13,4,10.0,Delayed,4939,6266.85,26734,20467.15
SHP_102001,SO_101622,WH_08,Rail,19-10-2024,2024/10/21,7,2.0,On Time,1238,9203.16,26304,17100.84
SHP_102002,SO_104720,WH_05,Air,19-06-2024,2024/06/29,6,10.0,Delayed,2940,10132.23,38070,27937.77
SHP_102003,SO_106704,WH_01,Air,28-11-2024,2024/12/03,7,5.0,On Time,2476,3614.23,15922,12307.77
SHP_102004,SO_100323,WH_10,Rail,21-11-2024,2024/11/25,3,4.0,Delayed,4330,3716.95,10108,6391.05
SHP_102005,SO_109030,WH_08,Sea,02-03-2024,2024/03/05,6,3.0,On Time,1904,6928.45,20669,13740.55
SHP_102006,SO_103624,WH_08,Road,11-02-2024,2024/02/15,4,4.0,On Time,4900,5650.05,24166,18515.95
SHP_102007,SO_107091,WH_04,Rail,25-04-2024,2024/05/03,5,8.0,Delayed,949,12344.53,41368,29023.47
SHP_102008,SO_102877,WH_09,Road,12-03-2024,2024/03/22,3,10.0,Delayed,1853,8788.11,25201,16412.89
SHP_102009,SO_107603,WH_05,Air,16-01-2024,2024/01/26,3,10.0,Delayed,371,2147.16,5501,3353.84
SHP_102010,SO_103785,WH_14,Rail,31-05-2024,2024/06/05,4,5.0,Delayed,2154,2709.48,6917,4207.52
SHP_102011,SO_107865,WH_05,Sea,29-12-2024,2025/01/05,7,7.0,On Time,1043,2256.15,5907,3650.85
SHP_102012,SO_102409,WH_01,Sea,18-08-2024,2024/08/20,7,2.0,On Time,2853,14420.25,39864,25443.75
SHP_102013,SO_106904,WH_03,Air,20-05-2024,2024/05/23,5,3.0,On Time,4711,8041.23,34715,26673.77
SHP_102014,SO_106068,WH_02,Rail,23-05-2024,2024/05/27,5,4.0,On Time,1483,3205.31,13531,10325.69
SHP_102015,SO_109930,WH_10,Air,29-10-2024,2024/11/02,4,4.0,On Time,2178,17105.44,46715,29609.56
SHP_102016,SO_109081,WH_11,Rail,06-08-2024,2024/08/11,3,5.0,Delayed,3722,3435.84,9393,5957.16
SHP_102017,SO_102742,WH_08,Sea,17-09-2024,2024/09/27,4,10.0,Delayed,2181,3845.89,14963,11117.11
SHP_102018,SO_104433,WH_01,Air,12-04-2024,2024/04/15,3,3.0,On Time,4358,8594.06,29072,20477.94
SHP_102019,SO_105936,WH_14,Sea,29-03-2024,2024/04/06,7,8.0,Delayed,1795,8187.38,26566,18378.62
SHP_102020,SO_107394,WH_05,Sea,30-05-2024,2024/06/01,6,2.0,On Time,1002,8253.86,37849,29595.14
SHP_102021,SO_108019,WH_01,Rail,15-09-2024,2024/09/17,6,2.0,On Time,1707,9032.12,43096,34063.88
SHP_102022,SO_107546,WH_01,Road,02-02-2024,2024/02/11,6,9.0,Delayed,504,2670.33,10584,7913.67
SHP_102023,SO_106273,WH_08,Sea,23-07-2024,2024/07/29,6,6.0,On Time,2015,9780.19,30651,20870.81
SHP_102024,SO_102197,WH_10,Road,03-02-2024,2024/02/06,7,3.0,On Time,571,8388.85,30293,21904.15
SHP_102025,SO_100871,WH_05,Sea,08-06-2024,2024/06/14,4,6.0,Delayed,3920,7517.5,29092,21574.5
SHP_102026,SO_105517,WH_12,Sea,28-08-2024,2024/09/07,4,10.0,Delayed,3453,9211.52,40499,31287.48
SHP_102027,SO_107379,WH_06,Rail,12-04-2024,2024/04/21,4,,Delayed,3556,5824.0,27307,21483.0
SHP_102028,SO_104166,WH_08,Air,02-09-2024,2024/09/06,6,4.0,On Time,2527,6447.25,25584,19136.75
SHP_102029,SO_108452,WH_08,Rail,12-04-2024,2024/04/16,4,4.0,On Time,2020,3225.38,11299,8073.62
SHP_102030,SO_102183,WH_02,Air,10-03-2024,2024/03/20,6,10.0,Delayed,2937,11847.81,33889,22041.19
SHP_102031,SO_103433,WH_11,Road,23-11-2024,2024/12/01,3,8.0,Delayed,1634,5105.9,18630,13524.1
SHP_102032,SO_102467,WH_08,Sea,02-06-2024,2024/06/04,3,2.0,On Time,881,2354.33,8770,6415.67
SHP_102033,SO_108036,WH_09,Rail,15-11-2024,2024/11/21,5,6.0,Delayed,351,-5010.08,14457,19467.08
SHP_102034,SO_101034,WH_09,Air,26-12-2024,2025/01/02,6,7.0,Delayed,4718,10520.84,29312,18791.16
SHP_102035,SO_106976,WH_02,Road,14-09-2024,2024/09/20,5,6.0,Delayed,1023,6148.92,21921,15772.08
SHP_102036,SO_104887,WH_11,Air,19-06-2024,2024/06/25,4,6.0,Delayed,359,12836.61,41336,28499.39
SHP_102037,SO_103790,WH_04,Rail,11-11-2024,2024/11/14,6,3.0,On Time,915,14189.41,44356,30166.59
SHP_102038,SO_108897,WH_06,Road,31-07-2024,2024/08/09,3,9.0,Delayed,2445,12772.47,45300,32527.53
SHP_102039,SO_108233,WH_03,Rail,22-04-2024,2024/04/27,7,5.0,On Time,4913,6320.04,22500,16179.96
SHP_102040,SO_104432,WH_10,Sea,04-10-2024,2024/10/13,4,9.0,Delayed,2531,4931.2,19601,14669.8
SHP_102041,SO_103412,WH_10,Air,10-05-2024,2024/05/15,6,5.0,On Time,3852,9118.74,30683,21564.26
SHP_102042,SO_107114,WH_09,Sea,03-12-2024,2024/12/09,4,6.0,Delayed,1586,11438.74,29078,17639.26
SHP_102043,SO_104924,WH_12,Sea,05-10-2024,2024/10/07,6,2.0,On Time,1965,10143.69,43406,33262.31
SHP_102044,SO_103242,WH_09,Road,24-09-2024,2024/09/29,5,5.0,On Time,1146,10326.79,49477,39150.21
SHP_102045,SO_106509,WH_01,Sea,11-09-2024,2024/09/19,6,8.0,Delayed,1611,11818.24,48716,36897.76
SHP_102046,SO_102196,WH_01,Road,07-07-2024,2024/07/13,6,6.0,On Time,485,7859.0,37410,29551.0
SHP_102047,SO_109834,WH_08,Rail,28-02-2024,2024/03/08,6,9.0,Delayed,2013,6949.14,23050,16100.86
SHP_102048,SO_106146,WH_01,Air,27-12-2024,2025/01/03,5,7.0,Delayed,4571,10740.02,41590,30849.98
SHP_102049,SO_100235,WH_13,Rail,08-06-2024,2024/06/16,5,8.0,Delayed,1432,8900.27,24053,15152.73
SHP_102050,SO_107586,WH_05,Air,08-01-2024,2024/01/11,3,3.0,On Time,1836,9899.72,44129,34229.28
SHP_102051,SO_108365,WH_14,Road,22-09-2024,2024/09/27,5,5.0,On Time,1576,2399.11,9148,6748.89
SHP_102052,SO_105421,WH_12,Road,23-02-2024,2024/03/04,5,10.0,Delayed,851,9951.97,43687,33735.03
SHP_102053,SO_101438,WH_10,Air,22-10-2024,2024/10/28,3,6.0,Delayed,3817,15472.2,42380,26907.8
SHP_102054,SO_108168,WH_08,Road,13-04-2024,2024/04/20,4,7.0,Delayed,1957,6051.06,26244,20192.94
SHP_102055,SO_108779,WH_04,Sea,06-11-2024,2024/11/14,5,8.0,Delayed,4802,13084.63,37332,24247.37
SHP_102056,SO_102185,WH_06,Sea,09-05-2024,2024/05/17,7,8.0,Delayed,3501,6858.03,20896,14037.97
SHP_102057,SO_105792,WH_09,Rail,27-12-2024,2025/01/06,4,10.0,Delayed,2221,5236.86,20560,15323.14
SHP_102058,SO_107251,WH_07,Sea,17-01-2024,2024/01/20,5,3.0,On Time,3194,8142.93,38964,30821.07
SHP_102059,SO_102695,WH_03,Rail,02-04-2024,2024/04/08,4,6.0,Delayed,4034,5170.87,18016,12845.13
SHP_102060,SO_101384,WH_10,Sea,06-08-2024,2024/08/13,6,7.0,Delayed,2961,12396.85,37367,24970.15
SHP_102061,SO_105285,WH_06,Sea,05-05-2024,2024/05/14,6,9.0,Delayed,4317,10272.06,26821,16548.94
SHP_102062,SO_102702,WH_06,Air,03-12-2024,2024/12/06,3,3.0,On Time,2059,11643.62,36732,25088.38
SHP_102063,SO_103894,WH_11,Road,04-12-2024,2024/12/09,6,5.0,On Time,1867,8383.47,32306,23922.53
SHP_102064,SO_107089,WH_02,Road,13-12-2024,2024/12/19,4,6.0,Delayed,4238,12655.64,38083,25427.36
SHP_102065,SO_104766,WH_15,Road,16-03-2024,2024/03/22,7,6.0,On Time,2313,10401.19,48646,38244.81
SHP_102066,SO_102956,WH_05,Sea,08-10-2024,2024/10/11,4,3.0,On Time,4226,14556.64,37012,22455.36
SHP_102067,SO_103500,WH_11,Road,13-12-2024,2024/12/18,7,5.0,On Time,1051,4580.16,12028,7447.84
SHP_102068,SO_107355,WH_10,Air,26-04-2024,2024/05/03,6,7.0,Delayed,4599,11048.3,39309,28260.7
SHP_102069,SO_106689,WH_14,Air,14-07-2024,2024/07/21,3,7.0,Delayed,4553,12017.88,34057,22039.12
SHP_102070,SO_104176,WH_08,Air,18-10-2024,2024/10/22,6,4.0,On Time,3992,2991.76,11830,8838.24
SHP_102071,SO_109751,WH_06,Rail,03-05-2024,2024/05/12,7,9.0,Delayed,2210,9187.69,37305,28117.31
SHP_102072,SO_103891,WH_13,Air,11-01-2024,2024/01/19,7,8.0,Delayed,3553,14288.0,38324,24036.0
SHP_102073,SO_100149,WH_06,Sea,19-02-2024,2024/02/23,4,4.0,On Time,3868,9848.35,30712,20863.65
SHP_102074,SO_109313,WH_14,Rail,13-08-2024,2024/08/17,7,4.0,On Time,703,2479.46,9444,6964.54
SHP_102075,SO_107468,WH_10,Rail,16-06-2024,2024/06/25,7,9.0,Delayed,1083,8475.11,39714,31238.89
SHP_102076,SO_100560,WH_13,Road,05-05-2024,2024/05/12,7,7.0,On Time,3929,5648.63,25935,20286.37
SHP_102077,SO_106445,WH_04,Rail,06-03-2024,2024/03/14,7,8.0,Delayed,4340,6974.9,25547,18572.1
SHP_102078,SO_106575,WH_01,Rail,14-02-2024,2024/02/16,3,2.0,On Time,2446,7818.53,33819,26000.47
SHP_102079,SO_102273,WH_03,Sea,04-11-2024,2024/11/12,3,8.0,Delayed,3237,10479.85,30075,19595.15
SHP_102080,SO_102028,WH_01,Air,06-12-2024,2024/12/09,6,3.0,On Time,2303,9228.39,42379,33150.61
SHP_102081,SO_103624,WH_13,Rail,15-10-2024,2024/10/22,3,7.0,Delayed,4542,7179.03,19733,12553.97
SHP_102082,SO_102951,WH_14,Sea,04-01-2024,2024/01/07,5,3.0,On Time,1916,7925.11,36877,28951.89
SHP_102083,SO_108034,WH_09,Rail,16-09-2024,2024/09/25,3,9.0,Delayed,936,4463.02,15780,11316.98
SHP_102084,SO_105634,WH_12,Road,31-05-2024,2024/06/09,5,9.0,Delayed,2415,10949.62,42806,31856.38
SHP_102085,SO_103739,WH_05,Road,01-09-2024,2024/09/09,5,8.0,Delayed,258,12890.71,43782,30891.29
SHP_102086,SO_104161,WH_13,Road,30-11-2024,2024/12/10,4,10.0,Delayed,875,6125.4,20692,14566.6
SHP_102087,SO_101632,WH_09,Rail,25-04-2024,2024/04/28,7,3.0,On Time,960,11993.14,48463,36469.86
SHP_102088,SO_100352,WH_08,Sea,20-07-2024,2024/07/27,5,7.0,Delayed,1104,4010.71,11459,7448.29
SHP_102089,SO_109245,WH_15,Air,05-09-2024,2024/09/09,3,4.0,Delayed,979,9726.11,28473,18746.89
SHP_102090,SO_106759,WH_05,Sea,26-12-2024,2024/12/29,6,3.0,On Time,3880,9968.96,45594,35625.04
SHP_102091,SO_104382,WH_06,Sea,04-12-2024,2024/12/11,4,7.0,Delayed,4598,2055.95,6199,4143.05
SHP_102092,SO_106309,WH_08,Air,12-05-2024,2024/05/16,6,4.0,On Time,2635,15877.87,43094,27216.13
SHP_102093,SO_103731,WH_07,Sea,19-11-2024,2024/11/24,5,5.0,On Time,4144,10268.16,31987,21718.84
SHP_102094,SO_100267,WH_01,Sea,02-10-2024,2024/10/12,5,10.0,Delayed,2884,3282.42,12412,9129.58
SHP_102095,SO_108161,WH_03,Air,03-02-2024,2024/02/06,7,3.0,On Time,399,7751.64,24343,16591.36
SHP_102096,SO_102361,WH_05,Sea,04-06-2024,2024/06/06,7,2.0,On Time,3455,11741.57,49498,37756.43
SHP_102097,SO_105281,WH_11,Road,13-03-2024,2024/03/22,4,9.0,Delayed,4983,12664.97,41209,28544.03
SHP_102098,SO_101492,WH_13,Road,17-03-2024,2024/03/24,7,7.0,On Time,2123,2657.36,12955,10297.64
SHP_102099,SO_104565,WH_01,Air,10-05-2024,2024/05/15,7,5.0,On Time,3838,8333.32,25244,16910.68
SHP_102100,SO_107101,WH_04,Rail,26-07-2024,2024/08/01,6,6.0,On Time,3263,-9586.18,32566,42152.18
SHP_102101,SO_108118,WH_15,Rail,09-10-2024,2024/10/19,6,10.0,Delayed,1249,4769.75,14696,9926.25
SHP_102102,SO_105556,WH_13,Air,04-11-2024,2024/11/09,3,5.0,Delayed,3968,9591.51,42497,32905.49
SHP_102103,SO_107604,WH_05,Sea,05-05-2024,2024/05/11,5,6.0,Delayed,2869,5579.57,18774,13194.43
SHP_102104,SO_103114,WH_15,Road,05-08-2024,2024/08/14,5,9.0,Delayed,4738,13349.34,34385,21035.66
SHP_102105,SO_101937,WH_04,Air,23-06-2024,2024/07/03,3,10.0,Delayed,1504,2052.75,9736,7683.25
SHP_102106,SO_102456,WH_03,Road,17-02-2024,2024/02/20,7,3.0,On Time,1173,2148.92,8973,6824.08
SHP_102107,SO_101042,WH_11,Road,04-01-2024,2024/01/10,4,6.0,Delayed,1815,6146.97,21558,15411.03
SHP_102108,SO_108661,WH_10,Road,26-05-2024,2024/05/29,5,3.0,On Time,1209,11638.38,33958,22319.62
SHP_102109,SO_105829,WH_10,Sea,09-12-2024,2024/12/15,3,6.0,Delayed,1943,11765.39,39651,27885.61
SHP_102110,SO_102406,WH_12,Road,04-03-2024,2024/03/13,3,9.0,Delayed,4992,5936.7,15634,9697.3
SHP_102111,SO_101532,WH_01,Sea,12-07-2024,2024/07/15,6,3.0,On Time,3989,-7027.63,33928,40955.63
SHP_102112,SO_101180,WH_13,Air,30-07-2024,2024/08/02,7,3.0,On Time,4458,18418.87,49647,31228.13
SHP_102113,SO_104309,WH_10,Air,07-08-2024,2024/08/16,4,9.0,Delayed,4823,-15177.23,38979,54156.23
SHP_102114,SO_106604,WH_11,Sea,12-08-2024,2024/08/20,4,8.0,Delayed,4395,6224.82,27281,21056.18
SHP_102115,SO_106567,WH_10,Road,03-11-2024,2024/11/08,5,5.0,On Time,419,10566.05,36269,25702.95
SHP_102116,SO_106052,WH_05,Sea,13-10-2024,2024/10/22,7,9.0,Delayed,4931,8292.1,30388,22095.9
SHP_102117,SO_106358,WH_07,Sea,20-07-2024,2024/07/29,3,9.0,Delayed,1089,14044.83,47328,33283.17
SHP_102118,SO_100724,WH_06,Air,03-03-2024,2024/03/11,5,8.0,Delayed,3837,8408.13,35818,27409.87
SHP_102119,SO_108051,WH_02,Rail,30-05-2024,2024/06/03,7,4.0,On Time,4589,3841.37,16587,12745.63
SHP_102120,SO_100569,WH_06,Rail,07-02-2024,2024/02/16,7,9.0,Delayed,1271,9168.36,31894,22725.64
SHP_102121,SO_103897,WH_05,Air,08-09-2024,2024/09/11,5,3.0,On Time,596,1734.63,8224,6489.37
SHP_102122,SO_103858,WH_06,Air,19-03-2024,2024/03/22,7,3.0,On Time,281,2834.32,8044,5209.68
SHP_102123,SO_108406,WH_11,Road,31-01-2024,2024/02/07,7,7.0,On Time,2082,13092.53,39629,26536.47
SHP_102124,SO_102910,WH_12,Air,17-02-2024,2024/02/26,6,9.0,Delayed,3739,3654.68,11888,8233.32
SHP_102125,SO_103300,WH_02,Rail,14-01-2024,2024/01/21,6,7.0,Delayed,2667,1631.34,7829,6197.66
SHP_102126,SO_107254,WH_01,Rail,29-05-2024,2024/06/05,7,7.0,On Time,3419,11966.31,45806,33839.69
SHP_102127,SO_108453,WH_03,Rail,14-06-2024,2024/06/20,4,6.0,Delayed,1835,5984.7,16519,10534.3
SHP_102128,SO_108641,WH_06,Rail,13-11-2024,2024/11/20,7,7.0,On Time,1438,10216.85,31784,21567.15
SHP_102129,SO_103599,WH_11,Road,11-12-2024,2024/12/17,5,6.0,Delayed,2750,7115.89,20043,12927.11
SHP_102130,SO_103655,WH_13,Sea,24-03-2024,2024/03/31,3,7.0,Delayed,4619,-14343.49,48186,62529.49
SHP_102131,SO_105701,WH_07,Road,10-03-2024,2024/03/14,5,4.0,On Time,1442,4486.2,20662,16175.8
SHP_102132,SO_104662,WH_09,Sea,26-01-2024,2024/02/05,6,10.0,Delayed,553,6559.02,17545,10985.98
SHP_102133,SO_101300,WH_09,Air,13-11-2024,2024/11/23,3,10.0,Delayed,417,7400.94,23895,16494.06
SHP_102134,SO_108328,WH_14,Air,28-03-2024,2024/04/06,3,9.0,Delayed,1667,5177.9,17374,12196.1
SHP_102135,SO_104840,WH_05,Air,23-09-2024,2024/09/30,7,7.0,On Time,271,2240.34,5704,3463.66
SHP_102136,SO_108096,WH_13,Road,17-06-2024,2024/06/21,4,4.0,On Time,463,15946.8,45500,29553.2
SHP_102137,SO_104187,WH_14,Air,16-12-2024,2024/12/26,5,10.0,Delayed,937,3038.72,10718,7679.28
SHP_102138,SO_103699,WH_14,Rail,28-09-2024,2024/10/02,4,4.0,On Time,554,6455.55,17548,11092.45
SHP_102139,SO_109610,WH_01,Rail,27-08-2024,2024/09/02,4,6.0,Delayed,4320,12143.77,43151,31007.23
SHP_102140,SO_103650,WH_11,Sea,29-06-2024,2024/07/02,7,3.0,On Time,2590,4203.42,11996,7792.58
SHP_102141,SO_108953,WH_15,Rail,31-08-2024,2024/09/10,7,10.0,Delayed,2707,7482.77,20251,12768.23
SHP_102142,SO_109770,WH_05,Road,18-02-2024,2024/02/22,6,4.0,On Time,2739,4784.58,14261,9476.42
SHP_102143,SO_101209,WH_04,Sea,03-11-2024,2024/11/05,3,2.0,On Time,786,5406.64,21114,15707.36
SHP_102144,SO_100481,WH_10,Sea,28-01-2024,2024/02/04,4,7.0,Delayed,3832,10059.07,33237,23177.93
SHP_102145,SO_103099,WH_09,Sea,09-05-2024,2024/05/17,3,8.0,Delayed,2532,8644.34,36193,27548.66
SHP_102146,SO_103694,WH_02,Rail,07-07-2024,2024/07/14,5,7.0,Delayed,1308,6357.88,22658,16300.12
SHP_102147,SO_106260,WH_13,Sea,15-03-2024,2024/03/19,7,4.0,On Time,2353,7542.61,31765,24222.39
SHP_102148,SO_106694,WH_11,Sea,11-05-2024,2024/05/13,6,2.0,On Time,2303,14130.68,43087,28956.32
SHP_102149,SO_108857,WH_06,Rail,15-01-2024,2024/01/23,4,,Delayed,4153,14452.23,42931,28478.77
SHP_102150,SO_106424,WH_10,Sea,23-11-2024,2024/11/29,3,6.0,Delayed,343,8014.65,30222,22207.35
SHP_102151,SO_107953,WH_10,Rail,21-08-2024,2024/08/27,5,6.0,Delayed,4135,4849.66,16607,11757.34
SHP_102152,SO_102884,WH_07,Air,26-04-2024,2024/04/29,3,3.0,On Time,2765,-19136.15,49546,68682.15
SHP_102153,SO_109573,WH_11,Rail,04-05-2024,2024/05/06,3,2.0,On Time,1117,3197.44,11994,8796.56
SHP_102154,SO_106863,WH_14,Air,20-04-2024,2024/04/26,4,6.0,Delayed,2921,10360.73,33531,23170.27
SHP_102155,SO_106406,WH_08,Rail,27-02-2024,2024/03/02,5,4.0,On Time,3734,1784.81,8655,6870.19
SHP_102156,SO_109632,WH_12,Road,25-02-2024,2024/02/27,7,2.0,On Time,3785,5440.29,17468,12027.71
SHP_102157,SO_109440,WH_02,Rail,27-04-2024,2024/05/05,5,8.0,Delayed,4993,10683.3,41803,31119.7
SHP_102158,SO_109980,WH_01,Sea,28-06-2024,2024/07/07,7,9.0,Delayed,2455,9785.56,30822,21036.44
SHP_102159,SO_105711,WH_05,Road,26-12-2024,2024/12/30,6,4.0,On Time,1405,5261.47,13396,8134.53
SHP_102160,SO_109694,WH_13,Air,13-10-2024,2024/10/20,6,7.0,Delayed,3191,6453.8,17720,11266.2
SHP_102161,SO_107621,WH_11,Road,29-01-2024,2024/02/07,6,9.0,Delayed,1489,10406.49,42099,31692.51
SHP_102162,SO_109261,WH_15,Rail,06-05-2024,2024/05/10,7,4.0,On Time,1868,15091.61,42275,27183.39
SHP_102163,SO_101511,WH_09,Rail,18-12-2024,2024/12/22,5,4.0,On Time,4490,8470.26,24464,15993.74
SHP_102164,SO_102579,WH_15,Road,22-01-2024,2024/02/01,7,10.0,Delayed,3057,9247.38,29295,20047.62
SHP_102165,SO_100717,WH_10,Sea,02-06-2024,2024/06/08,4,6.0,Delayed,1485,13907.75,39742,25834.25
SHP_102166,SO_102376,WH_05,Road,28-11-2024,2024/11/30,7,2.0,On Time,2403,4106.92,15877,11770.08
SHP_102167,SO_106161,WH_09,Road,04-07-2024,2024/07/09,6,5.0,On Time,3798,4730.61,19739,15008.39
SHP_102168,SO_101079,WH_04,Rail,08-02-2024,2024/02/15,5,7.0,Delayed,2010,2203.4,7712,5508.6
SHP_102169,SO_104000,WH_03,Sea,26-11-2024,2024/12/01,6,5.0,On Time,3213,-9538.4,46203,55741.4
SHP_102170,SO_101118,WH_14,Road,04-08-2024,2024/08/13,7,9.0,Delayed,1537,14210.04,49580,35369.96
SHP_102171,SO_108873,WH_02,Air,30-01-2024,2024/02/03,4,4.0,On Time,1897,7877.87,35391,27513.13
SHP_102172,SO_107131,WH_08,Rail,18-05-2024,2024/05/23,6,5.0,On Time,4111,11836.9,35180,23343.1
SHP_102173,SO_108636,WH_15,Air,08-09-2024,2024/09/16,7,8.0,Delayed,400,17362.77,47396,30033.23
SHP_102174,SO_102585,WH_02,Air,18-09-2024,2024/09/25,7,7.0,On Time,2943,8907.32,26731,17823.68
SHP_102175,SO_103536,WH_10,Sea,31-03-2024,2024/04/05,4,5.0,Delayed,4980,8669.14,25254,16584.86
SHP_102176,SO_101402,WH_06,Sea,10-09-2024,2024/09/20,4,10.0,Delayed,4514,2661.54,10847,8185.46
SHP_102177,SO_106518,WH_09,Air,01-07-2024,2024/07/05,7,4.0,On Time,3738,2125.16,8199,6073.84
SHP_102178,SO_105844,WH_05,Air,18-06-2024,2024/06/25,4,7.0,Delayed,880,-7322.89,19873,27195.89
SHP_102179,SO_105841,WH_02,Air,21-09-2024,2024/10/01,6,10.0,Delayed,4006,2617.49,12724,10106.51
SHP_102180,SO_107197,WH_04,Air,22-03-2024,2024/04/01,6,10.0,Delayed,4849,8659.74,25521,16861.26
SHP_102181,SO_103630,WH_04,Rail,24-10-2024,2024/11/03,5,10.0,Delayed,3178,3069.4,12364,9294.6
SHP_102182,SO_104775,WH_15,Air,04-09-2024,2024/09/13,3,9.0,Delayed,981,4312.27,13269,8956.73
SHP_102183,SO_108603,WH_11,Rail,16-05-2024,2024/05/22,4,6.0,Delayed,3962,8103.36,29083,20979.64
SHP_102184,SO_100511,WH_10,Sea,13-05-2024,2024/05/18,6,5.0,On Time,485,13761.78,38879,25117.22
SHP_102185,SO_109438,WH_03,Air,25-07-2024,2024/07/31,7,6.0,On Time,4019,10317.22,28048,17730.78
SHP_102186,SO_105710,WH_07,Air,11-09-2024,2024/09/13,4,2.0,On Time,3515,8842.05,29568,20725.95
SHP_102187,SO_103787,WH_11,Sea,24-07-2024,2024/07/27,6,3.0,On Time,229,7394.5,26187,18792.5
SHP_102188,SO_106081,WH_08,Air,01-10-2024,2024/10/06,7,5.0,On Time,3757,10818.05,29590,18771.95
SHP_102189,SO_107951,WH_03,Air,04-09-2024,2024/09/07,3,3.0,On Time,453,6498.51,23118,16619.49
SHP_102190,SO_108131,WH_02,Rail,23-07-2024,2024/07/27,3,4.0,Delayed,552,12386.15,40599,28212.85
SHP_102191,SO_104021,WH_12,Sea,06-05-2024,2024/05/15,6,9.0,Delayed,3997,-11093.04,36860,47953.04
SHP_102192,SO_107390,WH_08,Rail,21-05-2024,2024/05/23,6,2.0,On Time,543,10776.67,27195,16418.33
SHP_102193,SO_104557,WH_08,Air,11-07-2024,2024/07/14,4,3.0,On Time,3843,8892.81,23667,14774.19
SHP_102194,SO_106874,WH_05,Rail,15-12-2024,2024/12/25,6,10.0,Delayed,3699,2439.96,10947,8507.04
SHP_102195,SO_106172,WH_05,Road,10-06-2024,2024/06/12,6,2.0,On Time,1899,-11627.8,31968,43595.8
SHP_102196,SO_108371,WH_02,Road,12-06-2024,2024/06/19,5,7.0,Delayed,3858,1960.53,6434,4473.47
SHP_102197,SO_107797,WH_11,Sea,28-03-2024,2024/04/07,5,10.0,Delayed,4479,14101.35,42682,28580.65
SHP_102198,SO_109349,WH_08,Rail,04-03-2024,2024/03/14,3,10.0,Delayed,3836,5208.96,14397,9188.04
SHP_102199,SO_105835,WH_06,Sea,30-07-2024,2024/08/03,5,4.0,On Time,1034,10964.38,40864,29899.62
SHP_102200,SO_107151,WH_04,Rail,04-11-2024,2024/11/08,3,4.0,Delayed,466,10705.97,29755,19049.03
SHP_102201,SO_106790,WH_02,Air,28-09-2024,2024/10/04,4,6.0,Delayed,983,14855.41,42654,27798.59
SHP_102202,SO_105974,WH_14,Air,19-02-2024,2024/02/24,7,5.0,On Time,1202,3858.85,11789,7930.15
SHP_102203,SO_109303,WH_05,Road,12-05-2024,2024/05/18,4,6.0,Delayed,2878,4014.01,14530,10515.99
SHP_102204,SO_104466,WH_12,Rail,18-03-2024,2024/03/22,6,4.0,On Time,1974,3240.27,15905,12664.73
SHP_102205,SO_103601,WH_01,Sea,28-06-2024,2024/06/30,7,2.0,On Time,4057,-12312.59,34236,46548.59
SHP_102206,SO_107448,WH_15,Air,01-11-2024,2024/11/10,7,9.0,Delayed,1749,7446.16,29628,22181.84
SHP_102207,SO_100070,WH_10,Rail,10-08-2024,2024/08/19,7,9.0,Delayed,1968,6563.86,19049,12485.14
SHP_102208,SO_102584,WH_06,Road,19-11-2024,2024/11/21,5,2.0,On Time,2768,13353.96,48433,35079.04
SHP_102209,SO_103500,WH_09,Rail,12-09-2024,2024/09/22,7,10.0,Delayed,1876,8052.78,33877,25824.22
SHP_102210,SO_108591,WH_03,Road,07-08-2024,2024/08/17,3,10.0,Delayed,3318,15157.84,42360,27202.16
SHP_102211,SO_107828,WH_13,Air,11-05-2024,2024/05/15,5,4.0,On Time,4865,3713.34,11566,7852.66
SHP_102212,SO_105044,WH_01,Sea,24-02-2024,2024/03/04,5,9.0,Delayed,4003,9347.19,28438,19090.81
SHP_102213,SO_109145,WH_08,Rail,06-07-2024,2024/07/15,5,9.0,Delayed,4353,10294.93,26189,15894.07
SHP_102214,SO_100162,WH_12,Rail,05-05-2024,2024/05/11,7,6.0,On Time,1715,17087.06,47325,30237.94
SHP_102215,SO_106260,WH_04,Rail,02-09-2024,2024/09/12,5,10.0,Delayed,1897,7233.22,21306,14072.78
SHP_102216,SO_104536,WH_13,Rail,20-07-2024,2024/07/25,7,5.0,On Time,1816,3436.83,14096,10659.17
SHP_102217,SO_106370,WH_05,Rail,24-11-2024,2024/11/26,6,2.0,On Time,2538,5233.96,25710,20476.04
SHP_102218,SO_103952,WH_10,Sea,19-08-2024,2024/08/23,6,4.0,On Time,4149,9721.2,28881,19159.8
SHP_102219,SO_107387,WH_15,Road,24-06-2024,2024/07/03,3,9.0,Delayed,1484,5234.92,14669,9434.08
SHP_102220,SO_109891,WH_02,Sea,03-01-2024,2024/01/11,4,8.0,Delayed,4600,6573.24,27365,20791.76
SHP_102221,SO_108588,WH_04,Sea,08-03-2024,2024/03/17,5,9.0,Delayed,1488,9830.09,37869,28038.91
SHP_102222,SO_100571,WH_09,Sea,29-05-2024,2024/06/08,5,10.0,Delayed,3736,3578.82,17731,14152.18
SHP_102223,SO_105914,WH_14,Air,24-01-2024,2024/01/28,6,4.0,On Time,467,11114.93,40770,29655.07
SHP_102224,SO_104184,WH_05,Rail,07-12-2024,2024/12/16,5,9.0,Delayed,1742,9439.79,43044,33604.21
SHP_102225,SO_108579,WH_03,Air,07-07-2024,2024/07/15,5,8.0,Delayed,4768,11331.36,43827,32495.64
SHP_102226,SO_103309,WH_12,Road,27-12-2024,2025/01/04,6,8.0,Delayed,4190,9725.38,26996,17270.62
SHP_102227,SO_105244,WH_11,Road,15-08-2024,2024/08/22,5,7.0,Delayed,2728,17151.11,44707,27555.89
SHP_102228,SO_101896,WH_03,Road,24-12-2024,2024/12/28,3,4.0,Delayed,3471,5536.78,22393,16856.22
SHP_102229,SO_100826,WH_05,Road,12-10-2024,2024/10/16,7,4.0,On Time,2498,-2593.2,7130,9723.2
SHP_102230,SO_106759,WH_04,Air,23-05-2024,2024/05/25,6,2.0,On Time,261,5203.2,21402,16198.8
SHP_102231,SO_102263,WH_10,Rail,06-11-2024,2024/11/16,3,10.0,Delayed,917,1154.87,5160,4005.13
SHP_102232,SO_105279,WH_12,Air,10-05-2024,2024/05/16,5,6.0,Delayed,2100,3288.99,8802,5513.01
SHP_102233,SO_103326,WH_02,Sea,18-12-2024,2024/12/21,3,3.0,On Time,4700,13892.1,42084,28191.9
SHP_102234,SO_100512,WH_13,Sea,09-06-2024,2024/06/19,3,10.0,Delayed,4371,4130.4,13069,8938.6
SHP_102235,SO_103523,WH_06,Road,09-09-2024,2024/09/13,6,4.0,On Time,3763,8147.48,28648,20500.52
SHP_102236,SO_107365,WH_11,Air,20-12-2024,2024/12/27,6,7.0,Delayed,2575,10924.97,28968,18043.03
SHP_102237,SO_104987,WH_15,Air,13-10-2024,2024/10/17,5,4.0,On Time,280,8127.33,35627,27499.67
SHP_102238,SO_108176,WH_01,Rail,25-09-2024,2024/10/03,4,8.0,Delayed,456,12240.77,36827,24586.23
SHP_102239,SO_104956,WH_05,Air,28-10-2024,2024/11/07,4,10.0,Delayed,4819,6642.62,25483,18840.38
SHP_102240,SO_103758,WH_09,Rail,29-03-2024,2024/04/01,5,3.0,On Time,2444,12652.81,41293,28640.19
SHP_102241,SO_104390,WH_14,Air,21-10-2024,2024/10/30,3,9.0,Delayed,4077,15813.1,48829,33015.9
SHP_102242,SO_106576,WH_15,Rail,14-02-2024,2024/02/24,4,10.0,Delayed,4559,8959.33,39471,30511.67
SHP_102243,SO_101460,WH_05,Sea,14-05-2024,2024/05/19,6,5.0,On Time,2241,5152.92,22892,17739.08
SHP_102244,SO_102124,WH_10,Rail,07-07-2024,2024/07/16,6,9.0,Delayed,1693,4986.64,23525,18538.36
SHP_102245,SO_108756,WH_02,Air,13-01-2024,2024/01/20,7,7.0,On Time,751,4019.74,12216,8196.26
SHP_102246,SO_105079,WH_09,Air,08-10-2024,2024/10/10,7,2.0,On Time,3747,12192.44,40920,28727.56
SHP_102247,SO_100809,WH_09,Road,02-08-2024,2024/08/08,6,6.0,On Time,3982,4646.61,18518,13871.39
SHP_102248,SO_109712,WH_04,Air,12-06-2024,2024/06/18,4,6.0,Delayed,3631,4460.34,11732,7271.66
SHP_102249,SO_104884,WH_09,Road,12-09-2024,2024/09/17,3,5.0,Delayed,4439,3619.3,14380,10760.7
SHP_102250,SO_107398,WH_13,Sea,20-08-2024,2024/08/25,5,5.0,On Time,1145,-1656.87,5776,7432.87
SHP_102251,SO_100803,WH_08,Sea,02-07-2024,2024/07/12,6,10.0,Delayed,1629,9564.32,26287,16722.68
SHP_102252,SO_109270,WH_06,Sea,24-06-2024,2024/07/02,6,8.0,Delayed,1457,4339.39,18080,13740.61
SHP_102253,SO_100243,WH_07,Air,10-08-2024,2024/08/13,6,3.0,On Time,1972,6274.45,16817,10542.55
SHP_102254,SO_105706,WH_10,Road,15-03-2024,2024/03/18,5,3.0,On Time,306,4859.42,22103,17243.58
SHP_102255,SO_108253,WH_08,Air,27-01-2024,2024/02/06,7,10.0,Delayed,4137,2274.7,8561,6286.3
SHP_102256,SO_108566,WH_03,Air,20-01-2024,2024/01/24,3,4.0,Delayed,1370,4249.81,18929,14679.19
SHP_102257,SO_109102,WH_13,Air,02-07-2024,2024/07/08,6,6.0,On Time,2779,6763.86,28320,21556.14
SHP_102258,SO_103727,WH_07,Air,11-03-2024,2024/03/16,3,5.0,Delayed,2869,4440.78,21271,16830.22
SHP_102259,SO_105044,WH_15,Rail,20-06-2024,2024/06/28,3,8.0,Delayed,1454,5832.6,16914,11081.4
SHP_102260,SO_106172,WH_07,Rail,12-07-2024,2024/07/19,5,7.0,Delayed,574,9292.52,40649,31356.48
SHP_102261,SO_103848,WH_11,Road,03-03-2024,2024/03/11,6,8.0,Delayed,4354,6248.13,25446,19197.87
SHP_102262,SO_108713,WH_08,Sea,18-01-2024,2024/01/26,3,8.0,Delayed,3532,16262.5,43690,27427.5
SHP_102263,SO_105517,WH_04,Air,29-07-2024,2024/08/02,3,4.0,Delayed,3842,7927.93,20199,12271.07
SHP_102264,SO_107121,WH_13,Road,03-01-2024,2024/01/10,6,7.0,Delayed,2514,10414.98,45290,34875.02
SHP_102265,SO_102311,WH_06,Sea,14-11-2024,2024/11/16,5,2.0,On Time,2746,12198.53,37421,25222.47
SHP_102266,SO_103241,WH_10,Air,10-02-2024,2024/02/15,6,5.0,On Time,4610,4179.29,19910,15730.71
SHP_102267,SO_108613,WH_10,Air,23-06-2024,2024/07/01,6,8.0,Delayed,579,10306.21,30531,20224.79
SHP_102268,SO_105017,WH_09,Road,06-05-2024,2024/05/12,5,6.0,Delayed,3050,13980.22,43787,29806.78
SHP_102269,SO_103707,WH_14,Road,12-06-2024,2024/06/15,7,3.0,On Time,1201,9195.38,42167,32971.62
SHP_102270,SO_101750,WH_12,Sea,20-09-2024,2024/09/28,3,8.0,Delayed,1009,18459.95,47336,28876.05
SHP_102271,SO_102856,WH_09,Sea,30-11-2024,2024/12/03,5,3.0,On Time,3361,2834.83,13433,10598.17
SHP_102272,SO_102833,WH_03,Road,19-02-2024,2024/02/27,7,,Delayed,632,14303.85,48262,33958.15
SHP_102273,SO_108075,WH_12,Air,18-08-2024,2024/08/23,4,5.0,Delayed,553,11572.5,45135,33562.5
SHP_102274,SO_109808,WH_10,Air,18-03-2024,2024/03/27,6,9.0,Delayed,4155,8620.27,27254,18633.73
SHP_102275,SO_102774,WH_06,Sea,03-08-2024,2024/08/05,3,2.0,On Time,2962,7714.78,24015,16300.22
SHP_102276,SO_106549,WH_01,Road,11-12-2024,2024/12/15,7,4.0,On Time,4287,3021.49,12361,9339.51
SHP_102277,SO_104859,WH_02,Sea,06-03-2024,2024/03/11,3,5.0,Delayed,3779,11098.45,31421,20322.55
SHP_102278,SO_104213,WH_15,Rail,12-07-2024,2024/07/15,7,3.0,On Time,4090,10861.89,41159,30297.11
SHP_102279,SO_101161,WH_03,Air,25-06-2024,2024/07/01,4,6.0,Delayed,501,1959.22,7840,5880.78
SHP_102280,SO_108913,WH_06,Rail,26-08-2024,2024/08/31,6,,Delayed,1768,13159.23,48797,35637.77
SHP_102281,SO_107187,WH_13,Air,24-02-2024,2024/02/26,4,2.0,On Time,3881,10417.21,41833,31415.79
SHP_102282,SO_105064,WH_08,Rail,10-09-2024,2024/09/13,5,3.0,On Time,2038,5362.09,17395,12032.91
SHP_102283,SO_107014,WH_03,Road,16-06-2024,2024/06/26,3,10.0,Delayed,770,16013.73,43005,26991.27
SHP_102284,SO_102039,WH_09,Rail,15-03-2024,2024/03/17,4,2.0,On Time,4044,5834.66,16015,10180.34
SHP_102285,SO_104087,WH_15,Road,27-11-2024,2024/12/02,6,5.0,On Time,3167,14264.78,46488,32223.22
SHP_102286,SO_102868,WH_05,Air,09-12-2024,2024/12/18,6,9.0,Delayed,3650,6871.53,24076,17204.47
SHP_102287,SO_101638,WH_09,Sea,06-01-2024,2024/01/16,7,10.0,Delayed,539,4704.24,13420,8715.76
SHP_102288,SO_103437,WH_11,Sea,25-12-2024,2024/12/29,7,4.0,On Time,277,3399.05,10271,6871.95
SHP_102289,SO_107427,WH_11,Air,21-04-2024,2024/04/27,6,6.0,On Time,1110,4928.29,16613,11684.71
SHP_102290,SO_107869,WH_04,Road,24-09-2024,2024/09/29,6,5.0,On Time,3417,6956.72,30026,23069.28
SHP_102291,SO_107481,WH_08,Rail,03-04-2024,2024/04/09,3,6.0,Delayed,4853,18470.38,47052,28581.62
SHP_102292,SO_108395,WH_09,Sea,08-06-2024,2024/06/13,5,5.0,On Time,246,6915.57,24320,17404.43
SHP_102293,SO_103697,WH_05,Road,20-09-2024,2024/09/28,3,8.0,Delayed,975,15304.82,48601,33296.18
SHP_102294,SO_109001,WH_01,Sea,07-01-2024,2024/01/13,5,6.0,Delayed,1476,1556.53,7223,5666.47
SHP_102295,SO_109178,WH_03,Sea,04-08-2024,2024/08/07,4,3.0,On Time,2533,12671.66,31763,19091.34
SHP_102296,SO_104595,WH_15,Sea,14-08-2024,2024/08/24,6,,Delayed,1770,7612.2,35625,28012.8
SHP_102297,SO_108499,WH_01,Air,15-07-2024,2024/07/17,6,2.0,On Time,2207,1855.0,9252,7397.0
SHP_102298,SO_108261,WH_13,Sea,29-05-2024,2024/06/01,7,3.0,On Time,2302,2256.93,7347,5090.07
SHP_102299,SO_103598,WH_01,Road,26-11-2024,2024/12/06,4,10.0,Delayed,4398,16098.43,42416,26317.57
SHP_102300,SO_103638,WH_14,Rail,26-08-2024,2024/08/29,7,3.0,On Time,2575,4842.1,12276,7433.9
SHP_102301,SO_105200,WH_02,Road,15-12-2024,2024/12/17,5,2.0,On Time,4861,9476.03,37969,28492.97
SHP_102302,SO_100943,WH_01,Road,02-07-2024,2024/07/07,4,5.0,Delayed,3852,4918.66,21521,16602.34
SHP_102303,SO_100621,WH_05,Air,10-01-2024,2024/01/18,3,,Delayed,4448,5305.35,24010,18704.65
SHP_102304,SO_106115,WH_09,Sea,08-05-2024,2024/05/18,4,10.0,Delayed,2520,12798.52,33218,20419.48
SHP_102305,SO_101299,WH_04,Road,09-05-2024,2024/05/11,7,2.0,On Time,2910,8551.3,36436,27884.7
SHP_102306,SO_109896,WH_09,Road,23-07-2024,2024/07/27,3,4.0,Delayed,4917,10332.24,36172,25839.76
SHP_102307,SO_104108,WH_11,Air,26-11-2024,2024/11/29,4,3.0,On Time,1892,12326.76,39034,26707.24
SHP_102308,SO_108863,WH_08,Sea,14-09-2024,2024/09/19,4,5.0,Delayed,1454,4728.57,20283,15554.43
SHP_102309,SO_109378,WH_15,Rail,31-08-2024,2024/09/07,4,7.0,Delayed,3303,4251.47,11426,7174.53
SHP_102310,SO_103894,WH_05,Rail,22-08-2024,2024/08/28,4,6.0,Delayed,4136,11527.39,31274,19746.61
SHP_102311,SO_108381,WH_06,Sea,10-09-2024,2024/09/20,4,10.0,Delayed,3435,11289.3,30653,19363.7
SHP_102312,SO_104413,WH_11,Air,21-04-2024,2024/04/26,7,5.0,On Time,2282,3814.06,15508,11693.94
SHP_102313,SO_109143,WH_07,Sea,15-02-2024,2024/02/21,7,6.0,On Time,2389,-11140.18,43663,54803.18
SHP_102314,SO_101655,WH_14,Air,31-05-2024,2024/06/04,4,4.0,On Time,677,7339.46,20992,13652.54
SHP_102315,SO_103468,WH_14,Road,20-05-2024,2024/05/24,5,4.0,On Time,1957,4840.14,18695,13854.86
SHP_102316,SO_106060,WH_07,Road,04-12-2024,2024/12/07,6,3.0,On Time,3646,14154.48,37922,23767.52
SHP_102317,SO_108955,WH_15,Rail,18-09-2024,2024/09/20,3,2.0,On Time,1126,3361.58,16460,13098.42
SHP_102318,SO_106863,WH_06,Air,12-09-2024,2024/09/18,3,6.0,Delayed,4184,14685.98,47004,32318.02
SHP_102319,SO_103713,WH_09,Air,05-03-2024,2024/03/12,6,7.0,Delayed,3561,15042.25,44815,29772.75
SHP_102320,SO_104578,WH_03,Sea,07-08-2024,2024/08/13,6,6.0,On Time,2848,18479.27,47848,29368.73
SHP_102321,SO_103997,WH_13,Rail,13-02-2024,2024/02/21,3,8.0,Delayed,3121,2143.66,6843,4699.34
SHP_102322,SO_100276,WH_14,Road,12-12-2024,2024/12/14,3,2.0,On Time,1364,8577.33,34641,26063.67
SHP_102323,SO_101994,WH_07,Sea,23-07-2024,2024/08/01,7,,Delayed,2858,10204.15,30007,19802.85
SHP_102324,SO_106228,WH_05,Rail,04-05-2024,2024/05/10,4,6.0,Delayed,2411,8809.8,23995,15185.2
SHP_102325,SO_106479,WH_14,Road,28-11-2024,2024/12/07,5,9.0,Delayed,4256,6095.56,26006,19910.44
SHP_102326,SO_109829,WH_09,Sea,07-09-2024,2024/09/17,5,10.0,Delayed,3098,6494.49,17530,11035.51
SHP_102327,SO_101683,WH_13,Rail,25-10-2024,2024/10/29,4,4.0,On Time,3282,18083.07,45965,27881.93
SHP_102328,SO_109503,WH_04,Road,28-10-2024,2024/11/03,4,6.0,Delayed,4320,5083.5,20541,15457.5
SHP_102329,SO_108845,WH_06,Sea,10-11-2024,2024/11/18,7,8.0,Delayed,1063,7999.26,27059,19059.74
SHP_102330,SO_102676,WH_05,Rail,28-12-2024,2025/01/04,5,7.0,Delayed,1694,7315.57,22692,15376.43
SHP_102331,SO_103552,WH_15,Rail,19-04-2024,2024/04/27,3,8.0,Delayed,2361,4306.31,14884,10577.69
SHP_102332,SO_104740,WH_05,Road,17-08-2024,2024/08/24,7,7.0,On Time,798,8802.52,22628,13825.48
SHP_102333,SO_108306,WH_13,Road,16-07-2024,2024/07/23,3,7.0,Delayed,4825,9435.31,27699,18263.69
SHP_102334,SO_102882,WH_11,Sea,24-11-2024,2024/12/04,6,10.0,Delayed,3844,4857.01,20625,15767.99
SHP_102335,SO_103547,WH_01,Rail,11-01-2024,2024/01/20,5,,Delayed,434,14832.6,39175,24342.4
SHP_102336,SO_108934,WH_02,Sea,16-12-2024,2024/12/19,4,3.0,On Time,801,2510.03,8505,5994.97
SHP_102337,SO_108975,WH_07,Sea,03-09-2024,2024/09/09,6,6.0,On Time,1596,7293.91,26908,19614.09
SHP_102338,SO_104788,WH_06,Sea,16-05-2024,2024/05/25,5,9.0,Delayed,3712,5425.86,27023,21597.14
SHP_102339,SO_107625,WH_03,Air,05-03-2024,2024/03/15,6,10.0,Delayed,929,9601.91,24962,15360.09
SHP_102340,SO_103460,WH_03,Sea,04-06-2024,2024/06/11,6,7.0,Delayed,4485,8242.21,38294,30051.79
SHP_102341,SO_106348,WH_06,Sea,09-12-2024,2024/12/18,5,9.0,Delayed,1649,12575.98,32780,20204.02
SHP_102342,SO_102621,WH_13,Sea,26-05-2024,2024/06/05,4,10.0,Delayed,1680,4720.1,14803,10082.9
SHP_102343,SO_109729,WH_12,Sea,19-02-2024,2024/02/23,3,,Delayed,541,7807.49,37265,29457.51
SHP_102344,SO_106106,WH_15,Rail,11-12-2024,2024/12/16,4,5.0,Delayed,4250,5360.22,22702,17341.78
SHP_102345,SO_107887,WH_13,Sea,12-09-2024,2024/09/16,3,4.0,Delayed,2408,5001.71,12657,7655.29
SHP_102346,SO_108921,WH_07,Road,04-08-2024,2024/08/09,3,5.0,Delayed,4853,14124.46,49438,35313.54
SHP_102347,SO_106348,WH_02,Air,21-06-2024,2024/06/23,6,2.0,On Time,2402,4896.08,15221,10324.92
SHP_102348,SO_105541,WH_04,Rail,30-08-2024,2024/09/05,4,6.0,Delayed,683,11153.71,41037,29883.29
SHP_102349,SO_109602,WH_09,Rail,18-04-2024,2024/04/21,5,3.0,On Time,3163,17165.19,44374,27208.81
SHP_102350,SO_100997,WH_01,Air,12-02-2024,2024/02/15,6,3.0,On Time,4108,1935.25,7484,5548.75
SHP_102351,SO_102134,WH_03,Road,03-11-2024,2024/11/10,5,7.0,Delayed,2388,9791.21,31320,21528.79
SHP_102352,SO_108353,WH_14,Rail,05-10-2024,2024/10/07,4,2.0,On Time,1610,11771.25,36973,25201.75
SHP_102353,SO_107389,WH_05,Rail,05-10-2024,2024/10/11,3,6.0,Delayed,4017,3065.81,10674,7608.19
SHP_102354,SO_103859,WH_12,Air,23-11-2024,2024/11/26,6,3.0,On Time,2192,4348.09,19774,15425.91
SHP_102355,SO_108603,WH_07,Sea,30-03-2024,2024/04/08,3,9.0,Delayed,2046,14950.59,46402,31451.41
SHP_102356,SO_100835,WH_11,Rail,23-02-2024,2024/02/28,5,5.0,On Time,4281,15173.92,38338,23164.08
SHP_102357,SO_107751,WH_01,Rail,09-10-2024,2024/10/19,4,10.0,Delayed,4068,7611.82,19364,11752.18
SHP_102358,SO_103007,WH_11,Road,14-06-2024,2024/06/22,5,8.0,Delayed,4280,5134.75,23542,18407.25
SHP_102359,SO_102796,WH_15,Rail,05-04-2024,2024/04/08,3,3.0,On Time,1616,13869.46,36491,22621.54
SHP_102360,SO_101368,WH_03,Road,11-03-2024,2024/03/14,7,3.0,On Time,1782,11367.61,37715,26347.39
SHP_102361,SO_109584,WH_14,Rail,16-01-2024,2024/01/19,6,3.0,On Time,1441,12687.16,35157,22469.84
SHP_102362,SO_101346,WH_11,Sea,22-08-2024,2024/08/28,3,6.0,Delayed,3855,8330.75,30627,22296.25
SHP_102363,SO_105773,WH_01,Road,05-08-2024,2024/08/08,4,3.0,On Time,2741,-8844.54,38353,47197.54
SHP_102364,SO_106950,WH_14,Sea,18-07-2024,2024/07/24,6,6.0,On Time,4665,16066.13,41703,25636.87
SHP_102365,SO_100126,WH_11,Road,21-03-2024,2024/03/24,4,3.0,On Time,3068,10896.12,32121,21224.88
SHP_102366,SO_106259,WH_14,Rail,02-09-2024,2024/09/11,4,9.0,Delayed,3438,6408.82,28827,22418.18
SHP_102367,SO_104001,WH_13,Road,07-12-2024,2024/12/15,6,8.0,Delayed,2055,18246.25,48507,30260.75
SHP_102368,SO_104355,WH_01,Sea,10-08-2024,2024/08/20,3,10.0,Delayed,4099,6142.22,18951,12808.78
SHP_102369,SO_109034,WH_13,Road,13-02-2024,2024/02/22,3,9.0,Delayed,2402,-3103.08,11697,14800.08
SHP_102370,SO_106415,WH_05,Sea,26-09-2024,2024/09/28,3,,Delayed,568,13803.0,39971,26168.0
SHP_102371,SO_102982,WH_01,Air,23-02-2024,2024/02/28,6,5.0,On Time,579,10089.83,47447,37357.17
SHP_102372,SO_105189,WH_14,Road,22-10-2024,2024/10/24,6,2.0,On Time,3619,5076.52,14272,9195.48
SHP_102373,SO_104173,WH_14,Road,11-12-2024,2024/12/21,4,10.0,Delayed,933,3129.35,11728,8598.65
SHP_102374,SO_107457,WH_03,Road,15-04-2024,2024/04/22,7,7.0,On Time,1024,9573.53,26436,16862.47
SHP_102375,SO_108222,WH_08,Rail,10-02-2024,2024/02/12,4,2.0,On Time,4149,9336.13,39496,30159.87
SHP_102376,SO_107135,WH_09,Road,18-04-2024,2024/04/21,5,3.0,On Time,4381,8638.75,29599,20960.25
SHP_102377,SO_104028,WH_03,Road,14-08-2024,2024/08/16,3,2.0,On Time,1532,6285.2,22396,16110.8
SHP_102378,SO_105265,WH_13,Sea,22-09-2024,2024/09/27,4,5.0,Delayed,4705,9498.44,26846,17347.56
SHP_102379,SO_100236,WH_04,Air,26-03-2024,2024/03/29,6,3.0,On Time,3882,9424.98,36092,26667.02
SHP_102380,SO_106807,WH_10,Air,04-11-2024,2024/11/12,5,,Delayed,4466,6944.82,22249,15304.18
SHP_102381,SO_100321,WH_03,Sea,08-09-2024,2024/09/18,5,10.0,Delayed,474,13927.66,44637,30709.34
SHP_102382,SO_104274,WH_15,Rail,30-07-2024,2024/08/02,7,3.0,On Time,2608,8139.34,38988,30848.66
SHP_102383,SO_106054,WH_01,Road,05-10-2024,2024/10/15,6,10.0,Delayed,1319,9558.95,25239,15680.05
SHP_102384,SO_103878,WH_03,Road,17-01-2024,2024/01/23,5,6.0,Delayed,2617,3454.87,15597,12142.13
SHP_102385,SO_103663,WH_07,Rail,12-11-2024,2024/11/18,4,6.0,Delayed,4297,9281.88,33394,24112.12
SHP_102386,SO_100668,WH_09,Sea,03-09-2024,2024/09/10,3,7.0,Delayed,2179,7559.87,21994,14434.13
SHP_102387,SO_102169,WH_09,Road,23-05-2024,2024/05/26,3,3.0,On Time,3190,10372.18,46817,36444.82
SHP_102388,SO_102023,WH_14,Sea,15-06-2024,2024/06/24,6,9.0,Delayed,3039,10904.06,43877,32972.94
SHP_102389,SO_102385,WH_07,Road,14-06-2024,2024/06/18,6,4.0,On Time,1103,2849.24,13131,10281.76
SHP_102390,SO_100673,WH_01,Road,09-04-2024,2024/04/16,7,7.0,On Time,1598,4255.83,15423,11167.17
SHP_102391,SO_109202,WH_03,Rail,06-04-2024,2024/04/09,7,3.0,On Time,4091,9561.47,37381,27819.53
SHP_102392,SO_103584,WH_10,Rail,12-08-2024,2024/08/19,5,7.0,Delayed,2441,2575.16,12645,10069.84
SHP_102393,SO_100848,WH_10,Sea,05-12-2024,2024/12/10,3,5.0,Delayed,2546,7531.71,24426,16894.29
SHP_102394,SO_105850,WH_04,Sea,27-10-2024,2024/10/30,7,3.0,On Time,1394,10076.72,49627,39550.28
SHP_102395,SO_100631,WH_06,Rail,04-10-2024,2024/10/10,3,6.0,Delayed,4071,1881.13,7840,5958.87
SHP_102396,SO_106130,WH_02,Sea,26-11-2024,2024/11/29,5,3.0,On Time,2766,5823.8,17522,11698.2
SHP_102397,SO_108703,WH_09,Air,12-01-2024,2024/01/19,7,7.0,On Time,2230,14543.94,40677,26133.06
SHP_102398,SO_103200,WH_05,Road,22-02-2024,2024/02/26,3,4.0,Delayed,883,14582.17,36680,22097.83
SHP_102399,SO_104121,WH_13,Sea,22-11-2024,2024/11/27,4,5.0,Delayed,2588,8542.89,30819,22276.11
SHP_102400,SO_100579,WH_05,Rail,01-12-2024,2024/12/05,5,4.0,On Time,3092,8642.56,22621,13978.44
SHP_102401,SO_102199,WH_11,Road,13-03-2024,2024/03/16,5,3.0,On Time,2362,10928.66,32113,21184.34
SHP_102402,SO_101197,WH_13,Road,17-01-2024,2024/01/23,6,6.0,On Time,3662,2258.46,7425,5166.54
SHP_102403,SO_102603,WH_04,Rail,10-02-2024,2024/02/15,4,5.0,Delayed,1838,10865.65,41315,30449.35
SHP_102404,SO_103574,WH_07,Sea,01-01-2024,2024/01/07,6,6.0,On Time,1942,6197.23,20800,14602.77
SHP_102405,SO_100217,WH_03,Air,12-03-2024,2024/03/14,5,2.0,On Time,1009,7365.35,26098,18732.65
SHP_102406,SO_102195,WH_06,Sea,16-06-2024,2024/06/19,6,3.0,On Time,2031,11730.0,45708,33978.0
SHP_102407,SO_108803,WH_06,Road,17-04-2024,2024/04/19,4,2.0,On Time,921,8497.99,29474,20976.01
SHP_102408,SO_102374,WH_07,Road,28-05-2024,2024/06/07,7,10.0,Delayed,320,1388.09,5256,3867.91
SHP_102409,SO_104232,WH_06,Air,18-02-2024,2024/02/25,4,7.0,Delayed,2047,9796.64,37633,27836.36
SHP_102410,SO_101054,WH_05,Air,01-04-2024,2024/04/07,3,6.0,Delayed,2847,7089.41,18333,11243.59
SHP_102411,SO_102582,WH_15,Road,01-02-2024,2024/02/06,6,5.0,On Time,1024,9221.94,34109,24887.06
SHP_102412,SO_103376,WH_05,Road,25-09-2024,2024/10/04,4,9.0,Delayed,3015,7320.51,30371,23050.49
SHP_102413,SO_103303,WH_14,Road,13-03-2024,2024/03/18,7,5.0,On Time,3464,14352.48,45364,31011.52
SHP_102414,SO_104285,WH_06,Road,25-07-2024,2024/08/03,6,9.0,Delayed,4751,12246.12,34539,22292.88
SHP_102415,SO_106488,WH_10,Rail,18-01-2024,2024/01/25,7,7.0,On Time,1946,4574.14,13226,8651.86
SHP_102416,SO_108719,WH_10,Sea,29-02-2024,2024/03/05,7,5.0,On Time,2086,7174.21,32149,24974.79
SHP_102417,SO_107821,WH_15,Air,23-02-2024,2024/03/03,5,9.0,Delayed,2030,8161.31,32774,24612.69
SHP_102418,SO_108301,WH_08,Sea,04-10-2024,2024/10/10,6,6.0,On Time,3512,6508.08,21660,15151.92
SHP_102419,SO_108866,WH_06,Air,01-10-2024,2024/10/05,6,4.0,On Time,4438,2300.44,8042,5741.56
SHP_102420,SO_101755,WH_08,Road,14-07-2024,2024/07/16,5,2.0,On Time,2106,9793.0,31439,21646.0
SHP_102421,SO_103729,WH_14,Sea,08-08-2024,2024/08/16,4,8.0,Delayed,2751,2483.3,9887,7403.7
SHP_102422,SO_104574,WH_02,Road,15-03-2024,2024/03/18,6,3.0,On Time,3212,12656.64,33817,21160.36
SHP_102423,SO_101422,WH_05,Road,28-02-2024,2024/03/07,5,8.0,Delayed,642,7958.09,33454,25495.91
SHP_102424,SO_104977,WH_08,Rail,21-06-2024,2024/06/27,4,6.0,Delayed,3889,6281.3,25437,19155.7
SHP_102425,SO_105666,WH_08,Road,12-09-2024,2024/09/14,5,2.0,On Time,3296,1878.25,7955,6076.75
SHP_102426,SO_108242,WH_09,Air,09-10-2024,2024/10/17,4,8.0,Delayed,2380,3364.79,16089,12724.21
SHP_102427,SO_105023,WH_08,Rail,02-06-2024,2024/06/04,7,2.0,On Time,879,14398.55,43038,28639.45
SHP_102428,SO_102452,WH_13,Rail,02-05-2024,2024/05/12,7,10.0,Delayed,742,7879.88,38370,30490.12
SHP_102429,SO_103452,WH_12,Rail,23-12-2024,2024/12/30,4,7.0,Delayed,4528,7104.27,27725,20620.73
SHP_102430,SO_105481,WH_07,Air,13-07-2024,2024/07/16,5,3.0,On Time,1786,3761.88,12442,8680.12
SHP_102431,SO_100500,WH_14,Sea,10-03-2024,2024/03/15,6,5.0,On Time,2271,5071.45,21555,16483.55
SHP_102432,SO_108384,WH_13,Rail,28-06-2024,2024/06/30,4,,Delayed,1537,7608.25,21404,13795.75
SHP_102433,SO_102712,WH_02,Air,09-05-2024,2024/05/16,6,7.0,Delayed,3408,8364.84,20996,12631.16
SHP_102434,SO_102097,WH_04,Sea,23-12-2024,2025/01/01,4,9.0,Delayed,1243,2123.41,9878,7754.59
SHP_102435,SO_104776,WH_10,Air,11-08-2024,2024/08/18,6,7.0,Delayed,2887,5107.36,14015,8907.64
SHP_102436,SO_106147,WH_10,Sea,26-03-2024,2024/03/29,7,3.0,On Time,1294,5228.2,25919,20690.8
SHP_102437,SO_102194,WH_01,Air,16-12-2024,2024/12/19,5,3.0,On Time,643,14327.91,43405,29077.09
SHP_102438,SO_101891,WH_07,Rail,10-07-2024,2024/07/13,4,3.0,On Time,2011,7644.8,20331,12686.2
SHP_102439,SO_103422,WH_12,Road,17-02-2024,2024/02/20,7,3.0,On Time,531,13557.64,35195,21637.36
SHP_102440,SO_103644,WH_06,Rail,27-11-2024,2024/12/02,4,5.0,Delayed,1893,13818.43,43486,29667.57
SHP_102441,SO_106110,WH_02,Road,23-06-2024,2024/06/25,5,2.0,On Time,458,8026.2,37198,29171.8
SHP_102442,SO_107394,WH_09,Sea,27-05-2024,2024/06/05,3,9.0,Delayed,3123,4982.9,14068,9085.1
SHP_102443,SO_104133,WH_06,Sea,14-03-2024,2024/03/19,4,5.0,Delayed,2695,11639.32,31252,19612.68
SHP_102444,SO_100668,WH_14,Road,12-09-2024,2024/09/17,4,5.0,Delayed,241,3061.59,12198,9136.41
SHP_102445,SO_104985,WH_04,Road,23-11-2024,2024/11/29,5,6.0,Delayed,4488,1781.15,7718,5936.85
SHP_102446,SO_105708,WH_11,Road,03-10-2024,2024/10/07,7,4.0,On Time,4520,9579.74,37731,28151.26
SHP_102447,SO_103813,WH_10,Rail,14-06-2024,2024/06/23,3,9.0,Delayed,871,6339.56,24029,17689.44
SHP_102448,SO_109143,WH_02,Rail,25-04-2024,2024/05/05,4,10.0,Delayed,3976,8091.65,40210,32118.35
SHP_102449,SO_100900,WH_01,Air,11-04-2024,2024/04/14,5,3.0,On Time,4536,6296.11,28191,21894.89
SHP_102450,SO_106232,WH_14,Air,30-07-2024,2024/08/06,6,7.0,Delayed,2351,8067.2,28705,20637.8
SHP_102451,SO_101757,WH_03,Air,05-08-2024,2024/08/11,3,6.0,Delayed,2609,2092.66,6884,4791.34
SHP_102452,SO_103169,WH_05,Sea,14-11-2024,2024/11/16,4,2.0,On Time,2865,7354.08,25250,17895.92
SHP_102453,SO_106994,WH_07,Air,14-01-2024,2024/01/19,6,5.0,On Time,709,11065.54,44153,33087.46
SHP_102454,SO_104877,WH_07,Road,09-05-2024,2024/05/12,5,3.0,On Time,1588,1912.74,9287,7374.26
SHP_102455,SO_109273,WH_03,Road,11-10-2024,2024/10/14,5,3.0,On Time,576,12614.36,44092,31477.64
SHP_102456,SO_103608,WH_13,Air,24-08-2024,2024/09/03,6,10.0,Delayed,3627,5631.22,24376,18744.78
SHP_102457,SO_107452,WH_07,Road,06-03-2024,2024/03/12,6,6.0,On Time,2387,9704.08,29375,19670.92
SHP_102458,SO_107846,WH_08,Air,07-12-2024,2024/12/17,6,10.0,Delayed,1528,17535.6,44411,26875.4
SHP_102459,SO_102807,WH_03,Road,06-02-2024,2024/02/09,5,3.0,On Time,3012,10622.74,27049,16426.26
SHP_102460,SO_107199,WH_04,Road,31-01-2024,2024/02/03,6,3.0,On Time,2263,7955.07,20873,12917.93
SHP_102461,SO_100836,WH_07,Air,01-11-2024,2024/11/11,6,10.0,Delayed,2288,9513.51,40223,30709.49
SHP_102462,SO_106164,WH_07,Rail,25-07-2024,2024/07/27,3,2.0,On Time,2725,7927.99,34674,26746.01
SHP_102463,SO_103853,WH_04,Rail,31-01-2024,2024/02/03,6,3.0,On Time,1195,10694.54,43239,32544.46
SHP_102464,SO_100664,WH_07,Sea,20-09-2024,2024/09/25,7,5.0,On Time,4887,5573.7,18200,12626.3
SHP_102465,SO_109001,WH_02,Road,15-03-2024,2024/03/25,5,10.0,Delayed,2294,3012.5,11764,8751.5
SHP_102466,SO_104706,WH_13,Sea,24-12-2024,2024/12/26,3,2.0,On Time,2515,1937.74,6615,4677.26
SHP_102467,SO_106768,WH_07,Sea,11-06-2024,2024/06/17,3,6.0,Delayed,1215,6857.46,17869,11011.54
SHP_102468,SO_101139,WH_03,Sea,17-01-2024,2024/01/21,5,4.0,On Time,276,8441.53,24291,15849.47
SHP_102469,SO_106598,WH_03,Road,16-10-2024,2024/10/19,5,3.0,On Time,4319,10725.0,46081,35356.0
SHP_102470,SO_107910,WH_01,Air,11-06-2024,2024/06/14,5,3.0,On Time,2671,6562.2,24621,18058.8
SHP_102471,SO_101208,WH_07,Air,22-02-2024,2024/02/28,4,,Delayed,846,2358.67,8596,6237.33
SHP_102472,SO_109831,WH_08,Rail,27-03-2024,2024/03/31,6,4.0,On Time,1943,1514.73,6614,5099.27
SHP_102473,SO_104989,WH_14,Sea,14-02-2024,2024/02/20,5,6.0,Delayed,751,2179.37,7099,4919.63
SHP_102474,SO_104465,WH_11,Air,20-01-2024,2024/01/25,3,5.0,Delayed,1649,6500.2,18390,11889.8
SHP_102475,SO_108001,WH_02,Road,19-01-2024,2024/01/27,3,8.0,Delayed,2725,7387.49,22543,15155.51
SHP_102476,SO_105572,WH_13,Road,09-01-2024,2024/01/16,3,7.0,Delayed,3478,2262.12,8722,6459.88
SHP_102477,SO_106506,WH_04,Road,21-10-2024,2024/10/30,4,9.0,Delayed,2864,4364.72,20245,15880.28
SHP_102478,SO_108504,WH_09,Air,06-01-2024,2024/01/11,3,5.0,Delayed,3590,10286.38,31229,20942.62
SHP_102479,SO_102294,WH_15,Rail,14-04-2024,2024/04/22,5,8.0,Delayed,4124,1569.92,6331,4761.08
SHP_102480,SO_103835,WH_12,Sea,09-07-2024,2024/07/17,7,8.0,Delayed,3291,10850.67,49340,38489.33
SHP_102481,SO_108778,WH_01,Road,26-11-2024,2024/12/06,7,10.0,Delayed,3404,14186.64,40152,25965.36
SHP_102482,SO_102549,WH_07,Air,02-04-2024,2024/04/09,7,7.0,On Time,3072,15086.08,38237,23150.92
SHP_102483,SO_103028,WH_02,Sea,30-09-2024,2024/10/10,6,10.0,Delayed,4059,8219.67,34369,26149.33
SHP_102484,SO_100042,WH_15,Sea,30-10-2024,2024/11/06,6,7.0,Delayed,3731,2463.77,8496,6032.23
SHP_102485,SO_102158,WH_14,Sea,02-03-2024,2024/03/10,6,8.0,Delayed,3035,3389.79,15320,11930.21
SHP_102486,SO_100998,WH_02,Air,04-08-2024,2024/08/14,3,10.0,Delayed,3508,4379.53,21448,17068.47
SHP_102487,SO_102252,WH_09,Sea,02-09-2024,2024/09/04,5,2.0,On Time,3818,17301.76,45083,27781.24
SHP_102488,SO_101647,WH_12,Rail,10-10-2024,2024/10/17,4,7.0,Delayed,1158,9809.27,40243,30433.73
SHP_102489,SO_109228,WH_08,Sea,31-12-2024,2025/01/07,7,7.0,On Time,1408,16565.4,41488,24922.6
SHP_102490,SO_102439,WH_04,Rail,15-08-2024,2024/08/24,7,9.0,Delayed,3079,9234.39,26321,17086.61
SHP_102491,SO_105906,WH_15,Air,17-03-2024,2024/03/23,7,6.0,On Time,4917,14804.09,39456,24651.91
SHP_102492,SO_107933,WH_05,Sea,30-10-2024,2024/11/03,3,4.0,Delayed,2101,3412.44,16688,13275.56
SHP_102493,SO_106456,WH_11,Sea,14-10-2024,2024/10/23,6,9.0,Delayed,3359,9675.86,38252,28576.14
SHP_102494,SO_105965,WH_08,Air,02-05-2024,2024/05/12,3,10.0,Delayed,1969,10532.26,26901,16368.74
SHP_102495,SO_100307,WH_07,Sea,15-12-2024,2024/12/20,7,5.0,On Time,4471,3393.17,9397,6003.83
SHP_102496,SO_102874,WH_02,Sea,27-02-2024,2024/03/04,3,6.0,Delayed,4970,6840.96,18680,11839.04
SHP_102497,SO_104981,WH_05,Road,21-04-2024,2024/04/23,3,2.0,On Time,3010,11232.12,35313,24080.88
SHP_102498,SO_103896,WH_07,Air,27-10-2024,2024/11/04,7,8.0,Delayed,1437,3230.14,14231,11000.86
SHP_102499,SO_101173,WH_06,Air,03-05-2024,2024/05/10,7,7.0,On Time,952,6199.32,20279,14079.68
SHP_102500,SO_103834,WH_01,Sea,27-02-2024,2024/03/02,7,4.0,On Time,395,1936.74,9211,7274.26
SHP_102501,SO_104496,WH_07,Sea,18-10-2024,2024/10/25,3,7.0,Delayed,2801,8171.42,36744,28572.58
SHP_102502,SO_101308,WH_07,Sea,17-08-2024,2024/08/22,3,5.0,Delayed,1735,9081.77,34315,25233.23
SHP_102503,SO_109103,WH_02,Rail,09-03-2024,2024/03/16,3,7.0,Delayed,2516,1463.59,6041,4577.41
SHP_102504,SO_107115,WH_13,Sea,06-02-2024,2024/02/10,4,4.0,On Time,4089,12732.49,39715,26982.51
SHP_102505,SO_100036,WH_14,Rail,27-09-2024,2024/10/03,4,6.0,Delayed,2594,2629.46,7280,4650.54
SHP_102506,SO_107831,WH_05,Air,15-12-2024,2024/12/25,4,10.0,Delayed,3921,2230.54,7058,4827.46
SHP_102507,SO_101113,WH_02,Road,23-05-2024,2024/06/02,3,10.0,Delayed,1197,6478.71,23082,16603.29
SHP_102508,SO_106863,WH_09,Rail,14-04-2024,2024/04/19,7,5.0,On Time,681,4219.41,13634,9414.59
SHP_102509,SO_106298,WH_03,Sea,24-11-2024,2024/12/04,5,10.0,Delayed,2580,1514.32,5570,4055.68
SHP_102510,SO_100829,WH_06,Rail,14-05-2024,2024/05/20,6,6.0,On Time,1025,7668.59,27810,20141.41
SHP_102511,SO_107585,WH_05,Sea,07-04-2024,2024/04/17,6,10.0,Delayed,4638,5866.34,19638,13771.66
SHP_102512,SO_103680,WH_12,Sea,16-09-2024,2024/09/21,5,5.0,On Time,678,12995.73,42402,29406.27
SHP_102513,SO_103444,WH_15,Road,21-04-2024,2024/04/25,3,4.0,Delayed,2073,5296.76,20754,15457.24
SHP_102514,SO_104602,WH_09,Road,01-06-2024,2024/06/07,7,6.0,On Time,2107,3215.69,13915,10699.31
SHP_102515,SO_100799,WH_10,Road,11-01-2024,2024/01/16,7,5.0,On Time,2845,11820.94,45617,33796.06
SHP_102516,SO_103092,WH_03,Air,24-06-2024,2024/07/03,6,9.0,Delayed,3479,10039.9,33751,23711.1
SHP_102517,SO_101496,WH_02,Road,17-12-2024,2024/12/20,4,3.0,On Time,3012,7689.2,29642,21952.8
SHP_102518,SO_100838,WH_15,Road,02-07-2024,2024/07/12,7,10.0,Delayed,3226,3370.18,11830,8459.82
SHP_102519,SO_106711,WH_06,Road,20-01-2024,2024/01/25,4,5.0,Delayed,3147,5746.11,17052,11305.89
SHP_102520,SO_107731,WH_07,Road,02-09-2024,2024/09/04,4,2.0,On Time,820,5692.2,17044,11351.8
SHP_102521,SO_101128,WH_01,Rail,03-07-2024,2024/07/06,4,3.0,On Time,3173,12452.74,48304,35851.26
SHP_102522,SO_107880,WH_13,Air,14-04-2024,2024/04/20,5,6.0,Delayed,2661,16872.72,45832,28959.28
SHP_102523,SO_103144,WH_11,Sea,22-09-2024,2024/10/01,6,9.0,Delayed,1481,11275.99,47470,36194.01
SHP_102524,SO_109043,WH_06,Air,12-12-2024,2024/12/15,3,3.0,On Time,3701,9075.72,30258,21182.28
SHP_102525,SO_102776,WH_11,Air,09-12-2024,2024/12/14,7,5.0,On Time,1393,4158.92,14651,10492.08
SHP_102526,SO_109520,WH_03,Rail,24-07-2024,2024/07/28,4,4.0,On Time,2343,3542.03,8861,5318.97
SHP_102527,SO_109846,WH_05,Rail,06-12-2024,2024/12/11,5,5.0,On Time,4815,3464.71,13212,9747.29
SHP_102528,SO_107501,WH_01,Rail,22-03-2024,2024/03/27,5,5.0,On Time,3146,12679.06,39670,26990.94
SHP_102529,SO_103475,WH_08,Sea,25-04-2024,2024/05/05,3,10.0,Delayed,2079,6435.47,23735,17299.53
SHP_102530,SO_100927,WH_09,Rail,17-07-2024,2024/07/23,7,6.0,On Time,224,5926.86,18579,12652.14
SHP_102531,SO_101233,WH_13,Air,29-03-2024,2024/04/01,7,3.0,On Time,1228,8860.24,30854,21993.76
SHP_102532,SO_101510,WH_09,Sea,24-06-2024,2024/07/04,5,10.0,Delayed,1482,14047.0,43293,29246.0
SHP_102533,SO_105474,WH_05,Rail,14-04-2024,2024/04/23,5,9.0,Delayed,4010,-3750.52,18233,21983.52
SHP_102534,SO_104993,WH_14,Road,22-06-2024,2024/06/30,7,8.0,Delayed,1145,7459.79,19209,11749.21
SHP_102535,SO_108674,WH_12,Sea,08-11-2024,2024/11/15,3,7.0,Delayed,1198,2804.46,10047,7242.54
SHP_102536,SO_104913,WH_08,Sea,02-09-2024,2024/09/12,4,,Delayed,245,5668.95,20093,14424.05
SHP_102537,SO_105124,WH_02,Air,29-09-2024,2024/10/09,3,10.0,Delayed,4428,5816.7,20459,14642.3
SHP_102538,SO_109529,WH_04,Rail,12-02-2024,2024/02/16,7,4.0,On Time,4953,10754.65,38343,27588.35
SHP_102539,SO_107652,WH_14,Sea,29-11-2024,2024/12/04,3,5.0,Delayed,2797,7093.89,33141,26047.11
SHP_102540,SO_104454,WH_06,Rail,12-03-2024,2024/03/20,3,8.0,Delayed,4154,2317.59,11504,9186.41
SHP_102541,SO_103126,WH_13,Sea,07-09-2024,2024/09/10,4,3.0,On Time,2211,1746.91,8288,6541.09
SHP_102542,SO_109542,WH_01,Air,06-07-2024,2024/07/16,6,10.0,Delayed,3204,8126.12,39221,31094.88
SHP_102543,SO_101485,WH_11,Air,13-06-2024,2024/06/19,4,6.0,Delayed,4869,12732.17,34504,21771.83
SHP_102544,SO_107349,WH_01,Rail,22-12-2024,2024/12/30,4,8.0,Delayed,1929,4208.36,13694,9485.64
SHP_102545,SO_101352,WH_02,Sea,27-06-2024,2024/06/29,6,2.0,On Time,4881,13494.63,39044,25549.37
SHP_102546,SO_100966,WH_06,Air,18-03-2024,2024/03/21,3,3.0,On Time,2815,8872.66,41343,32470.34
SHP_102547,SO_100610,WH_06,Road,13-05-2024,2024/05/23,5,10.0,Delayed,4810,9327.08,26587,17259.92
SHP_102548,SO_100071,WH_04,Sea,02-12-2024,2024/12/06,7,4.0,On Time,3533,2182.55,9561,7378.45
SHP_102549,SO_101388,WH_04,Sea,20-08-2024,2024/08/23,5,3.0,On Time,4790,6991.98,23817,16825.02
SHP_102550,SO_101687,WH_14,Road,14-10-2024,2024/10/20,5,6.0,Delayed,858,13406.3,49715,36308.7
SHP_102551,SO_100751,WH_05,Rail,23-12-2024,2024/12/25,5,2.0,On Time,4047,8245.12,21581,13335.88
SHP_102552,SO_105193,WH_02,Air,14-08-2024,2024/08/24,5,10.0,Delayed,1467,9028.04,34249,25220.96
SHP_102553,SO_104609,WH_15,Rail,06-11-2024,2024/11/11,5,5.0,On Time,1090,11235.5,32605,21369.5
SHP_102554,SO_107537,WH_12,Air,28-09-2024,2024/10/01,5,3.0,On Time,4744,1734.37,7164,5429.63
SHP_102555,SO_101578,WH_12,Rail,01-06-2024,2024/06/10,7,9.0,Delayed,3843,3266.37,8834,5567.63
SHP_102556,SO_104914,WH_15,Sea,18-04-2024,2024/04/20,5,2.0,On Time,846,3955.15,10375,6419.85
SHP_102557,SO_103886,WH_03,Sea,05-12-2024,2024/12/12,5,7.0,Delayed,2287,8367.22,32163,23795.78
SHP_102558,SO_100617,WH_12,Road,01-06-2024,2024/06/09,5,8.0,Delayed,3162,7617.71,21113,13495.29
SHP_102559,SO_100327,WH_01,Sea,08-10-2024,2024/10/13,3,5.0,Delayed,920,7324.58,29324,21999.42
SHP_102560,SO_108116,WH_14,Rail,04-08-2024,2024/08/08,4,4.0,On Time,1829,1653.41,5454,3800.59
SHP_102561,SO_102304,WH_10,Air,01-01-2024,2024/01/05,4,4.0,On Time,1717,4884.43,17003,12118.57
SHP_102562,SO_103236,WH_01,Air,18-01-2024,2024/01/20,4,2.0,On Time,3116,12241.11,35361,23119.89
SHP_102563,SO_105254,WH_05,Rail,24-08-2024,2024/08/29,3,5.0,Delayed,2793,17319.75,49810,32490.25
SHP_102564,SO_106420,WH_11,Rail,02-08-2024,2024/08/08,5,6.0,Delayed,3897,10008.1,35457,25448.9
SHP_102565,SO_102798,WH_01,Sea,09-07-2024,2024/07/12,5,3.0,On Time,3507,1385.82,6184,4798.18
SHP_102566,SO_105074,WH_09,Road,02-12-2024,2024/12/07,6,5.0,On Time,383,2589.37,10263,7673.63
SHP_102567,SO_104905,WH_07,Road,09-10-2024,2024/10/12,6,3.0,On Time,2495,11492.2,34876,23383.8
SHP_102568,SO_102620,WH_04,Air,14-09-2024,2024/09/17,6,3.0,On Time,1691,9153.03,30253,21099.97
SHP_102569,SO_107561,WH_12,Rail,23-05-2024,2024/06/02,5,10.0,Delayed,1833,12634.28,44018,31383.72
SHP_102570,SO_106927,WH_10,Rail,28-10-2024,2024/11/02,4,5.0,Delayed,4316,3671.26,13349,9677.74
SHP_102571,SO_104487,WH_10,Road,10-06-2024,2024/06/19,4,9.0,Delayed,3957,3387.53,11626,8238.47
SHP_102572,SO_106404,WH_14,Road,11-01-2024,2024/01/14,7,3.0,On Time,4052,6702.98,29927,23224.02
SHP_102573,SO_102370,WH_05,Air,08-12-2024,2024/12/14,4,6.0,Delayed,232,16990.05,43291,26300.95
SHP_102574,SO_100398,WH_15,Road,18-08-2024,2024/08/26,6,8.0,Delayed,1957,10523.08,48171,37647.92
SHP_102575,SO_109878,WH_08,Rail,21-08-2024,2024/08/24,7,3.0,On Time,1003,6415.38,24838,18422.62
SHP_102576,SO_104561,WH_03,Sea,12-11-2024,2024/11/18,6,6.0,On Time,4047,2323.74,5874,3550.26
SHP_102577,SO_100998,WH_11,Air,17-10-2024,2024/10/21,6,4.0,On Time,1511,14689.82,39108,24418.18
SHP_102578,SO_109884,WH_11,Road,13-05-2024,2024/05/16,5,3.0,On Time,1403,7970.87,21810,13839.13
SHP_102579,SO_104961,WH_01,Road,26-11-2024,2024/12/01,5,5.0,On Time,1236,8773.75,35008,26234.25
SHP_102580,SO_102087,WH_11,Rail,31-05-2024,2024/06/07,7,7.0,On Time,2528,1858.11,6144,4285.89
SHP_102581,SO_105412,WH_09,Rail,04-09-2024,2024/09/13,3,9.0,Delayed,2098,1694.61,8207,6512.39
SHP_102582,SO_102675,WH_14,Road,17-02-2024,2024/02/21,7,,Delayed,3793,5298.92,16728,11429.08
SHP_102583,SO_105571,WH_11,Rail,29-07-2024,2024/08/06,3,8.0,Delayed,3925,8363.11,29212,20848.89
SHP_102584,SO_104853,WH_09,Sea,28-09-2024,2024/10/07,4,9.0,Delayed,3205,9765.38,44928,35162.62
SHP_102585,SO_104430,WH_01,Road,29-03-2024,2024/04/08,3,10.0,Delayed,1699,3409.16,11956,8546.84
SHP_102586,SO_106284,WH_15,Road,13-08-2024,2024/08/16,3,3.0,On Time,1729,-4827.47,12492,17319.47
SHP_102587,SO_108823,WH_14,Sea,16-12-2024,2024/12/20,4,4.0,On Time,1456,3856.42,14770,10913.58
SHP_102588,SO_105063,WH_13,Sea,19-07-2024,2024/07/28,4,9.0,Delayed,1678,5627.54,23740,18112.46
SHP_102589,SO_108676,WH_08,Sea,19-02-2024,2024/02/24,3,5.0,Delayed,391,6983.53,34684,27700.47
SHP_102590,SO_100125,WH_07,Road,08-08-2024,2024/08/13,5,5.0,On Time,2223,3635.27,14292,10656.73
SHP_102591,SO_101821,WH_10,Sea,20-04-2024,2024/04/27,5,7.0,Delayed,753,1862.46,8896,7033.54
SHP_102592,SO_108060,WH_03,Air,13-09-2024,2024/09/21,6,8.0,Delayed,4973,12754.83,45791,33036.17
SHP_102593,SO_100671,WH_06,Rail,21-02-2024,2024/02/25,6,4.0,On Time,3901,2212.82,7726,5513.18
SHP_102594,SO_103999,WH_03,Air,27-12-2024,2025/01/04,5,8.0,Delayed,4615,15021.66,38341,23319.34
SHP_102595,SO_101869,WH_04,Road,15-08-2024,2024/08/23,6,8.0,Delayed,3385,1777.22,6908,5130.78
SHP_102596,SO_101547,WH_13,Road,31-03-2024,2024/04/04,3,4.0,Delayed,2946,12306.45,37351,25044.55
SHP_102597,SO_103965,WH_11,Road,01-03-2024,2024/03/04,6,3.0,On Time,4516,8697.28,41362,32664.72
SHP_102598,SO_106382,WH_06,Sea,19-03-2024,2024/03/25,3,6.0,Delayed,1452,10582.8,37268,26685.2
SHP_102599,SO_104738,WH_15,Rail,18-07-2024,2024/07/25,7,7.0,On Time,2733,9864.65,37618,27753.35
SHP_102600,SO_100374,WH_03,Road,06-12-2024,2024/12/15,7,9.0,Delayed,2287,8716.9,38616,29899.1
SHP_102601,SO_106971,WH_02,Sea,04-01-2024,2024/01/10,3,6.0,Delayed,1342,1416.63,5486,4069.37
SHP_102602,SO_103612,WH_05,Sea,03-10-2024,2024/10/08,3,5.0,Delayed,476,11795.68,39194,27398.32
SHP_102603,SO_107656,WH_05,Air,09-06-2024,2024/06/11,5,2.0,On Time,4061,2925.88,13769,10843.12
SHP_102604,SO_102611,WH_07,Road,11-10-2024,2024/10/20,4,9.0,Delayed,4871,12350.52,31023,18672.48
SHP_102605,SO_100110,WH_06,Sea,21-01-2024,2024/01/30,5,9.0,Delayed,2262,2566.5,7227,4660.5
SHP_102606,SO_100174,WH_08,Rail,21-11-2024,2024/11/29,5,8.0,Delayed,3347,16546.48,42038,25491.52
SHP_102607,SO_105649,WH_10,Road,05-04-2024,2024/04/08,4,3.0,On Time,2619,8204.64,23184,14979.36
SHP_102608,SO_101117,WH_13,Air,22-08-2024,2024/08/29,6,7.0,Delayed,4244,14171.47,45554,31382.53
SHP_102609,SO_106901,WH_08,Road,31-08-2024,2024/09/03,3,3.0,On Time,1589,2876.9,11402,8525.1
SHP_102610,SO_107962,WH_05,Rail,06-12-2024,2024/12/16,7,10.0,Delayed,270,7199.45,30519,23319.55
SHP_102611,SO_107394,WH_06,Rail,26-02-2024,2024/03/05,5,8.0,Delayed,3481,1499.8,5936,4436.2
SHP_102612,SO_102797,WH_14,Sea,04-07-2024,2024/07/11,5,7.0,Delayed,2887,5004.55,20808,15803.45
SHP_102613,SO_107910,WH_12,Air,22-04-2024,2024/05/02,4,10.0,Delayed,2295,6631.1,25045,18413.9
SHP_102614,SO_109869,WH_06,Sea,07-02-2024,2024/02/14,5,7.0,Delayed,1698,14428.05,49379,34950.95
SHP_102615,SO_101806,WH_03,Air,06-01-2024,2024/01/10,5,4.0,On Time,1061,11422.46,34656,23233.54
SHP_102616,SO_102637,WH_02,Rail,02-12-2024,2024/12/07,6,5.0,On Time,2310,1731.46,6497,4765.54
SHP_102617,SO_104738,WH_12,Road,07-02-2024,2024/02/16,5,,Delayed,1190,13830.47,36947,23116.53
SHP_102618,SO_107266,WH_13,Road,04-11-2024,2024/11/08,7,4.0,On Time,1997,16380.07,43580,27199.93
SHP_102619,SO_103846,WH_09,Air,21-10-2024,2024/10/28,7,7.0,On Time,3156,9256.69,28899,19642.31
SHP_102620,SO_109578,WH_07,Rail,25-05-2024,2024/06/03,6,9.0,Delayed,1027,9146.79,39739,30592.21
SHP_102621,SO_101769,WH_15,Road,18-03-2024,2024/03/24,3,6.0,Delayed,3405,9464.29,31333,21868.71
SHP_102622,SO_108702,WH_07,Air,10-03-2024,2024/03/20,5,,Delayed,3635,5696.25,14529,8832.75
SHP_102623,SO_104364,WH_03,Rail,18-04-2024,2024/04/22,4,4.0,On Time,2385,10056.66,27902,17845.34
SHP_102624,SO_103331,WH_15,Road,03-04-2024,2024/04/05,7,2.0,On Time,634,3662.57,13754,10091.43
SHP_102625,SO_104333,WH_06,Rail,30-10-2024,2024/11/02,5,3.0,On Time,3102,16250.26,48007,31756.74
SHP_102626,SO_108789,WH_14,Air,09-06-2024,2024/06/18,4,9.0,Delayed,4419,2561.53,6894,4332.47
SHP_102627,SO_105385,WH_04,Air,02-04-2024,2024/04/11,7,9.0,Delayed,1471,6902.57,22966,16063.43
SHP_102628,SO_109838,WH_05,Air,21-02-2024,2024/02/23,3,2.0,On Time,2347,8666.42,34603,25936.58
SHP_102629,SO_107126,WH_03,Sea,13-08-2024,2024/08/15,5,2.0,On Time,1995,12409.17,38805,26395.83
SHP_102630,SO_103719,WH_10,Road,04-12-2024,2024/12/06,7,2.0,On Time,841,6671.77,16903,10231.23
SHP_102631,SO_106691,WH_13,Air,30-09-2024,2024/10/03,4,3.0,On Time,2805,3190.97,12601,9410.03
SHP_102632,SO_108457,WH_03,Air,26-08-2024,2024/09/05,4,10.0,Delayed,2318,12064.66,40896,28831.34
SHP_102633,SO_104686,WH_01,Rail,08-05-2024,2024/05/10,4,2.0,On Time,2192,9503.37,40563,31059.63
SHP_102634,SO_109691,WH_06,Air,27-12-2024,2025/01/03,6,7.0,Delayed,3866,12500.9,39824,27323.1
SHP_102635,SO_105037,WH_06,Road,21-07-2024,2024/07/30,6,9.0,Delayed,1893,13109.17,38029,24919.83
SHP_102636,SO_106762,WH_15,Sea,23-12-2024,2024/12/27,4,4.0,On Time,1757,6281.93,21465,15183.07
SHP_102637,SO_104877,WH_09,Sea,17-02-2024,2024/02/24,5,7.0,Delayed,3575,4089.08,10446,6356.92
SHP_102638,SO_104891,WH_13,Sea,19-11-2024,2024/11/26,6,7.0,Delayed,2546,5018.59,13572,8553.41
SHP_102639,SO_107848,WH_08,Air,30-05-2024,2024/06/05,6,6.0,On Time,4880,11002.58,42205,31202.42
SHP_102640,SO_105238,WH_14,Road,03-08-2024,2024/08/07,4,4.0,On Time,2687,1387.97,6553,5165.03
SHP_102641,SO_104571,WH_10,Air,04-11-2024,2024/11/07,3,3.0,On Time,2046,15517.46,42244,26726.54
SHP_102642,SO_101114,WH_01,Air,04-06-2024,2024/06/07,3,3.0,On Time,2831,14444.64,39582,25137.36
SHP_102643,SO_107861,WH_06,Air,13-06-2024,2024/06/19,5,6.0,Delayed,3240,7990.72,22651,14660.28
SHP_102644,SO_107219,WH_14,Air,23-01-2024,2024/01/30,3,7.0,Delayed,4530,11546.81,44089,32542.19
SHP_102645,SO_107256,WH_12,Road,22-06-2024,2024/06/24,3,2.0,On Time,3713,9096.54,41867,32770.46
SHP_102646,SO_107268,WH_13,Rail,12-01-2024,2024/01/20,5,8.0,Delayed,2639,11730.76,30589,18858.24
SHP_102647,SO_100282,WH_04,Sea,16-02-2024,2024/02/23,7,7.0,On Time,4578,10178.14,38664,28485.86
SHP_102648,SO_106559,WH_13,Sea,27-12-2024,2025/01/03,6,7.0,Delayed,2246,10058.51,37899,27840.49
SHP_102649,SO_107038,WH_09,Road,29-08-2024,2024/08/31,7,2.0,On Time,2743,6790.9,32717,25926.1
SHP_102650,SO_106788,WH_13,Sea,29-12-2024,2025/01/08,4,10.0,Delayed,1671,2063.41,7300,5236.59
SHP_102651,SO_101680,WH_14,Road,31-08-2024,2024/09/06,6,,Delayed,440,2658.71,9768,7109.29
SHP_102652,SO_101861,WH_09,Road,30-09-2024,2024/10/03,5,3.0,On Time,4646,1638.96,7815,6176.04
SHP_102653,SO_102171,WH_09,Air,14-09-2024,2024/09/22,6,8.0,Delayed,3090,5593.12,26584,20990.88
SHP_102654,SO_106378,WH_05,Road,10-06-2024,2024/06/12,4,2.0,On Time,3265,3171.24,15300,12128.76
SHP_102655,SO_105772,WH_12,Sea,20-01-2024,2024/01/30,3,10.0,Delayed,3913,3689.65,10337,6647.35
SHP_102656,SO_109130,WH_05,Rail,05-09-2024,2024/09/14,6,9.0,Delayed,1816,5168.95,22804,17635.05
SHP_102657,SO_101821,WH_14,Sea,02-11-2024,2024/11/11,6,9.0,Delayed,1773,4234.92,19581,15346.08
SHP_102658,SO_100473,WH_09,Air,19-12-2024,2024/12/26,5,,Delayed,3100,4571.05,13384,8812.95
SHP_102659,SO_101334,WH_04,Air,16-02-2024,2024/02/25,6,9.0,Delayed,1703,7456.85,22542,15085.15
SHP_102660,SO_106762,WH_06,Road,18-09-2024,2024/09/28,6,10.0,Delayed,2679,12897.16,38356,25458.84
SHP_102661,SO_100554,WH_02,Sea,04-12-2024,2024/12/12,4,8.0,Delayed,565,12968.48,39927,26958.52
SHP_102662,SO_104689,WH_11,Rail,22-03-2024,2024/03/31,3,,Delayed,1262,2942.8,7911,4968.2
SHP_102663,SO_103724,WH_05,Road,26-09-2024,2024/09/30,5,4.0,On Time,4997,5131.19,16122,10990.81
SHP_102664,SO_105518,WH_14,Air,11-05-2024,2024/05/20,3,9.0,Delayed,3618,3452.93,15025,11572.07
SHP_102665,SO_109040,WH_04,Road,01-05-2024,2024/05/06,3,5.0,Delayed,3761,11999.26,35203,23203.74
SHP_102666,SO_106299,WH_06,Rail,29-12-2024,2025/01/06,3,8.0,Delayed,4320,10829.4,32398,21568.6
SHP_102667,SO_101277,WH_06,Rail,01-10-2024,2024/10/07,3,6.0,Delayed,3532,2245.84,6978,4732.16
SHP_102668,SO_102223,WH_10,Rail,10-03-2024,2024/03/17,7,7.0,On Time,4127,3302.18,9921,6618.82
SHP_102669,SO_101143,WH_05,Sea,21-01-2024,2024/01/23,3,2.0,On Time,2667,3939.12,16110,12170.88
SHP_102670,SO_106484,WH_03,Rail,03-03-2024,2024/03/05,5,2.0,On Time,2815,11289.34,36374,25084.66
SHP_102671,SO_106514,WH_08,Rail,15-09-2024,2024/09/17,5,2.0,On Time,4863,8929.35,24901,15971.65
SHP_102672,SO_101473,WH_10,Air,05-04-2024,2024/04/13,7,8.0,Delayed,386,4219.15,17360,13140.85
SHP_102673,SO_104502,WH_05,Air,26-06-2024,2024/07/02,6,6.0,On Time,3419,14525.25,44503,29977.75
SHP_102674,SO_104937,WH_04,Rail,19-09-2024,2024/09/21,5,2.0,On Time,2516,1222.26,5710,4487.74
SHP_102675,SO_105832,WH_14,Road,31-12-2024,2025/01/08,5,8.0,Delayed,1788,6931.95,27840,20908.05
SHP_102676,SO_107101,WH_15,Sea,24-01-2024,2024/02/02,6,9.0,Delayed,3252,-6758.85,20174,26932.85
SHP_102677,SO_101118,WH_10,Sea,08-01-2024,2024/01/11,4,3.0,On Time,4462,15796.14,40851,25054.86
SHP_102678,SO_100309,WH_03,Sea,18-12-2024,2024/12/26,3,8.0,Delayed,2287,7978.82,25935,17956.18
SHP_102679,SO_108046,WH_14,Rail,28-04-2024,2024/05/01,7,3.0,On Time,3245,5314.6,16625,11310.4
SHP_102680,SO_107652,WH_10,Road,05-07-2024,2024/07/14,6,9.0,Delayed,3916,9365.65,28969,19603.35
SHP_102681,SO_106430,WH_06,Road,14-10-2024,2024/10/20,3,6.0,Delayed,1368,5542.73,27367,21824.27
SHP_102682,SO_102016,WH_06,Air,29-11-2024,2024/12/03,4,4.0,On Time,260,3229.86,8850,5620.14
SHP_102683,SO_103680,WH_13,Air,08-07-2024,2024/07/17,4,9.0,Delayed,1299,10822.09,46666,35843.91
SHP_102684,SO_108359,WH_01,Air,01-11-2024,2024/11/08,4,7.0,Delayed,1787,6019.17,17789,11769.83
SHP_102685,SO_101897,WH_02,Rail,10-12-2024,2024/12/19,3,9.0,Delayed,675,5200.53,21308,16107.47
SHP_102686,SO_108010,WH_15,Air,08-06-2024,2024/06/15,4,7.0,Delayed,1893,12953.94,32489,19535.06
SHP_102687,SO_100996,WH_02,Road,29-08-2024,2024/09/02,6,4.0,On Time,1812,17362.41,45979,28616.59
SHP_102688,SO_107652,WH_08,Road,30-01-2024,2024/02/05,6,6.0,On Time,214,11255.19,42527,31271.81
SHP_102689,SO_102462,WH_09,Rail,13-09-2024,2024/09/16,5,3.0,On Time,1683,12364.54,32915,20550.46
SHP_102690,SO_106149,WH_05,Sea,24-02-2024,2024/03/03,7,8.0,Delayed,1695,11779.34,36805,25025.66
SHP_102691,SO_108704,WH_10,Sea,23-07-2024,2024/08/02,6,10.0,Delayed,2954,8004.89,31755,23750.11
SHP_102692,SO_106066,WH_07,Rail,15-04-2024,2024/04/25,6,10.0,Delayed,3953,2406.8,8929,6522.2
SHP_102693,SO_108688,WH_11,Sea,07-12-2024,2024/12/14,6,7.0,Delayed,2861,5574.52,14668,9093.48
SHP_102694,SO_107845,WH_03,Air,09-05-2024,2024/05/12,6,3.0,On Time,3655,6746.89,22608,15861.11
SHP_102695,SO_102895,WH_13,Air,27-08-2024,2024/09/04,6,8.0,Delayed,931,17893.01,48252,30358.99
SHP_102696,SO_108054,WH_08,Air,23-07-2024,2024/08/02,6,10.0,Delayed,1699,10454.26,30281,19826.74
SHP_102697,SO_105400,WH_05,Air,07-11-2024,2024/11/15,7,8.0,Delayed,1799,12152.9,47855,35702.1
SHP_102698,SO_108427,WH_03,Road,21-09-2024,2024/09/25,3,4.0,Delayed,4777,9077.3,28159,19081.7
SHP_102699,SO_109648,WH_02,Sea,08-08-2024,2024/08/13,6,5.0,On Time,677,6302.02,17783,11480.98
SHP_102700,SO_106726,WH_03,Air,09-06-2024,2024/06/19,5,10.0,Delayed,1878,3476.68,10670,7193.32
SHP_102701,SO_106026,WH_04,Air,22-11-2024,2024/12/02,5,10.0,Delayed,808,6903.58,25727,18823.42
SHP_102702,SO_106680,WH_02,Rail,02-10-2024,2024/10/06,7,4.0,On Time,4394,6007.02,17692,11684.98
SHP_102703,SO_101335,WH_11,Road,31-12-2024,2025/01/03,5,3.0,On Time,3007,5484.62,17430,11945.38
SHP_102704,SO_100000,WH_05,Road,21-10-2024,2024/10/31,6,10.0,Delayed,2207,5315.22,14540,9224.78
SHP_102705,SO_108217,WH_15,Road,17-09-2024,2024/09/22,6,5.0,On Time,3378,8507.23,27595,19087.77
SHP_102706,SO_109930,WH_15,Air,03-02-2024,2024/02/13,6,10.0,Delayed,4593,17024.15,43964,26939.85
SHP_102707,SO_103945,WH_01,Rail,06-01-2024,2024/01/11,3,5.0,Delayed,3093,7021.14,19742,12720.86
SHP_102708,SO_100370,WH_07,Sea,02-07-2024,2024/07/05,7,3.0,On Time,3964,7135.62,23273,16137.38
SHP_102709,SO_106018,WH_04,Rail,21-11-2024,2024/11/23,3,2.0,On Time,894,5550.45,16045,10494.55
SHP_102710,SO_103033,WH_13,Rail,08-08-2024,2024/08/11,6,3.0,On Time,2481,5735.29,16284,10548.71
SHP_102711,SO_109748,WH_01,Rail,02-07-2024,2024/07/10,3,8.0,Delayed,1776,6696.83,19760,13063.17
SHP_102712,SO_105751,WH_04,Sea,30-06-2024,2024/07/05,7,5.0,On Time,247,11148.97,39302,28153.03
SHP_102713,SO_100256,WH_05,Air,07-10-2024,2024/10/14,4,7.0,Delayed,3388,4220.55,11389,7168.45
SHP_102714,SO_104473,WH_04,Rail,03-05-2024,2024/05/10,7,7.0,On Time,4241,4622.93,14007,9384.07
SHP_102715,SO_106040,WH_06,Road,22-01-2024,2024/01/24,3,2.0,On Time,2444,14648.24,43558,28909.76
SHP_102716,SO_102252,WH_02,Rail,18-07-2024,2024/07/27,5,9.0,Delayed,1117,4080.39,10508,6427.61
SHP_102717,SO_102958,WH_03,Rail,10-09-2024,2024/09/18,4,8.0,Delayed,2302,13972.72,49637,35664.28
SHP_102718,SO_103261,WH_03,Road,12-05-2024,2024/05/16,3,4.0,Delayed,390,8275.64,35990,27714.36
SHP_102719,SO_109742,WH_11,Air,22-09-2024,2024/10/02,6,10.0,Delayed,666,3144.51,8970,5825.49
SHP_102720,SO_107930,WH_14,Sea,06-05-2024,2024/05/10,7,4.0,On Time,2661,11371.1,31990,20618.9
SHP_102721,SO_103670,WH_10,Road,09-06-2024,2024/06/12,7,3.0,On Time,1908,5875.46,15840,9964.54
SHP_102722,SO_104692,WH_04,Sea,24-07-2024,2024/07/30,5,6.0,Delayed,1613,10049.84,49532,39482.16
SHP_102723,SO_101094,WH_13,Sea,19-09-2024,2024/09/28,4,9.0,Delayed,3076,3042.18,9228,6185.82
SHP_102724,SO_103289,WH_12,Rail,27-05-2024,2024/05/31,3,4.0,Delayed,4162,5622.46,22717,17094.54
SHP_102725,SO_102404,WH_06,Air,12-12-2024,2024/12/19,4,7.0,Delayed,1727,7120.04,23973,16852.96
SHP_102726,SO_107145,WH_03,Air,16-04-2024,2024/04/20,7,4.0,On Time,4543,9731.75,33860,24128.25
SHP_102727,SO_100671,WH_06,Road,29-06-2024,2024/07/06,6,7.0,Delayed,2145,2951.68,13607,10655.32
SHP_102728,SO_103501,WH_09,Road,18-04-2024,2024/04/21,7,3.0,On Time,3713,12475.58,39089,26613.42
SHP_102729,SO_101696,WH_14,Air,25-05-2024,2024/05/27,7,2.0,On Time,4778,4209.18,14350,10140.82
SHP_102730,SO_107331,WH_05,Sea,07-10-2024,2024/10/10,6,3.0,On Time,2288,7042.9,18503,11460.1
SHP_102731,SO_102976,WH_06,Rail,12-08-2024,2024/08/16,3,4.0,Delayed,2461,4749.11,15759,11009.89
SHP_102732,SO_101986,WH_01,Sea,16-06-2024,2024/06/25,6,9.0,Delayed,1971,5599.49,16833,11233.51
SHP_102733,SO_108832,WH_05,Road,14-05-2024,2024/05/21,4,7.0,Delayed,2768,13324.21,45145,31820.79
SHP_102734,SO_103066,WH_02,Sea,23-06-2024,2024/06/27,6,4.0,On Time,2878,9289.32,32576,23286.68
SHP_102735,SO_107808,WH_14,Road,27-09-2024,2024/10/04,4,7.0,Delayed,669,3290.32,11226,7935.68
SHP_102736,SO_100518,WH_03,Road,11-11-2024,2024/11/20,4,9.0,Delayed,1417,3529.67,9285,5755.33
SHP_102737,SO_100078,WH_06,Road,02-09-2024,2024/09/10,3,8.0,Delayed,2610,1948.51,6714,4765.49
SHP_102738,SO_103233,WH_14,Road,28-03-2024,2024/04/06,4,9.0,Delayed,1269,4028.76,13649,9620.24
SHP_102739,SO_101849,WH_01,Air,15-02-2024,2024/02/21,6,6.0,On Time,600,4768.95,13258,8489.05
SHP_102740,SO_102304,WH_08,Rail,28-03-2024,2024/03/31,4,3.0,On Time,1056,12189.55,44827,32637.45
SHP_102741,SO_109397,WH_05,Rail,27-09-2024,2024/10/03,5,6.0,Delayed,3076,15094.33,49470,34375.67
SHP_102742,SO_100742,WH_12,Road,31-08-2024,2024/09/07,6,7.0,Delayed,2727,6434.4,16750,10315.6
SHP_102743,SO_100105,WH_01,Rail,30-05-2024,2024/06/02,4,3.0,On Time,524,5017.36,22599,17581.64
SHP_102744,SO_100933,WH_02,Air,28-09-2024,2024/10/05,4,7.0,Delayed,1293,7934.87,23667,15732.13
SHP_102745,SO_106133,WH_15,Air,04-06-2024,2024/06/07,7,3.0,On Time,2992,7192.61,23126,15933.39
SHP_102746,SO_106589,WH_05,Rail,28-10-2024,2024/11/01,5,4.0,On Time,1689,11490.91,36815,25324.09
SHP_102747,SO_108374,WH_07,Rail,02-07-2024,2024/07/12,4,10.0,Delayed,3287,6586.21,22330,15743.79
SHP_102748,SO_109944,WH_15,Air,03-08-2024,2024/08/11,3,8.0,Delayed,3592,3758.47,18167,14408.53
SHP_102749,SO_101426,WH_12,Sea,02-11-2024,2024/11/07,7,5.0,On Time,3254,4786.04,15232,10445.96
SHP_102750,SO_101093,WH_11,Sea,15-04-2024,2024/04/24,7,9.0,Delayed,308,8302.06,38794,30491.94
SHP_102751,SO_108081,WH_05,Air,08-04-2024,2024/04/16,5,8.0,Delayed,4121,9239.65,35950,26710.35
SHP_102752,SO_106789,WH_01,Road,25-02-2024,2024/03/01,6,5.0,On Time,1271,11180.35,36488,25307.65
SHP_102753,SO_100719,WH_05,Road,06-04-2024,2024/04/14,7,8.0,Delayed,3597,10256.61,38914,28657.39
SHP_102754,SO_104869,WH_11,Road,30-11-2024,2024/12/07,4,7.0,Delayed,3375,9583.16,44514,34930.84
SHP_102755,SO_108988,WH_09,Rail,08-05-2024,2024/05/18,6,10.0,Delayed,4525,3497.89,10665,7167.11
SHP_102756,SO_109689,WH_08,Air,19-08-2024,2024/08/29,7,10.0,Delayed,3802,6020.05,26388,20367.95
SHP_102757,SO_105847,WH_01,Air,22-03-2024,2024/03/27,7,5.0,On Time,3308,2616.43,9100,6483.57
SHP_102758,SO_107119,WH_02,Road,23-07-2024,2024/07/31,7,8.0,Delayed,3518,6558.01,17238,10679.99
SHP_102759,SO_109499,WH_01,Air,07-05-2024,2024/05/16,3,9.0,Delayed,742,9746.61,36428,26681.39
SHP_102760,SO_107088,WH_14,Sea,23-12-2024,2024/12/31,5,8.0,Delayed,4719,2074.12,6052,3977.88
SHP_102761,SO_109428,WH_11,Sea,08-10-2024,2024/10/16,5,8.0,Delayed,4225,10272.18,48123,37850.82
SHP_102762,SO_106710,WH_15,Rail,03-08-2024,2024/08/09,5,6.0,Delayed,2488,2697.13,11292,8594.87
SHP_102763,SO_103885,WH_14,Road,06-04-2024,2024/04/13,6,7.0,Delayed,3799,4501.15,20953,16451.85
SHP_102764,SO_106828,WH_05,Road,22-09-2024,2024/10/01,5,9.0,Delayed,400,17448.35,44358,26909.65
SHP_102765,SO_101885,WH_04,Rail,01-01-2024,2024/01/03,7,2.0,On Time,4742,11654.72,45824,34169.28
SHP_102766,SO_100731,WH_14,Air,21-06-2024,2024/06/26,5,5.0,On Time,2867,9541.55,26815,17273.45
SHP_102767,SO_104291,WH_01,Road,12-05-2024,2024/05/17,5,5.0,On Time,1996,11232.27,41823,30590.73
SHP_102768,SO_106789,WH_14,Sea,17-09-2024,2024/09/20,4,3.0,On Time,2925,17772.04,49100,31327.96
SHP_102769,SO_105854,WH_14,Rail,16-02-2024,2024/02/26,6,10.0,Delayed,1418,4607.35,14956,10348.65
SHP_102770,SO_108832,WH_01,Road,16-12-2024,2024/12/21,5,5.0,On Time,3662,12804.47,35325,22520.53
SHP_102771,SO_101343,WH_06,Rail,26-04-2024,2024/05/06,6,10.0,Delayed,2737,3550.09,10032,6481.91
SHP_102772,SO_108450,WH_07,Rail,11-06-2024,2024/06/14,6,3.0,On Time,3807,6939.07,21048,14108.93
SHP_102773,SO_101292,WH_01,Rail,17-02-2024,2024/02/24,5,7.0,Delayed,2075,5308.82,25621,20312.18
SHP_102774,SO_108655,WH_13,Road,05-05-2024,2024/05/08,6,3.0,On Time,3055,2249.46,9413,7163.54
SHP_102775,SO_100397,WH_09,Sea,13-07-2024,2024/07/17,7,4.0,On Time,1839,16731.39,47410,30678.61
SHP_102776,SO_104901,WH_05,Rail,21-07-2024,2024/07/29,6,8.0,Delayed,3503,3151.27,12193,9041.73
SHP_102777,SO_100169,WH_06,Road,02-08-2024,2024/08/10,3,8.0,Delayed,395,10476.32,38149,27672.68
SHP_102778,SO_102253,WH_11,Sea,05-06-2024,2024/06/13,4,8.0,Delayed,3582,3963.18,11116,7152.82
SHP_102779,SO_108604,WH_05,Sea,12-11-2024,2024/11/16,4,4.0,On Time,4366,2524.02,7998,5473.98
SHP_102780,SO_102769,WH_06,Sea,20-04-2024,2024/04/22,5,2.0,On Time,420,4712.19,19015,14302.81
SHP_102781,SO_105753,WH_04,Air,04-07-2024,2024/07/10,3,6.0,Delayed,1513,10255.5,40014,29758.5
SHP_102782,SO_100762,WH_14,Road,10-02-2024,2024/02/16,4,6.0,Delayed,3322,5914.06,22977,17062.94
SHP_102783,SO_103964,WH_06,Sea,02-02-2024,2024/02/12,5,10.0,Delayed,1922,2107.43,5643,3535.57
SHP_102784,SO_105605,WH_09,Rail,28-03-2024,2024/04/05,6,8.0,Delayed,466,9456.63,39824,30367.37
SHP_102785,SO_100717,WH_11,Sea,19-10-2024,2024/10/24,6,5.0,On Time,2526,12168.46,44986,32817.54
SHP_102786,SO_102108,WH_03,Rail,24-01-2024,2024/02/01,3,8.0,Delayed,3693,18712.54,50000,31287.46
SHP_102787,SO_109985,WH_05,Sea,21-05-2024,2024/05/28,6,7.0,Delayed,302,8546.01,36575,28028.99
SHP_102788,SO_101044,WH_01,Air,09-08-2024,2024/08/19,6,10.0,Delayed,1800,6781.12,22329,15547.88
SHP_102789,SO_105340,WH_10,Sea,25-02-2024,2024/02/28,3,3.0,On Time,3382,11512.29,29252,17739.71
SHP_102790,SO_103347,WH_11,Road,25-09-2024,2024/10/02,6,7.0,Delayed,2661,12611.11,41546,28934.89
SHP_102791,SO_101900,WH_02,Air,09-12-2024,2024/12/19,6,,Delayed,2070,2963.42,13045,10081.58
SHP_102792,SO_100250,WH_12,Air,05-05-2024,2024/05/10,3,5.0,Delayed,3372,12798.92,43297,30498.08
SHP_102793,SO_100576,WH_06,Rail,19-03-2024,2024/03/28,6,9.0,Delayed,463,14850.48,40281,25430.52
SHP_102794,SO_106890,WH_08,Air,28-12-2024,2025/01/01,4,4.0,On Time,4678,7524.53,27007,19482.47
SHP_102795,SO_105710,WH_15,Air,29-06-2024,2024/07/01,5,2.0,On Time,542,4331.59,12021,7689.41
SHP_102796,SO_104335,WH_09,Sea,10-03-2024,2024/03/20,3,10.0,Delayed,3330,6141.18,29906,23764.82
SHP_102797,SO_101067,WH_04,Rail,05-10-2024,2024/10/15,6,10.0,Delayed,4816,12515.94,49944,37428.06
SHP_102798,SO_102744,WH_09,Sea,27-05-2024,2024/06/05,4,9.0,Delayed,2563,5331.72,26530,21198.28
SHP_102799,SO_103399,WH_15,Rail,23-05-2024,2024/05/31,4,8.0,Delayed,2899,5745.76,26319,20573.24
SHP_102800,SO_108145,WH_01,Sea,25-09-2024,2024/10/05,6,10.0,Delayed,3019,5758.76,15795,10036.24
SHP_102801,SO_100244,WH_13,Road,26-05-2024,2024/06/05,3,10.0,Delayed,358,2832.22,11233,8400.78
SHP_102802,SO_105991,WH_02,Rail,21-01-2024,2024/01/29,5,8.0,Delayed,418,16710.0,48454,31744.0
SHP_102803,SO_104221,WH_10,Road,22-05-2024,2024/05/28,7,6.0,On Time,334,6188.82,24155,17966.18
SHP_102804,SO_106537,WH_06,Road,14-11-2024,2024/11/19,3,5.0,Delayed,1838,6974.3,29620,22645.7
SHP_102805,SO_108835,WH_11,Air,12-12-2024,2024/12/17,4,5.0,Delayed,3824,8284.98,21253,12968.02
SHP_102806,SO_109982,WH_11,Air,28-01-2024,2024/02/06,6,9.0,Delayed,267,13179.43,49858,36678.57
SHP_102807,SO_105281,WH_08,Road,12-05-2024,2024/05/14,7,2.0,On Time,3570,14099.16,46055,31955.84
SHP_102808,SO_101126,WH_10,Rail,07-02-2024,2024/02/17,4,10.0,Delayed,4471,5148.96,20116,14967.04
SHP_102809,SO_106924,WH_08,Road,15-03-2024,2024/03/25,7,10.0,Delayed,1334,8311.25,35650,27338.75
SHP_102810,SO_101968,WH_06,Sea,31-10-2024,2024/11/06,5,6.0,Delayed,4799,13112.89,43207,30094.11
SHP_102811,SO_100385,WH_05,Road,16-11-2024,2024/11/22,7,6.0,On Time,1552,3741.93,12819,9077.07
SHP_102812,SO_104210,WH_03,Sea,19-01-2024,2024/01/21,7,2.0,On Time,2433,1985.95,6397,4411.05
SHP_102813,SO_109145,WH_09,Air,13-08-2024,2024/08/22,6,9.0,Delayed,3658,4705.41,19680,14974.59
SHP_102814,SO_101591,WH_03,Rail,05-08-2024,2024/08/08,7,3.0,On Time,613,15213.44,42061,26847.56
SHP_102815,SO_109949,WH_06,Road,16-09-2024,2024/09/18,3,2.0,On Time,4108,3719.79,17505,13785.21
SHP_102816,SO_103987,WH_14,Air,22-01-2024,2024/02/01,5,10.0,Delayed,3962,16812.05,45610,28797.95
SHP_102817,SO_106577,WH_02,Sea,05-11-2024,2024/11/11,5,6.0,Delayed,2561,17443.37,49911,32467.63
SHP_102818,SO_105523,WH_10,Road,12-08-2024,2024/08/22,7,10.0,Delayed,4462,7924.27,36199,28274.73
SHP_102819,SO_108190,WH_03,Rail,04-12-2024,2024/12/13,5,9.0,Delayed,4231,1977.54,5285,3307.46
SHP_102820,SO_101921,WH_01,Air,13-09-2024,2024/09/16,5,3.0,On Time,2550,15965.83,42049,26083.17
SHP_102821,SO_105999,WH_12,Air,15-12-2024,2024/12/19,4,4.0,On Time,3252,1519.81,5853,4333.19
SHP_102822,SO_104776,WH_04,Rail,01-01-2024,2024/01/10,7,9.0,Delayed,3334,8835.85,41857,33021.15
SHP_102823,SO_101103,WH_06,Rail,23-02-2024,2024/02/25,7,2.0,On Time,252,7628.43,31693,24064.57
SHP_102824,SO_100285,WH_04,Road,13-03-2024,2024/03/22,5,9.0,Delayed,4688,8456.3,35914,27457.7
SHP_102825,SO_102415,WH_01,Road,04-03-2024,2024/03/12,7,8.0,Delayed,2144,6296.19,19445,13148.81
SHP_102826,SO_104719,WH_13,Road,22-01-2024,2024/02/01,4,10.0,Delayed,2711,3393.63,13508,10114.37
SHP_102827,SO_100048,WH_14,Air,13-01-2024,2024/01/20,3,7.0,Delayed,2318,3536.44,11644,8107.56
SHP_102828,SO_102555,WH_13,Rail,18-09-2024,2024/09/25,6,7.0,Delayed,316,15785.68,47023,31237.32
SHP_102829,SO_103674,WH_13,Road,05-01-2024,2024/01/12,7,7.0,On Time,2051,13726.13,43254,29527.87
SHP_102830,SO_103549,WH_07,Air,09-09-2024,2024/09/12,6,3.0,On Time,4878,5748.93,17002,11253.07
SHP_102831,SO_109508,WH_07,Sea,27-08-2024,2024/08/30,7,3.0,On Time,4195,12503.96,39650,27146.04
SHP_102832,SO_100291,WH_07,Rail,10-10-2024,2024/10/13,7,3.0,On Time,3031,9737.96,27178,17440.04
SHP_102833,SO_100224,WH_02,Sea,14-10-2024,2024/10/17,5,3.0,On Time,1578,10159.16,42302,32142.84
SHP_102834,SO_105747,WH_06,Air,05-09-2024,2024/09/12,7,7.0,On Time,2281,10268.26,29658,19389.74
SHP_102835,SO_101844,WH_05,Air,26-05-2024,2024/06/02,3,7.0,Delayed,581,8246.76,26458,18211.24
SHP_102836,SO_104439,WH_03,Road,22-05-2024,2024/05/28,5,6.0,Delayed,4530,4103.59,12020,7916.41
SHP_102837,SO_106769,WH_07,Rail,11-01-2024,2024/01/17,7,6.0,On Time,2894,13497.09,44865,31367.91
SHP_102838,SO_108978,WH_02,Air,26-03-2024,2024/04/04,6,9.0,Delayed,2969,3579.96,13933,10353.04
SHP_102839,SO_101047,WH_10,Rail,12-10-2024,2024/10/21,4,9.0,Delayed,793,3118.88,8270,5151.12
SHP_102840,SO_107511,WH_13,Sea,29-09-2024,2024/10/04,3,5.0,Delayed,3141,2859.06,12573,9713.94
SHP_102841,SO_106123,WH_07,Sea,10-02-2024,2024/02/17,7,7.0,On Time,650,11645.65,41106,29460.35
SHP_102842,SO_102862,WH_11,Sea,11-06-2024,2024/06/15,3,4.0,Delayed,501,9357.51,26016,16658.49
SHP_102843,SO_109022,WH_01,Air,16-05-2024,2024/05/25,3,9.0,Delayed,4790,10694.57,44704,34009.43
SHP_102844,SO_107015,WH_06,Rail,20-03-2024,2024/03/22,6,2.0,On Time,1930,4253.18,19579,15325.82
SHP_102845,SO_106948,WH_02,Road,06-03-2024,2024/03/11,7,5.0,On Time,2795,8284.69,21619,13334.31
SHP_102846,SO_104028,WH_06,Rail,27-10-2024,2024/11/06,4,10.0,Delayed,3506,12995.08,43724,30728.92
SHP_102847,SO_102482,WH_11,Sea,16-08-2024,2024/08/19,3,3.0,On Time,4690,3424.61,15060,11635.39
SHP_102848,SO_100034,WH_10,Sea,15-01-2024,2024/01/18,4,3.0,On Time,2980,12484.42,47860,35375.58
SHP_102849,SO_105849,WH_06,Rail,06-02-2024,2024/02/12,3,6.0,Delayed,3095,2405.0,10655,8250.0
SHP_102850,SO_109122,WH_14,Air,26-12-2024,2024/12/30,4,4.0,On Time,2078,11407.02,40423,29015.98
SHP_102851,SO_101217,WH_15,Air,14-01-2024,2024/01/16,7,2.0,On Time,2057,2936.24,13112,10175.76
SHP_102852,SO_106472,WH_04,Sea,17-04-2024,2024/04/25,3,8.0,Delayed,2675,2617.12,7590,4972.88
SHP_102853,SO_109374,WH_04,Sea,12-01-2024,2024/01/15,7,3.0,On Time,1253,5486.51,22168,16681.49
SHP_102854,SO_106251,WH_01,Road,14-01-2024,2024/01/24,7,10.0,Delayed,1596,8192.48,26219,18026.52
SHP_102855,SO_107037,WH_13,Sea,29-12-2024,2025/01/04,6,6.0,On Time,3916,1941.66,9293,7351.34
SHP_102856,SO_104419,WH_01,Road,24-09-2024,2024/10/04,7,10.0,Delayed,1061,4156.17,19930,15773.83
SHP_102857,SO_100385,WH_10,Air,13-03-2024,2024/03/21,3,8.0,Delayed,4274,2896.86,11280,8383.14
SHP_102858,SO_102016,WH_08,Rail,06-05-2024,2024/05/10,4,4.0,On Time,2722,10032.41,26514,16481.59
SHP_102859,SO_102215,WH_13,Air,26-01-2024,2024/02/02,3,7.0,Delayed,4666,5418.03,17765,12346.97
SHP_102860,SO_109779,WH_06,Air,23-05-2024,2024/05/25,4,2.0,On Time,1458,9930.02,26391,16460.98
SHP_102861,SO_105375,WH_01,Rail,05-11-2024,2024/11/15,6,10.0,Delayed,1897,12983.13,43551,30567.87
SHP_102862,SO_103821,WH_04,Air,24-11-2024,2024/11/30,5,6.0,Delayed,2567,8108.26,37094,28985.74
SHP_102863,SO_102744,WH_07,Air,07-07-2024,2024/07/10,7,3.0,On Time,2746,6263.34,30099,23835.66
SHP_102864,SO_100316,WH_10,Air,10-03-2024,2024/03/15,3,5.0,Delayed,1253,14885.51,41844,26958.49
SHP_102865,SO_101607,WH_12,Sea,13-09-2024,2024/09/18,4,5.0,Delayed,3739,3018.15,12306,9287.85
SHP_102866,SO_102433,WH_07,Air,17-06-2024,2024/06/20,5,3.0,On Time,1598,4268.75,15419,11150.25
SHP_102867,SO_109737,WH_10,Road,08-09-2024,2024/09/18,5,10.0,Delayed,4451,5514.96,15085,9570.04
SHP_102868,SO_102407,WH_05,Rail,30-12-2024,2025/01/05,4,6.0,Delayed,3916,2234.74,6243,4008.26
SHP_102869,SO_104376,WH_03,Sea,19-08-2024,2024/08/23,3,4.0,Delayed,3737,5483.38,14711,9227.62
SHP_102870,SO_101309,WH_07,Road,27-10-2024,2024/11/05,5,9.0,Delayed,3921,2559.93,9836,7276.07
SHP_102871,SO_108010,WH_08,Sea,06-09-2024,2024/09/09,5,3.0,On Time,3035,10100.99,34410,24309.01
SHP_102872,SO_100900,WH_14,Rail,22-01-2024,2024/01/28,7,6.0,On Time,1063,2552.2,11960,9407.8
SHP_102873,SO_105287,WH_15,Rail,04-05-2024,2024/05/06,7,2.0,On Time,2330,9619.85,45934,36314.15
SHP_102874,SO_106323,WH_14,Rail,04-08-2024,2024/08/09,4,5.0,Delayed,2076,6711.04,26232,19520.96
SHP_102875,SO_100031,WH_04,Air,09-02-2024,2024/02/17,7,8.0,Delayed,4671,9517.13,34733,25215.87
SHP_102876,SO_102968,WH_11,Sea,16-02-2024,2024/02/24,6,8.0,Delayed,814,13771.18,48486,34714.82
SHP_102877,SO_105263,WH_06,Air,20-06-2024,2024/06/24,7,4.0,On Time,2947,10038.26,29350,19311.74
SHP_102878,SO_103766,WH_03,Road,27-10-2024,2024/11/01,3,5.0,Delayed,1156,4760.55,14223,9462.45
SHP_102879,SO_106824,WH_09,Sea,07-01-2024,2024/01/13,4,6.0,Delayed,4923,13593.27,35595,22001.73
SHP_102880,SO_100132,WH_10,Sea,26-11-2024,2024/11/29,5,3.0,On Time,3205,11491.84,41165,29673.16
SHP_102881,SO_101852,WH_12,Road,20-09-2024,2024/09/24,5,4.0,On Time,279,10460.54,32185,21724.46
SHP_102882,SO_107210,WH_14,Sea,16-09-2024,2024/09/18,4,2.0,On Time,3832,10311.48,26264,15952.52
SHP_102883,SO_104610,WH_11,Rail,18-10-2024,2024/10/27,7,9.0,Delayed,1765,11819.99,36381,24561.01
SHP_102884,SO_105055,WH_13,Road,18-06-2024,2024/06/26,5,8.0,Delayed,1037,3638.92,9543,5904.08
SHP_102885,SO_108424,WH_14,Sea,11-01-2024,2024/01/15,5,4.0,On Time,3030,1462.44,6059,4596.56
SHP_102886,SO_100987,WH_03,Air,01-11-2024,2024/11/11,6,10.0,Delayed,2030,10652.07,35731,25078.93
SHP_102887,SO_101654,WH_12,Air,10-11-2024,2024/11/19,5,9.0,Delayed,3295,13627.35,38629,25001.65
SHP_102888,SO_107355,WH_05,Sea,20-07-2024,2024/07/30,6,10.0,Delayed,3696,1256.22,5164,3907.78
SHP_102889,SO_104982,WH_12,Road,06-06-2024,2024/06/12,6,6.0,On Time,2150,6234.68,28248,22013.32
SHP_102890,SO_105265,WH_05,Road,16-03-2024,2024/03/26,3,10.0,Delayed,3211,11042.33,49514,38471.67
SHP_102891,SO_109434,WH_02,Sea,05-01-2024,2024/01/08,3,3.0,On Time,3174,17236.02,45232,27995.98
SHP_102892,SO_105753,WH_12,Air,03-12-2024,2024/12/11,4,8.0,Delayed,1568,11425.78,32644,21218.22
SHP_102893,SO_100113,WH_04,Rail,15-12-2024,2024/12/23,4,8.0,Delayed,3689,4928.89,13147,8218.11
SHP_102894,SO_102947,WH_02,Sea,26-06-2024,2024/06/30,3,,Delayed,205,9198.7,34428,25229.3
SHP_102895,SO_107715,WH_13,Rail,10-08-2024,2024/08/14,6,4.0,On Time,2620,13029.79,37272,24242.21
SHP_102896,SO_106456,WH_07,Air,28-07-2024,2024/08/03,7,6.0,On Time,4835,4139.48,10822,6682.52
SHP_102897,SO_100998,WH_15,Rail,23-09-2024,2024/09/30,3,7.0,Delayed,1576,10981.97,32118,21136.03
SHP_102898,SO_106782,WH_03,Road,08-02-2024,2024/02/10,6,2.0,On Time,3771,5390.74,17854,12463.26
SHP_102899,SO_109216,WH_07,Sea,15-01-2024,2024/01/18,4,3.0,On Time,4075,11661.27,40501,28839.73
SHP_102900,SO_104622,WH_04,Sea,22-12-2024,2024/12/25,3,3.0,On Time,507,10477.16,40209,29731.84
SHP_102901,SO_109402,WH_11,Rail,18-12-2024,2024/12/24,3,6.0,Delayed,201,10637.95,46741,36103.05
SHP_102902,SO_109482,WH_02,Sea,01-06-2024,2024/06/07,5,6.0,Delayed,4568,8272.04,28259,19986.96
SHP_102903,SO_100579,WH_02,Rail,22-02-2024,2024/02/29,7,7.0,On Time,1860,11342.64,34989,23646.36
SHP_102904,SO_101655,WH_11,Sea,15-05-2024,2024/05/19,6,4.0,On Time,3338,5859.88,16055,10195.12
SHP_102905,SO_105315,WH_04,Rail,25-08-2024,2024/08/28,4,3.0,On Time,4030,6677.49,16750,10072.51
SHP_102906,SO_106751,WH_15,Sea,17-01-2024,2024/01/26,3,9.0,Delayed,2544,5704.89,19329,13624.11
SHP_102907,SO_108365,WH_02,Rail,21-09-2024,2024/09/24,3,3.0,On Time,3602,7641.41,22216,14574.59
SHP_102908,SO_104730,WH_02,Air,20-04-2024,2024/04/28,3,8.0,Delayed,1898,10882.08,45817,34934.92
SHP_102909,SO_100669,WH_08,Sea,30-07-2024,2024/08/07,6,8.0,Delayed,3864,7329.51,19088,11758.49
SHP_102910,SO_109556,WH_05,Air,24-12-2024,2024/12/30,3,6.0,Delayed,1039,11650.61,29251,17600.39
SHP_102911,SO_103141,WH_11,Air,24-12-2024,2025/01/02,4,,Delayed,4532,6027.43,26118,20090.57
SHP_102912,SO_108796,WH_13,Rail,21-07-2024,2024/07/23,5,2.0,On Time,2452,8175.96,36165,27989.04
SHP_102913,SO_100881,WH_05,Sea,31-08-2024,2024/09/02,5,2.0,On Time,219,13699.56,37808,24108.44
SHP_102914,SO_107138,WH_08,Air,15-08-2024,2024/08/17,3,2.0,On Time,4447,13230.44,35024,21793.56
SHP_102915,SO_101064,WH_04,Sea,11-08-2024,2024/08/14,5,3.0,On Time,576,4574.3,15379,10804.7
SHP_102916,SO_102327,WH_08,Air,20-10-2024,2024/10/23,3,3.0,On Time,2376,9642.45,30850,21207.55
SHP_102917,SO_105182,WH_01,Road,03-06-2024,2024/06/09,3,6.0,Delayed,4974,4040.17,12340,8299.83
SHP_102918,SO_100969,WH_12,Road,20-04-2024,2024/04/27,4,7.0,Delayed,3255,16240.61,44390,28149.39
SHP_102919,SO_103559,WH_12,Air,20-03-2024,2024/03/23,6,3.0,On Time,1561,17423.97,47121,29697.03
SHP_102920,SO_107944,WH_14,Road,28-05-2024,2024/05/31,7,3.0,On Time,2635,4309.45,10884,6574.55
SHP_102921,SO_103202,WH_14,Road,28-10-2024,2024/10/31,5,3.0,On Time,1489,3222.12,8248,5025.88
SHP_102922,SO_103255,WH_10,Rail,18-08-2024,2024/08/28,6,10.0,Delayed,4983,3998.61,15251,11252.39
SHP_102923,SO_102343,WH_11,Road,05-07-2024,2024/07/07,5,2.0,On Time,3603,9765.49,36926,27160.51
SHP_102924,SO_104925,WH_08,Sea,28-11-2024,2024/12/01,5,3.0,On Time,3934,13868.83,39632,25763.17
SHP_102925,SO_107467,WH_14,Road,09-07-2024,2024/07/11,3,2.0,On Time,1282,-12144.23,34230,46374.23
SHP_102926,SO_105510,WH_05,Air,29-08-2024,2024/09/01,7,3.0,On Time,2167,11629.17,31002,19372.83
SHP_102927,SO_104136,WH_15,Rail,02-01-2024,2024/01/11,4,9.0,Delayed,226,14468.41,45542,31073.59
SHP_102928,SO_105273,WH_07,Air,12-11-2024,2024/11/22,4,10.0,Delayed,3415,7624.65,37189,29564.35
SHP_102929,SO_107932,WH_13,Road,16-10-2024,2024/10/24,5,8.0,Delayed,2125,9099.88,37504,28404.12
SHP_102930,SO_108668,WH_10,Air,25-08-2024,2024/08/27,7,2.0,On Time,1342,13583.17,37708,24124.83
SHP_102931,SO_101039,WH_09,Rail,07-08-2024,2024/08/17,4,10.0,Delayed,2106,12212.36,37264,25051.64
SHP_102932,SO_106712,WH_12,Air,25-06-2024,2024/07/01,7,6.0,On Time,2766,10748.02,38201,27452.98
SHP_102933,SO_109485,WH_03,Road,30-12-2024,2025/01/06,4,7.0,Delayed,3864,-6733.67,21307,28040.67
SHP_102934,SO_102147,WH_06,Road,21-04-2024,2024/04/26,7,5.0,On Time,903,9411.8,34384,24972.2
SHP_102935,SO_109316,WH_08,Rail,02-03-2024,2024/03/09,3,7.0,Delayed,4356,3885.01,12888,9002.99
SHP_102936,SO_109705,WH_15,Sea,06-04-2024,2024/04/10,4,4.0,On Time,617,8966.71,28601,19634.29
SHP_102937,SO_101272,WH_10,Rail,28-11-2024,2024/12/08,7,10.0,Delayed,861,6132.33,18890,12757.67
SHP_102938,SO_107847,WH_11,Sea,15-11-2024,2024/11/20,5,5.0,On Time,4738,6394.74,20586,14191.26
SHP_102939,SO_108063,WH_08,Rail,05-12-2024,2024/12/11,5,6.0,Delayed,1900,13338.39,38437,25098.61
SHP_102940,SO_107215,WH_13,Rail,21-01-2024,2024/01/29,3,8.0,Delayed,3299,13924.07,35405,21480.93
SHP_102941,SO_107773,WH_11,Rail,08-02-2024,2024/02/11,5,3.0,On Time,4694,8625.06,26285,17659.94
SHP_102942,SO_107042,WH_09,Road,07-05-2024,2024/05/16,5,9.0,Delayed,1908,10749.69,45081,34331.31
SHP_102943,SO_101875,WH_15,Rail,01-09-2024,2024/09/07,3,6.0,Delayed,3511,11041.32,44364,33322.68
SHP_102944,SO_105300,WH_09,Rail,08-10-2024,2024/10/13,4,5.0,Delayed,645,1867.66,6065,4197.34
SHP_102945,SO_102774,WH_12,Sea,28-12-2024,2025/01/01,7,4.0,On Time,4805,6046.93,26530,20483.07
SHP_102946,SO_104950,WH_09,Sea,28-09-2024,2024/10/07,3,9.0,Delayed,1238,6022.67,28748,22725.33
SHP_102947,SO_104604,WH_15,Road,29-03-2024,2024/04/07,7,9.0,Delayed,2660,3455.83,16705,13249.17
SHP_102948,SO_103312,WH_03,Air,01-01-2024,2024/01/04,5,3.0,On Time,1054,2517.5,12074,9556.5
SHP_102949,SO_104352,WH_04,Air,11-10-2024,2024/10/19,6,8.0,Delayed,3595,2709.43,12963,10253.57
SHP_102950,SO_100418,WH_03,Rail,24-04-2024,2024/05/02,5,8.0,Delayed,1899,10112.5,37267,27154.5
SHP_102951,SO_109555,WH_12,Rail,22-12-2024,2024/12/27,7,5.0,On Time,3384,10369.98,31383,21013.02
SHP_102952,SO_104909,WH_13,Air,24-08-2024,2024/08/27,7,3.0,On Time,2547,9654.77,30682,21027.23
SHP_102953,SO_105078,WH_11,Road,10-06-2024,2024/06/12,3,2.0,On Time,1112,2587.59,7163,4575.41
SHP_102954,SO_108035,WH_13,Sea,02-01-2024,2024/01/09,5,7.0,Delayed,2846,1421.91,6017,4595.09
SHP_102955,SO_107993,WH_07,Road,25-02-2024,2024/03/01,3,5.0,Delayed,888,9715.26,39133,29417.74
SHP_102956,SO_102602,WH_13,Road,18-11-2024,2024/11/25,6,7.0,Delayed,1482,4090.84,16705,12614.16
SHP_102957,SO_105675,WH_03,Rail,12-04-2024,2024/04/14,6,2.0,On Time,1516,4453.45,13093,8639.55
SHP_102958,SO_105942,WH_07,Sea,21-09-2024,2024/09/26,4,5.0,Delayed,4955,2813.67,12029,9215.33
SHP_102959,SO_109735,WH_03,Air,06-02-2024,2024/02/14,7,8.0,Delayed,3272,3607.22,9366,5758.78
SHP_102960,SO_109643,WH_10,Air,08-05-2024,2024/05/16,4,8.0,Delayed,3119,17569.27,45318,27748.73
SHP_102961,SO_107727,WH_02,Road,16-05-2024,2024/05/24,7,8.0,Delayed,2829,17440.27,49397,31956.73
SHP_102962,SO_107387,WH_15,Road,11-07-2024,2024/07/14,4,3.0,On Time,1110,14216.17,42586,28369.83
SHP_102963,SO_109092,WH_10,Rail,10-06-2024,2024/06/14,6,4.0,On Time,2109,2761.75,7497,4735.25
SHP_102964,SO_108480,WH_12,Road,26-05-2024,2024/06/05,3,10.0,Delayed,1686,2840.81,12091,9250.19
SHP_102965,SO_100811,WH_01,Sea,29-11-2024,2024/12/03,6,4.0,On Time,3579,2789.28,9342,6552.72
SHP_102966,SO_107372,WH_02,Rail,11-03-2024,2024/03/17,4,6.0,Delayed,3171,15789.0,39744,23955.0
SHP_102967,SO_107109,WH_10,Sea,26-06-2024,2024/07/04,5,8.0,Delayed,4173,13579.8,44941,31361.2
SHP_102968,SO_106286,WH_02,Sea,11-06-2024,2024/06/19,5,8.0,Delayed,2260,7036.65,25515,18478.35
SHP_102969,SO_109890,WH_11,Sea,22-08-2024,2024/08/30,4,8.0,Delayed,3177,13443.12,41577,28133.88
SHP_102970,SO_109714,WH_11,Air,09-01-2024,2024/01/12,3,3.0,On Time,4864,3791.36,11855,8063.64
SHP_102971,SO_101627,WH_12,Road,28-10-2024,2024/11/02,4,5.0,Delayed,1703,14892.14,46554,31661.86
SHP_102972,SO_101495,WH_09,Road,03-05-2024,2024/05/06,4,3.0,On Time,3704,9460.52,36905,27444.48
SHP_102973,SO_103723,WH_08,Air,09-02-2024,2024/02/13,6,4.0,On Time,1412,8897.87,24241,15343.13
SHP_102974,SO_106879,WH_01,Sea,11-09-2024,2024/09/17,3,6.0,Delayed,3118,6060.7,24837,18776.3
SHP_102975,SO_100742,WH_02,Road,27-04-2024,2024/05/01,7,4.0,On Time,4534,5240.41,16778,11537.59
SHP_102976,SO_107406,WH_08,Road,21-08-2024,2024/08/27,5,6.0,Delayed,1341,6578.65,19460,12881.35
SHP_102977,SO_104570,WH_12,Road,22-06-2024,2024/06/26,3,4.0,Delayed,4661,2534.42,6428,3893.58
SHP_102978,SO_106974,WH_07,Air,27-02-2024,2024/03/02,4,4.0,On Time,2473,11216.34,48541,37324.66
SHP_102979,SO_105295,WH_15,Sea,29-05-2024,2024/06/02,7,4.0,On Time,444,11940.28,43803,31862.72
SHP_102980,SO_109611,WH_05,Air,07-10-2024,2024/10/09,4,2.0,On Time,4109,10663.49,41796,31132.51
SHP_102981,SO_105222,WH_14,Rail,23-11-2024,2024/11/25,3,2.0,On Time,4303,1731.58,6881,5149.42
SHP_102982,SO_108706,WH_07,Road,20-09-2024,2024/09/27,4,7.0,Delayed,1145,10986.57,46939,35952.43
SHP_102983,SO_100665,WH_02,Air,02-05-2024,2024/05/09,7,7.0,On Time,4117,2283.35,6292,4008.65
SHP_102984,SO_107147,WH_14,Sea,27-02-2024,2024/02/29,6,2.0,On Time,1004,14067.68,44704,30636.32
SHP_102985,SO_107325,WH_07,Sea,01-07-2024,2024/07/09,5,8.0,Delayed,4279,2325.19,6396,4070.81
SHP_102986,SO_108925,WH_14,Rail,20-02-2024,2024/02/29,4,9.0,Delayed,4156,12761.89,38416,25654.11
SHP_102987,SO_102153,WH_11,Rail,19-02-2024,2024/02/26,4,7.0,Delayed,1027,2728.38,11810,9081.62
SHP_102988,SO_101559,WH_14,Road,01-12-2024,2024/12/05,6,,Delayed,3574,7800.37,23359,15558.63
SHP_102989,SO_103337,WH_15,Rail,21-09-2024,2024/09/29,6,8.0,Delayed,973,2271.02,6331,4059.98
SHP_102990,SO_101865,WH_10,Road,10-10-2024,2024/10/14,5,4.0,On Time,1778,4648.96,16063,11414.04
SHP_102991,SO_102456,WH_02,Sea,11-09-2024,2024/09/17,5,6.0,Delayed,4897,2080.04,5614,3533.96
SHP_102992,SO_101967,WH_13,Sea,13-07-2024,2024/07/17,5,4.0,On Time,4507,4048.07,13739,9690.93
SHP_102993,SO_108759,WH_10,Road,12-12-2024,2024/12/14,3,2.0,On Time,1856,7225.77,35356,28130.23
SHP_102994,SO_107927,WH_06,Rail,20-01-2024,2024/01/27,4,7.0,Delayed,4695,7180.48,34910,27729.52
SHP_102995,SO_108816,WH_05,Air,01-12-2024,2024/12/04,6,3.0,On Time,490,12199.37,48417,36217.63
SHP_102996,SO_104688,WH_13,Rail,28-04-2024,2024/05/04,6,6.0,On Time,3983,3498.07,17165,13666.93
SHP_102997,SO_104228,WH_01,Sea,15-10-2024,2024/10/20,3,5.0,Delayed,3880,1535.71,5483,3947.29
SHP_102998,SO_107620,WH_07,Road,01-01-2024,2024/01/03,5,2.0,On Time,2622,7561.02,36781,29219.98
SHP_102999,SO_103200,WH_13,Sea,09-07-2024,2024/07/13,3,4.0,Delayed,4251,7559.17,24349,16789.83
SHP_103000,SO_108752,WH_13,Road,01-08-2024,2024/08/07,5,6.0,Delayed,3186,15655.51,43337,27681.49
SHP_103001,SO_108953,WH_11,Air,15-04-2024,2024/04/17,7,2.0,On Time,1644,10989.64,36722,25732.36
SHP_103002,SO_102183,WH_08,Road,02-06-2024,2024/06/11,6,9.0,Delayed,4831,7863.89,35150,27286.11
SHP_103003,SO_103270,WH_02,Air,04-02-2024,2024/02/13,6,,Delayed,2379,6562.8,32073,25510.2
SHP_103004,SO_108158,WH_07,Air,26-10-2024,2024/10/29,5,3.0,On Time,2122,3101.77,13360,10258.23
SHP_103005,SO_107663,WH_12,Road,19-10-2024,2024/10/26,7,7.0,On Time,4582,5218.04,25075,19856.96
SHP_103006,SO_100056,WH_14,Rail,18-10-2024,2024/10/25,4,7.0,Delayed,4869,5584.46,20994,15409.54
SHP_103007,SO_101705,WH_02,Road,05-06-2024,2024/06/12,4,7.0,Delayed,2892,6460.93,29000,22539.07
SHP_103008,SO_100540,WH_01,Road,18-11-2024,2024/11/21,4,3.0,On Time,834,5536.33,14785,9248.67
SHP_103009,SO_107774,WH_04,Rail,29-01-2024,2024/02/06,4,8.0,Delayed,1327,9612.08,28617,19004.92
SHP_103010,SO_107260,WH_06,Road,12-07-2024,2024/07/16,7,4.0,On Time,4125,13805.05,36422,22616.95
SHP_103011,SO_109711,WH_09,Rail,05-01-2024,2024/01/11,4,6.0,Delayed,4627,2173.54,9069,6895.46
SHP_103012,SO_100628,WH_13,Road,05-11-2024,2024/11/08,5,3.0,On Time,1539,8422.2,39307,30884.8
SHP_103013,SO_101167,WH_15,Road,20-02-2024,2024/02/29,6,9.0,Delayed,2777,9353.85,40164,30810.15
SHP_103014,SO_108227,WH_14,Rail,30-10-2024,2024/11/07,6,8.0,Delayed,2305,14027.72,36480,22452.28
SHP_103015,SO_104016,WH_14,Air,23-10-2024,2024/10/27,3,4.0,Delayed,1509,10905.04,32320,21414.96
SHP_103016,SO_101609,WH_03,Sea,21-12-2024,2024/12/28,6,7.0,Delayed,1369,8752.51,41320,32567.49
SHP_103017,SO_108265,WH_13,Rail,22-04-2024,2024/04/29,5,7.0,Delayed,4531,7680.35,26480,18799.65
SHP_103018,SO_109377,WH_13,Sea,18-07-2024,2024/07/27,7,9.0,Delayed,4048,5980.22,29288,23307.78
SHP_103019,SO_102338,WH_14,Sea,03-02-2024,2024/02/12,3,9.0,Delayed,2698,2783.94,8179,5395.06
SHP_103020,SO_107553,WH_09,Air,01-05-2024,2024/05/11,7,10.0,Delayed,2451,14955.86,43609,28653.14
SHP_103021,SO_104475,WH_07,Road,11-01-2024,2024/01/13,5,,Delayed,4908,1340.47,5604,4263.53
SHP_103022,SO_104931,WH_14,Road,30-04-2024,2024/05/08,5,8.0,Delayed,999,5038.02,13744,8705.98
SHP_103023,SO_104447,WH_09,Road,05-11-2024,2024/11/13,3,8.0,Delayed,3397,9601.43,34351,24749.57
SHP_103024,SO_104970,WH_09,Air,01-05-2024,2024/05/10,5,9.0,Delayed,3325,9541.98,36665,27123.02
SHP_103025,SO_102614,WH_02,Road,25-12-2024,2025/01/01,7,7.0,On Time,2692,-14042.74,35468,49510.74
SHP_103026,SO_102734,WH_14,Sea,03-03-2024,2024/03/06,6,3.0,On Time,1647,5034.49,14164,9129.51
SHP_103027,SO_103940,WH_04,Air,09-06-2024,2024/06/16,6,7.0,Delayed,1241,3272.85,13093,9820.15
SHP_103028,SO_107038,WH_06,Sea,29-09-2024,2024/10/09,7,10.0,Delayed,1988,2545.92,9040,6494.08
SHP_103029,SO_108224,WH_02,Air,25-08-2024,2024/08/29,5,4.0,On Time,1616,11560.25,34590,23029.75
SHP_103030,SO_100236,WH_08,Air,29-08-2024,2024/08/31,4,2.0,On Time,1307,7697.35,35249,27551.65
SHP_103031,SO_105757,WH_03,Air,26-06-2024,2024/06/29,7,3.0,On Time,4881,14305.25,47733,33427.75
SHP_103032,SO_108467,WH_15,Road,22-03-2024,2024/03/25,4,3.0,On Time,556,4938.58,20839,15900.42
SHP_103033,SO_101508,WH_12,Rail,18-05-2024,2024/05/22,4,4.0,On Time,4271,10164.15,37720,27555.85
SHP_103034,SO_105632,WH_14,Air,18-07-2024,2024/07/22,3,4.0,Delayed,603,13254.87,47700,34445.13
SHP_103035,SO_107697,WH_06,Rail,13-08-2024,2024/08/21,7,8.0,Delayed,2953,3744.9,14295,10550.1
SHP_103036,SO_103136,WH_12,Road,17-03-2024,2024/03/22,7,5.0,On Time,4995,8350.34,22400,14049.66
SHP_103037,SO_101691,WH_14,Road,11-07-2024,2024/07/20,3,9.0,Delayed,1313,6630.75,27759,21128.25
SHP_103038,SO_108201,WH_03,Road,21-03-2024,2024/03/27,5,6.0,Delayed,1071,4829.08,12580,7750.92
SHP_103039,SO_102923,WH_03,Road,04-11-2024,2024/11/06,3,2.0,On Time,2753,16651.73,43693,27041.27
SHP_103040,SO_100888,WH_10,Sea,15-10-2024,2024/10/20,3,5.0,Delayed,3086,9828.06,34359,24530.94
SHP_103041,SO_101535,WH_15,Rail,12-06-2024,2024/06/14,7,2.0,On Time,4311,6345.72,19481,13135.28
SHP_103042,SO_105101,WH_04,Air,28-05-2024,2024/06/07,5,10.0,Delayed,2037,4861.62,18418,13556.38
SHP_103043,SO_101460,WH_14,Air,23-06-2024,2024/06/27,3,4.0,Delayed,1034,12195.15,42730,30534.85
SHP_103044,SO_109697,WH_11,Road,26-05-2024,2024/05/30,4,4.0,On Time,786,2950.27,7583,4632.73
SHP_103045,SO_106448,WH_05,Road,30-07-2024,2024/08/04,3,5.0,Delayed,3107,15820.34,40199,24378.66
SHP_103046,SO_104443,WH_14,Road,07-02-2024,2024/02/09,4,2.0,On Time,1078,8617.85,38545,29927.15
SHP_103047,SO_109135,WH_14,Air,11-10-2024,2024/10/18,7,7.0,On Time,4485,10753.36,47162,36408.64
SHP_103048,SO_101579,WH_07,Road,07-08-2024,2024/08/15,6,8.0,Delayed,1116,13443.36,36338,22894.64
SHP_103049,SO_103285,WH_11,Sea,09-01-2024,2024/01/17,7,8.0,Delayed,868,10652.15,44764,34111.85
SHP_103050,SO_108528,WH_14,Air,07-03-2024,2024/03/09,6,2.0,On Time,2149,14954.35,47481,32526.65
SHP_103051,SO_104203,WH_07,Air,05-10-2024,2024/10/11,5,6.0,Delayed,3736,5957.06,16851,10893.94
SHP_103052,SO_103245,WH_15,Rail,05-02-2024,2024/02/07,4,2.0,On Time,1982,19193.98,49891,30697.02
SHP_103053,SO_105063,WH_02,Air,29-01-2024,2024/02/04,4,6.0,Delayed,1845,15461.89,43293,27831.11
SHP_103054,SO_102472,WH_12,Road,29-11-2024,2024/12/03,5,4.0,On Time,4748,7581.1,30519,22937.9
SHP_103055,SO_105922,WH_07,Rail,05-06-2024,2024/06/14,4,9.0,Delayed,3700,9460.08,33573,24112.92
SHP_103056,SO_108820,WH_08,Sea,03-06-2024,2024/06/07,7,4.0,On Time,1717,3031.33,7844,4812.67
SHP_103057,SO_108863,WH_02,Road,14-04-2024,2024/04/24,6,10.0,Delayed,821,10699.08,30928,20228.92
SHP_103058,SO_101579,WH_11,Rail,17-07-2024,2024/07/25,4,8.0,Delayed,4312,6908.42,26120,19211.58
SHP_103059,SO_103343,WH_11,Air,29-01-2024,2024/01/31,5,2.0,On Time,1715,14786.4,44641,29854.6
SHP_103060,SO_109895,WH_08,Road,02-05-2024,2024/05/11,5,9.0,Delayed,2643,11708.58,29958,18249.42
SHP_103061,SO_108378,WH_14,Rail,06-12-2024,2024/12/13,6,,Delayed,2042,13512.71,42404,28891.29
SHP_103062,SO_109283,WH_02,Sea,05-03-2024,2024/03/14,4,,Delayed,4784,7529.09,29642,22112.91
SHP_103063,SO_104958,WH_10,Road,30-09-2024,2024/10/09,3,9.0,Delayed,4093,-10172.1,32952,43124.1
SHP_103064,SO_101902,WH_12,Rail,25-06-2024,2024/07/03,4,8.0,Delayed,3904,6381.07,18158,11776.93
SHP_103065,SO_101493,WH_13,Air,07-11-2024,2024/11/10,5,3.0,On Time,2352,4114.53,15209,11094.47
SHP_103066,SO_109517,WH_08,Rail,14-05-2024,2024/05/16,4,2.0,On Time,2389,1499.24,6422,4922.76
SHP_103067,SO_108110,WH_02,Sea,22-09-2024,2024/09/24,5,2.0,On Time,662,8512.01,22643,14130.99
SHP_103068,SO_104084,WH_03,Road,18-01-2024,2024/01/28,4,10.0,Delayed,3602,7780.2,30371,22590.8
SHP_103069,SO_108283,WH_14,Road,11-06-2024,2024/06/15,7,4.0,On Time,2498,10587.07,46694,36106.93
SHP_103070,SO_103336,WH_13,Sea,21-07-2024,2024/07/27,3,6.0,Delayed,4297,4752.06,21665,16912.94
SHP_103071,SO_101781,WH_04,Road,05-08-2024,2024/08/14,5,9.0,Delayed,3632,11559.85,30224,18664.15
SHP_103072,SO_105665,WH_13,Sea,04-12-2024,2024/12/07,7,3.0,On Time,2990,-1753.24,7259,9012.24
SHP_103073,SO_107128,WH_04,Rail,05-01-2024,2024/01/07,4,2.0,On Time,3912,10406.61,47606,37199.39
SHP_103074,SO_104501,WH_06,Rail,11-04-2024,2024/04/16,5,5.0,On Time,4517,5757.82,22314,16556.18
SHP_103075,SO_107001,WH_05,Rail,14-10-2024,2024/10/16,4,2.0,On Time,4118,3700.75,14034,10333.25
SHP_103076,SO_100288,WH_11,Air,29-01-2024,2024/02/02,4,4.0,On Time,3323,10424.02,44002,33577.98
SHP_103077,SO_103378,WH_14,Sea,24-11-2024,2024/11/30,5,6.0,Delayed,1043,2772.11,9944,7171.89
SHP_103078,SO_109756,WH_05,Sea,17-11-2024,2024/11/19,3,2.0,On Time,2384,1257.9,5920,4662.1
SHP_103079,SO_109041,WH_14,Rail,31-01-2024,2024/02/08,3,8.0,Delayed,1846,6387.53,29392,23004.47
SHP_103080,SO_105217,WH_01,Road,28-02-2024,2024/03/05,3,6.0,Delayed,1128,12876.63,34392,21515.37
SHP_103081,SO_106758,WH_08,Rail,03-04-2024,2024/04/12,6,9.0,Delayed,2548,11423.12,28673,17249.88
SHP_103082,SO_101249,WH_09,Air,29-05-2024,2024/05/31,4,2.0,On Time,2102,11153.42,37362,26208.58
SHP_103083,SO_102609,WH_11,Sea,14-03-2024,2024/03/21,4,7.0,Delayed,2885,1570.93,5239,3668.07
SHP_103084,SO_105292,WH_04,Road,30-01-2024,2024/02/05,5,6.0,Delayed,956,7662.31,37428,29765.69
SHP_103085,SO_103822,WH_05,Rail,16-01-2024,2024/01/26,5,10.0,Delayed,901,9026.85,35027,26000.15
SHP_103086,SO_109443,WH_12,Rail,17-09-2024,2024/09/19,3,2.0,On Time,2179,15465.48,38940,23474.52
SHP_103087,SO_100140,WH_10,Air,26-11-2024,2024/12/03,7,7.0,On Time,3593,14182.25,46743,32560.75
SHP_103088,SO_105403,WH_03,Air,23-07-2024,2024/07/28,5,5.0,On Time,2263,6323.43,22364,16040.57
SHP_103089,SO_109225,WH_07,Sea,01-11-2024,2024/11/08,7,,Delayed,2088,2485.31,6508,4022.69
SHP_103090,SO_104969,WH_15,Rail,27-03-2024,2024/03/29,6,2.0,On Time,1534,4749.45,12652,7902.55
SHP_103091,SO_105516,WH_10,Road,20-01-2024,2024/01/23,4,3.0,On Time,669,10705.89,43528,32822.11
SHP_103092,SO_100935,WH_02,Rail,03-01-2024,2024/01/13,5,10.0,Delayed,876,6793.72,32132,25338.28
SHP_103093,SO_104083,WH_06,Rail,12-12-2024,2024/12/21,4,9.0,Delayed,1655,13400.17,48192,34791.83
SHP_103094,SO_103265,WH_13,Rail,13-09-2024,2024/09/15,3,2.0,On Time,596,7822.22,24450,16627.78
SHP_103095,SO_105211,WH_15,Road,24-10-2024,2024/10/29,7,5.0,On Time,4565,14282.35,42188,27905.65
SHP_103096,SO_106291,WH_04,Road,19-04-2024,2024/04/24,7,5.0,On Time,3192,6740.11,25899,19158.89
SHP_103097,SO_106514,WH_08,Sea,27-03-2024,2024/04/01,6,5.0,On Time,3338,11369.56,44878,33508.44
SHP_103098,SO_108270,WH_15,Road,23-03-2024,2024/04/02,4,10.0,Delayed,3439,10358.41,45775,35416.59
SHP_103099,SO_105864,WH_12,Road,22-08-2024,2024/08/31,7,9.0,Delayed,3103,2852.89,7537,4684.11
SHP_103100,SO_104809,WH_11,Rail,29-09-2024,2024/10/01,4,2.0,On Time,2931,10067.15,45833,35765.85
SHP_103101,SO_105678,WH_11,Air,01-10-2024,2024/10/04,5,3.0,On Time,663,8165.01,20796,12630.99
SHP_103102,SO_104591,WH_05,Air,15-02-2024,2024/02/25,3,10.0,Delayed,505,15129.98,41133,26003.02
SHP_103103,SO_105735,WH_03,Road,28-11-2024,2024/12/07,5,9.0,Delayed,1434,1971.32,8931,6959.68
SHP_103104,SO_105294,WH_04,Sea,16-04-2024,2024/04/23,7,7.0,On Time,3261,3160.11,11961,8800.89
SHP_103105,SO_100548,WH_03,Air,17-10-2024,2024/10/23,5,6.0,Delayed,2608,10124.88,27565,17440.12
SHP_103106,SO_108483,WH_08,Sea,06-09-2024,2024/09/09,5,3.0,On Time,602,9150.72,41992,32841.28
SHP_103107,SO_102470,WH_08,Air,16-01-2024,2024/01/26,6,10.0,Delayed,2668,8497.35,34866,26368.65
SHP_103108,SO_100921,WH_03,Road,29-07-2024,2024/08/06,4,8.0,Delayed,3695,11681.35,36522,24840.65
SHP_103109,SO_102508,WH_11,Sea,23-01-2024,2024/02/01,7,9.0,Delayed,2815,8109.74,21243,13133.26
SHP_103110,SO_100101,WH_08,Sea,18-08-2024,2024/08/21,4,3.0,On Time,4987,17421.59,49122,31700.41
SHP_103111,SO_108858,WH_05,Sea,13-10-2024,2024/10/21,3,8.0,Delayed,4940,9245.55,23187,13941.45
SHP_103112,SO_109949,WH_09,Road,04-10-2024,2024/10/06,4,2.0,On Time,4104,6716.95,21959,15242.05
SHP_103113,SO_109367,WH_04,Air,27-09-2024,2024/10/07,6,10.0,Delayed,1676,2817.75,10435,7617.25
SHP_103114,SO_108500,WH_05,Rail,16-12-2024,2024/12/22,7,6.0,On Time,2051,5468.28,19511,14042.72
SHP_103115,SO_102612,WH_05,Road,13-01-2024,2024/01/15,5,2.0,On Time,2791,2331.29,9832,7500.71
SHP_103116,SO_100279,WH_12,Rail,20-02-2024,2024/02/27,3,7.0,Delayed,1565,12189.69,35051,22861.31
SHP_103117,SO_109960,WH_07,Rail,29-05-2024,2024/06/02,3,4.0,Delayed,1251,5954.28,21981,16026.72
SHP_103118,SO_107222,WH_12,Sea,26-07-2024,2024/07/30,6,4.0,On Time,1150,8662.65,31114,22451.35
SHP_103119,SO_109702,WH_05,Air,31-12-2024,2025/01/08,5,8.0,Delayed,1156,3401.07,10224,6822.93
SHP_103120,SO_108617,WH_15,Sea,30-12-2024,2025/01/01,5,2.0,On Time,598,5998.94,20179,14180.06
SHP_103121,SO_107092,WH_09,Sea,05-06-2024,2024/06/07,5,2.0,On Time,4206,6824.46,30925,24100.54
SHP_103122,SO_109380,WH_12,Air,27-02-2024,2024/03/05,5,7.0,Delayed,908,2778.42,8990,6211.58
SHP_103123,SO_102219,WH_09,Rail,02-01-2024,2024/01/04,6,2.0,On Time,4959,17754.04,46554,28799.96
SHP_103124,SO_105670,WH_03,Sea,24-07-2024,2024/08/03,6,10.0,Delayed,948,11322.44,35482,24159.56
SHP_103125,SO_108582,WH_11,Road,24-06-2024,2024/06/29,6,5.0,On Time,4985,9980.38,45676,35695.62
SHP_103126,SO_100534,WH_11,Air,14-03-2024,2024/03/22,3,8.0,Delayed,3049,4517.26,11614,7096.74
SHP_103127,SO_103979,WH_08,Road,11-07-2024,2024/07/13,3,2.0,On Time,3639,12259.03,43708,31448.97
SHP_103128,SO_105566,WH_05,Sea,26-11-2024,2024/12/06,7,10.0,Delayed,4447,2692.73,12778,10085.27
SHP_103129,SO_108761,WH_15,Rail,04-08-2024,2024/08/10,5,6.0,Delayed,4341,9819.08,42139,32319.92
SHP_103130,SO_101366,WH_02,Sea,25-10-2024,2024/11/03,4,9.0,Delayed,3082,11493.4,38703,27209.6
SHP_103131,SO_106071,WH_04,Rail,14-11-2024,2024/11/18,5,4.0,On Time,649,16672.15,47005,30332.85
SHP_103132,SO_103363,WH_03,Road,01-10-2024,2024/10/06,6,5.0,On Time,3652,8156.58,33213,25056.42
SHP_103133,SO_103557,WH_13,Rail,31-05-2024,2024/06/02,4,2.0,On Time,2223,11086.78,35654,24567.22
SHP_103134,SO_104551,WH_13,Sea,14-08-2024,2024/08/20,4,6.0,Delayed,4275,8407.73,23184,14776.27
SHP_103135,SO_106609,WH_01,Sea,02-12-2024,2024/12/11,3,9.0,Delayed,4879,3198.78,14269,11070.22
SHP_103136,SO_103845,WH_09,Rail,29-06-2024,2024/07/06,4,7.0,Delayed,1909,8020.16,28945,20924.84
SHP_103137,SO_107100,WH_13,Road,27-02-2024,2024/03/07,4,9.0,Delayed,3706,9446.39,25417,15970.61
SHP_103138,SO_109908,WH_05,Sea,27-04-2024,2024/05/03,4,6.0,Delayed,1821,2362.57,9645,7282.43
SHP_103139,SO_106282,WH_14,Road,09-12-2024,2024/12/11,4,2.0,On Time,4617,11356.31,30602,19245.69
SHP_103140,SO_107855,WH_11,Rail,18-04-2024,2024/04/24,4,6.0,Delayed,1528,15862.45,43215,27352.55
SHP_103141,SO_107264,WH_06,Rail,09-08-2024,2024/08/17,3,8.0,Delayed,3242,4204.24,20630,16425.76
SHP_103142,SO_100710,WH_14,Sea,16-12-2024,2024/12/18,3,2.0,On Time,3414,11024.7,36777,25752.3
SHP_103143,SO_101067,WH_08,Rail,26-01-2024,2024/02/03,4,8.0,Delayed,3568,8704.59,39005,30300.41
SHP_103144,SO_106365,WH_15,Air,29-04-2024,2024/05/09,7,10.0,Delayed,997,8923.3,39139,30215.7
SHP_103145,SO_104862,WH_06,Sea,06-09-2024,2024/09/11,7,5.0,On Time,587,10790.26,30614,19823.74
SHP_103146,SO_101794,WH_13,Road,20-01-2024,2024/01/24,7,4.0,On Time,3900,18016.74,45637,27620.26
SHP_103147,SO_105971,WH_04,Rail,25-09-2024,2024/10/05,4,10.0,Delayed,4604,15895.67,41123,25227.33
SHP_103148,SO_107850,WH_15,Road,17-02-2024,2024/02/22,5,5.0,On Time,3825,4814.03,12873,8058.97
SHP_103149,SO_106385,WH_12,Rail,29-10-2024,2024/11/07,4,9.0,Delayed,4049,11401.48,33020,21618.52
SHP_103150,SO_104482,WH_04,Road,21-07-2024,2024/07/27,4,6.0,Delayed,1549,4101.53,17002,12900.47
SHP_103151,SO_103348,WH_06,Rail,13-05-2024,2024/05/22,6,9.0,Delayed,2949,9493.97,35872,26378.03
SHP_103152,SO_103837,WH_02,Rail,29-11-2024,2024/12/06,7,7.0,On Time,228,2011.78,9281,7269.22
SHP_103153,SO_108106,WH_14,Road,20-08-2024,2024/08/30,3,10.0,Delayed,4509,5262.03,15498,10235.97
SHP_103154,SO_106664,WH_07,Air,15-06-2024,2024/06/17,4,2.0,On Time,1110,6226.79,27335,21108.21
SHP_103155,SO_104657,WH_05,Sea,25-10-2024,2024/11/01,7,7.0,On Time,1174,2492.12,8094,5601.88
SHP_103156,SO_109508,WH_02,Air,25-02-2024,2024/03/02,5,6.0,Delayed,1369,7558.35,34783,27224.65
SHP_103157,SO_102948,WH_04,Sea,23-06-2024,2024/06/26,4,3.0,On Time,3601,7013.11,28955,21941.89
SHP_103158,SO_100934,WH_12,Rail,01-06-2024,2024/06/07,5,6.0,Delayed,1756,4804.35,16036,11231.65
SHP_103159,SO_107031,WH_13,Road,29-10-2024,2024/11/01,4,3.0,On Time,964,12500.54,37203,24702.46
SHP_103160,SO_103202,WH_04,Air,05-01-2024,2024/01/09,7,4.0,On Time,4135,12703.47,38443,25739.53
SHP_103161,SO_103677,WH_08,Sea,11-01-2024,2024/01/14,3,3.0,On Time,3798,2536.83,8028,5491.17
SHP_103162,SO_101196,WH_15,Rail,30-04-2024,2024/05/10,3,10.0,Delayed,1955,2434.39,8345,5910.61
SHP_103163,SO_105182,WH_01,Sea,10-03-2024,2024/03/16,4,6.0,Delayed,2515,7583.9,23906,16322.1
SHP_103164,SO_106940,WH_11,Sea,27-05-2024,2024/06/03,5,7.0,Delayed,3551,4796.27,15404,10607.73
SHP_103165,SO_108311,WH_13,Sea,16-02-2024,2024/02/22,6,6.0,On Time,2754,6614.76,31125,24510.24
SHP_103166,SO_101120,WH_15,Rail,06-02-2024,2024/02/15,6,9.0,Delayed,4140,15134.41,48020,32885.59
SHP_103167,SO_101463,WH_12,Road,30-09-2024,2024/10/09,6,9.0,Delayed,3864,5800.42,28287,22486.58
SHP_103168,SO_106868,WH_13,Sea,22-07-2024,2024/07/26,5,4.0,On Time,2281,9426.64,45341,35914.36
SHP_103169,SO_103802,WH_07,Sea,09-11-2024,2024/11/13,4,4.0,On Time,891,8510.9,21379,12868.1
SHP_103170,SO_109089,WH_11,Air,24-06-2024,2024/07/04,5,10.0,Delayed,2276,7579.31,37851,30271.69
SHP_103171,SO_104504,WH_11,Road,09-02-2024,2024/02/15,7,6.0,On Time,3591,3088.39,13099,10010.61
SHP_103172,SO_100906,WH_13,Sea,01-08-2024,2024/08/09,3,8.0,Delayed,780,16934.3,45342,28407.7
SHP_103173,SO_108256,WH_07,Rail,27-06-2024,2024/06/30,6,3.0,On Time,3418,8061.89,39943,31881.11
SHP_103174,SO_106942,WH_14,Sea,17-07-2024,2024/07/20,5,3.0,On Time,2819,6583.12,30164,23580.88
SHP_103175,SO_107175,WH_15,Rail,01-08-2024,2024/08/07,4,6.0,Delayed,2148,11318.69,30115,18796.31
SHP_103176,SO_102160,WH_03,Rail,26-09-2024,2024/09/29,3,3.0,On Time,3421,8633.64,23713,15079.36
SHP_103177,SO_104685,WH_05,Road,13-02-2024,2024/02/15,7,2.0,On Time,564,18201.07,48484,30282.93
SHP_103178,SO_107234,WH_03,Air,29-10-2024,2024/11/05,5,7.0,Delayed,1639,3988.69,17796,13807.31
SHP_103179,SO_103894,WH_04,Air,25-02-2024,2024/03/02,4,6.0,Delayed,543,4220.91,10801,6580.09
SHP_103180,SO_102502,WH_04,Road,10-09-2024,2024/09/16,3,6.0,Delayed,1821,2609.09,10992,8382.91
SHP_103181,SO_105177,WH_09,Sea,23-11-2024,2024/11/25,6,2.0,On Time,705,3561.9,17135,13573.1
SHP_103182,SO_103295,WH_02,Road,08-02-2024,2024/02/10,4,2.0,On Time,1562,12388.86,44068,31679.14
SHP_103183,SO_104618,WH_02,Rail,29-01-2024,2024/02/02,5,4.0,On Time,481,11833.45,46738,34904.55
SHP_103184,SO_106835,WH_01,Sea,11-06-2024,2024/06/14,4,3.0,On Time,1964,5697.55,14831,9133.45
SHP_103185,SO_106629,WH_15,Air,19-09-2024,2024/09/27,5,8.0,Delayed,4559,-11504.68,33404,44908.68
SHP_103186,SO_102990,WH_13,Road,23-10-2024,2024/11/02,5,10.0,Delayed,937,2562.45,9798,7235.55
SHP_103187,SO_100287,WH_03,Road,02-04-2024,2024/04/08,5,6.0,Delayed,3530,3737.53,9815,6077.47
SHP_103188,SO_109007,WH_10,Sea,10-03-2024,2024/03/20,6,10.0,Delayed,1321,14825.79,37161,22335.21
SHP_103189,SO_103916,WH_06,Road,14-09-2024,2024/09/17,6,3.0,On Time,1539,13402.42,45760,32357.58
SHP_103190,SO_102204,WH_09,Rail,24-09-2024,2024/09/28,3,4.0,Delayed,4019,1313.13,5512,4198.87
SHP_103191,SO_105534,WH_07,Road,20-08-2024,2024/08/30,5,10.0,Delayed,1378,1555.63,5001,3445.37
SHP_103192,SO_101432,WH_08,Sea,26-09-2024,2024/09/28,3,2.0,On Time,3596,12898.4,43524,30625.6
SHP_103193,SO_107475,WH_14,Rail,24-08-2024,2024/09/01,5,8.0,Delayed,3022,3926.82,10533,6606.18
SHP_103194,SO_107547,WH_04,Sea,18-03-2024,2024/03/27,7,9.0,Delayed,2056,9787.22,46129,36341.78
SHP_103195,SO_104754,WH_15,Sea,31-05-2024,2024/06/10,6,10.0,Delayed,3662,2836.82,14005,11168.18
SHP_103196,SO_102146,WH_06,Air,07-07-2024,2024/07/09,5,2.0,On Time,2906,14315.17,37898,23582.83
SHP_103197,SO_105926,WH_08,Sea,10-09-2024,2024/09/12,5,2.0,On Time,1512,10426.18,44051,33624.82
SHP_103198,SO_107215,WH_03,Air,23-02-2024,2024/02/27,7,4.0,On Time,1677,15354.67,43563,28208.33
SHP_103199,SO_102430,WH_12,Air,18-02-2024,2024/02/24,4,6.0,Delayed,1164,2004.93,6224,4219.07
SHP_103200,SO_107946,WH_02,Air,18-01-2024,2024/01/27,6,9.0,Delayed,1626,4902.9,13601,8698.1
SHP_103201,SO_104099,WH_12,Rail,17-12-2024,2024/12/27,7,10.0,Delayed,2657,3281.51,13177,9895.49
SHP_103202,SO_104651,WH_06,Road,11-04-2024,2024/04/17,5,6.0,Delayed,1578,6325.89,25207,18881.11
SHP_103203,SO_108079,WH_10,Road,16-04-2024,2024/04/21,4,5.0,Delayed,1847,10131.2,27072,16940.8
SHP_103204,SO_101874,WH_15,Rail,14-01-2024,2024/01/22,4,8.0,Delayed,2990,6941.78,18490,11548.22
SHP_103205,SO_102302,WH_09,Air,28-10-2024,2024/11/05,4,8.0,Delayed,1388,4064.16,18289,14224.84
SHP_103206,SO_106944,WH_05,Air,07-01-2024,2024/01/15,3,8.0,Delayed,4561,18019.67,49524,31504.33
SHP_103207,SO_104619,WH_04,Sea,09-07-2024,2024/07/13,6,4.0,On Time,834,5771.34,16147,10375.66
SHP_103208,SO_101975,WH_01,Air,08-10-2024,2024/10/10,7,2.0,On Time,4933,7034.38,32348,25313.62
SHP_103209,SO_103471,WH_14,Road,15-08-2024,2024/08/24,5,9.0,Delayed,4941,4051.04,14406,10354.96
SHP_103210,SO_109484,WH_03,Sea,05-12-2024,2024/12/09,4,4.0,On Time,225,15031.1,37597,22565.9
SHP_103211,SO_100083,WH_09,Rail,29-03-2024,2024/03/31,5,2.0,On Time,3334,3274.55,13977,10702.45
SHP_103212,SO_102175,WH_07,Rail,25-11-2024,2024/11/27,6,2.0,On Time,4150,4493.08,13462,8968.92
SHP_103213,SO_106814,WH_04,Road,04-03-2024,2024/03/09,7,5.0,On Time,4537,4664.13,20242,15577.87
SHP_103214,SO_107653,WH_12,Road,27-12-2024,2024/12/29,4,2.0,On Time,3714,10275.89,26836,16560.11
SHP_103215,SO_106723,WH_02,Road,03-06-2024,2024/06/09,5,6.0,Delayed,354,13738.14,34479,20740.86
SHP_103216,SO_104810,WH_05,Road,12-04-2024,2024/04/20,5,8.0,Delayed,1577,1750.63,5881,4130.37
SHP_103217,SO_103486,WH_13,Rail,19-11-2024,2024/11/25,3,6.0,Delayed,2040,5201.61,17748,12546.39
SHP_103218,SO_103584,WH_14,Rail,22-12-2024,2024/12/25,4,3.0,On Time,3212,17944.9,48472,30527.1
SHP_103219,SO_105530,WH_11,Sea,18-05-2024,2024/05/23,4,5.0,Delayed,1273,10183.73,46300,36116.27
SHP_103220,SO_103058,WH_07,Sea,10-05-2024,2024/05/14,6,4.0,On Time,623,5594.17,27804,22209.83
SHP_103221,SO_105683,WH_15,Road,19-07-2024,2024/07/23,4,4.0,On Time,2660,5445.79,16630,11184.21
SHP_103222,SO_107357,WH_07,Air,02-03-2024,2024/03/10,7,8.0,Delayed,940,8667.79,23758,15090.21
SHP_103223,SO_107162,WH_11,Sea,29-01-2024,2024/02/06,6,8.0,Delayed,1229,7493.86,27882,20388.14
SHP_103224,SO_108354,WH_08,Sea,14-09-2024,2024/09/17,3,3.0,On Time,1625,2816.76,11826,9009.24
SHP_103225,SO_101258,WH_13,Sea,19-03-2024,2024/03/24,4,5.0,Delayed,1624,14881.62,44951,30069.38
SHP_103226,SO_109635,WH_04,Road,27-01-2024,2024/02/02,5,6.0,Delayed,3568,8452.45,37870,29417.55
SHP_103227,SO_105377,WH_06,Sea,20-08-2024,2024/08/30,5,10.0,Delayed,1455,13486.31,39208,25721.69
SHP_103228,SO_104094,WH_05,Air,28-11-2024,2024/12/08,3,10.0,Delayed,3352,7742.14,35181,27438.86
SHP_103229,SO_104043,WH_11,Road,04-09-2024,2024/09/12,5,8.0,Delayed,451,3457.04,16514,13056.96
SHP_103230,SO_108993,WH_07,Road,27-01-2024,2024/01/29,4,2.0,On Time,4579,1967.59,8382,6414.41
SHP_103231,SO_101551,WH_08,Road,26-06-2024,2024/06/29,5,3.0,On Time,800,12871.77,48785,35913.23
SHP_103232,SO_100815,WH_06,Sea,16-04-2024,2024/04/25,4,9.0,Delayed,2152,16167.69,44940,28772.31
SHP_103233,SO_100847,WH_09,Rail,09-01-2024,2024/01/12,6,3.0,On Time,2378,7673.49,36547,28873.51
SHP_103234,SO_108904,WH_10,Air,26-06-2024,2024/07/02,7,6.0,On Time,1839,15878.45,45326,29447.55
SHP_103235,SO_108569,WH_04,Air,03-03-2024,2024/03/12,5,9.0,Delayed,2139,9856.39,39428,29571.61
SHP_103236,SO_100159,WH_03,Rail,28-08-2024,2024/09/03,3,6.0,Delayed,4194,13536.33,38781,25244.67
SHP_103237,SO_108300,WH_02,Air,20-04-2024,2024/04/26,5,6.0,Delayed,1722,3804.45,10303,6498.55
SHP_103238,SO_102653,WH_13,Sea,10-09-2024,2024/09/18,3,8.0,Delayed,344,9909.19,39194,29284.81
SHP_103239,SO_109013,WH_15,Rail,07-04-2024,2024/04/15,5,8.0,Delayed,2129,6653.41,31956,25302.59
SHP_103240,SO_100788,WH_14,Rail,15-04-2024,2024/04/20,4,5.0,Delayed,3819,9211.67,26836,17624.33
SHP_103241,SO_106790,WH_13,Road,29-12-2024,2025/01/07,7,9.0,Delayed,348,1520.96,6109,4588.04
SHP_103242,SO_100433,WH_02,Rail,08-04-2024,2024/04/16,6,8.0,Delayed,276,10587.81,28459,17871.19
SHP_103243,SO_108218,WH_09,Rail,30-03-2024,2024/04/09,5,10.0,Delayed,4692,8599.07,27713,19113.93
SHP_103244,SO_108530,WH_10,Sea,22-10-2024,2024/10/25,5,3.0,On Time,3550,8064.97,37512,29447.03
SHP_103245,SO_108108,WH_04,Road,20-12-2024,2024/12/23,6,3.0,On Time,3380,11844.9,35835,23990.1
SHP_103246,SO_105998,WH_15,Road,30-07-2024,2024/08/08,6,9.0,Delayed,815,8898.41,24384,15485.59
SHP_103247,SO_106350,WH_02,Air,30-01-2024,2024/02/02,4,3.0,On Time,4570,17398.55,47721,30322.45
SHP_103248,SO_109346,WH_14,Air,04-02-2024,2024/02/07,7,3.0,On Time,660,13848.09,36867,23018.91
SHP_103249,SO_104835,WH_12,Sea,06-11-2024,2024/11/12,3,6.0,Delayed,3804,15051.14,45288,30236.86
SHP_103250,SO_106567,WH_02,Sea,03-01-2024,2024/01/05,5,2.0,On Time,424,14134.49,47225,33090.51
SHP_103251,SO_101489,WH_10,Road,26-10-2024,2024/11/03,5,8.0,Delayed,4958,9585.85,31046,21460.15
SHP_103252,SO_105372,WH_11,Sea,11-09-2024,2024/09/21,6,10.0,Delayed,1647,9907.56,33712,23804.44
SHP_103253,SO_106354,WH_03,Road,17-06-2024,2024/06/19,3,2.0,On Time,1971,10536.68,34431,23894.32
SHP_103254,SO_100586,WH_04,Sea,21-11-2024,2024/11/30,4,9.0,Delayed,2659,3239.18,10960,7720.82
SHP_103255,SO_103367,WH_02,Road,23-06-2024,2024/07/01,6,8.0,Delayed,849,12484.91,33353,20868.09
SHP_103256,SO_101542,WH_03,Road,24-10-2024,2024/11/03,4,10.0,Delayed,4291,2782.82,12469,9686.18
SHP_103257,SO_105892,WH_08,Road,09-06-2024,2024/06/12,7,3.0,On Time,3509,17356.79,44187,26830.21
SHP_103258,SO_108399,WH_04,Air,21-10-2024,2024/10/27,5,6.0,Delayed,2470,8669.32,22658,13988.68
SHP_103259,SO_101313,WH_05,Road,29-03-2024,2024/04/05,7,7.0,On Time,426,6987.82,31255,24267.18
SHP_103260,SO_106960,WH_13,Air,20-10-2024,2024/10/27,4,7.0,Delayed,2306,12799.15,40552,27752.85
SHP_103261,SO_109833,WH_03,Rail,23-11-2024,2024/11/29,5,6.0,Delayed,3697,9366.17,36668,27301.83
SHP_103262,SO_100144,WH_10,Air,07-03-2024,2024/03/14,4,7.0,Delayed,4132,1897.3,5938,4040.7
SHP_103263,SO_101191,WH_08,Air,20-08-2024,2024/08/30,6,10.0,Delayed,1824,4547.25,12559,8011.75
SHP_103264,SO_105009,WH_11,Road,31-12-2024,2025/01/04,4,4.0,On Time,604,4391.19,19805,15413.81
SHP_103265,SO_103999,WH_06,Rail,30-03-2024,2024/04/01,7,2.0,On Time,4152,4294.05,21175,16880.95
SHP_103266,SO_104806,WH_05,Rail,04-02-2024,2024/02/13,5,9.0,Delayed,3328,1278.99,6322,5043.01
SHP_103267,SO_101911,WH_10,Rail,15-09-2024,2024/09/24,4,9.0,Delayed,2180,7661.15,27966,20304.85
SHP_103268,SO_100932,WH_13,Air,02-05-2024,2024/05/12,6,10.0,Delayed,542,7033.92,18112,11078.08
SHP_103269,SO_107698,WH_11,Rail,13-06-2024,2024/06/16,4,3.0,On Time,4149,7965.2,36039,28073.8
SHP_103270,SO_104230,WH_01,Rail,17-06-2024,2024/06/23,6,6.0,On Time,1044,8859.83,35672,26812.17
SHP_103271,SO_103655,WH_07,Road,06-04-2024,2024/04/10,6,4.0,On Time,1573,2748.93,12900,10151.07
SHP_103272,SO_102492,WH_03,Road,07-09-2024,2024/09/16,7,9.0,Delayed,2702,19682.15,49814,30131.85
SHP_103273,SO_108525,WH_12,Air,29-12-2024,2024/12/31,3,2.0,On Time,3180,4657.05,22420,17762.95
SHP_103274,SO_108830,WH_12,Air,05-09-2024,2024/09/14,5,9.0,Delayed,1431,10756.55,41052,30295.45
SHP_103275,SO_104560,WH_08,Rail,17-06-2024,2024/06/27,7,10.0,Delayed,935,11311.96,42099,30787.04
SHP_103276,SO_103813,WH_14,Air,04-04-2024,2024/04/10,4,6.0,Delayed,3626,4296.45,19926,15629.55
SHP_103277,SO_107082,WH_08,Rail,02-09-2024,2024/09/09,7,7.0,On Time,3786,5883.12,24855,18971.88
SHP_103278,SO_109356,WH_05,Road,06-11-2024,2024/11/15,3,9.0,Delayed,4545,17177.31,43664,26486.69
SHP_103279,SO_101950,WH_07,Air,04-05-2024,2024/05/10,4,6.0,Delayed,3377,11889.43,31064,19174.57
SHP_103280,SO_103600,WH_12,Sea,12-05-2024,2024/05/17,4,5.0,Delayed,715,8554.53,41277,32722.47
SHP_103281,SO_104334,WH_13,Air,17-06-2024,2024/06/26,3,9.0,Delayed,3775,2243.56,10222,7978.44
SHP_103282,SO_101274,WH_10,Road,02-04-2024,2024/04/04,4,2.0,On Time,2233,4916.42,21197,16280.58
SHP_103283,SO_100307,WH_04,Sea,30-12-2024,2025/01/07,7,8.0,Delayed,4154,3261.78,12722,9460.22
SHP_103284,SO_108652,WH_11,Sea,25-05-2024,2024/05/27,5,2.0,On Time,3557,7458.59,30309,22850.41
SHP_103285,SO_102795,WH_10,Road,11-03-2024,2024/03/14,7,3.0,On Time,4191,5186.89,23747,18560.11
SHP_103286,SO_107752,WH_03,Rail,13-07-2024,2024/07/20,5,7.0,Delayed,3540,12265.63,34673,22407.37
SHP_103287,SO_105139,WH_09,Rail,13-04-2024,2024/04/23,4,10.0,Delayed,3687,11393.0,30555,19162.0
SHP_103288,SO_101388,WH_01,Rail,27-03-2024,2024/04/06,4,10.0,Delayed,279,4773.87,17402,12628.13
SHP_103289,SO_100871,WH_12,Rail,17-08-2024,2024/08/22,5,5.0,On Time,3806,2597.43,12328,9730.57
SHP_103290,SO_103533,WH_12,Air,16-02-2024,2024/02/23,3,7.0,Delayed,4906,16078.57,47821,31742.43
SHP_103291,SO_107740,WH_09,Air,02-01-2024,2024/01/06,3,4.0,Delayed,4880,10801.03,47210,36408.97
SHP_103292,SO_104102,WH_05,Road,05-04-2024,2024/04/15,3,10.0,Delayed,4399,4643.14,21704,17060.86
SHP_103293,SO_107551,WH_08,Sea,08-09-2024,2024/09/18,5,10.0,Delayed,2206,15752.72,42102,26349.28
SHP_103294,SO_102119,WH_11,Air,09-11-2024,2024/11/14,5,5.0,On Time,3307,5051.0,18118,13067.0
SHP_103295,SO_103115,WH_08,Road,12-06-2024,2024/06/22,7,10.0,Delayed,2315,3508.66,12003,8494.34
SHP_103296,SO_108069,WH_06,Sea,13-08-2024,2024/08/19,6,6.0,On Time,543,2062.74,6543,4480.26
SHP_103297,SO_106407,WH_13,Air,20-02-2024,2024/02/23,3,3.0,On Time,3785,7563.24,28217,20653.76
SHP_103298,SO_104262,WH_04,Rail,15-08-2024,2024/08/18,5,3.0,On Time,1569,13380.03,35160,21779.97
SHP_103299,SO_103985,WH_10,Air,03-05-2024,2024/05/07,7,4.0,On Time,2014,9030.55,34646,25615.45
SHP_103300,SO_107256,WH_05,Rail,22-01-2024,2024/01/28,6,6.0,On Time,436,12194.73,47793,35598.27
SHP_103301,SO_109476,WH_11,Air,03-07-2024,2024/07/09,7,6.0,On Time,4417,5660.14,26559,20898.86
SHP_103302,SO_106367,WH_05,Sea,06-02-2024,2024/02/14,6,8.0,Delayed,4636,10943.22,39580,28636.78
SHP_103303,SO_100112,WH_08,Air,27-11-2024,2024/12/03,4,6.0,Delayed,4546,10351.44,38684,28332.56
SHP_103304,SO_104480,WH_12,Road,03-11-2024,2024/11/08,7,5.0,On Time,903,17341.8,48220,30878.2
SHP_103305,SO_107928,WH_06,Rail,20-09-2024,2024/09/23,6,3.0,On Time,888,13965.25,36723,22757.75
SHP_103306,SO_106702,WH_14,Sea,26-04-2024,2024/04/28,3,2.0,On Time,3437,2965.96,11156,8190.04
SHP_103307,SO_106083,WH_06,Sea,21-01-2024,2024/01/23,7,2.0,On Time,2694,3456.51,12030,8573.49
SHP_103308,SO_109782,WH_08,Air,17-10-2024,2024/10/20,5,3.0,On Time,3491,9594.2,38838,29243.8
SHP_103309,SO_102543,WH_11,Road,19-05-2024,2024/05/23,7,4.0,On Time,3795,12028.4,30371,18342.6
SHP_103310,SO_101820,WH_08,Rail,03-06-2024,2024/06/11,5,8.0,Delayed,1754,8907.31,25615,16707.69
SHP_103311,SO_106772,WH_05,Road,30-09-2024,2024/10/05,6,5.0,On Time,2214,4291.95,14624,10332.05
SHP_103312,SO_108591,WH_07,Air,04-09-2024,2024/09/06,3,2.0,On Time,4839,3801.19,16345,12543.81
SHP_103313,SO_107511,WH_02,Air,27-12-2024,2025/01/06,5,10.0,Delayed,4691,10708.85,36496,25787.15
SHP_103314,SO_107009,WH_08,Sea,01-01-2024,2024/01/08,5,7.0,Delayed,2485,5918.83,17730,11811.17
SHP_103315,SO_104890,WH_01,Air,18-03-2024,2024/03/28,3,10.0,Delayed,3848,6031.42,19645,13613.58
SHP_103316,SO_101740,WH_12,Rail,29-06-2024,2024/07/02,7,3.0,On Time,2096,2579.18,11580,9000.82
SHP_103317,SO_101196,WH_07,Sea,21-08-2024,2024/08/27,7,6.0,On Time,3195,5644.79,16776,11131.21
SHP_103318,SO_105222,WH_08,Sea,22-08-2024,2024/08/24,6,2.0,On Time,4767,9559.51,24438,14878.49
SHP_103319,SO_107965,WH_06,Road,17-11-2024,2024/11/27,7,10.0,Delayed,768,1805.22,5158,3352.78
SHP_103320,SO_103420,WH_14,Rail,04-09-2024,2024/09/13,7,9.0,Delayed,4962,9203.66,30256,21052.34
SHP_103321,SO_105608,WH_10,Road,05-09-2024,2024/09/13,5,8.0,Delayed,4218,15217.08,38802,23584.92
SHP_103322,SO_100093,WH_01,Sea,26-09-2024,2024/10/03,4,7.0,Delayed,3820,14661.35,49468,34806.65
SHP_103323,SO_104874,WH_11,Road,24-09-2024,2024/10/03,3,9.0,Delayed,3809,14881.22,38407,23525.78
SHP_103324,SO_105548,WH_02,Air,20-03-2024,2024/03/28,5,8.0,Delayed,2040,8613.35,22981,14367.65
SHP_103325,SO_102629,WH_05,Road,06-05-2024,2024/05/11,4,5.0,Delayed,691,3880.56,18922,15041.44
SHP_103326,SO_104981,WH_15,Rail,13-07-2024,2024/07/19,6,6.0,On Time,3298,14128.1,45972,31843.9
SHP_103327,SO_103952,WH_12,Road,19-06-2024,2024/06/24,4,5.0,Delayed,3769,6469.16,19410,12940.84
SHP_103328,SO_104312,WH_15,Road,05-12-2024,2024/12/10,4,5.0,Delayed,4508,8945.88,26667,17721.12
SHP_103329,SO_100033,WH_04,Sea,03-01-2024,2024/01/13,3,10.0,Delayed,1062,5442.89,21835,16392.11
SHP_103330,SO_106238,WH_10,Rail,29-07-2024,2024/08/04,5,6.0,Delayed,3930,3877.92,11959,8081.08
SHP_103331,SO_104838,WH_10,Air,21-05-2024,2024/05/26,3,5.0,Delayed,1789,16597.32,44166,27568.68
SHP_103332,SO_100955,WH_02,Air,04-06-2024,2024/06/10,5,6.0,Delayed,2973,5144.39,20574,15429.61
SHP_103333,SO_100919,WH_13,Air,10-05-2024,2024/05/15,4,5.0,Delayed,4206,3897.33,19463,15565.67
SHP_103334,SO_108098,WH_15,Rail,29-11-2024,2024/12/05,3,6.0,Delayed,3364,11931.85,33312,21380.15
SHP_103335,SO_109288,WH_03,Rail,03-09-2024,2024/09/08,5,5.0,On Time,4949,10642.49,36602,25959.51
SHP_103336,SO_107924,WH_08,Road,21-01-2024,2024/01/26,7,5.0,On Time,4651,10934.35,47913,36978.65
SHP_103337,SO_100287,WH_13,Air,14-11-2024,2024/11/23,5,9.0,Delayed,3033,11204.81,30025,18820.19
SHP_103338,SO_103104,WH_08,Road,18-05-2024,2024/05/24,6,6.0,On Time,421,8831.5,35989,27157.5
SHP_103339,SO_106427,WH_05,Road,23-06-2024,2024/07/01,5,,Delayed,2119,4455.37,13373,8917.63
SHP_103340,SO_106907,WH_10,Sea,17-08-2024,2024/08/21,5,4.0,On Time,1130,3042.4,8173,5130.6
SHP_103341,SO_109400,WH_10,Rail,25-08-2024,2024/08/27,3,2.0,On Time,1034,9869.05,38965,29095.95
SHP_103342,SO_100710,WH_09,Road,15-03-2024,2024/03/18,5,3.0,On Time,2930,8136.16,32302,24165.84
SHP_103343,SO_101361,WH_10,Air,04-08-2024,2024/08/12,5,8.0,Delayed,4665,12941.01,47580,34638.99
SHP_103344,SO_107584,WH_10,Air,15-08-2024,2024/08/19,6,4.0,On Time,413,4043.73,12202,8158.27
SHP_103345,SO_103440,WH_06,Sea,12-09-2024,2024/09/18,6,6.0,On Time,4041,7484.54,27201,19716.46
SHP_103346,SO_100829,WH_15,Sea,27-10-2024,2024/11/04,5,8.0,Delayed,2441,6404.41,28331,21926.59
SHP_103347,SO_109088,WH_02,Air,25-01-2024,2024/02/02,7,8.0,Delayed,3834,10711.33,36017,25305.67
SHP_103348,SO_107603,WH_09,Air,11-03-2024,2024/03/13,6,2.0,On Time,2792,7506.01,23113,15606.99
SHP_103349,SO_102757,WH_14,Sea,29-04-2024,2024/05/04,7,5.0,On Time,1330,11112.88,39296,28183.12
SHP_103350,SO_104928,WH_06,Air,07-09-2024,2024/09/14,5,7.0,Delayed,2542,2091.36,5473,3381.64
SHP_103351,SO_109938,WH_14,Air,26-08-2024,2024/09/04,6,9.0,Delayed,2221,1699.78,5645,3945.22
SHP_103352,SO_101801,WH_07,Air,15-09-2024,2024/09/22,6,7.0,Delayed,4548,12368.48,34565,22196.52
SHP_103353,SO_101411,WH_02,Sea,03-03-2024,2024/03/09,4,6.0,Delayed,2990,4936.78,14191,9254.22
SHP_103354,SO_108792,WH_05,Road,24-05-2024,2024/05/31,3,7.0,Delayed,2244,12478.25,42154,29675.75
SHP_103355,SO_105290,WH_07,Road,03-09-2024,2024/09/08,7,5.0,On Time,2777,7764.5,33865,26100.5
SHP_103356,SO_107119,WH_15,Sea,13-04-2024,2024/04/18,5,5.0,On Time,3443,1754.36,5725,3970.64
SHP_103357,SO_105979,WH_13,Road,21-10-2024,2024/10/29,7,8.0,Delayed,4245,6602.59,24284,17681.41
SHP_103358,SO_104475,WH_15,Air,13-05-2024,2024/05/22,7,9.0,Delayed,1623,16024.59,40493,24468.41
SHP_103359,SO_106883,WH_05,Air,07-11-2024,2024/11/17,7,10.0,Delayed,4271,4432.04,14382,9949.96
SHP_103360,SO_106714,WH_06,Road,26-10-2024,2024/11/02,6,7.0,Delayed,540,9679.18,24532,14852.82
SHP_103361,SO_101162,WH_15,Sea,06-08-2024,2024/08/12,7,6.0,On Time,2265,1826.69,5561,3734.31
SHP_103362,SO_109199,WH_06,Road,13-01-2024,2024/01/15,7,2.0,On Time,2997,1753.87,8503,6749.13
SHP_103363,SO_106639,WH_09,Rail,27-12-2024,2025/01/04,7,8.0,Delayed,943,7852.96,32525,24672.04
SHP_103364,SO_103481,WH_04,Rail,19-06-2024,2024/06/23,3,4.0,Delayed,2282,1576.84,6324,4747.16
SHP_103365,SO_105184,WH_07,Road,12-05-2024,2024/05/16,3,4.0,Delayed,3631,4226.96,19231,15004.04
SHP_103366,SO_104935,WH_04,Rail,16-09-2024,2024/09/25,6,9.0,Delayed,3109,4124.49,15946,11821.51
SHP_103367,SO_105458,WH_13,Road,19-05-2024,2024/05/25,4,6.0,Delayed,2508,9714.64,32420,22705.36
SHP_103368,SO_103909,WH_10,Rail,21-12-2024,2024/12/25,3,4.0,Delayed,3147,11256.55,38912,27655.45
SHP_103369,SO_109134,WH_01,Road,26-01-2024,2024/02/04,7,9.0,Delayed,2647,4429.0,12974,8545.0
SHP_103370,SO_100157,WH_08,Road,29-07-2024,2024/08/08,5,10.0,Delayed,2181,10276.09,48277,38000.91
SHP_103371,SO_107323,WH_02,Sea,12-07-2024,2024/07/18,5,6.0,Delayed,2691,3853.58,11313,7459.42
SHP_103372,SO_105612,WH_10,Air,28-01-2024,2024/01/31,7,3.0,On Time,1749,12042.09,31025,18982.91
SHP_103373,SO_103379,WH_13,Air,07-05-2024,2024/05/12,6,5.0,On Time,4451,6560.44,24461,17900.56
SHP_103374,SO_109505,WH_01,Sea,18-03-2024,2024/03/22,5,4.0,On Time,3237,2455.99,10710,8254.01
SHP_103375,SO_107200,WH_08,Road,09-07-2024,2024/07/16,6,7.0,Delayed,2235,7404.92,31728,24323.08
SHP_103376,SO_100414,WH_03,Sea,28-07-2024,2024/08/07,7,10.0,Delayed,479,8157.16,21941,13783.84
SHP_103377,SO_101912,WH_09,Rail,17-09-2024,2024/09/24,4,7.0,Delayed,2970,4264.41,15529,11264.59
SHP_103378,SO_108091,WH_03,Rail,22-06-2024,2024/06/28,6,6.0,On Time,2269,13123.59,41392,28268.41
SHP_103379,SO_100262,WH_13,Rail,27-07-2024,2024/08/05,5,9.0,Delayed,2924,5999.39,24437,18437.61
SHP_103380,SO_100729,WH_05,Road,04-02-2024,2024/02/09,3,5.0,Delayed,4850,2207.67,6103,3895.33
SHP_103381,SO_100358,WH_01,Sea,07-05-2024,2024/05/11,4,4.0,On Time,3839,6507.55,26744,20236.45
SHP_103382,SO_102590,WH_11,Air,12-06-2024,2024/06/16,5,4.0,On Time,3696,4785.75,19148,14362.25
SHP_103383,SO_103635,WH_01,Rail,10-06-2024,2024/06/18,3,8.0,Delayed,3119,7631.05,19574,11942.95
SHP_103384,SO_102603,WH_08,Sea,27-07-2024,2024/07/30,7,3.0,On Time,1562,8764.54,39406,30641.46
SHP_103385,SO_108358,WH_12,Sea,10-03-2024,2024/03/16,7,6.0,On Time,730,5205.08,13854,8648.92
SHP_103386,SO_100913,WH_12,Rail,20-03-2024,2024/03/30,6,10.0,Delayed,3327,9047.21,26462,17414.79
SHP_103387,SO_102624,WH_05,Air,16-07-2024,2024/07/24,7,8.0,Delayed,2915,3553.23,17532,13978.77
SHP_103388,SO_100664,WH_06,Sea,27-12-2024,2024/12/29,5,2.0,On Time,2628,2843.88,9999,7155.12
SHP_103389,SO_107531,WH_04,Sea,26-05-2024,2024/05/31,3,5.0,Delayed,2420,12305.53,36860,24554.47
SHP_103390,SO_104776,WH_06,Rail,19-07-2024,2024/07/25,4,6.0,Delayed,2038,8013.01,37323,29309.99
SHP_103391,SO_109554,WH_11,Sea,13-09-2024,2024/09/23,7,10.0,Delayed,1964,12925.01,36182,23256.99
SHP_103392,SO_105256,WH_07,Rail,21-01-2024,2024/01/26,4,5.0,Delayed,3282,1910.68,6247,4336.32
SHP_103393,SO_103448,WH_12,Sea,16-09-2024,2024/09/25,7,9.0,Delayed,3998,9209.55,29676,20466.45
SHP_103394,SO_105469,WH_14,Rail,23-07-2024,2024/07/29,6,6.0,On Time,908,1943.23,7242,5298.77
SHP_103395,SO_107943,WH_15,Air,15-06-2024,2024/06/18,4,3.0,On Time,2220,9009.33,36047,27037.67
SHP_103396,SO_109873,WH_02,Air,17-05-2024,2024/05/23,4,6.0,Delayed,4464,3944.51,11865,7920.49
SHP_103397,SO_108263,WH_02,Sea,18-01-2024,2024/01/20,5,2.0,On Time,2259,12282.66,49357,37074.34
SHP_103398,SO_102936,WH_15,Rail,02-02-2024,2024/02/09,7,7.0,On Time,1360,4565.9,20651,16085.1
SHP_103399,SO_106396,WH_07,Rail,13-12-2024,2024/12/20,3,7.0,Delayed,4728,9795.05,26727,16931.95
SHP_103400,SO_105593,WH_05,Road,06-06-2024,2024/06/16,3,10.0,Delayed,1914,5219.78,16619,11399.22
SHP_103401,SO_108774,WH_07,Road,09-04-2024,2024/04/18,4,9.0,Delayed,2743,8978.07,42078,33099.93
SHP_103402,SO_102659,WH_05,Rail,03-08-2024,2024/08/05,5,2.0,On Time,2333,2318.82,10865,8546.18
SHP_103403,SO_109474,WH_05,Rail,01-10-2024,2024/10/07,5,6.0,Delayed,4253,5497.71,21605,16107.29
SHP_103404,SO_100028,WH_01,Air,20-11-2024,2024/11/25,6,5.0,On Time,1102,5732.55,14620,8887.45
SHP_103405,SO_101928,WH_12,Air,08-04-2024,2024/04/17,4,9.0,Delayed,4810,7897.39,36859,28961.61
SHP_103406,SO_108454,WH_13,Air,09-10-2024,2024/10/18,4,9.0,Delayed,3659,11546.55,39554,28007.45
SHP_103407,SO_106912,WH_11,Air,02-09-2024,2024/09/09,6,7.0,Delayed,674,8767.43,31435,22667.57
SHP_103408,SO_104963,WH_07,Rail,14-12-2024,2024/12/18,4,4.0,On Time,4172,5978.11,19330,13351.89
SHP_103409,SO_104089,WH_04,Road,28-02-2024,2024/03/03,5,4.0,On Time,2041,13593.56,37608,24014.44
SHP_103410,SO_107100,WH_13,Sea,15-08-2024,2024/08/23,7,8.0,Delayed,986,9534.55,26979,17444.45
SHP_103411,SO_105563,WH_06,Rail,14-05-2024,2024/05/20,4,6.0,Delayed,3899,1971.7,6850,4878.3
SHP_103412,SO_107226,WH_13,Rail,06-10-2024,2024/10/13,6,7.0,Delayed,3772,16231.95,41204,24972.05
SHP_103413,SO_103132,WH_13,Sea,05-06-2024,2024/06/08,7,3.0,On Time,3894,12334.95,38728,26393.05
SHP_103414,SO_100545,WH_12,Air,27-09-2024,2024/10/03,3,6.0,Delayed,1149,9988.05,30437,20448.95
SHP_103415,SO_100716,WH_08,Air,22-05-2024,2024/05/26,4,4.0,On Time,2341,7035.75,29186,22150.25
SHP_103416,SO_103751,WH_13,Rail,15-11-2024,2024/11/18,6,3.0,On Time,213,4252.4,20337,16084.6
SHP_103417,SO_106167,WH_09,Sea,02-12-2024,2024/12/11,5,9.0,Delayed,3011,15994.92,45911,29916.08
SHP_103418,SO_102926,WH_03,Sea,17-01-2024,2024/01/25,6,8.0,Delayed,2757,16501.52,41616,25114.48
SHP_103419,SO_103811,WH_08,Sea,11-01-2024,2024/01/16,3,5.0,Delayed,2582,10764.73,28936,18171.27
SHP_103420,SO_101050,WH_03,Rail,12-05-2024,2024/05/17,3,5.0,Delayed,1629,7309.14,28874,21564.86
SHP_103421,SO_105163,WH_14,Sea,10-11-2024,2024/11/18,3,8.0,Delayed,1125,7040.11,18139,11098.89
SHP_103422,SO_104742,WH_07,Road,29-05-2024,2024/05/31,3,2.0,On Time,1594,3272.84,9387,6114.16
SHP_103423,SO_101521,WH_11,Sea,26-05-2024,2024/05/31,5,5.0,On Time,2054,9861.37,40834,30972.63
SHP_103424,SO_106405,WH_02,Road,26-01-2024,2024/02/03,5,8.0,Delayed,3304,8924.27,27278,18353.73
SHP_103425,SO_101915,WH_07,Rail,05-09-2024,2024/09/07,7,2.0,On Time,1256,8101.71,23340,15238.29
SHP_103426,SO_107127,WH_14,Rail,26-02-2024,2024/02/28,3,2.0,On Time,4513,11234.84,45852,34617.16
SHP_103427,SO_105987,WH_04,Road,02-03-2024,2024/03/06,6,4.0,On Time,1209,3314.99,9803,6488.01
SHP_103428,SO_109042,WH_13,Rail,07-04-2024,2024/04/12,7,5.0,On Time,1941,3824.32,10995,7170.68
SHP_103429,SO_104930,WH_01,Road,27-02-2024,2024/03/07,5,9.0,Delayed,4834,6400.51,18303,11902.49
SHP_103430,SO_101606,WH_08,Road,25-12-2024,2025/01/02,3,8.0,Delayed,759,5857.34,18652,12794.66
SHP_103431,SO_100354,WH_05,Sea,04-01-2024,2024/01/13,7,9.0,Delayed,4048,6306.9,17448,11141.1
SHP_103432,SO_103587,WH_02,Sea,25-01-2024,2024/01/28,7,3.0,On Time,2567,8361.95,37907,29545.05
SHP_103433,SO_100417,WH_02,Air,22-02-2024,2024/02/26,7,4.0,On Time,2534,2162.79,7641,5478.21
SHP_103434,SO_109592,WH_13,Road,03-03-2024,2024/03/09,5,6.0,Delayed,1045,9265.01,41000,31734.99
SHP_103435,SO_106732,WH_11,Road,30-10-2024,2024/11/01,5,2.0,On Time,4881,10094.12,29622,19527.88
SHP_103436,SO_102798,WH_06,Sea,08-12-2024,2024/12/15,3,7.0,Delayed,3235,9159.37,32658,23498.63
SHP_103437,SO_107170,WH_05,Air,09-12-2024,2024/12/15,3,6.0,Delayed,424,10778.27,44814,34035.73
SHP_103438,SO_106823,WH_13,Sea,17-07-2024,2024/07/26,4,9.0,Delayed,1741,13207.79,49156,35948.21
SHP_103439,SO_107958,WH_04,Sea,25-12-2024,2024/12/29,7,4.0,On Time,4597,8871.06,31263,22391.94
SHP_103440,SO_108880,WH_15,Air,12-05-2024,2024/05/15,3,3.0,On Time,2469,17658.67,46071,28412.33
SHP_103441,SO_104544,WH_12,Sea,07-11-2024,2024/11/16,6,9.0,Delayed,3365,16585.75,44067,27481.25
SHP_103442,SO_103444,WH_02,Rail,10-07-2024,2024/07/14,7,4.0,On Time,1634,4785.47,13884,9098.53
SHP_103443,SO_103135,WH_14,Road,25-12-2024,2024/12/29,3,4.0,Delayed,3350,3432.32,10405,6972.68
SHP_103444,SO_108744,WH_03,Air,23-09-2024,2024/10/01,7,8.0,Delayed,4062,3848.43,14367,10518.57
SHP_103445,SO_108173,WH_09,Road,20-01-2024,2024/01/29,3,9.0,Delayed,4747,11633.91,41222,29588.09
SHP_103446,SO_103169,WH_06,Sea,15-11-2024,2024/11/20,7,5.0,On Time,3937,7098.31,24000,16901.69
SHP_103447,SO_101269,WH_08,Road,29-06-2024,2024/07/03,7,4.0,On Time,1316,8498.91,25562,17063.09
SHP_103448,SO_108740,WH_04,Rail,01-02-2024,2024/02/05,4,4.0,On Time,2672,7521.64,34469,26947.36
SHP_103449,SO_109065,WH_08,Road,18-12-2024,2024/12/27,5,9.0,Delayed,821,9726.8,48237,38510.2
SHP_103450,SO_100508,WH_04,Sea,20-06-2024,2024/06/22,7,2.0,On Time,922,3578.35,14824,11245.65
SHP_103451,SO_106811,WH_05,Air,26-04-2024,2024/05/03,4,,Delayed,1044,17556.45,48174,30617.55
SHP_103452,SO_109566,WH_11,Road,03-07-2024,2024/07/09,4,6.0,Delayed,4662,6819.7,30216,23396.3
SHP_103453,SO_108245,WH_09,Rail,07-06-2024,2024/06/09,5,2.0,On Time,2873,5557.26,25568,20010.74
SHP_103454,SO_106488,WH_12,Road,08-01-2024,2024/01/16,7,8.0,Delayed,904,12659.56,45473,32813.44
SHP_103455,SO_104537,WH_15,Rail,21-10-2024,2024/10/24,3,3.0,On Time,2145,14174.25,45773,31598.75
SHP_103456,SO_102562,WH_10,Air,24-06-2024,2024/07/03,3,9.0,Delayed,1458,16540.3,43731,27190.7
SHP_103457,SO_108852,WH_04,Road,07-03-2024,2024/03/16,6,9.0,Delayed,3048,10463.62,30062,19598.38
SHP_103458,SO_102193,WH_08,Air,27-05-2024,2024/05/31,5,4.0,On Time,3874,11466.99,29433,17966.01
SHP_103459,SO_106856,WH_12,Air,08-01-2024,2024/01/10,4,2.0,On Time,1223,2078.77,8323,6244.23
SHP_103460,SO_103501,WH_02,Rail,11-09-2024,2024/09/20,3,9.0,Delayed,4288,8086.8,29306,21219.2
SHP_103461,SO_103220,WH_13,Rail,26-10-2024,2024/10/30,5,4.0,On Time,1727,10475.05,27965,17489.95
SHP_103462,SO_107325,WH_11,Road,23-04-2024,2024/05/02,4,9.0,Delayed,1058,3301.82,13085,9783.18
SHP_103463,SO_103084,WH_14,Road,04-11-2024,2024/11/08,6,4.0,On Time,1691,7206.32,18331,11124.68
SHP_103464,SO_104595,WH_14,Road,19-05-2024,2024/05/29,6,10.0,Delayed,1338,2227.78,7721,5493.22
SHP_103465,SO_102283,WH_11,Road,18-11-2024,2024/11/24,7,6.0,On Time,1530,7563.29,33461,25897.71
SHP_103466,SO_101837,WH_13,Rail,16-08-2024,2024/08/23,6,7.0,Delayed,4512,10236.43,34657,24420.57
SHP_103467,SO_101289,WH_13,Road,02-08-2024,2024/08/05,6,3.0,On Time,1235,3824.9,9750,5925.1
SHP_103468,SO_107171,WH_05,Road,11-11-2024,2024/11/15,4,4.0,On Time,4136,3258.39,12052,8793.61
SHP_103469,SO_109858,WH_14,Road,14-02-2024,2024/02/18,7,4.0,On Time,4345,3693.3,17962,14268.7
SHP_103470,SO_105087,WH_15,Air,25-04-2024,2024/04/29,4,4.0,On Time,3351,4475.77,20323,15847.23
SHP_103471,SO_109584,WH_11,Sea,06-09-2024,2024/09/09,7,3.0,On Time,3183,4889.17,17888,12998.83
SHP_103472,SO_101401,WH_01,Road,03-02-2024,2024/02/06,5,3.0,On Time,2791,7799.64,21541,13741.36
SHP_103473,SO_106725,WH_12,Air,09-02-2024,2024/02/14,7,5.0,On Time,1031,6246.99,24546,18299.01
SHP_103474,SO_103865,WH_05,Rail,02-02-2024,2024/02/11,6,9.0,Delayed,4187,5445.34,16638,11192.66
SHP_103475,SO_104836,WH_03,Road,12-11-2024,2024/11/20,5,8.0,Delayed,1860,11881.11,37528,25646.89
SHP_103476,SO_105280,WH_04,Rail,05-08-2024,2024/08/07,4,2.0,On Time,1280,15467.35,44807,29339.65
SHP_103477,SO_105616,WH_03,Rail,14-03-2024,2024/03/19,3,5.0,Delayed,1124,8006.78,35971,27964.22
SHP_103478,SO_106974,WH_03,Sea,02-06-2024,2024/06/05,7,3.0,On Time,1713,15565.97,42948,27382.03
SHP_103479,SO_105778,WH_11,Sea,22-03-2024,2024/03/26,5,4.0,On Time,4613,8940.18,28478,19537.82
SHP_103480,SO_108380,WH_09,Sea,27-09-2024,2024/10/03,4,6.0,Delayed,4731,6992.79,34931,27938.21
SHP_103481,SO_102245,WH_05,Rail,02-12-2024,2024/12/08,6,6.0,On Time,4862,3342.93,16395,13052.07
SHP_103482,SO_100306,WH_01,Air,08-11-2024,2024/11/15,4,7.0,Delayed,4305,3779.54,18621,14841.46
SHP_103483,SO_109124,WH_10,Air,22-05-2024,2024/05/26,3,4.0,Delayed,4707,2105.57,8506,6400.43
SHP_103484,SO_104704,WH_06,Sea,08-02-2024,2024/02/13,3,5.0,Delayed,3319,9508.66,46849,37340.34
SHP_103485,SO_109092,WH_03,Air,29-07-2024,2024/08/06,7,8.0,Delayed,4024,8982.14,28157,19174.86
SHP_103486,SO_103728,WH_13,Sea,14-10-2024,2024/10/23,4,9.0,Delayed,877,14606.18,42239,27632.82
SHP_103487,SO_107211,WH_01,Sea,23-06-2024,2024/07/02,3,9.0,Delayed,2552,8680.56,36069,27388.44
SHP_103488,SO_109439,WH_10,Air,23-10-2024,2024/11/01,6,9.0,Delayed,448,2012.86,5567,3554.14
SHP_103489,SO_108928,WH_01,Air,02-01-2024,2024/01/08,5,6.0,Delayed,3406,2826.59,7228,4401.41
SHP_103490,SO_102979,WH_03,Air,19-01-2024,2024/01/29,7,10.0,Delayed,3037,5724.64,14821,9096.36
SHP_103491,SO_104366,WH_12,Air,24-04-2024,2024/04/28,4,4.0,On Time,1767,14536.49,48589,34052.51
SHP_103492,SO_104396,WH_03,Sea,22-07-2024,2024/07/25,4,3.0,On Time,3283,17908.45,45578,27669.55
SHP_103493,SO_102652,WH_15,Rail,13-02-2024,2024/02/19,3,6.0,Delayed,2480,11195.04,47635,36439.96
SHP_103494,SO_101084,WH_11,Air,30-07-2024,2024/08/04,4,5.0,Delayed,2876,6915.25,33584,26668.75
SHP_103495,SO_106009,WH_05,Air,10-11-2024,2024/11/18,3,8.0,Delayed,1989,9699.1,39028,29328.9
SHP_103496,SO_102261,WH_07,Road,08-10-2024,2024/10/17,5,9.0,Delayed,1313,9964.03,45423,35458.97
SHP_103497,SO_101344,WH_01,Road,04-11-2024,2024/11/10,5,6.0,Delayed,1108,12417.57,37170,24752.43
SHP_103498,SO_100439,WH_02,Sea,17-07-2024,2024/07/24,5,7.0,Delayed,3532,8168.78,29572,21403.22
SHP_103499,SO_103591,WH_05,Rail,31-05-2024,2024/06/07,4,7.0,Delayed,1516,11044.31,38240,27195.69
SHP_103500,SO_106592,WH_04,Air,18-10-2024,2024/10/20,3,,Delayed,3480,2870.12,8497,5626.88
SHP_103501,SO_106248,WH_05,Sea,03-09-2024,2024/09/10,6,7.0,Delayed,822,1624.88,5341,3716.12
SHP_103502,SO_101943,WH_09,Rail,02-03-2024,2024/03/12,4,10.0,Delayed,2940,6633.48,21108,14474.52
SHP_103503,SO_100091,WH_15,Road,18-03-2024,2024/03/25,6,7.0,Delayed,4602,5348.48,24869,19520.52
SHP_103504,SO_102846,WH_08,Sea,28-05-2024,2024/05/31,6,3.0,On Time,3677,19054.98,49906,30851.02
SHP_103505,SO_105906,WH_04,Road,15-04-2024,2024/04/21,4,6.0,Delayed,3608,12637.4,36929,24291.6
SHP_103506,SO_106075,WH_03,Air,21-08-2024,2024/08/29,7,8.0,Delayed,4441,15867.62,44657,28789.38
SHP_103507,SO_106129,WH_15,Rail,27-10-2024,2024/11/03,5,7.0,Delayed,4238,9111.88,31933,22821.12
SHP_103508,SO_102048,WH_14,Air,01-07-2024,2024/07/11,7,10.0,Delayed,4795,-5676.24,21961,27637.24
SHP_103509,SO_109725,WH_11,Air,01-09-2024,2024/09/03,4,2.0,On Time,1579,6836.09,25781,18944.91
SHP_103510,SO_101397,WH_09,Road,13-02-2024,2024/02/23,6,10.0,Delayed,2370,4000.38,10869,6868.62
SHP_103511,SO_101694,WH_07,Rail,21-10-2024,2024/10/24,4,3.0,On Time,3676,9588.43,33488,23899.57
SHP_103512,SO_102679,WH_05,Road,18-04-2024,2024/04/26,4,8.0,Delayed,1311,6677.92,20994,14316.08
SHP_103513,SO_100967,WH_10,Air,29-01-2024,2024/02/08,3,10.0,Delayed,3001,3831.59,11439,7607.41
SHP_103514,SO_102856,WH_12,Road,29-06-2024,2024/07/05,6,6.0,On Time,790,5602.34,19579,13976.66
SHP_103515,SO_103129,WH_07,Air,15-11-2024,2024/11/25,5,10.0,Delayed,4703,6467.19,17810,11342.81
SHP_103516,SO_104721,WH_15,Road,10-11-2024,2024/11/17,7,7.0,On Time,4730,5425.72,17373,11947.28
SHP_103517,SO_105495,WH_08,Sea,07-05-2024,2024/05/15,7,8.0,Delayed,956,10658.57,44007,33348.43
SHP_103518,SO_103768,WH_06,Air,03-08-2024,2024/08/09,7,6.0,On Time,2758,6399.6,26049,19649.4
SHP_103519,SO_106650,WH_13,Rail,21-06-2024,2024/06/27,6,6.0,On Time,1274,15235.01,41186,25950.99
SHP_103520,SO_107668,WH_11,Air,23-05-2024,2024/05/26,3,3.0,On Time,3466,13481.04,33844,20362.96
SHP_103521,SO_106995,WH_02,Air,05-05-2024,2024/05/11,4,6.0,Delayed,1972,16067.75,42606,26538.25
SHP_103522,SO_109513,WH_06,Sea,06-08-2024,2024/08/13,3,7.0,Delayed,2386,7851.43,23182,15330.57
SHP_103523,SO_103296,WH_07,Road,01-12-2024,2024/12/11,3,10.0,Delayed,652,9908.17,31422,21513.83
SHP_103524,SO_100193,WH_02,Rail,15-12-2024,2024/12/20,5,5.0,On Time,4280,4584.09,16841,12256.91
SHP_103525,SO_104544,WH_08,Sea,01-01-2024,2024/01/04,4,3.0,On Time,2529,2450.78,9188,6737.22
SHP_103526,SO_106947,WH_10,Sea,02-10-2024,2024/10/08,4,6.0,Delayed,1072,12068.1,43913,31844.9
SHP_103527,SO_107176,WH_01,Air,16-11-2024,2024/11/26,4,10.0,Delayed,1329,6731.01,27453,20721.99
SHP_103528,SO_100634,WH_08,Road,03-12-2024,2024/12/09,7,6.0,On Time,563,17166.99,46120,28953.01
SHP_103529,SO_102564,WH_10,Air,25-08-2024,2024/09/01,4,7.0,Delayed,2924,8072.93,29792,21719.07
SHP_103530,SO_109468,WH_01,Rail,26-11-2024,2024/12/02,6,6.0,On Time,568,14210.57,36731,22520.43
SHP_103531,SO_104136,WH_11,Sea,04-12-2024,2024/12/08,5,4.0,On Time,1849,3905.64,10157,6251.36
SHP_103532,SO_109244,WH_08,Road,12-05-2024,2024/05/20,4,8.0,Delayed,3579,16870.97,47815,30944.03
SHP_103533,SO_103664,WH_13,Sea,14-11-2024,2024/11/18,5,4.0,On Time,1902,4871.55,20374,15502.45
SHP_103534,SO_102854,WH_15,Air,20-10-2024,2024/10/25,7,5.0,On Time,401,10163.98,27011,16847.02
SHP_103535,SO_106934,WH_11,Sea,06-06-2024,2024/06/16,4,10.0,Delayed,2464,-4016.62,13840,17856.62
SHP_103536,SO_102778,WH_06,Sea,14-06-2024,2024/06/21,4,7.0,Delayed,3199,-10264.57,33068,43332.57
SHP_103537,SO_106528,WH_12,Air,12-03-2024,2024/03/17,7,5.0,On Time,1224,8974.35,28409,19434.65
SHP_103538,SO_103795,WH_03,Rail,23-10-2024,2024/10/30,5,7.0,Delayed,2512,5604.51,21154,15549.49
SHP_103539,SO_104709,WH_03,Road,08-01-2024,2024/01/14,5,6.0,Delayed,4631,4203.08,15070,10866.92
SHP_103540,SO_109246,WH_06,Sea,19-06-2024,2024/06/26,7,7.0,On Time,4873,10865.45,30125,19259.55
SHP_103541,SO_104360,WH_10,Road,05-01-2024,2024/01/11,7,6.0,On Time,2504,4797.35,17288,12490.65
SHP_103542,SO_108855,WH_15,Sea,05-02-2024,2024/02/10,5,5.0,On Time,1879,11805.89,42244,30438.11
SHP_103543,SO_102674,WH_07,Rail,24-08-2024,2024/09/02,6,9.0,Delayed,469,10267.65,46820,36552.35
SHP_103544,SO_103558,WH_14,Road,27-05-2024,2024/06/06,6,10.0,Delayed,463,3222.06,11999,8776.94
SHP_103545,SO_107702,WH_14,Sea,13-08-2024,2024/08/15,3,2.0,On Time,3231,2892.21,11004,8111.79
SHP_103546,SO_108387,WH_04,Sea,14-04-2024,2024/04/16,7,2.0,On Time,658,4387.18,11007,6619.82
SHP_103547,SO_105455,WH_10,Road,01-05-2024,2024/05/10,7,9.0,Delayed,3969,-18123.04,46309,64432.04
SHP_103548,SO_109374,WH_10,Road,28-01-2024,2024/02/07,3,10.0,Delayed,4637,8602.63,32949,24346.37
SHP_103549,SO_108986,WH_15,Rail,03-02-2024,2024/02/12,6,9.0,Delayed,4237,4023.2,12188,8164.8
SHP_103550,SO_100514,WH_11,Road,03-09-2024,2024/09/13,7,10.0,Delayed,3422,3564.86,9675,6110.14
SHP_103551,SO_102977,WH_06,Rail,29-11-2024,2024/12/01,6,2.0,On Time,4135,12129.45,36076,23946.55
SHP_103552,SO_106832,WH_04,Road,01-05-2024,2024/05/09,4,8.0,Delayed,3782,16501.85,44324,27822.15
SHP_103553,SO_105035,WH_07,Sea,16-03-2024,2024/03/19,6,3.0,On Time,1446,2440.18,6647,4206.82
SHP_103554,SO_102999,WH_13,Rail,29-05-2024,2024/06/07,3,9.0,Delayed,4700,8545.31,34280,25734.69
SHP_103555,SO_108301,WH_01,Rail,19-09-2024,2024/09/21,3,2.0,On Time,4163,2056.38,5678,3621.62
SHP_103556,SO_108045,WH_02,Road,25-07-2024,2024/07/29,4,4.0,On Time,1211,15367.7,45146,29778.3
SHP_103557,SO_107072,WH_01,Rail,10-08-2024,2024/08/20,7,10.0,Delayed,3839,9784.4,31886,22101.6
SHP_103558,SO_100434,WH_04,Air,24-09-2024,2024/10/01,4,7.0,Delayed,1555,14566.05,49866,35299.95
SHP_103559,SO_105410,WH_08,Rail,22-06-2024,2024/06/26,6,4.0,On Time,1141,16598.47,48888,32289.53
SHP_103560,SO_101848,WH_09,Sea,17-02-2024,2024/02/21,6,4.0,On Time,3257,7132.14,25322,18189.86
SHP_103561,SO_103101,WH_08,Rail,03-04-2024,2024/04/08,7,5.0,On Time,3869,11307.44,32819,21511.56
SHP_103562,SO_107136,WH_04,Air,09-09-2024,2024/09/16,6,7.0,Delayed,3221,15216.97,42532,27315.03
SHP_103563,SO_106118,WH_01,Rail,20-07-2024,2024/07/29,5,9.0,Delayed,3710,9529.97,34149,24619.03
SHP_103564,SO_103114,WH_09,Sea,28-12-2024,2025/01/01,7,4.0,On Time,1390,6428.72,23167,16738.28
SHP_103565,SO_102503,WH_02,Sea,15-09-2024,2024/09/23,7,8.0,Delayed,3052,16409.29,44271,27861.71
SHP_103566,SO_104185,WH_13,Rail,27-05-2024,2024/05/29,6,2.0,On Time,3265,1545.69,5501,3955.31
SHP_103567,SO_109599,WH_01,Sea,14-05-2024,2024/05/20,3,6.0,Delayed,2373,4335.18,13861,9525.82
SHP_103568,SO_102037,WH_08,Sea,30-07-2024,2024/08/06,6,7.0,Delayed,3711,13336.74,36241,22904.26
SHP_103569,SO_105878,WH_04,Rail,06-07-2024,2024/07/13,5,7.0,Delayed,2257,4475.69,19618,15142.31
SHP_103570,SO_106724,WH_12,Sea,22-08-2024,2024/08/30,3,8.0,Delayed,2592,8974.97,27028,18053.03
SHP_103571,SO_100239,WH_09,Sea,13-11-2024,2024/11/15,5,2.0,On Time,4227,9017.54,42627,33609.46
SHP_103572,SO_104556,WH_15,Air,23-08-2024,2024/08/29,5,6.0,Delayed,433,6803.98,22667,15863.02
SHP_103573,SO_105150,WH_02,Road,15-11-2024,2024/11/20,5,5.0,On Time,3717,3429.19,11034,7604.81
SHP_103574,SO_105550,WH_06,Air,03-01-2024,2024/01/11,6,8.0,Delayed,4598,2627.41,7716,5088.59
SHP_103575,SO_109589,WH_05,Road,11-04-2024,2024/04/15,5,4.0,On Time,4554,3615.89,17407,13791.11
SHP_103576,SO_105203,WH_05,Road,02-02-2024,2024/02/05,5,3.0,On Time,2691,6605.66,24579,17973.34
SHP_103577,SO_106937,WH_05,Road,13-01-2024,2024/01/18,7,5.0,On Time,4542,4472.09,20067,15594.91
SHP_103578,SO_103405,WH_05,Sea,25-01-2024,2024/02/02,6,8.0,Delayed,2201,8022.25,36418,28395.75
SHP_103579,SO_103427,WH_14,Sea,29-08-2024,2024/09/02,7,4.0,On Time,3807,6506.06,24081,17574.94
SHP_103580,SO_102384,WH_07,Sea,28-07-2024,2024/08/07,4,10.0,Delayed,2225,15068.9,44732,29663.1
SHP_103581,SO_101992,WH_10,Rail,15-11-2024,2024/11/25,6,10.0,Delayed,370,5114.5,13361,8246.5
SHP_103582,SO_101529,WH_02,Rail,06-03-2024,2024/03/12,7,6.0,On Time,3624,2307.52,9366,7058.48
SHP_103583,SO_107350,WH_10,Road,02-10-2024,2024/10/10,4,8.0,Delayed,2343,5415.54,17984,12568.46
SHP_103584,SO_103770,WH_04,Air,30-11-2024,2024/12/07,3,7.0,Delayed,2239,16543.85,44443,27899.15
SHP_103585,SO_107241,WH_02,Rail,19-06-2024,2024/06/21,4,2.0,On Time,2031,10070.39,40290,30219.61
SHP_103586,SO_105969,WH_09,Rail,01-10-2024,2024/10/06,4,5.0,Delayed,1600,13040.13,47875,34834.87
SHP_103587,SO_101540,WH_06,Air,28-06-2024,2024/07/02,4,4.0,On Time,1434,4488.42,22285,17796.58
SHP_103588,SO_106616,WH_07,Rail,14-07-2024,2024/07/19,7,5.0,On Time,4042,12461.84,34502,22040.16
SHP_103589,SO_107463,WH_02,Sea,21-01-2024,2024/01/24,7,3.0,On Time,2476,9974.09,27964,17989.91
SHP_103590,SO_100347,WH_11,Sea,19-08-2024,2024/08/27,7,8.0,Delayed,952,2525.63,7180,4654.37
SHP_103591,SO_102477,WH_13,Rail,20-12-2024,2024/12/24,4,4.0,On Time,4594,15370.45,46779,31408.55
SHP_103592,SO_103953,WH_14,Air,10-01-2024,2024/01/12,7,2.0,On Time,3547,9992.73,35835,25842.27
SHP_103593,SO_105608,WH_01,Rail,31-08-2024,2024/09/09,7,9.0,Delayed,2129,9325.15,35816,26490.85
SHP_103594,SO_104392,WH_04,Road,30-07-2024,2024/08/03,4,4.0,On Time,2922,11339.46,41332,29992.54
SHP_103595,SO_105483,WH_08,Sea,01-02-2024,2024/02/11,6,10.0,Delayed,1145,2013.93,9184,7170.07
SHP_103596,SO_103885,WH_08,Rail,21-03-2024,2024/03/27,5,6.0,Delayed,479,4173.2,13055,8881.8
SHP_103597,SO_101371,WH_07,Road,11-05-2024,2024/05/17,4,6.0,Delayed,2984,3643.66,11745,8101.34
SHP_103598,SO_104315,WH_03,Rail,25-11-2024,2024/11/29,4,4.0,On Time,2497,16336.72,45524,29187.28
SHP_103599,SO_109893,WH_06,Rail,17-04-2024,2024/04/25,7,,Delayed,3285,10588.38,29034,18445.62
SHP_103600,SO_100965,WH_07,Rail,12-12-2024,2024/12/17,7,5.0,On Time,2272,15660.85,49927,34266.15
SHP_103601,SO_101009,WH_06,Road,05-09-2024,2024/09/08,7,3.0,On Time,3036,4915.35,20286,15370.65
SHP_103602,SO_104782,WH_08,Air,22-10-2024,2024/10/28,4,6.0,Delayed,4796,3026.64,9732,6705.36
SHP_103603,SO_104119,WH_15,Air,15-09-2024,2024/09/18,4,3.0,On Time,570,15690.72,49615,33924.28
SHP_103604,SO_108615,WH_11,Rail,15-09-2024,2024/09/25,7,10.0,Delayed,360,3155.1,13326,10170.9
SHP_103605,SO_109816,WH_12,Road,16-01-2024,2024/01/23,6,7.0,Delayed,2058,9975.51,25633,15657.49
SHP_103606,SO_105096,WH_02,Sea,23-05-2024,2024/06/02,4,10.0,Delayed,1528,5800.37,17399,11598.63
SHP_103607,SO_107054,WH_07,Air,13-09-2024,2024/09/20,7,7.0,On Time,3960,16232.79,41080,24847.21
SHP_103608,SO_105296,WH_15,Sea,05-03-2024,2024/03/08,5,3.0,On Time,616,2965.85,7449,4483.15
SHP_103609,SO_100846,WH_10,Sea,26-05-2024,2024/06/04,5,9.0,Delayed,2873,14129.52,45019,30889.48
SHP_103610,SO_102240,WH_06,Sea,22-05-2024,2024/05/30,3,8.0,Delayed,2650,-3443.68,16976,20419.68
SHP_103611,SO_109275,WH_07,Road,07-03-2024,2024/03/10,4,3.0,On Time,263,4242.4,19400,15157.6
SHP_103612,SO_101008,WH_07,Road,18-11-2024,2024/11/26,5,8.0,Delayed,2891,7759.24,19568,11808.76
SHP_103613,SO_109073,WH_12,Sea,29-04-2024,2024/05/07,6,8.0,Delayed,2415,1948.07,7591,5642.93
SHP_103614,SO_103574,WH_07,Air,13-10-2024,2024/10/16,7,3.0,On Time,4225,8771.6,25682,16910.4
SHP_103615,SO_103505,WH_08,Sea,07-09-2024,2024/09/15,6,8.0,Delayed,2475,5142.9,23208,18065.1
SHP_103616,SO_102106,WH_09,Road,18-04-2024,2024/04/25,4,7.0,Delayed,1058,1644.93,5482,3837.07
SHP_103617,SO_105960,WH_07,Sea,09-10-2024,2024/10/14,7,5.0,On Time,787,18714.9,49827,31112.1
SHP_103618,SO_101779,WH_04,Rail,18-10-2024,2024/10/28,4,10.0,Delayed,4447,-1883.51,7256,9139.51
SHP_103619,SO_102228,WH_15,Air,05-01-2024,2024/01/13,4,8.0,Delayed,1810,-8732.1,27694,36426.1
SHP_103620,SO_102466,WH_12,Sea,09-07-2024,2024/07/19,3,10.0,Delayed,3536,3786.21,14704,10917.79
SHP_103621,SO_102203,WH_14,Sea,12-04-2024,2024/04/20,3,8.0,Delayed,1184,8835.58,32154,23318.42
SHP_103622,SO_106977,WH_01,Sea,27-06-2024,2024/07/05,5,8.0,Delayed,1855,18396.51,47933,29536.49
SHP_103623,SO_105944,WH_12,Road,16-04-2024,2024/04/19,7,3.0,On Time,2838,14649.15,49514,34864.85
SHP_103624,SO_109700,WH_03,Air,05-10-2024,2024/10/14,3,9.0,Delayed,1889,6339.81,22098,15758.19
SHP_103625,SO_100871,WH_14,Rail,02-03-2024,2024/03/08,5,6.0,Delayed,4286,17417.96,47855,30437.04
SHP_103626,SO_106507,WH_12,Road,08-08-2024,2024/08/14,4,6.0,Delayed,589,14566.67,39654,25087.33
SHP_103627,SO_105650,WH_09,Air,31-10-2024,2024/11/09,4,9.0,Delayed,2037,9016.14,41944,32927.86
SHP_103628,SO_107334,WH_13,Road,06-09-2024,2024/09/09,7,3.0,On Time,2228,10687.9,43234,32546.1
SHP_103629,SO_107664,WH_07,Road,08-08-2024,2024/08/15,3,7.0,Delayed,1233,1557.86,5133,3575.14
SHP_103630,SO_100709,WH_05,Air,12-02-2024,2024/02/17,7,5.0,On Time,3737,11489.46,29660,18170.54
SHP_103631,SO_109666,WH_11,Air,10-10-2024,2024/10/20,5,10.0,Delayed,1788,12049.6,46941,34891.4
SHP_103632,SO_108433,WH_12,Rail,17-07-2024,2024/07/25,4,8.0,Delayed,1001,4469.11,16530,12060.89
SHP_103633,SO_103079,WH_07,Air,27-04-2024,2024/05/03,3,6.0,Delayed,4474,10591.99,28338,17746.01
SHP_103634,SO_107782,WH_10,Road,28-01-2024,2024/01/30,4,2.0,On Time,2280,1696.71,8425,6728.29
SHP_103635,SO_105102,WH_03,Air,15-04-2024,2024/04/25,5,10.0,Delayed,2761,7488.95,23490,16001.05
SHP_103636,SO_104816,WH_06,Road,22-07-2024,2024/07/24,6,2.0,On Time,2783,7563.34,21373,13809.66
SHP_103637,SO_102153,WH_03,Road,15-11-2024,2024/11/22,3,7.0,Delayed,4609,11676.06,45102,33425.94
SHP_103638,SO_103516,WH_02,Road,07-03-2024,2024/03/15,5,8.0,Delayed,1344,2086.3,7739,5652.7
SHP_103639,SO_105158,WH_15,Road,25-12-2024,2024/12/31,5,6.0,Delayed,3464,10833.05,39727,28893.95
SHP_103640,SO_109886,WH_12,Rail,17-10-2024,2024/10/27,5,10.0,Delayed,2829,7649.41,34898,27248.59
SHP_103641,SO_109702,WH_10,Sea,20-09-2024,2024/09/28,7,8.0,Delayed,2113,8846.48,39551,30704.52
SHP_103642,SO_100649,WH_12,Sea,25-03-2024,2024/04/03,5,9.0,Delayed,3908,9317.41,35467,26149.59
SHP_103643,SO_106122,WH_10,Air,21-10-2024,2024/10/30,6,9.0,Delayed,1282,3623.32,13005,9381.68
SHP_103644,SO_103259,WH_04,Air,08-03-2024,2024/03/16,6,8.0,Delayed,4281,3434.15,10774,7339.85
SHP_103645,SO_101415,WH_01,Sea,18-01-2024,2024/01/20,3,2.0,On Time,4844,13484.24,41021,27536.76
SHP_103646,SO_105807,WH_13,Rail,25-06-2024,2024/06/29,5,4.0,On Time,3157,6277.88,24050,17772.12
SHP_103647,SO_108734,WH_05,Road,14-07-2024,2024/07/20,5,6.0,Delayed,3529,7950.42,21808,13857.58
SHP_103648,SO_109265,WH_15,Rail,04-10-2024,2024/10/11,5,7.0,Delayed,3012,13642.4,49235,35592.6
SHP_103649,SO_105900,WH_08,Air,12-01-2024,2024/01/22,7,10.0,Delayed,4943,-2026.11,5123,7149.11
SHP_103650,SO_101683,WH_12,Road,04-02-2024,2024/02/06,5,2.0,On Time,483,4567.51,12376,7808.49
SHP_103651,SO_108610,WH_04,Air,23-03-2024,2024/03/27,4,4.0,On Time,3189,9045.42,23174,14128.58
SHP_103652,SO_107140,WH_12,Air,13-03-2024,2024/03/16,5,3.0,On Time,4041,10023.03,38618,28594.97
SHP_103653,SO_101990,WH_12,Sea,23-03-2024,2024/03/31,4,8.0,Delayed,2738,8041.76,23343,15301.24
SHP_103654,SO_104803,WH_07,Air,03-10-2024,2024/10/09,3,6.0,Delayed,2511,9038.31,37137,28098.69
SHP_103655,SO_103018,WH_06,Road,28-02-2024,2024/03/01,3,2.0,On Time,4737,5520.05,18014,12493.95
SHP_103656,SO_106340,WH_01,Air,19-01-2024,2024/01/26,4,7.0,Delayed,4530,6405.86,22969,16563.14
SHP_103657,SO_109068,WH_10,Air,22-09-2024,2024/10/01,5,9.0,Delayed,1962,7804.89,23297,15492.11
SHP_103658,SO_100847,WH_02,Sea,08-09-2024,2024/09/13,3,5.0,Delayed,2872,3422.03,11128,7705.97
SHP_103659,SO_106650,WH_14,Air,11-09-2024,2024/09/20,6,9.0,Delayed,1326,3395.12,16026,12630.88
SHP_103660,SO_105206,WH_05,Rail,23-12-2024,2024/12/29,3,6.0,Delayed,877,2798.74,12304,9505.26
SHP_103661,SO_100430,WH_11,Road,03-05-2024,2024/05/06,3,3.0,On Time,4343,14873.52,49278,34404.48
SHP_103662,SO_108078,WH_08,Air,13-04-2024,2024/04/22,3,,Delayed,3920,-5004.67,23423,28427.67
SHP_103663,SO_103372,WH_03,Rail,16-02-2024,2024/02/20,3,4.0,Delayed,1876,11731.03,47061,35329.97
SHP_103664,SO_100327,WH_07,Rail,09-05-2024,2024/05/12,3,3.0,On Time,669,2497.87,10450,7952.13
SHP_103665,SO_104194,WH_10,Air,10-09-2024,2024/09/16,7,6.0,On Time,1714,1828.5,8085,6256.5
SHP_103666,SO_109829,WH_07,Air,21-05-2024,2024/05/29,4,8.0,Delayed,2646,2843.45,7159,4315.55
SHP_103667,SO_100813,WH_07,Rail,15-11-2024,2024/11/20,4,5.0,Delayed,4653,14492.81,46855,32362.19
SHP_103668,SO_101485,WH_08,Rail,26-09-2024,2024/10/05,3,9.0,Delayed,1001,12909.84,33683,20773.16
SHP_103669,SO_108524,WH_05,Air,09-06-2024,2024/06/17,3,8.0,Delayed,3237,7391.8,30572,23180.2
SHP_103670,SO_108837,WH_06,Sea,11-04-2024,2024/04/16,3,5.0,Delayed,1114,13206.13,37802,24595.87
SHP_103671,SO_106089,WH_06,Road,09-03-2024,2024/03/12,5,3.0,On Time,4267,3810.72,17188,13377.28
SHP_103672,SO_107701,WH_07,Air,11-02-2024,2024/02/19,3,8.0,Delayed,1562,2053.13,8983,6929.87
SHP_103673,SO_106979,WH_12,Rail,08-05-2024,2024/05/17,6,9.0,Delayed,3757,3282.97,14944,11661.03
SHP_103674,SO_106173,WH_14,Sea,20-01-2024,2024/01/24,3,4.0,Delayed,796,8398.12,21573,13174.88
SHP_103675,SO_103062,WH_14,Sea,01-09-2024,2024/09/08,4,7.0,Delayed,1661,15272.37,47013,31740.63
SHP_103676,SO_105833,WH_04,Sea,17-10-2024,2024/10/25,6,8.0,Delayed,4588,6615.39,32172,25556.61
SHP_103677,SO_101850,WH_13,Rail,09-05-2024,2024/05/11,5,2.0,On Time,275,17149.32,44466,27316.68
SHP_103678,SO_101566,WH_10,Road,08-01-2024,2024/01/10,7,2.0,On Time,4831,9892.3,26736,16843.7
SHP_103679,SO_101824,WH_11,Road,04-07-2024,2024/07/07,5,3.0,On Time,1292,6882.16,19780,12897.84
SHP_103680,SO_108259,WH_13,Sea,11-01-2024,2024/01/19,5,8.0,Delayed,2435,11819.79,38530,26710.21
SHP_103681,SO_105045,WH_02,Air,12-07-2024,2024/07/21,5,9.0,Delayed,4527,6049.06,18835,12785.94
SHP_103682,SO_108300,WH_04,Road,03-01-2024,2024/01/07,6,4.0,On Time,1977,13554.65,35641,22086.35
SHP_103683,SO_100196,WH_04,Road,20-07-2024,2024/07/23,6,3.0,On Time,4915,10236.7,49169,38932.3
SHP_103684,SO_107968,WH_02,Road,27-12-2024,2025/01/03,7,7.0,On Time,2469,5796.89,18187,12390.11
SHP_103685,SO_104191,WH_07,Road,06-03-2024,2024/03/13,3,7.0,Delayed,3233,3386.11,8623,5236.89
SHP_103686,SO_104691,WH_02,Sea,14-07-2024,2024/07/18,7,4.0,On Time,2839,11664.62,29856,18191.38
SHP_103687,SO_108387,WH_08,Sea,04-08-2024,2024/08/10,6,6.0,On Time,4076,8509.64,28042,19532.36
SHP_103688,SO_104876,WH_09,Road,15-03-2024,2024/03/20,7,5.0,On Time,2366,11364.8,41076,29711.2
SHP_103689,SO_102577,WH_05,Sea,13-09-2024,2024/09/15,6,2.0,On Time,4594,1642.32,6808,5165.68
SHP_103690,SO_100847,WH_15,Road,14-08-2024,2024/08/16,5,2.0,On Time,1410,4005.74,19737,15731.26
SHP_103691,SO_101139,WH_15,Air,10-12-2024,2024/12/19,4,9.0,Delayed,1596,12956.76,46717,33760.24
SHP_103692,SO_103865,WH_14,Air,25-02-2024,2024/02/27,6,2.0,On Time,2196,10024.4,44632,34607.6
SHP_103693,SO_101944,WH_02,Road,22-06-2024,2024/06/25,6,3.0,On Time,2411,14435.9,39750,25314.1
SHP_103694,SO_106559,WH_12,Sea,15-02-2024,2024/02/19,3,4.0,Delayed,1636,3189.12,13332,10142.88
SHP_103695,SO_105147,WH_03,Road,19-09-2024,2024/09/24,6,5.0,On Time,1538,2591.45,8802,6210.55
SHP_103696,SO_103200,WH_01,Air,05-10-2024,2024/10/09,5,4.0,On Time,2394,9966.54,35824,25857.46
SHP_103697,SO_100451,WH_06,Road,03-03-2024,2024/03/10,3,7.0,Delayed,3913,11756.14,40660,28903.86
SHP_103698,SO_102380,WH_06,Road,15-11-2024,2024/11/23,7,8.0,Delayed,4902,9786.65,27720,17933.35
SHP_103699,SO_108702,WH_05,Sea,12-09-2024,2024/09/19,4,7.0,Delayed,878,10982.0,29656,18674.0
SHP_103700,SO_102976,WH_13,Air,07-12-2024,2024/12/13,7,6.0,On Time,516,10600.45,33651,23050.55
SHP_103701,SO_104121,WH_10,Rail,31-07-2024,2024/08/03,5,3.0,On Time,1271,16340.71,44402,28061.29
SHP_103702,SO_105938,WH_06,Road,29-07-2024,2024/08/06,3,8.0,Delayed,4990,13940.55,40731,26790.45
SHP_103703,SO_109605,WH_07,Air,01-11-2024,2024/11/09,6,8.0,Delayed,2016,-8462.75,22037,30499.75
SHP_103704,SO_106794,WH_10,Road,05-08-2024,2024/08/09,6,4.0,On Time,2165,7333.92,22982,15648.08
SHP_103705,SO_103523,WH_01,Rail,12-07-2024,2024/07/20,4,8.0,Delayed,1571,8532.38,21775,13242.62
SHP_103706,SO_107036,WH_10,Rail,08-01-2024,2024/01/13,4,5.0,Delayed,2963,5406.89,13577,8170.11
SHP_103707,SO_100834,WH_15,Air,13-03-2024,2024/03/18,6,5.0,On Time,1932,11245.77,31086,19840.23
SHP_103708,SO_107143,WH_11,Road,23-12-2024,2024/12/31,7,8.0,Delayed,4264,12063.75,38079,26015.25
SHP_103709,SO_109739,WH_03,Sea,19-01-2024,2024/01/29,3,10.0,Delayed,4296,9118.2,26357,17238.8
SHP_103710,SO_104931,WH_14,Rail,23-02-2024,2024/03/01,5,,Delayed,2178,4405.2,13047,8641.8
SHP_103711,SO_107020,WH_13,Road,31-07-2024,2024/08/05,3,5.0,Delayed,1565,8681.05,40529,31847.95
SHP_103712,SO_101997,WH_13,Air,25-02-2024,2024/02/27,3,2.0,On Time,3784,11009.6,40824,29814.4
SHP_103713,SO_109211,WH_02,Air,28-12-2024,2025/01/06,3,9.0,Delayed,2650,10877.75,30945,20067.25
SHP_103714,SO_107794,WH_06,Sea,17-09-2024,2024/09/27,5,10.0,Delayed,2211,10322.36,31391,21068.64
SHP_103715,SO_103147,WH_15,Sea,08-06-2024,2024/06/17,7,9.0,Delayed,4013,1800.33,5607,3806.67
SHP_103716,SO_107771,WH_13,Sea,02-03-2024,2024/03/09,7,7.0,On Time,1248,11797.31,31168,19370.69
SHP_103717,SO_107479,WH_07,Air,22-09-2024,2024/09/26,7,4.0,On Time,3719,13474.14,38402,24927.86
SHP_103718,SO_109654,WH_02,Road,27-08-2024,2024/09/01,7,5.0,On Time,4377,1602.65,6099,4496.35
SHP_103719,SO_108261,WH_11,Sea,04-04-2024,2024/04/07,4,,Delayed,3486,11908.55,39462,27553.45
SHP_103720,SO_106843,WH_04,Air,22-10-2024,2024/10/28,6,6.0,On Time,1511,1183.58,5641,4457.42
SHP_103721,SO_103739,WH_13,Air,02-01-2024,2024/01/05,3,3.0,On Time,407,17692.88,46813,29120.12
SHP_103722,SO_101647,WH_01,Road,18-03-2024,2024/03/20,7,2.0,On Time,3662,9937.66,31986,22048.34
SHP_103723,SO_104812,WH_15,Rail,22-12-2024,2024/12/29,4,7.0,Delayed,2609,8494.02,24170,15675.98
SHP_103724,SO_105126,WH_10,Rail,10-01-2024,2024/01/15,4,5.0,Delayed,3168,13845.73,40386,26540.27
SHP_103725,SO_105393,WH_12,Road,09-08-2024,2024/08/17,4,8.0,Delayed,3198,13911.05,42046,28134.95
SHP_103726,SO_103163,WH_08,Rail,18-02-2024,2024/02/26,5,8.0,Delayed,4472,-9953.01,32470,42423.01
SHP_103727,SO_106182,WH_01,Road,09-12-2024,2024/12/16,3,7.0,Delayed,3988,7945.71,32514,24568.29
SHP_103728,SO_107175,WH_02,Rail,20-09-2024,2024/09/30,7,10.0,Delayed,3490,10256.05,29798,19541.95
SHP_103729,SO_103864,WH_12,Rail,01-09-2024,2024/09/03,6,2.0,On Time,1221,5793.94,18307,12513.06
SHP_103730,SO_109171,WH_10,Rail,22-11-2024,2024/11/30,5,8.0,Delayed,1482,9128.43,43109,33980.57
SHP_103731,SO_103967,WH_14,Road,22-10-2024,2024/11/01,4,10.0,Delayed,617,10692.2,48513,37820.8
SHP_103732,SO_107623,WH_07,Air,17-08-2024,2024/08/24,3,7.0,Delayed,3111,5076.94,13171,8094.06
SHP_103733,SO_103804,WH_06,Road,24-05-2024,2024/06/03,3,10.0,Delayed,328,-7595.78,20087,27682.78
SHP_103734,SO_105516,WH_09,Rail,18-09-2024,2024/09/22,4,4.0,On Time,4805,11819.84,36306,24486.16
SHP_103735,SO_105286,WH_04,Rail,07-06-2024,2024/06/10,6,3.0,On Time,3358,8444.84,21514,13069.16
SHP_103736,SO_109834,WH_08,Rail,02-05-2024,2024/05/08,7,6.0,On Time,4689,4903.77,21543,16639.23
SHP_103737,SO_109051,WH_12,Air,31-05-2024,2024/06/10,5,10.0,Delayed,933,2073.97,8651,6577.03
SHP_103738,SO_102141,WH_03,Air,21-08-2024,2024/08/29,4,8.0,Delayed,2294,3953.03,13043,9089.97
SHP_103739,SO_107221,WH_12,Air,08-08-2024,2024/08/13,7,5.0,On Time,3142,11030.8,29217,18186.2
SHP_103740,SO_103248,WH_10,Rail,07-06-2024,2024/06/11,4,4.0,On Time,2094,11178.3,38887,27708.7
SHP_103741,SO_104900,WH_05,Air,30-07-2024,2024/08/01,5,2.0,On Time,938,2285.1,7938,5652.9
SHP_103742,SO_107953,WH_11,Sea,07-05-2024,2024/05/09,5,2.0,On Time,1907,6697.64,23983,17285.36
SHP_103743,SO_103023,WH_03,Sea,13-09-2024,2024/09/16,6,3.0,On Time,4303,-8065.94,37919,45984.94
SHP_103744,SO_100810,WH_14,Rail,15-06-2024,2024/06/23,5,8.0,Delayed,3338,3542.24,17046,13503.76
SHP_103745,SO_103919,WH_10,Rail,28-05-2024,2024/06/06,3,9.0,Delayed,4118,1793.89,6742,4948.11
SHP_103746,SO_100560,WH_05,Rail,08-03-2024,2024/03/11,4,3.0,On Time,1749,2792.63,7163,4370.37
SHP_103747,SO_107606,WH_03,Sea,15-06-2024,2024/06/18,7,,Delayed,3613,2426.64,10068,7641.36
SHP_103748,SO_107650,WH_02,Sea,21-04-2024,2024/04/29,7,8.0,Delayed,1355,10854.35,48203,37348.65
SHP_103749,SO_105211,WH_15,Air,08-04-2024,2024/04/11,3,3.0,On Time,2142,13372.14,47227,33854.86
SHP_103750,SO_100695,WH_05,Sea,20-03-2024,2024/03/28,6,8.0,Delayed,4728,4120.84,12895,8774.16
SHP_103751,SO_100095,WH_03,Road,24-12-2024,2024/12/30,6,6.0,On Time,4199,7347.4,20602,13254.6
SHP_103752,SO_108301,WH_09,Sea,04-10-2024,2024/10/13,4,9.0,Delayed,4915,5919.33,20442,14522.67
SHP_103753,SO_100421,WH_02,Rail,21-03-2024,2024/03/25,7,4.0,On Time,869,11401.79,30253,18851.21
SHP_103754,SO_100378,WH_14,Air,13-10-2024,2024/10/17,5,4.0,On Time,231,11663.7,32014,20350.3
SHP_103755,SO_107870,WH_13,Air,10-07-2024,2024/07/18,4,8.0,Delayed,3547,4204.36,10640,6435.64
SHP_103756,SO_104739,WH_05,Rail,17-09-2024,2024/09/23,6,6.0,On Time,3408,10262.76,47487,37224.24
SHP_103757,SO_108545,WH_01,Air,28-06-2024,2024/06/30,7,2.0,On Time,1771,2787.06,8789,6001.94
SHP_103758,SO_104633,WH_02,Road,03-09-2024,2024/09/09,5,6.0,Delayed,4764,4703.17,20815,16111.83
SHP_103759,SO_108211,WH_03,Sea,03-08-2024,2024/08/12,6,9.0,Delayed,355,10132.92,49280,39147.08
SHP_103760,SO_109556,WH_07,Rail,10-05-2024,2024/05/18,5,8.0,Delayed,660,5311.34,19732,14420.66
SHP_103761,SO_107632,WH_11,Rail,14-11-2024,2024/11/22,4,8.0,Delayed,4296,12215.79,45390,33174.21
SHP_103762,SO_109010,WH_06,Rail,01-01-2024,2024/01/06,7,5.0,On Time,4376,11131.45,33953,22821.55
SHP_103763,SO_102020,WH_01,Sea,28-07-2024,2024/08/06,4,9.0,Delayed,3069,5376.83,16376,10999.17
SHP_103764,SO_101981,WH_02,Sea,02-01-2024,2024/01/06,5,4.0,On Time,1246,1761.16,6286,4524.84
SHP_103765,SO_103195,WH_14,Air,02-07-2024,2024/07/09,4,7.0,Delayed,1636,13499.45,49989,36489.55
SHP_103766,SO_107510,WH_04,Air,14-05-2024,2024/05/21,5,7.0,Delayed,657,10834.59,42193,31358.41
SHP_103767,SO_101993,WH_14,Air,30-10-2024,2024/11/02,7,3.0,On Time,1989,5860.89,19827,13966.11
SHP_103768,SO_104161,WH_08,Road,30-08-2024,2024/09/07,6,8.0,Delayed,289,3765.46,13296,9530.54
SHP_103769,SO_105543,WH_03,Sea,08-04-2024,2024/04/16,5,8.0,Delayed,1576,14859.38,37503,22643.62
SHP_103770,SO_104496,WH_14,Road,21-11-2024,2024/11/24,6,3.0,On Time,1346,5387.7,19545,14157.3
SHP_103771,SO_108634,WH_12,Road,02-02-2024,2024/02/10,3,8.0,Delayed,3300,4217.18,17100,12882.82
SHP_103772,SO_101732,WH_05,Sea,17-07-2024,2024/07/25,5,8.0,Delayed,4660,9107.89,31555,22447.11
SHP_103773,SO_100607,WH_10,Road,16-07-2024,2024/07/21,4,5.0,Delayed,1532,16507.26,44479,27971.74
SHP_103774,SO_106313,WH_04,Air,14-01-2024,2024/01/20,4,6.0,Delayed,2889,2827.75,13002,10174.25
SHP_103775,SO_108208,WH_13,Air,06-03-2024,2024/03/09,5,3.0,On Time,2786,9698.3,26332,16633.7
SHP_103776,SO_106777,WH_06,Air,03-07-2024,2024/07/11,3,8.0,Delayed,4171,-15369.24,47769,63138.24
SHP_103777,SO_107332,WH_04,Rail,09-08-2024,2024/08/14,4,5.0,Delayed,2605,11164.83,32192,21027.17
SHP_103778,SO_100277,WH_14,Road,24-11-2024,2024/11/26,4,2.0,On Time,4051,13456.16,45465,32008.84
SHP_103779,SO_107435,WH_12,Rail,20-04-2024,2024/04/22,4,2.0,On Time,3842,14957.37,38229,23271.63
SHP_103780,SO_100328,WH_05,Sea,30-01-2024,2024/02/01,5,2.0,On Time,2369,1811.22,7866,6054.78
SHP_103781,SO_101113,WH_08,Sea,09-02-2024,2024/02/19,6,10.0,Delayed,1682,4813.11,17996,13182.89
SHP_103782,SO_105499,WH_04,Sea,07-03-2024,2024/03/09,6,2.0,On Time,2016,12580.71,42048,29467.29
SHP_103783,SO_108489,WH_05,Rail,22-05-2024,2024/05/28,7,6.0,On Time,3135,6016.39,16982,10965.61
SHP_103784,SO_107883,WH_14,Road,08-03-2024,2024/03/14,4,6.0,Delayed,4240,4231.06,21061,16829.94
SHP_103785,SO_104647,WH_15,Sea,03-03-2024,2024/03/06,6,3.0,On Time,2762,12717.54,48375,35657.46
SHP_103786,SO_106972,WH_14,Sea,03-07-2024,2024/07/10,6,7.0,Delayed,2817,11258.33,29587,18328.67
SHP_103787,SO_100491,WH_01,Air,17-09-2024,2024/09/23,7,6.0,On Time,1636,4722.69,15509,10786.31
SHP_103788,SO_104007,WH_14,Road,12-05-2024,2024/05/21,5,9.0,Delayed,1552,9353.35,29044,19690.65
SHP_103789,SO_103009,WH_10,Road,16-12-2024,2024/12/22,7,6.0,On Time,4368,6883.18,24005,17121.82
SHP_103790,SO_108446,WH_05,Sea,06-05-2024,2024/05/08,4,2.0,On Time,2781,10940.43,48242,37301.57
SHP_103791,SO_108506,WH_15,Road,31-10-2024,2024/11/02,5,2.0,On Time,379,12002.01,33655,21652.99
SHP_103792,SO_109289,WH_13,Rail,18-02-2024,2024/02/25,5,7.0,Delayed,3488,7253.8,19023,11769.2
SHP_103793,SO_100399,WH_02,Air,31-03-2024,2024/04/02,3,2.0,On Time,928,1799.85,6362,4562.15
SHP_103794,SO_100765,WH_01,Sea,10-08-2024,2024/08/13,7,3.0,On Time,4120,5465.21,15159,9693.79
SHP_103795,SO_106883,WH_15,Rail,09-12-2024,2024/12/12,7,3.0,On Time,260,6928.26,32888,25959.74
SHP_103796,SO_106696,WH_01,Road,21-12-2024,2024/12/30,7,9.0,Delayed,4923,10508.89,49119,38610.11
SHP_103797,SO_103102,WH_01,Rail,20-07-2024,2024/07/30,4,10.0,Delayed,3142,11776.22,42408,30631.78
SHP_103798,SO_107449,WH_13,Air,01-02-2024,2024/02/07,4,6.0,Delayed,3563,8371.3,34080,25708.7
SHP_103799,SO_109457,WH_04,Road,16-12-2024,2024/12/19,6,3.0,On Time,3950,1186.03,5709,4522.97
SHP_103800,SO_102216,WH_11,Sea,19-12-2024,2024/12/25,3,6.0,Delayed,1780,13316.03,34470,21153.97
SHP_103801,SO_102665,WH_07,Road,23-03-2024,2024/04/01,3,9.0,Delayed,2705,3396.0,14784,11388.0
SHP_103802,SO_101721,WH_09,Sea,06-12-2024,2024/12/16,7,10.0,Delayed,2952,12321.33,49934,37612.67
SHP_103803,SO_100967,WH_08,Sea,22-11-2024,2024/11/27,4,5.0,Delayed,1766,13439.88,36071,22631.12
SHP_103804,SO_108045,WH_06,Air,28-06-2024,2024/07/06,4,8.0,Delayed,2682,13134.1,48736,35601.9
SHP_103805,SO_103391,WH_03,Road,31-12-2024,2025/01/07,6,7.0,Delayed,2685,9417.15,24433,15015.85
SHP_103806,SO_107076,WH_15,Air,11-06-2024,2024/06/14,6,3.0,On Time,2142,3374.59,12017,8642.41
SHP_103807,SO_104843,WH_05,Rail,04-01-2024,2024/01/07,4,3.0,On Time,2180,2833.25,7765,4931.75
SHP_103808,SO_107718,WH_15,Sea,18-08-2024,2024/08/20,4,2.0,On Time,1516,2107.08,5419,3311.92
SHP_103809,SO_106551,WH_11,Road,22-10-2024,2024/10/25,4,3.0,On Time,4831,4219.74,11572,7352.26
SHP_103810,SO_109582,WH_11,Air,22-10-2024,2024/10/29,5,7.0,Delayed,2949,-8308.35,28370,36678.35
SHP_103811,SO_103371,WH_15,Air,26-08-2024,2024/09/02,7,7.0,On Time,2716,4877.3,22905,18027.7
SHP_103812,SO_107861,WH_01,Rail,03-02-2024,2024/02/08,3,5.0,Delayed,1191,5283.75,17921,12637.25
SHP_103813,SO_109921,WH_07,Sea,26-04-2024,2024/05/03,6,7.0,Delayed,3537,7471.54,33465,25993.46
SHP_103814,SO_105802,WH_09,Air,16-03-2024,2024/03/21,4,5.0,Delayed,1047,6774.76,19468,12693.24
SHP_103815,SO_100797,WH_08,Rail,22-06-2024,2024/06/26,4,4.0,On Time,2617,5503.76,14808,9304.24
SHP_103816,SO_107624,WH_01,Air,14-10-2024,2024/10/19,7,5.0,On Time,573,5262.08,20789,15526.92
SHP_103817,SO_109188,WH_14,Rail,05-08-2024,2024/08/09,7,4.0,On Time,3764,2058.27,6854,4795.73
SHP_103818,SO_101388,WH_14,Road,15-04-2024,2024/04/24,5,9.0,Delayed,1825,4608.64,16093,11484.36
SHP_103819,SO_100785,WH_03,Sea,20-10-2024,2024/10/27,4,7.0,Delayed,2307,12840.31,45631,32790.69
SHP_103820,SO_101605,WH_08,Rail,22-02-2024,2024/02/24,3,2.0,On Time,3343,12577.97,48213,35635.03
SHP_103821,SO_100598,WH_11,Road,14-11-2024,2024/11/20,6,6.0,On Time,759,2472.74,11550,9077.26
SHP_103822,SO_105172,WH_13,Sea,03-02-2024,2024/02/07,4,4.0,On Time,691,8608.65,38644,30035.35
SHP_103823,SO_100039,WH_09,Air,24-10-2024,2024/10/31,4,7.0,Delayed,1558,10007.75,49111,39103.25
SHP_103824,SO_103535,WH_15,Sea,27-05-2024,2024/06/04,5,8.0,Delayed,2677,5174.53,18291,13116.47
SHP_103825,SO_108429,WH_13,Air,25-06-2024,2024/06/29,5,4.0,On Time,1385,16616.0,47703,31087.0
SHP_103826,SO_108076,WH_15,Air,10-03-2024,2024/03/13,5,3.0,On Time,1483,11772.8,39459,27686.2
SHP_103827,SO_109306,WH_11,Rail,13-11-2024,2024/11/21,6,8.0,Delayed,4837,14591.29,43915,29323.71
SHP_103828,SO_103882,WH_11,Sea,06-05-2024,2024/05/13,6,7.0,Delayed,2831,9009.34,23711,14701.66
SHP_103829,SO_102527,WH_12,Sea,15-06-2024,2024/06/23,4,8.0,Delayed,316,14414.33,44833,30418.67
SHP_103830,SO_107476,WH_01,Rail,17-10-2024,2024/10/19,5,2.0,On Time,1750,12432.23,38377,25944.77
SHP_103831,SO_109985,WH_04,Air,22-01-2024,2024/01/30,6,8.0,Delayed,2722,2570.91,10392,7821.09
SHP_103832,SO_105291,WH_05,Sea,22-02-2024,2024/03/01,4,8.0,Delayed,1763,6558.56,28334,21775.44
SHP_103833,SO_101284,WH_06,Sea,16-05-2024,2024/05/26,4,,Delayed,2244,11758.38,31814,20055.62
SHP_103834,SO_104839,WH_03,Rail,03-04-2024,2024/04/09,4,6.0,Delayed,4477,14610.21,39588,24977.79
SHP_103835,SO_101505,WH_03,Road,09-07-2024,2024/07/12,6,3.0,On Time,3196,1879.62,8535,6655.38
SHP_103836,SO_108731,WH_08,Air,25-10-2024,2024/11/03,7,9.0,Delayed,454,5228.53,19935,14706.47
SHP_103837,SO_103959,WH_09,Rail,25-09-2024,2024/09/27,3,2.0,On Time,444,8808.96,38092,29283.04
SHP_103838,SO_101982,WH_15,Rail,03-03-2024,2024/03/08,5,5.0,On Time,3452,11307.37,43605,32297.63
SHP_103839,SO_109859,WH_02,Air,02-08-2024,2024/08/05,7,3.0,On Time,962,8379.86,28581,20201.14
SHP_103840,SO_102611,WH_11,Sea,05-01-2024,2024/01/10,7,5.0,On Time,2900,16763.68,46446,29682.32
SHP_103841,SO_108653,WH_03,Rail,27-05-2024,2024/05/29,4,2.0,On Time,208,2710.09,9191,6480.91
SHP_103842,SO_104925,WH_06,Air,22-02-2024,2024/02/28,7,6.0,On Time,2503,1585.3,5980,4394.7
SHP_103843,SO_100486,WH_06,Air,13-06-2024,2024/06/23,3,10.0,Delayed,3611,11816.17,45863,34046.83
SHP_103844,SO_100058,WH_09,Rail,12-09-2024,2024/09/19,7,7.0,On Time,3885,11422.91,35932,24509.09
SHP_103845,SO_108672,WH_14,Sea,07-08-2024,2024/08/12,7,5.0,On Time,702,11032.92,33374,22341.08
SHP_103846,SO_101238,WH_01,Sea,20-09-2024,2024/09/27,7,7.0,On Time,4747,10726.03,40584,29857.97
SHP_103847,SO_105280,WH_09,Sea,29-12-2024,2025/01/01,3,3.0,On Time,2414,6168.14,16564,10395.86
SHP_103848,SO_103408,WH_07,Air,01-06-2024,2024/06/03,4,2.0,On Time,3577,8123.26,39239,31115.74
SHP_103849,SO_100412,WH_12,Rail,02-03-2024,2024/03/12,7,10.0,Delayed,3127,8661.81,40361,31699.19
SHP_103850,SO_103498,WH_11,Air,05-12-2024,2024/12/13,7,8.0,Delayed,497,7574.91,35744,28169.09
SHP_103851,SO_102909,WH_07,Rail,04-11-2024,2024/11/11,3,7.0,Delayed,1872,15003.32,44918,29914.68
SHP_103852,SO_102227,WH_08,Air,04-05-2024,2024/05/14,6,10.0,Delayed,2005,5569.01,20714,15144.99
SHP_103853,SO_101740,WH_15,Rail,17-06-2024,2024/06/25,3,8.0,Delayed,2967,9120.67,29002,19881.33
SHP_103854,SO_108578,WH_13,Sea,08-06-2024,2024/06/10,4,2.0,On Time,3770,11821.66,45158,33336.34
SHP_103855,SO_101075,WH_05,Air,30-10-2024,2024/11/01,5,2.0,On Time,4414,10782.86,29795,19012.14
SHP_103856,SO_107890,WH_06,Road,13-01-2024,2024/01/21,3,8.0,Delayed,3330,10394.28,27018,16623.72
SHP_103857,SO_105300,WH_07,Road,15-08-2024,2024/08/19,5,4.0,On Time,1277,10239.12,49900,39660.88
SHP_103858,SO_106074,WH_01,Sea,07-12-2024,2024/12/16,6,9.0,Delayed,2422,10605.25,31288,20682.75
SHP_103859,SO_100264,WH_02,Air,07-12-2024,2024/12/11,4,,Delayed,4669,-12825.47,44885,57710.47
SHP_103860,SO_105481,WH_07,Sea,31-07-2024,2024/08/06,3,6.0,Delayed,1377,11844.08,31040,19195.92
SHP_103861,SO_104555,WH_04,Air,09-05-2024,2024/05/13,4,4.0,On Time,1319,7560.89,34349,26788.11
SHP_103862,SO_105629,WH_11,Sea,11-04-2024,2024/04/19,6,8.0,Delayed,3109,7683.33,22048,14364.67
SHP_103863,SO_100105,WH_13,Sea,18-12-2024,2024/12/20,7,2.0,On Time,4375,2061.44,5237,3175.56
SHP_103864,SO_102557,WH_11,Rail,17-11-2024,2024/11/27,3,10.0,Delayed,4466,13850.05,44803,30952.95
SHP_103865,SO_105490,WH_01,Air,09-08-2024,2024/08/14,4,5.0,Delayed,1098,6154.9,23328,17173.1
SHP_103866,SO_105828,WH_13,Air,10-12-2024,2024/12/13,6,3.0,On Time,1752,10520.37,37218,26697.63
SHP_103867,SO_108383,WH_09,Rail,27-02-2024,2024/03/03,6,5.0,On Time,2164,5247.86,15744,10496.14
SHP_103868,SO_107285,WH_08,Rail,29-09-2024,2024/10/03,5,4.0,On Time,3357,10664.64,35070,24405.36
SHP_103869,SO_105648,WH_01,Rail,16-04-2024,2024/04/20,4,4.0,On Time,4141,15917.77,41568,25650.23
SHP_103870,SO_109688,WH_03,Rail,03-10-2024,2024/10/08,4,5.0,Delayed,947,7765.26,26927,19161.74
SHP_103871,SO_109949,WH_11,Rail,16-12-2024,2024/12/20,4,4.0,On Time,724,8584.39,41579,32994.61
SHP_103872,SO_104876,WH_06,Rail,02-03-2024,2024/03/08,7,6.0,On Time,3118,9382.23,35067,25684.77
SHP_103873,SO_104580,WH_13,Road,11-04-2024,2024/04/16,6,5.0,On Time,1785,12798.59,42812,30013.41
SHP_103874,SO_104183,WH_07,Road,30-05-2024,2024/06/06,7,7.0,On Time,1882,11198.3,31027,19828.7
SHP_103875,SO_102102,WH_04,Road,13-07-2024,2024/07/21,7,8.0,Delayed,4642,7331.77,24178,16846.23
SHP_103876,SO_105057,WH_07,Rail,31-07-2024,2024/08/08,4,,Delayed,1931,2926.98,13337,10410.02
SHP_103877,SO_104239,WH_02,Sea,19-02-2024,2024/02/25,7,6.0,On Time,3309,2098.06,9509,7410.94
SHP_103878,SO_101652,WH_08,Rail,31-03-2024,2024/04/05,3,5.0,Delayed,4552,2106.37,9116,7009.63
SHP_103879,SO_102275,WH_08,Air,19-11-2024,2024/11/26,5,7.0,Delayed,4908,14408.56,46161,31752.44
SHP_103880,SO_108017,WH_08,Sea,12-12-2024,2024/12/22,4,10.0,Delayed,4223,4428.77,11129,6700.23
SHP_103881,SO_101610,WH_11,Sea,22-11-2024,2024/11/25,6,3.0,On Time,2684,8682.87,32674,23991.13
SHP_103882,SO_105018,WH_14,Sea,26-07-2024,2024/08/05,5,10.0,Delayed,2237,5716.7,21476,15759.3
SHP_103883,SO_100722,WH_01,Air,18-09-2024,2024/09/20,5,2.0,On Time,4685,3516.52,14986,11469.48
SHP_103884,SO_103190,WH_07,Rail,24-07-2024,2024/07/31,6,7.0,Delayed,2377,1585.6,6547,4961.4
SHP_103885,SO_105964,WH_11,Air,18-02-2024,2024/02/26,7,8.0,Delayed,4230,14708.13,43388,28679.87
SHP_103886,SO_109723,WH_03,Air,04-10-2024,2024/10/14,5,10.0,Delayed,563,6145.89,17306,11160.11
SHP_103887,SO_101437,WH_06,Road,13-01-2024,2024/01/22,7,9.0,Delayed,2053,7869.38,31542,23672.62
SHP_103888,SO_106493,WH_05,Road,27-10-2024,2024/10/31,3,4.0,Delayed,479,10605.59,30727,20121.41
SHP_103889,SO_101358,WH_09,Rail,02-08-2024,2024/08/08,5,6.0,Delayed,1338,10638.23,28940,18301.77
SHP_103890,SO_106735,WH_13,Rail,27-02-2024,2024/03/08,3,10.0,Delayed,225,12758.1,37587,24828.9
SHP_103891,SO_107130,WH_12,Road,04-04-2024,2024/04/10,4,6.0,Delayed,761,8797.8,37420,28622.2
SHP_103892,SO_102231,WH_08,Air,06-07-2024,2024/07/15,6,9.0,Delayed,2977,1520.76,6500,4979.24
SHP_103893,SO_107247,WH_11,Road,19-09-2024,2024/09/25,3,6.0,Delayed,2184,13690.01,47315,33624.99
SHP_103894,SO_104294,WH_04,Road,19-01-2024,2024/01/28,4,9.0,Delayed,2381,4000.87,19335,15334.13
SHP_103895,SO_107003,WH_13,Sea,07-03-2024,2024/03/16,5,9.0,Delayed,4541,9684.02,42593,32908.98
SHP_103896,SO_106860,WH_13,Sea,02-03-2024,2024/03/06,5,4.0,On Time,4970,7850.19,32906,25055.81
SHP_103897,SO_102716,WH_03,Rail,04-04-2024,2024/04/12,3,8.0,Delayed,1917,-11164.78,38260,49424.78
SHP_103898,SO_105543,WH_06,Air,20-09-2024,2024/09/24,3,4.0,Delayed,1563,2856.7,9444,6587.3
SHP_103899,SO_103403,WH_09,Rail,13-09-2024,2024/09/16,4,3.0,On Time,3819,3657.53,9494,5836.47
SHP_103900,SO_105673,WH_05,Rail,14-12-2024,2024/12/23,7,9.0,Delayed,914,2518.43,7636,5117.57
SHP_103901,SO_104640,WH_10,Air,18-03-2024,2024/03/23,6,5.0,On Time,1303,2308.22,6601,4292.78
SHP_103902,SO_104460,WH_03,Road,22-12-2024,2024/12/31,5,9.0,Delayed,1882,7137.27,22007,14869.73
SHP_103903,SO_103271,WH_12,Air,23-05-2024,2024/05/30,5,7.0,Delayed,899,11144.86,33069,21924.14
SHP_103904,SO_100194,WH_06,Air,10-01-2024,2024/01/16,7,6.0,On Time,3049,-8373.87,23858,32231.87
SHP_103905,SO_109851,WH_03,Air,13-11-2024,2024/11/21,7,8.0,Delayed,2114,9842.28,32294,22451.72
SHP_103906,SO_102007,WH_07,Rail,18-03-2024,2024/03/26,5,8.0,Delayed,3042,16333.0,43935,27602.0
SHP_103907,SO_100259,WH_08,Sea,11-11-2024,2024/11/17,7,6.0,On Time,4234,2685.69,10455,7769.31
SHP_103908,SO_101535,WH_12,Rail,29-11-2024,2024/12/01,5,2.0,On Time,4434,8502.75,35613,27110.25
SHP_103909,SO_109368,WH_10,Air,29-01-2024,2024/02/01,5,3.0,On Time,2811,9259.02,26773,17513.98
SHP_103910,SO_106739,WH_06,Road,15-02-2024,2024/02/20,6,5.0,On Time,1613,7696.06,20124,12427.94
SHP_103911,SO_103940,WH_14,Air,30-12-2024,2025/01/04,4,5.0,Delayed,1079,12030.68,43868,31837.32
SHP_103912,SO_102549,WH_11,Rail,17-02-2024,2024/02/22,7,5.0,On Time,1219,13160.0,37170,24010.0
SHP_103913,SO_101109,WH_09,Road,24-06-2024,2024/06/29,3,5.0,Delayed,2761,-10179.64,31576,41755.64
SHP_103914,SO_104833,WH_05,Sea,01-11-2024,2024/11/09,5,8.0,Delayed,2620,8461.03,28051,19589.97
SHP_103915,SO_107093,WH_04,Air,23-07-2024,2024/07/27,4,4.0,On Time,2184,2647.77,12064,9416.23
SHP_103916,SO_100050,WH_08,Sea,27-09-2024,2024/10/04,4,7.0,Delayed,2592,4595.81,21772,17176.19
SHP_103917,SO_101149,WH_04,Sea,20-04-2024,2024/04/27,5,7.0,Delayed,571,7752.77,27847,20094.23
SHP_103918,SO_106342,WH_05,Sea,09-10-2024,2024/10/12,3,3.0,On Time,2654,10576.05,32981,22404.95
SHP_103919,SO_108982,WH_13,Road,15-02-2024,2024/02/24,7,9.0,Delayed,1228,7846.84,22421,14574.16
SHP_103920,SO_105882,WH_04,Sea,16-07-2024,2024/07/26,6,10.0,Delayed,3317,2448.18,10365,7916.82
SHP_103921,SO_100778,WH_12,Sea,27-12-2024,2025/01/04,6,8.0,Delayed,2833,4527.69,16623,12095.31
SHP_103922,SO_105489,WH_05,Rail,07-05-2024,2024/05/11,4,4.0,On Time,4235,4449.67,18420,13970.33
SHP_103923,SO_102447,WH_03,Rail,27-02-2024,2024/03/01,7,3.0,On Time,2362,4260.86,13311,9050.14
SHP_103924,SO_108389,WH_06,Rail,13-01-2024,2024/01/17,6,4.0,On Time,1363,16892.53,48156,31263.47
SHP_103925,SO_102465,WH_08,Sea,11-04-2024,2024/04/21,7,10.0,Delayed,3307,8160.16,22721,14560.84
SHP_103926,SO_103416,WH_01,Air,05-06-2024,2024/06/07,3,2.0,On Time,4671,5973.88,16166,10192.12
SHP_103927,SO_102253,WH_08,Road,10-01-2024,2024/01/16,5,6.0,Delayed,4381,9526.98,29918,20391.02
SHP_103928,SO_107353,WH_08,Sea,13-01-2024,2024/01/22,6,9.0,Delayed,2883,6142.47,17687,11544.53
SHP_103929,SO_101846,WH_06,Road,06-01-2024,2024/01/11,6,5.0,On Time,2088,-9116.59,38882,47998.59
SHP_103930,SO_100938,WH_04,Road,08-02-2024,2024/02/17,6,9.0,Delayed,3844,2213.85,5611,3397.15
SHP_103931,SO_109761,WH_08,Rail,30-11-2024,2024/12/05,7,5.0,On Time,3234,5169.87,23924,18754.13
SHP_103932,SO_103795,WH_04,Sea,28-08-2024,2024/08/31,6,3.0,On Time,3483,4328.9,14565,10236.1
SHP_103933,SO_108492,WH_13,Air,25-05-2024,2024/06/03,6,9.0,Delayed,2019,2177.66,10541,8363.34
SHP_103934,SO_103195,WH_08,Sea,16-06-2024,2024/06/25,3,9.0,Delayed,2711,5160.69,15064,9903.31
SHP_103935,SO_103742,WH_14,Rail,18-01-2024,2024/01/28,7,10.0,Delayed,1734,5765.51,25844,20078.49
SHP_103936,SO_103409,WH_13,Road,07-08-2024,2024/08/09,3,2.0,On Time,4988,12202.0,41979,29777.0
SHP_103937,SO_100473,WH_06,Rail,05-01-2024,2024/01/09,5,4.0,On Time,3488,4753.67,20386,15632.33
SHP_103938,SO_102242,WH_01,Road,14-09-2024,2024/09/16,5,2.0,On Time,2975,4608.89,11982,7373.11
SHP_103939,SO_109131,WH_07,Rail,24-03-2024,2024/03/31,3,7.0,Delayed,1977,4331.76,18249,13917.24
SHP_103940,SO_108494,WH_05,Road,10-01-2024,2024/01/13,4,3.0,On Time,3497,13023.65,46548,33524.35
SHP_103941,SO_106902,WH_12,Road,19-02-2024,2024/02/23,3,4.0,Delayed,4371,4370.9,18206,13835.1
SHP_103942,SO_108545,WH_15,Rail,11-12-2024,2024/12/13,7,2.0,On Time,4537,12297.96,36115,23817.04
SHP_103943,SO_102683,WH_13,Rail,23-12-2024,2024/12/30,7,7.0,On Time,4351,5817.11,15025,9207.89
SHP_103944,SO_103272,WH_01,Sea,03-06-2024,2024/06/06,6,3.0,On Time,3410,12391.7,41229,28837.3
SHP_103945,SO_101792,WH_05,Road,31-10-2024,2024/11/07,3,7.0,Delayed,1413,6829.46,34089,27259.54
SHP_103946,SO_102916,WH_03,Sea,16-01-2024,2024/01/24,6,8.0,Delayed,2013,3295.35,10381,7085.65
SHP_103947,SO_105360,WH_09,Rail,07-11-2024,2024/11/09,5,2.0,On Time,2704,1431.41,7120,5688.59
SHP_103948,SO_102437,WH_05,Road,05-11-2024,2024/11/08,7,3.0,On Time,3241,1338.65,5948,4609.35
SHP_103949,SO_100130,WH_05,Sea,20-01-2024,2024/01/23,6,3.0,On Time,3218,8388.07,33654,25265.93
SHP_103950,SO_101694,WH_05,Rail,04-02-2024,2024/02/14,6,,Delayed,1614,2073.5,6466,4392.5
SHP_103951,SO_105512,WH_10,Air,12-04-2024,2024/04/22,6,10.0,Delayed,3395,6613.98,17155,10541.02
SHP_103952,SO_107046,WH_10,Sea,26-07-2024,2024/08/01,5,6.0,Delayed,3203,5900.23,23897,17996.77
SHP_103953,SO_107741,WH_15,Road,30-10-2024,2024/11/02,5,3.0,On Time,2578,5631.1,17890,12258.9
SHP_103954,SO_101425,WH_04,Rail,25-07-2024,2024/08/03,6,9.0,Delayed,208,3060.27,11986,8925.73
SHP_103955,SO_107310,WH_07,Air,18-04-2024,2024/04/26,7,8.0,Delayed,4341,8217.33,29644,21426.67
SHP_103956,SO_108157,WH_12,Rail,26-08-2024,2024/09/03,7,8.0,Delayed,2953,11542.97,48889,37346.03
SHP_103957,SO_104507,WH_08,Rail,07-02-2024,2024/02/12,3,5.0,Delayed,4549,2273.92,9088,6814.08
SHP_103958,SO_101844,WH_12,Road,16-12-2024,2024/12/23,5,7.0,Delayed,1635,3853.57,10763,6909.43
SHP_103959,SO_106694,WH_05,Sea,26-12-2024,2024/12/29,3,3.0,On Time,262,11042.13,35480,24437.87
SHP_103960,SO_102051,WH_08,Rail,28-01-2024,2024/02/02,5,5.0,On Time,2583,3832.53,14427,10594.47
SHP_103961,SO_101010,WH_15,Air,27-12-2024,2025/01/05,7,9.0,Delayed,3939,14741.35,40316,25574.65
SHP_103962,SO_103073,WH_09,Road,25-04-2024,2024/05/02,4,7.0,Delayed,739,6466.9,28366,21899.1
SHP_103963,SO_103134,WH_05,Rail,26-04-2024,2024/05/05,5,9.0,Delayed,335,10735.1,34587,23851.9
SHP_103964,SO_106700,WH_04,Rail,16-03-2024,2024/03/18,6,2.0,On Time,1917,3168.12,14916,11747.88
SHP_103965,SO_108525,WH_01,Road,24-06-2024,2024/06/26,6,2.0,On Time,4386,10409.92,37624,27214.08
SHP_103966,SO_104250,WH_15,Road,03-03-2024,2024/03/07,5,4.0,On Time,3959,3980.28,12480,8499.72
SHP_103967,SO_104016,WH_06,Air,28-02-2024,2024/03/08,6,9.0,Delayed,2605,8963.69,32951,23987.31
SHP_103968,SO_100065,WH_15,Rail,06-06-2024,2024/06/09,3,3.0,On Time,3587,13194.35,44362,31167.65
SHP_103969,SO_106976,WH_12,Air,21-02-2024,2024/02/23,5,2.0,On Time,1674,1740.31,7303,5562.69
SHP_103970,SO_107358,WH_10,Sea,07-07-2024,2024/07/10,4,3.0,On Time,1705,-12420.35,31372,43792.35
SHP_103971,SO_105195,WH_03,Air,23-04-2024,2024/05/02,3,9.0,Delayed,2481,9526.86,27161,17634.14
SHP_103972,SO_105133,WH_15,Air,20-12-2024,2024/12/22,4,2.0,On Time,3010,7139.53,27149,20009.47
SHP_103973,SO_105999,WH_07,Rail,23-05-2024,2024/05/26,3,3.0,On Time,4050,13835.92,45660,31824.08
SHP_103974,SO_101751,WH_02,Air,26-02-2024,2024/03/06,5,9.0,Delayed,3066,7079.2,23794,16714.8
SHP_103975,SO_109806,WH_11,Rail,03-10-2024,2024/10/12,4,9.0,Delayed,881,13929.7,37447,23517.3
SHP_103976,SO_103428,WH_07,Rail,24-06-2024,2024/06/30,6,6.0,On Time,493,13919.87,40683,26763.13
SHP_103977,SO_107454,WH_04,Rail,18-11-2024,2024/11/25,7,7.0,On Time,1991,13555.57,36510,22954.43
SHP_103978,SO_101411,WH_03,Air,05-03-2024,2024/03/10,4,5.0,Delayed,2132,8597.62,24618,16020.38
SHP_103979,SO_102951,WH_08,Road,27-10-2024,2024/11/04,6,8.0,Delayed,1635,15064.26,46145,31080.74
SHP_103980,SO_106122,WH_07,Air,27-04-2024,2024/05/05,4,8.0,Delayed,1412,6177.47,24588,18410.53
SHP_103981,SO_101929,WH_10,Air,06-05-2024,2024/05/16,4,10.0,Delayed,3768,16569.31,42913,26343.69
SHP_103982,SO_105737,WH_01,Air,26-10-2024,2024/11/05,7,10.0,Delayed,2951,15786.05,39629,23842.95
SHP_103983,SO_104309,WH_15,Air,22-12-2024,2024/12/26,3,4.0,Delayed,3975,5789.24,22345,16555.76
SHP_103984,SO_107882,WH_03,Sea,30-06-2024,2024/07/02,5,2.0,On Time,1223,9701.77,34179,24477.23
SHP_103985,SO_108533,WH_03,Road,02-03-2024,2024/03/09,7,7.0,On Time,3548,4244.95,12146,7901.05
SHP_103986,SO_101011,WH_12,Sea,21-04-2024,2024/04/26,6,5.0,On Time,4634,2867.32,8632,5764.68
SHP_103987,SO_101526,WH_12,Air,29-12-2024,2025/01/05,7,7.0,On Time,1913,5849.62,28696,22846.38
SHP_103988,SO_104896,WH_06,Air,19-02-2024,2024/02/23,3,4.0,Delayed,4121,2267.75,9811,7543.25
SHP_103989,SO_107974,WH_08,Rail,25-04-2024,2024/05/01,4,6.0,Delayed,4910,10167.1,28685,18517.9
SHP_103990,SO_102180,WH_14,Rail,23-06-2024,2024/06/25,5,2.0,On Time,3393,7901.64,37602,29700.36
SHP_103991,SO_108657,WH_06,Air,19-07-2024,2024/07/24,4,5.0,Delayed,4460,11762.57,37518,25755.43
SHP_103992,SO_103355,WH_02,Road,14-11-2024,2024/11/21,7,7.0,On Time,2702,7490.09,22124,14633.91
SHP_103993,SO_102421,WH_04,Road,11-06-2024,2024/06/21,4,10.0,Delayed,1908,9229.61,40828,31598.39
SHP_103994,SO_109245,WH_09,Road,09-02-2024,2024/02/12,4,3.0,On Time,3839,14055.64,43535,29479.36
SHP_103995,SO_109816,WH_07,Sea,04-07-2024,2024/07/07,3,3.0,On Time,1929,14711.33,44005,29293.67
SHP_103996,SO_107854,WH_05,Road,26-07-2024,2024/07/30,7,4.0,On Time,360,11439.57,28977,17537.43
SHP_103997,SO_102182,WH_14,Air,16-05-2024,2024/05/24,6,8.0,Delayed,3279,9574.48,28558,18983.52
SHP_103998,SO_106176,WH_09,Rail,13-01-2024,2024/01/17,5,4.0,On Time,3127,5381.81,14133,8751.19
SHP_103999,SO_107584,WH_13,Road,28-04-2024,2024/05/08,6,10.0,Delayed,3459,8619.27,41312,32692.73
SHP_104000,SO_109946,WH_15,Air,26-01-2024,2024/01/28,6,2.0,On Time,1200,-1631.0,6654,8285.0
SHP_104001,SO_109582,WH_02,Rail,30-03-2024,2024/04/02,3,3.0,On Time,2879,8651.2,21821,13169.8
SHP_104002,SO_108003,WH_10,Rail,26-01-2024,2024/02/05,3,10.0,Delayed,3383,4635.78,16557,11921.22
SHP_104003,SO_100344,WH_10,Road,16-05-2024,2024/05/24,5,8.0,Delayed,2111,8942.45,43426,34483.55
SHP_104004,SO_104480,WH_04,Air,19-02-2024,2024/02/29,7,10.0,Delayed,3011,3426.93,16005,12578.07
SHP_104005,SO_107484,WH_01,Road,10-05-2024,2024/05/15,7,5.0,On Time,4898,1176.35,5606,4429.65
SHP_104006,SO_105177,WH_08,Road,26-07-2024,2024/08/04,5,9.0,Delayed,4071,4143.11,12486,8342.89
SHP_104007,SO_102770,WH_03,Road,11-11-2024,2024/11/13,4,2.0,On Time,3347,9235.51,26958,17722.49
SHP_104008,SO_104052,WH_09,Road,14-06-2024,2024/06/23,5,9.0,Delayed,2126,13057.63,46956,33898.37
SHP_104009,SO_108564,WH_05,Road,13-11-2024,2024/11/19,4,6.0,Delayed,2373,13150.34,42800,29649.66
SHP_104010,SO_109886,WH_08,Sea,18-12-2024,2024/12/22,7,4.0,On Time,3345,5289.39,24371,19081.61
SHP_104011,SO_107060,WH_08,Sea,23-10-2024,2024/11/02,4,10.0,Delayed,2264,3990.28,11940,7949.72
SHP_104012,SO_101151,WH_02,Air,05-12-2024,2024/12/14,5,9.0,Delayed,1837,12484.96,48181,35696.04
SHP_104013,SO_105260,WH_08,Rail,06-02-2024,2024/02/15,4,9.0,Delayed,1347,4957.51,16370,11412.49
SHP_104014,SO_100888,WH_04,Air,01-04-2024,2024/04/11,7,10.0,Delayed,811,6143.5,15549,9405.5
SHP_104015,SO_107406,WH_12,Air,02-02-2024,2024/02/10,6,8.0,Delayed,3885,2017.56,10055,8037.44
SHP_104016,SO_108681,WH_06,Sea,08-05-2024,2024/05/12,6,4.0,On Time,2836,5366.78,24583,19216.22
SHP_104017,SO_104079,WH_07,Rail,24-03-2024,2024/04/02,4,9.0,Delayed,4597,1361.31,6751,5389.69
SHP_104018,SO_104316,WH_05,Air,07-07-2024,2024/07/15,7,8.0,Delayed,1243,12792.02,41324,28531.98
SHP_104019,SO_103419,WH_13,Sea,06-02-2024,2024/02/12,6,6.0,On Time,3403,5974.78,17902,11927.22
SHP_104020,SO_102953,WH_12,Road,08-03-2024,2024/03/17,6,9.0,Delayed,1726,7868.58,35091,27222.42
SHP_104021,SO_101964,WH_01,Rail,26-01-2024,2024/01/29,4,3.0,On Time,2324,13161.74,42790,29628.26
SHP_104022,SO_108814,WH_15,Rail,12-10-2024,2024/10/19,4,7.0,Delayed,668,-7614.74,37714,45328.74
SHP_104023,SO_107275,WH_15,Air,15-11-2024,2024/11/19,3,4.0,Delayed,1920,15038.6,42081,27042.4
SHP_104024,SO_100370,WH_14,Sea,17-01-2024,2024/01/27,3,10.0,Delayed,233,4728.14,17473,12744.86
SHP_104025,SO_106702,WH_03,Rail,03-07-2024,2024/07/08,4,5.0,Delayed,4706,13903.91,36870,22966.09
SHP_104026,SO_103888,WH_09,Road,09-04-2024,2024/04/15,5,6.0,Delayed,4409,14781.94,39631,24849.06
SHP_104027,SO_100371,WH_14,Air,10-09-2024,2024/09/15,6,5.0,On Time,2555,11128.48,49890,38761.52
SHP_104028,SO_104287,WH_08,Road,23-01-2024,2024/01/27,6,4.0,On Time,1940,7536.76,27971,20434.24
SHP_104029,SO_102788,WH_14,Air,24-01-2024,2024/02/03,6,10.0,Delayed,2661,4597.74,19260,14662.26
SHP_104030,SO_101829,WH_06,Air,27-01-2024,2024/02/02,5,6.0,Delayed,4353,8326.65,24397,16070.35
SHP_104031,SO_100273,WH_13,Road,01-04-2024,2024/04/05,3,4.0,Delayed,1723,3165.7,9460,6294.3
SHP_104032,SO_101784,WH_15,Air,10-11-2024,2024/11/19,5,9.0,Delayed,4872,12307.78,39679,27371.22
SHP_104033,SO_100702,WH_09,Road,07-03-2024,2024/03/09,5,2.0,On Time,4870,2706.89,6840,4133.11
SHP_104034,SO_109970,WH_11,Road,08-07-2024,2024/07/14,4,6.0,Delayed,2778,11031.28,46916,35884.72
SHP_104035,SO_104875,WH_01,Sea,14-09-2024,2024/09/22,3,8.0,Delayed,3115,7929.92,38333,30403.08
SHP_104036,SO_103014,WH_15,Road,02-06-2024,2024/06/04,4,2.0,On Time,489,7331.99,31080,23748.01
SHP_104037,SO_107571,WH_06,Road,01-01-2024,2024/01/09,7,8.0,Delayed,756,12637.98,46371,33733.02
SHP_104038,SO_102951,WH_08,Rail,18-08-2024,2024/08/20,3,2.0,On Time,1868,14475.53,45290,30814.47
SHP_104039,SO_109966,WH_06,Rail,04-01-2024,2024/01/14,7,10.0,Delayed,2139,9981.95,26544,16562.05
SHP_104040,SO_105870,WH_01,Road,27-09-2024,2024/10/01,7,4.0,On Time,2921,5059.09,21227,16167.91
SHP_104041,SO_109719,WH_08,Road,02-08-2024,2024/08/04,6,2.0,On Time,4645,4671.97,15754,11082.03
SHP_104042,SO_108850,WH_06,Road,26-08-2024,2024/09/03,7,8.0,Delayed,4283,3664.04,17628,13963.96
SHP_104043,SO_103761,WH_11,Sea,04-09-2024,2024/09/09,4,5.0,Delayed,4103,2520.55,8450,5929.45
SHP_104044,SO_107822,WH_04,Sea,24-06-2024,2024/07/03,7,9.0,Delayed,299,15049.82,42125,27075.18
SHP_104045,SO_105548,WH_11,Rail,03-09-2024,2024/09/06,3,3.0,On Time,3403,9914.62,43525,33610.38
SHP_104046,SO_104190,WH_04,Road,17-09-2024,2024/09/27,7,10.0,Delayed,657,9057.92,26394,17336.08
SHP_104047,SO_108755,WH_02,Rail,20-11-2024,2024/11/24,7,4.0,On Time,308,8861.76,40997,32135.24
SHP_104048,SO_104983,WH_15,Sea,19-12-2024,2024/12/28,6,9.0,Delayed,4674,3457.79,12772,9314.21
SHP_104049,SO_101279,WH_15,Rail,01-08-2024,2024/08/11,6,10.0,Delayed,3756,16755.77,45652,28896.23
SHP_104050,SO_109728,WH_02,Sea,11-05-2024,2024/05/20,6,9.0,Delayed,2755,1904.02,6213,4308.98
SHP_104051,SO_106144,WH_09,Road,13-03-2024,2024/03/18,3,5.0,Delayed,563,2303.35,5885,3581.65
SHP_104052,SO_100168,WH_05,Road,27-08-2024,2024/09/02,3,6.0,Delayed,2363,13544.68,48330,34785.32
SHP_104053,SO_101222,WH_02,Sea,29-07-2024,2024/08/06,3,8.0,Delayed,448,1123.84,5182,4058.16
SHP_104054,SO_106495,WH_12,Sea,06-06-2024,2024/06/08,6,2.0,On Time,4742,7676.5,32111,24434.5
SHP_104055,SO_104174,WH_04,Air,07-10-2024,2024/10/09,6,2.0,On Time,2877,5600.35,17931,12330.65
SHP_104056,SO_105884,WH_13,Rail,30-11-2024,2024/12/08,7,8.0,Delayed,4706,7136.52,18666,11529.48
SHP_104057,SO_102856,WH_10,Rail,12-05-2024,2024/05/16,4,4.0,On Time,3675,7484.2,35870,28385.8
SHP_104058,SO_103677,WH_03,Rail,10-05-2024,2024/05/15,3,5.0,Delayed,4400,13106.17,37562,24455.83
SHP_104059,SO_105265,WH_06,Road,06-02-2024,2024/02/13,6,7.0,Delayed,3388,12209.62,41006,28796.38
SHP_104060,SO_100295,WH_14,Sea,20-12-2024,2024/12/30,3,10.0,Delayed,1908,3641.78,15588,11946.22
SHP_104061,SO_102154,WH_01,Air,09-06-2024,2024/06/18,4,9.0,Delayed,1630,11590.94,30521,18930.06
SHP_104062,SO_104113,WH_05,Rail,13-01-2024,2024/01/16,4,3.0,On Time,1165,9052.63,37604,28551.37
SHP_104063,SO_100126,WH_14,Sea,14-06-2024,2024/06/16,3,2.0,On Time,1934,14867.84,38029,23161.16
SHP_104064,SO_109321,WH_07,Air,28-02-2024,2024/03/02,5,3.0,On Time,1523,1755.95,7920,6164.05
SHP_104065,SO_104614,WH_04,Road,02-08-2024,2024/08/04,4,2.0,On Time,4436,-6180.33,21756,27936.33
SHP_104066,SO_101881,WH_07,Road,23-01-2024,2024/01/29,4,6.0,Delayed,1529,-9932.53,26094,36026.53
SHP_104067,SO_101678,WH_08,Sea,06-10-2024,2024/10/13,7,7.0,On Time,4881,7663.35,30166,22502.65
SHP_104068,SO_100261,WH_14,Road,01-11-2024,2024/11/10,4,9.0,Delayed,878,18417.85,47196,28778.15
SHP_104069,SO_100065,WH_11,Sea,19-06-2024,2024/06/27,4,8.0,Delayed,1469,1581.19,5723,4141.81
SHP_104070,SO_103881,WH_05,Air,02-02-2024,2024/02/05,3,3.0,On Time,908,13698.44,41369,27670.56
SHP_104071,SO_109680,WH_04,Air,21-03-2024,2024/03/25,7,4.0,On Time,1690,10446.81,47060,36613.19
SHP_104072,SO_109190,WH_14,Road,26-05-2024,2024/05/31,5,5.0,On Time,648,11348.7,45735,34386.3
SHP_104073,SO_105501,WH_05,Rail,25-01-2024,2024/01/29,6,4.0,On Time,1674,15530.26,48139,32608.74
SHP_104074,SO_102926,WH_06,Air,25-07-2024,2024/07/30,3,5.0,Delayed,2440,8994.38,39628,30633.62
SHP_104075,SO_103378,WH_06,Sea,19-08-2024,2024/08/28,5,9.0,Delayed,3651,13835.35,42403,28567.65
SHP_104076,SO_105543,WH_13,Road,18-12-2024,2024/12/28,7,10.0,Delayed,3082,1896.74,5407,3510.26
SHP_104077,SO_102479,WH_03,Air,25-03-2024,2024/04/02,4,8.0,Delayed,3876,3824.59,11926,8101.41
SHP_104078,SO_103304,WH_15,Sea,03-02-2024,2024/02/13,3,10.0,Delayed,2807,1335.85,5465,4129.15
SHP_104079,SO_105942,WH_01,Road,30-06-2024,2024/07/08,6,8.0,Delayed,870,5086.45,18620,13533.55
SHP_104080,SO_101725,WH_05,Air,01-11-2024,2024/11/06,4,5.0,Delayed,4125,5115.27,17056,11940.73
SHP_104081,SO_109424,WH_09,Rail,02-10-2024,2024/10/06,6,4.0,On Time,1083,11154.77,28485,17330.23
SHP_104082,SO_107864,WH_05,Road,14-04-2024,2024/04/22,7,8.0,Delayed,287,10252.97,30880,20627.03
SHP_104083,SO_101409,WH_11,Air,09-08-2024,2024/08/19,7,10.0,Delayed,204,5767.46,26561,20793.54
SHP_104084,SO_109908,WH_15,Sea,21-10-2024,2024/10/29,4,8.0,Delayed,1277,7696.15,27536,19839.85
SHP_104085,SO_102585,WH_03,Air,16-08-2024,2024/08/26,6,,Delayed,1847,14279.22,41266,26986.78
SHP_104086,SO_108338,WH_14,Road,17-11-2024,2024/11/22,4,5.0,Delayed,4468,12353.01,47083,34729.99
SHP_104087,SO_103694,WH_12,Rail,20-11-2024,2024/11/24,7,4.0,On Time,1267,15823.3,41052,25228.7
SHP_104088,SO_102915,WH_07,Rail,30-09-2024,2024/10/08,6,8.0,Delayed,742,2736.38,11033,8296.62
SHP_104089,SO_109434,WH_11,Rail,12-08-2024,2024/08/18,5,6.0,Delayed,2730,9629.22,36837,27207.78
SHP_104090,SO_104182,WH_01,Rail,29-03-2024,2024/04/01,3,3.0,On Time,4490,6622.65,25086,18463.35
SHP_104091,SO_107443,WH_11,Rail,14-07-2024,2024/07/19,5,5.0,On Time,2915,6433.39,23584,17150.61
SHP_104092,SO_109810,WH_03,Road,03-07-2024,2024/07/06,6,3.0,On Time,4772,12268.79,45800,33531.21
SHP_104093,SO_109470,WH_01,Rail,26-09-2024,2024/09/28,7,2.0,On Time,1431,7554.78,30150,22595.22
SHP_104094,SO_104963,WH_06,Air,18-01-2024,2024/01/21,7,3.0,On Time,779,13581.66,41279,27697.34
SHP_104095,SO_106521,WH_04,Rail,02-10-2024,2024/10/08,4,6.0,Delayed,1298,10827.44,47702,36874.56
SHP_104096,SO_109113,WH_01,Rail,05-03-2024,2024/03/14,6,9.0,Delayed,2294,3883.55,15137,11253.45
SHP_104097,SO_102418,WH_03,Sea,09-02-2024,2024/02/19,3,10.0,Delayed,1269,7645.7,29006,21360.3
SHP_104098,SO_108330,WH_14,Road,26-10-2024,2024/10/28,3,2.0,On Time,757,4022.45,15997,11974.55
SHP_104099,SO_101547,WH_03,Road,24-05-2024,2024/06/01,5,8.0,Delayed,4787,8903.97,29173,20269.03
SHP_104100,SO_109098,WH_15,Sea,27-12-2024,2025/01/06,6,10.0,Delayed,4077,14976.99,46169,31192.01
SHP_104101,SO_103528,WH_10,Air,04-03-2024,2024/03/13,6,9.0,Delayed,4631,4157.57,15955,11797.43
SHP_104102,SO_100879,WH_13,Road,18-11-2024,2024/11/27,5,9.0,Delayed,335,11319.52,48934,37614.48
SHP_104103,SO_102852,WH_14,Rail,04-08-2024,2024/08/13,4,9.0,Delayed,2522,7594.61,35356,27761.39
SHP_104104,SO_103784,WH_09,Road,06-05-2024,2024/05/11,7,5.0,On Time,1751,2867.23,13271,10403.77
SHP_104105,SO_106212,WH_04,Rail,01-03-2024,2024/03/08,5,7.0,Delayed,4206,2915.39,13949,11033.61
SHP_104106,SO_109511,WH_01,Rail,05-10-2024,2024/10/11,3,6.0,Delayed,2868,6370.33,22694,16323.67
SHP_104107,SO_107878,WH_09,Road,29-11-2024,2024/12/05,7,6.0,On Time,1583,6874.95,23843,16968.05
SHP_104108,SO_100718,WH_09,Rail,17-12-2024,2024/12/23,5,6.0,Delayed,1473,7454.86,30645,23190.14
SHP_104109,SO_102811,WH_07,Road,07-06-2024,2024/06/14,4,7.0,Delayed,4877,7560.94,21762,14201.06
SHP_104110,SO_109759,WH_10,Road,12-10-2024,2024/10/19,6,7.0,Delayed,3484,15240.72,38180,22939.28
SHP_104111,SO_109865,WH_01,Road,05-05-2024,2024/05/15,6,10.0,Delayed,1331,16193.28,42052,25858.72
SHP_104112,SO_104403,WH_03,Rail,20-12-2024,2024/12/24,6,4.0,On Time,300,11416.75,36427,25010.25
SHP_104113,SO_104050,WH_04,Rail,26-07-2024,2024/08/05,3,10.0,Delayed,2806,4488.14,14096,9607.86
SHP_104114,SO_108984,WH_01,Road,19-12-2024,2024/12/27,5,8.0,Delayed,1094,8473.23,38634,30160.77
SHP_104115,SO_104288,WH_10,Air,28-03-2024,2024/04/04,4,7.0,Delayed,3401,-12191.52,36604,48795.52
SHP_104116,SO_101676,WH_04,Air,10-10-2024,2024/10/16,3,6.0,Delayed,1495,9535.1,26517,16981.9
SHP_104117,SO_106550,WH_10,Rail,24-10-2024,2024/10/28,5,4.0,On Time,660,2737.61,11237,8499.39
SHP_104118,SO_104081,WH_13,Air,01-10-2024,2024/10/09,3,8.0,Delayed,2715,11542.84,36137,24594.16
SHP_104119,SO_108109,WH_11,Rail,04-06-2024,2024/06/11,3,7.0,Delayed,2636,-16038.49,45657,61695.49
SHP_104120,SO_101360,WH_04,Rail,01-06-2024,2024/06/08,3,7.0,Delayed,4325,7006.28,24684,17677.72
SHP_104121,SO_108938,WH_05,Road,02-06-2024,2024/06/11,5,9.0,Delayed,2296,1209.66,5588,4378.34
SHP_104122,SO_102634,WH_15,Sea,02-09-2024,2024/09/08,5,6.0,Delayed,2930,6459.89,29702,23242.11
SHP_104123,SO_104899,WH_08,Air,20-06-2024,2024/06/26,6,6.0,On Time,4140,7567.21,24510,16942.79
SHP_104124,SO_105056,WH_09,Sea,25-12-2024,2025/01/03,3,9.0,Delayed,2356,4668.06,17513,12844.94
SHP_104125,SO_105207,WH_11,Rail,12-05-2024,2024/05/18,5,6.0,Delayed,952,16085.65,41404,25318.35
SHP_104126,SO_102549,WH_02,Sea,15-05-2024,2024/05/21,5,6.0,Delayed,4557,1518.08,7340,5821.92
SHP_104127,SO_105603,WH_09,Road,03-06-2024,2024/06/05,5,2.0,On Time,3200,7226.1,23728,16501.9
SHP_104128,SO_101229,WH_05,Rail,29-04-2024,2024/05/08,7,9.0,Delayed,3157,3982.99,17581,13598.01
SHP_104129,SO_109587,WH_09,Sea,01-07-2024,2024/07/10,5,9.0,Delayed,777,2930.91,7420,4489.09
SHP_104130,SO_103897,WH_05,Road,04-07-2024,2024/07/11,5,7.0,Delayed,3231,5783.69,17221,11437.31
SHP_104131,SO_103923,WH_15,Rail,16-11-2024,2024/11/20,5,4.0,On Time,1896,4818.72,23033,18214.28
SHP_104132,SO_105128,WH_05,Air,09-09-2024,2024/09/16,4,7.0,Delayed,3085,5026.53,20699,15672.47
SHP_104133,SO_102913,WH_13,Road,27-04-2024,2024/05/05,3,8.0,Delayed,4282,6571.89,22888,16316.11
SHP_104134,SO_101273,WH_12,Rail,13-04-2024,2024/04/16,4,3.0,On Time,2215,6481.14,21990,15508.86
SHP_104135,SO_105340,WH_11,Rail,18-05-2024,2024/05/28,7,10.0,Delayed,1680,7853.3,26175,18321.7
SHP_104136,SO_104840,WH_15,Air,09-09-2024,2024/09/15,4,6.0,Delayed,1715,6884.67,17956,11071.33
SHP_104137,SO_105028,WH_09,Rail,21-03-2024,2024/03/26,3,5.0,Delayed,2532,1623.99,5170,3546.01
SHP_104138,SO_109439,WH_01,Sea,29-06-2024,2024/07/06,5,7.0,Delayed,3389,11656.97,43069,31412.03
SHP_104139,SO_107878,WH_14,Air,09-06-2024,2024/06/13,3,4.0,Delayed,2295,7221.82,24803,17581.18
SHP_104140,SO_101836,WH_04,Sea,11-02-2024,2024/02/13,5,2.0,On Time,1747,9340.98,28998,19657.02
SHP_104141,SO_108509,WH_14,Air,04-05-2024,2024/05/07,7,3.0,On Time,1980,13499.57,49850,36350.43
SHP_104142,SO_102850,WH_04,Sea,26-05-2024,2024/06/01,4,6.0,Delayed,368,5169.82,16637,11467.18
SHP_104143,SO_104610,WH_11,Road,18-03-2024,2024/03/22,6,4.0,On Time,1642,8447.61,27525,19077.39
SHP_104144,SO_105540,WH_15,Air,26-02-2024,2024/02/28,4,2.0,On Time,1196,15082.95,48750,33667.05
SHP_104145,SO_109395,WH_05,Sea,21-08-2024,2024/08/31,3,10.0,Delayed,3651,-8787.31,28822,37609.31
SHP_104146,SO_104486,WH_10,Road,01-11-2024,2024/11/11,5,10.0,Delayed,373,5346.97,24113,18766.03
SHP_104147,SO_100783,WH_12,Air,11-04-2024,2024/04/20,3,9.0,Delayed,2045,9719.47,32519,22799.53
SHP_104148,SO_107970,WH_03,Road,09-07-2024,2024/07/13,5,4.0,On Time,3007,6063.87,21663,15599.13
SHP_104149,SO_107054,WH_09,Sea,09-12-2024,2024/12/13,6,4.0,On Time,2133,13485.53,39135,25649.47
SHP_104150,SO_100673,WH_11,Air,29-01-2024,2024/02/03,3,5.0,Delayed,3702,11100.65,36911,25810.35
SHP_104151,SO_107871,WH_11,Rail,09-02-2024,2024/02/15,5,6.0,Delayed,2429,4268.95,14296,10027.05
SHP_104152,SO_100052,WH_04,Road,05-09-2024,2024/09/08,6,3.0,On Time,729,2952.38,8298,5345.62
SHP_104153,SO_107008,WH_12,Road,19-11-2024,2024/11/21,7,2.0,On Time,854,3962.26,9935,5972.74
SHP_104154,SO_107166,WH_14,Air,29-11-2024,2024/12/09,4,10.0,Delayed,994,1857.49,9157,7299.51
SHP_104155,SO_101685,WH_11,Sea,04-12-2024,2024/12/09,6,5.0,On Time,4378,10609.21,35209,24599.79
SHP_104156,SO_108223,WH_06,Sea,23-06-2024,2024/07/03,7,10.0,Delayed,2517,5287.35,14518,9230.65
SHP_104157,SO_102587,WH_08,Sea,27-01-2024,2024/02/02,6,6.0,On Time,307,6085.55,22220,16134.45
SHP_104158,SO_103529,WH_09,Road,20-07-2024,2024/07/30,4,10.0,Delayed,3600,11905.52,49672,37766.48
SHP_104159,SO_106720,WH_03,Sea,06-11-2024,2024/11/09,4,3.0,On Time,1045,4022.11,10745,6722.89
SHP_104160,SO_102558,WH_09,Rail,26-05-2024,2024/05/31,3,5.0,Delayed,4808,9244.52,37731,28486.48
SHP_104161,SO_104681,WH_11,Road,28-12-2024,2024/12/31,6,3.0,On Time,4391,14282.67,38538,24255.33
SHP_104162,SO_101483,WH_01,Air,13-04-2024,2024/04/21,3,8.0,Delayed,1319,3950.49,14079,10128.51
SHP_104163,SO_103496,WH_13,Air,10-12-2024,2024/12/19,5,9.0,Delayed,4591,7720.88,21117,13396.12
SHP_104164,SO_106117,WH_15,Rail,25-01-2024,2024/02/02,5,8.0,Delayed,2325,8911.04,28507,19595.96
SHP_104165,SO_100405,WH_08,Sea,08-06-2024,2024/06/12,4,4.0,On Time,4008,9605.18,38768,29162.82
SHP_104166,SO_106824,WH_08,Rail,06-11-2024,2024/11/13,7,7.0,On Time,4228,12572.74,41120,28547.26
SHP_104167,SO_107485,WH_15,Sea,09-07-2024,2024/07/13,4,4.0,On Time,2108,5623.52,19235,13611.48
SHP_104168,SO_105620,WH_11,Air,16-03-2024,2024/03/24,3,8.0,Delayed,982,7357.76,33500,26142.24
SHP_104169,SO_108844,WH_06,Rail,27-04-2024,2024/05/03,7,6.0,On Time,4443,2136.86,7733,5596.14
SHP_104170,SO_101045,WH_09,Sea,30-03-2024,2024/04/09,7,10.0,Delayed,4508,15357.16,49944,34586.84
SHP_104171,SO_102011,WH_11,Rail,30-04-2024,2024/05/07,6,7.0,Delayed,3920,7227.1,35530,28302.9
SHP_104172,SO_101392,WH_09,Air,19-10-2024,2024/10/29,3,10.0,Delayed,4962,9580.4,24321,14740.6
SHP_104173,SO_101233,WH_09,Rail,27-02-2024,2024/03/02,7,4.0,On Time,203,16854.76,46126,29271.24
SHP_104174,SO_109620,WH_14,Air,23-08-2024,2024/09/02,6,10.0,Delayed,405,5090.97,16122,11031.03
SHP_104175,SO_100494,WH_15,Rail,02-05-2024,2024/05/07,7,5.0,On Time,2036,2357.2,7524,5166.8
SHP_104176,SO_102598,WH_02,Rail,19-11-2024,2024/11/25,4,6.0,Delayed,2387,10639.16,31501,20861.84
SHP_104177,SO_109491,WH_08,Air,17-02-2024,2024/02/24,5,7.0,Delayed,4773,4684.09,22554,17869.91
SHP_104178,SO_101534,WH_12,Road,05-07-2024,2024/07/14,7,9.0,Delayed,3531,4368.51,14267,9898.49
SHP_104179,SO_103377,WH_02,Air,28-09-2024,2024/10/08,3,10.0,Delayed,4775,2193.86,6975,4781.14
SHP_104180,SO_106943,WH_11,Rail,14-01-2024,2024/01/19,4,5.0,Delayed,4858,1225.42,6092,4866.58
SHP_104181,SO_107732,WH_10,Rail,08-12-2024,2024/12/13,6,5.0,On Time,3539,12362.21,41345,28982.79
SHP_104182,SO_103059,WH_05,Rail,23-09-2024,2024/09/27,4,4.0,On Time,750,10573.04,33336,22762.96
SHP_104183,SO_104763,WH_14,Road,16-02-2024,2024/02/25,5,9.0,Delayed,243,7733.92,26764,19030.08
SHP_104184,SO_101619,WH_09,Road,04-04-2024,2024/04/14,6,10.0,Delayed,3657,7547.54,36613,29065.46
SHP_104185,SO_101856,WH_05,Rail,09-02-2024,2024/02/11,3,2.0,On Time,1209,9530.45,24316,14785.55
SHP_104186,SO_106448,WH_05,Rail,21-02-2024,2024/03/01,4,9.0,Delayed,4229,5514.48,21992,16477.52
SHP_104187,SO_104429,WH_04,Sea,03-01-2024,2024/01/07,7,4.0,On Time,4026,9695.13,29712,20016.87
SHP_104188,SO_109392,WH_13,Rail,26-12-2024,2024/12/31,6,5.0,On Time,4153,5561.38,19661,14099.62
SHP_104189,SO_102652,WH_10,Rail,07-04-2024,2024/04/10,5,3.0,On Time,4620,6333.81,16978,10644.19
SHP_104190,SO_108887,WH_02,Rail,25-11-2024,2024/12/01,6,6.0,On Time,2718,17127.69,46184,29056.31
SHP_104191,SO_107536,WH_14,Air,13-12-2024,2024/12/21,7,,Delayed,4128,9958.7,27501,17542.3
SHP_104192,SO_101524,WH_12,Road,21-04-2024,2024/04/23,3,2.0,On Time,864,2610.09,9971,7360.91
SHP_104193,SO_101619,WH_10,Road,20-02-2024,2024/02/27,7,7.0,On Time,3904,12691.94,46355,33663.06
SHP_104194,SO_105630,WH_14,Air,18-03-2024,2024/03/28,5,10.0,Delayed,3803,1842.83,7790,5947.17
SHP_104195,SO_107719,WH_01,Sea,31-05-2024,2024/06/10,3,10.0,Delayed,859,2322.3,6611,4288.7
SHP_104196,SO_107066,WH_05,Air,12-08-2024,2024/08/20,7,8.0,Delayed,4878,12557.89,31439,18881.11
SHP_104197,SO_100316,WH_03,Air,05-01-2024,2024/01/13,6,8.0,Delayed,2145,5216.11,13233,8016.89
SHP_104198,SO_109607,WH_05,Sea,07-06-2024,2024/06/14,6,7.0,Delayed,1915,2443.94,6390,3946.06
SHP_104199,SO_105509,WH_10,Sea,11-03-2024,2024/03/14,5,3.0,On Time,1118,11055.19,48029,36973.81
SHP_104200,SO_107202,WH_13,Air,21-07-2024,2024/07/27,4,6.0,Delayed,3067,5643.85,21789,16145.15
SHP_104201,SO_104600,WH_09,Air,10-12-2024,2024/12/13,3,3.0,On Time,987,6444.03,24145,17700.97
SHP_104202,SO_103918,WH_03,Road,20-12-2024,2024/12/27,7,7.0,On Time,1428,6065.11,23595,17529.89
SHP_104203,SO_102500,WH_08,Rail,03-06-2024,2024/06/05,5,2.0,On Time,3912,2808.59,11970,9161.41
SHP_104204,SO_109401,WH_12,Rail,02-01-2024,2024/01/04,7,2.0,On Time,4330,5209.99,13881,8671.01
SHP_104205,SO_102143,WH_07,Air,13-04-2024,2024/04/16,3,3.0,On Time,2400,10681.01,28235,17553.99
SHP_104206,SO_101716,WH_14,Road,05-11-2024,2024/11/11,3,6.0,Delayed,3240,13525.04,43714,30188.96
SHP_104207,SO_103942,WH_15,Air,31-10-2024,2024/11/03,5,3.0,On Time,307,6930.69,30931,24000.31
SHP_104208,SO_109051,WH_14,Air,09-09-2024,2024/09/17,5,8.0,Delayed,1577,15277.53,39184,23906.47
SHP_104209,SO_106194,WH_09,Rail,15-11-2024,2024/11/18,3,3.0,On Time,731,6424.59,16218,9793.41
SHP_104210,SO_105576,WH_14,Sea,17-08-2024,2024/08/27,6,10.0,Delayed,878,-13297.75,44862,58159.75
SHP_104211,SO_103982,WH_03,Sea,12-09-2024,2024/09/20,6,8.0,Delayed,624,7328.97,18669,11340.03
SHP_104212,SO_102683,WH_08,Sea,15-10-2024,2024/10/24,6,9.0,Delayed,1385,15261.94,41829,26567.06
SHP_104213,SO_108697,WH_11,Road,12-04-2024,2024/04/20,4,8.0,Delayed,3771,5223.36,22959,17735.64
SHP_104214,SO_105207,WH_13,Road,27-07-2024,2024/07/29,5,2.0,On Time,1596,12118.26,39458,27339.74
SHP_104215,SO_102104,WH_08,Air,29-11-2024,2024/12/09,3,10.0,Delayed,4575,13299.13,49420,36120.87
SHP_104216,SO_106985,WH_09,Air,31-10-2024,2024/11/07,6,7.0,Delayed,3173,10214.42,39085,28870.58
SHP_104217,SO_100325,WH_08,Rail,07-11-2024,2024/11/15,3,8.0,Delayed,2193,7585.41,20170,12584.59
SHP_104218,SO_101505,WH_07,Road,29-01-2024,2024/02/03,6,5.0,On Time,1858,7030.77,20981,13950.23
SHP_104219,SO_104917,WH_13,Rail,15-09-2024,2024/09/23,4,8.0,Delayed,2618,12276.6,35781,23504.4
SHP_104220,SO_106246,WH_14,Sea,30-12-2024,2025/01/01,7,2.0,On Time,395,7834.38,20967,13132.62
SHP_104221,SO_107832,WH_03,Road,22-04-2024,2024/05/01,3,9.0,Delayed,3981,-2520.27,10673,13193.27
SHP_104222,SO_104154,WH_01,Air,24-10-2024,2024/10/26,7,2.0,On Time,4969,2761.04,12405,9643.96
SHP_104223,SO_109980,WH_13,Rail,09-08-2024,2024/08/18,4,9.0,Delayed,1622,6172.96,20043,13870.04
SHP_104224,SO_103981,WH_08,Sea,15-11-2024,2024/11/17,5,2.0,On Time,1591,9890.47,34860,24969.53
SHP_104225,SO_108164,WH_12,Road,23-09-2024,2024/09/30,5,7.0,Delayed,3714,7201.71,22940,15738.29
SHP_104226,SO_107420,WH_15,Air,01-09-2024,2024/09/03,3,2.0,On Time,2468,7701.43,38085,30383.57
SHP_104227,SO_106901,WH_10,Road,16-07-2024,2024/07/22,7,6.0,On Time,905,2372.06,5983,3610.94
SHP_104228,SO_100483,WH_04,Road,21-11-2024,2024/11/27,7,6.0,On Time,1488,13862.74,40599,26736.26
SHP_104229,SO_107834,WH_11,Rail,10-02-2024,2024/02/19,5,9.0,Delayed,2888,11726.56,41666,29939.44
SHP_104230,SO_109456,WH_05,Road,01-03-2024,2024/03/08,3,7.0,Delayed,3280,6548.68,22669,16120.32
SHP_104231,SO_101796,WH_10,Sea,30-04-2024,2024/05/06,5,6.0,Delayed,262,9044.93,42008,32963.07
SHP_104232,SO_106705,WH_09,Rail,13-09-2024,2024/09/22,3,9.0,Delayed,708,1319.72,5712,4392.28
SHP_104233,SO_100101,WH_06,Road,22-07-2024,2024/07/30,4,8.0,Delayed,1386,10884.71,37397,26512.29
SHP_104234,SO_109162,WH_14,Road,29-08-2024,2024/08/31,3,2.0,On Time,355,12574.43,35485,22910.57
SHP_104235,SO_106412,WH_07,Air,13-09-2024,2024/09/15,3,2.0,On Time,4769,2043.22,9032,6988.78
SHP_104236,SO_104284,WH_03,Road,25-11-2024,2024/12/05,5,10.0,Delayed,1993,2309.28,10460,8150.72
SHP_104237,SO_109741,WH_02,Air,26-04-2024,2024/05/04,5,8.0,Delayed,4222,5532.6,14733,9200.4
SHP_104238,SO_106247,WH_15,Sea,17-10-2024,2024/10/26,3,9.0,Delayed,3939,4691.08,12567,7875.92
SHP_104239,SO_109119,WH_06,Air,22-10-2024,2024/11/01,6,10.0,Delayed,2260,9861.71,25739,15877.29
SHP_104240,SO_107576,WH_03,Air,05-11-2024,2024/11/11,3,6.0,Delayed,4456,6511.18,21057,14545.82
SHP_104241,SO_109192,WH_09,Sea,12-03-2024,2024/03/19,3,7.0,Delayed,2392,2183.13,10087,7903.87
SHP_104242,SO_101745,WH_09,Sea,18-09-2024,2024/09/22,3,4.0,Delayed,3846,11603.34,44475,32871.66
SHP_104243,SO_105692,WH_10,Air,22-09-2024,2024/10/02,7,10.0,Delayed,2687,10721.84,48699,37977.16
SHP_104244,SO_107335,WH_14,Rail,19-11-2024,2024/11/29,4,10.0,Delayed,1854,8420.17,35073,26652.83
SHP_104245,SO_100694,WH_12,Air,15-04-2024,2024/04/18,4,3.0,On Time,4740,8378.18,41029,32650.82
SHP_104246,SO_101906,WH_15,Sea,30-11-2024,2024/12/07,3,7.0,Delayed,1833,-6662.81,17425,24087.81
SHP_104247,SO_102142,WH_04,Rail,10-07-2024,2024/07/19,3,9.0,Delayed,4216,6050.04,24620,18569.96
SHP_104248,SO_104551,WH_08,Road,18-03-2024,2024/03/25,4,7.0,Delayed,644,8209.71,31889,23679.29
SHP_104249,SO_105576,WH_11,Road,04-07-2024,2024/07/11,7,7.0,On Time,610,3207.07,10973,7765.93
SHP_104250,SO_107829,WH_02,Rail,24-10-2024,2024/10/31,4,7.0,Delayed,4711,16364.56,42001,25636.44
SHP_104251,SO_105507,WH_06,Sea,03-09-2024,2024/09/07,6,4.0,On Time,4238,1954.45,7085,5130.55
SHP_104252,SO_101859,WH_11,Air,04-09-2024,2024/09/13,7,,Delayed,1054,9333.03,23733,14399.97
SHP_104253,SO_105418,WH_01,Rail,23-09-2024,2024/09/27,4,4.0,On Time,3086,5336.19,19627,14290.81
SHP_104254,SO_101555,WH_07,Sea,18-12-2024,2024/12/25,5,7.0,Delayed,4130,9326.46,38097,28770.54
SHP_104255,SO_108323,WH_07,Sea,24-05-2024,2024/05/27,7,3.0,On Time,3215,8471.13,26720,18248.87
SHP_104256,SO_105373,WH_04,Road,27-11-2024,2024/11/29,4,2.0,On Time,917,13922.46,48638,34715.54
SHP_104257,SO_103816,WH_10,Air,27-09-2024,2024/10/06,7,9.0,Delayed,3322,7710.25,21442,13731.75
SHP_104258,SO_102464,WH_12,Sea,23-03-2024,2024/03/30,3,7.0,Delayed,4336,4382.15,13979,9596.85
SHP_104259,SO_103781,WH_14,Rail,09-08-2024,2024/08/19,4,10.0,Delayed,4384,7181.11,20368,13186.89
SHP_104260,SO_107682,WH_06,Sea,29-11-2024,2024/12/06,7,7.0,On Time,737,5982.77,21432,15449.23
SHP_104261,SO_101409,WH_13,Rail,16-12-2024,2024/12/24,7,8.0,Delayed,1531,6485.77,27363,20877.23
SHP_104262,SO_105095,WH_12,Rail,28-04-2024,2024/05/07,6,9.0,Delayed,347,9573.87,37823,28249.13
SHP_104263,SO_109264,WH_03,Rail,22-02-2024,2024/03/03,6,10.0,Delayed,2316,3475.38,9928,6452.62
SHP_104264,SO_104312,WH_02,Air,29-03-2024,2024/03/31,4,2.0,On Time,754,13803.62,40369,26565.38
SHP_104265,SO_101352,WH_04,Sea,15-02-2024,2024/02/25,4,10.0,Delayed,2458,3182.11,11480,8297.89
SHP_104266,SO_101371,WH_08,Rail,06-07-2024,2024/07/09,4,3.0,On Time,3429,8485.46,23368,14882.54
SHP_104267,SO_102446,WH_12,Sea,07-05-2024,2024/05/10,6,3.0,On Time,3928,5141.69,25650,20508.31
SHP_104268,SO_104427,WH_15,Sea,03-11-2024,2024/11/09,5,6.0,Delayed,3486,2550.53,7937,5386.47
SHP_104269,SO_105765,WH_11,Sea,29-08-2024,2024/08/31,5,2.0,On Time,4367,2595.3,7261,4665.7
SHP_104270,SO_109494,WH_04,Rail,06-05-2024,2024/05/12,7,6.0,On Time,2907,13021.0,38726,25705.0
SHP_104271,SO_106464,WH_09,Air,08-05-2024,2024/05/18,7,10.0,Delayed,3280,7571.56,22291,14719.44
SHP_104272,SO_100603,WH_10,Rail,03-05-2024,2024/05/05,5,2.0,On Time,1327,2286.78,5825,3538.22
SHP_104273,SO_103550,WH_04,Air,12-05-2024,2024/05/14,5,2.0,On Time,901,4956.23,13582,8625.77
SHP_104274,SO_108139,WH_02,Rail,05-10-2024,2024/10/14,7,9.0,Delayed,4015,10938.46,41507,30568.54
SHP_104275,SO_106488,WH_04,Rail,07-09-2024,2024/09/09,7,2.0,On Time,472,9393.34,26445,17051.66
SHP_104276,SO_102389,WH_09,Rail,16-10-2024,2024/10/19,6,3.0,On Time,3434,7975.03,35140,27164.97
SHP_104277,SO_102075,WH_07,Rail,20-02-2024,2024/02/25,5,5.0,On Time,2766,1275.75,5251,3975.25
SHP_104278,SO_106117,WH_04,Road,17-05-2024,2024/05/21,6,4.0,On Time,2643,7967.27,20027,12059.73
SHP_104279,SO_109157,WH_15,Air,31-08-2024,2024/09/07,7,7.0,On Time,2450,6242.15,23831,17588.85
SHP_104280,SO_109202,WH_03,Air,13-08-2024,2024/08/23,5,10.0,Delayed,806,13876.79,41614,27737.21
SHP_104281,SO_107785,WH_08,Road,30-12-2024,2025/01/04,3,5.0,Delayed,3201,17655.0,47328,29673.0
SHP_104282,SO_107411,WH_06,Sea,14-09-2024,2024/09/20,7,6.0,On Time,1191,9666.69,35616,25949.31
SHP_104283,SO_101000,WH_03,Rail,16-02-2024,2024/02/21,6,5.0,On Time,2883,7272.88,24796,17523.12
SHP_104284,SO_100391,WH_15,Rail,03-11-2024,2024/11/12,5,9.0,Delayed,3718,9888.54,37111,27222.46
SHP_104285,SO_107988,WH_14,Sea,12-04-2024,2024/04/20,3,8.0,Delayed,725,7403.56,25797,18393.44
SHP_104286,SO_105145,WH_01,Air,06-02-2024,2024/02/16,7,10.0,Delayed,4441,4514.45,20264,15749.55
SHP_104287,SO_107446,WH_06,Road,18-09-2024,2024/09/22,7,4.0,On Time,1723,8024.72,27146,19121.28
SHP_104288,SO_106786,WH_07,Road,11-11-2024,2024/11/19,6,8.0,Delayed,1051,3124.32,11449,8324.68
SHP_104289,SO_106591,WH_13,Sea,18-02-2024,2024/02/20,6,2.0,On Time,692,8696.11,35409,26712.89
SHP_104290,SO_104761,WH_04,Air,04-09-2024,2024/09/14,5,10.0,Delayed,4331,6586.07,23442,16855.93
SHP_104291,SO_102351,WH_12,Road,30-08-2024,2024/09/06,7,7.0,On Time,4918,15442.47,44741,29298.53
SHP_104292,SO_106193,WH_10,Sea,01-05-2024,2024/05/06,6,5.0,On Time,3259,8372.06,26795,18422.94
SHP_104293,SO_108597,WH_08,Air,09-03-2024,2024/03/18,7,9.0,Delayed,1989,11580.09,32509,20928.91
SHP_104294,SO_106810,WH_04,Rail,21-02-2024,2024/03/01,6,9.0,Delayed,1788,15600.18,46225,30624.82
SHP_104295,SO_103338,WH_14,Sea,23-01-2024,2024/01/31,4,8.0,Delayed,1132,6698.65,22261,15562.35
SHP_104296,SO_101231,WH_07,Road,25-04-2024,2024/04/28,4,3.0,On Time,297,9627.48,30278,20650.52
SHP_104297,SO_108720,WH_14,Rail,23-10-2024,2024/11/02,7,10.0,Delayed,4934,3835.93,11905,8069.07
SHP_104298,SO_101530,WH_12,Sea,29-05-2024,2024/06/03,4,5.0,Delayed,1701,2015.31,8269,6253.69
SHP_104299,SO_107927,WH_12,Air,05-09-2024,2024/09/12,7,7.0,On Time,1444,16940.27,48229,31288.73
SHP_104300,SO_105296,WH_09,Air,27-09-2024,2024/09/30,5,3.0,On Time,4262,4236.72,19793,15556.28
SHP_104301,SO_109980,WH_10,Rail,26-12-2024,2024/12/30,6,4.0,On Time,4155,7061.04,35162,28100.96
SHP_104302,SO_102238,WH_05,Air,20-12-2024,2024/12/26,4,6.0,Delayed,3189,10377.46,37653,27275.54
SHP_104303,SO_103492,WH_13,Road,02-09-2024,2024/09/05,3,3.0,On Time,4712,14838.95,48709,33870.05
SHP_104304,SO_108755,WH_15,Air,19-08-2024,2024/08/23,5,4.0,On Time,4801,10505.52,27203,16697.48
SHP_104305,SO_105441,WH_07,Sea,05-06-2024,2024/06/13,4,8.0,Delayed,1513,9750.12,27569,17818.88
SHP_104306,SO_102687,WH_09,Rail,29-02-2024,2024/03/06,5,6.0,Delayed,3481,9799.13,36532,26732.87
SHP_104307,SO_103338,WH_03,Air,10-01-2024,2024/01/15,6,5.0,On Time,425,4021.92,12237,8215.08
SHP_104308,SO_103783,WH_12,Rail,03-01-2024,2024/01/10,6,7.0,Delayed,2494,4510.0,22185,17675.0
SHP_104309,SO_102047,WH_10,Road,05-05-2024,2024/05/08,7,3.0,On Time,2900,11098.23,37221,26122.77
SHP_104310,SO_100071,WH_13,Air,22-06-2024,2024/06/30,4,8.0,Delayed,811,1308.71,6019,4710.29
SHP_104311,SO_101102,WH_10,Air,18-12-2024,2024/12/22,6,4.0,On Time,3121,5136.77,23407,18270.23
SHP_104312,SO_109594,WH_13,Sea,18-04-2024,2024/04/26,6,8.0,Delayed,1320,14238.67,36958,22719.33
SHP_104313,SO_102331,WH_11,Sea,25-07-2024,2024/08/04,5,10.0,Delayed,3395,4601.57,20847,16245.43
SHP_104314,SO_103821,WH_08,Road,26-09-2024,2024/10/04,3,8.0,Delayed,466,5757.59,26200,20442.41
SHP_104315,SO_101713,WH_05,Air,05-12-2024,2024/12/13,5,8.0,Delayed,4568,9186.54,36178,26991.46
SHP_104316,SO_101296,WH_10,Rail,21-02-2024,2024/02/25,7,4.0,On Time,3180,13110.9,34333,21222.1
SHP_104317,SO_103484,WH_07,Rail,11-10-2024,2024/10/21,4,10.0,Delayed,3927,10305.01,28915,18609.99
SHP_104318,SO_108647,WH_11,Sea,15-03-2024,2024/03/24,4,9.0,Delayed,2939,7271.7,26408,19136.3
SHP_104319,SO_104977,WH_15,Rail,04-07-2024,2024/07/07,5,3.0,On Time,3398,8862.63,37904,29041.37
SHP_104320,SO_107907,WH_08,Air,27-05-2024,2024/06/04,6,8.0,Delayed,3072,1775.88,5049,3273.12
SHP_104321,SO_103517,WH_09,Rail,18-07-2024,2024/07/26,4,8.0,Delayed,3444,5830.02,18281,12450.98
SHP_104322,SO_109944,WH_05,Sea,26-01-2024,2024/02/01,7,6.0,On Time,1237,7614.97,23776,16161.03
SHP_104323,SO_106374,WH_12,Rail,21-10-2024,2024/10/24,6,3.0,On Time,3396,12440.45,44706,32265.55
SHP_104324,SO_102982,WH_03,Air,22-03-2024,2024/03/27,7,5.0,On Time,2062,17591.21,46994,29402.79
SHP_104325,SO_102381,WH_13,Rail,30-10-2024,2024/11/09,4,10.0,Delayed,1151,7178.65,28861,21682.35
SHP_104326,SO_103318,WH_14,Sea,24-02-2024,2024/02/26,5,2.0,On Time,4433,10477.34,33884,23406.66
SHP_104327,SO_106632,WH_12,Sea,23-06-2024,2024/07/02,7,9.0,Delayed,4492,6701.43,23061,16359.57
SHP_104328,SO_106516,WH_14,Rail,27-11-2024,2024/12/01,4,4.0,On Time,1417,12091.63,48415,36323.37
SHP_104329,SO_104589,WH_14,Road,31-05-2024,2024/06/07,6,7.0,Delayed,740,12126.94,47049,34922.06
SHP_104330,SO_105083,WH_13,Air,02-07-2024,2024/07/05,5,3.0,On Time,2716,2554.46,12113,9558.54
SHP_104331,SO_104602,WH_08,Road,05-12-2024,2024/12/12,4,7.0,Delayed,1388,13052.09,44150,31097.91
SHP_104332,SO_102865,WH_09,Air,10-12-2024,2024/12/17,6,7.0,Delayed,4386,11276.31,38390,27113.69
SHP_104333,SO_102879,WH_12,Rail,21-10-2024,2024/10/30,3,,Delayed,4374,2348.2,8016,5667.8
SHP_104334,SO_102860,WH_03,Road,09-12-2024,2024/12/15,6,6.0,On Time,1588,14213.9,37439,23225.1
SHP_104335,SO_105293,WH_15,Road,25-07-2024,2024/07/28,7,3.0,On Time,4774,6115.85,22335,16219.15
SHP_104336,SO_105008,WH_06,Sea,22-10-2024,2024/11/01,3,10.0,Delayed,3997,7618.53,24746,17127.47
SHP_104337,SO_102603,WH_08,Sea,04-07-2024,2024/07/11,7,7.0,On Time,1472,5001.31,20255,15253.69
SHP_104338,SO_102424,WH_09,Air,21-10-2024,2024/10/24,3,3.0,On Time,4100,10315.13,30175,19859.87
SHP_104339,SO_100842,WH_15,Rail,24-02-2024,2024/03/01,5,6.0,Delayed,1186,6877.92,30581,23703.08
SHP_104340,SO_103510,WH_02,Road,24-01-2024,2024/01/27,7,3.0,On Time,4983,8897.64,33994,25096.36
SHP_104341,SO_107344,WH_01,Sea,09-04-2024,2024/04/14,6,5.0,On Time,4619,5572.41,24196,18623.59
SHP_104342,SO_108428,WH_03,Air,02-08-2024,2024/08/09,4,7.0,Delayed,4209,19396.16,49843,30446.84
SHP_104343,SO_107720,WH_14,Rail,28-07-2024,2024/08/03,7,6.0,On Time,4418,5822.38,26858,21035.62
SHP_104344,SO_108716,WH_05,Rail,25-04-2024,2024/04/29,7,4.0,On Time,4761,4363.51,13861,9497.49
SHP_104345,SO_106167,WH_14,Road,11-09-2024,2024/09/17,5,6.0,Delayed,862,1521.98,7577,6055.02
SHP_104346,SO_109567,WH_14,Rail,13-10-2024,2024/10/18,4,5.0,Delayed,1123,1760.68,5721,3960.32
SHP_104347,SO_105116,WH_13,Air,06-07-2024,2024/07/16,7,10.0,Delayed,2834,2501.5,11528,9026.5
SHP_104348,SO_105997,WH_05,Rail,26-10-2024,2024/10/30,5,4.0,On Time,3669,1984.39,7858,5873.61
SHP_104349,SO_106632,WH_09,Air,13-01-2024,2024/01/20,5,7.0,Delayed,2836,5723.13,17213,11489.87
SHP_104350,SO_109766,WH_12,Air,07-03-2024,2024/03/17,6,10.0,Delayed,4335,10626.31,30677,20050.69
SHP_104351,SO_105343,WH_10,Sea,30-08-2024,2024/09/07,4,8.0,Delayed,884,5580.99,15655,10074.01
SHP_104352,SO_100000,WH_07,Sea,03-02-2024,2024/02/13,5,10.0,Delayed,1836,1088.38,5320,4231.62
SHP_104353,SO_104294,WH_14,Rail,18-04-2024,2024/04/23,3,5.0,Delayed,431,8251.09,23978,15726.91
SHP_104354,SO_101712,WH_14,Rail,21-01-2024,2024/01/28,5,7.0,Delayed,1009,9754.3,25026,15271.7
SHP_104355,SO_109393,WH_05,Rail,26-03-2024,2024/04/02,3,7.0,Delayed,3112,12081.56,31924,19842.44
SHP_104356,SO_100284,WH_13,Sea,05-12-2024,2024/12/12,6,7.0,Delayed,1382,3842.33,13755,9912.67
SHP_104357,SO_102941,WH_07,Rail,18-12-2024,2024/12/23,3,5.0,Delayed,3610,5082.92,12715,7632.08
SHP_104358,SO_107483,WH_09,Rail,26-02-2024,2024/03/06,5,9.0,Delayed,4523,6943.27,22450,15506.73
SHP_104359,SO_105822,WH_04,Air,11-04-2024,2024/04/16,7,5.0,On Time,4021,2148.51,6986,4837.49
SHP_104360,SO_104626,WH_07,Sea,28-03-2024,2024/04/03,3,6.0,Delayed,315,1473.95,7020,5546.05
SHP_104361,SO_100562,WH_07,Road,19-01-2024,2024/01/26,5,7.0,Delayed,3107,3286.45,10801,7514.55
SHP_104362,SO_108788,WH_06,Road,10-01-2024,2024/01/18,5,8.0,Delayed,4388,1239.97,5621,4381.03
SHP_104363,SO_101249,WH_09,Sea,02-11-2024,2024/11/10,3,8.0,Delayed,2835,3642.51,11237,7594.49
SHP_104364,SO_106124,WH_04,Sea,02-05-2024,2024/05/09,4,7.0,Delayed,4010,16192.5,41337,25144.5
SHP_104365,SO_109951,WH_14,Air,11-09-2024,2024/09/19,7,8.0,Delayed,914,10352.31,34163,23810.69
SHP_104366,SO_103489,WH_02,Rail,14-04-2024,2024/04/19,6,5.0,On Time,4412,15576.34,39252,23675.66
SHP_104367,SO_104139,WH_03,Sea,17-04-2024,2024/04/21,5,4.0,On Time,1543,9914.41,49133,39218.59
SHP_104368,SO_101060,WH_03,Road,10-03-2024,2024/03/19,7,9.0,Delayed,2481,5610.75,26840,21229.25
SHP_104369,SO_106494,WH_13,Road,28-11-2024,2024/12/04,5,6.0,Delayed,4527,3991.12,16285,12293.88
SHP_104370,SO_104638,WH_11,Air,27-03-2024,2024/04/02,3,6.0,Delayed,819,10066.47,42176,32109.53
SHP_104371,SO_100817,WH_09,Road,13-05-2024,2024/05/17,3,4.0,Delayed,3996,1897.63,6863,4965.37
SHP_104372,SO_109766,WH_15,Sea,19-02-2024,2024/02/24,5,5.0,On Time,1336,9080.99,33343,24262.01
SHP_104373,SO_102789,WH_04,Rail,31-12-2024,2025/01/04,6,4.0,On Time,4618,7090.21,23576,16485.79
SHP_104374,SO_101694,WH_14,Sea,16-08-2024,2024/08/24,3,8.0,Delayed,3903,11155.28,31673,20517.72
SHP_104375,SO_107646,WH_11,Air,26-05-2024,2024/06/01,3,6.0,Delayed,4094,7423.99,24926,17502.01
SHP_104376,SO_106022,WH_13,Air,27-05-2024,2024/06/04,4,8.0,Delayed,4743,10825.19,46496,35670.81
SHP_104377,SO_106471,WH_05,Road,05-08-2024,2024/08/10,7,5.0,On Time,4161,9134.46,28127,18992.54
SHP_104378,SO_109467,WH_05,Rail,14-11-2024,2024/11/22,3,8.0,Delayed,4965,15720.51,43279,27558.49
SHP_104379,SO_109480,WH_01,Sea,12-04-2024,2024/04/17,4,5.0,Delayed,3134,1045.27,5177,4131.73
SHP_104380,SO_107553,WH_01,Sea,17-11-2024,2024/11/22,6,5.0,On Time,1934,10612.66,26852,16239.34
SHP_104381,SO_100665,WH_02,Road,24-08-2024,2024/08/30,5,6.0,Delayed,2491,12694.53,33682,20987.47
SHP_104382,SO_108719,WH_10,Rail,26-09-2024,2024/10/01,6,5.0,On Time,976,8105.92,35085,26979.08
SHP_104383,SO_104846,WH_11,Rail,16-11-2024,2024/11/22,4,6.0,Delayed,3202,12632.53,49394,36761.47
SHP_104384,SO_107041,WH_07,Rail,08-04-2024,2024/04/15,4,7.0,Delayed,4972,6325.34,25257,18931.66
SHP_104385,SO_103909,WH_06,Air,26-10-2024,2024/10/30,6,4.0,On Time,565,-6629.06,17371,24000.06
SHP_104386,SO_108959,WH_13,Rail,14-09-2024,2024/09/16,7,2.0,On Time,1086,8624.75,22367,13742.25
SHP_104387,SO_109855,WH_08,Air,23-09-2024,2024/10/01,6,8.0,Delayed,3164,9052.4,39217,30164.6
SHP_104388,SO_106980,WH_03,Sea,24-07-2024,2024/08/01,6,,Delayed,2551,4963.4,12920,7956.6
SHP_104389,SO_106457,WH_08,Road,04-01-2024,2024/01/10,7,6.0,On Time,282,5158.53,20574,15415.47
SHP_104390,SO_102376,WH_01,Sea,22-05-2024,2024/05/29,6,7.0,Delayed,1127,10501.52,39655,29153.48
SHP_104391,SO_105908,WH_08,Road,31-07-2024,2024/08/03,4,3.0,On Time,720,-5624.49,22278,27902.49
SHP_104392,SO_106590,WH_13,Road,01-10-2024,2024/10/05,5,4.0,On Time,1352,14867.94,39518,24650.06
SHP_104393,SO_109467,WH_02,Sea,19-01-2024,2024/01/24,3,5.0,Delayed,3841,1958.32,7925,5966.68
SHP_104394,SO_100862,WH_14,Road,21-11-2024,2024/11/23,4,2.0,On Time,3940,10285.53,45831,35545.47
SHP_104395,SO_100955,WH_04,Air,09-05-2024,2024/05/19,4,10.0,Delayed,3908,1452.33,5326,3873.67
SHP_104396,SO_106325,WH_09,Rail,25-10-2024,2024/11/04,6,10.0,Delayed,4123,7958.73,35513,27554.27
SHP_104397,SO_105510,WH_08,Rail,30-08-2024,2024/09/03,6,4.0,On Time,2606,14186.49,43181,28994.51
SHP_104398,SO_103130,WH_05,Air,05-12-2024,2024/12/09,7,4.0,On Time,3995,8860.82,24875,16014.18
SHP_104399,SO_106588,WH_14,Air,03-07-2024,2024/07/12,7,9.0,Delayed,2212,9890.86,43950,34059.14
SHP_104400,SO_103407,WH_06,Road,05-01-2024,2024/01/09,6,4.0,On Time,4421,10979.38,35160,24180.62
SHP_104401,SO_105954,WH_07,Sea,15-08-2024,2024/08/22,4,7.0,Delayed,658,1804.6,6575,4770.4
SHP_104402,SO_109909,WH_14,Road,29-08-2024,2024/08/31,6,2.0,On Time,1244,9623.91,46748,37124.09
SHP_104403,SO_102222,WH_07,Air,15-08-2024,2024/08/21,6,6.0,On Time,4900,3274.37,12826,9551.63
SHP_104404,SO_104888,WH_06,Sea,25-09-2024,2024/10/04,6,9.0,Delayed,3630,9014.35,26008,16993.65
SHP_104405,SO_109688,WH_12,Rail,14-02-2024,2024/02/23,7,9.0,Delayed,1858,7077.71,21190,14112.29
SHP_104406,SO_103595,WH_11,Rail,23-06-2024,2024/06/29,5,6.0,Delayed,3618,14197.46,39191,24993.54
SHP_104407,SO_109086,WH_01,Road,17-11-2024,2024/11/23,4,6.0,Delayed,4652,12809.95,43810,31000.05
SHP_104408,SO_104003,WH_02,Air,22-09-2024,2024/10/01,7,9.0,Delayed,3160,4777.38,12681,7903.62
SHP_104409,SO_107417,WH_05,Sea,08-05-2024,2024/05/14,7,6.0,On Time,2041,5423.86,22230,16806.14
SHP_104410,SO_101513,WH_04,Rail,19-07-2024,2024/07/23,7,4.0,On Time,3966,4911.4,16095,11183.6
SHP_104411,SO_107329,WH_01,Rail,19-02-2024,2024/02/21,6,2.0,On Time,4178,6730.7,28435,21704.3
SHP_104412,SO_104995,WH_15,Road,30-09-2024,2024/10/08,7,8.0,Delayed,2326,11069.86,40599,29529.14
SHP_104413,SO_108480,WH_07,Air,24-07-2024,2024/07/26,5,2.0,On Time,2597,10791.86,39099,28307.14
SHP_104414,SO_105335,WH_11,Air,09-10-2024,2024/10/11,7,2.0,On Time,2444,11806.03,32548,20741.97
SHP_104415,SO_109852,WH_01,Rail,05-10-2024,2024/10/12,3,7.0,Delayed,1883,7467.68,24894,17426.32
SHP_104416,SO_100408,WH_01,Sea,25-11-2024,2024/11/28,3,3.0,On Time,4439,13399.24,38478,25078.76
SHP_104417,SO_104457,WH_12,Sea,25-07-2024,2024/07/31,5,6.0,Delayed,3396,2712.03,11480,8767.97
SHP_104418,SO_109249,WH_11,Road,19-11-2024,2024/11/29,5,10.0,Delayed,4457,4420.86,11188,6767.14
SHP_104419,SO_109367,WH_05,Rail,01-12-2024,2024/12/11,4,10.0,Delayed,4106,4286.68,13162,8875.32
SHP_104420,SO_109466,WH_05,Rail,27-04-2024,2024/05/06,6,9.0,Delayed,2594,17691.1,49915,32223.9
SHP_104421,SO_101757,WH_12,Air,10-07-2024,2024/07/14,7,4.0,On Time,737,5001.18,14504,9502.82
SHP_104422,SO_102277,WH_07,Rail,30-09-2024,2024/10/08,4,8.0,Delayed,4002,13709.79,46030,32320.21
SHP_104423,SO_103216,WH_09,Air,28-02-2024,2024/03/09,5,10.0,Delayed,2023,8136.93,32990,24853.07
SHP_104424,SO_108319,WH_05,Sea,01-03-2024,2024/03/05,7,4.0,On Time,3538,6677.75,20735,14057.25
SHP_104425,SO_105295,WH_08,Sea,27-05-2024,2024/06/04,3,8.0,Delayed,4374,5251.02,20143,14891.98
SHP_104426,SO_103088,WH_02,Air,27-10-2024,2024/10/30,7,3.0,On Time,3859,16602.59,44708,28105.41
SHP_104427,SO_101472,WH_05,Sea,29-09-2024,2024/10/05,5,6.0,Delayed,759,2100.49,9841,7740.51
SHP_104428,SO_101075,WH_04,Rail,23-08-2024,2024/09/01,5,9.0,Delayed,4434,8272.21,25844,17571.79
SHP_104429,SO_107581,WH_10,Rail,17-12-2024,2024/12/27,5,10.0,Delayed,831,2176.65,6643,4466.35
SHP_104430,SO_108377,WH_04,Road,02-07-2024,2024/07/06,3,4.0,Delayed,438,12389.27,33269,20879.73
SHP_104431,SO_108509,WH_02,Road,03-01-2024,2024/01/08,4,5.0,Delayed,3084,10258.27,43626,33367.73
SHP_104432,SO_107914,WH_03,Air,25-05-2024,2024/05/27,6,2.0,On Time,4505,6839.09,25079,18239.91
SHP_104433,SO_107560,WH_02,Rail,24-11-2024,2024/11/27,5,3.0,On Time,4902,18696.35,49675,30978.65
SHP_104434,SO_101717,WH_15,Road,17-06-2024,2024/06/25,5,8.0,Delayed,4068,11101.8,33965,22863.2
SHP_104435,SO_103080,WH_11,Air,29-02-2024,2024/03/06,4,6.0,Delayed,2390,12427.17,40369,27941.83
SHP_104436,SO_102238,WH_03,Sea,06-12-2024,2024/12/14,4,8.0,Delayed,2962,10448.72,45486,35037.28
SHP_104437,SO_104432,WH_07,Sea,05-04-2024,2024/04/10,3,5.0,Delayed,2024,11189.32,29107,17917.68
SHP_104438,SO_106360,WH_13,Road,06-02-2024,2024/02/15,6,9.0,Delayed,2712,2266.7,10151,7884.3
SHP_104439,SO_108895,WH_12,Rail,28-04-2024,2024/05/01,3,3.0,On Time,1884,12966.99,40071,27104.01
SHP_104440,SO_108552,WH_07,Air,07-07-2024,2024/07/10,6,,Delayed,990,8409.13,33686,25276.87
SHP_104441,SO_106779,WH_05,Sea,25-04-2024,2024/04/27,4,2.0,On Time,394,15357.83,49418,34060.17
SHP_104442,SO_100192,WH_02,Air,12-02-2024,2024/02/17,7,5.0,On Time,1469,15782.54,43328,27545.46
SHP_104443,SO_101247,WH_10,Road,24-10-2024,2024/10/29,5,5.0,On Time,4114,4318.82,19343,15024.18
SHP_104444,SO_107806,WH_12,Rail,01-01-2024,2024/01/04,7,3.0,On Time,3382,10931.47,46412,35480.53
SHP_104445,SO_108238,WH_14,Road,13-05-2024,2024/05/20,6,7.0,Delayed,4989,8999.45,27677,18677.55
SHP_104446,SO_108147,WH_15,Rail,01-12-2024,2024/12/08,4,7.0,Delayed,624,13835.4,35567,21731.6
SHP_104447,SO_107380,WH_10,Rail,22-02-2024,2024/03/02,7,9.0,Delayed,4041,3321.67,12193,8871.33
SHP_104448,SO_106117,WH_12,Rail,17-12-2024,2024/12/26,7,9.0,Delayed,1117,18080.8,46538,28457.2
SHP_104449,SO_105884,WH_06,Road,18-12-2024,2024/12/20,7,2.0,On Time,1797,7064.71,20292,13227.29
SHP_104450,SO_106833,WH_07,Sea,13-10-2024,2024/10/16,5,3.0,On Time,1628,10518.03,46215,35696.97
SHP_104451,SO_104869,WH_11,Air,14-07-2024,2024/07/24,3,10.0,Delayed,4345,9524.98,28706,19181.02
SHP_104452,SO_101562,WH_12,Road,30-05-2024,2024/06/07,4,8.0,Delayed,4247,16621.7,43559,26937.3
SHP_104453,SO_102750,WH_13,Air,17-10-2024,2024/10/19,3,2.0,On Time,4773,2837.83,10758,7920.17
SHP_104454,SO_103608,WH_05,Sea,07-07-2024,2024/07/09,3,2.0,On Time,580,6018.0,15960,9942.0
SHP_104455,SO_105274,WH_14,Sea,14-03-2024,2024/03/23,5,9.0,Delayed,1199,14551.64,48637,34085.36
SHP_104456,SO_108435,WH_01,Road,20-03-2024,2024/03/23,6,3.0,On Time,4800,-5374.04,13701,19075.04
SHP_104457,SO_102193,WH_14,Rail,19-03-2024,2024/03/27,6,8.0,Delayed,1519,12744.17,38824,26079.83
SHP_104458,SO_109132,WH_03,Rail,20-07-2024,2024/07/24,6,4.0,On Time,1849,1805.41,6598,4792.59
SHP_104459,SO_103023,WH_12,Sea,01-01-2024,2024/01/09,5,8.0,Delayed,3949,2155.1,8531,6375.9
SHP_104460,SO_102020,WH_07,Rail,01-05-2024,2024/05/04,6,3.0,On Time,597,-10494.01,42939,53433.01
SHP_104461,SO_105361,WH_04,Road,16-10-2024,2024/10/20,7,4.0,On Time,249,5200.83,14779,9578.17
SHP_104462,SO_109729,WH_15,Air,19-08-2024,2024/08/23,4,4.0,On Time,3410,9778.91,28908,19129.09
SHP_104463,SO_100784,WH_11,Sea,11-06-2024,2024/06/21,7,10.0,Delayed,4441,10137.3,45884,35746.7
SHP_104464,SO_104871,WH_15,Sea,17-06-2024,2024/06/27,7,10.0,Delayed,2089,3324.04,11000,7675.96
SHP_104465,SO_103101,WH_09,Air,01-04-2024,2024/04/08,7,7.0,On Time,1425,-10259.76,40597,50856.76
SHP_104466,SO_106276,WH_02,Sea,24-03-2024,2024/04/01,3,8.0,Delayed,1620,11389.68,38507,27117.32
SHP_104467,SO_101593,WH_13,Road,18-11-2024,2024/11/25,7,7.0,On Time,4725,6042.81,15324,9281.19
SHP_104468,SO_100648,WH_14,Air,16-11-2024,2024/11/18,4,2.0,On Time,704,12126.16,45528,33401.84
SHP_104469,SO_105808,WH_15,Sea,29-05-2024,2024/06/02,6,4.0,On Time,1571,10448.85,33655,23206.15
SHP_104470,SO_106971,WH_03,Air,29-03-2024,2024/04/04,3,6.0,Delayed,2585,12043.34,31700,19656.66
SHP_104471,SO_100661,WH_03,Road,29-04-2024,2024/05/09,5,10.0,Delayed,2577,5422.53,14298,8875.47
SHP_104472,SO_105939,WH_12,Rail,02-10-2024,2024/10/08,3,6.0,Delayed,3311,11439.94,39909,28469.06
SHP_104473,SO_100122,WH_12,Rail,23-03-2024,2024/03/30,5,7.0,Delayed,761,8507.59,23601,15093.41
SHP_104474,SO_103839,WH_10,Road,03-07-2024,2024/07/12,6,9.0,Delayed,1840,5494.73,14965,9470.27
SHP_104475,SO_104772,WH_15,Road,01-11-2024,2024/11/03,7,2.0,On Time,2033,4964.36,12488,7523.64
SHP_104476,SO_109728,WH_11,Road,10-09-2024,2024/09/19,5,9.0,Delayed,4097,10949.48,43518,32568.52
SHP_104477,SO_104890,WH_01,Air,10-08-2024,2024/08/20,7,10.0,Delayed,2682,5188.54,20884,15695.46
SHP_104478,SO_109554,WH_15,Air,26-01-2024,2024/02/05,7,10.0,Delayed,3069,1730.76,7246,5515.24
SHP_104479,SO_108663,WH_07,Air,03-03-2024,2024/03/12,7,9.0,Delayed,2716,8466.71,36960,28493.29
SHP_104480,SO_105504,WH_05,Rail,26-05-2024,2024/05/28,5,2.0,On Time,4562,7169.77,32304,25134.23
SHP_104481,SO_104402,WH_02,Sea,29-05-2024,2024/06/01,3,3.0,On Time,1211,2927.74,11927,8999.26
SHP_104482,SO_103831,WH_06,Air,03-10-2024,2024/10/09,7,6.0,On Time,1887,5813.59,28222,22408.41
SHP_104483,SO_107394,WH_06,Road,22-06-2024,2024/06/30,7,8.0,Delayed,1462,10624.52,42977,32352.48
SHP_104484,SO_108260,WH_02,Air,12-10-2024,2024/10/14,4,2.0,On Time,297,-8173.74,21848,30021.74
SHP_104485,SO_104737,WH_03,Road,07-12-2024,2024/12/16,3,9.0,Delayed,396,9204.56,45093,35888.44
SHP_104486,SO_108171,WH_05,Sea,25-08-2024,2024/08/28,5,3.0,On Time,2421,7054.5,30348,23293.5
SHP_104487,SO_105686,WH_05,Air,27-02-2024,2024/03/01,4,3.0,On Time,612,5279.77,13706,8426.23
SHP_104488,SO_108093,WH_12,Road,23-02-2024,2024/03/02,5,8.0,Delayed,1583,8965.85,31163,22197.15
SHP_104489,SO_109411,WH_02,Road,24-10-2024,2024/11/02,7,9.0,Delayed,793,4637.3,16344,11706.7
SHP_104490,SO_109015,WH_05,Air,17-10-2024,2024/10/20,3,3.0,On Time,3118,11704.38,33731,22026.62
SHP_104491,SO_105967,WH_11,Rail,18-08-2024,2024/08/27,7,9.0,Delayed,3200,9558.74,39199,29640.26
SHP_104492,SO_103176,WH_03,Air,11-10-2024,2024/10/13,7,2.0,On Time,576,15566.21,45064,29497.79
SHP_104493,SO_100636,WH_08,Rail,17-02-2024,2024/02/22,3,5.0,Delayed,572,12782.88,33975,21192.12
SHP_104494,SO_101861,WH_07,Rail,10-08-2024,2024/08/20,3,10.0,Delayed,1954,7127.32,28074,20946.68
SHP_104495,SO_104308,WH_04,Rail,27-12-2024,2024/12/30,3,3.0,On Time,3749,2801.66,9856,7054.34
SHP_104496,SO_108744,WH_08,Air,27-04-2024,2024/04/30,4,3.0,On Time,2451,8057.35,36264,28206.65
SHP_104497,SO_106751,WH_01,Rail,01-08-2024,2024/08/09,6,8.0,Delayed,4681,8119.28,26073,17953.72
SHP_104498,SO_105392,WH_02,Road,11-07-2024,2024/07/19,4,8.0,Delayed,1748,6018.38,18168,12149.62
SHP_104499,SO_103113,WH_04,Air,10-01-2024,2024/01/13,7,3.0,On Time,3807,11390.73,29088,17697.27
SHP_104500,SO_107114,WH_03,Sea,13-05-2024,2024/05/23,6,10.0,Delayed,3683,12505.41,40607,28101.59
SHP_104501,SO_108065,WH_11,Air,07-01-2024,2024/01/12,6,5.0,On Time,726,4211.71,13991,9779.29
SHP_104502,SO_100911,WH_14,Air,27-01-2024,2024/01/29,4,2.0,On Time,3308,6049.05,28079,22029.95
SHP_104503,SO_100850,WH_06,Air,28-04-2024,2024/05/04,3,6.0,Delayed,2196,8030.91,30584,22553.09
SHP_104504,SO_107265,WH_14,Road,12-10-2024,2024/10/18,4,6.0,Delayed,975,8146.91,31678,23531.09
SHP_104505,SO_102995,WH_14,Sea,22-08-2024,2024/08/31,6,9.0,Delayed,3943,8044.57,37415,29370.43
SHP_104506,SO_106276,WH_08,Air,26-12-2024,2025/01/05,3,,Delayed,3580,10555.41,35916,25360.59
SHP_104507,SO_102999,WH_12,Air,23-07-2024,2024/07/25,3,2.0,On Time,1311,2293.0,8970,6677.0
SHP_104508,SO_104640,WH_04,Road,29-04-2024,2024/05/08,7,9.0,Delayed,4999,4416.8,16771,12354.2
SHP_104509,SO_105462,WH_07,Road,19-05-2024,2024/05/22,3,3.0,On Time,1821,-10881.74,33969,44850.74
SHP_104510,SO_109113,WH_14,Air,24-11-2024,2024/11/28,5,4.0,On Time,3001,3096.56,8328,5231.44
SHP_104511,SO_102458,WH_01,Road,16-08-2024,2024/08/19,4,3.0,On Time,4781,7726.43,27351,19624.57
SHP_104512,SO_107442,WH_06,Road,16-07-2024,2024/07/22,6,6.0,On Time,1031,7112.73,19414,12301.27
SHP_104513,SO_103909,WH_06,Sea,13-12-2024,2024/12/17,4,4.0,On Time,4955,6217.88,21908,15690.12
SHP_104514,SO_101835,WH_10,Air,06-07-2024,2024/07/16,7,10.0,Delayed,235,5980.23,18195,12214.77
SHP_104515,SO_109822,WH_13,Air,03-01-2024,2024/01/05,3,2.0,On Time,1075,11395.06,36161,24765.94
SHP_104516,SO_108191,WH_03,Road,12-10-2024,2024/10/14,5,2.0,On Time,4013,12350.91,45922,33571.09
SHP_104517,SO_100104,WH_08,Air,22-07-2024,2024/07/30,4,8.0,Delayed,577,7463.84,34731,27267.16
SHP_104518,SO_101209,WH_08,Sea,11-03-2024,2024/03/13,3,2.0,On Time,4811,12399.25,47851,35451.75
SHP_104519,SO_105975,WH_06,Sea,16-09-2024,2024/09/23,4,7.0,Delayed,1397,9643.97,47987,38343.03
SHP_104520,SO_105761,WH_01,Sea,10-01-2024,2024/01/19,3,9.0,Delayed,2239,6753.81,17209,10455.19
SHP_104521,SO_104294,WH_11,Air,17-04-2024,2024/04/22,6,5.0,On Time,2690,3790.18,11739,7948.82
SHP_104522,SO_100681,WH_11,Rail,01-03-2024,2024/03/03,4,2.0,On Time,2345,4723.67,15197,10473.33
SHP_104523,SO_109256,WH_04,Sea,31-12-2024,2025/01/07,7,7.0,On Time,4355,1819.19,6154,4334.81
SHP_104524,SO_105389,WH_03,Rail,25-08-2024,2024/08/28,7,3.0,On Time,1234,5282.88,14794,9511.12
SHP_104525,SO_102800,WH_14,Road,07-10-2024,2024/10/12,5,5.0,On Time,3394,8486.38,39025,30538.62
SHP_104526,SO_105901,WH_15,Rail,18-01-2024,2024/01/27,4,9.0,Delayed,4950,11162.05,43840,32677.95
SHP_104527,SO_100572,WH_12,Road,11-08-2024,2024/08/14,4,3.0,On Time,1935,4370.62,16490,12119.38
SHP_104528,SO_106090,WH_09,Rail,02-09-2024,2024/09/06,3,4.0,Delayed,2603,12316.07,34463,22146.93
SHP_104529,SO_104999,WH_01,Rail,06-08-2024,2024/08/16,5,10.0,Delayed,4558,5418.59,18705,13286.41
SHP_104530,SO_108594,WH_02,Sea,10-12-2024,2024/12/14,7,4.0,On Time,1029,4236.52,10765,6528.48
SHP_104531,SO_107269,WH_12,Rail,24-12-2024,2024/12/30,4,6.0,Delayed,1165,3605.67,11743,8137.33
SHP_104532,SO_104637,WH_10,Air,10-09-2024,2024/09/20,4,10.0,Delayed,4249,10076.85,42628,32551.15
SHP_104533,SO_103133,WH_08,Sea,21-03-2024,2024/03/24,7,3.0,On Time,2251,5945.98,21324,15378.02
SHP_104534,SO_109351,WH_10,Road,15-05-2024,2024/05/17,7,2.0,On Time,1263,12699.31,37937,25237.69
SHP_104535,SO_103593,WH_12,Sea,18-05-2024,2024/05/26,7,8.0,Delayed,1066,6879.56,18057,11177.44
SHP_104536,SO_104877,WH_06,Sea,21-08-2024,2024/08/31,3,10.0,Delayed,4335,7869.47,26780,18910.53
SHP_104537,SO_101114,WH_04,Road,10-06-2024,2024/06/15,5,5.0,On Time,1117,9892.17,37298,27405.83
SHP_104538,SO_105991,WH_13,Rail,26-12-2024,2025/01/02,5,7.0,Delayed,1163,5900.48,17455,11554.52
SHP_104539,SO_106846,WH_07,Rail,21-12-2024,2024/12/31,6,10.0,Delayed,433,4507.33,17786,13278.67
SHP_104540,SO_105242,WH_05,Rail,21-04-2024,2024/04/30,5,9.0,Delayed,2981,10652.32,32511,21858.68
SHP_104541,SO_100677,WH_03,Air,01-11-2024,2024/11/10,3,9.0,Delayed,1056,13832.81,43612,29779.19
SHP_104542,SO_108406,WH_10,Sea,03-03-2024,2024/03/08,3,5.0,Delayed,1521,14933.97,43421,28487.03
SHP_104543,SO_106800,WH_10,Road,05-12-2024,2024/12/10,7,5.0,On Time,4997,4279.48,11333,7053.52
SHP_104544,SO_108332,WH_03,Air,14-07-2024,2024/07/16,3,2.0,On Time,4371,3346.64,15764,12417.36
SHP_104545,SO_106928,WH_13,Air,17-11-2024,2024/11/26,6,9.0,Delayed,1615,6391.01,29408,23016.99
SHP_104546,SO_106529,WH_08,Road,29-03-2024,2024/04/04,5,6.0,Delayed,3187,7870.38,25370,17499.62
SHP_104547,SO_109399,WH_08,Sea,10-01-2024,2024/01/20,7,10.0,Delayed,4147,10151.53,27412,17260.47
SHP_104548,SO_107139,WH_03,Road,31-03-2024,2024/04/04,6,4.0,On Time,2886,1563.39,6590,5026.61
SHP_104549,SO_105694,WH_01,Road,20-07-2024,2024/07/30,4,10.0,Delayed,3621,16700.41,49990,33289.59
SHP_104550,SO_100982,WH_09,Road,18-05-2024,2024/05/23,6,5.0,On Time,1398,9070.88,32564,23493.12
SHP_104551,SO_103182,WH_03,Road,04-08-2024,2024/08/10,5,6.0,Delayed,2539,6653.92,29413,22759.08
SHP_104552,SO_107582,WH_12,Sea,25-04-2024,2024/05/02,4,7.0,Delayed,789,5611.77,14060,8448.23
SHP_104553,SO_105258,WH_13,Rail,02-08-2024,2024/08/07,6,5.0,On Time,2580,5978.52,19843,13864.48
SHP_104554,SO_104134,WH_02,Road,11-12-2024,2024/12/21,3,10.0,Delayed,428,10699.01,35256,24556.99
SHP_104555,SO_101039,WH_08,Sea,22-12-2024,2025/01/01,4,10.0,Delayed,3678,13697.58,42330,28632.42
SHP_104556,SO_107042,WH_08,Road,08-08-2024,2024/08/11,6,3.0,On Time,4887,8194.67,30806,22611.33
SHP_104557,SO_106776,WH_11,Road,15-06-2024,2024/06/17,6,2.0,On Time,2906,8198.2,26037,17838.8
SHP_104558,SO_109280,WH_02,Air,24-01-2024,2024/02/03,6,10.0,Delayed,2186,13943.73,41674,27730.27
SHP_104559,SO_108639,WH_13,Air,27-01-2024,2024/01/31,4,4.0,On Time,2023,9637.12,38345,28707.88
SHP_104560,SO_109976,WH_03,Sea,01-12-2024,2024/12/10,7,9.0,Delayed,4360,11422.04,29541,18118.96
SHP_104561,SO_104771,WH_09,Air,24-11-2024,2024/11/27,6,3.0,On Time,1612,12181.86,38694,26512.14
SHP_104562,SO_106720,WH_02,Air,27-04-2024,2024/05/05,6,8.0,Delayed,4688,12561.34,33382,20820.66
SHP_104563,SO_108426,WH_10,Air,07-03-2024,2024/03/09,6,2.0,On Time,1313,2810.56,10833,8022.44
SHP_104564,SO_106523,WH_11,Road,28-01-2024,2024/02/05,4,8.0,Delayed,2694,5252.0,16634,11382.0
SHP_104565,SO_106271,WH_08,Road,28-12-2024,2025/01/02,6,5.0,On Time,3018,7087.91,20847,13759.09
SHP_104566,SO_105999,WH_03,Sea,18-06-2024,2024/06/22,3,4.0,Delayed,3296,3706.16,10711,7004.84
SHP_104567,SO_100479,WH_01,Air,01-12-2024,2024/12/04,7,3.0,On Time,4884,3548.32,9966,6417.68
SHP_104568,SO_108653,WH_09,Sea,09-01-2024,2024/01/11,4,2.0,On Time,4520,8657.96,38467,29809.04
SHP_104569,SO_109985,WH_01,Sea,27-02-2024,2024/02/29,3,2.0,On Time,860,10680.59,47723,37042.41
SHP_104570,SO_109122,WH_05,Sea,23-12-2024,2024/12/31,7,8.0,Delayed,1953,3507.06,9218,5710.94
SHP_104571,SO_109534,WH_11,Road,06-12-2024,2024/12/16,5,10.0,Delayed,277,5160.0,14789,9629.0
SHP_104572,SO_105656,WH_12,Road,11-12-2024,2024/12/20,5,9.0,Delayed,2864,8728.49,40172,31443.51
SHP_104573,SO_106281,WH_07,Sea,04-04-2024,2024/04/07,6,3.0,On Time,4901,8141.11,36919,28777.89
SHP_104574,SO_105294,WH_13,Rail,01-10-2024,2024/10/10,7,9.0,Delayed,583,9976.51,46484,36507.49
SHP_104575,SO_105597,WH_02,Rail,18-01-2024,2024/01/25,6,,Delayed,2466,2489.32,10401,7911.68
SHP_104576,SO_101691,WH_05,Road,05-09-2024,2024/09/15,6,10.0,Delayed,4049,7307.5,28018,20710.5
SHP_104577,SO_103937,WH_07,Road,09-07-2024,2024/07/18,6,9.0,Delayed,710,4479.6,14248,9768.4
SHP_104578,SO_101997,WH_06,Sea,13-12-2024,2024/12/18,7,5.0,On Time,2039,7400.18,32173,24772.82
SHP_104579,SO_108555,WH_07,Rail,04-02-2024,2024/02/08,6,4.0,On Time,1674,3851.56,19106,15254.44
SHP_104580,SO_105103,WH_13,Air,06-01-2024,2024/01/16,7,10.0,Delayed,2338,9895.71,35497,25601.29
SHP_104581,SO_105484,WH_14,Road,25-05-2024,2024/06/02,6,8.0,Delayed,1356,10187.59,47119,36931.41
SHP_104582,SO_107984,WH_14,Rail,16-02-2024,2024/02/22,3,6.0,Delayed,3952,8825.84,29929,21103.16
SHP_104583,SO_108709,WH_07,Air,20-11-2024,2024/11/23,7,3.0,On Time,4475,5943.6,21817,15873.4
SHP_104584,SO_109164,WH_01,Road,17-11-2024,2024/11/24,7,7.0,On Time,3560,6101.24,16678,10576.76
SHP_104585,SO_106936,WH_09,Air,04-05-2024,2024/05/11,7,7.0,On Time,4199,11581.25,37078,25496.75
SHP_104586,SO_102132,WH_12,Sea,29-10-2024,2024/11/02,5,4.0,On Time,3661,16540.12,42396,25855.88
SHP_104587,SO_100901,WH_08,Road,07-10-2024,2024/10/11,7,4.0,On Time,4330,2310.25,5837,3526.75
SHP_104588,SO_100318,WH_15,Air,18-11-2024,2024/11/22,5,4.0,On Time,4532,11849.56,32633,20783.44
SHP_104589,SO_107475,WH_01,Rail,25-03-2024,2024/03/28,3,3.0,On Time,1579,7387.26,33288,25900.74
SHP_104590,SO_105247,WH_01,Air,26-08-2024,2024/09/03,4,8.0,Delayed,2866,9593.84,35215,25621.16
SHP_104591,SO_108294,WH_02,Rail,03-12-2024,2024/12/08,5,5.0,On Time,3537,6422.72,25004,18581.28
SHP_104592,SO_101080,WH_13,Road,23-03-2024,2024/03/28,4,5.0,Delayed,880,5886.96,16160,10273.04
SHP_104593,SO_109089,WH_15,Sea,20-04-2024,2024/04/28,4,8.0,Delayed,4106,-2062.51,6899,8961.51
SHP_104594,SO_107853,WH_07,Road,15-05-2024,2024/05/20,5,5.0,On Time,4869,7089.07,18170,11080.93
SHP_104595,SO_102027,WH_04,Air,21-07-2024,2024/07/30,5,9.0,Delayed,4337,13423.41,40953,27529.59
SHP_104596,SO_109830,WH_07,Sea,14-09-2024,2024/09/18,3,4.0,Delayed,309,14892.37,37468,22575.63
SHP_104597,SO_100747,WH_06,Rail,29-07-2024,2024/07/31,5,2.0,On Time,4687,4380.08,14402,10021.92
SHP_104598,SO_106557,WH_01,Rail,03-04-2024,2024/04/11,4,8.0,Delayed,2583,2187.16,10427,8239.84
SHP_104599,SO_105587,WH_02,Rail,16-07-2024,2024/07/24,7,8.0,Delayed,3627,8681.56,35959,27277.44
SHP_104600,SO_103861,WH_14,Road,06-04-2024,2024/04/15,4,9.0,Delayed,3104,8365.31,25783,17417.69
SHP_104601,SO_100021,WH_04,Air,08-08-2024,2024/08/14,3,6.0,Delayed,2164,4323.52,12191,7867.48
SHP_104602,SO_107912,WH_04,Road,01-02-2024,2024/02/10,7,9.0,Delayed,3714,4883.14,16190,11306.86
SHP_104603,SO_102762,WH_06,Road,25-05-2024,2024/06/01,6,7.0,Delayed,544,15560.51,42530,26969.49
SHP_104604,SO_101199,WH_01,Sea,08-01-2024,2024/01/17,4,9.0,Delayed,1319,5851.56,28876,23024.44
SHP_104605,SO_100721,WH_12,Air,28-07-2024,2024/07/31,5,3.0,On Time,3396,12182.84,43220,31037.16
SHP_104606,SO_102497,WH_04,Road,22-04-2024,2024/04/29,5,7.0,Delayed,1551,12650.2,38552,25901.8
SHP_104607,SO_109589,WH_02,Road,11-03-2024,2024/03/16,5,5.0,On Time,1311,3031.4,9351,6319.6
SHP_104608,SO_107524,WH_04,Sea,05-05-2024,2024/05/08,6,3.0,On Time,2795,5263.82,19713,14449.18
SHP_104609,SO_109769,WH_02,Road,17-06-2024,2024/06/27,4,10.0,Delayed,2414,5433.96,15236,9802.04
SHP_104610,SO_108932,WH_04,Air,18-05-2024,2024/05/28,5,10.0,Delayed,1715,13421.09,39041,25619.91
SHP_104611,SO_100795,WH_06,Sea,09-04-2024,2024/04/14,7,5.0,On Time,2168,2079.52,9357,7277.48
SHP_104612,SO_109053,WH_01,Road,22-12-2024,2024/12/31,3,9.0,Delayed,3231,11496.56,29518,18021.44
SHP_104613,SO_108172,WH_13,Air,26-12-2024,2025/01/04,3,9.0,Delayed,2101,2385.4,9387,7001.6
SHP_104614,SO_104695,WH_01,Rail,22-01-2024,2024/01/27,7,5.0,On Time,2274,1211.77,5784,4572.23
SHP_104615,SO_106042,WH_15,Sea,11-03-2024,2024/03/21,5,10.0,Delayed,2004,9881.02,32198,22316.98
SHP_104616,SO_106387,WH_08,Road,12-04-2024,2024/04/22,3,10.0,Delayed,1139,6762.43,19563,12800.57
SHP_104617,SO_108047,WH_11,Rail,13-01-2024,2024/01/20,3,7.0,Delayed,852,5229.76,18740,13510.24
SHP_104618,SO_102433,WH_13,Sea,17-02-2024,2024/02/24,3,7.0,Delayed,427,8886.82,36171,27284.18
SHP_104619,SO_101315,WH_03,Road,05-05-2024,2024/05/09,7,4.0,On Time,4235,12347.01,37241,24893.99
SHP_104620,SO_106196,WH_01,Rail,20-07-2024,2024/07/29,6,9.0,Delayed,2353,9158.79,40285,31126.21
SHP_104621,SO_100522,WH_02,Rail,19-10-2024,2024/10/22,7,3.0,On Time,3019,6639.24,22666,16026.76
SHP_104622,SO_108727,WH_10,Rail,28-01-2024,2024/02/04,5,7.0,Delayed,3331,7702.78,31896,24193.22
SHP_104623,SO_105504,WH_14,Sea,03-01-2024,2024/01/09,3,6.0,Delayed,4763,12702.03,31909,19206.97
SHP_104624,SO_105866,WH_10,Sea,08-07-2024,2024/07/18,6,10.0,Delayed,1884,4351.67,12335,7983.33
SHP_104625,SO_102566,WH_10,Air,06-11-2024,2024/11/12,4,6.0,Delayed,1992,3145.43,15350,12204.57
SHP_104626,SO_104212,WH_13,Air,05-03-2024,2024/03/10,4,5.0,Delayed,1944,2192.6,6137,3944.4
SHP_104627,SO_103220,WH_01,Air,14-02-2024,2024/02/21,6,7.0,Delayed,652,9489.1,29633,20143.9
SHP_104628,SO_106323,WH_02,Sea,19-08-2024,2024/08/26,3,7.0,Delayed,918,9449.75,39674,30224.25
SHP_104629,SO_102584,WH_04,Sea,15-07-2024,2024/07/20,6,5.0,On Time,4436,10970.13,44108,33137.87
SHP_104630,SO_100615,WH_10,Road,05-05-2024,2024/05/13,6,8.0,Delayed,3847,8943.37,38626,29682.63
SHP_104631,SO_105600,WH_15,Rail,09-01-2024,2024/01/18,5,9.0,Delayed,1962,4236.01,19891,15654.99
SHP_104632,SO_100394,WH_03,Rail,03-03-2024,2024/03/05,3,2.0,On Time,3613,6753.78,22754,16000.22
SHP_104633,SO_101422,WH_01,Air,07-08-2024,2024/08/10,3,3.0,On Time,2669,4926.89,12851,7924.11
SHP_104634,SO_108867,WH_14,Road,06-08-2024,2024/08/11,7,5.0,On Time,4030,5032.95,15876,10843.05
SHP_104635,SO_100370,WH_06,Air,07-04-2024,2024/04/09,6,2.0,On Time,867,3974.71,13256,9281.29
SHP_104636,SO_102149,WH_11,Road,11-02-2024,2024/02/17,3,6.0,Delayed,1942,15830.74,43789,27958.26
SHP_104637,SO_100841,WH_09,Sea,16-09-2024,2024/09/20,5,4.0,On Time,4820,5776.52,18357,12580.48
SHP_104638,SO_102088,WH_05,Sea,06-05-2024,2024/05/10,3,4.0,Delayed,1281,6962.78,34020,27057.22
SHP_104639,SO_107943,WH_15,Road,16-09-2024,2024/09/25,7,9.0,Delayed,984,7857.13,19882,12024.87
SHP_104640,SO_107738,WH_06,Rail,31-08-2024,2024/09/04,7,4.0,On Time,1831,1992.56,5102,3109.44
SHP_104641,SO_101565,WH_07,Sea,01-04-2024,2024/04/11,5,10.0,Delayed,3855,1577.77,7197,5619.23
SHP_104642,SO_104146,WH_08,Air,11-05-2024,2024/05/18,6,7.0,Delayed,3819,15109.14,43472,28362.86
SHP_104643,SO_108639,WH_09,Rail,06-07-2024,2024/07/08,6,2.0,On Time,234,7485.68,24013,16527.32
SHP_104644,SO_108405,WH_04,Road,19-04-2024,2024/04/28,3,9.0,Delayed,2147,2311.8,7617,5305.2
SHP_104645,SO_103081,WH_15,Air,12-02-2024,2024/02/21,5,9.0,Delayed,2034,2043.33,6210,4166.67
SHP_104646,SO_102479,WH_14,Rail,25-05-2024,2024/06/01,5,7.0,Delayed,3606,7257.54,34895,27637.46
SHP_104647,SO_107918,WH_04,Road,23-07-2024,2024/08/02,7,10.0,Delayed,4269,16089.02,48914,32824.98
SHP_104648,SO_106745,WH_01,Sea,18-05-2024,2024/05/27,6,9.0,Delayed,3727,8092.25,34881,26788.75
SHP_104649,SO_103793,WH_15,Road,25-02-2024,2024/03/04,7,8.0,Delayed,3926,1894.48,5505,3610.52
SHP_104650,SO_107314,WH_01,Rail,20-12-2024,2024/12/24,5,4.0,On Time,3074,14575.5,49343,34767.5
SHP_104651,SO_109193,WH_06,Sea,07-08-2024,2024/08/11,3,4.0,Delayed,3786,4516.9,14499,9982.1
SHP_104652,SO_108327,WH_12,Rail,03-03-2024,2024/03/13,7,10.0,Delayed,2016,13897.3,35191,21293.7
SHP_104653,SO_105229,WH_15,Sea,26-01-2024,2024/02/01,7,6.0,On Time,3287,3860.39,10744,6883.61
SHP_104654,SO_103744,WH_06,Sea,17-02-2024,2024/02/23,5,6.0,Delayed,4153,10310.76,27286,16975.24
SHP_104655,SO_105600,WH_02,Rail,02-07-2024,2024/07/08,5,6.0,Delayed,2457,17098.37,48076,30977.63
SHP_104656,SO_104078,WH_02,Air,22-03-2024,2024/03/24,4,2.0,On Time,1948,9273.63,40579,31305.37
SHP_104657,SO_107318,WH_10,Road,15-02-2024,2024/02/19,6,4.0,On Time,4823,11245.44,42864,31618.56
SHP_104658,SO_106113,WH_07,Air,23-03-2024,2024/03/25,4,2.0,On Time,554,5729.23,16024,10294.77
SHP_104659,SO_103507,WH_08,Air,18-11-2024,2024/11/25,7,7.0,On Time,3053,5945.77,25289,19343.23
SHP_104660,SO_108603,WH_12,Sea,01-04-2024,2024/04/07,4,6.0,Delayed,4795,3766.12,14895,11128.88
SHP_104661,SO_106322,WH_10,Rail,05-10-2024,2024/10/12,4,7.0,Delayed,280,7057.97,32651,25593.03
SHP_104662,SO_106495,WH_10,Air,26-06-2024,2024/07/04,6,8.0,Delayed,3968,8167.27,20933,12765.73
SHP_104663,SO_101494,WH_12,Sea,26-07-2024,2024/07/31,3,5.0,Delayed,4319,9263.72,36323,27059.28
SHP_104664,SO_104174,WH_01,Air,26-01-2024,2024/02/01,7,6.0,On Time,3966,15127.72,45546,30418.28
SHP_104665,SO_107273,WH_14,Sea,27-07-2024,2024/08/03,4,7.0,Delayed,4599,7368.96,31825,24456.04
SHP_104666,SO_103337,WH_11,Air,01-02-2024,2024/02/09,3,8.0,Delayed,1914,3165.61,8542,5376.39
SHP_104667,SO_107916,WH_15,Rail,14-11-2024,2024/11/24,5,10.0,Delayed,2030,16138.14,46752,30613.86
SHP_104668,SO_108427,WH_14,Sea,27-05-2024,2024/06/02,6,6.0,On Time,3043,15159.08,41009,25849.92
SHP_104669,SO_104582,WH_13,Sea,27-07-2024,2024/08/03,4,7.0,Delayed,3486,5090.26,17431,12340.74
SHP_104670,SO_104050,WH_01,Road,27-06-2024,2024/07/04,4,7.0,Delayed,3794,7278.62,25179,17900.38
SHP_104671,SO_100370,WH_03,Sea,28-03-2024,2024/04/01,4,4.0,On Time,1180,5339.0,25583,20244.0
SHP_104672,SO_104438,WH_10,Sea,02-01-2024,2024/01/05,7,3.0,On Time,221,7384.99,20828,13443.01
SHP_104673,SO_103577,WH_02,Sea,20-02-2024,2024/02/22,4,2.0,On Time,2314,11894.04,46572,34677.96
SHP_104674,SO_109787,WH_08,Air,17-06-2024,2024/06/24,3,7.0,Delayed,654,7536.81,34336,26799.19
SHP_104675,SO_107706,WH_14,Rail,08-01-2024,2024/01/10,3,,Delayed,3153,5651.12,25099,19447.88
SHP_104676,SO_109153,WH_09,Road,21-07-2024,2024/07/30,4,9.0,Delayed,1482,2270.02,9847,7576.98
SHP_104677,SO_105405,WH_11,Road,27-12-2024,2025/01/01,5,5.0,On Time,2992,11690.35,34492,22801.65
SHP_104678,SO_100833,WH_01,Sea,01-02-2024,2024/02/08,4,7.0,Delayed,3686,2524.13,6508,3983.87
SHP_104679,SO_101857,WH_05,Road,07-09-2024,2024/09/10,5,3.0,On Time,2819,13413.64,42611,29197.36
SHP_104680,SO_102268,WH_05,Sea,28-07-2024,2024/08/07,6,10.0,Delayed,4289,17156.5,45385,28228.5
SHP_104681,SO_106504,WH_14,Rail,13-08-2024,2024/08/21,4,8.0,Delayed,2998,2320.77,7764,5443.23
SHP_104682,SO_102275,WH_02,Rail,20-05-2024,2024/05/29,5,9.0,Delayed,4322,13958.57,40397,26438.43
SHP_104683,SO_103230,WH_06,Rail,21-05-2024,2024/05/27,5,6.0,Delayed,2599,3164.7,9324,6159.3
SHP_104684,SO_108835,WH_10,Road,06-09-2024,2024/09/15,5,9.0,Delayed,1542,8055.43,34282,26226.57
SHP_104685,SO_107245,WH_13,Sea,22-10-2024,2024/10/27,5,5.0,On Time,4567,3695.9,12766,9070.1
SHP_104686,SO_105257,WH_03,Air,12-11-2024,2024/11/14,7,2.0,On Time,3720,1665.85,5150,3484.15
SHP_104687,SO_100884,WH_07,Road,24-03-2024,2024/04/01,3,8.0,Delayed,3736,18301.76,49201,30899.24
SHP_104688,SO_105802,WH_15,Air,06-02-2024,2024/02/09,7,3.0,On Time,4961,7957.16,32789,24831.84
SHP_104689,SO_102322,WH_05,Road,26-02-2024,2024/03/03,5,6.0,Delayed,2904,3353.5,10107,6753.5
SHP_104690,SO_106335,WH_13,Sea,08-06-2024,2024/06/13,6,5.0,On Time,4296,18739.14,48711,29971.86
SHP_104691,SO_100214,WH_06,Air,02-07-2024,2024/07/04,4,2.0,On Time,1582,2317.39,10992,8674.61
SHP_104692,SO_109238,WH_13,Sea,25-02-2024,2024/03/05,3,9.0,Delayed,266,10218.09,31744,21525.91
SHP_104693,SO_102466,WH_10,Air,15-07-2024,2024/07/20,7,5.0,On Time,4315,18016.64,48531,30514.36
SHP_104694,SO_105012,WH_08,Sea,28-02-2024,2024/03/03,4,4.0,On Time,4490,6084.47,16324,10239.53
SHP_104695,SO_105147,WH_01,Sea,29-07-2024,2024/08/08,6,10.0,Delayed,3309,11060.5,31961,20900.5
SHP_104696,SO_102706,WH_10,Air,07-01-2024,2024/01/13,7,6.0,On Time,4489,9726.14,25489,15762.86
SHP_104697,SO_107664,WH_11,Road,30-11-2024,2024/12/03,7,,Delayed,604,9632.45,29968,20335.55
SHP_104698,SO_103312,WH_09,Road,04-06-2024,2024/06/11,6,7.0,Delayed,2801,4154.5,13775,9620.5
SHP_104699,SO_100174,WH_11,Rail,21-02-2024,2024/02/27,6,6.0,On Time,2217,7925.39,20797,12871.61
SHP_104700,SO_109940,WH_03,Rail,22-03-2024,2024/03/30,4,8.0,Delayed,1688,10812.46,28149,17336.54
SHP_104701,SO_102273,WH_03,Rail,04-02-2024,2024/02/09,5,5.0,On Time,2536,4076.0,12405,8329.0
SHP_104702,SO_109309,WH_14,Rail,31-03-2024,2024/04/06,5,6.0,Delayed,3865,5254.58,23854,18599.42
SHP_104703,SO_101316,WH_02,Sea,13-06-2024,2024/06/17,3,4.0,Delayed,1873,4214.83,18891,14676.17
SHP_104704,SO_102378,WH_06,Road,28-01-2024,2024/02/06,4,9.0,Delayed,2033,18309.22,49306,30996.78
SHP_104705,SO_100283,WH_14,Road,24-04-2024,2024/05/04,7,10.0,Delayed,1007,7180.42,31626,24445.58
SHP_104706,SO_108960,WH_04,Road,24-12-2024,2024/12/29,6,5.0,On Time,2392,3647.73,16436,12788.27
SHP_104707,SO_108089,WH_08,Rail,03-10-2024,2024/10/11,7,8.0,Delayed,3196,15682.97,49726,34043.03
SHP_104708,SO_100939,WH_10,Sea,03-03-2024,2024/03/06,4,3.0,On Time,851,1301.0,5198,3897.0
SHP_104709,SO_103199,WH_03,Air,08-09-2024,2024/09/13,5,5.0,On Time,2962,13895.43,38654,24758.57
SHP_104710,SO_104516,WH_13,Rail,07-08-2024,2024/08/14,7,7.0,On Time,644,14125.07,42483,28357.93
SHP_104711,SO_102421,WH_14,Sea,24-07-2024,2024/08/02,5,9.0,Delayed,2161,2264.74,7777,5512.26
SHP_104712,SO_107693,WH_04,Rail,02-07-2024,2024/07/05,3,3.0,On Time,3007,8555.22,28630,20074.78
SHP_104713,SO_104335,WH_05,Road,31-10-2024,2024/11/08,4,8.0,Delayed,2992,4347.57,19099,14751.43
SHP_104714,SO_106837,WH_07,Air,11-12-2024,2024/12/20,4,9.0,Delayed,412,15917.13,41290,25372.87
SHP_104715,SO_100756,WH_12,Rail,21-01-2024,2024/01/29,3,8.0,Delayed,4164,2089.79,5369,3279.21
SHP_104716,SO_101435,WH_12,Air,31-08-2024,2024/09/04,4,4.0,On Time,1451,15835.94,43889,28053.06
SHP_104717,SO_102382,WH_02,Road,18-02-2024,2024/02/25,4,,Delayed,3637,8873.59,27121,18247.41
SHP_104718,SO_108538,WH_11,Road,19-11-2024,2024/11/25,3,6.0,Delayed,735,7195.38,29669,22473.62
SHP_104719,SO_108287,WH_09,Road,24-03-2024,2024/03/26,6,2.0,On Time,1838,2192.52,6113,3920.48
SHP_104720,SO_101968,WH_06,Road,11-11-2024,2024/11/18,7,7.0,On Time,1649,10477.71,27319,16841.29
SHP_104721,SO_104867,WH_10,Air,27-05-2024,2024/06/01,5,5.0,On Time,703,1063.74,5049,3985.26
SHP_104722,SO_101439,WH_08,Rail,04-12-2024,2024/12/06,7,2.0,On Time,3408,16408.86,48350,31941.14
SHP_104723,SO_103726,WH_15,Air,17-07-2024,2024/07/20,6,3.0,On Time,3518,4308.92,15738,11429.08
SHP_104724,SO_109304,WH_08,Air,21-05-2024,2024/05/28,3,7.0,Delayed,1312,6265.87,27117,20851.13
SHP_104725,SO_104025,WH_10,Rail,21-02-2024,2024/03/01,3,9.0,Delayed,4247,2131.43,7777,5645.57
SHP_104726,SO_105933,WH_11,Sea,14-03-2024,2024/03/23,4,9.0,Delayed,2588,12496.83,40573,28076.17
SHP_104727,SO_100099,WH_10,Air,25-12-2024,2024/12/27,3,2.0,On Time,1521,-5148.66,23682,28830.66
SHP_104728,SO_100522,WH_04,Rail,25-10-2024,2024/11/01,6,7.0,Delayed,515,8402.8,24896,16493.2
SHP_104729,SO_106502,WH_13,Road,16-11-2024,2024/11/23,3,7.0,Delayed,454,2903.32,12495,9591.68
SHP_104730,SO_108173,WH_09,Road,11-12-2024,2024/12/14,3,3.0,On Time,3354,14394.33,45024,30629.67
SHP_104731,SO_108340,WH_12,Air,30-06-2024,2024/07/05,4,5.0,Delayed,4008,8920.58,43953,35032.42
SHP_104732,SO_109952,WH_08,Road,23-02-2024,2024/03/04,7,10.0,Delayed,4922,14727.18,44686,29958.82
SHP_104733,SO_104704,WH_08,Air,08-11-2024,2024/11/11,4,3.0,On Time,4403,6733.36,25743,19009.64
SHP_104734,SO_101675,WH_06,Air,28-06-2024,2024/07/03,4,5.0,Delayed,3291,16033.53,48690,32656.47
SHP_104735,SO_106089,WH_05,Road,29-01-2024,2024/02/06,3,8.0,Delayed,4064,4071.49,11942,7870.51
SHP_104736,SO_108673,WH_14,Rail,18-05-2024,2024/05/24,4,6.0,Delayed,2803,2207.04,10913,8705.96
SHP_104737,SO_105268,WH_13,Air,04-03-2024,2024/03/11,3,7.0,Delayed,3870,5853.26,18630,12776.74
SHP_104738,SO_101560,WH_02,Rail,12-02-2024,2024/02/20,4,8.0,Delayed,1469,10177.97,29104,18926.03
SHP_104739,SO_107504,WH_07,Rail,04-01-2024,2024/01/09,6,5.0,On Time,4100,9200.51,42387,33186.49
SHP_104740,SO_100739,WH_06,Rail,17-11-2024,2024/11/24,6,7.0,Delayed,4166,2746.69,11625,8878.31
SHP_104741,SO_102816,WH_06,Sea,18-08-2024,2024/08/22,6,4.0,On Time,4857,3834.29,17457,13622.71
SHP_104742,SO_107726,WH_07,Sea,03-01-2024,2024/01/13,4,10.0,Delayed,1451,9680.16,25232,15551.84
SHP_104743,SO_102116,WH_13,Rail,21-09-2024,2024/09/25,5,4.0,On Time,2982,12646.07,39585,26938.93
SHP_104744,SO_102987,WH_05,Rail,19-09-2024,2024/09/28,6,9.0,Delayed,963,18148.77,47769,29620.23
SHP_104745,SO_104544,WH_08,Road,22-10-2024,2024/11/01,6,10.0,Delayed,2431,15875.95,49400,33524.05
SHP_104746,SO_101925,WH_15,Sea,28-06-2024,2024/07/06,4,8.0,Delayed,3682,4424.44,13823,9398.56
SHP_104747,SO_102009,WH_07,Rail,13-08-2024,2024/08/17,4,4.0,On Time,796,6396.85,18549,12152.15
SHP_104748,SO_107890,WH_05,Rail,21-04-2024,2024/04/26,3,5.0,Delayed,731,4431.1,15420,10988.9
SHP_104749,SO_104282,WH_10,Rail,30-05-2024,2024/06/08,4,9.0,Delayed,3665,3312.77,8447,5134.23
SHP_104750,SO_105019,WH_11,Rail,05-09-2024,2024/09/07,5,2.0,On Time,1140,10948.45,44085,33136.55
SHP_104751,SO_106262,WH_14,Sea,19-09-2024,2024/09/25,5,6.0,Delayed,4712,2452.73,11837,9384.27
SHP_104752,SO_102229,WH_07,Road,15-09-2024,2024/09/17,6,2.0,On Time,3285,12700.83,44494,31793.17
SHP_104753,SO_109048,WH_13,Sea,12-08-2024,2024/08/17,6,5.0,On Time,1935,8230.43,27476,19245.57
SHP_104754,SO_106635,WH_06,Rail,25-09-2024,2024/10/03,5,8.0,Delayed,3376,7733.76,19550,11816.24
SHP_104755,SO_100794,WH_07,Rail,21-05-2024,2024/05/31,4,10.0,Delayed,2020,15043.18,47157,32113.82
SHP_104756,SO_108119,WH_03,Rail,30-03-2024,2024/04/07,5,8.0,Delayed,3557,5532.96,14614,9081.04
SHP_104757,SO_100029,WH_13,Rail,07-06-2024,2024/06/17,4,10.0,Delayed,560,3844.79,12880,9035.21
SHP_104758,SO_103265,WH_10,Road,26-06-2024,2024/07/03,7,7.0,On Time,4336,7777.15,27268,19490.85
SHP_104759,SO_104314,WH_08,Road,25-11-2024,2024/11/27,5,2.0,On Time,3680,12935.54,34705,21769.46
SHP_104760,SO_105648,WH_02,Road,30-07-2024,2024/08/05,3,6.0,Delayed,2744,3175.71,10377,7201.29
SHP_104761,SO_102011,WH_10,Sea,14-08-2024,2024/08/20,4,6.0,Delayed,691,17649.63,45228,27578.37
SHP_104762,SO_104414,WH_06,Road,31-08-2024,2024/09/08,7,,Delayed,4927,10897.38,41255,30357.62
SHP_104763,SO_105769,WH_08,Air,11-05-2024,2024/05/20,5,9.0,Delayed,848,8672.4,21872,13199.6
SHP_104764,SO_109142,WH_07,Air,26-05-2024,2024/05/29,6,3.0,On Time,334,8123.37,22535,14411.63
SHP_104765,SO_107567,WH_05,Road,21-03-2024,2024/03/27,4,6.0,Delayed,751,7113.61,29768,22654.39
SHP_104766,SO_104624,WH_02,Rail,19-01-2024,2024/01/24,6,5.0,On Time,1229,2620.33,8679,6058.67
SHP_104767,SO_108537,WH_01,Road,20-05-2024,2024/05/27,7,7.0,On Time,3244,5755.91,15752,9996.09
SHP_104768,SO_103576,WH_03,Road,20-09-2024,2024/09/22,7,2.0,On Time,4618,6849.19,24884,18034.81
SHP_104769,SO_103303,WH_06,Sea,05-04-2024,2024/04/12,7,7.0,On Time,4711,13420.85,47617,34196.15
SHP_104770,SO_101142,WH_12,Sea,18-01-2024,2024/01/27,7,9.0,Delayed,3962,7547.89,34312,26764.11
SHP_104771,SO_103763,WH_07,Road,09-01-2024,2024/01/15,4,6.0,Delayed,4610,11574.87,32911,21336.13
SHP_104772,SO_104257,WH_07,Rail,16-03-2024,2024/03/21,6,5.0,On Time,1135,10100.45,40433,30332.55
SHP_104773,SO_108515,WH_03,Rail,12-03-2024,2024/03/21,5,9.0,Delayed,2078,3385.59,13610,10224.41
SHP_104774,SO_106713,WH_12,Road,02-09-2024,2024/09/04,6,2.0,On Time,2424,6587.15,17404,10816.85
SHP_104775,SO_104226,WH_12,Sea,27-04-2024,2024/05/04,6,7.0,Delayed,2506,11869.03,29996,18126.97
SHP_104776,SO_103984,WH_05,Air,09-01-2024,2024/01/11,6,2.0,On Time,1000,12950.62,38869,25918.38
SHP_104777,SO_105487,WH_05,Road,23-02-2024,2024/03/01,4,7.0,Delayed,4730,14110.57,44069,29958.43
SHP_104778,SO_107846,WH_05,Air,06-08-2024,2024/08/11,5,5.0,On Time,2994,7807.27,33112,25304.73
SHP_104779,SO_106290,WH_02,Air,21-09-2024,2024/09/25,4,4.0,On Time,2208,3134.86,10509,7374.14
SHP_104780,SO_101940,WH_15,Road,03-10-2024,2024/10/09,7,6.0,On Time,2837,7297.15,18579,11281.85
SHP_104781,SO_106705,WH_01,Sea,15-07-2024,2024/07/25,3,10.0,Delayed,4869,2371.18,10477,8105.82
SHP_104782,SO_109824,WH_05,Rail,03-03-2024,2024/03/08,7,5.0,On Time,782,11191.24,45685,34493.76
SHP_104783,SO_106865,WH_10,Air,29-11-2024,2024/12/07,6,8.0,Delayed,4689,16705.65,46982,30276.35
SHP_104784,SO_107026,WH_04,Rail,12-08-2024,2024/08/16,5,4.0,On Time,4575,-4883.93,22293,27176.93
SHP_104785,SO_107347,WH_01,Road,20-06-2024,2024/06/26,6,6.0,On Time,4862,9527.27,26621,17093.73
SHP_104786,SO_107512,WH_05,Rail,07-12-2024,2024/12/17,5,10.0,Delayed,1188,2192.09,8928,6735.91
SHP_104787,SO_106906,WH_07,Rail,30-10-2024,2024/11/01,6,2.0,On Time,1385,6105.31,16897,10791.69
SHP_104788,SO_104976,WH_03,Road,01-10-2024,2024/10/10,5,9.0,Delayed,2027,1554.48,5423,3868.52
SHP_104789,SO_106815,WH_01,Air,31-10-2024,2024/11/09,7,9.0,Delayed,1239,12707.77,41292,28584.23
SHP_104790,SO_101678,WH_14,Air,30-01-2024,2024/02/08,6,9.0,Delayed,1475,6258.6,24651,18392.4
SHP_104791,SO_108820,WH_11,Sea,29-08-2024,2024/09/08,3,10.0,Delayed,1961,14349.72,41858,27508.28
SHP_104792,SO_102869,WH_05,Air,19-01-2024,2024/01/22,7,3.0,On Time,2797,5977.32,18923,12945.68
SHP_104793,SO_108115,WH_01,Road,24-05-2024,2024/05/27,6,3.0,On Time,4811,8754.45,27314,18559.55
SHP_104794,SO_104853,WH_10,Sea,02-08-2024,2024/08/08,6,6.0,On Time,1716,12072.16,40549,28476.84
SHP_104795,SO_105330,WH_03,Road,29-08-2024,2024/09/01,6,3.0,On Time,1186,9072.99,28050,18977.01
SHP_104796,SO_104350,WH_03,Air,19-12-2024,2024/12/28,5,9.0,Delayed,3970,10290.7,36439,26148.3
SHP_104797,SO_101149,WH_01,Air,28-11-2024,2024/12/06,4,8.0,Delayed,1762,-1908.07,5545,7453.07
SHP_104798,SO_100332,WH_11,Air,28-06-2024,2024/07/08,4,10.0,Delayed,2373,1844.36,6999,5154.64
SHP_104799,SO_103641,WH_06,Road,30-07-2024,2024/08/03,5,4.0,On Time,2347,12156.85,48266,36109.15
SHP_104800,SO_106329,WH_03,Air,09-04-2024,2024/04/17,4,8.0,Delayed,4505,10495.12,33108,22612.88
SHP_104801,SO_104908,WH_02,Sea,23-04-2024,2024/05/03,7,10.0,Delayed,2652,9255.74,24306,15050.26
SHP_104802,SO_103891,WH_12,Road,06-02-2024,2024/02/10,5,4.0,On Time,292,2571.88,12468,9896.12
SHP_104803,SO_100640,WH_05,Sea,06-03-2024,2024/03/08,4,2.0,On Time,3227,4472.98,20494,16021.02
SHP_104804,SO_109588,WH_06,Rail,08-02-2024,2024/02/14,6,6.0,On Time,3808,6958.21,29661,22702.79
SHP_104805,SO_100109,WH_01,Sea,18-03-2024,2024/03/23,5,5.0,On Time,4488,15923.52,41101,25177.48
SHP_104806,SO_100109,WH_02,Rail,06-05-2024,2024/05/11,4,5.0,Delayed,1942,7665.01,29920,22254.99
SHP_104807,SO_108059,WH_13,Sea,10-09-2024,2024/09/15,7,5.0,On Time,706,3772.88,9983,6210.12
SHP_104808,SO_104167,WH_07,Rail,03-07-2024,2024/07/07,5,4.0,On Time,317,17920.48,48387,30466.52
SHP_104809,SO_108722,WH_13,Sea,10-09-2024,2024/09/19,4,9.0,Delayed,3581,9673.8,41346,31672.2
SHP_104810,SO_107584,WH_13,Road,22-02-2024,2024/03/01,4,8.0,Delayed,3945,6706.93,21959,15252.07
SHP_104811,SO_109017,WH_06,Air,23-05-2024,2024/05/26,3,3.0,On Time,2322,4650.78,17885,13234.22
SHP_104812,SO_108677,WH_09,Sea,17-02-2024,2024/02/20,3,3.0,On Time,861,8451.61,23508,15056.39
SHP_104813,SO_103253,WH_04,Sea,28-07-2024,2024/07/31,7,3.0,On Time,4686,13150.9,37316,24165.1
SHP_104814,SO_103871,WH_04,Rail,23-07-2024,2024/07/25,4,2.0,On Time,4504,10424.6,38660,28235.4
SHP_104815,SO_102939,WH_01,Air,22-01-2024,2024/01/24,6,2.0,On Time,3179,6987.41,17687,10699.59
SHP_104816,SO_108888,WH_10,Sea,10-04-2024,2024/04/15,3,5.0,Delayed,506,7651.7,21724,14072.3
SHP_104817,SO_100206,WH_07,Sea,02-05-2024,2024/05/04,5,2.0,On Time,373,14259.78,35965,21705.22
SHP_104818,SO_101267,WH_02,Rail,26-05-2024,2024/05/28,4,2.0,On Time,3538,6311.03,28103,21791.97
SHP_104819,SO_108784,WH_05,Road,24-06-2024,2024/07/01,4,7.0,Delayed,477,15403.91,45935,30531.09
SHP_104820,SO_101594,WH_10,Rail,15-01-2024,2024/01/24,7,9.0,Delayed,2956,3279.03,15095,11815.97
SHP_104821,SO_109296,WH_02,Road,03-11-2024,2024/11/06,3,3.0,On Time,2167,17478.52,44625,27146.48
SHP_104822,SO_107478,WH_14,Air,04-06-2024,2024/06/11,3,7.0,Delayed,1626,4392.21,15331,10938.79
SHP_104823,SO_103757,WH_10,Road,26-10-2024,2024/11/04,6,9.0,Delayed,3864,12618.91,32194,19575.09
SHP_104824,SO_102790,WH_12,Air,08-03-2024,2024/03/18,4,10.0,Delayed,4640,13620.66,37410,23789.34
SHP_104825,SO_104933,WH_12,Rail,05-08-2024,2024/08/13,5,8.0,Delayed,1628,16585.01,47577,30991.99
SHP_104826,SO_103227,WH_09,Air,12-01-2024,2024/01/15,7,3.0,On Time,1760,3727.88,17361,13633.12
SHP_104827,SO_103716,WH_12,Sea,21-06-2024,2024/06/29,5,8.0,Delayed,4715,-4449.42,13049,17498.42
SHP_104828,SO_103818,WH_14,Sea,07-02-2024,2024/02/16,4,9.0,Delayed,1401,6653.31,25902,19248.69
SHP_104829,SO_108097,WH_04,Air,15-09-2024,2024/09/20,3,5.0,Delayed,3625,5188.82,19218,14029.18
SHP_104830,SO_102578,WH_15,Road,11-09-2024,2024/09/20,6,9.0,Delayed,2360,11658.12,46167,34508.88
SHP_104831,SO_109297,WH_04,Road,29-06-2024,2024/07/04,6,5.0,On Time,2288,12953.27,42876,29922.73
SHP_104832,SO_108045,WH_05,Rail,21-12-2024,2024/12/27,7,6.0,On Time,1312,3878.13,16703,12824.87
SHP_104833,SO_102633,WH_13,Road,29-05-2024,2024/06/03,7,5.0,On Time,1587,1614.22,7935,6320.78
SHP_104834,SO_109453,WH_14,Rail,29-04-2024,2024/05/09,5,10.0,Delayed,924,9100.28,24296,15195.72
SHP_104835,SO_100756,WH_05,Sea,01-03-2024,2024/03/11,4,10.0,Delayed,2282,7840.41,23757,15916.59
SHP_104836,SO_107677,WH_11,Road,19-11-2024,2024/11/26,7,7.0,On Time,1158,10197.54,28478,18280.46
SHP_104837,SO_105789,WH_11,Rail,07-02-2024,2024/02/09,4,2.0,On Time,2829,7407.29,24101,16693.71
SHP_104838,SO_108105,WH_01,Sea,30-09-2024,2024/10/04,5,4.0,On Time,1833,4180.32,20771,16590.68
SHP_104839,SO_103584,WH_06,Sea,11-12-2024,2024/12/17,5,6.0,Delayed,4964,11404.19,39771,28366.81
SHP_104840,SO_101184,WH_13,Air,09-05-2024,2024/05/17,6,8.0,Delayed,2389,3310.06,10571,7260.94
SHP_104841,SO_108598,WH_07,Rail,27-04-2024,2024/05/05,4,8.0,Delayed,3863,7645.0,32818,25173.0
SHP_104842,SO_105555,WH_12,Rail,01-04-2024,2024/04/09,4,8.0,Delayed,4734,2687.24,12269,9581.76
SHP_104843,SO_105340,WH_05,Road,20-12-2024,2024/12/27,7,7.0,On Time,4710,2111.92,6162,4050.08
SHP_104844,SO_102469,WH_12,Air,23-06-2024,2024/07/02,4,9.0,Delayed,3024,12521.07,48064,35542.93
SHP_104845,SO_105622,WH_01,Rail,22-02-2024,2024/02/27,5,5.0,On Time,565,11111.89,43198,32086.11
SHP_104846,SO_107543,WH_09,Rail,18-07-2024,2024/07/23,4,5.0,Delayed,3693,10733.88,38746,28012.12
SHP_104847,SO_106179,WH_15,Air,11-12-2024,2024/12/15,5,4.0,On Time,1717,1933.77,5107,3173.23
SHP_104848,SO_108820,WH_13,Sea,16-01-2024,2024/01/23,7,7.0,On Time,3375,3047.37,12423,9375.63
SHP_104849,SO_102250,WH_04,Air,05-11-2024,2024/11/08,3,3.0,On Time,3150,6089.96,15944,9854.04
SHP_104850,SO_106727,WH_07,Air,10-11-2024,2024/11/15,4,5.0,Delayed,2113,2193.57,7130,4936.43
SHP_104851,SO_107973,WH_01,Road,09-02-2024,2024/02/15,5,6.0,Delayed,2280,15337.64,45170,29832.36
SHP_104852,SO_108049,WH_13,Sea,29-02-2024,2024/03/05,6,5.0,On Time,3236,19035.95,48850,29814.05
SHP_104853,SO_104518,WH_08,Air,25-11-2024,2024/11/28,5,3.0,On Time,1267,11979.63,41296,29316.37
SHP_104854,SO_101109,WH_11,Rail,01-07-2024,2024/07/04,3,3.0,On Time,3625,14751.6,48532,33780.4
SHP_104855,SO_108672,WH_15,Road,07-08-2024,2024/08/13,6,6.0,On Time,4262,10546.74,33340,22793.26
SHP_104856,SO_101740,WH_03,Air,30-04-2024,2024/05/05,6,5.0,On Time,2299,6687.16,18508,11820.84
SHP_104857,SO_109473,WH_10,Air,04-01-2024,2024/01/10,7,6.0,On Time,4945,8091.27,37476,29384.73
SHP_104858,SO_105249,WH_11,Road,27-12-2024,2024/12/31,5,4.0,On Time,3834,7929.15,25309,17379.85
SHP_104859,SO_101241,WH_10,Rail,18-04-2024,2024/04/24,5,6.0,Delayed,2712,2434.21,10317,7882.79
SHP_104860,SO_103677,WH_06,Rail,17-03-2024,2024/03/24,4,7.0,Delayed,2190,6348.14,20824,14475.86
SHP_104861,SO_105936,WH_15,Rail,29-09-2024,2024/10/04,4,5.0,Delayed,2258,2158.24,7531,5372.76
SHP_104862,SO_109020,WH_06,Rail,17-05-2024,2024/05/27,5,10.0,Delayed,1393,2385.09,11451,9065.91
SHP_104863,SO_107074,WH_01,Sea,14-03-2024,2024/03/18,4,4.0,On Time,274,6798.08,24309,17510.92
SHP_104864,SO_108789,WH_12,Sea,16-06-2024,2024/06/24,7,8.0,Delayed,2269,7421.47,27812,20390.53
SHP_104865,SO_105179,WH_06,Road,30-05-2024,2024/06/02,4,3.0,On Time,2250,11755.47,35681,23925.53
SHP_104866,SO_102922,WH_08,Rail,06-06-2024,2024/06/13,6,7.0,Delayed,3132,5522.87,25742,20219.13
SHP_104867,SO_104881,WH_07,Rail,20-10-2024,2024/10/29,3,9.0,Delayed,1125,4758.59,12059,7300.41
SHP_104868,SO_103221,WH_13,Sea,29-01-2024,2024/02/01,3,3.0,On Time,3959,10304.53,41102,30797.47
SHP_104869,SO_107683,WH_01,Sea,07-06-2024,2024/06/15,5,8.0,Delayed,1729,5534.26,25216,19681.74
SHP_104870,SO_106904,WH_09,Sea,11-10-2024,2024/10/16,5,5.0,On Time,1684,14236.64,44559,30322.36
SHP_104871,SO_100524,WH_13,Sea,29-05-2024,2024/06/06,5,8.0,Delayed,2739,5336.06,24297,18960.94
SHP_104872,SO_101080,WH_13,Road,09-11-2024,2024/11/18,5,9.0,Delayed,283,12179.14,45435,33255.86
SHP_104873,SO_102737,WH_06,Road,29-08-2024,2024/09/02,6,4.0,On Time,451,8660.55,40092,31431.45
SHP_104874,SO_100585,WH_08,Sea,10-01-2024,2024/01/18,6,8.0,Delayed,4453,17560.29,44155,26594.71
SHP_104875,SO_107947,WH_13,Road,21-07-2024,2024/07/31,6,10.0,Delayed,664,3747.4,9501,5753.6
SHP_104876,SO_109083,WH_02,Sea,26-07-2024,2024/08/02,4,7.0,Delayed,1043,7875.91,19851,11975.09
SHP_104877,SO_109188,WH_14,Air,31-01-2024,2024/02/06,4,6.0,Delayed,1348,4778.46,14139,9360.54
SHP_104878,SO_106237,WH_10,Sea,18-01-2024,2024/01/25,4,7.0,Delayed,4171,9250.11,24030,14779.89
SHP_104879,SO_106055,WH_12,Rail,05-08-2024,2024/08/11,3,6.0,Delayed,359,3349.79,12035,8685.21
SHP_104880,SO_103798,WH_05,Air,19-02-2024,2024/02/27,4,8.0,Delayed,4189,7724.82,20185,12460.18
SHP_104881,SO_108840,WH_11,Sea,04-12-2024,2024/12/08,6,4.0,On Time,2001,8585.21,32146,23560.79
SHP_104882,SO_107007,WH_04,Sea,19-12-2024,2024/12/25,5,6.0,Delayed,2326,12285.28,48657,36371.72
SHP_104883,SO_109963,WH_03,Sea,06-03-2024,2024/03/08,5,2.0,On Time,1004,10184.33,28112,17927.67
SHP_104884,SO_102130,WH_04,Air,22-03-2024,2024/03/27,5,5.0,On Time,4179,11050.44,42443,31392.56
SHP_104885,SO_107227,WH_09,Road,22-07-2024,2024/07/30,4,8.0,Delayed,1678,10410.65,45283,34872.35
SHP_104886,SO_105535,WH_14,Rail,18-10-2024,2024/10/22,6,4.0,On Time,2849,11267.16,28746,17478.84
SHP_104887,SO_108639,WH_09,Air,12-07-2024,2024/07/15,7,3.0,On Time,4699,9923.97,46607,36683.03
SHP_104888,SO_105211,WH_09,Rail,27-08-2024,2024/08/30,4,3.0,On Time,3139,4014.18,10695,6680.82
SHP_104889,SO_109637,WH_03,Rail,04-09-2024,2024/09/11,4,7.0,Delayed,2510,5385.9,22758,17372.1
SHP_104890,SO_108647,WH_11,Rail,02-07-2024,2024/07/05,5,3.0,On Time,327,10051.19,30299,20247.81
SHP_104891,SO_106557,WH_14,Road,27-11-2024,2024/12/05,7,8.0,Delayed,4242,5872.14,24976,19103.86
SHP_104892,SO_101631,WH_07,Rail,08-08-2024,2024/08/16,6,8.0,Delayed,2367,11767.32,33340,21572.68
SHP_104893,SO_100974,WH_04,Sea,25-01-2024,2024/01/27,5,2.0,On Time,4812,6539.0,23990,17451.0
SHP_104894,SO_103734,WH_10,Rail,06-09-2024,2024/09/09,3,3.0,On Time,4722,1277.3,6158,4880.7
SHP_104895,SO_107515,WH_06,Rail,18-06-2024,2024/06/20,4,2.0,On Time,940,13124.89,41695,28570.11
SHP_104896,SO_104605,WH_15,Air,06-06-2024,2024/06/14,4,8.0,Delayed,3797,4428.5,17194,12765.5
SHP_104897,SO_105793,WH_14,Road,04-04-2024,2024/04/12,6,8.0,Delayed,2247,11628.19,40487,28858.81
SHP_104898,SO_107582,WH_02,Air,02-11-2024,2024/11/12,5,10.0,Delayed,3554,2973.82,9922,6948.18
SHP_104899,SO_102182,WH_15,Road,21-11-2024,2024/11/25,3,4.0,Delayed,4827,13914.65,48416,34501.35
SHP_104900,SO_106360,WH_12,Sea,05-09-2024,2024/09/13,4,8.0,Delayed,3989,4884.52,21667,16782.48
SHP_104901,SO_100656,WH_02,Rail,12-07-2024,2024/07/16,3,4.0,Delayed,4169,13519.29,44105,30585.71
SHP_104902,SO_107112,WH_07,Sea,12-08-2024,2024/08/21,3,9.0,Delayed,2990,3350.69,10071,6720.31
SHP_104903,SO_104990,WH_05,Rail,16-04-2024,2024/04/21,5,5.0,On Time,558,15552.69,49681,34128.31
SHP_104904,SO_108550,WH_02,Road,05-04-2024,2024/04/14,5,9.0,Delayed,4436,5192.3,18633,13440.7
SHP_104905,SO_103168,WH_07,Air,03-10-2024,2024/10/12,7,9.0,Delayed,1682,12501.58,39476,26974.42
SHP_104906,SO_108731,WH_06,Air,01-11-2024,2024/11/08,4,7.0,Delayed,3787,13656.48,34162,20505.52
SHP_104907,SO_102660,WH_14,Sea,28-02-2024,2024/03/09,7,10.0,Delayed,785,12614.39,46954,34339.61
SHP_104908,SO_104636,WH_01,Air,15-11-2024,2024/11/23,4,8.0,Delayed,1378,8444.45,34616,26171.55
SHP_104909,SO_107760,WH_03,Road,21-07-2024,2024/07/26,3,5.0,Delayed,2024,8555.11,30917,22361.89
SHP_104910,SO_100935,WH_14,Rail,21-12-2024,2024/12/25,3,4.0,Delayed,3512,4614.93,12934,8319.07
SHP_104911,SO_106827,WH_05,Road,03-10-2024,2024/10/10,4,7.0,Delayed,3730,7588.53,35127,27538.47
SHP_104912,SO_101201,WH_05,Air,26-01-2024,2024/02/01,6,6.0,On Time,2265,7223.81,25696,18472.19
SHP_104913,SO_108380,WH_12,Rail,30-11-2024,2024/12/04,7,4.0,On Time,4303,14692.59,48173,33480.41
SHP_104914,SO_104714,WH_12,Road,23-03-2024,2024/03/30,4,7.0,Delayed,4854,12834.98,36515,23680.02
SHP_104915,SO_108943,WH_07,Air,09-04-2024,2024/04/12,3,3.0,On Time,2419,11432.32,29669,18236.68
SHP_104916,SO_103000,WH_07,Sea,18-10-2024,2024/10/27,6,9.0,Delayed,2196,14221.41,36940,22718.59
SHP_104917,SO_107893,WH_07,Rail,04-11-2024,2024/11/11,7,7.0,On Time,1305,3759.34,15317,11557.66
SHP_104918,SO_104081,WH_05,Air,31-08-2024,2024/09/04,6,4.0,On Time,1752,13019.95,38706,25686.05
SHP_104919,SO_104672,WH_15,Air,31-08-2024,2024/09/08,3,8.0,Delayed,989,3079.66,7946,4866.34
SHP_104920,SO_107119,WH_06,Sea,07-04-2024,2024/04/11,7,4.0,On Time,1548,3844.84,15597,11752.16
SHP_104921,SO_106712,WH_11,Rail,02-09-2024,2024/09/11,7,9.0,Delayed,1764,8261.06,38149,29887.94
SHP_104922,SO_101374,WH_06,Road,30-06-2024,2024/07/09,6,9.0,Delayed,2692,7667.97,21486,13818.03
SHP_104923,SO_103617,WH_13,Rail,03-02-2024,2024/02/07,4,4.0,On Time,3701,4267.73,15983,11715.27
SHP_104924,SO_101138,WH_11,Air,03-10-2024,2024/10/13,3,10.0,Delayed,4519,5382.86,16393,11010.14
SHP_104925,SO_108791,WH_02,Sea,12-02-2024,2024/02/20,4,8.0,Delayed,1547,9556.11,37251,27694.89
SHP_104926,SO_102538,WH_05,Rail,03-02-2024,2024/02/12,4,9.0,Delayed,359,13690.08,47516,33825.92
SHP_104927,SO_101742,WH_09,Air,09-06-2024,2024/06/16,5,7.0,Delayed,690,15380.16,38800,23419.84
SHP_104928,SO_103532,WH_08,Sea,25-03-2024,2024/04/01,5,7.0,Delayed,3012,10302.17,30675,20372.83
SHP_104929,SO_109138,WH_03,Sea,21-01-2024,2024/01/30,7,9.0,Delayed,1500,8724.88,30141,21416.12
SHP_104930,SO_103363,WH_08,Rail,11-11-2024,2024/11/17,7,6.0,On Time,2946,10416.98,29132,18715.02
SHP_104931,SO_101195,WH_01,Rail,10-10-2024,2024/10/14,5,4.0,On Time,3557,17447.25,46156,28708.75
SHP_104932,SO_103367,WH_12,Rail,05-02-2024,2024/02/08,5,3.0,On Time,1143,10153.18,40925,30771.82
SHP_104933,SO_107625,WH_06,Rail,01-12-2024,2024/12/05,6,4.0,On Time,4237,14243.2,47695,33451.8
SHP_104934,SO_100629,WH_09,Road,18-10-2024,2024/10/24,3,6.0,Delayed,2554,7755.2,21760,14004.8
SHP_104935,SO_104269,WH_15,Air,13-12-2024,2024/12/21,4,8.0,Delayed,894,3945.54,17429,13483.46
SHP_104936,SO_105025,WH_05,Sea,20-09-2024,2024/09/22,3,2.0,On Time,228,11275.59,39875,28599.41
SHP_104937,SO_103624,WH_03,Rail,07-12-2024,2024/12/12,6,5.0,On Time,615,9574.07,38610,29035.93
SHP_104938,SO_100021,WH_04,Rail,13-02-2024,2024/02/19,6,6.0,On Time,4491,10715.69,42632,31916.31
SHP_104939,SO_107916,WH_13,Sea,30-11-2024,2024/12/02,7,2.0,On Time,4382,7479.57,20880,13400.43
SHP_104940,SO_106420,WH_06,Rail,10-05-2024,2024/05/18,3,8.0,Delayed,1312,7835.58,35124,27288.42
SHP_104941,SO_104783,WH_14,Sea,25-03-2024,2024/03/27,7,2.0,On Time,542,9963.63,38216,28252.37
SHP_104942,SO_108143,WH_06,Rail,19-01-2024,2024/01/23,4,,Delayed,3553,12177.51,34051,21873.49
SHP_104943,SO_104525,WH_07,Air,14-01-2024,2024/01/19,4,5.0,Delayed,788,4969.37,19740,14770.63
SHP_104944,SO_104074,WH_04,Rail,28-02-2024,2024/03/01,4,2.0,On Time,3053,3758.59,14708,10949.41
SHP_104945,SO_103358,WH_11,Air,28-10-2024,2024/10/30,5,2.0,On Time,2370,7645.35,23387,15741.65
SHP_104946,SO_105181,WH_12,Air,21-02-2024,2024/02/26,5,5.0,On Time,1324,4886.46,13200,8313.54
SHP_104947,SO_103755,WH_06,Sea,20-01-2024,2024/01/30,5,10.0,Delayed,2352,3643.39,17845,14201.61
SHP_104948,SO_108941,WH_12,Sea,20-11-2024,2024/11/22,7,2.0,On Time,4029,5198.8,23964,18765.2
SHP_104949,SO_103481,WH_10,Road,07-11-2024,2024/11/16,4,9.0,Delayed,2760,2222.28,11088,8865.72
SHP_104950,SO_104729,WH_12,Sea,09-09-2024,2024/09/18,5,9.0,Delayed,1862,2868.16,12372,9503.84
SHP_104951,SO_107638,WH_05,Road,27-11-2024,2024/12/01,4,,Delayed,1904,5204.65,20473,15268.35
SHP_104952,SO_102848,WH_05,Rail,16-12-2024,2024/12/22,4,6.0,Delayed,688,6363.4,31713,25349.6
SHP_104953,SO_108247,WH_01,Air,02-07-2024,2024/07/12,5,10.0,Delayed,4820,3073.28,10547,7473.72
SHP_104954,SO_108860,WH_05,Rail,27-03-2024,2024/03/29,7,2.0,On Time,4655,9010.8,25433,16422.2
SHP_104955,SO_105198,WH_05,Sea,13-12-2024,2024/12/17,5,4.0,On Time,3275,1773.71,5692,3918.29
SHP_104956,SO_109117,WH_01,Air,28-07-2024,2024/07/31,7,3.0,On Time,613,-13848.83,35903,49751.83
SHP_104957,SO_101404,WH_14,Rail,05-09-2024,2024/09/11,5,6.0,Delayed,523,12409.94,34060,21650.06
SHP_104958,SO_107188,WH_09,Sea,08-02-2024,2024/02/15,3,7.0,Delayed,1767,-4571.32,18338,22909.32
SHP_104959,SO_101078,WH_08,Rail,06-01-2024,2024/01/14,3,,Delayed,2573,4298.46,17954,13655.54
SHP_104960,SO_104176,WH_05,Rail,05-12-2024,2024/12/10,7,5.0,On Time,2889,2720.05,11789,9068.95
SHP_104961,SO_108572,WH_15,Rail,17-10-2024,2024/10/19,4,2.0,On Time,574,10902.53,40944,30041.47
SHP_104962,SO_108963,WH_13,Road,25-03-2024,2024/04/03,6,9.0,Delayed,4842,8277.2,28040,19762.8
SHP_104963,SO_100489,WH_07,Air,28-02-2024,2024/03/03,7,4.0,On Time,4890,6354.91,30651,24296.09
SHP_104964,SO_108547,WH_08,Rail,30-09-2024,2024/10/05,5,5.0,On Time,3591,14035.13,47757,33721.87
SHP_104965,SO_108099,WH_07,Rail,10-04-2024,2024/04/15,4,5.0,Delayed,1795,1939.91,6987,5047.09
SHP_104966,SO_105173,WH_06,Rail,11-07-2024,2024/07/15,4,4.0,On Time,4141,2751.7,6887,4135.3
SHP_104967,SO_106719,WH_02,Sea,13-10-2024,2024/10/22,4,9.0,Delayed,4608,1869.92,6548,4678.08
SHP_104968,SO_104934,WH_14,Air,25-01-2024,2024/02/04,4,10.0,Delayed,703,4713.71,17538,12824.29
SHP_104969,SO_108606,WH_05,Road,26-06-2024,2024/07/05,3,9.0,Delayed,1114,12296.65,37216,24919.35
SHP_104970,SO_102697,WH_09,Sea,27-09-2024,2024/10/07,6,10.0,Delayed,4320,16006.2,49697,33690.8
SHP_104971,SO_105944,WH_12,Road,29-03-2024,2024/04/06,7,8.0,Delayed,331,10846.52,27810,16963.48
SHP_104972,SO_105606,WH_08,Sea,07-12-2024,2024/12/12,6,5.0,On Time,328,11542.13,45327,33784.87
SHP_104973,SO_102020,WH_07,Road,05-07-2024,2024/07/14,5,9.0,Delayed,3978,12588.69,41854,29265.31
SHP_104974,SO_107302,WH_14,Sea,09-08-2024,2024/08/12,6,3.0,On Time,4256,16536.72,44902,28365.28
SHP_104975,SO_105977,WH_02,Sea,09-12-2024,2024/12/17,5,8.0,Delayed,4541,3121.34,8292,5170.66
SHP_104976,SO_100893,WH_14,Road,25-02-2024,2024/03/04,4,8.0,Delayed,4630,12022.49,36408,24385.51
SHP_104977,SO_109779,WH_14,Road,03-07-2024,2024/07/05,3,2.0,On Time,3205,1296.04,5447,4150.96
SHP_104978,SO_105432,WH_02,Air,05-10-2024,2024/10/09,7,4.0,On Time,4358,1581.01,5625,4043.99
SHP_104979,SO_103458,WH_14,Rail,27-05-2024,2024/05/29,5,2.0,On Time,3875,10172.93,34797,24624.07
SHP_104980,SO_107337,WH_06,Road,18-12-2024,2024/12/24,3,6.0,Delayed,2491,11003.01,39278,28274.99
SHP_104981,SO_102740,WH_14,Sea,15-12-2024,2024/12/19,3,4.0,Delayed,2538,1853.15,7488,5634.85
SHP_104982,SO_101165,WH_13,Rail,13-09-2024,2024/09/20,7,7.0,On Time,3701,11357.5,45530,34172.5
SHP_104983,SO_103645,WH_03,Sea,24-09-2024,2024/09/30,6,6.0,On Time,874,9046.1,27615,18568.9
SHP_104984,SO_103055,WH_07,Rail,19-06-2024,2024/06/24,4,5.0,Delayed,4557,4748.75,21345,16596.25
SHP_104985,SO_109962,WH_02,Sea,08-03-2024,2024/03/17,5,9.0,Delayed,2705,15095.63,40072,24976.37
SHP_104986,SO_109206,WH_09,Air,08-11-2024,2024/11/12,7,4.0,On Time,3812,7408.41,24167,16758.59
SHP_104987,SO_100954,WH_12,Air,10-03-2024,2024/03/20,3,10.0,Delayed,1080,8831.35,25818,16986.65
SHP_104988,SO_107694,WH_02,Sea,20-10-2024,2024/10/28,6,,Delayed,3268,1515.46,6193,4677.54
SHP_104989,SO_106117,WH_14,Air,29-09-2024,2024/10/05,7,6.0,On Time,2030,15301.77,46168,30866.23
SHP_104990,SO_105857,WH_15,Air,02-12-2024,2024/12/09,7,7.0,On Time,1306,4018.49,12386,8367.51
SHP_104991,SO_100935,WH_08,Rail,05-04-2024,2024/04/14,6,9.0,Delayed,4174,11717.18,33142,21424.82
SHP_104992,SO_101975,WH_14,Road,23-08-2024,2024/08/31,6,8.0,Delayed,3753,8451.92,38043,29591.08
SHP_104993,SO_109858,WH_09,Sea,14-08-2024,2024/08/22,3,8.0,Delayed,3253,4678.39,14833,10154.61
SHP_104994,SO_108436,WH_02,Sea,10-08-2024,2024/08/17,7,7.0,On Time,3453,10975.16,40756,29780.84
SHP_104995,SO_101216,WH_15,Air,29-08-2024,2024/08/31,4,2.0,On Time,4528,10638.48,39551,28912.52
SHP_104996,SO_107010,WH_10,Sea,16-11-2024,2024/11/24,4,8.0,Delayed,3128,11431.16,45979,34547.84
SHP_104997,SO_102808,WH_04,Rail,23-08-2024,2024/08/30,7,7.0,On Time,3692,2670.17,12687,10016.83
SHP_104998,SO_101640,WH_14,Road,10-04-2024,2024/04/14,5,4.0,On Time,2927,7212.38,21626,14413.62
SHP_104999,SO_101279,WH_04,Sea,14-06-2024,2024/06/16,6,2.0,On Time,4010,8090.4,38868,30777.6
SHP_105000,SO_108570,WH_03,Road,17-10-2024,2024/10/20,6,3.0,On Time,1706,3586.96,16296,12709.04
SHP_105001,SO_105859,WH_07,Road,25-11-2024,2024/12/05,3,10.0,Delayed,445,4721.48,11887,7165.52
SHP_105002,SO_104684,WH_02,Sea,02-07-2024,2024/07/10,3,8.0,Delayed,4625,18480.76,48304,29823.24
SHP_105003,SO_104797,WH_06,Road,18-12-2024,2024/12/20,4,2.0,On Time,3730,8036.78,33775,25738.22
SHP_105004,SO_100130,WH_01,Air,14-03-2024,2024/03/19,5,5.0,On Time,2915,14055.33,48427,34371.67
SHP_105005,SO_109477,WH_15,Air,02-09-2024,2024/09/07,5,5.0,On Time,795,9962.93,29545,19582.07
SHP_105006,SO_100356,WH_03,Air,01-08-2024,2024/08/08,3,7.0,Delayed,4307,9362.83,34078,24715.17
SHP_105007,SO_109815,WH_02,Sea,30-01-2024,2024/02/05,3,6.0,Delayed,792,11193.2,35019,23825.8
SHP_105008,SO_100953,WH_02,Air,15-04-2024,2024/04/23,5,8.0,Delayed,1069,9302.26,23890,14587.74
SHP_105009,SO_101119,WH_11,Air,20-04-2024,2024/04/22,3,2.0,On Time,2547,10344.65,47321,36976.35
SHP_105010,SO_106463,WH_13,Road,22-11-2024,2024/11/25,7,3.0,On Time,4251,9704.15,37882,28177.85
SHP_105011,SO_100574,WH_09,Rail,02-12-2024,2024/12/08,6,6.0,On Time,1203,-12101.16,35877,47978.16
SHP_105012,SO_101089,WH_08,Sea,07-07-2024,2024/07/13,7,6.0,On Time,4693,10511.82,27053,16541.18
SHP_105013,SO_107094,WH_07,Road,14-12-2024,2024/12/20,6,6.0,On Time,4949,12402.5,33640,21237.5
SHP_105014,SO_106066,WH_13,Rail,23-07-2024,2024/07/28,3,5.0,Delayed,1870,15054.98,40660,25605.02
SHP_105015,SO_105754,WH_13,Rail,07-04-2024,2024/04/12,4,5.0,Delayed,4054,8017.24,20533,12515.76
SHP_105016,SO_100313,WH_04,Sea,14-08-2024,2024/08/18,4,4.0,On Time,2045,2093.66,10013,7919.34
SHP_105017,SO_102060,WH_06,Air,21-12-2024,2024/12/29,4,8.0,Delayed,1087,11599.44,44270,32670.56
SHP_105018,SO_106920,WH_03,Sea,01-05-2024,2024/05/10,3,9.0,Delayed,3618,6785.6,21188,14402.4
SHP_105019,SO_109383,WH_11,Air,29-04-2024,2024/05/04,6,5.0,On Time,4013,8270.5,38274,30003.5
SHP_105020,SO_104101,WH_05,Air,09-10-2024,2024/10/17,5,8.0,Delayed,1545,2855.48,7960,5104.52
SHP_105021,SO_104038,WH_06,Sea,14-09-2024,2024/09/22,5,8.0,Delayed,700,9177.23,37034,27856.77
SHP_105022,SO_109410,WH_09,Road,15-08-2024,2024/08/21,4,6.0,Delayed,823,2645.97,6652,4006.03
SHP_105023,SO_100958,WH_15,Sea,05-04-2024,2024/04/12,7,7.0,On Time,767,14760.01,45647,30886.99
SHP_105024,SO_108728,WH_12,Rail,17-08-2024,2024/08/24,4,7.0,Delayed,3093,12201.38,46333,34131.62
SHP_105025,SO_101170,WH_03,Air,15-09-2024,2024/09/19,7,4.0,On Time,1804,14640.03,44651,30010.97
SHP_105026,SO_106704,WH_12,Rail,04-12-2024,2024/12/06,6,2.0,On Time,3388,1677.96,7995,6317.04
SHP_105027,SO_100017,WH_08,Rail,26-07-2024,2024/08/03,4,8.0,Delayed,1774,16640.68,49126,32485.32
SHP_105028,SO_108619,WH_06,Air,08-03-2024,2024/03/15,6,7.0,Delayed,228,5981.06,27799,21817.94
SHP_105029,SO_106730,WH_04,Sea,06-11-2024,2024/11/16,4,10.0,Delayed,4165,5896.54,23696,17799.46
SHP_105030,SO_106880,WH_02,Sea,12-01-2024,2024/01/17,7,5.0,On Time,3916,15593.55,47410,31816.45
SHP_105031,SO_106348,WH_08,Air,05-04-2024,2024/04/09,5,4.0,On Time,4154,3217.34,8454,5236.66
SHP_105032,SO_109147,WH_02,Sea,16-10-2024,2024/10/21,4,5.0,Delayed,4662,12626.2,46985,34358.8
SHP_105033,SO_101883,WH_14,Sea,08-12-2024,2024/12/15,5,7.0,Delayed,3886,3279.68,11966,8686.32
SHP_105034,SO_102840,WH_12,Air,15-01-2024,2024/01/19,5,4.0,On Time,280,11793.57,47566,35772.43
SHP_105035,SO_106432,WH_09,Rail,26-05-2024,2024/06/04,4,9.0,Delayed,4757,7624.2,24333,16708.8
SHP_105036,SO_105623,WH_06,Rail,15-01-2024,2024/01/19,7,4.0,On Time,2029,6088.36,18786,12697.64
SHP_105037,SO_102614,WH_15,Road,22-06-2024,2024/06/25,5,3.0,On Time,2045,2248.58,6741,4492.42
SHP_105038,SO_104892,WH_03,Rail,13-06-2024,2024/06/17,3,4.0,Delayed,1308,3716.68,11454,7737.32
SHP_105039,SO_109274,WH_12,Air,16-09-2024,2024/09/24,3,8.0,Delayed,2870,8395.64,23620,15224.36
SHP_105040,SO_105666,WH_09,Road,01-05-2024,2024/05/11,4,10.0,Delayed,405,6287.91,21571,15283.09
SHP_105041,SO_107966,WH_10,Air,26-01-2024,2024/01/28,6,2.0,On Time,4333,4912.66,22299,17386.34
SHP_105042,SO_108636,WH_05,Air,02-01-2024,2024/01/07,5,,Delayed,3925,3173.86,8095,4921.14
SHP_105043,SO_106222,WH_07,Sea,15-02-2024,2024/02/24,6,9.0,Delayed,4247,6678.5,18181,11502.5
SHP_105044,SO_107550,WH_13,Road,10-07-2024,2024/07/15,6,5.0,On Time,3394,4539.87,19904,15364.13
SHP_105045,SO_106215,WH_12,Rail,22-08-2024,2024/09/01,4,10.0,Delayed,3857,13428.39,35685,22256.61
SHP_105046,SO_103700,WH_14,Sea,11-12-2024,2024/12/13,4,2.0,On Time,3805,2279.63,11268,8988.37
SHP_105047,SO_108328,WH_03,Rail,25-10-2024,2024/10/28,6,3.0,On Time,3087,3292.16,14584,11291.84
SHP_105048,SO_109002,WH_14,Air,26-08-2024,2024/09/05,7,10.0,Delayed,1530,1652.38,7810,6157.62
SHP_105049,SO_107988,WH_02,Rail,13-12-2024,2024/12/19,7,6.0,On Time,1342,10707.37,27869,17161.63
SHP_105050,SO_100651,WH_10,Road,29-07-2024,2024/08/05,6,7.0,Delayed,3932,4809.89,18945,14135.11
SHP_105051,SO_101910,WH_09,Road,28-12-2024,2025/01/02,5,5.0,On Time,4091,3259.96,15105,11845.04
SHP_105052,SO_104575,WH_12,Rail,19-06-2024,2024/06/25,4,6.0,Delayed,4668,9995.07,26208,16212.93
SHP_105053,SO_100860,WH_07,Sea,09-05-2024,2024/05/13,7,4.0,On Time,2547,12578.77,39328,26749.23
SHP_105054,SO_107237,WH_13,Road,08-04-2024,2024/04/16,7,8.0,Delayed,4385,14229.29,37392,23162.71
SHP_105055,SO_108885,WH_12,Air,10-04-2024,2024/04/19,4,9.0,Delayed,4525,16271.99,44917,28645.01
SHP_105056,SO_107162,WH_11,Road,30-12-2024,2025/01/05,5,6.0,Delayed,3814,3044.87,8112,5067.13
SHP_105057,SO_103833,WH_09,Air,11-09-2024,2024/09/15,3,4.0,Delayed,1234,12847.09,40939,28091.91
SHP_105058,SO_104603,WH_13,Road,21-09-2024,2024/09/30,5,9.0,Delayed,1461,5565.13,19124,13558.87
SHP_105059,SO_106978,WH_10,Sea,25-08-2024,2024/09/03,4,9.0,Delayed,545,13218.82,38976,25757.18
SHP_105060,SO_105330,WH_01,Rail,04-12-2024,2024/12/14,6,10.0,Delayed,1933,11207.19,32977,21769.81
SHP_105061,SO_104531,WH_05,Air,08-02-2024,2024/02/17,6,9.0,Delayed,4769,3822.83,14247,10424.17
SHP_105062,SO_107905,WH_03,Road,16-06-2024,2024/06/25,5,9.0,Delayed,2371,-9783.88,37391,47174.88
SHP_105063,SO_108129,WH_11,Sea,25-09-2024,2024/09/30,4,5.0,Delayed,2544,9062.6,29509,20446.4
SHP_105064,SO_104041,WH_02,Road,27-05-2024,2024/05/29,4,2.0,On Time,3005,3491.62,9837,6345.38
SHP_105065,SO_101375,WH_12,Road,03-07-2024,2024/07/06,4,3.0,On Time,3151,5559.48,14806,9246.52
SHP_105066,SO_104363,WH_02,Road,12-05-2024,2024/05/16,5,4.0,On Time,2879,6125.16,17446,11320.84
SHP_105067,SO_109095,WH_09,Air,17-02-2024,2024/02/23,3,6.0,Delayed,3442,8255.91,39347,31091.09
SHP_105068,SO_103707,WH_11,Sea,13-12-2024,2024/12/15,5,2.0,On Time,3671,10353.17,41344,30990.83
SHP_105069,SO_109976,WH_03,Rail,14-12-2024,2024/12/22,6,8.0,Delayed,2862,3337.02,14013,10675.98
SHP_105070,SO_106488,WH_02,Rail,22-11-2024,2024/11/29,7,7.0,On Time,3160,5202.83,22494,17291.17
SHP_105071,SO_109822,WH_03,Sea,24-11-2024,2024/11/29,4,5.0,Delayed,3704,8710.79,23434,14723.21
SHP_105072,SO_107532,WH_09,Road,14-04-2024,2024/04/24,4,10.0,Delayed,4981,10338.3,44578,34239.7
SHP_105073,SO_108348,WH_12,Sea,05-05-2024,2024/05/15,4,10.0,Delayed,2249,12253.2,32788,20534.8
SHP_105074,SO_101312,WH_02,Sea,25-11-2024,2024/12/04,6,9.0,Delayed,1753,4731.12,13159,8427.88
SHP_105075,SO_107191,WH_11,Rail,20-02-2024,2024/02/24,7,4.0,On Time,2976,3162.22,15536,12373.78
SHP_105076,SO_108849,WH_11,Air,17-02-2024,2024/02/23,5,6.0,Delayed,769,7055.42,26569,19513.58
SHP_105077,SO_101331,WH_08,Sea,23-04-2024,2024/04/28,6,5.0,On Time,2985,4316.2,18265,13948.8
SHP_105078,SO_105456,WH_15,Road,28-01-2024,2024/02/01,3,4.0,Delayed,3052,16473.56,41932,25458.44
SHP_105079,SO_100247,WH_02,Rail,30-12-2024,2025/01/08,6,9.0,Delayed,1101,13533.25,35689,22155.75
SHP_105080,SO_103259,WH_10,Rail,04-06-2024,2024/06/11,5,7.0,Delayed,2108,15703.7,40713,25009.3
SHP_105081,SO_104843,WH_08,Road,01-09-2024,2024/09/11,6,10.0,Delayed,4133,19615.97,49131,29515.03
SHP_105082,SO_103436,WH_09,Air,31-08-2024,2024/09/07,5,7.0,Delayed,4087,3277.11,12877,9599.89
SHP_105083,SO_101068,WH_07,Rail,27-01-2024,2024/01/29,3,2.0,On Time,4711,8823.5,41212,32388.5
SHP_105084,SO_106969,WH_09,Air,09-10-2024,2024/10/18,4,9.0,Delayed,939,7154.27,33839,26684.73
SHP_105085,SO_109435,WH_06,Air,30-07-2024,2024/08/01,7,2.0,On Time,2976,5984.68,27732,21747.32
SHP_105086,SO_106700,WH_07,Air,19-06-2024,2024/06/27,6,8.0,Delayed,1028,6354.65,18913,12558.35
SHP_105087,SO_105785,WH_12,Air,25-09-2024,2024/10/05,5,10.0,Delayed,1382,4980.15,21582,16601.85
SHP_105088,SO_104810,WH_05,Road,18-01-2024,2024/01/21,6,3.0,On Time,4635,2484.83,12025,9540.17
SHP_105089,SO_108541,WH_15,Road,07-11-2024,2024/11/13,6,6.0,On Time,1876,9489.89,24372,14882.11
SHP_105090,SO_105847,WH_12,Air,28-07-2024,2024/07/31,5,3.0,On Time,392,14797.12,37689,22891.88
SHP_105091,SO_107209,WH_09,Sea,23-11-2024,2024/11/28,5,5.0,On Time,4620,5800.95,19034,13233.05
SHP_105092,SO_105289,WH_09,Road,27-07-2024,2024/08/03,6,7.0,Delayed,3467,9757.21,38815,29057.79
SHP_105093,SO_103881,WH_15,Sea,08-08-2024,2024/08/10,3,2.0,On Time,1827,7510.97,23829,16318.03
SHP_105094,SO_107593,WH_03,Rail,31-03-2024,2024/04/03,5,3.0,On Time,4022,17145.73,45097,27951.27
SHP_105095,SO_101875,WH_15,Sea,31-07-2024,2024/08/09,7,9.0,Delayed,3030,2267.73,9103,6835.27
SHP_105096,SO_101436,WH_01,Sea,10-11-2024,2024/11/20,3,10.0,Delayed,678,2277.91,9376,7098.09
SHP_105097,SO_100982,WH_07,Road,07-09-2024,2024/09/13,4,6.0,Delayed,2679,18189.68,48188,29998.32
SHP_105098,SO_108350,WH_09,Road,17-05-2024,2024/05/25,4,8.0,Delayed,3161,16992.97,42741,25748.03
SHP_105099,SO_106027,WH_01,Air,01-12-2024,2024/12/09,5,8.0,Delayed,3292,6262.58,21488,15225.42
SHP_105100,SO_107130,WH_13,Rail,24-09-2024,2024/09/28,6,4.0,On Time,4998,5947.06,15492,9544.94
SHP_105101,SO_107027,WH_06,Air,13-11-2024,2024/11/23,3,10.0,Delayed,4440,7553.4,23919,16365.6
SHP_105102,SO_102463,WH_14,Rail,20-01-2024,2024/01/27,4,7.0,Delayed,1125,12474.74,36414,23939.26
SHP_105103,SO_107061,WH_02,Rail,23-04-2024,2024/04/26,3,3.0,On Time,2802,13816.47,34861,21044.53
SHP_105104,SO_104986,WH_10,Road,28-05-2024,2024/05/31,3,3.0,On Time,2329,9452.82,26001,16548.18
SHP_105105,SO_107274,WH_13,Air,09-09-2024,2024/09/17,5,8.0,Delayed,2176,7901.32,28828,20926.68
SHP_105106,SO_107231,WH_15,Air,26-11-2024,2024/11/29,5,3.0,On Time,3540,14721.95,42246,27524.05
SHP_105107,SO_103999,WH_03,Road,03-04-2024,2024/04/05,4,2.0,On Time,4673,9907.76,43055,33147.24
SHP_105108,SO_100585,WH_12,Air,17-07-2024,2024/07/24,3,7.0,Delayed,876,2478.78,6430,3951.22
SHP_105109,SO_103458,WH_13,Air,22-12-2024,2024/12/29,3,7.0,Delayed,2858,8131.39,23840,15708.61
SHP_105110,SO_103717,WH_10,Rail,17-03-2024,2024/03/26,4,9.0,Delayed,2532,9332.38,44556,35223.62
SHP_105111,SO_107403,WH_01,Road,31-12-2024,2025/01/10,3,10.0,Delayed,1344,5668.87,26674,21005.13
SHP_105112,SO_106045,WH_11,Sea,17-01-2024,2024/01/23,4,6.0,Delayed,703,2432.12,10256,7823.88
SHP_105113,SO_100767,WH_05,Rail,08-12-2024,2024/12/16,3,8.0,Delayed,777,3723.34,15682,11958.66
SHP_105114,SO_108714,WH_06,Road,22-05-2024,2024/05/26,6,4.0,On Time,3930,4399.04,17083,12683.96
SHP_105115,SO_102836,WH_11,Road,21-04-2024,2024/04/30,7,9.0,Delayed,1022,2406.05,11785,9378.95
SHP_105116,SO_106722,WH_10,Air,09-01-2024,2024/01/18,7,9.0,Delayed,3965,8065.14,29505,21439.86
SHP_105117,SO_108103,WH_14,Road,06-04-2024,2024/04/08,7,2.0,On Time,1848,2846.05,9322,6475.95
SHP_105118,SO_101299,WH_14,Rail,11-09-2024,2024/09/13,6,2.0,On Time,3056,11554.93,36056,24501.07
SHP_105119,SO_101976,WH_09,Rail,03-06-2024,2024/06/08,5,5.0,On Time,4235,17066.92,44268,27201.08
SHP_105120,SO_102926,WH_09,Rail,03-11-2024,2024/11/10,6,7.0,Delayed,2521,6047.89,18668,12620.11
SHP_105121,SO_102969,WH_15,Air,11-02-2024,2024/02/21,7,10.0,Delayed,2270,4899.81,20578,15678.19
SHP_105122,SO_103723,WH_06,Rail,14-08-2024,2024/08/23,3,9.0,Delayed,1424,9575.78,24499,14923.22
SHP_105123,SO_101816,WH_10,Road,18-02-2024,2024/02/25,6,7.0,Delayed,1727,9208.24,30900,21691.76
SHP_105124,SO_104855,WH_05,Air,02-04-2024,2024/04/07,5,5.0,On Time,3152,11415.33,28580,17164.67
SHP_105125,SO_104923,WH_07,Sea,04-01-2024,2024/01/09,4,5.0,Delayed,1228,11132.76,35977,24844.24
SHP_105126,SO_106392,WH_05,Rail,13-09-2024,2024/09/19,5,6.0,Delayed,2486,2863.68,11277,8413.32
SHP_105127,SO_100267,WH_05,Air,02-07-2024,2024/07/06,5,4.0,On Time,3210,5682.17,14322,8639.83
SHP_105128,SO_108658,WH_13,Air,16-04-2024,2024/04/21,5,5.0,On Time,1118,5184.61,14511,9326.39
SHP_105129,SO_100153,WH_05,Road,13-05-2024,2024/05/19,6,6.0,On Time,1235,2921.75,8596,5674.25
SHP_105130,SO_101789,WH_15,Sea,12-03-2024,2024/03/20,7,8.0,Delayed,2063,1714.23,6432,4717.77
SHP_105131,SO_105075,WH_09,Road,30-03-2024,2024/04/09,3,10.0,Delayed,3648,3501.48,11754,8252.52
SHP_105132,SO_108689,WH_11,Rail,25-05-2024,2024/06/01,7,7.0,On Time,2922,3121.71,8101,4979.29
SHP_105133,SO_105435,WH_07,Sea,05-10-2024,2024/10/12,3,7.0,Delayed,2651,10313.57,33965,23651.43
SHP_105134,SO_108318,WH_08,Sea,02-12-2024,2024/12/04,3,2.0,On Time,1889,10425.56,45925,35499.44
SHP_105135,SO_103421,WH_10,Rail,25-05-2024,2024/06/04,6,10.0,Delayed,4943,3236.43,10363,7126.57
SHP_105136,SO_104368,WH_14,Sea,29-01-2024,2024/02/06,5,8.0,Delayed,3698,5750.56,27656,21905.44
SHP_105137,SO_107710,WH_01,Road,27-08-2024,2024/09/03,7,7.0,On Time,2749,6592.0,17685,11093.0
SHP_105138,SO_105375,WH_10,Road,20-05-2024,2024/05/29,7,9.0,Delayed,790,10010.4,49526,39515.6
SHP_105139,SO_107635,WH_04,Rail,14-01-2024,2024/01/19,5,5.0,On Time,2803,4442.0,20409,15967.0
SHP_105140,SO_108943,WH_06,Sea,22-03-2024,2024/03/26,7,4.0,On Time,3601,14351.4,44674,30322.6
SHP_105141,SO_107050,WH_01,Air,02-02-2024,2024/02/10,4,8.0,Delayed,3836,3825.35,10659,6833.65
SHP_105142,SO_108813,WH_10,Air,20-02-2024,2024/02/27,3,7.0,Delayed,2436,3866.55,10295,6428.45
SHP_105143,SO_107336,WH_04,Rail,23-08-2024,2024/09/01,3,9.0,Delayed,1799,5642.27,15766,10123.73
SHP_105144,SO_104584,WH_07,Sea,31-03-2024,2024/04/05,4,5.0,Delayed,1109,13878.68,42504,28625.32
SHP_105145,SO_102261,WH_02,Rail,13-10-2024,2024/10/18,6,5.0,On Time,4035,8723.63,33153,24429.37
SHP_105146,SO_107177,WH_09,Rail,30-01-2024,2024/02/07,7,,Delayed,414,11939.01,35386,23446.99
SHP_105147,SO_109138,WH_13,Road,26-12-2024,2024/12/29,3,3.0,On Time,4709,16216.4,46253,30036.6
SHP_105148,SO_104818,WH_07,Rail,29-05-2024,2024/05/31,4,2.0,On Time,4259,1834.77,5322,3487.23
SHP_105149,SO_107704,WH_07,Air,07-09-2024,2024/09/09,7,2.0,On Time,1576,5505.02,20277,14771.98
SHP_105150,SO_102063,WH_11,Air,18-03-2024,2024/03/20,5,2.0,On Time,4917,9977.13,25747,15769.87
SHP_105151,SO_107605,WH_15,Rail,13-01-2024,2024/01/16,5,3.0,On Time,4622,7694.58,19238,11543.42
SHP_105152,SO_107749,WH_09,Sea,15-09-2024,2024/09/18,4,3.0,On Time,2617,11685.4,34991,23305.6
SHP_105153,SO_103747,WH_01,Rail,12-10-2024,2024/10/20,5,8.0,Delayed,3633,5989.88,23778,17788.12
SHP_105154,SO_106871,WH_06,Air,21-04-2024,2024/05/01,6,10.0,Delayed,697,15526.94,45817,30290.06
SHP_105155,SO_100478,WH_06,Road,16-03-2024,2024/03/23,7,7.0,On Time,275,2367.51,7228,4860.49
SHP_105156,SO_100222,WH_05,Sea,16-10-2024,2024/10/19,6,3.0,On Time,1395,4226.6,12598,8371.4
SHP_105157,SO_109664,WH_07,Sea,12-04-2024,2024/04/16,5,4.0,On Time,4827,2792.93,8700,5907.07
SHP_105158,SO_103915,WH_03,Rail,01-11-2024,2024/11/04,4,3.0,On Time,1559,2141.65,7859,5717.35
SHP_105159,SO_101485,WH_09,Road,18-09-2024,2024/09/25,7,7.0,On Time,4204,7470.47,31062,23591.53
SHP_105160,SO_106346,WH_03,Rail,23-02-2024,2024/03/02,4,8.0,Delayed,2105,14411.84,37396,22984.16
SHP_105161,SO_104041,WH_15,Rail,22-08-2024,2024/08/25,7,3.0,On Time,806,14596.73,37282,22685.27
SHP_105162,SO_101455,WH_03,Sea,28-05-2024,2024/06/01,5,4.0,On Time,1182,10419.63,37399,26979.37
SHP_105163,SO_102278,WH_02,Rail,22-03-2024,2024/04/01,3,10.0,Delayed,750,15297.63,49226,33928.37
SHP_105164,SO_109163,WH_15,Sea,06-08-2024,2024/08/10,5,4.0,On Time,474,12466.8,44123,31656.2
SHP_105165,SO_107840,WH_14,Road,13-06-2024,2024/06/22,4,9.0,Delayed,3797,2578.1,7814,5235.9
SHP_105166,SO_105724,WH_06,Air,06-09-2024,2024/09/11,5,5.0,On Time,1410,12109.51,33656,21546.49
SHP_105167,SO_107038,WH_01,Rail,08-03-2024,2024/03/10,4,2.0,On Time,1552,10687.92,47392,36704.08
SHP_105168,SO_108689,WH_15,Air,30-08-2024,2024/09/08,3,9.0,Delayed,4530,12646.12,40169,27522.88
SHP_105169,SO_106383,WH_14,Sea,03-03-2024,2024/03/12,3,9.0,Delayed,3497,16968.36,43178,26209.64
SHP_105170,SO_101368,WH_09,Air,03-02-2024,2024/02/09,3,6.0,Delayed,1558,8872.18,27359,18486.82
SHP_105171,SO_102085,WH_02,Sea,27-04-2024,2024/05/07,7,10.0,Delayed,907,11458.48,39311,27852.52
SHP_105172,SO_107059,WH_14,Sea,23-03-2024,2024/03/26,4,3.0,On Time,4817,4874.21,12952,8077.79
SHP_105173,SO_101234,WH_01,Road,30-03-2024,2024/04/09,5,10.0,Delayed,1545,5433.52,17066,11632.48
SHP_105174,SO_108524,WH_13,Air,10-01-2024,2024/01/20,4,10.0,Delayed,2929,6750.6,33530,26779.4
SHP_105175,SO_100096,WH_09,Sea,01-09-2024,2024/09/03,5,2.0,On Time,2689,3069.6,15207,12137.4
SHP_105176,SO_100088,WH_13,Road,04-01-2024,2024/01/08,3,4.0,Delayed,783,3168.55,14697,11528.45
SHP_105177,SO_101749,WH_08,Air,17-10-2024,2024/10/19,3,2.0,On Time,663,9944.84,31321,21376.16
SHP_105178,SO_101598,WH_07,Rail,14-11-2024,2024/11/17,6,3.0,On Time,4019,15794.78,48785,32990.22
SHP_105179,SO_101838,WH_07,Sea,02-12-2024,2024/12/10,4,8.0,Delayed,4885,8995.68,34696,25700.32
SHP_105180,SO_106100,WH_11,Sea,18-12-2024,2024/12/23,5,5.0,On Time,4166,14976.77,40884,25907.23
SHP_105181,SO_107410,WH_03,Sea,28-07-2024,2024/08/03,4,6.0,Delayed,4343,8607.03,27562,18954.97
SHP_105182,SO_100935,WH_09,Sea,19-11-2024,2024/11/24,7,5.0,On Time,3693,6586.5,22616,16029.5
SHP_105183,SO_104168,WH_11,Rail,25-03-2024,2024/04/03,7,9.0,Delayed,218,9189.16,27087,17897.84
SHP_105184,SO_103091,WH_02,Air,28-09-2024,2024/10/08,5,10.0,Delayed,4396,11691.93,38374,26682.07
SHP_105185,SO_106888,WH_02,Road,19-05-2024,2024/05/25,5,6.0,Delayed,1098,1822.63,8552,6729.37
SHP_105186,SO_108387,WH_12,Air,17-04-2024,2024/04/24,5,7.0,Delayed,818,4003.9,12899,8895.1
SHP_105187,SO_109344,WH_07,Sea,04-06-2024,2024/06/06,4,2.0,On Time,4961,3910.4,16510,12599.6
SHP_105188,SO_105940,WH_01,Air,24-01-2024,2024/01/31,6,7.0,Delayed,284,9038.2,41669,32630.8
SHP_105189,SO_107515,WH_08,Road,28-07-2024,2024/08/02,6,5.0,On Time,4632,5691.03,19565,13873.97
SHP_105190,SO_109137,WH_12,Air,16-09-2024,2024/09/19,3,3.0,On Time,3339,4052.17,13108,9055.83
SHP_105191,SO_100356,WH_10,Sea,13-09-2024,2024/09/16,6,3.0,On Time,694,18400.43,46053,27652.57
SHP_105192,SO_108546,WH_01,Air,30-07-2024,2024/08/09,7,10.0,Delayed,1846,8490.21,21588,13097.79
SHP_105193,SO_100926,WH_12,Air,30-09-2024,2024/10/08,3,8.0,Delayed,3166,13134.02,48770,35635.98
SHP_105194,SO_100216,WH_06,Road,04-04-2024,2024/04/08,5,4.0,On Time,3719,6675.3,31141,24465.7
SHP_105195,SO_104286,WH_09,Air,22-05-2024,2024/05/26,7,4.0,On Time,4097,11296.38,34471,23174.62
SHP_105196,SO_106756,WH_15,Air,25-08-2024,2024/08/27,3,2.0,On Time,3855,10456.29,29941,19484.71
SHP_105197,SO_104791,WH_09,Sea,04-11-2024,2024/11/14,4,,Delayed,4538,5814.9,22061,16246.1
SHP_105198,SO_109610,WH_04,Air,11-03-2024,2024/03/13,7,2.0,On Time,1118,6453.72,21956,15502.28
SHP_105199,SO_103598,WH_12,Rail,24-03-2024,2024/03/31,3,7.0,Delayed,4192,12872.52,40987,28114.48
SHP_105200,SO_108086,WH_15,Rail,08-08-2024,2024/08/17,7,9.0,Delayed,1492,1367.37,6693,5325.63
SHP_105201,SO_108094,WH_13,Road,05-02-2024,2024/02/09,5,4.0,On Time,282,7934.5,24095,16160.5
SHP_105202,SO_105942,WH_01,Road,22-08-2024,2024/09/01,3,10.0,Delayed,569,6798.5,24033,17234.5
SHP_105203,SO_109881,WH_11,Air,17-04-2024,2024/04/26,6,9.0,Delayed,4004,6114.33,18577,12462.67
SHP_105204,SO_107593,WH_06,Air,04-11-2024,2024/11/07,4,3.0,On Time,2467,7260.66,30222,22961.34
SHP_105205,SO_101580,WH_11,Sea,03-04-2024,2024/04/07,6,4.0,On Time,4058,1795.95,6632,4836.05
SHP_105206,SO_101636,WH_01,Air,26-07-2024,2024/08/04,5,9.0,Delayed,3762,-2842.08,12833,15675.08
SHP_105207,SO_105415,WH_06,Sea,09-10-2024,2024/10/18,4,9.0,Delayed,4821,1750.96,7877,6126.04
SHP_105208,SO_106374,WH_15,Road,30-05-2024,2024/06/06,4,7.0,Delayed,3515,10682.97,27911,17228.03
SHP_105209,SO_100099,WH_03,Rail,22-06-2024,2024/07/02,3,10.0,Delayed,413,5882.17,20659,14776.83
SHP_105210,SO_107783,WH_12,Road,20-12-2024,2024/12/28,7,8.0,Delayed,3168,13041.18,35071,22029.82
SHP_105211,SO_106552,WH_08,Air,11-02-2024,2024/02/16,4,5.0,Delayed,1909,5110.24,20039,14928.76
SHP_105212,SO_109277,WH_05,Road,04-09-2024,2024/09/08,5,4.0,On Time,2468,7292.07,25494,18201.93
SHP_105213,SO_105341,WH_13,Air,11-07-2024,2024/07/20,3,9.0,Delayed,1533,11860.8,49929,38068.2
SHP_105214,SO_109313,WH_01,Road,09-10-2024,2024/10/16,4,7.0,Delayed,1072,5107.72,25388,20280.28
SHP_105215,SO_104745,WH_07,Air,16-12-2024,2024/12/25,4,9.0,Delayed,4471,5818.99,15820,10001.01
SHP_105216,SO_107005,WH_15,Air,29-08-2024,2024/09/06,3,8.0,Delayed,4964,16396.64,45030,28633.36
SHP_105217,SO_106013,WH_06,Road,03-08-2024,2024/08/11,5,8.0,Delayed,2632,12910.25,40859,27948.75
SHP_105218,SO_108933,WH_03,Road,14-10-2024,2024/10/16,7,2.0,On Time,563,2676.98,7205,4528.02
SHP_105219,SO_109440,WH_04,Air,31-03-2024,2024/04/10,6,10.0,Delayed,2663,10229.23,26444,16214.77
SHP_105220,SO_108330,WH_02,Rail,15-04-2024,2024/04/19,6,4.0,On Time,462,11580.89,44046,32465.11
SHP_105221,SO_104331,WH_03,Sea,18-11-2024,2024/11/23,3,5.0,Delayed,209,1571.39,5661,4089.61
SHP_105222,SO_104398,WH_02,Air,26-11-2024,2024/11/29,4,3.0,On Time,2181,7477.7,24670,17192.3
SHP_105223,SO_107536,WH_04,Sea,07-03-2024,2024/03/14,3,7.0,Delayed,3413,7643.81,21970,14326.19
SHP_105224,SO_104406,WH_02,Rail,19-07-2024,2024/07/27,5,8.0,Delayed,2834,4410.56,12613,8202.44
SHP_105225,SO_102858,WH_06,Sea,11-01-2024,2024/01/16,6,5.0,On Time,2607,1756.75,5836,4079.25
SHP_105226,SO_100134,WH_12,Road,15-11-2024,2024/11/25,4,10.0,Delayed,722,4930.55,15591,10660.45
SHP_105227,SO_109073,WH_10,Rail,06-01-2024,2024/01/11,4,5.0,Delayed,3772,11589.68,29289,17699.32
SHP_105228,SO_105391,WH_07,Sea,15-05-2024,2024/05/21,3,6.0,Delayed,517,18199.61,45626,27426.39
SHP_105229,SO_107754,WH_08,Rail,18-02-2024,2024/02/28,5,10.0,Delayed,4264,5604.89,14257,8652.11
SHP_105230,SO_100765,WH_10,Road,02-04-2024,2024/04/12,4,10.0,Delayed,1296,11399.55,43059,31659.45
SHP_105231,SO_107932,WH_15,Sea,02-08-2024,2024/08/12,5,10.0,Delayed,221,14947.95,46907,31959.05
SHP_105232,SO_107229,WH_06,Air,12-05-2024,2024/05/16,3,4.0,Delayed,1061,11023.13,30755,19731.87
SHP_105233,SO_109062,WH_02,Sea,16-12-2024,2024/12/24,6,8.0,Delayed,3917,7731.1,24617,16885.9
SHP_105234,SO_108493,WH_12,Sea,16-12-2024,2024/12/21,4,5.0,Delayed,1093,11334.15,45381,34046.85
SHP_105235,SO_100979,WH_08,Air,06-05-2024,2024/05/12,5,6.0,Delayed,1225,16018.81,49774,33755.19
SHP_105236,SO_108110,WH_01,Rail,10-11-2024,2024/11/17,3,7.0,Delayed,3681,10500.02,47774,37273.98
SHP_105237,SO_102984,WH_05,Sea,02-02-2024,2024/02/11,6,9.0,Delayed,2911,10405.18,42526,32120.82
SHP_105238,SO_105033,WH_01,Air,10-07-2024,2024/07/17,6,7.0,Delayed,4031,2545.55,12163,9617.45
SHP_105239,SO_105322,WH_01,Air,14-06-2024,2024/06/23,6,9.0,Delayed,1478,2176.35,5707,3530.65
SHP_105240,SO_103237,WH_12,Air,13-04-2024,2024/04/22,4,9.0,Delayed,4928,17637.89,47607,29969.11
SHP_105241,SO_108997,WH_11,Road,17-01-2024,2024/01/23,5,6.0,Delayed,712,2692.18,13237,10544.82
SHP_105242,SO_102812,WH_10,Rail,17-05-2024,2024/05/26,4,9.0,Delayed,4781,1875.61,7800,5924.39
SHP_105243,SO_107611,WH_06,Road,13-08-2024,2024/08/15,4,2.0,On Time,2411,10517.48,34578,24060.52
SHP_105244,SO_107735,WH_03,Rail,15-09-2024,2024/09/25,5,10.0,Delayed,4539,2620.42,8811,6190.58
SHP_105245,SO_103819,WH_13,Road,22-07-2024,2024/07/30,7,8.0,Delayed,1983,14868.81,38699,23830.19
SHP_105246,SO_106119,WH_02,Road,29-05-2024,2024/06/02,3,4.0,Delayed,1700,13402.9,44732,31329.1
SHP_105247,SO_109390,WH_08,Sea,22-12-2024,2024/12/29,5,7.0,Delayed,1885,15138.05,40887,25748.95
SHP_105248,SO_107262,WH_15,Air,20-07-2024,2024/07/27,6,7.0,Delayed,2146,8106.7,27977,19870.3
SHP_105249,SO_104071,WH_15,Rail,12-04-2024,2024/04/19,5,7.0,Delayed,1841,8186.58,35563,27376.42
SHP_105250,SO_100256,WH_07,Sea,06-10-2024,2024/10/08,3,2.0,On Time,1530,6521.92,17200,10678.08
SHP_105251,SO_109583,WH_10,Air,19-10-2024,2024/10/24,6,5.0,On Time,322,2692.68,11765,9072.32
SHP_105252,SO_102907,WH_15,Road,11-03-2024,2024/03/19,4,8.0,Delayed,3359,4886.22,17596,12709.78
SHP_105253,SO_103589,WH_09,Road,20-11-2024,2024/11/22,5,2.0,On Time,1480,9590.95,42174,32583.05
SHP_105254,SO_109668,WH_11,Road,20-10-2024,2024/10/25,4,5.0,Delayed,1917,13966.28,42488,28521.72
SHP_105255,SO_101720,WH_15,Sea,09-08-2024,2024/08/12,7,3.0,On Time,4240,12947.24,47650,34702.76
SHP_105256,SO_108392,WH_09,Road,03-10-2024,2024/10/10,3,7.0,Delayed,3663,5712.19,20992,15279.81
SHP_105257,SO_105773,WH_11,Rail,31-05-2024,2024/06/03,7,3.0,On Time,2784,7107.75,22315,15207.25
SHP_105258,SO_108496,WH_07,Rail,25-11-2024,2024/11/28,5,3.0,On Time,1146,9750.14,43516,33765.86
SHP_105259,SO_106081,WH_15,Sea,22-11-2024,2024/12/02,4,10.0,Delayed,824,6388.23,30592,24203.77
SHP_105260,SO_109939,WH_01,Air,02-04-2024,2024/04/05,5,3.0,On Time,3308,5778.37,25888,20109.63
SHP_105261,SO_107392,WH_01,Road,09-05-2024,2024/05/17,4,8.0,Delayed,968,1870.09,7244,5373.91
SHP_105262,SO_106680,WH_06,Road,03-05-2024,2024/05/12,4,9.0,Delayed,4543,5434.51,15217,9782.49
SHP_105263,SO_105187,WH_12,Road,17-04-2024,2024/04/19,3,2.0,On Time,2415,7889.81,25282,17392.19
SHP_105264,SO_109226,WH_06,Air,28-12-2024,2025/01/06,7,9.0,Delayed,2874,-7537.14,22850,30387.14
SHP_105265,SO_101215,WH_01,Rail,19-02-2024,2024/02/24,3,5.0,Delayed,914,10259.94,43445,33185.06
SHP_105266,SO_100205,WH_13,Air,21-10-2024,2024/10/28,7,7.0,On Time,1965,4656.7,18379,13722.3
SHP_105267,SO_101177,WH_12,Road,10-12-2024,2024/12/13,5,3.0,On Time,3328,10921.35,43220,32298.65
SHP_105268,SO_100889,WH_14,Road,19-08-2024,2024/08/26,6,7.0,Delayed,1347,12565.94,33250,20684.06
SHP_105269,SO_109024,WH_13,Air,03-06-2024,2024/06/12,5,9.0,Delayed,1679,11408.62,34940,23531.38
SHP_105270,SO_108527,WH_03,Rail,23-08-2024,2024/09/01,4,9.0,Delayed,4376,10144.25,49596,39451.75
SHP_105271,SO_103571,WH_06,Road,02-07-2024,2024/07/10,4,8.0,Delayed,2917,12427.46,33387,20959.54
SHP_105272,SO_101160,WH_08,Sea,08-06-2024,2024/06/13,5,5.0,On Time,2912,11326.34,35246,23919.66
SHP_105273,SO_108683,WH_06,Sea,02-06-2024,2024/06/05,5,3.0,On Time,4512,-10852.23,29417,40269.23
SHP_105274,SO_108237,WH_06,Sea,01-07-2024,2024/07/07,5,6.0,Delayed,1830,10161.28,34904,24742.72
SHP_105275,SO_101696,WH_06,Rail,15-05-2024,2024/05/21,6,6.0,On Time,2967,1857.68,6724,4866.32
SHP_105276,SO_100740,WH_05,Sea,21-03-2024,2024/03/27,5,6.0,Delayed,2429,4427.41,15192,10764.59
SHP_105277,SO_103775,WH_05,Rail,23-08-2024,2024/08/30,5,7.0,Delayed,2737,2418.01,8676,6257.99
SHP_105278,SO_105098,WH_10,Sea,22-03-2024,2024/03/31,3,9.0,Delayed,1788,12618.14,42935,30316.86
SHP_105279,SO_109210,WH_14,Air,22-10-2024,2024/10/29,3,7.0,Delayed,262,8940.73,26696,17755.27
SHP_105280,SO_104762,WH_03,Rail,10-04-2024,2024/04/17,6,7.0,Delayed,1952,2032.9,9394,7361.1
SHP_105281,SO_109525,WH_15,Sea,13-05-2024,2024/05/16,5,3.0,On Time,3273,3815.07,11495,7679.93
SHP_105282,SO_100259,WH_04,Road,19-05-2024,2024/05/23,4,4.0,On Time,2362,17659.29,45081,27421.71
SHP_105283,SO_106825,WH_15,Rail,19-12-2024,2024/12/26,5,7.0,Delayed,2369,2348.95,6419,4070.05
SHP_105284,SO_107961,WH_02,Road,02-05-2024,2024/05/05,4,3.0,On Time,4394,3471.05,10818,7346.95
SHP_105285,SO_100802,WH_11,Air,13-01-2024,2024/01/22,6,9.0,Delayed,3064,10581.93,44663,34081.07
SHP_105286,SO_104304,WH_04,Road,30-01-2024,2024/02/09,5,10.0,Delayed,847,10662.44,42233,31570.56
SHP_105287,SO_105963,WH_10,Sea,29-04-2024,2024/05/08,6,9.0,Delayed,2177,12399.97,36415,24015.03
SHP_105288,SO_103770,WH_06,Air,20-12-2024,2024/12/23,4,3.0,On Time,4086,7457.6,30012,22554.4
SHP_105289,SO_103080,WH_09,Road,23-10-2024,2024/10/31,6,8.0,Delayed,2459,12284.94,33010,20725.06
SHP_105290,SO_106030,WH_01,Road,08-10-2024,2024/10/10,4,2.0,On Time,4794,5538.21,19472,13933.79
SHP_105291,SO_105104,WH_02,Road,20-12-2024,2024/12/25,7,5.0,On Time,1295,5623.05,21020,15396.95
SHP_105292,SO_105608,WH_11,Air,05-11-2024,2024/11/09,4,4.0,On Time,4177,7795.41,33562,25766.59
SHP_105293,SO_105675,WH_10,Air,07-01-2024,2024/01/16,3,9.0,Delayed,3344,4804.81,17530,12725.19
SHP_105294,SO_109111,WH_15,Air,30-08-2024,2024/09/06,7,7.0,On Time,2478,14153.23,41555,27401.77
SHP_105295,SO_106700,WH_11,Air,21-07-2024,2024/07/29,5,8.0,Delayed,3210,1714.4,6089,4374.6
SHP_105296,SO_105339,WH_07,Sea,31-07-2024,2024/08/08,6,8.0,Delayed,2007,14049.49,42529,28479.51
SHP_105297,SO_100552,WH_14,Road,09-01-2024,2024/01/14,3,5.0,Delayed,917,9927.94,32077,22149.06
SHP_105298,SO_105470,WH_01,Road,27-02-2024,2024/03/02,7,4.0,On Time,4694,12001.47,36613,24611.53
SHP_105299,SO_106191,WH_06,Road,08-04-2024,2024/04/14,3,6.0,Delayed,2756,6135.62,17222,11086.38
SHP_105300,SO_108358,WH_05,Rail,11-10-2024,2024/10/18,6,7.0,Delayed,4658,4435.6,18570,14134.4
SHP_105301,SO_104793,WH_13,Air,29-01-2024,2024/02/06,5,8.0,Delayed,1888,6928.56,22231,15302.44
SHP_105302,SO_101362,WH_10,Sea,25-09-2024,2024/10/04,6,9.0,Delayed,795,9227.19,37548,28320.81
SHP_105303,SO_102880,WH_14,Air,07-04-2024,2024/04/12,4,,Delayed,3600,9655.82,26806,17150.18
SHP_105304,SO_102993,WH_02,Road,19-09-2024,2024/09/21,3,2.0,On Time,2717,2361.75,6678,4316.25
SHP_105305,SO_100131,WH_14,Road,30-04-2024,2024/05/08,3,8.0,Delayed,2886,11384.43,32509,21124.57
SHP_105306,SO_109143,WH_10,Road,12-07-2024,2024/07/22,5,10.0,Delayed,4628,6704.56,24665,17960.44
SHP_105307,SO_108068,WH_15,Rail,18-10-2024,2024/10/23,4,5.0,Delayed,1291,8708.88,42831,34122.12
SHP_105308,SO_100330,WH_14,Road,21-04-2024,2024/05/01,4,10.0,Delayed,3288,7394.18,34626,27231.82
SHP_105309,SO_108837,WH_11,Sea,07-12-2024,2024/12/16,5,9.0,Delayed,4624,3895.57,14132,10236.43
SHP_105310,SO_108668,WH_12,Road,12-05-2024,2024/05/18,7,6.0,On Time,1752,16668.78,47227,30558.22
SHP_105311,SO_102129,WH_01,Sea,21-05-2024,2024/05/26,3,5.0,Delayed,1458,13772.18,43889,30116.82
SHP_105312,SO_104097,WH_04,Sea,07-12-2024,2024/12/14,6,7.0,Delayed,2851,9264.76,33128,23863.24
SHP_105313,SO_108969,WH_03,Road,12-01-2024,2024/01/17,4,5.0,Delayed,3438,9132.11,23895,14762.89
SHP_105314,SO_105977,WH_12,Sea,25-04-2024,2024/04/27,5,2.0,On Time,3033,2723.54,8226,5502.46
SHP_105315,SO_101015,WH_11,Road,12-02-2024,2024/02/15,4,3.0,On Time,3699,4067.19,17044,12976.81
SHP_105316,SO_104805,WH_06,Road,10-06-2024,2024/06/12,6,2.0,On Time,2500,15486.04,49216,33729.96
SHP_105317,SO_100761,WH_04,Road,15-03-2024,2024/03/21,7,6.0,On Time,3952,4303.03,11534,7230.97
SHP_105318,SO_100617,WH_04,Rail,26-11-2024,2024/12/03,5,7.0,Delayed,397,5892.84,20904,15011.16
SHP_105319,SO_102674,WH_03,Air,10-04-2024,2024/04/18,6,8.0,Delayed,2815,4750.15,17233,12482.85
SHP_105320,SO_104735,WH_09,Road,09-11-2024,2024/11/11,3,2.0,On Time,2949,3593.63,9401,5807.37
SHP_105321,SO_106129,WH_15,Road,28-05-2024,2024/06/04,3,7.0,Delayed,3497,3147.85,8705,5557.15
SHP_105322,SO_102063,WH_12,Road,22-03-2024,2024/03/24,5,2.0,On Time,1809,14092.76,48300,34207.24
SHP_105323,SO_105708,WH_08,Air,16-02-2024,2024/02/22,6,6.0,On Time,4597,10204.82,26681,16476.18
SHP_105324,SO_106444,WH_13,Road,10-05-2024,2024/05/13,5,3.0,On Time,3640,4179.27,13138,8958.73
SHP_105325,SO_102763,WH_05,Air,09-05-2024,2024/05/19,7,10.0,Delayed,856,5115.85,16675,11559.15
SHP_105326,SO_100427,WH_01,Sea,09-04-2024,2024/04/17,5,8.0,Delayed,1112,16060.55,42913,26852.45
SHP_105327,SO_109284,WH_06,Air,11-08-2024,2024/08/21,4,10.0,Delayed,4448,8142.89,27826,19683.11
SHP_105328,SO_104905,WH_13,Road,13-07-2024,2024/07/16,4,3.0,On Time,416,13346.95,35799,22452.05
SHP_105329,SO_105318,WH_03,Road,11-07-2024,2024/07/16,5,5.0,On Time,2775,3551.58,14481,10929.42
SHP_105330,SO_100242,WH_15,Air,25-02-2024,2024/02/27,3,2.0,On Time,2350,3996.34,11153,7156.66
SHP_105331,SO_107127,WH_05,Air,07-10-2024,2024/10/17,3,10.0,Delayed,2779,5068.61,22046,16977.39
SHP_105332,SO_108764,WH_05,Air,30-01-2024,2024/02/06,5,7.0,Delayed,3041,6759.49,23715,16955.51
SHP_105333,SO_109963,WH_11,Road,15-02-2024,2024/02/22,5,7.0,Delayed,237,2149.48,6348,4198.52
SHP_105334,SO_104103,WH_05,Air,08-04-2024,2024/04/11,5,3.0,On Time,4215,11986.0,47922,35936.0
SHP_105335,SO_107852,WH_11,Air,19-10-2024,2024/10/23,6,4.0,On Time,1685,5727.1,16586,10858.9
SHP_105336,SO_105818,WH_15,Rail,12-11-2024,2024/11/19,5,7.0,Delayed,840,6295.39,17099,10803.61
SHP_105337,SO_102902,WH_06,Air,22-04-2024,2024/04/25,7,3.0,On Time,4365,16862.76,43124,26261.24
SHP_105338,SO_107068,WH_02,Road,19-08-2024,2024/08/26,5,7.0,Delayed,4660,13205.16,33155,19949.84
SHP_105339,SO_102164,WH_01,Rail,04-11-2024,2024/11/09,4,5.0,Delayed,1427,10205.41,45163,34957.59
SHP_105340,SO_100732,WH_01,Sea,01-03-2024,2024/03/05,5,4.0,On Time,3959,9970.22,38235,28264.78
SHP_105341,SO_106143,WH_13,Air,12-06-2024,2024/06/14,6,2.0,On Time,1411,15325.95,44030,28704.05
SHP_105342,SO_106145,WH_13,Sea,25-06-2024,2024/06/27,3,2.0,On Time,3478,14066.62,45233,31166.38
SHP_105343,SO_109410,WH_08,Road,20-07-2024,2024/07/25,7,5.0,On Time,527,7756.54,35560,27803.46
SHP_105344,SO_102203,WH_10,Rail,09-12-2024,2024/12/12,6,3.0,On Time,1241,5543.62,25315,19771.38
SHP_105345,SO_104127,WH_01,Road,06-02-2024,2024/02/13,3,7.0,Delayed,3243,10675.17,47091,36415.83
SHP_105346,SO_106056,WH_12,Air,22-01-2024,2024/01/24,7,2.0,On Time,3086,13650.86,39554,25903.14
SHP_105347,SO_102355,WH_07,Sea,27-02-2024,2024/02/29,6,2.0,On Time,4175,5654.33,26147,20492.67
SHP_105348,SO_103708,WH_02,Air,27-06-2024,2024/07/05,6,8.0,Delayed,2864,4606.54,12946,8339.46
SHP_105349,SO_108965,WH_10,Air,07-11-2024,2024/11/15,3,8.0,Delayed,1317,9243.3,42480,33236.7
SHP_105350,SO_108038,WH_14,Rail,31-03-2024,2024/04/08,5,8.0,Delayed,2024,5866.48,16935,11068.52
SHP_105351,SO_106919,WH_09,Road,03-11-2024,2024/11/13,4,10.0,Delayed,3232,7592.21,37580,29987.79
SHP_105352,SO_102361,WH_03,Air,12-10-2024,2024/10/18,3,6.0,Delayed,1328,11505.15,41848,30342.85
SHP_105353,SO_107593,WH_15,Rail,24-02-2024,2024/03/04,5,9.0,Delayed,3670,5862.48,15293,9430.52
SHP_105354,SO_100241,WH_09,Road,25-05-2024,2024/06/02,5,8.0,Delayed,3663,13050.69,44056,31005.31
SHP_105355,SO_104841,WH_06,Sea,02-10-2024,2024/10/04,3,2.0,On Time,1783,13660.55,39263,25602.45
SHP_105356,SO_101629,WH_07,Air,29-03-2024,2024/04/05,7,7.0,On Time,411,4763.58,12133,7369.42
SHP_105357,SO_108270,WH_10,Rail,21-10-2024,2024/10/26,4,5.0,Delayed,2071,4130.52,10748,6617.48
SHP_105358,SO_103513,WH_05,Sea,26-11-2024,2024/11/29,6,3.0,On Time,4552,10554.18,47306,36751.82
SHP_105359,SO_102928,WH_09,Sea,02-02-2024,2024/02/11,5,9.0,Delayed,3032,7036.52,19153,12116.48
SHP_105360,SO_101385,WH_11,Sea,01-02-2024,2024/02/03,5,2.0,On Time,2999,9153.25,25634,16480.75
SHP_105361,SO_103489,WH_14,Air,10-01-2024,2024/01/14,4,4.0,On Time,3282,8430.77,21909,13478.23
SHP_105362,SO_103126,WH_07,Air,27-08-2024,2024/09/02,6,6.0,On Time,3351,9217.2,35467,26249.8
SHP_105363,SO_106451,WH_08,Air,12-06-2024,2024/06/16,3,4.0,Delayed,4314,8309.33,36772,28462.67
SHP_105364,SO_104256,WH_10,Sea,02-09-2024,2024/09/05,4,3.0,On Time,2014,3350.07,12656,9305.93
SHP_105365,SO_103873,WH_05,Sea,17-09-2024,2024/09/21,6,4.0,On Time,2134,3843.26,13234,9390.74
SHP_105366,SO_103425,WH_01,Road,07-04-2024,2024/04/13,4,6.0,Delayed,3109,7229.75,33943,26713.25
SHP_105367,SO_101467,WH_08,Road,17-07-2024,2024/07/26,7,9.0,Delayed,3242,5827.73,24803,18975.27
SHP_105368,SO_100496,WH_07,Rail,14-04-2024,2024/04/17,6,3.0,On Time,1799,5803.47,19783,13979.53
SHP_105369,SO_109573,WH_05,Sea,28-02-2024,2024/03/02,3,3.0,On Time,4062,10624.08,36740,26115.92
SHP_105370,SO_101226,WH_08,Road,29-11-2024,2024/12/09,7,10.0,Delayed,2525,11051.69,36239,25187.31
SHP_105371,SO_105259,WH_15,Rail,14-02-2024,2024/02/21,6,7.0,Delayed,249,15971.33,45656,29684.67
SHP_105372,SO_107297,WH_06,Rail,28-11-2024,2024/11/30,7,2.0,On Time,4947,13467.55,39693,26225.45
SHP_105373,SO_105661,WH_02,Air,19-03-2024,2024/03/24,7,5.0,On Time,4486,3335.88,9737,6401.12
SHP_105374,SO_101552,WH_02,Sea,09-12-2024,2024/12/17,4,8.0,Delayed,3383,17969.24,49554,31584.76
SHP_105375,SO_102133,WH_04,Road,05-07-2024,2024/07/11,3,6.0,Delayed,3143,8861.4,39055,30193.6
SHP_105376,SO_100098,WH_02,Road,20-08-2024,2024/08/22,6,2.0,On Time,4281,8166.68,31864,23697.32
SHP_105377,SO_104298,WH_10,Sea,10-04-2024,2024/04/15,7,5.0,On Time,4255,10000.91,45342,35341.09
SHP_105378,SO_108802,WH_12,Air,28-02-2024,2024/03/01,4,2.0,On Time,944,16698.28,45106,28407.72
SHP_105379,SO_105674,WH_05,Road,15-12-2024,2024/12/17,6,2.0,On Time,3011,14206.2,46254,32047.8
SHP_105380,SO_106788,WH_05,Sea,01-07-2024,2024/07/03,7,2.0,On Time,2025,12875.31,32472,19596.69
SHP_105381,SO_103468,WH_12,Rail,11-09-2024,2024/09/20,6,9.0,Delayed,2580,2316.89,8043,5726.11
SHP_105382,SO_102628,WH_07,Sea,03-06-2024,2024/06/05,6,2.0,On Time,2267,6991.7,19511,12519.3
SHP_105383,SO_103671,WH_09,Air,06-12-2024,2024/12/13,7,7.0,On Time,2303,2302.47,6230,3927.53
SHP_105384,SO_103173,WH_06,Rail,29-01-2024,2024/02/04,6,6.0,On Time,2776,2451.9,11223,8771.1
SHP_105385,SO_102441,WH_05,Rail,06-08-2024,2024/08/13,6,7.0,Delayed,4007,7331.29,36382,29050.71
SHP_105386,SO_107013,WH_02,Rail,12-12-2024,2024/12/22,3,10.0,Delayed,2347,14189.69,48521,34331.31
SHP_105387,SO_100313,WH_09,Rail,12-08-2024,2024/08/18,6,6.0,On Time,1308,14303.38,48718,34414.62
SHP_105388,SO_100649,WH_13,Sea,11-05-2024,2024/05/17,6,6.0,On Time,1386,4123.57,14725,10601.43
SHP_105389,SO_101769,WH_07,Sea,20-03-2024,2024/03/30,7,10.0,Delayed,3876,11799.66,48069,36269.34
SHP_105390,SO_100046,WH_14,Air,13-05-2024,2024/05/22,4,,Delayed,1746,5790.29,23060,17269.71
SHP_105391,SO_103229,WH_03,Road,29-03-2024,2024/03/31,6,2.0,On Time,4079,11778.16,38657,26878.84
SHP_105392,SO_104645,WH_10,Rail,05-12-2024,2024/12/08,7,3.0,On Time,4373,11776.62,46649,34872.38
SHP_105393,SO_109651,WH_03,Sea,09-04-2024,2024/04/16,5,7.0,Delayed,4407,14000.04,35985,21984.96
SHP_105394,SO_102803,WH_11,Air,26-11-2024,2024/11/28,7,2.0,On Time,247,6998.52,25547,18548.48
SHP_105395,SO_103945,WH_10,Rail,21-05-2024,2024/05/31,6,10.0,Delayed,2762,2504.93,10742,8237.07
SHP_105396,SO_105351,WH_14,Rail,08-08-2024,2024/08/11,3,3.0,On Time,3722,14296.32,40945,26648.68
SHP_105397,SO_107447,WH_11,Air,19-11-2024,2024/11/27,5,8.0,Delayed,2839,3020.32,9874,6853.68
SHP_105398,SO_103049,WH_03,Rail,16-09-2024,2024/09/25,7,9.0,Delayed,1137,13207.55,43112,29904.45
SHP_105399,SO_102070,WH_07,Air,16-02-2024,2024/02/21,4,5.0,Delayed,306,10098.88,34625,24526.12
SHP_105400,SO_104626,WH_10,Air,01-04-2024,2024/04/10,7,9.0,Delayed,4224,16646.11,45491,28844.89
SHP_105401,SO_108075,WH_09,Sea,10-01-2024,2024/01/15,6,5.0,On Time,3842,8827.75,43752,34924.25
SHP_105402,SO_104622,WH_10,Sea,25-06-2024,2024/06/30,6,5.0,On Time,3464,6171.66,23487,17315.34
SHP_105403,SO_106309,WH_03,Air,11-04-2024,2024/04/18,5,7.0,Delayed,2994,2822.14,13847,11024.86
SHP_105404,SO_108438,WH_14,Sea,18-12-2024,2024/12/20,5,2.0,On Time,4790,4357.59,15122,10764.41
SHP_105405,SO_107580,WH_10,Rail,10-04-2024,2024/04/16,3,6.0,Delayed,3296,7897.2,19912,12014.8
SHP_105406,SO_106171,WH_12,Rail,11-03-2024,2024/03/20,4,9.0,Delayed,1225,1333.3,6646,5312.7
SHP_105407,SO_105552,WH_08,Air,13-12-2024,2024/12/22,7,9.0,Delayed,431,3903.23,17305,13401.77
SHP_105408,SO_103242,WH_03,Road,16-09-2024,2024/09/21,4,5.0,Delayed,2232,4526.79,11407,6880.21
SHP_105409,SO_100157,WH_12,Air,05-12-2024,2024/12/09,4,4.0,On Time,4539,11479.49,36909,25429.51
SHP_105410,SO_100214,WH_13,Sea,01-03-2024,2024/03/07,5,6.0,Delayed,4723,-1566.73,6358,7924.73
SHP_105411,SO_108998,WH_14,Sea,21-10-2024,2024/10/29,3,8.0,Delayed,3385,16208.66,44487,28278.34
SHP_105412,SO_103946,WH_06,Air,19-12-2024,2024/12/29,3,10.0,Delayed,4798,4881.49,22518,17636.51
SHP_105413,SO_101763,WH_10,Air,14-12-2024,2024/12/23,7,9.0,Delayed,373,8903.67,44269,35365.33
SHP_105414,SO_109258,WH_15,Rail,20-12-2024,2024/12/22,5,2.0,On Time,760,8762.79,27287,18524.21
SHP_105415,SO_102981,WH_11,Rail,07-01-2024,2024/01/17,4,10.0,Delayed,1207,9808.41,27761,17952.59
SHP_105416,SO_101497,WH_14,Sea,20-11-2024,2024/11/23,3,3.0,On Time,1253,16784.72,46538,29753.28
SHP_105417,SO_108277,WH_05,Rail,28-02-2024,2024/03/05,7,6.0,On Time,1883,5763.33,17127,11363.67
SHP_105418,SO_108208,WH_15,Air,16-12-2024,2024/12/24,3,8.0,Delayed,680,6644.34,32647,26002.66
SHP_105419,SO_106623,WH_06,Sea,24-12-2024,2024/12/26,4,2.0,On Time,1203,6447.83,18791,12343.17
SHP_105420,SO_105938,WH_01,Rail,11-05-2024,2024/05/15,7,4.0,On Time,761,10516.49,32688,22171.51
SHP_105421,SO_101567,WH_10,Sea,10-04-2024,2024/04/16,4,6.0,Delayed,1665,5622.81,16745,11122.19
SHP_105422,SO_106393,WH_01,Road,17-10-2024,2024/10/20,6,3.0,On Time,797,10153.14,32000,21846.86
SHP_105423,SO_103263,WH_12,Rail,25-09-2024,2024/10/03,6,8.0,Delayed,1656,4384.44,20558,16173.56
SHP_105424,SO_109120,WH_13,Road,31-01-2024,2024/02/07,7,7.0,On Time,3854,2333.95,6666,4332.05
SHP_105425,SO_108624,WH_14,Air,21-05-2024,2024/05/25,6,,Delayed,931,13899.16,39950,26050.84
SHP_105426,SO_107798,WH_03,Road,26-10-2024,2024/10/28,4,2.0,On Time,4214,2364.71,10449,8084.29
SHP_105427,SO_107581,WH_11,Sea,26-04-2024,2024/05/03,7,7.0,On Time,1427,7089.97,20067,12977.03
SHP_105428,SO_102351,WH_10,Air,19-07-2024,2024/07/28,4,9.0,Delayed,575,10217.45,27076,16858.55
SHP_105429,SO_101590,WH_13,Sea,28-03-2024,2024/03/30,3,2.0,On Time,1718,9035.19,37657,28621.81
SHP_105430,SO_106571,WH_08,Air,14-01-2024,2024/01/23,7,9.0,Delayed,1251,12080.0,44513,32433.0
SHP_105431,SO_101019,WH_13,Road,27-01-2024,2024/02/05,4,9.0,Delayed,1072,15463.19,43599,28135.81
SHP_105432,SO_102157,WH_07,Sea,11-12-2024,2024/12/16,3,5.0,Delayed,2117,11924.14,40441,28516.86
SHP_105433,SO_100724,WH_10,Air,25-11-2024,2024/11/29,5,4.0,On Time,3835,3725.23,16351,12625.77
SHP_105434,SO_108204,WH_04,Road,16-04-2024,2024/04/26,7,10.0,Delayed,849,7857.0,29267,21410.0
SHP_105435,SO_105581,WH_02,Sea,20-06-2024,2024/06/24,7,4.0,On Time,3923,8879.73,22310,13430.27
SHP_105436,SO_104960,WH_01,Road,02-05-2024,2024/05/08,3,6.0,Delayed,2691,14951.17,46636,31684.83
SHP_105437,SO_102984,WH_15,Sea,03-11-2024,2024/11/05,5,2.0,On Time,4490,7296.02,18307,11010.98
SHP_105438,SO_109515,WH_15,Rail,26-11-2024,2024/11/30,5,4.0,On Time,960,13424.37,46658,33233.63
SHP_105439,SO_103654,WH_11,Air,29-03-2024,2024/04/07,4,9.0,Delayed,2429,11549.19,31830,20280.81
SHP_105440,SO_101620,WH_02,Rail,07-04-2024,2024/04/17,3,10.0,Delayed,914,9036.12,39995,30958.88
SHP_105441,SO_108349,WH_05,Air,24-09-2024,2024/09/29,5,5.0,On Time,2205,7959.48,38610,30650.52
SHP_105442,SO_103391,WH_07,Sea,24-06-2024,2024/06/26,5,2.0,On Time,1853,10290.64,26450,16159.36
SHP_105443,SO_107310,WH_02,Road,31-05-2024,2024/06/10,6,10.0,Delayed,2888,11114.67,40350,29235.33
SHP_105444,SO_107093,WH_04,Air,15-07-2024,2024/07/24,6,9.0,Delayed,2439,1494.69,6487,4992.31
SHP_105445,SO_109808,WH_01,Road,23-11-2024,2024/12/03,6,10.0,Delayed,636,-6650.01,16956,23606.01
SHP_105446,SO_100577,WH_12,Sea,23-08-2024,2024/08/30,7,7.0,On Time,4824,5124.11,13163,8038.89
SHP_105447,SO_105786,WH_14,Road,02-01-2024,2024/01/04,5,2.0,On Time,437,11299.07,49223,37923.93
SHP_105448,SO_108994,WH_13,Road,09-01-2024,2024/01/15,3,6.0,Delayed,3759,3203.23,9621,6417.77
SHP_105449,SO_107349,WH_08,Air,30-03-2024,2024/04/07,6,8.0,Delayed,463,8936.86,36853,27916.14
SHP_105450,SO_109169,WH_13,Rail,14-05-2024,2024/05/23,7,9.0,Delayed,590,7335.81,25235,17899.19
SHP_105451,SO_106577,WH_09,Road,24-02-2024,2024/02/27,4,3.0,On Time,4091,17021.41,46139,29117.59
SHP_105452,SO_101633,WH_12,Air,02-05-2024,2024/05/05,4,3.0,On Time,364,8701.15,24586,15884.85
SHP_105453,SO_103038,WH_12,Road,02-02-2024,2024/02/05,3,3.0,On Time,350,11884.55,31469,19584.45
SHP_105454,SO_106906,WH_09,Rail,21-12-2024,2024/12/25,7,4.0,On Time,603,8953.95,44646,35692.05
SHP_105455,SO_105032,WH_15,Road,24-10-2024,2024/11/01,4,8.0,Delayed,3079,6117.53,27310,21192.47
SHP_105456,SO_105792,WH_06,Road,25-01-2024,2024/02/01,7,7.0,On Time,2072,2292.42,8434,6141.58
SHP_105457,SO_104489,WH_04,Air,12-02-2024,2024/02/21,7,9.0,Delayed,1846,17109.18,49385,32275.82
SHP_105458,SO_106348,WH_05,Road,10-11-2024,2024/11/16,6,6.0,On Time,487,4246.76,11504,7257.24
SHP_105459,SO_107270,WH_07,Road,22-07-2024,2024/07/30,5,8.0,Delayed,3894,9389.31,39553,30163.69
SHP_105460,SO_103427,WH_05,Road,02-08-2024,2024/08/07,4,5.0,Delayed,1196,5262.65,15399,10136.35
SHP_105461,SO_107869,WH_01,Air,22-11-2024,2024/11/26,4,4.0,On Time,3129,15258.55,40838,25579.45
SHP_105462,SO_104842,WH_13,Air,17-01-2024,2024/01/27,7,10.0,Delayed,3064,16068.45,49624,33555.55
SHP_105463,SO_107296,WH_02,Rail,22-08-2024,2024/08/29,3,7.0,Delayed,4387,16125.37,40557,24431.63
SHP_105464,SO_108007,WH_02,Air,24-08-2024,2024/08/29,3,5.0,Delayed,4832,13160.72,47803,34642.28
SHP_105465,SO_103026,WH_13,Air,01-12-2024,2024/12/04,6,3.0,On Time,747,5332.18,15490,10157.82
SHP_105466,SO_105760,WH_01,Rail,18-01-2024,2024/01/22,5,4.0,On Time,2395,7620.1,32694,25073.9
SHP_105467,SO_100570,WH_01,Road,03-10-2024,2024/10/12,4,9.0,Delayed,4880,9680.2,38968,29287.8
SHP_105468,SO_107128,WH_03,Road,28-02-2024,2024/03/06,5,7.0,Delayed,1692,8071.16,20550,12478.84
SHP_105469,SO_106492,WH_14,Road,27-07-2024,2024/07/29,3,2.0,On Time,1051,7548.55,25946,18397.45
SHP_105470,SO_100516,WH_11,Rail,08-06-2024,2024/06/13,7,5.0,On Time,1367,4632.07,13784,9151.93
SHP_105471,SO_105821,WH_08,Air,04-02-2024,2024/02/14,3,10.0,Delayed,4581,9346.31,25102,15755.69
SHP_105472,SO_104425,WH_10,Road,15-12-2024,2024/12/17,6,2.0,On Time,2943,-11514.62,48788,60302.62
SHP_105473,SO_103951,WH_08,Air,09-03-2024,2024/03/14,6,5.0,On Time,545,2028.11,8088,6059.89
SHP_105474,SO_104198,WH_12,Rail,15-02-2024,2024/02/22,5,7.0,Delayed,2295,3888.14,14387,10498.86
SHP_105475,SO_106410,WH_14,Sea,04-03-2024,2024/03/08,5,,Delayed,3116,9477.78,24538,15060.22
SHP_105476,SO_104414,WH_15,Sea,25-08-2024,2024/08/28,4,3.0,On Time,361,5854.52,20493,14638.48
SHP_105477,SO_105869,WH_09,Road,10-11-2024,2024/11/14,6,4.0,On Time,2743,8004.05,36471,28466.95
SHP_105478,SO_105705,WH_14,Rail,21-05-2024,2024/05/27,7,6.0,On Time,3818,8631.74,40255,31623.26
SHP_105479,SO_104324,WH_01,Road,16-04-2024,2024/04/22,5,6.0,Delayed,1526,12067.18,37446,25378.82
SHP_105480,SO_107157,WH_08,Air,29-06-2024,2024/07/08,4,9.0,Delayed,777,1584.91,5155,3570.09
SHP_105481,SO_103044,WH_15,Rail,07-03-2024,2024/03/12,3,5.0,Delayed,963,4072.29,10648,6575.71
SHP_105482,SO_101147,WH_15,Air,12-05-2024,2024/05/17,5,5.0,On Time,2189,14545.16,49758,35212.84
SHP_105483,SO_108335,WH_05,Road,30-11-2024,2024/12/08,7,8.0,Delayed,2922,15184.3,48690,33505.7
SHP_105484,SO_107654,WH_08,Rail,27-09-2024,2024/10/05,3,8.0,Delayed,3134,7279.57,32896,25616.43
SHP_105485,SO_103455,WH_01,Air,06-06-2024,2024/06/16,6,10.0,Delayed,3693,8833.86,27319,18485.14
SHP_105486,SO_100186,WH_04,Rail,11-07-2024,2024/07/17,6,6.0,On Time,284,6685.08,27006,20320.92
SHP_105487,SO_100719,WH_06,Road,22-09-2024,2024/09/25,3,3.0,On Time,3430,2831.13,10509,7677.87
SHP_105488,SO_107865,WH_14,Sea,11-07-2024,2024/07/15,7,4.0,On Time,2533,1898.12,5883,3984.88
SHP_105489,SO_103287,WH_14,Rail,11-02-2024,2024/02/19,4,8.0,Delayed,1174,4475.76,14150,9674.24
SHP_105490,SO_101590,WH_09,Road,04-10-2024,2024/10/06,6,2.0,On Time,2962,6336.87,24109,17772.13
SHP_105491,SO_108937,WH_13,Sea,20-03-2024,2024/03/28,3,8.0,Delayed,2018,5090.48,20364,15273.52
SHP_105492,SO_109722,WH_14,Road,05-05-2024,2024/05/14,4,9.0,Delayed,3733,-6147.68,30194,36341.68
SHP_105493,SO_101033,WH_14,Rail,05-07-2024,2024/07/11,5,6.0,Delayed,2396,8504.24,27679,19174.76
SHP_105494,SO_106049,WH_06,Road,28-07-2024,2024/08/07,6,10.0,Delayed,4378,8125.78,23926,15800.22
SHP_105495,SO_108125,WH_04,Sea,22-04-2024,2024/05/02,5,,Delayed,2083,14623.32,41376,26752.68
SHP_105496,SO_105372,WH_06,Sea,02-11-2024,2024/11/08,5,6.0,Delayed,235,1415.32,6206,4790.68
SHP_105497,SO_108772,WH_08,Air,08-04-2024,2024/04/13,3,5.0,Delayed,2932,9712.11,29888,20175.89
SHP_105498,SO_108613,WH_05,Road,27-07-2024,2024/08/03,7,7.0,On Time,3530,2585.4,8568,5982.6
SHP_105499,SO_103240,WH_14,Rail,04-05-2024,2024/05/10,7,6.0,On Time,4413,12722.4,49389,36666.6
SHP_105500,SO_100627,WH_01,Rail,29-09-2024,2024/10/07,7,8.0,Delayed,1551,5525.02,17586,12060.98
SHP_105501,SO_106229,WH_12,Air,01-10-2024,2024/10/03,4,2.0,On Time,3940,5540.69,22566,17025.31
SHP_105502,SO_100387,WH_08,Air,09-09-2024,2024/09/15,5,6.0,Delayed,1755,10303.37,28010,17706.63
SHP_105503,SO_104241,WH_15,Air,01-08-2024,2024/08/10,7,9.0,Delayed,4861,8986.83,26511,17524.17
SHP_105504,SO_102268,WH_01,Road,06-08-2024,2024/08/12,4,6.0,Delayed,1376,9108.22,24136,15027.78
SHP_105505,SO_109127,WH_15,Sea,10-02-2024,2024/02/14,4,4.0,On Time,2677,6174.72,17360,11185.28
SHP_105506,SO_109308,WH_07,Rail,21-11-2024,2024/11/28,3,7.0,Delayed,1857,6697.93,24029,17331.07
SHP_105507,SO_106575,WH_08,Air,23-09-2024,2024/09/29,5,6.0,Delayed,2439,10309.76,29061,18751.24
SHP_105508,SO_105441,WH_13,Road,10-09-2024,2024/09/15,5,5.0,On Time,4387,2924.25,7374,4449.75
SHP_105509,SO_100233,WH_01,Sea,01-11-2024,2024/11/10,5,9.0,Delayed,3598,14292.7,41217,26924.3
SHP_105510,SO_105614,WH_07,Rail,22-10-2024,2024/10/30,3,8.0,Delayed,3510,7040.1,23375,16334.9
SHP_105511,SO_101849,WH_13,Sea,04-07-2024,2024/07/09,7,5.0,On Time,3921,10390.47,40957,30566.53
SHP_105512,SO_101226,WH_05,Road,29-10-2024,2024/11/05,4,7.0,Delayed,2072,3967.44,10882,6914.56
SHP_105513,SO_101437,WH_07,Sea,30-08-2024,2024/09/02,7,3.0,On Time,3413,6823.49,17532,10708.51
SHP_105514,SO_103005,WH_14,Sea,29-03-2024,2024/04/07,4,9.0,Delayed,4299,12057.33,47316,35258.67
SHP_105515,SO_100561,WH_11,Rail,25-09-2024,2024/10/04,6,9.0,Delayed,1075,9929.31,28607,18677.69
SHP_105516,SO_109340,WH_01,Sea,14-07-2024,2024/07/16,3,2.0,On Time,2791,6378.44,31574,25195.56
SHP_105517,SO_100809,WH_07,Rail,19-01-2024,2024/01/29,4,10.0,Delayed,434,7056.49,23773,16716.51
SHP_105518,SO_106156,WH_03,Rail,02-06-2024,2024/06/07,6,5.0,On Time,4211,3546.01,10014,6467.99
SHP_105519,SO_105604,WH_07,Sea,31-10-2024,2024/11/03,4,3.0,On Time,3345,8102.19,35527,27424.81
SHP_105520,SO_107576,WH_11,Road,23-07-2024,2024/07/30,6,7.0,Delayed,2269,6192.25,26452,20259.75
SHP_105521,SO_103543,WH_08,Rail,15-10-2024,2024/10/20,6,5.0,On Time,4756,4936.67,21113,16176.33
SHP_105522,SO_105501,WH_09,Road,18-04-2024,2024/04/28,4,10.0,Delayed,2789,2447.52,8858,6410.48
SHP_105523,SO_103088,WH_13,Air,16-11-2024,2024/11/18,4,2.0,On Time,4804,4337.68,14416,10078.32
SHP_105524,SO_105246,WH_01,Road,27-09-2024,2024/09/30,5,3.0,On Time,4192,9264.6,28462,19197.4
SHP_105525,SO_105019,WH_15,Sea,08-09-2024,2024/09/14,4,6.0,Delayed,3360,7981.79,21240,13258.21
SHP_105526,SO_103250,WH_13,Sea,13-11-2024,2024/11/20,4,7.0,Delayed,4380,10258.69,46104,35845.31
SHP_105527,SO_106658,WH_10,Road,08-05-2024,2024/05/15,7,7.0,On Time,4771,2257.44,8683,6425.56
SHP_105528,SO_104212,WH_13,Rail,22-05-2024,2024/05/28,5,6.0,Delayed,4871,9435.48,26071,16635.52
SHP_105529,SO_109164,WH_14,Rail,13-11-2024,2024/11/18,6,5.0,On Time,3579,14391.22,42235,27843.78
SHP_105530,SO_107752,WH_01,Rail,29-11-2024,2024/12/07,3,8.0,Delayed,443,5664.89,27147,21482.11
SHP_105531,SO_108861,WH_10,Air,09-09-2024,2024/09/12,6,3.0,On Time,2082,14604.55,37471,22866.45
SHP_105532,SO_100622,WH_09,Air,08-02-2024,2024/02/10,3,2.0,On Time,3643,7502.27,20709,13206.73
SHP_105533,SO_100159,WH_08,Sea,18-04-2024,2024/04/22,6,4.0,On Time,1802,4989.18,16266,11276.82
SHP_105534,SO_103624,WH_12,Sea,12-11-2024,2024/11/19,7,7.0,On Time,3720,10677.63,33382,22704.37
SHP_105535,SO_103201,WH_07,Road,31-05-2024,2024/06/08,3,8.0,Delayed,3946,7436.48,26045,18608.52
SHP_105536,SO_107508,WH_13,Rail,22-06-2024,2024/06/26,5,4.0,On Time,2620,4461.28,16389,11927.72
SHP_105537,SO_105584,WH_01,Rail,24-02-2024,2024/03/03,3,8.0,Delayed,2588,14377.95,36368,21990.05
SHP_105538,SO_102817,WH_14,Air,11-02-2024,2024/02/16,5,5.0,On Time,1584,3838.55,16920,13081.45
SHP_105539,SO_103568,WH_09,Rail,14-07-2024,2024/07/23,4,9.0,Delayed,2532,9348.69,27728,18379.31
SHP_105540,SO_107082,WH_03,Sea,19-09-2024,2024/09/27,7,8.0,Delayed,702,14318.79,48539,34220.21
SHP_105541,SO_103951,WH_09,Sea,05-05-2024,2024/05/07,3,2.0,On Time,3792,8438.83,22952,14513.17
SHP_105542,SO_100385,WH_07,Road,23-03-2024,2024/03/30,4,7.0,Delayed,4773,4151.63,17613,13461.37
SHP_105543,SO_105070,WH_05,Road,28-12-2024,2025/01/01,6,4.0,On Time,1057,14036.43,46313,32276.57
SHP_105544,SO_105907,WH_13,Road,04-05-2024,2024/05/12,7,8.0,Delayed,4477,7134.47,18134,10999.53
SHP_105545,SO_100731,WH_12,Rail,03-11-2024,2024/11/12,7,9.0,Delayed,3618,12130.04,46202,34071.96
SHP_105546,SO_106376,WH_09,Rail,26-09-2024,2024/10/03,3,7.0,Delayed,641,8863.76,26769,17905.24
SHP_105547,SO_103330,WH_06,Sea,24-11-2024,2024/11/26,7,2.0,On Time,2479,10462.09,32598,22135.91
SHP_105548,SO_102370,WH_06,Road,07-04-2024,2024/04/09,5,2.0,On Time,4536,4330.84,14185,9854.16
SHP_105549,SO_109624,WH_12,Rail,08-09-2024,2024/09/18,6,10.0,Delayed,2967,7317.5,34818,27500.5
SHP_105550,SO_101329,WH_13,Air,29-06-2024,2024/07/02,4,3.0,On Time,4666,12143.78,36557,24413.22
SHP_105551,SO_109449,WH_15,Sea,14-09-2024,2024/09/21,7,7.0,On Time,502,7672.38,38126,30453.62
SHP_105552,SO_105008,WH_09,Rail,18-12-2024,2024/12/23,5,5.0,On Time,3007,9113.8,37900,28786.2
SHP_105553,SO_104188,WH_07,Air,22-11-2024,2024/11/24,6,2.0,On Time,3118,7078.75,32620,25541.25
SHP_105554,SO_109889,WH_03,Rail,22-11-2024,2024/11/26,3,4.0,Delayed,2120,8188.64,33233,25044.36
SHP_105555,SO_102034,WH_14,Road,19-09-2024,2024/09/27,4,8.0,Delayed,1746,9683.33,35129,25445.67
SHP_105556,SO_109262,WH_11,Sea,10-03-2024,2024/03/17,3,7.0,Delayed,2459,3968.3,17735,13766.7
SHP_105557,SO_108952,WH_07,Road,23-05-2024,2024/05/26,5,3.0,On Time,1380,1689.09,5855,4165.91
SHP_105558,SO_105552,WH_11,Sea,22-03-2024,2024/03/25,3,3.0,On Time,3018,9915.12,45500,35584.88
SHP_105559,SO_100042,WH_13,Air,07-06-2024,2024/06/11,6,4.0,On Time,1714,4842.68,21773,16930.32
SHP_105560,SO_107524,WH_14,Rail,18-09-2024,2024/09/20,3,2.0,On Time,3902,13881.72,41215,27333.28
SHP_105561,SO_105749,WH_14,Road,24-07-2024,2024/07/28,7,4.0,On Time,1352,8815.29,41415,32599.71
SHP_105562,SO_102226,WH_07,Air,08-08-2024,2024/08/17,4,9.0,Delayed,3869,3939.57,12305,8365.43
SHP_105563,SO_109558,WH_03,Road,04-01-2024,2024/01/10,5,6.0,Delayed,1641,10585.1,43393,32807.9
SHP_105564,SO_109978,WH_09,Sea,06-05-2024,2024/05/16,6,10.0,Delayed,526,17381.02,47724,30342.98
SHP_105565,SO_108402,WH_04,Road,27-12-2024,2025/01/03,3,7.0,Delayed,1871,-2500.32,8149,10649.32
SHP_105566,SO_102203,WH_02,Sea,14-05-2024,2024/05/22,6,8.0,Delayed,4271,15505.13,47935,32429.87
SHP_105567,SO_101070,WH_03,Sea,27-02-2024,2024/03/02,5,4.0,On Time,2085,2944.57,9046,6101.43
SHP_105568,SO_105915,WH_12,Air,03-07-2024,2024/07/05,5,2.0,On Time,1946,5753.91,23032,17278.09
SHP_105569,SO_106196,WH_04,Sea,20-04-2024,2024/04/28,6,8.0,Delayed,1044,18194.42,46911,28716.58
SHP_105570,SO_106185,WH_01,Air,23-06-2024,2024/07/03,5,10.0,Delayed,969,6562.57,19895,13332.43
SHP_105571,SO_103791,WH_10,Air,11-09-2024,2024/09/13,7,2.0,On Time,1427,4413.43,15881,11467.57
SHP_105572,SO_104004,WH_02,Air,06-12-2024,2024/12/11,3,5.0,Delayed,3278,5413.01,16447,11033.99
SHP_105573,SO_108220,WH_08,Sea,06-07-2024,2024/07/16,6,10.0,Delayed,882,2556.14,6657,4100.86
SHP_105574,SO_107313,WH_12,Road,15-06-2024,2024/06/20,3,5.0,Delayed,2889,16849.73,43567,26717.27
SHP_105575,SO_109199,WH_07,Rail,12-10-2024,2024/10/15,3,3.0,On Time,3350,12896.87,44904,32007.13
SHP_105576,SO_103674,WH_12,Road,24-08-2024,2024/08/30,5,6.0,Delayed,1569,5954.56,17822,11867.44
SHP_105577,SO_100434,WH_15,Road,25-04-2024,2024/05/02,4,7.0,Delayed,1084,8833.07,37479,28645.93
SHP_105578,SO_107559,WH_01,Road,25-12-2024,2024/12/27,6,2.0,On Time,2580,2581.89,7593,5011.11
SHP_105579,SO_102069,WH_06,Sea,09-01-2024,2024/01/13,4,4.0,On Time,4719,9848.34,27531,17682.66
SHP_105580,SO_107206,WH_13,Air,22-05-2024,2024/05/26,3,4.0,Delayed,1568,1499.95,5372,3872.05
SHP_105581,SO_104614,WH_05,Sea,29-01-2024,2024/02/02,5,4.0,On Time,510,2438.31,6834,4395.69
SHP_105582,SO_100864,WH_02,Rail,13-12-2024,2024/12/21,7,8.0,Delayed,4581,7458.87,34009,26550.13
SHP_105583,SO_103982,WH_02,Rail,30-04-2024,2024/05/07,7,7.0,On Time,1995,11995.62,31740,19744.38
SHP_105584,SO_103427,WH_03,Sea,18-05-2024,2024/05/22,3,4.0,Delayed,2350,7828.48,30948,23119.52
SHP_105585,SO_105329,WH_02,Sea,28-03-2024,2024/04/02,6,5.0,On Time,1769,1912.45,7864,5951.55
SHP_105586,SO_100580,WH_07,Road,16-08-2024,2024/08/20,7,4.0,On Time,960,2239.75,10466,8226.25
SHP_105587,SO_103120,WH_08,Sea,05-08-2024,2024/08/11,4,6.0,Delayed,3278,14974.22,38045,23070.78
SHP_105588,SO_100590,WH_14,Rail,28-04-2024,2024/05/01,7,3.0,On Time,2901,2021.67,8165,6143.33
SHP_105589,SO_108795,WH_03,Rail,24-03-2024,2024/03/30,6,6.0,On Time,818,11085.88,38652,27566.12
SHP_105590,SO_101051,WH_13,Air,01-02-2024,2024/02/10,5,9.0,Delayed,4358,6777.25,27690,20912.75
SHP_105591,SO_109604,WH_15,Sea,31-12-2024,2025/01/08,4,8.0,Delayed,4219,5458.89,26472,21013.11
SHP_105592,SO_107313,WH_10,Sea,26-01-2024,2024/01/31,6,5.0,On Time,3970,4291.63,11733,7441.37
SHP_105593,SO_106928,WH_13,Rail,03-12-2024,2024/12/07,3,4.0,Delayed,218,7968.24,39434,31465.76
SHP_105594,SO_104137,WH_06,Rail,05-05-2024,2024/05/10,4,5.0,Delayed,3494,14927.52,40076,25148.48
SHP_105595,SO_105317,WH_08,Air,13-09-2024,2024/09/17,3,4.0,Delayed,614,1697.91,7552,5854.09
SHP_105596,SO_108326,WH_09,Rail,24-08-2024,2024/08/26,3,2.0,On Time,2938,11564.95,32498,20933.05
SHP_105597,SO_109493,WH_05,Rail,26-07-2024,2024/07/30,6,4.0,On Time,1912,5403.64,19045,13641.36
SHP_105598,SO_101148,WH_14,Air,04-11-2024,2024/11/06,4,2.0,On Time,3633,1466.3,5192,3725.7
SHP_105599,SO_103193,WH_15,Sea,25-08-2024,2024/08/27,6,2.0,On Time,1669,2498.82,8931,6432.18
SHP_105600,SO_103383,WH_05,Air,12-04-2024,2024/04/15,7,3.0,On Time,2638,17010.42,44046,27035.58
SHP_105601,SO_101462,WH_15,Road,26-01-2024,2024/01/29,3,3.0,On Time,3162,15200.12,38830,23629.88
SHP_105602,SO_102714,WH_03,Road,16-01-2024,2024/01/26,4,10.0,Delayed,2060,3144.0,8666,5522.0
SHP_105603,SO_104720,WH_05,Sea,26-05-2024,2024/06/05,3,10.0,Delayed,3201,7251.09,29127,21875.91
SHP_105604,SO_101245,WH_10,Rail,24-09-2024,2024/09/26,5,2.0,On Time,570,3183.12,15835,12651.88
SHP_105605,SO_109801,WH_01,Road,14-02-2024,2024/02/21,5,7.0,Delayed,2020,7505.45,36316,28810.55
SHP_105606,SO_108454,WH_12,Air,29-06-2024,2024/07/01,5,2.0,On Time,4387,14794.0,42865,28071.0
SHP_105607,SO_106657,WH_11,Air,05-11-2024,2024/11/09,4,4.0,On Time,2232,8138.14,39335,31196.86
SHP_105608,SO_101976,WH_12,Rail,04-08-2024,2024/08/12,4,8.0,Delayed,5000,1621.0,5342,3721.0
SHP_105609,SO_106007,WH_09,Sea,08-03-2024,2024/03/18,6,10.0,Delayed,1779,5177.26,20471,15293.74
SHP_105610,SO_108503,WH_12,Air,05-09-2024,2024/09/09,3,4.0,Delayed,1853,16242.8,47909,31666.2
SHP_105611,SO_101796,WH_11,Road,01-06-2024,2024/06/09,6,8.0,Delayed,1610,9362.63,32019,22656.37
SHP_105612,SO_106745,WH_09,Sea,22-08-2024,2024/08/24,5,2.0,On Time,4707,3497.15,8858,5360.85
SHP_105613,SO_104657,WH_09,Air,10-01-2024,2024/01/19,4,9.0,Delayed,692,12698.33,34390,21691.67
SHP_105614,SO_106907,WH_06,Sea,29-03-2024,2024/04/03,4,5.0,Delayed,4420,15453.42,42064,26610.58
SHP_105615,SO_104879,WH_07,Rail,07-08-2024,2024/08/16,4,9.0,Delayed,2139,16718.88,47592,30873.12
SHP_105616,SO_107890,WH_14,Road,22-01-2024,2024/01/29,3,7.0,Delayed,1295,9641.53,36987,27345.47
SHP_105617,SO_103593,WH_07,Sea,19-10-2024,2024/10/29,5,10.0,Delayed,1497,4801.51,21036,16234.49
SHP_105618,SO_103845,WH_05,Air,27-01-2024,2024/01/29,5,2.0,On Time,3494,7893.48,22856,14962.52
SHP_105619,SO_106257,WH_15,Road,06-07-2024,2024/07/08,3,2.0,On Time,1694,3987.95,11885,7897.05
SHP_105620,SO_109927,WH_02,Sea,12-09-2024,2024/09/17,3,5.0,Delayed,2158,17998.74,48050,30051.26
SHP_105621,SO_108036,WH_06,Sea,04-02-2024,2024/02/07,6,3.0,On Time,2872,10899.06,35637,24737.94
SHP_105622,SO_104542,WH_02,Road,30-03-2024,2024/04/01,6,2.0,On Time,2712,7568.46,22888,15319.54
SHP_105623,SO_100973,WH_03,Rail,13-05-2024,2024/05/20,4,7.0,Delayed,3436,9889.14,30767,20877.86
SHP_105624,SO_104362,WH_10,Road,14-11-2024,2024/11/19,6,5.0,On Time,1206,12145.87,43432,31286.13
SHP_105625,SO_106274,WH_02,Road,19-05-2024,2024/05/28,4,9.0,Delayed,1489,6920.31,34291,27370.69
SHP_105626,SO_100508,WH_10,Rail,13-05-2024,2024/05/21,5,8.0,Delayed,1755,10594.4,42752,32157.6
SHP_105627,SO_103517,WH_09,Air,03-10-2024,2024/10/13,5,10.0,Delayed,1909,12964.24,47432,34467.76
SHP_105628,SO_102723,WH_08,Sea,01-11-2024,2024/11/10,5,9.0,Delayed,3423,4871.98,20895,16023.02
SHP_105629,SO_104058,WH_08,Air,26-05-2024,2024/06/01,4,6.0,Delayed,2365,4873.91,20125,15251.09
SHP_105630,SO_101876,WH_10,Sea,22-08-2024,2024/08/30,4,8.0,Delayed,1292,5832.29,15515,9682.71
SHP_105631,SO_107843,WH_12,Road,27-12-2024,2025/01/01,6,5.0,On Time,2422,11281.2,48266,36984.8
SHP_105632,SO_101794,WH_08,Rail,10-03-2024,2024/03/16,7,6.0,On Time,653,15392.55,42801,27408.45
SHP_105633,SO_101713,WH_07,Sea,20-01-2024,2024/01/23,5,3.0,On Time,1431,11781.87,35164,23382.13
SHP_105634,SO_102742,WH_09,Road,06-04-2024,2024/04/16,7,10.0,Delayed,2319,16018.79,48132,32113.21
SHP_105635,SO_107608,WH_13,Rail,24-01-2024,2024/01/27,4,3.0,On Time,4720,4108.09,10907,6798.91
SHP_105636,SO_106683,WH_11,Road,10-03-2024,2024/03/16,7,6.0,On Time,4329,5474.02,14501,9026.98
SHP_105637,SO_103524,WH_12,Rail,15-10-2024,2024/10/17,3,2.0,On Time,3474,5125.9,21820,16694.1
SHP_105638,SO_102244,WH_02,Road,20-11-2024,2024/11/22,7,2.0,On Time,2233,11781.25,45804,34022.75
SHP_105639,SO_107340,WH_11,Air,31-01-2024,2024/02/07,5,7.0,Delayed,962,6320.15,28712,22391.85
SHP_105640,SO_106390,WH_11,Sea,28-07-2024,2024/08/04,6,7.0,Delayed,2754,16658.1,47235,30576.9
SHP_105641,SO_108855,WH_08,Rail,13-08-2024,2024/08/20,3,7.0,Delayed,295,16433.27,47463,31029.73
SHP_105642,SO_101072,WH_14,Sea,15-02-2024,2024/02/22,3,7.0,Delayed,3823,10891.33,41118,30226.67
SHP_105643,SO_105157,WH_13,Road,05-08-2024,2024/08/12,3,7.0,Delayed,3633,1966.14,9342,7375.86
SHP_105644,SO_105916,WH_07,Sea,25-02-2024,2024/03/04,4,8.0,Delayed,2361,6661.93,16686,10024.07
SHP_105645,SO_106587,WH_03,Air,14-06-2024,2024/06/19,6,5.0,On Time,4473,10286.7,30674,20387.3
SHP_105646,SO_106754,WH_14,Air,10-01-2024,2024/01/17,3,7.0,Delayed,527,9343.72,44016,34672.28
SHP_105647,SO_101576,WH_15,Rail,07-10-2024,2024/10/11,5,4.0,On Time,3896,10073.89,46226,36152.11
SHP_105648,SO_105646,WH_04,Sea,16-02-2024,2024/02/19,4,3.0,On Time,596,15643.89,46992,31348.11
SHP_105649,SO_108241,WH_01,Rail,02-08-2024,2024/08/07,5,5.0,On Time,299,2543.54,8708,6164.46
SHP_105650,SO_103762,WH_01,Sea,25-01-2024,2024/02/01,6,7.0,Delayed,2588,6660.42,28678,22017.58
SHP_105651,SO_109074,WH_05,Road,14-07-2024,2024/07/19,5,5.0,On Time,2174,9903.01,49137,39233.99
SHP_105652,SO_106294,WH_01,Air,09-01-2024,2024/01/13,6,4.0,On Time,2817,5221.42,25180,19958.58
SHP_105653,SO_109301,WH_09,Sea,16-07-2024,2024/07/25,6,9.0,Delayed,1088,2226.65,7532,5305.35
SHP_105654,SO_104472,WH_13,Air,26-11-2024,2024/12/02,4,6.0,Delayed,4709,10613.78,39300,28686.22
SHP_105655,SO_101360,WH_05,Road,28-04-2024,2024/05/07,4,9.0,Delayed,2044,-18743.87,49980,68723.87
SHP_105656,SO_102637,WH_12,Air,29-01-2024,2024/01/31,7,2.0,On Time,3652,4212.9,12044,7831.1
SHP_105657,SO_101801,WH_08,Sea,08-05-2024,2024/05/17,6,9.0,Delayed,4009,7905.52,35492,27586.48
SHP_105658,SO_107065,WH_15,Sea,02-05-2024,2024/05/09,6,7.0,Delayed,3801,14059.61,46648,32588.39
SHP_105659,SO_106424,WH_15,Air,13-09-2024,2024/09/19,6,6.0,On Time,2558,9572.86,26473,16900.14
SHP_105660,SO_102824,WH_03,Sea,17-07-2024,2024/07/20,4,3.0,On Time,3008,16099.05,44565,28465.95
SHP_105661,SO_101289,WH_12,Rail,13-04-2024,2024/04/23,4,10.0,Delayed,914,11092.6,28276,17183.4
SHP_105662,SO_100052,WH_14,Sea,17-06-2024,2024/06/26,5,9.0,Delayed,1030,5848.77,21721,15872.23
SHP_105663,SO_108055,WH_02,Sea,11-10-2024,2024/10/19,3,8.0,Delayed,789,8508.49,21546,13037.51
SHP_105664,SO_107822,WH_11,Road,20-01-2024,2024/01/25,5,5.0,On Time,2628,7918.75,29338,21419.25
SHP_105665,SO_103353,WH_12,Sea,10-10-2024,2024/10/17,4,7.0,Delayed,2115,7179.95,19101,11921.05
SHP_105666,SO_107563,WH_15,Sea,15-02-2024,2024/02/19,4,4.0,On Time,2886,2238.26,10270,8031.74
SHP_105667,SO_101384,WH_13,Sea,22-11-2024,2024/12/01,4,9.0,Delayed,1601,5627.01,16962,11334.99
SHP_105668,SO_109109,WH_10,Rail,02-05-2024,2024/05/06,5,4.0,On Time,4401,3382.79,10059,6676.21
SHP_105669,SO_100024,WH_06,Rail,24-09-2024,2024/10/01,6,7.0,Delayed,4120,2482.0,6664,4182.0
SHP_105670,SO_107733,WH_01,Road,20-10-2024,2024/10/22,3,2.0,On Time,4136,3344.31,13670,10325.69
SHP_105671,SO_101981,WH_14,Air,24-03-2024,2024/03/28,5,4.0,On Time,2391,5688.98,27015,21326.02
SHP_105672,SO_104592,WH_14,Air,01-01-2024,2024/01/09,5,8.0,Delayed,555,12899.67,34167,21267.33
SHP_105673,SO_108959,WH_06,Rail,11-05-2024,2024/05/20,6,9.0,Delayed,4376,3391.33,14208,10816.67
SHP_105674,SO_101929,WH_03,Road,15-12-2024,2024/12/17,4,2.0,On Time,2976,5498.13,18726,13227.87
SHP_105675,SO_100039,WH_12,Road,25-03-2024,2024/03/27,5,2.0,On Time,4424,4543.37,17988,13444.63
SHP_105676,SO_103684,WH_08,Road,29-09-2024,2024/10/03,6,4.0,On Time,2535,5918.64,18522,12603.36
SHP_105677,SO_102262,WH_01,Road,19-11-2024,2024/11/24,3,5.0,Delayed,3206,4319.44,20616,16296.56
SHP_105678,SO_104305,WH_07,Rail,04-02-2024,2024/02/14,3,10.0,Delayed,1618,-2295.46,6721,9016.46
SHP_105679,SO_109801,WH_09,Road,22-04-2024,2024/04/27,4,5.0,Delayed,2919,2411.84,10050,7638.16
SHP_105680,SO_105642,WH_13,Rail,08-10-2024,2024/10/16,4,8.0,Delayed,424,2043.75,8873,6829.25
SHP_105681,SO_101211,WH_12,Sea,22-12-2024,2024/12/24,6,2.0,On Time,621,3825.75,18036,14210.25
SHP_105682,SO_104808,WH_08,Road,16-02-2024,2024/02/26,3,10.0,Delayed,2568,8346.69,36927,28580.31
SHP_105683,SO_107312,WH_09,Road,14-10-2024,2024/10/22,7,8.0,Delayed,1420,6671.84,24633,17961.16
SHP_105684,SO_102715,WH_07,Air,08-02-2024,2024/02/11,4,3.0,On Time,508,18438.03,46758,28319.97
SHP_105685,SO_101876,WH_09,Sea,29-10-2024,2024/11/06,3,8.0,Delayed,4960,11414.6,35422,24007.4
SHP_105686,SO_104028,WH_10,Air,26-12-2024,2025/01/02,4,7.0,Delayed,3727,5642.93,22787,17144.07
SHP_105687,SO_100184,WH_11,Rail,01-09-2024,2024/09/03,6,2.0,On Time,4858,1385.36,6408,5022.64
SHP_105688,SO_107241,WH_14,Rail,07-09-2024,2024/09/17,6,10.0,Delayed,3361,6417.97,25951,19533.03
SHP_105689,SO_103860,WH_13,Air,28-07-2024,2024/08/05,3,8.0,Delayed,4374,9824.02,30241,20416.98
SHP_105690,SO_101763,WH_03,Rail,25-12-2024,2024/12/28,7,3.0,On Time,2753,12452.49,40306,27853.51
SHP_105691,SO_104491,WH_02,Sea,21-12-2024,2024/12/23,4,2.0,On Time,226,12244.94,33319,21074.06
SHP_105692,SO_101352,WH_07,Rail,12-09-2024,2024/09/16,6,4.0,On Time,2776,11775.95,46744,34968.05
SHP_105693,SO_101217,WH_13,Road,07-08-2024,2024/08/14,3,7.0,Delayed,2568,15650.24,46433,30782.76
SHP_105694,SO_104434,WH_14,Road,29-04-2024,2024/05/06,4,7.0,Delayed,4715,14275.71,49630,35354.29
SHP_105695,SO_102567,WH_10,Road,27-03-2024,2024/04/01,3,5.0,Delayed,728,14763.16,48689,33925.84
SHP_105696,SO_101299,WH_04,Air,20-07-2024,2024/07/25,3,5.0,Delayed,1031,12796.7,32547,19750.3
SHP_105697,SO_101179,WH_01,Rail,06-03-2024,2024/03/10,6,4.0,On Time,4001,-3458.4,13493,16951.4
SHP_105698,SO_102049,WH_10,Air,13-10-2024,2024/10/17,6,4.0,On Time,1590,7403.83,34750,27346.17
SHP_105699,SO_103016,WH_15,Sea,20-12-2024,2024/12/30,4,10.0,Delayed,3577,2641.06,10372,7730.94
SHP_105700,SO_105369,WH_14,Air,19-06-2024,2024/06/21,6,2.0,On Time,4950,6490.97,29709,23218.03
SHP_105701,SO_106054,WH_01,Road,15-11-2024,2024/11/18,5,3.0,On Time,3161,10881.03,38647,27765.97
SHP_105702,SO_104472,WH_05,Sea,09-11-2024,2024/11/16,4,7.0,Delayed,4831,12121.13,36699,24577.87
SHP_105703,SO_107634,WH_01,Air,15-05-2024,2024/05/24,5,9.0,Delayed,3900,2273.8,10183,7909.2
SHP_105704,SO_107017,WH_06,Sea,31-07-2024,2024/08/09,7,9.0,Delayed,672,5148.53,16312,11163.47
SHP_105705,SO_109494,WH_10,Road,23-02-2024,2024/03/03,6,9.0,Delayed,3545,6906.25,22643,15736.75
SHP_105706,SO_108062,WH_08,Sea,28-09-2024,2024/10/04,4,6.0,Delayed,1201,6277.7,27927,21649.3
SHP_105707,SO_102795,WH_11,Road,16-07-2024,2024/07/19,3,3.0,On Time,1003,5016.78,19499,14482.22
SHP_105708,SO_106540,WH_01,Road,24-09-2024,2024/10/02,3,8.0,Delayed,408,3962.13,11937,7974.87
SHP_105709,SO_101680,WH_07,Air,05-12-2024,2024/12/15,5,10.0,Delayed,4878,11547.54,42575,31027.46
SHP_105710,SO_104385,WH_04,Road,15-09-2024,2024/09/22,4,7.0,Delayed,2825,12280.39,43166,30885.61
SHP_105711,SO_109620,WH_06,Sea,24-01-2024,2024/01/28,4,4.0,On Time,1895,5683.49,18971,13287.51
SHP_105712,SO_100427,WH_14,Road,03-08-2024,2024/08/07,7,4.0,On Time,555,10800.89,39183,28382.11
SHP_105713,SO_106877,WH_03,Sea,30-05-2024,2024/06/01,5,2.0,On Time,2014,11572.98,33869,22296.02
SHP_105714,SO_102245,WH_13,Rail,21-07-2024,2024/07/27,7,6.0,On Time,401,1735.53,5944,4208.47
SHP_105715,SO_105032,WH_11,Air,07-11-2024,2024/11/11,5,4.0,On Time,4007,11133.54,46504,35370.46
SHP_105716,SO_104477,WH_09,Sea,08-05-2024,2024/05/14,5,6.0,Delayed,3336,4481.5,22381,17899.5
SHP_105717,SO_102287,WH_05,Air,11-01-2024,2024/01/13,6,2.0,On Time,2821,2059.27,6413,4353.73
SHP_105718,SO_107203,WH_15,Road,05-06-2024,2024/06/08,6,3.0,On Time,902,14037.59,35479,21441.41
SHP_105719,SO_109597,WH_14,Sea,22-10-2024,2024/10/27,3,5.0,Delayed,4479,7988.54,32008,24019.46
SHP_105720,SO_100809,WH_08,Road,28-10-2024,2024/10/31,5,3.0,On Time,805,3022.71,11153,8130.29
SHP_105721,SO_104509,WH_01,Sea,09-02-2024,2024/02/11,4,2.0,On Time,1613,2046.63,9513,7466.37
SHP_105722,SO_101659,WH_06,Road,01-12-2024,2024/12/10,7,9.0,Delayed,1018,7403.0,34359,26956.0
SHP_105723,SO_101359,WH_07,Sea,03-11-2024,2024/11/07,3,4.0,Delayed,605,10460.75,31737,21276.25
SHP_105724,SO_102201,WH_05,Air,08-06-2024,2024/06/18,7,10.0,Delayed,2803,7382.38,21814,14431.62
SHP_105725,SO_104192,WH_09,Rail,31-08-2024,2024/09/05,7,5.0,On Time,2146,9986.68,32845,22858.32
SHP_105726,SO_103617,WH_12,Sea,10-04-2024,2024/04/19,3,9.0,Delayed,1335,9251.5,45764,36512.5
SHP_105727,SO_106210,WH_10,Air,23-10-2024,2024/10/29,3,6.0,Delayed,4004,11021.98,36739,25717.02
SHP_105728,SO_105522,WH_11,Rail,30-10-2024,2024/11/09,5,10.0,Delayed,515,9627.71,39440,29812.29
SHP_105729,SO_100487,WH_07,Air,26-10-2024,2024/11/05,4,10.0,Delayed,661,3595.61,9218,5622.39
SHP_105730,SO_106756,WH_09,Road,11-06-2024,2024/06/13,6,2.0,On Time,1613,4149.59,18412,14262.41
SHP_105731,SO_105517,WH_06,Rail,17-12-2024,2024/12/20,3,3.0,On Time,719,9613.4,36785,27171.6
SHP_105732,SO_106599,WH_15,Air,26-08-2024,2024/08/28,7,2.0,On Time,2636,-4899.01,19299,24198.01
SHP_105733,SO_102029,WH_09,Sea,12-02-2024,2024/02/14,7,2.0,On Time,3697,6080.43,28917,22836.57
SHP_105734,SO_105567,WH_04,Road,06-03-2024,2024/03/13,3,7.0,Delayed,1187,14486.97,46684,32197.03
SHP_105735,SO_101252,WH_12,Road,12-05-2024,2024/05/21,3,9.0,Delayed,873,7893.73,32717,24823.27
SHP_105736,SO_100090,WH_07,Air,25-03-2024,2024/03/29,3,,Delayed,1934,2005.09,9625,7619.91
SHP_105737,SO_100065,WH_07,Sea,15-03-2024,2024/03/20,5,5.0,On Time,2953,12484.14,31327,18842.86
SHP_105738,SO_104398,WH_14,Sea,18-05-2024,2024/05/27,3,9.0,Delayed,2423,16595.69,49461,32865.31
SHP_105739,SO_105682,WH_01,Air,27-10-2024,2024/11/05,3,9.0,Delayed,2904,13442.32,33822,20379.68
SHP_105740,SO_105247,WH_07,Air,07-04-2024,2024/04/17,4,10.0,Delayed,1363,3852.2,10242,6389.8
SHP_105741,SO_107921,WH_10,Rail,23-06-2024,2024/06/29,4,6.0,Delayed,2502,6078.03,20812,14733.97
SHP_105742,SO_104299,WH_11,Sea,25-08-2024,2024/09/02,7,8.0,Delayed,4077,1682.12,5360,3677.88
SHP_105743,SO_104685,WH_12,Sea,19-08-2024,2024/08/27,7,8.0,Delayed,1911,2847.76,10404,7556.24
SHP_105744,SO_106448,WH_13,Rail,21-06-2024,2024/06/29,4,8.0,Delayed,750,12606.49,37030,24423.51
SHP_105745,SO_102054,WH_12,Road,04-03-2024,2024/03/06,5,2.0,On Time,1259,9822.94,31862,22039.06
SHP_105746,SO_105756,WH_02,Rail,16-03-2024,2024/03/21,5,,Delayed,1876,2446.34,8025,5578.66
SHP_105747,SO_100990,WH_14,Air,18-10-2024,2024/10/22,3,4.0,Delayed,426,11612.66,36464,24851.34
SHP_105748,SO_108408,WH_07,Road,03-08-2024,2024/08/12,5,9.0,Delayed,1268,10803.92,44800,33996.08
SHP_105749,SO_101652,WH_15,Rail,29-08-2024,2024/09/07,4,9.0,Delayed,907,8913.59,30382,21468.41
SHP_105750,SO_104990,WH_04,Sea,06-08-2024,2024/08/11,4,5.0,Delayed,3732,9127.68,28137,19009.32
SHP_105751,SO_104144,WH_10,Rail,13-10-2024,2024/10/23,5,10.0,Delayed,2303,3114.46,13951,10836.54
SHP_105752,SO_101917,WH_03,Road,20-02-2024,2024/02/26,6,6.0,On Time,4356,3959.24,18606,14646.76
SHP_105753,SO_108758,WH_02,Sea,24-11-2024,2024/12/03,4,9.0,Delayed,1877,9575.33,24500,14924.67
SHP_105754,SO_105143,WH_08,Air,27-12-2024,2025/01/03,3,7.0,Delayed,3765,5138.16,21399,16260.84
SHP_105755,SO_100034,WH_12,Air,08-08-2024,2024/08/12,7,4.0,On Time,339,5623.33,17622,11998.67
SHP_105756,SO_102699,WH_09,Road,04-02-2024,2024/02/14,4,10.0,Delayed,1777,9469.94,33446,23976.06
SHP_105757,SO_104050,WH_14,Road,21-10-2024,2024/10/30,4,9.0,Delayed,1122,9087.84,27751,18663.16
SHP_105758,SO_100982,WH_01,Sea,21-05-2024,2024/05/26,7,5.0,On Time,1260,2579.12,10800,8220.88
SHP_105759,SO_107624,WH_07,Sea,08-02-2024,2024/02/15,5,7.0,Delayed,3270,9669.24,29631,19961.76
SHP_105760,SO_101653,WH_04,Road,04-09-2024,2024/09/11,4,7.0,Delayed,2808,9896.23,26828,16931.77
SHP_105761,SO_107615,WH_03,Sea,22-09-2024,2024/09/24,7,2.0,On Time,4249,2788.06,11031,8242.94
SHP_105762,SO_101497,WH_02,Rail,24-05-2024,2024/06/03,4,10.0,Delayed,3726,1987.75,8227,6239.25
SHP_105763,SO_105894,WH_13,Road,26-03-2024,2024/03/29,7,3.0,On Time,4887,7230.06,29292,22061.94
SHP_105764,SO_109532,WH_15,Road,12-08-2024,2024/08/21,6,9.0,Delayed,3048,4425.31,14869,10443.69
SHP_105765,SO_100153,WH_03,Sea,25-05-2024,2024/05/29,3,4.0,Delayed,2868,13890.66,46366,32475.34
SHP_105766,SO_109257,WH_01,Air,23-08-2024,2024/08/29,3,6.0,Delayed,4032,4665.46,14835,10169.54
SHP_105767,SO_108131,WH_11,Air,02-06-2024,2024/06/06,4,4.0,On Time,647,4540.44,21549,17008.56
SHP_105768,SO_100435,WH_06,Air,06-09-2024,2024/09/14,6,8.0,Delayed,3885,9250.17,39596,30345.83
SHP_105769,SO_103552,WH_11,Rail,24-08-2024,2024/09/03,6,10.0,Delayed,2652,14008.28,39802,25793.72
SHP_105770,SO_108413,WH_01,Road,04-02-2024,2024/02/08,4,4.0,On Time,4220,15739.12,47382,31642.88
SHP_105771,SO_108097,WH_11,Air,25-07-2024,2024/07/31,4,6.0,Delayed,3791,6100.14,16492,10391.86
SHP_105772,SO_103471,WH_08,Air,20-05-2024,2024/05/24,7,4.0,On Time,478,3630.62,9287,5656.38
SHP_105773,SO_105636,WH_08,Road,25-12-2024,2025/01/01,3,7.0,Delayed,2322,4043.57,15558,11514.43
SHP_105774,SO_107093,WH_04,Rail,14-11-2024,2024/11/17,6,3.0,On Time,2413,-5560.57,14869,20429.57
SHP_105775,SO_101056,WH_05,Rail,03-09-2024,2024/09/07,7,4.0,On Time,1732,3700.73,12527,8826.27
SHP_105776,SO_109551,WH_14,Sea,14-02-2024,2024/02/16,5,2.0,On Time,700,3194.67,10277,7082.33
SHP_105777,SO_109428,WH_12,Rail,30-01-2024,2024/02/04,6,5.0,On Time,2194,5688.18,26841,21152.82
SHP_105778,SO_103124,WH_15,Road,06-06-2024,2024/06/08,3,2.0,On Time,4104,3774.95,11194,7419.05
SHP_105779,SO_105366,WH_09,Rail,06-07-2024,2024/07/13,6,7.0,Delayed,2535,6957.72,22639,15681.28
SHP_105780,SO_100705,WH_15,Road,05-06-2024,2024/06/12,6,7.0,Delayed,4819,9723.83,42256,32532.17
SHP_105781,SO_108200,WH_02,Sea,05-08-2024,2024/08/13,6,8.0,Delayed,4558,10898.01,41455,30556.99
SHP_105782,SO_101846,WH_04,Rail,01-02-2024,2024/02/09,4,8.0,Delayed,2816,10023.27,25561,15537.73
SHP_105783,SO_100105,WH_02,Road,02-11-2024,2024/11/06,3,4.0,Delayed,2497,14410.84,38580,24169.16
SHP_105784,SO_100997,WH_08,Road,19-10-2024,2024/10/29,6,10.0,Delayed,621,5641.85,20308,14666.15
SHP_105785,SO_105987,WH_02,Air,31-07-2024,2024/08/06,6,6.0,On Time,1325,12442.57,40528,28085.43
SHP_105786,SO_105860,WH_09,Air,12-02-2024,2024/02/14,4,2.0,On Time,4687,11205.6,39119,27913.4
SHP_105787,SO_103355,WH_03,Road,14-11-2024,2024/11/24,4,10.0,Delayed,3374,2377.14,8615,6237.86
SHP_105788,SO_107861,WH_15,Rail,13-12-2024,2024/12/15,3,2.0,On Time,945,2755.89,11042,8286.11
SHP_105789,SO_103794,WH_08,Rail,05-08-2024,2024/08/13,6,8.0,Delayed,1044,10887.84,30595,19707.16
SHP_105790,SO_106325,WH_08,Road,16-07-2024,2024/07/18,7,2.0,On Time,3812,14132.01,44059,29926.99
SHP_105791,SO_100390,WH_08,Road,12-05-2024,2024/05/15,7,3.0,On Time,3954,10698.97,32849,22150.03
SHP_105792,SO_102718,WH_09,Rail,17-05-2024,2024/05/20,3,3.0,On Time,1039,19161.19,49929,30767.81
SHP_105793,SO_101044,WH_07,Air,25-01-2024,2024/01/31,5,6.0,Delayed,2593,6092.5,24907,18814.5
SHP_105794,SO_103251,WH_10,Road,16-12-2024,2024/12/23,7,7.0,On Time,1033,7444.94,25710,18265.06
SHP_105795,SO_100387,WH_02,Sea,06-03-2024,2024/03/09,4,3.0,On Time,917,18621.18,49148,30526.82
SHP_105796,SO_106427,WH_11,Sea,20-11-2024,2024/11/22,5,2.0,On Time,235,5731.28,26790,21058.72
SHP_105797,SO_104913,WH_15,Air,09-04-2024,2024/04/12,6,3.0,On Time,1125,16629.51,42683,26053.49
SHP_105798,SO_101377,WH_05,Rail,08-05-2024,2024/05/14,4,6.0,Delayed,389,10410.43,41447,31036.57
SHP_105799,SO_105926,WH_05,Air,29-01-2024,2024/02/03,4,5.0,Delayed,4282,2135.12,9273,7137.88
SHP_105800,SO_103244,WH_04,Air,10-01-2024,2024/01/13,3,3.0,On Time,3201,11639.42,32365,20725.58
SHP_105801,SO_108863,WH_03,Air,05-12-2024,2024/12/10,4,5.0,Delayed,2238,1556.32,6957,5400.68
SHP_105802,SO_102542,WH_02,Air,10-11-2024,2024/11/12,5,2.0,On Time,2349,2264.04,9469,7204.96
SHP_105803,SO_101884,WH_06,Road,18-06-2024,2024/06/25,3,7.0,Delayed,2852,10715.9,46938,36222.1
SHP_105804,SO_101927,WH_15,Sea,14-10-2024,2024/10/16,5,2.0,On Time,2801,11116.79,44012,32895.21
SHP_105805,SO_105544,WH_10,Road,25-01-2024,2024/01/29,4,,Delayed,3240,2348.12,8802,6453.88
SHP_105806,SO_100403,WH_15,Road,09-09-2024,2024/09/19,6,10.0,Delayed,524,8134.6,22231,14096.4
SHP_105807,SO_101710,WH_04,Rail,11-07-2024,2024/07/13,7,2.0,On Time,4027,6904.93,19068,12163.07
SHP_105808,SO_106153,WH_06,Air,08-08-2024,2024/08/14,7,6.0,On Time,382,2968.21,9773,6804.79
SHP_105809,SO_100612,WH_13,Rail,11-06-2024,2024/06/18,6,7.0,Delayed,4523,12215.51,37950,25734.49
SHP_105810,SO_102535,WH_08,Road,19-05-2024,2024/05/23,5,4.0,On Time,2285,2732.63,10597,7864.37
SHP_105811,SO_109524,WH_13,Road,14-07-2024,2024/07/17,4,3.0,On Time,709,2123.13,8901,6777.87
SHP_105812,SO_108961,WH_02,Air,30-08-2024,2024/09/04,4,5.0,Delayed,1515,8986.15,34384,25397.85
SHP_105813,SO_104479,WH_15,Air,12-02-2024,2024/02/21,6,9.0,Delayed,2350,15974.03,41569,25594.97
SHP_105814,SO_108203,WH_14,Road,25-03-2024,2024/04/04,3,10.0,Delayed,4520,11506.44,31782,20275.56
SHP_105815,SO_108285,WH_08,Air,12-11-2024,2024/11/16,7,4.0,On Time,618,10806.29,31560,20753.71
SHP_105816,SO_105033,WH_10,Road,17-09-2024,2024/09/26,4,9.0,Delayed,4739,6837.41,30504,23666.59
SHP_105817,SO_108824,WH_06,Rail,28-09-2024,2024/10/03,6,5.0,On Time,4103,5970.89,15750,9779.11
SHP_105818,SO_105092,WH_15,Sea,02-07-2024,2024/07/10,7,8.0,Delayed,2259,2551.93,10886,8334.07
SHP_105819,SO_102751,WH_10,Road,10-11-2024,2024/11/12,6,2.0,On Time,1112,2945.52,14548,11602.48
SHP_105820,SO_100470,WH_14,Rail,06-04-2024,2024/04/10,7,4.0,On Time,2399,9319.55,33065,23745.45
SHP_105821,SO_101174,WH_06,Rail,27-12-2024,2025/01/05,6,9.0,Delayed,4999,3584.09,13542,9957.91
SHP_105822,SO_107004,WH_10,Sea,07-12-2024,2024/12/14,4,7.0,Delayed,3117,1324.82,6419,5094.18
SHP_105823,SO_100800,WH_08,Rail,02-12-2024,2024/12/06,5,4.0,On Time,2268,9926.78,27658,17731.22
SHP_105824,SO_109006,WH_05,Air,18-03-2024,2024/03/27,6,9.0,Delayed,2577,3540.71,11682,8141.29
SHP_105825,SO_103339,WH_08,Road,12-01-2024,2024/01/21,6,9.0,Delayed,2642,16244.45,48704,32459.55
SHP_105826,SO_104816,WH_13,Sea,18-12-2024,2024/12/21,7,3.0,On Time,4973,8166.38,29387,21220.62
SHP_105827,SO_106907,WH_01,Rail,14-05-2024,2024/05/16,5,2.0,On Time,557,5536.52,18102,12565.48
SHP_105828,SO_102708,WH_14,Air,16-01-2024,2024/01/23,7,7.0,On Time,4223,3179.9,11798,8618.1
SHP_105829,SO_108324,WH_14,Road,22-11-2024,2024/11/27,6,5.0,On Time,2066,6903.94,27831,20927.06
SHP_105830,SO_105736,WH_05,Road,27-08-2024,2024/08/29,6,2.0,On Time,3440,17367.17,49541,32173.83
SHP_105831,SO_109823,WH_07,Sea,28-09-2024,2024/10/01,6,3.0,On Time,4551,10120.14,26117,15996.86
SHP_105832,SO_103488,WH_10,Road,29-07-2024,2024/08/02,7,4.0,On Time,4191,3138.65,12294,9155.35
SHP_105833,SO_105076,WH_06,Rail,16-06-2024,2024/06/19,5,3.0,On Time,1516,12432.78,41912,29479.22
SHP_105834,SO_106794,WH_02,Rail,02-08-2024,2024/08/08,7,6.0,On Time,2287,4601.25,17940,13338.75
SHP_105835,SO_109719,WH_12,Air,25-10-2024,2024/11/04,6,10.0,Delayed,3994,9522.97,30435,20912.03
SHP_105836,SO_101924,WH_12,Road,31-05-2024,2024/06/10,7,10.0,Delayed,2990,9210.9,30956,21745.1
SHP_105837,SO_104360,WH_07,Road,23-11-2024,2024/12/01,3,8.0,Delayed,1090,16906.39,46362,29455.61
SHP_105838,SO_103786,WH_08,Rail,19-05-2024,2024/05/24,7,5.0,On Time,4740,4587.77,20198,15610.23
SHP_105839,SO_103068,WH_10,Rail,09-10-2024,2024/10/13,3,4.0,Delayed,4791,6652.78,24435,17782.22
SHP_105840,SO_104498,WH_11,Sea,05-02-2024,2024/02/11,5,6.0,Delayed,3134,2853.98,13566,10712.02
SHP_105841,SO_106515,WH_09,Sea,26-09-2024,2024/10/01,3,5.0,Delayed,377,3687.43,9929,6241.57
SHP_105842,SO_102004,WH_12,Road,18-11-2024,2024/11/20,3,2.0,On Time,4474,12525.81,36217,23691.19
SHP_105843,SO_109227,WH_14,Air,08-01-2024,2024/01/10,7,,Delayed,745,14021.82,35467,21445.18
SHP_105844,SO_102777,WH_04,Road,24-05-2024,2024/05/29,4,5.0,Delayed,3892,4619.47,12484,7864.53
SHP_105845,SO_105722,WH_08,Road,16-06-2024,2024/06/23,6,7.0,Delayed,4366,3991.12,10735,6743.88
SHP_105846,SO_100033,WH_10,Rail,11-08-2024,2024/08/21,6,10.0,Delayed,331,7858.72,33668,25809.28
SHP_105847,SO_107462,WH_09,Rail,26-01-2024,2024/01/31,4,5.0,Delayed,4105,10228.49,41799,31570.51
SHP_105848,SO_107823,WH_09,Air,29-05-2024,2024/06/01,7,3.0,On Time,3155,10140.32,27680,17539.68
SHP_105849,SO_104073,WH_01,Sea,27-09-2024,2024/10/02,6,5.0,On Time,255,2590.06,9130,6539.94
SHP_105850,SO_108843,WH_05,Road,22-12-2024,2024/12/30,3,8.0,Delayed,3888,13557.56,47415,33857.44
SHP_105851,SO_101914,WH_09,Road,04-03-2024,2024/03/12,3,8.0,Delayed,3230,13945.48,38690,24744.52
SHP_105852,SO_107006,WH_04,Road,25-10-2024,2024/10/28,4,3.0,On Time,822,10427.91,34355,23927.09
SHP_105853,SO_109973,WH_01,Air,25-06-2024,2024/07/03,6,8.0,Delayed,1387,5480.75,24030,18549.25
SHP_105854,SO_106772,WH_03,Rail,17-11-2024,2024/11/24,7,7.0,On Time,4079,7116.68,18160,11043.32
SHP_105855,SO_102908,WH_09,Sea,17-08-2024,2024/08/23,3,6.0,Delayed,2251,12422.43,34413,21990.57
SHP_105856,SO_100079,WH_04,Road,13-12-2024,2024/12/21,5,8.0,Delayed,2145,7022.62,20344,13321.38
SHP_105857,SO_107571,WH_02,Air,03-06-2024,2024/06/07,5,4.0,On Time,3656,8087.66,39825,31737.34
SHP_105858,SO_103643,WH_04,Air,25-11-2024,2024/11/27,5,2.0,On Time,4973,6074.08,25469,19394.92
SHP_105859,SO_100612,WH_08,Air,26-09-2024,2024/09/30,5,,Delayed,4539,4544.88,17559,13014.12
SHP_105860,SO_104968,WH_09,Air,16-07-2024,2024/07/24,7,8.0,Delayed,2982,13471.1,47167,33695.9
SHP_105861,SO_104408,WH_01,Road,06-06-2024,2024/06/16,5,10.0,Delayed,3976,15557.94,41845,26287.06
SHP_105862,SO_106910,WH_12,Sea,14-09-2024,2024/09/22,3,8.0,Delayed,2255,11472.99,39162,27689.01
SHP_105863,SO_102947,WH_09,Air,14-07-2024,2024/07/17,3,3.0,On Time,317,9665.39,34599,24933.61
SHP_105864,SO_101113,WH_07,Road,13-10-2024,2024/10/18,5,5.0,On Time,3287,2629.5,8604,5974.5
SHP_105865,SO_100804,WH_05,Air,04-10-2024,2024/10/06,3,2.0,On Time,392,17402.28,44046,26643.72
SHP_105866,SO_108200,WH_09,Sea,08-11-2024,2024/11/12,4,4.0,On Time,2303,9750.58,47082,37331.42
SHP_105867,SO_101093,WH_04,Air,03-10-2024,2024/10/11,7,8.0,Delayed,2414,2632.63,7031,4398.37
SHP_105868,SO_101593,WH_14,Road,27-01-2024,2024/01/30,4,3.0,On Time,2331,8183.08,28099,19915.92
SHP_105869,SO_100330,WH_12,Air,19-04-2024,2024/04/27,3,8.0,Delayed,1382,3645.27,17885,14239.73
SHP_105870,SO_105615,WH_04,Rail,20-04-2024,2024/04/27,4,7.0,Delayed,3312,14469.66,48312,33842.34
SHP_105871,SO_109109,WH_07,Sea,03-04-2024,2024/04/13,7,10.0,Delayed,1448,5934.66,15864,9929.34
SHP_105872,SO_109303,WH_04,Sea,22-09-2024,2024/09/27,3,5.0,Delayed,472,3401.13,10104,6702.87
SHP_105873,SO_107938,WH_07,Sea,25-08-2024,2024/09/02,7,8.0,Delayed,855,14980.27,40895,25914.73
SHP_105874,SO_108555,WH_02,Air,09-07-2024,2024/07/11,7,2.0,On Time,1368,4581.93,15592,11010.07
SHP_105875,SO_106948,WH_09,Road,05-05-2024,2024/05/15,4,10.0,Delayed,2895,1424.07,6161,4736.93
SHP_105876,SO_102363,WH_11,Air,19-10-2024,2024/10/28,6,9.0,Delayed,4430,15392.99,39806,24413.01
SHP_105877,SO_104769,WH_08,Air,08-05-2024,2024/05/16,4,8.0,Delayed,4737,11663.12,39034,27370.88
SHP_105878,SO_106172,WH_11,Rail,02-01-2024,2024/01/10,5,8.0,Delayed,3179,6259.89,16140,9880.11
SHP_105879,SO_109112,WH_06,Sea,28-04-2024,2024/04/30,5,2.0,On Time,2703,4423.45,14601,10177.55
SHP_105880,SO_106313,WH_12,Sea,16-06-2024,2024/06/26,4,10.0,Delayed,4066,13258.34,37162,23903.66
SHP_105881,SO_107379,WH_02,Air,22-12-2024,2025/01/01,3,10.0,Delayed,969,10898.45,37837,26938.55
SHP_105882,SO_103766,WH_08,Air,15-12-2024,2024/12/21,4,6.0,Delayed,853,4664.68,12928,8263.32
SHP_105883,SO_109578,WH_10,Air,20-01-2024,2024/01/24,3,4.0,Delayed,4942,7241.34,24174,16932.66
SHP_105884,SO_104376,WH_02,Rail,05-10-2024,2024/10/08,3,3.0,On Time,213,5502.81,20388,14885.19
SHP_105885,SO_106142,WH_07,Sea,18-06-2024,2024/06/28,4,10.0,Delayed,2075,9503.45,26806,17302.55
SHP_105886,SO_108417,WH_15,Sea,28-10-2024,2024/11/03,4,6.0,Delayed,1147,10689.14,44652,33962.86
SHP_105887,SO_102227,WH_09,Rail,08-11-2024,2024/11/11,5,3.0,On Time,2398,6747.28,33151,26403.72
SHP_105888,SO_102111,WH_14,Road,18-03-2024,2024/03/20,7,2.0,On Time,4612,3802.89,10994,7191.11
SHP_105889,SO_105337,WH_10,Rail,13-05-2024,2024/05/21,6,8.0,Delayed,1951,10534.77,39697,29162.23
SHP_105890,SO_100757,WH_09,Road,29-10-2024,2024/11/01,6,3.0,On Time,1314,13498.64,43035,29536.36
SHP_105891,SO_101875,WH_14,Sea,14-07-2024,2024/07/21,4,7.0,Delayed,3680,10592.92,34745,24152.08
SHP_105892,SO_108754,WH_14,Road,12-12-2024,2024/12/22,7,10.0,Delayed,720,2473.73,8831,6357.27
SHP_105893,SO_100530,WH_11,Sea,24-03-2024,2024/03/27,4,3.0,On Time,2372,13904.63,35192,21287.37
SHP_105894,SO_101128,WH_07,Rail,06-07-2024,2024/07/14,4,8.0,Delayed,3986,12525.36,36702,24176.64
SHP_105895,SO_107539,WH_10,Sea,24-06-2024,2024/06/27,3,3.0,On Time,868,5123.59,19276,14152.41
SHP_105896,SO_109495,WH_09,Sea,13-07-2024,2024/07/22,7,9.0,Delayed,3811,1353.16,6168,4814.84
SHP_105897,SO_103658,WH_02,Road,18-07-2024,2024/07/26,5,8.0,Delayed,1968,3938.56,17262,13323.44
SHP_105898,SO_102509,WH_15,Road,25-06-2024,2024/07/03,6,8.0,Delayed,3095,6411.22,27329,20917.78
SHP_105899,SO_106241,WH_13,Road,16-05-2024,2024/05/24,4,8.0,Delayed,1952,13108.13,46923,33814.87
SHP_105900,SO_103589,WH_14,Air,12-11-2024,2024/11/21,6,9.0,Delayed,2057,3570.74,15824,12253.26
SHP_105901,SO_109813,WH_11,Road,16-04-2024,2024/04/25,5,9.0,Delayed,3218,4907.21,19117,14209.79
SHP_105902,SO_105900,WH_07,Sea,29-07-2024,2024/08/03,5,5.0,On Time,3133,13744.55,44472,30727.45
SHP_105903,SO_105684,WH_02,Air,25-12-2024,2025/01/04,3,10.0,Delayed,238,1576.63,6852,5275.37
SHP_105904,SO_103351,WH_09,Road,09-09-2024,2024/09/13,5,,Delayed,3731,4863.83,16178,11314.17
SHP_105905,SO_108799,WH_08,Sea,25-03-2024,2024/03/30,7,5.0,On Time,3837,10357.01,33173,22815.99
SHP_105906,SO_107449,WH_06,Road,28-12-2024,2025/01/01,5,4.0,On Time,4748,13150.08,37059,23908.92
SHP_105907,SO_109473,WH_01,Sea,22-03-2024,2024/03/29,7,7.0,On Time,1312,11487.38,32867,21379.62
SHP_105908,SO_102981,WH_06,Air,08-06-2024,2024/06/17,6,9.0,Delayed,2857,-4983.28,19543,24526.28
SHP_105909,SO_103035,WH_02,Rail,25-03-2024,2024/03/31,4,6.0,Delayed,4776,5855.06,16121,10265.94
SHP_105910,SO_103531,WH_03,Sea,12-11-2024,2024/11/22,6,10.0,Delayed,1338,6729.72,22754,16024.28
SHP_105911,SO_102101,WH_06,Sea,17-10-2024,2024/10/27,5,10.0,Delayed,2294,9766.75,26905,17138.25
SHP_105912,SO_108421,WH_09,Sea,15-02-2024,2024/02/17,5,2.0,On Time,4303,12539.78,33146,20606.22
SHP_105913,SO_105416,WH_02,Road,19-10-2024,2024/10/24,4,5.0,Delayed,2347,6699.76,21674,14974.24
SHP_105914,SO_104890,WH_13,Rail,04-08-2024,2024/08/12,5,8.0,Delayed,1459,17074.96,43042,25967.04
SHP_105915,SO_103560,WH_04,Air,10-03-2024,2024/03/19,3,9.0,Delayed,4486,17094.7,47614,30519.3
SHP_105916,SO_101045,WH_03,Rail,11-07-2024,2024/07/15,6,4.0,On Time,1892,6266.06,30261,23994.94
SHP_105917,SO_104250,WH_11,Air,15-04-2024,2024/04/25,7,10.0,Delayed,710,3036.55,11791,8754.45
SHP_105918,SO_103718,WH_08,Rail,05-07-2024,2024/07/11,4,6.0,Delayed,2970,4858.71,21827,16968.29
SHP_105919,SO_105775,WH_14,Road,08-07-2024,2024/07/12,7,4.0,On Time,413,5363.99,21773,16409.01
SHP_105920,SO_109354,WH_11,Road,16-04-2024,2024/04/23,5,7.0,Delayed,4622,6048.27,22583,16534.73
SHP_105921,SO_100571,WH_02,Air,03-06-2024,2024/06/05,3,2.0,On Time,248,5816.38,26960,21143.62
SHP_105922,SO_103724,WH_09,Sea,09-05-2024,2024/05/17,3,8.0,Delayed,1936,9254.41,31765,22510.59
SHP_105923,SO_108297,WH_03,Sea,14-02-2024,2024/02/24,3,10.0,Delayed,1123,-5686.15,24946,30632.15
SHP_105924,SO_101192,WH_01,Sea,27-11-2024,2024/12/05,3,8.0,Delayed,2336,2199.13,6002,3802.87
SHP_105925,SO_103891,WH_01,Air,06-02-2024,2024/02/13,3,7.0,Delayed,4198,13972.85,37418,23445.15
SHP_105926,SO_100571,WH_09,Rail,01-09-2024,2024/09/06,3,5.0,Delayed,3882,6231.82,29594,23362.18
SHP_105927,SO_101343,WH_10,Road,20-08-2024,2024/08/27,5,7.0,Delayed,1567,9045.34,29169,20123.66
SHP_105928,SO_107449,WH_09,Sea,10-04-2024,2024/04/16,7,6.0,On Time,1998,7541.95,24643,17101.05
SHP_105929,SO_106314,WH_04,Air,17-06-2024,2024/06/25,5,8.0,Delayed,1331,7031.06,24677,17645.94
SHP_105930,SO_102374,WH_03,Sea,21-05-2024,2024/05/29,7,8.0,Delayed,1283,4455.77,15662,11206.23
SHP_105931,SO_103762,WH_10,Road,09-08-2024,2024/08/18,4,9.0,Delayed,956,18876.24,48313,29436.76
SHP_105932,SO_101926,WH_01,Road,11-10-2024,2024/10/15,4,4.0,On Time,1049,7447.53,19441,11993.47
SHP_105933,SO_104630,WH_15,Air,10-04-2024,2024/04/16,4,,Delayed,2521,10293.5,31224,20930.5
SHP_105934,SO_107727,WH_01,Sea,10-02-2024,2024/02/18,6,8.0,Delayed,3937,2353.32,11337,8983.68
SHP_105935,SO_108320,WH_05,Rail,08-03-2024,2024/03/13,3,5.0,Delayed,2585,3484.49,12896,9411.51
SHP_105936,SO_103450,WH_14,Air,17-08-2024,2024/08/22,3,5.0,Delayed,1753,9001.69,25415,16413.31
SHP_105937,SO_102199,WH_14,Rail,02-07-2024,2024/07/05,4,3.0,On Time,1645,3822.15,15186,11363.85
SHP_105938,SO_107305,WH_12,Rail,06-10-2024,2024/10/09,3,3.0,On Time,2327,-4172.53,17652,21824.53
SHP_105939,SO_101286,WH_11,Road,06-10-2024,2024/10/12,5,6.0,Delayed,2271,14191.88,38719,24527.12
SHP_105940,SO_104493,WH_08,Air,04-08-2024,2024/08/07,6,3.0,On Time,620,10450.45,33082,22631.55
SHP_105941,SO_104366,WH_01,Air,23-06-2024,2024/06/25,5,2.0,On Time,1249,4835.16,17866,13030.84
SHP_105942,SO_101071,WH_05,Rail,22-02-2024,2024/03/01,3,8.0,Delayed,3927,10495.63,31890,21394.37
SHP_105943,SO_105000,WH_08,Road,06-08-2024,2024/08/14,7,8.0,Delayed,3072,10707.86,37450,26742.14
SHP_105944,SO_106631,WH_04,Air,21-06-2024,2024/06/26,3,5.0,Delayed,1542,2449.6,9182,6732.4
SHP_105945,SO_106808,WH_02,Sea,24-03-2024,2024/03/31,7,7.0,On Time,4603,7404.24,36596,29191.76
SHP_105946,SO_107148,WH_12,Rail,11-12-2024,2024/12/19,6,8.0,Delayed,2744,10464.93,46571,36106.07
SHP_105947,SO_104215,WH_11,Air,12-12-2024,2024/12/18,3,6.0,Delayed,2271,15099.64,38868,23768.36
SHP_105948,SO_102161,WH_10,Road,04-05-2024,2024/05/06,7,2.0,On Time,2717,5026.25,15755,10728.75
SHP_105949,SO_109419,WH_05,Rail,28-08-2024,2024/09/06,4,9.0,Delayed,2239,2140.6,10270,8129.4
SHP_105950,SO_101251,WH_12,Air,27-10-2024,2024/11/04,3,8.0,Delayed,4474,3429.04,10034,6604.96
SHP_105951,SO_109484,WH_08,Air,26-06-2024,2024/06/28,5,2.0,On Time,4767,5562.59,20538,14975.41
SHP_105952,SO_105612,WH_12,Air,03-07-2024,2024/07/07,3,4.0,Delayed,1572,13888.0,37731,23843.0
SHP_105953,SO_109820,WH_01,Air,13-04-2024,2024/04/21,5,8.0,Delayed,1990,5988.13,29607,23618.87
SHP_105954,SO_101904,WH_02,Rail,03-06-2024,2024/06/09,3,6.0,Delayed,2110,9572.31,24990,15417.69
SHP_105955,SO_103770,WH_08,Road,07-09-2024,2024/09/14,5,7.0,Delayed,2296,5510.36,17763,12252.64
SHP_105956,SO_100525,WH_11,Road,24-07-2024,2024/07/29,3,5.0,Delayed,4966,3267.69,8205,4937.31
SHP_105957,SO_108913,WH_06,Air,26-04-2024,2024/04/30,3,4.0,Delayed,3571,11752.26,42219,30466.74
SHP_105958,SO_102199,WH_05,Air,26-12-2024,2025/01/02,5,7.0,Delayed,4934,2174.13,5591,3416.87
SHP_105959,SO_108048,WH_14,Rail,15-09-2024,2024/09/24,7,9.0,Delayed,4826,7935.65,28978,21042.35
SHP_105960,SO_104594,WH_12,Rail,05-05-2024,2024/05/13,3,8.0,Delayed,366,10903.66,39582,28678.34
SHP_105961,SO_105902,WH_08,Sea,07-05-2024,2024/05/11,6,4.0,On Time,679,9828.61,38544,28715.39
SHP_105962,SO_105110,WH_15,Air,17-04-2024,2024/04/23,3,6.0,Delayed,3621,10234.56,40895,30660.44
SHP_105963,SO_102756,WH_05,Air,28-11-2024,2024/12/03,4,5.0,Delayed,788,6358.25,16892,10533.75
SHP_105964,SO_108215,WH_14,Rail,01-05-2024,2024/05/10,3,9.0,Delayed,2937,1752.72,5244,3491.28
SHP_105965,SO_100963,WH_06,Road,07-06-2024,2024/06/16,4,9.0,Delayed,3534,13536.5,38687,25150.5
SHP_105966,SO_107271,WH_04,Air,26-08-2024,2024/09/05,3,10.0,Delayed,2230,8770.72,25792,17021.28
SHP_105967,SO_101255,WH_09,Air,19-04-2024,2024/04/23,4,4.0,On Time,4661,7846.93,22976,15129.07
SHP_105968,SO_104134,WH_11,Rail,09-06-2024,2024/06/16,7,7.0,On Time,2346,10491.51,34428,23936.49
SHP_105969,SO_107587,WH_14,Rail,23-09-2024,2024/09/30,6,7.0,Delayed,4176,4391.08,13181,8789.92
SHP_105970,SO_104897,WH_10,Sea,19-04-2024,2024/04/26,6,7.0,Delayed,4227,4153.86,11279,7125.14
SHP_105971,SO_104008,WH_02,Road,19-06-2024,2024/06/29,3,10.0,Delayed,4173,2251.46,8571,6319.54
SHP_105972,SO_108915,WH_05,Air,06-11-2024,2024/11/11,7,5.0,On Time,1614,8735.22,33351,24615.78
SHP_105973,SO_102692,WH_15,Sea,14-11-2024,2024/11/20,6,6.0,On Time,2415,2892.71,7431,4538.29
SHP_105974,SO_107747,WH_07,Sea,28-03-2024,2024/04/03,5,6.0,Delayed,4831,10353.01,38410,28056.99
SHP_105975,SO_108108,WH_09,Road,30-10-2024,2024/11/02,3,3.0,On Time,662,8045.25,22483,14437.75
SHP_105976,SO_102268,WH_04,Sea,06-09-2024,2024/09/12,6,6.0,On Time,2733,7536.47,25994,18457.53
SHP_105977,SO_103506,WH_11,Road,24-10-2024,2024/10/27,3,3.0,On Time,3449,7243.15,22886,15642.85
SHP_105978,SO_105915,WH_09,Rail,02-08-2024,2024/08/10,5,8.0,Delayed,4199,-8054.62,27947,36001.62
SHP_105979,SO_108132,WH_01,Road,11-07-2024,2024/07/19,4,8.0,Delayed,1003,6288.8,17385,11096.2
SHP_105980,SO_103305,WH_04,Sea,10-07-2024,2024/07/19,6,9.0,Delayed,2788,10357.47,42713,32355.53
SHP_105981,SO_106919,WH_13,Air,21-01-2024,2024/01/24,5,3.0,On Time,1674,13448.25,34692,21243.75
SHP_105982,SO_103582,WH_07,Air,10-02-2024,2024/02/19,7,9.0,Delayed,657,2702.77,7636,4933.23
SHP_105983,SO_109397,WH_03,Road,28-09-2024,2024/09/30,3,2.0,On Time,872,9874.0,36157,26283.0
SHP_105984,SO_105252,WH_08,Road,10-02-2024,2024/02/16,6,6.0,On Time,438,11907.83,39330,27422.17
SHP_105985,SO_100641,WH_15,Sea,05-09-2024,2024/09/09,6,4.0,On Time,3184,3151.68,11642,8490.32
SHP_105986,SO_109929,WH_08,Road,28-05-2024,2024/06/07,4,10.0,Delayed,3295,2136.85,6161,4024.15
SHP_105987,SO_109526,WH_11,Road,27-03-2024,2024/04/02,4,6.0,Delayed,1649,2853.49,8331,5477.51
SHP_105988,SO_107437,WH_09,Road,17-07-2024,2024/07/22,3,5.0,Delayed,703,10994.44,35135,24140.56
SHP_105989,SO_102273,WH_03,Air,24-04-2024,2024/04/28,3,4.0,Delayed,2033,14264.05,43031,28766.95
SHP_105990,SO_101361,WH_15,Air,19-10-2024,2024/10/27,6,8.0,Delayed,4526,6950.54,29578,22627.46
SHP_105991,SO_103764,WH_04,Rail,30-06-2024,2024/07/09,3,9.0,Delayed,3678,8618.75,30662,22043.25
SHP_105992,SO_107420,WH_11,Rail,22-02-2024,2024/02/26,4,4.0,On Time,521,14942.5,45340,30397.5
SHP_105993,SO_105421,WH_06,Air,03-03-2024,2024/03/11,5,8.0,Delayed,2320,13274.9,39084,25809.1
SHP_105994,SO_102493,WH_04,Air,30-04-2024,2024/05/07,5,7.0,Delayed,428,12523.28,38050,25526.72
SHP_105995,SO_104307,WH_04,Rail,01-04-2024,2024/04/03,3,2.0,On Time,4546,2826.86,13181,10354.14
SHP_105996,SO_104776,WH_15,Rail,02-08-2024,2024/08/05,6,3.0,On Time,4507,13909.3,37176,23266.7
SHP_105997,SO_106375,WH_11,Sea,27-05-2024,2024/06/03,3,7.0,Delayed,1014,11977.78,40528,28550.22
SHP_105998,SO_101115,WH_08,Rail,19-11-2024,2024/11/24,3,5.0,Delayed,1526,13024.64,40951,27926.36
SHP_105999,SO_107609,WH_05,Sea,17-06-2024,2024/06/21,7,4.0,On Time,4097,7620.84,20167,12546.16
SHP_106000,SO_102288,WH_14,Air,04-04-2024,2024/04/12,3,8.0,Delayed,4480,1221.31,6092,4870.69
SHP_106001,SO_102082,WH_15,Sea,24-02-2024,2024/03/02,7,7.0,On Time,4597,7696.37,34559,26862.63
SHP_106002,SO_109589,WH_07,Road,11-09-2024,2024/09/16,7,5.0,On Time,443,-3958.36,16300,20258.36
SHP_106003,SO_107647,WH_15,Air,19-12-2024,2024/12/27,3,8.0,Delayed,3452,11480.24,35205,23724.76
SHP_106004,SO_109824,WH_03,Air,10-01-2024,2024/01/12,3,2.0,On Time,4689,19358.2,49070,29711.8
SHP_106005,SO_104707,WH_05,Road,15-01-2024,2024/01/19,6,4.0,On Time,1513,4850.86,17124,12273.14
SHP_106006,SO_103792,WH_08,Road,03-03-2024,2024/03/12,5,9.0,Delayed,4060,11754.86,42585,30830.14
SHP_106007,SO_100529,WH_02,Road,22-03-2024,2024/04/01,6,10.0,Delayed,967,7966.0,21355,13389.0
SHP_106008,SO_106735,WH_11,Air,15-01-2024,2024/01/20,7,5.0,On Time,2031,3145.34,8234,5088.66
SHP_106009,SO_107204,WH_13,Air,05-01-2024,2024/01/15,5,10.0,Delayed,2265,10012.26,45165,35152.74
SHP_106010,SO_109397,WH_07,Sea,18-08-2024,2024/08/26,4,8.0,Delayed,3234,3078.83,11428,8349.17
SHP_106011,SO_100082,WH_09,Air,06-04-2024,2024/04/12,3,6.0,Delayed,1404,14428.24,40671,26242.76
SHP_106012,SO_102696,WH_09,Air,04-12-2024,2024/12/09,4,5.0,Delayed,2751,4422.12,12942,8519.88
SHP_106013,SO_105286,WH_08,Road,27-12-2024,2025/01/06,4,10.0,Delayed,2947,9801.36,29089,19287.64
SHP_106014,SO_109946,WH_03,Rail,23-04-2024,2024/04/29,7,6.0,On Time,1821,5687.74,19341,13653.26
SHP_106015,SO_106269,WH_01,Sea,05-09-2024,2024/09/11,5,6.0,Delayed,2052,7474.19,18983,11508.81
SHP_106016,SO_105834,WH_01,Road,13-08-2024,2024/08/16,3,3.0,On Time,1382,2167.52,6390,4222.48
SHP_106017,SO_100662,WH_05,Rail,01-01-2024,2024/01/09,5,8.0,Delayed,3907,3747.56,12655,8907.44
SHP_106018,SO_109751,WH_02,Sea,17-12-2024,2024/12/27,4,10.0,Delayed,2579,6566.6,25495,18928.4
SHP_106019,SO_109775,WH_11,Rail,08-04-2024,2024/04/14,7,6.0,On Time,2966,2509.55,8211,5701.45
SHP_106020,SO_107817,WH_06,Sea,01-06-2024,2024/06/09,3,8.0,Delayed,3889,11534.71,30310,18775.29
SHP_106021,SO_102152,WH_05,Sea,29-12-2024,2024/12/31,5,2.0,On Time,4387,1935.84,8944,7008.16
SHP_106022,SO_109983,WH_07,Road,30-01-2024,2024/02/01,3,2.0,On Time,3836,9885.67,35228,25342.33
SHP_106023,SO_108333,WH_11,Rail,03-05-2024,2024/05/05,3,2.0,On Time,4519,8179.36,40354,32174.64
SHP_106024,SO_105037,WH_01,Sea,22-06-2024,2024/06/24,6,2.0,On Time,2255,6343.48,30625,24281.52
SHP_106025,SO_100721,WH_02,Air,04-10-2024,2024/10/09,4,5.0,Delayed,4038,10036.96,33283,23246.04
SHP_106026,SO_107867,WH_08,Rail,20-09-2024,2024/09/27,7,7.0,On Time,419,10833.54,33182,22348.46
SHP_106027,SO_102861,WH_15,Rail,24-04-2024,2024/05/01,4,7.0,Delayed,4353,6667.07,23600,16932.93
SHP_106028,SO_104928,WH_05,Air,14-11-2024,2024/11/22,3,8.0,Delayed,4200,3892.13,18339,14446.87
SHP_106029,SO_104512,WH_06,Air,17-10-2024,2024/10/22,5,5.0,On Time,2856,2311.5,7670,5358.5
SHP_106030,SO_105654,WH_12,Rail,16-11-2024,2024/11/22,3,6.0,Delayed,3290,3793.68,11555,7761.32
SHP_106031,SO_100311,WH_01,Rail,25-03-2024,2024/04/04,4,10.0,Delayed,2097,7876.23,26423,18546.77
SHP_106032,SO_107549,WH_05,Air,12-03-2024,2024/03/21,4,9.0,Delayed,4955,2955.7,8620,5664.3
SHP_106033,SO_100337,WH_13,Rail,04-08-2024,2024/08/10,6,6.0,On Time,772,6904.36,33036,26131.64
SHP_106034,SO_102502,WH_15,Rail,13-02-2024,2024/02/23,6,10.0,Delayed,2020,3746.76,9858,6111.24
SHP_106035,SO_105800,WH_15,Sea,08-08-2024,2024/08/16,5,8.0,Delayed,1134,7122.81,20156,13033.19
SHP_106036,SO_105399,WH_05,Sea,22-03-2024,2024/03/29,6,7.0,Delayed,1728,9863.2,28296,18432.8
SHP_106037,SO_101927,WH_03,Rail,10-07-2024,2024/07/14,6,4.0,On Time,4493,1452.64,5617,4164.36
SHP_106038,SO_106934,WH_03,Rail,05-03-2024,2024/03/09,4,4.0,On Time,3378,8253.99,29609,21355.01
SHP_106039,SO_102358,WH_06,Road,12-04-2024,2024/04/21,7,9.0,Delayed,1393,11337.01,33342,22004.99
SHP_106040,SO_103029,WH_13,Sea,30-05-2024,2024/06/04,3,5.0,Delayed,1833,1720.04,8271,6550.96
SHP_106041,SO_109287,WH_02,Sea,30-10-2024,2024/11/01,3,2.0,On Time,3848,11392.49,49050,37657.51
SHP_106042,SO_109059,WH_06,Air,08-06-2024,2024/06/10,6,2.0,On Time,3588,5718.7,22093,16374.3
SHP_106043,SO_103105,WH_11,Air,03-07-2024,2024/07/07,4,4.0,On Time,4548,1891.76,6321,4429.24
SHP_106044,SO_105867,WH_14,Air,24-06-2024,2024/06/29,6,5.0,On Time,2913,5775.79,17765,11989.21
SHP_106045,SO_109882,WH_07,Air,06-11-2024,2024/11/11,5,5.0,On Time,1554,14396.25,38896,24499.75
SHP_106046,SO_101365,WH_09,Sea,05-10-2024,2024/10/11,6,6.0,On Time,4218,7119.91,35542,28422.09
SHP_106047,SO_109526,WH_09,Air,06-01-2024,2024/01/12,5,6.0,Delayed,1367,5952.43,19787,13834.57
SHP_106048,SO_105453,WH_07,Road,05-08-2024,2024/08/13,3,8.0,Delayed,2602,13763.25,38744,24980.75
SHP_106049,SO_101919,WH_07,Rail,02-06-2024,2024/06/10,5,8.0,Delayed,3847,5287.28,13253,7965.72
SHP_106050,SO_108823,WH_15,Sea,25-04-2024,2024/04/29,5,4.0,On Time,2200,4447.4,19623,15175.6
SHP_106051,SO_100787,WH_09,Air,07-12-2024,2024/12/11,6,4.0,On Time,992,12601.17,36227,23625.83
SHP_106052,SO_107005,WH_01,Rail,12-04-2024,2024/04/20,7,8.0,Delayed,3199,6321.01,21359,15037.99
SHP_106053,SO_100507,WH_08,Road,21-04-2024,2024/04/25,5,4.0,On Time,4838,11493.37,29019,17525.63
SHP_106054,SO_104486,WH_02,Road,30-03-2024,2024/04/03,7,4.0,On Time,4631,16939.93,46109,29169.07
SHP_106055,SO_107726,WH_13,Rail,11-10-2024,2024/10/16,3,5.0,Delayed,2089,3234.26,15924,12689.74
SHP_106056,SO_104376,WH_09,Road,01-06-2024,2024/06/04,7,3.0,On Time,1416,6406.98,30083,23676.02
SHP_106057,SO_102981,WH_07,Sea,24-07-2024,2024/07/30,7,6.0,On Time,4171,12822.03,36760,23937.97
SHP_106058,SO_108468,WH_06,Road,17-03-2024,2024/03/21,5,4.0,On Time,2971,7309.03,35107,27797.97
SHP_106059,SO_107358,WH_06,Air,07-06-2024,2024/06/13,6,6.0,On Time,1766,3453.28,12049,8595.72
SHP_106060,SO_103814,WH_03,Rail,24-06-2024,2024/06/29,7,5.0,On Time,1190,4387.6,15733,11345.4
SHP_106061,SO_105622,WH_07,Rail,20-06-2024,2024/06/28,6,8.0,Delayed,732,11965.36,32617,20651.64
SHP_106062,SO_108114,WH_14,Sea,19-01-2024,2024/01/29,4,10.0,Delayed,1777,8369.8,29464,21094.2
SHP_106063,SO_108280,WH_12,Air,18-06-2024,2024/06/23,3,5.0,Delayed,2951,8719.38,35840,27120.62
SHP_106064,SO_103567,WH_15,Road,21-10-2024,2024/10/28,7,7.0,On Time,4324,2211.54,6096,3884.46
SHP_106065,SO_104564,WH_13,Road,07-10-2024,2024/10/10,5,3.0,On Time,2443,15011.79,41217,26205.21
SHP_106066,SO_105066,WH_05,Rail,22-11-2024,2024/11/28,7,6.0,On Time,3863,15835.99,41989,26153.01
SHP_106067,SO_104017,WH_06,Air,26-09-2024,2024/10/02,5,6.0,Delayed,4294,13687.26,48236,34548.74
SHP_106068,SO_100544,WH_08,Air,27-09-2024,2024/10/01,7,4.0,On Time,519,9578.68,29149,19570.32
SHP_106069,SO_105174,WH_08,Air,18-09-2024,2024/09/22,6,4.0,On Time,3530,10574.17,47553,36978.83
SHP_106070,SO_109704,WH_02,Road,02-02-2024,2024/02/07,4,5.0,Delayed,4520,9380.53,38052,28671.47
SHP_106071,SO_109423,WH_03,Sea,15-06-2024,2024/06/19,3,4.0,Delayed,4068,17982.38,45471,27488.62
SHP_106072,SO_103143,WH_11,Air,16-05-2024,2024/05/20,7,,Delayed,3837,8286.11,28450,20163.89
SHP_106073,SO_102926,WH_12,Air,08-03-2024,2024/03/18,7,10.0,Delayed,3598,11975.22,38152,26176.78
SHP_106074,SO_108117,WH_04,Rail,15-09-2024,2024/09/23,3,8.0,Delayed,1067,5916.71,22296,16379.29
SHP_106075,SO_100846,WH_07,Air,03-01-2024,2024/01/11,4,8.0,Delayed,2488,2784.99,12987,10202.01
SHP_106076,SO_109557,WH_06,Road,19-03-2024,2024/03/25,5,6.0,Delayed,2700,3257.09,8360,5102.91
SHP_106077,SO_109388,WH_11,Air,15-08-2024,2024/08/17,4,2.0,On Time,4312,7584.37,28959,21374.63
SHP_106078,SO_109448,WH_01,Rail,17-05-2024,2024/05/19,5,2.0,On Time,2277,4981.44,12801,7819.56
SHP_106079,SO_102919,WH_05,Road,21-04-2024,2024/04/29,7,8.0,Delayed,3792,2129.49,10207,8077.51
SHP_106080,SO_103914,WH_01,Rail,02-12-2024,2024/12/11,4,9.0,Delayed,2256,4677.25,14016,9338.75
SHP_106081,SO_107869,WH_04,Air,24-05-2024,2024/05/28,7,4.0,On Time,957,17335.22,44379,27043.78
SHP_106082,SO_104036,WH_15,Rail,12-04-2024,2024/04/20,7,8.0,Delayed,1457,8483.64,34943,26459.36
SHP_106083,SO_102906,WH_07,Road,29-11-2024,2024/12/01,5,2.0,On Time,1249,9715.86,25618,15902.14
SHP_106084,SO_107070,WH_02,Road,13-03-2024,2024/03/21,6,8.0,Delayed,776,9439.34,28917,19477.66
SHP_106085,SO_101750,WH_15,Road,04-05-2024,2024/05/14,4,10.0,Delayed,3177,4292.24,19054,14761.76
SHP_106086,SO_107678,WH_02,Air,20-06-2024,2024/06/29,5,9.0,Delayed,3509,14867.37,44866,29998.63
SHP_106087,SO_104032,WH_03,Road,07-02-2024,2024/02/10,4,3.0,On Time,3129,4685.17,20515,15829.83
SHP_106088,SO_109980,WH_10,Sea,18-12-2024,2024/12/26,7,8.0,Delayed,4592,7834.78,20139,12304.22
SHP_106089,SO_101280,WH_07,Road,11-09-2024,2024/09/17,5,6.0,Delayed,1317,4768.18,21858,17089.82
SHP_106090,SO_106550,WH_15,Rail,11-01-2024,2024/01/15,3,4.0,Delayed,566,2779.08,10169,7389.92
SHP_106091,SO_106127,WH_15,Air,15-03-2024,2024/03/24,7,9.0,Delayed,2649,3680.71,18371,14690.29
SHP_106092,SO_103744,WH_04,Air,10-12-2024,2024/12/19,5,9.0,Delayed,3872,15295.27,44370,29074.73
SHP_106093,SO_101144,WH_13,Sea,18-07-2024,2024/07/20,6,2.0,On Time,2393,10003.35,25691,15687.65
SHP_106094,SO_107964,WH_02,Road,06-10-2024,2024/10/14,4,8.0,Delayed,2114,9337.09,37149,27811.91
SHP_106095,SO_107874,WH_12,Road,01-04-2024,2024/04/03,6,2.0,On Time,2024,1688.33,5163,3474.67
SHP_106096,SO_103939,WH_04,Rail,30-04-2024,2024/05/03,6,3.0,On Time,1115,10173.18,30317,20143.82
SHP_106097,SO_101726,WH_11,Air,23-02-2024,2024/02/26,4,3.0,On Time,1782,8247.14,20840,12592.86
SHP_106098,SO_100441,WH_08,Sea,16-03-2024,2024/03/26,5,10.0,Delayed,2904,15651.11,43342,27690.89
SHP_106099,SO_108250,WH_07,Sea,16-01-2024,2024/01/20,4,4.0,On Time,2207,7787.94,31606,23818.06
SHP_106100,SO_103295,WH_12,Air,13-09-2024,2024/09/15,3,2.0,On Time,2164,11095.23,38846,27750.77
SHP_106101,SO_109292,WH_06,Rail,12-04-2024,2024/04/17,6,5.0,On Time,3506,5576.78,15908,10331.22
SHP_106102,SO_104333,WH_01,Sea,18-02-2024,2024/02/28,7,10.0,Delayed,1857,5771.26,14562,8790.74
SHP_106103,SO_101629,WH_13,Road,18-01-2024,2024/01/26,4,8.0,Delayed,4881,13112.58,34253,21140.42
SHP_106104,SO_102548,WH_02,Rail,13-01-2024,2024/01/15,5,2.0,On Time,1305,4863.23,17495,12631.77
SHP_106105,SO_100121,WH_05,Air,29-02-2024,2024/03/08,7,8.0,Delayed,900,5178.37,17786,12607.63
SHP_106106,SO_101738,WH_14,Air,05-02-2024,2024/02/11,3,6.0,Delayed,4807,9951.31,27593,17641.69
SHP_106107,SO_101187,WH_11,Sea,29-08-2024,2024/09/06,3,8.0,Delayed,2673,11606.87,29732,18125.13
SHP_106108,SO_105687,WH_05,Rail,03-05-2024,2024/05/13,4,10.0,Delayed,369,-11857.07,41532,53389.07
SHP_106109,SO_105860,WH_09,Road,14-01-2024,2024/01/17,3,3.0,On Time,3026,5013.08,24244,19230.92
SHP_106110,SO_103695,WH_06,Rail,20-09-2024,2024/09/30,4,10.0,Delayed,3638,13737.48,37491,23753.52
SHP_106111,SO_101396,WH_03,Sea,02-06-2024,2024/06/04,7,2.0,On Time,4367,11312.78,28390,17077.22
SHP_106112,SO_105883,WH_04,Air,24-10-2024,2024/10/26,4,2.0,On Time,3811,5464.23,14433,8968.77
SHP_106113,SO_104584,WH_10,Air,15-05-2024,2024/05/19,5,4.0,On Time,4920,10046.35,26365,16318.65
SHP_106114,SO_105053,WH_11,Road,27-09-2024,2024/10/01,3,4.0,Delayed,1422,9412.86,38022,28609.14
SHP_106115,SO_106518,WH_12,Road,25-02-2024,2024/03/06,3,10.0,Delayed,1906,2908.04,12774,9865.96
SHP_106116,SO_105281,WH_11,Sea,25-02-2024,2024/02/28,6,3.0,On Time,3390,4005.03,17842,13836.97
SHP_106117,SO_108920,WH_07,Air,26-02-2024,2024/03/02,7,5.0,On Time,1512,4033.92,17890,13856.08
SHP_106118,SO_105853,WH_03,Sea,05-11-2024,2024/11/13,6,8.0,Delayed,2583,1549.53,5083,3533.47
SHP_106119,SO_109876,WH_10,Sea,11-07-2024,2024/07/20,5,9.0,Delayed,3547,11004.47,28585,17580.53
SHP_106120,SO_107840,WH_06,Road,29-10-2024,2024/11/05,5,7.0,Delayed,2689,-8988.5,23317,32305.5
SHP_106121,SO_106466,WH_04,Road,04-02-2024,2024/02/10,6,6.0,On Time,3446,5409.05,20979,15569.95
SHP_106122,SO_108677,WH_13,Sea,14-06-2024,2024/06/23,6,9.0,Delayed,1256,2817.98,7127,4309.02
SHP_106123,SO_106151,WH_14,Sea,23-08-2024,2024/09/02,3,10.0,Delayed,1108,13071.13,41238,28166.87
SHP_106124,SO_101239,WH_10,Sea,18-06-2024,2024/06/27,4,9.0,Delayed,3233,6313.49,24974,18660.51
SHP_106125,SO_107283,WH_02,Sea,16-11-2024,2024/11/18,7,2.0,On Time,2609,5240.6,19140,13899.4
SHP_106126,SO_109225,WH_01,Sea,23-04-2024,2024/04/25,4,2.0,On Time,427,10678.68,34254,23575.32
SHP_106127,SO_103904,WH_05,Sea,02-05-2024,2024/05/04,6,2.0,On Time,1962,7638.07,30247,22608.93
SHP_106128,SO_108921,WH_15,Rail,10-05-2024,2024/05/17,5,7.0,Delayed,2188,10297.27,29178,18880.73
SHP_106129,SO_103434,WH_14,Air,14-12-2024,2024/12/19,7,5.0,On Time,1724,4342.28,12234,7891.72
SHP_106130,SO_104680,WH_09,Rail,30-06-2024,2024/07/02,6,2.0,On Time,4726,7705.97,21513,13807.03
SHP_106131,SO_104791,WH_14,Rail,14-01-2024,2024/01/23,7,9.0,Delayed,486,6277.72,28430,22152.28
SHP_106132,SO_104355,WH_01,Sea,09-08-2024,2024/08/17,7,8.0,Delayed,4364,4887.35,17178,12290.65
SHP_106133,SO_100329,WH_03,Air,23-11-2024,2024/11/25,3,2.0,On Time,2310,5717.43,20584,14866.57
SHP_106134,SO_101869,WH_06,Air,09-10-2024,2024/10/12,7,3.0,On Time,3801,7901.27,24143,16241.73
SHP_106135,SO_107959,WH_12,Road,28-07-2024,2024/08/01,7,4.0,On Time,1923,4026.06,15234,11207.94
SHP_106136,SO_102457,WH_05,Air,05-01-2024,2024/01/09,5,4.0,On Time,4921,8109.12,21942,13832.88
SHP_106137,SO_100617,WH_07,Air,24-09-2024,2024/10/03,3,9.0,Delayed,498,3809.91,10289,6479.09
SHP_106138,SO_103836,WH_13,Rail,25-10-2024,2024/10/30,4,5.0,Delayed,2961,5459.8,17191,11731.2
SHP_106139,SO_100732,WH_01,Sea,04-11-2024,2024/11/06,4,2.0,On Time,2259,7217.61,34787,27569.39
SHP_106140,SO_104863,WH_04,Rail,05-06-2024,2024/06/07,5,2.0,On Time,517,2634.2,8067,5432.8
SHP_106141,SO_106078,WH_12,Rail,29-10-2024,2024/11/05,5,7.0,Delayed,4984,9548.92,30746,21197.08
SHP_106142,SO_106795,WH_13,Road,07-09-2024,2024/09/14,7,7.0,On Time,1954,12168.68,33872,21703.32
SHP_106143,SO_104936,WH_03,Road,30-03-2024,2024/04/02,3,3.0,On Time,703,6256.15,24145,17888.85
SHP_106144,SO_103863,WH_04,Rail,15-08-2024,2024/08/22,6,7.0,Delayed,3411,4524.26,13088,8563.74
SHP_106145,SO_103951,WH_01,Rail,18-12-2024,2024/12/26,6,8.0,Delayed,4714,3151.74,11530,8378.26
SHP_106146,SO_101501,WH_02,Road,03-10-2024,2024/10/13,6,10.0,Delayed,3445,14380.4,48342,33961.6
SHP_106147,SO_104215,WH_11,Rail,07-12-2024,2024/12/13,5,6.0,Delayed,1758,9426.35,40007,30580.65
SHP_106148,SO_104295,WH_10,Rail,16-12-2024,2024/12/24,7,8.0,Delayed,4448,17981.82,47804,29822.18
SHP_106149,SO_105758,WH_13,Road,28-08-2024,2024/08/30,3,2.0,On Time,487,10079.33,45454,35374.67
SHP_106150,SO_101817,WH_06,Road,18-11-2024,2024/11/24,5,6.0,Delayed,2680,2973.1,7747,4773.9
SHP_106151,SO_104164,WH_12,Air,06-01-2024,2024/01/13,5,7.0,Delayed,973,2059.92,10122,8062.08
SHP_106152,SO_100753,WH_12,Road,03-01-2024,2024/01/09,7,6.0,On Time,212,6293.35,22202,15908.65
SHP_106153,SO_102449,WH_14,Road,15-07-2024,2024/07/23,3,8.0,Delayed,3476,8183.53,26227,18043.47
SHP_106154,SO_101381,WH_09,Rail,21-02-2024,2024/02/28,3,7.0,Delayed,2041,7244.98,20989,13744.02
SHP_106155,SO_101837,WH_02,Air,10-11-2024,2024/11/16,6,6.0,On Time,4491,3265.88,15215,11949.12
SHP_106156,SO_101077,WH_02,Road,03-05-2024,2024/05/06,4,3.0,On Time,2184,-9701.11,24806,34507.11
SHP_106157,SO_106041,WH_03,Sea,23-03-2024,2024/03/29,3,6.0,Delayed,679,10947.28,35483,24535.72
SHP_106158,SO_107956,WH_09,Sea,05-06-2024,2024/06/09,3,4.0,Delayed,792,6932.53,30146,23213.47
SHP_106159,SO_108738,WH_11,Sea,16-03-2024,2024/03/23,4,7.0,Delayed,2663,9451.51,33504,24052.49
SHP_106160,SO_106759,WH_15,Rail,27-05-2024,2024/05/31,4,4.0,On Time,1613,4512.2,13343,8830.8
SHP_106161,SO_102766,WH_09,Air,23-12-2024,2024/12/29,7,6.0,On Time,548,2339.13,8253,5913.87
SHP_106162,SO_109322,WH_01,Road,08-02-2024,2024/02/18,7,10.0,Delayed,4971,9353.36,37918,28564.64
SHP_106163,SO_100953,WH_10,Rail,01-04-2024,2024/04/08,7,7.0,On Time,492,6463.26,22390,15926.74
SHP_106164,SO_106597,WH_10,Road,01-04-2024,2024/04/09,3,8.0,Delayed,2195,7470.99,36970,29499.01
SHP_106165,SO_103741,WH_08,Air,03-05-2024,2024/05/05,7,2.0,On Time,2213,8003.95,39622,31618.05
SHP_106166,SO_102082,WH_12,Road,22-01-2024,2024/02/01,7,10.0,Delayed,750,11642.18,39551,27908.82
SHP_106167,SO_100633,WH_03,Rail,27-09-2024,2024/10/01,6,4.0,On Time,3995,4297.28,19493,15195.72
SHP_106168,SO_100393,WH_10,Sea,14-08-2024,2024/08/16,4,2.0,On Time,1054,14402.67,41423,27020.33
SHP_106169,SO_106482,WH_03,Road,15-12-2024,2024/12/17,4,2.0,On Time,3602,7341.02,27871,20529.98
SHP_106170,SO_105676,WH_04,Air,21-06-2024,2024/06/27,6,6.0,On Time,3322,8059.86,32969,24909.14
SHP_106171,SO_103284,WH_04,Air,11-09-2024,2024/09/13,6,2.0,On Time,4520,7175.52,18900,11724.48
SHP_106172,SO_107533,WH_13,Air,13-06-2024,2024/06/22,7,9.0,Delayed,1746,11978.27,32623,20644.73
SHP_106173,SO_109049,WH_10,Sea,24-09-2024,2024/09/27,5,3.0,On Time,4799,5018.01,23463,18444.99
SHP_106174,SO_101114,WH_01,Road,23-05-2024,2024/05/31,5,8.0,Delayed,1927,18632.42,47682,29049.58
SHP_106175,SO_108702,WH_11,Sea,15-05-2024,2024/05/24,5,9.0,Delayed,3210,10295.6,43119,32823.4
SHP_106176,SO_106086,WH_05,Road,23-09-2024,2024/09/29,7,6.0,On Time,2713,13531.65,41513,27981.35
SHP_106177,SO_102799,WH_14,Rail,10-08-2024,2024/08/13,6,3.0,On Time,873,4258.84,19778,15519.16
SHP_106178,SO_102559,WH_03,Rail,31-12-2024,2025/01/07,4,7.0,Delayed,4453,14888.09,40072,25183.91
SHP_106179,SO_107367,WH_13,Sea,21-06-2024,2024/06/30,5,9.0,Delayed,407,16442.87,49713,33270.13
SHP_106180,SO_108347,WH_15,Road,20-02-2024,2024/02/29,4,9.0,Delayed,4984,11558.2,46602,35043.8
SHP_106181,SO_109205,WH_14,Road,07-04-2024,2024/04/15,4,8.0,Delayed,4136,4803.91,16410,11606.09
SHP_106182,SO_100120,WH_11,Rail,02-07-2024,2024/07/08,3,6.0,Delayed,3164,9907.34,45174,35266.66
SHP_106183,SO_106292,WH_12,Sea,22-07-2024,2024/07/27,4,5.0,Delayed,3491,7911.3,22972,15060.7
SHP_106184,SO_100657,WH_14,Road,11-05-2024,2024/05/16,6,5.0,On Time,1119,17071.85,48730,31658.15
SHP_106185,SO_109097,WH_11,Sea,27-11-2024,2024/12/03,3,6.0,Delayed,2864,9149.8,35955,26805.2
SHP_106186,SO_100707,WH_12,Road,02-09-2024,2024/09/04,4,2.0,On Time,3644,11710.04,45086,33375.96
SHP_106187,SO_104026,WH_08,Air,08-11-2024,2024/11/14,5,6.0,Delayed,525,4593.23,14274,9680.77
SHP_106188,SO_103816,WH_08,Rail,23-12-2024,2024/12/25,3,2.0,On Time,3187,2122.89,6656,4533.11
SHP_106189,SO_100878,WH_10,Road,09-09-2024,2024/09/15,6,6.0,On Time,4056,2527.84,6788,4260.16
SHP_106190,SO_109740,WH_09,Road,27-01-2024,2024/01/31,4,4.0,On Time,3719,4177.34,15253,11075.66
SHP_106191,SO_109061,WH_07,Air,02-12-2024,2024/12/06,3,4.0,Delayed,2235,3861.83,11685,7823.17
SHP_106192,SO_107142,WH_15,Road,01-12-2024,2024/12/05,7,4.0,On Time,917,7801.5,21166,13364.5
SHP_106193,SO_103382,WH_15,Air,14-07-2024,2024/07/22,7,8.0,Delayed,2371,13000.35,41728,28727.65
SHP_106194,SO_109557,WH_02,Air,23-05-2024,2024/05/30,6,7.0,Delayed,1771,1870.22,8441,6570.78
SHP_106195,SO_102339,WH_07,Rail,19-08-2024,2024/08/24,4,5.0,Delayed,2447,2407.52,9642,7234.48
SHP_106196,SO_101407,WH_09,Road,27-12-2024,2024/12/29,7,2.0,On Time,4109,-6523.29,20757,27280.29
SHP_106197,SO_100042,WH_15,Sea,01-10-2024,2024/10/10,7,9.0,Delayed,206,4277.72,16191,11913.28
SHP_106198,SO_102143,WH_09,Road,25-03-2024,2024/03/30,6,5.0,On Time,4706,3740.17,14206,10465.83
SHP_106199,SO_106070,WH_13,Rail,08-07-2024,2024/07/18,3,10.0,Delayed,4523,7042.71,24875,17832.29
SHP_106200,SO_106714,WH_09,Air,19-05-2024,2024/05/29,6,10.0,Delayed,1859,6946.36,27110,20163.64
SHP_106201,SO_103934,WH_07,Road,13-11-2024,2024/11/15,7,2.0,On Time,4379,9566.35,24536,14969.65
SHP_106202,SO_109296,WH_06,Road,27-06-2024,2024/07/05,7,8.0,Delayed,4843,6934.71,29804,22869.29
SHP_106203,SO_106372,WH_05,Sea,22-06-2024,2024/07/02,3,10.0,Delayed,406,16150.64,44235,28084.36
SHP_106204,SO_103560,WH_11,Sea,12-07-2024,2024/07/19,6,7.0,Delayed,1520,18587.52,49225,30637.48
SHP_106205,SO_108188,WH_15,Air,05-09-2024,2024/09/10,3,5.0,Delayed,257,5587.18,21910,16322.82
SHP_106206,SO_108115,WH_06,Road,11-12-2024,2024/12/16,7,5.0,On Time,418,3552.23,10451,6898.77
SHP_106207,SO_108299,WH_04,Rail,24-09-2024,2024/09/26,7,2.0,On Time,2542,9714.03,41977,32262.97
SHP_106208,SO_106551,WH_01,Road,11-11-2024,2024/11/15,7,4.0,On Time,1650,4700.98,15620,10919.02
SHP_106209,SO_104172,WH_09,Road,16-01-2024,2024/01/20,6,4.0,On Time,2834,10023.77,36607,26583.23
SHP_106210,SO_106765,WH_04,Air,29-07-2024,2024/08/03,6,5.0,On Time,2306,17231.91,44917,27685.09
SHP_106211,SO_107664,WH_02,Air,06-05-2024,2024/05/14,4,8.0,Delayed,639,9045.03,44444,35398.97
SHP_106212,SO_107146,WH_15,Road,25-10-2024,2024/10/27,4,2.0,On Time,3185,2727.04,10631,7903.96
SHP_106213,SO_104113,WH_09,Road,23-06-2024,2024/06/28,3,5.0,Delayed,3817,6578.9,22738,16159.1
SHP_106214,SO_104683,WH_15,Road,10-05-2024,2024/05/17,5,7.0,Delayed,3994,11139.69,32308,21168.31
SHP_106215,SO_105604,WH_02,Sea,22-12-2024,2024/12/30,3,,Delayed,3832,8932.89,23637,14704.11
SHP_106216,SO_107915,WH_06,Rail,14-08-2024,2024/08/20,4,6.0,Delayed,3975,9319.8,28100,18780.2
SHP_106217,SO_109843,WH_09,Sea,25-11-2024,2024/11/27,4,2.0,On Time,2172,11594.57,38631,27036.43
SHP_106218,SO_101825,WH_07,Air,19-09-2024,2024/09/25,4,6.0,Delayed,3579,8750.15,41230,32479.85
SHP_106219,SO_103160,WH_15,Air,29-02-2024,2024/03/03,7,3.0,On Time,4928,13007.64,41137,28129.36
SHP_106220,SO_105967,WH_07,Air,05-10-2024,2024/10/09,5,4.0,On Time,3513,4533.27,12401,7867.73
SHP_106221,SO_104805,WH_14,Road,05-07-2024,2024/07/12,4,7.0,Delayed,237,13707.69,39262,25554.31
SHP_106222,SO_105071,WH_01,Road,12-01-2024,2024/01/19,5,7.0,Delayed,458,13155.23,46765,33609.77
SHP_106223,SO_105249,WH_05,Air,27-03-2024,2024/03/31,6,4.0,On Time,445,10165.11,27765,17599.89
SHP_106224,SO_103734,WH_09,Road,08-09-2024,2024/09/10,7,2.0,On Time,4703,2572.57,8590,6017.43
SHP_106225,SO_103413,WH_07,Air,03-08-2024,2024/08/07,3,4.0,Delayed,3342,3550.29,13159,9608.71
SHP_106226,SO_109114,WH_03,Air,08-04-2024,2024/04/12,3,4.0,Delayed,457,15699.14,47478,31778.86
SHP_106227,SO_107526,WH_11,Air,24-12-2024,2025/01/01,7,8.0,Delayed,4151,14737.69,37375,22637.31
SHP_106228,SO_101488,WH_06,Road,26-11-2024,2024/12/02,4,6.0,Delayed,2484,6620.73,17380,10759.27
SHP_106229,SO_104009,WH_02,Rail,02-09-2024,2024/09/07,6,5.0,On Time,4888,8400.09,21044,12643.91
SHP_106230,SO_102311,WH_03,Sea,27-04-2024,2024/05/05,3,8.0,Delayed,1948,13404.13,46040,32635.87
SHP_106231,SO_107094,WH_04,Sea,12-09-2024,2024/09/19,6,7.0,Delayed,240,9854.77,29237,19382.23
SHP_106232,SO_102429,WH_04,Sea,25-04-2024,2024/05/05,3,10.0,Delayed,3056,2167.77,5816,3648.23
SHP_106233,SO_108393,WH_02,Air,16-04-2024,2024/04/24,6,8.0,Delayed,3948,11318.83,30163,18844.17
SHP_106234,SO_104772,WH_02,Rail,23-01-2024,2024/02/01,7,9.0,Delayed,2140,2072.23,9559,7486.77
SHP_106235,SO_100228,WH_15,Sea,26-02-2024,2024/02/28,3,2.0,On Time,3006,9927.19,29856,19928.81
SHP_106236,SO_103152,WH_04,Air,26-04-2024,2024/05/01,7,5.0,On Time,1359,17718.13,48823,31104.87
SHP_106237,SO_101470,WH_10,Rail,28-12-2024,2024/12/30,6,2.0,On Time,1687,9069.06,25146,16076.94
SHP_106238,SO_102088,WH_04,Rail,15-07-2024,2024/07/18,4,3.0,On Time,4238,12577.12,43666,31088.88
SHP_106239,SO_106092,WH_07,Sea,03-11-2024,2024/11/11,6,8.0,Delayed,3232,3310.79,13651,10340.21
SHP_106240,SO_108020,WH_07,Air,17-12-2024,2024/12/19,5,2.0,On Time,950,-1979.76,5912,7891.76
SHP_106241,SO_104928,WH_10,Rail,18-11-2024,2024/11/21,5,3.0,On Time,3780,8446.74,35357,26910.26
SHP_106242,SO_100760,WH_12,Air,14-01-2024,2024/01/20,4,6.0,Delayed,2257,5298.44,22103,16804.56
SHP_106243,SO_102794,WH_13,Sea,27-07-2024,2024/08/05,5,9.0,Delayed,3522,15288.13,39358,24069.87
SHP_106244,SO_106319,WH_14,Rail,24-03-2024,2024/04/02,4,9.0,Delayed,3852,13308.89,41623,28314.11
SHP_106245,SO_104809,WH_13,Air,10-11-2024,2024/11/20,4,10.0,Delayed,3349,10645.16,26736,16090.84
SHP_106246,SO_102679,WH_03,Sea,22-09-2024,2024/09/27,6,5.0,On Time,697,14588.37,43456,28867.63
SHP_106247,SO_101023,WH_06,Rail,13-12-2024,2024/12/22,7,9.0,Delayed,3016,7170.16,20349,13178.84
SHP_106248,SO_106290,WH_07,Sea,14-03-2024,2024/03/23,3,9.0,Delayed,1788,4217.08,14934,10716.92
SHP_106249,SO_106756,WH_12,Sea,26-04-2024,2024/04/29,6,3.0,On Time,610,15730.87,43871,28140.13
SHP_106250,SO_106831,WH_05,Rail,03-03-2024,2024/03/08,6,5.0,On Time,4528,19483.26,49945,30461.74
SHP_106251,SO_109642,WH_15,Rail,26-12-2024,2025/01/01,3,6.0,Delayed,1362,3267.78,9315,6047.22
SHP_106252,SO_104852,WH_12,Road,09-11-2024,2024/11/17,5,8.0,Delayed,215,12407.45,35297,22889.55
SHP_106253,SO_105481,WH_02,Sea,15-06-2024,2024/06/17,3,2.0,On Time,777,4576.9,17574,12997.1
SHP_106254,SO_104258,WH_10,Sea,18-04-2024,2024/04/23,6,5.0,On Time,1730,6798.69,27652,20853.31
SHP_106255,SO_107521,WH_13,Rail,17-08-2024,2024/08/23,3,6.0,Delayed,4596,12746.71,40173,27426.29
SHP_106256,SO_102808,WH_02,Road,06-01-2024,2024/01/12,3,6.0,Delayed,4367,8585.25,37331,28745.75
SHP_106257,SO_108680,WH_03,Sea,04-05-2024,2024/05/07,5,3.0,On Time,2689,7169.55,28133,20963.45
SHP_106258,SO_103142,WH_11,Air,13-08-2024,2024/08/19,3,6.0,Delayed,3441,9092.36,39050,29957.64
SHP_106259,SO_101366,WH_09,Sea,07-05-2024,2024/05/14,4,7.0,Delayed,4497,6782.14,19067,12284.86
SHP_106260,SO_102419,WH_08,Sea,13-01-2024,2024/01/17,3,4.0,Delayed,1230,10232.9,45465,35232.1
SHP_106261,SO_109108,WH_01,Road,12-09-2024,2024/09/16,7,4.0,On Time,4985,8404.11,37507,29102.89
SHP_106262,SO_103918,WH_03,Rail,25-07-2024,2024/07/28,5,3.0,On Time,3989,5184.43,14586,9401.57
SHP_106263,SO_107430,WH_11,Rail,17-11-2024,2024/11/20,4,3.0,On Time,3883,6138.48,21729,15590.52
SHP_106264,SO_103830,WH_15,Sea,10-10-2024,2024/10/15,5,5.0,On Time,2080,11910.63,32714,20803.37
SHP_106265,SO_108335,WH_02,Sea,28-02-2024,2024/03/06,6,7.0,Delayed,1568,1833.83,8045,6211.17
SHP_106266,SO_108887,WH_14,Air,22-07-2024,2024/08/01,4,10.0,Delayed,1815,6731.99,26199,19467.01
SHP_106267,SO_101870,WH_12,Road,21-04-2024,2024/04/28,4,7.0,Delayed,4939,7791.21,30430,22638.79
SHP_106268,SO_100969,WH_12,Road,02-04-2024,2024/04/04,5,2.0,On Time,4970,-9880.83,44900,54780.83
SHP_106269,SO_109026,WH_04,Rail,15-09-2024,2024/09/25,3,10.0,Delayed,983,11041.31,31530,20488.69
SHP_106270,SO_100611,WH_03,Road,12-04-2024,2024/04/21,5,9.0,Delayed,3727,11403.26,47982,36578.74
SHP_106271,SO_102476,WH_11,Sea,04-04-2024,2024/04/07,4,3.0,On Time,2128,11788.84,37326,25537.16
SHP_106272,SO_103655,WH_13,Air,08-07-2024,2024/07/18,4,10.0,Delayed,838,8206.43,31545,23338.57
SHP_106273,SO_105398,WH_06,Air,03-01-2024,2024/01/09,5,6.0,Delayed,2827,11281.94,45663,34381.06
SHP_106274,SO_102791,WH_07,Rail,15-06-2024,2024/06/21,4,6.0,Delayed,2970,-1789.92,6068,7857.92
SHP_106275,SO_107483,WH_01,Road,20-09-2024,2024/09/22,3,2.0,On Time,3002,8951.21,43863,34911.79
SHP_106276,SO_103506,WH_01,Rail,21-11-2024,2024/11/27,5,6.0,Delayed,2181,12571.46,33872,21300.54
SHP_106277,SO_107286,WH_10,Rail,31-03-2024,2024/04/02,6,2.0,On Time,939,4624.87,22912,18287.13
SHP_106278,SO_109415,WH_08,Air,18-04-2024,2024/04/24,7,6.0,On Time,501,3262.28,8507,5244.72
SHP_106279,SO_108720,WH_14,Sea,23-08-2024,2024/08/29,7,6.0,On Time,3696,6740.6,17104,10363.4
SHP_106280,SO_103917,WH_10,Sea,31-08-2024,2024/09/08,5,8.0,Delayed,3733,8193.54,28155,19961.46
SHP_106281,SO_106335,WH_09,Rail,21-09-2024,2024/09/30,5,9.0,Delayed,1984,5255.02,24637,19381.98
SHP_106282,SO_100457,WH_02,Air,24-10-2024,2024/10/29,5,5.0,On Time,3050,4597.73,12710,8112.27
SHP_106283,SO_101117,WH_13,Sea,02-05-2024,2024/05/11,7,9.0,Delayed,4201,8683.25,31507,22823.75
SHP_106284,SO_100193,WH_08,Rail,03-03-2024,2024/03/09,3,6.0,Delayed,2023,11072.66,38079,27006.34
SHP_106285,SO_102491,WH_15,Road,09-08-2024,2024/08/13,4,4.0,On Time,1767,8610.83,39769,31158.17
SHP_106286,SO_101982,WH_01,Air,12-09-2024,2024/09/18,4,6.0,Delayed,1120,9697.36,30513,20815.64
SHP_106287,SO_101715,WH_09,Road,31-10-2024,2024/11/08,3,8.0,Delayed,2477,14198.65,42969,28770.35
SHP_106288,SO_106860,WH_07,Road,26-07-2024,2024/08/04,6,9.0,Delayed,4698,5425.97,24453,19027.03
SHP_106289,SO_104754,WH_07,Sea,24-04-2024,2024/04/30,6,6.0,On Time,1980,-2348.25,7306,9654.25
SHP_106290,SO_108270,WH_11,Rail,03-02-2024,2024/02/09,6,6.0,On Time,4651,2211.75,8857,6645.25
SHP_106291,SO_106182,WH_10,Air,27-01-2024,2024/02/05,4,9.0,Delayed,2977,4350.7,16450,12099.3
SHP_106292,SO_103753,WH_09,Road,25-01-2024,2024/02/03,3,9.0,Delayed,4674,10013.37,36977,26963.63
SHP_106293,SO_103349,WH_06,Road,23-04-2024,2024/04/29,5,6.0,Delayed,608,9224.46,31189,21964.54
SHP_106294,SO_102835,WH_04,Sea,04-07-2024,2024/07/07,6,3.0,On Time,957,4000.92,19033,15032.08
SHP_106295,SO_100482,WH_07,Sea,22-06-2024,2024/06/24,4,2.0,On Time,2816,11339.55,31485,20145.45
SHP_106296,SO_105595,WH_04,Road,12-01-2024,2024/01/21,7,9.0,Delayed,1798,-4528.93,19969,24497.93
SHP_106297,SO_105316,WH_14,Sea,08-05-2024,2024/05/17,7,9.0,Delayed,631,7510.91,35469,27958.09
SHP_106298,SO_101422,WH_01,Air,15-06-2024,2024/06/24,3,9.0,Delayed,1448,17425.19,44308,26882.81
SHP_106299,SO_100759,WH_04,Rail,19-06-2024,2024/06/26,6,7.0,Delayed,1448,7585.48,37173,29587.52
SHP_106300,SO_107001,WH_02,Air,18-10-2024,2024/10/28,5,10.0,Delayed,2870,11534.74,42818,31283.26
SHP_106301,SO_106583,WH_10,Sea,16-04-2024,2024/04/19,7,3.0,On Time,3405,-1790.87,7276,9066.87
SHP_106302,SO_106629,WH_04,Rail,02-02-2024,2024/02/10,7,8.0,Delayed,871,7697.59,37132,29434.41
SHP_106303,SO_104675,WH_13,Sea,13-03-2024,2024/03/17,6,4.0,On Time,3573,10106.07,29100,18993.93
SHP_106304,SO_101825,WH_08,Road,31-01-2024,2024/02/04,6,4.0,On Time,1438,6805.79,25941,19135.21
SHP_106305,SO_108825,WH_12,Air,26-02-2024,2024/03/03,4,6.0,Delayed,674,9976.63,38238,28261.37
SHP_106306,SO_101689,WH_03,Rail,30-07-2024,2024/08/03,5,4.0,On Time,711,12134.2,33461,21326.8
SHP_106307,SO_102948,WH_06,Road,06-12-2024,2024/12/16,7,10.0,Delayed,1113,5120.15,23429,18308.85
SHP_106308,SO_101472,WH_06,Rail,17-05-2024,2024/05/26,5,9.0,Delayed,1728,6826.99,20020,13193.01
SHP_106309,SO_102545,WH_06,Road,28-02-2024,2024/03/06,3,7.0,Delayed,1423,5942.11,19243,13300.89
SHP_106310,SO_109170,WH_03,Road,02-09-2024,2024/09/09,6,7.0,Delayed,501,1752.91,7880,6127.09
SHP_106311,SO_103818,WH_07,Air,15-01-2024,2024/01/24,6,9.0,Delayed,2201,10435.53,32490,22054.47
SHP_106312,SO_105919,WH_09,Road,12-02-2024,2024/02/14,6,2.0,On Time,295,13019.45,33092,20072.55
SHP_106313,SO_106212,WH_11,Air,04-04-2024,2024/04/14,4,10.0,Delayed,1034,6679.44,25943,19263.56
SHP_106314,SO_107976,WH_05,Air,30-01-2024,2024/02/03,6,4.0,On Time,1292,10085.93,31279,21193.07
SHP_106315,SO_100055,WH_01,Rail,22-01-2024,2024/01/28,3,6.0,Delayed,4926,2731.13,10003,7271.87
SHP_106316,SO_104970,WH_15,Sea,13-04-2024,2024/04/21,3,8.0,Delayed,3121,7498.01,29410,21911.99
SHP_106317,SO_107676,WH_07,Sea,19-03-2024,2024/03/26,5,7.0,Delayed,1562,10192.99,36145,25952.01
SHP_106318,SO_100347,WH_14,Sea,03-06-2024,2024/06/06,5,3.0,On Time,2562,3686.43,12766,9079.57
SHP_106319,SO_104981,WH_13,Sea,12-04-2024,2024/04/15,6,3.0,On Time,4216,14567.49,37847,23279.51
SHP_106320,SO_102336,WH_12,Sea,05-02-2024,2024/02/12,7,7.0,On Time,3678,2884.39,10126,7241.61
SHP_106321,SO_102116,WH_12,Air,12-11-2024,2024/11/16,6,4.0,On Time,3264,9620.15,27007,17386.85
SHP_106322,SO_105820,WH_11,Air,23-04-2024,2024/04/25,7,2.0,On Time,2428,8550.58,27917,19366.42
SHP_106323,SO_100831,WH_04,Rail,21-10-2024,2024/10/29,6,8.0,Delayed,3176,9928.35,49052,39123.65
SHP_106324,SO_106482,WH_15,Road,07-08-2024,2024/08/09,5,2.0,On Time,868,7701.3,27304,19602.7
SHP_106325,SO_102170,WH_02,Road,18-10-2024,2024/10/20,6,2.0,On Time,3729,-13043.31,45767,58810.31
SHP_106326,SO_103936,WH_08,Sea,01-04-2024,2024/04/06,4,5.0,Delayed,2932,18612.46,49141,30528.54
SHP_106327,SO_103212,WH_12,Road,12-09-2024,2024/09/19,6,7.0,Delayed,2617,1406.16,5596,4189.84
SHP_106328,SO_101971,WH_09,Road,24-10-2024,2024/10/30,5,6.0,Delayed,4080,12094.6,48962,36867.4
SHP_106329,SO_106655,WH_03,Air,20-08-2024,2024/08/23,4,3.0,On Time,4193,9766.38,33548,23781.62
SHP_106330,SO_101367,WH_03,Sea,11-01-2024,2024/01/21,6,10.0,Delayed,4268,10987.99,37976,26988.01
SHP_106331,SO_108300,WH_05,Sea,07-09-2024,2024/09/09,6,2.0,On Time,1029,5667.45,16722,11054.55
SHP_106332,SO_107274,WH_01,Air,05-08-2024,2024/08/07,5,2.0,On Time,1191,11651.51,39137,27485.49
SHP_106333,SO_103468,WH_09,Sea,25-10-2024,2024/10/31,5,6.0,Delayed,3440,8878.39,26925,18046.61
SHP_106334,SO_102925,WH_14,Air,22-04-2024,2024/05/02,5,10.0,Delayed,4329,3174.29,12584,9409.71
SHP_106335,SO_101674,WH_06,Sea,12-06-2024,2024/06/17,3,5.0,Delayed,4763,6439.75,31359,24919.25
SHP_106336,SO_106379,WH_09,Road,30-01-2024,2024/02/08,4,9.0,Delayed,2742,4170.63,11714,7543.37
SHP_106337,SO_108422,WH_02,Road,14-07-2024,2024/07/23,7,9.0,Delayed,1993,13857.84,49041,35183.16
SHP_106338,SO_109239,WH_12,Rail,13-11-2024,2024/11/20,7,7.0,On Time,4798,16851.59,42321,25469.41
SHP_106339,SO_108871,WH_10,Sea,08-10-2024,2024/10/18,7,10.0,Delayed,3831,12484.69,48956,36471.31
SHP_106340,SO_109269,WH_07,Sea,13-03-2024,2024/03/15,6,2.0,On Time,1070,13814.01,35739,21924.99
SHP_106341,SO_106162,WH_12,Sea,24-07-2024,2024/07/29,7,5.0,On Time,3327,10107.72,31913,21805.28
SHP_106342,SO_108718,WH_02,Rail,28-11-2024,2024/12/06,3,8.0,Delayed,4381,4655.79,14100,9444.21
SHP_106343,SO_107443,WH_12,Sea,02-02-2024,2024/02/04,3,2.0,On Time,4740,7985.46,35010,27024.54
SHP_106344,SO_109323,WH_06,Road,18-06-2024,2024/06/28,6,10.0,Delayed,3444,5172.64,15219,10046.36
SHP_106345,SO_109225,WH_12,Air,04-08-2024,2024/08/13,4,9.0,Delayed,3435,6231.05,26802,20570.95
SHP_106346,SO_100518,WH_14,Air,12-09-2024,2024/09/19,7,7.0,On Time,842,7650.44,24404,16753.56
SHP_106347,SO_104517,WH_12,Air,25-11-2024,2024/11/27,5,2.0,On Time,3662,4940.05,24679,19738.95
SHP_106348,SO_103783,WH_15,Sea,08-11-2024,2024/11/13,7,5.0,On Time,4599,5313.84,22085,16771.16
SHP_106349,SO_106585,WH_09,Rail,20-11-2024,2024/11/25,4,5.0,Delayed,2621,10830.3,30745,19914.7
SHP_106350,SO_101886,WH_09,Air,16-04-2024,2024/04/18,7,2.0,On Time,1017,5306.43,24776,19469.57
SHP_106351,SO_107521,WH_12,Sea,28-08-2024,2024/09/01,3,4.0,Delayed,2231,3217.31,14841,11623.69
SHP_106352,SO_105784,WH_10,Road,16-11-2024,2024/11/26,5,10.0,Delayed,2949,6491.26,19473,12981.74
SHP_106353,SO_101049,WH_06,Sea,26-05-2024,2024/06/05,7,10.0,Delayed,2824,5426.51,22693,17266.49
SHP_106354,SO_101329,WH_06,Sea,21-05-2024,2024/05/29,3,8.0,Delayed,3861,11273.61,34287,23013.39
SHP_106355,SO_102697,WH_01,Air,28-02-2024,2024/03/01,7,2.0,On Time,1265,9354.61,46305,36950.39
SHP_106356,SO_105426,WH_08,Air,29-09-2024,2024/10/07,6,8.0,Delayed,2828,13478.98,40264,26785.02
SHP_106357,SO_108998,WH_11,Sea,23-01-2024,2024/02/01,7,9.0,Delayed,4890,11738.23,33601,21862.77
SHP_106358,SO_108989,WH_02,Rail,08-11-2024,2024/11/18,4,10.0,Delayed,646,3398.54,12346,8947.46
SHP_106359,SO_108732,WH_03,Road,13-07-2024,2024/07/23,6,10.0,Delayed,4780,18039.82,48075,30035.18
SHP_106360,SO_109395,WH_12,Air,18-08-2024,2024/08/28,7,,Delayed,4549,7875.37,23453,15577.63
SHP_106361,SO_107838,WH_14,Air,31-05-2024,2024/06/10,6,10.0,Delayed,2570,3500.65,11919,8418.35
SHP_106362,SO_105884,WH_01,Rail,13-09-2024,2024/09/18,3,5.0,Delayed,2771,5639.37,16864,11224.63
SHP_106363,SO_104924,WH_03,Air,27-08-2024,2024/09/03,5,7.0,Delayed,654,5040.86,19462,14421.14
SHP_106364,SO_107409,WH_02,Road,25-03-2024,2024/04/01,7,7.0,On Time,1790,6816.82,30574,23757.18
SHP_106365,SO_103151,WH_12,Rail,14-12-2024,2024/12/24,6,10.0,Delayed,681,3387.21,13998,10610.79
SHP_106366,SO_107020,WH_07,Sea,03-06-2024,2024/06/12,3,9.0,Delayed,4095,9386.36,25862,16475.64
SHP_106367,SO_105263,WH_09,Sea,11-06-2024,2024/06/21,4,10.0,Delayed,1599,3668.65,9989,6320.35
SHP_106368,SO_106744,WH_06,Air,22-05-2024,2024/05/28,4,6.0,Delayed,4690,2806.51,8709,5902.49
SHP_106369,SO_102908,WH_14,Air,24-03-2024,2024/04/03,4,10.0,Delayed,2820,10686.04,31425,20738.96
SHP_106370,SO_105116,WH_05,Road,26-01-2024,2024/01/29,7,3.0,On Time,4528,10249.82,29335,19085.18
SHP_106371,SO_100854,WH_09,Road,08-08-2024,2024/08/15,6,7.0,Delayed,802,15568.37,39813,24244.63
SHP_106372,SO_102353,WH_02,Sea,27-01-2024,2024/02/05,7,9.0,Delayed,1362,13728.46,44967,31238.54
SHP_106373,SO_103811,WH_09,Air,06-02-2024,2024/02/16,4,10.0,Delayed,2384,4537.07,21777,17239.93
SHP_106374,SO_103690,WH_11,Rail,09-02-2024,2024/02/13,4,4.0,On Time,858,7082.58,32928,25845.42
SHP_106375,SO_109119,WH_08,Road,26-04-2024,2024/05/05,6,9.0,Delayed,2656,5571.02,14459,8887.98
SHP_106376,SO_105221,WH_04,Air,15-01-2024,2024/01/17,5,2.0,On Time,4506,8360.64,25950,17589.36
SHP_106377,SO_102633,WH_15,Rail,07-05-2024,2024/05/09,3,2.0,On Time,2193,2988.48,9279,6290.52
SHP_106378,SO_105300,WH_02,Road,08-06-2024,2024/06/15,4,7.0,Delayed,4751,5017.79,20909,15891.21
SHP_106379,SO_103755,WH_01,Road,01-08-2024,2024/08/11,7,10.0,Delayed,1627,8181.52,31877,23695.48
SHP_106380,SO_107586,WH_15,Rail,01-08-2024,2024/08/04,6,3.0,On Time,4879,12701.97,34876,22174.03
SHP_106381,SO_102760,WH_09,Air,31-08-2024,2024/09/02,6,2.0,On Time,2692,10957.44,45320,34362.56
SHP_106382,SO_106031,WH_01,Air,24-10-2024,2024/10/28,7,4.0,On Time,4967,16002.46,43376,27373.54
SHP_106383,SO_106067,WH_04,Rail,23-02-2024,2024/02/28,3,5.0,Delayed,1360,6127.69,22749,16621.31
SHP_106384,SO_104461,WH_15,Rail,20-01-2024,2024/01/30,4,10.0,Delayed,1819,11252.01,40769,29516.99
SHP_106385,SO_105227,WH_10,Sea,04-01-2024,2024/01/07,7,3.0,On Time,2279,17028.59,47596,30567.41
SHP_106386,SO_109940,WH_04,Road,06-02-2024,2024/02/13,7,7.0,On Time,1822,14598.8,41859,27260.2
SHP_106387,SO_104645,WH_15,Road,22-01-2024,2024/01/31,7,9.0,Delayed,3314,2215.56,6239,4023.44
SHP_106388,SO_100685,WH_02,Road,26-03-2024,2024/03/28,7,2.0,On Time,2643,11417.02,40800,29382.98
SHP_106389,SO_109704,WH_11,Road,11-08-2024,2024/08/13,6,2.0,On Time,4972,3543.26,16483,12939.74
SHP_106390,SO_101220,WH_14,Air,08-01-2024,2024/01/14,7,6.0,On Time,712,2724.71,11100,8375.29
SHP_106391,SO_109168,WH_12,Air,12-06-2024,2024/06/15,7,3.0,On Time,217,17044.32,45575,28530.68
SHP_106392,SO_108788,WH_11,Sea,24-07-2024,2024/08/03,3,10.0,Delayed,2521,8572.93,21684,13111.07
SHP_106393,SO_108116,WH_05,Road,03-11-2024,2024/11/10,3,7.0,Delayed,2876,8122.31,31556,23433.69
SHP_106394,SO_107699,WH_09,Road,28-01-2024,2024/02/06,5,9.0,Delayed,3367,6363.39,22702,16338.61
SHP_106395,SO_104953,WH_04,Rail,02-04-2024,2024/04/08,5,6.0,Delayed,4837,5170.13,19549,14378.87
SHP_106396,SO_104570,WH_12,Air,27-10-2024,2024/10/31,7,4.0,On Time,1785,2286.69,9454,7167.31
SHP_106397,SO_108798,WH_03,Sea,08-06-2024,2024/06/14,3,6.0,Delayed,3899,8487.55,23338,14850.45
SHP_106398,SO_105653,WH_09,Road,09-07-2024,2024/07/15,4,6.0,Delayed,1348,8471.26,36988,28516.74
SHP_106399,SO_101019,WH_08,Rail,02-11-2024,2024/11/05,6,3.0,On Time,1961,5835.06,17622,11786.94
SHP_106400,SO_108682,WH_07,Rail,12-04-2024,2024/04/20,5,8.0,Delayed,2914,13607.21,49030,35422.79
SHP_106401,SO_105430,WH_07,Air,03-01-2024,2024/01/11,4,8.0,Delayed,1135,3992.36,10139,6146.64
SHP_106402,SO_107208,WH_06,Air,14-06-2024,2024/06/22,4,8.0,Delayed,2086,9650.46,36506,26855.54
SHP_106403,SO_103738,WH_12,Air,16-10-2024,2024/10/21,5,5.0,On Time,708,2629.21,7672,5042.79
SHP_106404,SO_101951,WH_06,Rail,01-10-2024,2024/10/05,4,4.0,On Time,2837,8421.51,22580,14158.49
SHP_106405,SO_109154,WH_08,Road,12-12-2024,2024/12/19,7,7.0,On Time,3645,6833.1,30534,23700.9
SHP_106406,SO_100602,WH_12,Rail,13-07-2024,2024/07/18,7,5.0,On Time,880,10903.02,37835,26931.98
SHP_106407,SO_103962,WH_11,Road,24-07-2024,2024/07/30,5,6.0,Delayed,3172,12263.21,36014,23750.79
SHP_106408,SO_104477,WH_10,Road,30-07-2024,2024/08/08,7,9.0,Delayed,1613,11197.39,38351,27153.61
SHP_106409,SO_101596,WH_06,Sea,27-05-2024,2024/06/01,7,5.0,On Time,3596,17074.48,44857,27782.52
SHP_106410,SO_100362,WH_05,Air,11-11-2024,2024/11/18,6,7.0,Delayed,3350,12714.17,49814,37099.83
SHP_106411,SO_108749,WH_14,Rail,12-09-2024,2024/09/14,5,2.0,On Time,321,6239.63,31024,24784.37
SHP_106412,SO_101402,WH_09,Air,14-11-2024,2024/11/18,3,4.0,Delayed,1716,8072.18,36638,28565.82
SHP_106413,SO_101481,WH_07,Air,27-07-2024,2024/08/05,3,9.0,Delayed,3798,1679.03,7035,5355.97
SHP_106414,SO_103393,WH_12,Sea,13-06-2024,2024/06/18,7,5.0,On Time,3730,7970.24,33666,25695.76
SHP_106415,SO_100299,WH_03,Air,21-04-2024,2024/04/28,5,7.0,Delayed,3125,13090.79,49942,36851.21
SHP_106416,SO_101711,WH_06,Air,12-05-2024,2024/05/14,7,2.0,On Time,2678,2242.6,11001,8758.4
SHP_106417,SO_101617,WH_12,Air,03-03-2024,2024/03/07,6,4.0,On Time,2642,2819.26,9734,6914.74
SHP_106418,SO_106928,WH_08,Road,25-07-2024,2024/07/31,5,6.0,Delayed,2185,-10714.78,41789,52503.78
SHP_106419,SO_107303,WH_05,Rail,21-09-2024,2024/09/23,5,2.0,On Time,1693,5907.92,24804,18896.08
SHP_106420,SO_108568,WH_11,Air,16-06-2024,2024/06/26,6,10.0,Delayed,4030,6434.54,27591,21156.46
SHP_106421,SO_103512,WH_04,Sea,23-07-2024,2024/07/30,4,7.0,Delayed,1500,3728.34,13518,9789.66
SHP_106422,SO_104388,WH_09,Air,04-05-2024,2024/05/07,6,3.0,On Time,4565,6108.23,24260,18151.77
SHP_106423,SO_107773,WH_14,Rail,01-01-2024,2024/01/06,4,5.0,Delayed,1095,7376.97,18644,11267.03
SHP_106424,SO_102338,WH_09,Rail,22-10-2024,2024/10/28,6,6.0,On Time,419,14376.98,46251,31874.02
SHP_106425,SO_102283,WH_08,Road,30-09-2024,2024/10/07,5,7.0,Delayed,4205,1729.77,6792,5062.23
SHP_106426,SO_106927,WH_09,Sea,25-03-2024,2024/03/29,4,4.0,On Time,4853,11506.03,33666,22159.97
SHP_106427,SO_103477,WH_13,Sea,20-09-2024,2024/09/24,5,4.0,On Time,761,14756.88,44538,29781.12
SHP_106428,SO_107817,WH_14,Sea,26-10-2024,2024/10/31,7,5.0,On Time,4163,3236.32,13055,9818.68
SHP_106429,SO_105157,WH_03,Rail,23-10-2024,2024/10/27,4,4.0,On Time,3858,10983.01,32898,21914.99
SHP_106430,SO_100151,WH_09,Road,24-05-2024,2024/05/28,5,4.0,On Time,501,8053.15,29218,21164.85
SHP_106431,SO_107106,WH_11,Sea,24-09-2024,2024/10/03,3,9.0,Delayed,4657,13552.56,46735,33182.44
SHP_106432,SO_103593,WH_10,Road,08-07-2024,2024/07/13,6,5.0,On Time,2957,8997.41,24265,15267.59
SHP_106433,SO_104537,WH_15,Road,12-09-2024,2024/09/19,4,7.0,Delayed,1422,6498.43,17455,10956.57
SHP_106434,SO_107423,WH_14,Rail,26-05-2024,2024/06/02,4,7.0,Delayed,1752,5151.03,12892,7740.97
SHP_106435,SO_102354,WH_01,Air,28-06-2024,2024/07/06,7,8.0,Delayed,1555,5621.75,19108,13486.25
SHP_106436,SO_109927,WH_09,Rail,30-08-2024,2024/09/01,7,2.0,On Time,1671,16940.33,45932,28991.67
SHP_106437,SO_109545,WH_13,Rail,15-09-2024,2024/09/24,4,9.0,Delayed,3938,6437.58,18603,12165.42
SHP_106438,SO_109865,WH_09,Road,25-04-2024,2024/05/05,7,10.0,Delayed,1363,17660.11,46737,29076.89
SHP_106439,SO_101312,WH_02,Road,21-01-2024,2024/01/30,5,9.0,Delayed,2157,1905.54,8049,6143.46
SHP_106440,SO_101739,WH_07,Road,10-08-2024,2024/08/20,3,10.0,Delayed,515,13673.26,42590,28916.74
SHP_106441,SO_102615,WH_02,Sea,27-11-2024,2024/12/07,6,10.0,Delayed,1726,10673.45,27207,16533.55
SHP_106442,SO_103154,WH_04,Road,14-02-2024,2024/02/21,5,7.0,Delayed,4012,7550.08,34292,26741.92
SHP_106443,SO_108735,WH_05,Road,15-09-2024,2024/09/20,6,5.0,On Time,4354,10922.63,37945,27022.37
SHP_106444,SO_104865,WH_13,Sea,12-08-2024,2024/08/17,7,5.0,On Time,2465,9501.08,37486,27984.92
SHP_106445,SO_101256,WH_10,Road,13-08-2024,2024/08/23,5,10.0,Delayed,1995,8355.11,35568,27212.89
SHP_106446,SO_103728,WH_01,Sea,21-01-2024,2024/01/24,5,3.0,On Time,1808,2420.24,7012,4591.76
SHP_106447,SO_108516,WH_12,Road,25-11-2024,2024/11/27,6,2.0,On Time,257,9852.11,25136,15283.89
SHP_106448,SO_102210,WH_07,Sea,14-05-2024,2024/05/23,5,9.0,Delayed,801,3285.88,9830,6544.12
SHP_106449,SO_101661,WH_04,Sea,01-04-2024,2024/04/10,5,9.0,Delayed,2225,15909.57,41516,25606.43
SHP_106450,SO_109419,WH_07,Sea,23-01-2024,2024/01/26,6,3.0,On Time,3152,12309.78,32795,20485.22
SHP_106451,SO_100860,WH_15,Rail,16-10-2024,2024/10/21,7,5.0,On Time,2140,2857.33,13463,10605.67
SHP_106452,SO_109644,WH_09,Air,27-08-2024,2024/08/31,6,4.0,On Time,618,7574.14,19865,12290.86
SHP_106453,SO_105989,WH_03,Air,03-06-2024,2024/06/05,3,2.0,On Time,3941,7997.95,20114,12116.05
SHP_106454,SO_103640,WH_14,Sea,17-09-2024,2024/09/27,6,10.0,Delayed,3634,15302.4,42217,26914.6
SHP_106455,SO_102797,WH_04,Road,08-10-2024,2024/10/12,3,4.0,Delayed,4294,9520.75,28862,19341.25
SHP_106456,SO_104444,WH_12,Rail,05-02-2024,2024/02/08,7,3.0,On Time,3064,8853.85,34381,25527.15
SHP_106457,SO_109616,WH_14,Road,24-01-2024,2024/02/03,3,10.0,Delayed,4713,4154.21,12417,8262.79
SHP_106458,SO_109105,WH_12,Rail,21-12-2024,2024/12/25,6,4.0,On Time,2100,2200.74,6934,4733.26
SHP_106459,SO_108346,WH_10,Rail,19-10-2024,2024/10/27,5,8.0,Delayed,1596,3075.47,15334,12258.53
SHP_106460,SO_100906,WH_10,Rail,10-03-2024,2024/03/18,4,8.0,Delayed,3028,14012.47,44157,30144.53
SHP_106461,SO_108652,WH_02,Sea,12-03-2024,2024/03/15,3,3.0,On Time,3945,16894.83,48045,31150.17
SHP_106462,SO_107323,WH_09,Rail,01-12-2024,2024/12/03,5,2.0,On Time,1264,2424.54,10686,8261.46
SHP_106463,SO_106320,WH_07,Rail,27-12-2024,2025/01/02,4,6.0,Delayed,3588,4660.62,20115,15454.38
SHP_106464,SO_104111,WH_05,Road,20-06-2024,2024/06/22,4,2.0,On Time,2999,14099.52,41782,27682.48
SHP_106465,SO_101010,WH_06,Air,08-05-2024,2024/05/18,3,10.0,Delayed,4090,9217.42,30489,21271.58
SHP_106466,SO_106261,WH_13,Air,09-07-2024,2024/07/14,4,5.0,Delayed,477,1940.23,7760,5819.77
SHP_106467,SO_108532,WH_10,Sea,06-10-2024,2024/10/11,4,5.0,Delayed,3458,11195.95,33325,22129.05
SHP_106468,SO_101579,WH_07,Air,09-10-2024,2024/10/15,4,6.0,Delayed,3891,11204.31,43312,32107.69
SHP_106469,SO_106165,WH_03,Road,29-02-2024,2024/03/02,4,,Delayed,3115,10839.82,37955,27115.18
SHP_106470,SO_108412,WH_12,Sea,11-03-2024,2024/03/13,6,2.0,On Time,3090,7535.71,21994,14458.29
SHP_106471,SO_108024,WH_05,Road,26-10-2024,2024/10/30,3,4.0,Delayed,4446,8259.97,28937,20677.03
SHP_106472,SO_103449,WH_10,Rail,13-12-2024,2024/12/19,6,6.0,On Time,1888,2404.3,7449,5044.7
SHP_106473,SO_105665,WH_12,Air,09-11-2024,2024/11/19,4,10.0,Delayed,1163,18907.77,47667,28759.23
SHP_106474,SO_100766,WH_15,Sea,26-02-2024,2024/02/28,3,2.0,On Time,3721,12236.05,35602,23365.95
SHP_106475,SO_109199,WH_05,Road,28-02-2024,2024/03/06,6,7.0,Delayed,2069,6882.39,22754,15871.61
SHP_106476,SO_100645,WH_14,Sea,12-01-2024,2024/01/19,5,7.0,Delayed,2255,10532.65,35408,24875.35
SHP_106477,SO_105184,WH_06,Road,26-07-2024,2024/07/29,5,3.0,On Time,2678,3166.11,12394,9227.89
SHP_106478,SO_101059,WH_07,Air,04-09-2024,2024/09/11,6,7.0,Delayed,3341,18228.31,49589,31360.69
SHP_106479,SO_107464,WH_11,Road,03-03-2024,2024/03/09,7,6.0,On Time,349,5486.33,20494,15007.67
SHP_106480,SO_107029,WH_05,Air,30-11-2024,2024/12/02,6,2.0,On Time,305,3211.22,9503,6291.78
SHP_106481,SO_108905,WH_03,Air,23-04-2024,2024/04/27,7,4.0,On Time,338,13871.24,36381,22509.76
SHP_106482,SO_101700,WH_07,Rail,01-06-2024,2024/06/04,3,3.0,On Time,4546,1826.85,5044,3217.15
SHP_106483,SO_102550,WH_15,Sea,24-09-2024,2024/09/27,4,3.0,On Time,3281,6095.87,24647,18551.13
SHP_106484,SO_103292,WH_05,Air,06-04-2024,2024/04/13,5,7.0,Delayed,1301,2853.61,7678,4824.39
SHP_106485,SO_108209,WH_04,Road,24-12-2024,2024/12/30,5,6.0,Delayed,4789,2166.45,7968,5801.55
SHP_106486,SO_106016,WH_02,Air,11-03-2024,2024/03/15,5,4.0,On Time,1930,6183.56,17729,11545.44
SHP_106487,SO_108317,WH_06,Rail,18-10-2024,2024/10/28,5,10.0,Delayed,1948,10283.52,41065,30781.48
SHP_106488,SO_104207,WH_08,Sea,13-04-2024,2024/04/16,7,3.0,On Time,4220,2610.12,7210,4599.88
SHP_106489,SO_103820,WH_06,Sea,19-11-2024,2024/11/24,4,5.0,Delayed,3759,4974.6,20208,15233.4
SHP_106490,SO_102732,WH_03,Air,03-03-2024,2024/03/05,3,2.0,On Time,858,4451.07,14564,10112.93
SHP_106491,SO_105633,WH_01,Air,24-05-2024,2024/05/27,3,3.0,On Time,4644,6755.85,21856,15100.15
SHP_106492,SO_100224,WH_01,Rail,05-10-2024,2024/10/15,5,10.0,Delayed,4896,6756.68,23551,16794.32
SHP_106493,SO_108688,WH_05,Road,20-02-2024,2024/02/29,7,9.0,Delayed,2030,2374.71,7307,4932.29
SHP_106494,SO_104664,WH_06,Rail,29-11-2024,2024/12/07,6,8.0,Delayed,2802,-5101.42,14075,19176.42
SHP_106495,SO_107164,WH_08,Road,06-04-2024,2024/04/16,3,10.0,Delayed,1364,1284.17,5774,4489.83
SHP_106496,SO_104425,WH_04,Rail,23-03-2024,2024/04/02,6,10.0,Delayed,4974,6882.63,30464,23581.37
SHP_106497,SO_106028,WH_07,Road,07-01-2024,2024/01/17,6,10.0,Delayed,3650,15608.73,47805,32196.27
SHP_106498,SO_105698,WH_07,Road,23-11-2024,2024/11/29,3,6.0,Delayed,2178,3981.62,16463,12481.38
SHP_106499,SO_109676,WH_04,Rail,25-05-2024,2024/06/01,5,7.0,Delayed,521,8426.06,24925,16498.94
SHP_106500,SO_103679,WH_08,Air,25-03-2024,2024/03/27,6,2.0,On Time,2297,15719.55,39857,24137.45
SHP_106501,SO_103235,WH_13,Sea,04-02-2024,2024/02/06,7,2.0,On Time,4193,11938.39,42910,30971.61
SHP_106502,SO_103013,WH_07,Sea,03-01-2024,2024/01/13,6,10.0,Delayed,3817,10314.89,32881,22566.11
SHP_106503,SO_104565,WH_09,Air,12-07-2024,2024/07/19,3,7.0,Delayed,4255,3401.02,12418,9016.98
SHP_106504,SO_109992,WH_01,Rail,28-07-2024,2024/08/05,6,8.0,Delayed,4587,7421.08,26055,18633.92
SHP_106505,SO_101046,WH_05,Sea,05-07-2024,2024/07/08,4,3.0,On Time,838,11658.05,38260,26601.95
SHP_106506,SO_103277,WH_09,Road,03-09-2024,2024/09/06,3,3.0,On Time,2374,13831.37,36011,22179.63
SHP_106507,SO_105622,WH_03,Road,15-09-2024,2024/09/21,4,6.0,Delayed,323,8197.14,35711,27513.86
SHP_106508,SO_109193,WH_14,Road,04-03-2024,2024/03/14,3,10.0,Delayed,3400,10721.89,34871,24149.11
SHP_106509,SO_108472,WH_02,Road,16-11-2024,2024/11/23,7,7.0,On Time,3286,9023.85,36257,27233.15
SHP_106510,SO_104979,WH_12,Rail,25-03-2024,2024/03/31,6,6.0,On Time,3595,17367.35,47379,30011.65
SHP_106511,SO_102234,WH_11,Air,26-04-2024,2024/05/01,4,5.0,Delayed,3411,18311.72,47709,29397.28
SHP_106512,SO_101890,WH_09,Air,28-03-2024,2024/03/31,7,3.0,On Time,3005,13740.24,38064,24323.76
SHP_106513,SO_101010,WH_08,Air,24-12-2024,2024/12/26,6,2.0,On Time,3127,12645.06,34363,21717.94
SHP_106514,SO_101657,WH_12,Air,11-10-2024,2024/10/16,7,5.0,On Time,4978,1947.55,7172,5224.45
SHP_106515,SO_101316,WH_12,Road,08-01-2024,2024/01/15,7,7.0,On Time,1334,6886.56,20245,13358.44
SHP_106516,SO_108027,WH_07,Road,20-04-2024,2024/04/25,6,5.0,On Time,1826,9046.27,27987,18940.73
SHP_106517,SO_100011,WH_15,Rail,19-12-2024,2024/12/24,7,5.0,On Time,4394,7068.93,27285,20216.07
SHP_106518,SO_104609,WH_11,Air,28-05-2024,2024/06/03,7,6.0,On Time,4156,7139.37,19414,12274.63
SHP_106519,SO_102322,WH_11,Sea,24-08-2024,2024/09/02,4,9.0,Delayed,3437,3583.25,9581,5997.75
SHP_106520,SO_100984,WH_05,Road,30-08-2024,2024/09/01,7,2.0,On Time,3023,2741.08,10178,7436.92
SHP_106521,SO_104659,WH_02,Air,02-09-2024,2024/09/04,5,2.0,On Time,572,11815.62,43115,31299.38
SHP_106522,SO_109739,WH_10,Road,18-09-2024,2024/09/26,3,8.0,Delayed,2050,12709.41,45009,32299.59
SHP_106523,SO_108406,WH_13,Road,23-12-2024,2025/01/01,3,9.0,Delayed,3414,16040.95,46784,30743.05
SHP_106524,SO_105122,WH_04,Rail,05-01-2024,2024/01/14,5,9.0,Delayed,3927,2743.41,10600,7856.59
SHP_106525,SO_107303,WH_12,Rail,16-12-2024,2024/12/26,6,10.0,Delayed,3233,4773.09,13895,9121.91
SHP_106526,SO_103710,WH_14,Rail,19-10-2024,2024/10/27,5,8.0,Delayed,4177,1699.05,6227,4527.95
SHP_106527,SO_105036,WH_12,Sea,14-03-2024,2024/03/23,5,9.0,Delayed,2555,10481.71,29952,19470.29
SHP_106528,SO_106010,WH_14,Air,15-02-2024,2024/02/17,6,2.0,On Time,2661,9364.02,36283,26918.98
SHP_106529,SO_102172,WH_04,Rail,11-08-2024,2024/08/18,4,7.0,Delayed,1514,6064.01,16937,10872.99
SHP_106530,SO_108912,WH_08,Sea,26-03-2024,2024/04/03,7,8.0,Delayed,1983,11953.42,43257,31303.58
SHP_106531,SO_101521,WH_06,Rail,15-01-2024,2024/01/21,7,6.0,On Time,400,3805.63,14149,10343.37
SHP_106532,SO_100589,WH_15,Road,22-10-2024,2024/10/26,5,4.0,On Time,280,5918.78,19102,13183.22
SHP_106533,SO_103166,WH_05,Road,06-12-2024,2024/12/08,3,2.0,On Time,4875,8723.7,23236,14512.3
SHP_106534,SO_106075,WH_09,Road,26-12-2024,2024/12/29,7,3.0,On Time,1622,11273.94,45353,34079.06
SHP_106535,SO_109120,WH_09,Sea,14-09-2024,2024/09/21,4,7.0,Delayed,3817,1706.26,5225,3518.74
SHP_106536,SO_106592,WH_09,Road,18-07-2024,2024/07/25,6,7.0,Delayed,4489,14721.39,37154,22432.61
SHP_106537,SO_101166,WH_10,Air,06-11-2024,2024/11/11,6,5.0,On Time,1289,6104.37,22288,16183.63
SHP_106538,SO_106654,WH_09,Sea,05-10-2024,2024/10/12,7,7.0,On Time,4883,8179.36,35843,27663.64
SHP_106539,SO_102493,WH_11,Sea,12-08-2024,2024/08/16,7,4.0,On Time,4604,5275.9,17431,12155.1
SHP_106540,SO_108983,WH_01,Sea,08-05-2024,2024/05/10,6,2.0,On Time,2550,2978.62,7480,4501.38
SHP_106541,SO_102150,WH_12,Air,26-06-2024,2024/06/28,7,2.0,On Time,3536,8972.38,30011,21038.62
SHP_106542,SO_106878,WH_04,Rail,03-06-2024,2024/06/12,4,9.0,Delayed,986,12943.21,39427,26483.79
SHP_106543,SO_109528,WH_05,Air,31-05-2024,2024/06/02,3,2.0,On Time,3926,12084.24,30429,18344.76
SHP_106544,SO_105610,WH_04,Sea,02-02-2024,2024/02/08,3,6.0,Delayed,2614,2298.49,9842,7543.51
SHP_106545,SO_108947,WH_07,Air,29-07-2024,2024/08/03,4,5.0,Delayed,1482,5388.45,20823,15434.55
SHP_106546,SO_105339,WH_15,Air,08-09-2024,2024/09/18,7,10.0,Delayed,4372,-9569.3,28122,37691.3
SHP_106547,SO_103059,WH_02,Air,06-08-2024,2024/08/12,3,6.0,Delayed,4817,8662.74,24339,15676.26
SHP_106548,SO_103350,WH_02,Rail,16-02-2024,2024/02/25,5,9.0,Delayed,3643,8192.19,23030,14837.81
SHP_106549,SO_108538,WH_13,Rail,11-09-2024,2024/09/20,5,9.0,Delayed,4357,18339.7,45982,27642.3
SHP_106550,SO_106057,WH_11,Sea,11-12-2024,2024/12/14,6,3.0,On Time,3318,13462.35,37838,24375.65
SHP_106551,SO_105080,WH_09,Air,22-09-2024,2024/09/24,5,2.0,On Time,3991,5421.6,25381,19959.4
SHP_106552,SO_106964,WH_02,Rail,25-11-2024,2024/12/02,5,7.0,Delayed,2526,10156.05,26017,15860.95
SHP_106553,SO_104264,WH_02,Sea,19-04-2024,2024/04/27,6,8.0,Delayed,449,9789.21,47915,38125.79
SHP_106554,SO_101134,WH_12,Sea,31-07-2024,2024/08/09,7,9.0,Delayed,1702,9362.22,38811,29448.78
SHP_106555,SO_102981,WH_06,Air,12-04-2024,2024/04/17,5,5.0,On Time,3331,11745.43,33833,22087.57
SHP_106556,SO_104206,WH_13,Rail,28-10-2024,2024/10/31,4,3.0,On Time,2181,13316.17,40987,27670.83
SHP_106557,SO_102638,WH_11,Air,26-08-2024,2024/08/31,6,5.0,On Time,2025,5244.87,20128,14883.13
SHP_106558,SO_103312,WH_04,Air,02-03-2024,2024/03/10,5,8.0,Delayed,3622,9211.9,23207,13995.1
SHP_106559,SO_100049,WH_12,Sea,25-03-2024,2024/04/02,4,8.0,Delayed,1048,4454.54,14960,10505.46
SHP_106560,SO_101037,WH_11,Rail,26-01-2024,2024/02/04,5,9.0,Delayed,2453,7449.42,24823,17373.58
SHP_106561,SO_106418,WH_02,Air,07-04-2024,2024/04/16,7,9.0,Delayed,3299,13964.17,37990,24025.83
SHP_106562,SO_109721,WH_07,Road,11-07-2024,2024/07/16,5,5.0,On Time,4760,18092.56,46679,28586.44
SHP_106563,SO_108090,WH_03,Sea,01-02-2024,2024/02/03,5,2.0,On Time,3523,1297.41,6221,4923.59
SHP_106564,SO_108161,WH_08,Air,25-10-2024,2024/10/27,5,2.0,On Time,1984,6576.41,25229,18652.59
SHP_106565,SO_103682,WH_12,Air,23-10-2024,2024/10/29,6,6.0,On Time,2423,13663.1,36505,22841.9
SHP_106566,SO_100586,WH_06,Road,04-04-2024,2024/04/08,5,4.0,On Time,1313,14927.1,43262,28334.9
SHP_106567,SO_106808,WH_14,Rail,29-04-2024,2024/05/01,6,2.0,On Time,3900,7786.13,20736,12949.87
SHP_106568,SO_108723,WH_09,Air,28-11-2024,2024/11/30,5,2.0,On Time,2946,2712.32,10010,7297.68
SHP_106569,SO_100881,WH_08,Road,28-05-2024,2024/06/04,5,7.0,Delayed,3104,3875.69,11558,7682.31
SHP_106570,SO_101484,WH_06,Sea,29-10-2024,2024/11/06,6,8.0,Delayed,2386,16912.78,43783,26870.22
SHP_106571,SO_105796,WH_09,Rail,15-01-2024,2024/01/20,6,5.0,On Time,854,2817.17,12935,10117.83
SHP_106572,SO_106113,WH_10,Sea,23-06-2024,2024/07/03,5,10.0,Delayed,3628,6446.66,29810,23363.34
SHP_106573,SO_100175,WH_10,Air,05-10-2024,2024/10/07,5,2.0,On Time,437,2727.95,12571,9843.05
SHP_106574,SO_109959,WH_11,Sea,22-05-2024,2024/05/24,6,2.0,On Time,4108,4341.3,13038,8696.7
SHP_106575,SO_107057,WH_02,Sea,25-07-2024,2024/07/30,3,5.0,Delayed,3852,4328.07,18820,14491.93
SHP_106576,SO_107678,WH_10,Road,20-02-2024,2024/02/22,3,2.0,On Time,4786,7974.18,24664,16689.82
SHP_106577,SO_102017,WH_02,Sea,05-12-2024,2024/12/08,5,3.0,On Time,4911,8283.39,39780,31496.61
SHP_106578,SO_100633,WH_11,Road,27-09-2024,2024/10/02,3,5.0,Delayed,4492,11622.84,37003,25380.16
SHP_106579,SO_106746,WH_12,Road,10-06-2024,2024/06/16,6,6.0,On Time,3177,10696.91,42490,31793.09
SHP_106580,SO_104550,WH_14,Rail,25-06-2024,2024/07/05,4,10.0,Delayed,3465,6926.24,21582,14655.76
SHP_106581,SO_107622,WH_09,Rail,23-05-2024,2024/05/31,3,8.0,Delayed,1268,10587.58,32534,21946.42
SHP_106582,SO_107611,WH_11,Air,07-11-2024,2024/11/16,6,9.0,Delayed,4422,13170.85,45440,32269.15
SHP_106583,SO_102331,WH_02,Rail,30-04-2024,2024/05/09,5,9.0,Delayed,1531,3608.62,13724,10115.38
SHP_106584,SO_102184,WH_10,Air,19-01-2024,2024/01/23,3,4.0,Delayed,458,7809.12,31209,23399.88
SHP_106585,SO_108211,WH_01,Sea,12-08-2024,2024/08/21,3,9.0,Delayed,3438,7479.36,33766,26286.64
SHP_106586,SO_100814,WH_01,Rail,19-07-2024,2024/07/24,4,5.0,Delayed,3618,2476.24,9383,6906.76
SHP_106587,SO_105730,WH_08,Sea,27-02-2024,2024/03/02,6,4.0,On Time,3143,5088.08,20041,14952.92
SHP_106588,SO_103882,WH_15,Air,25-05-2024,2024/05/29,4,4.0,On Time,3914,8752.36,31180,22427.64
SHP_106589,SO_104521,WH_13,Sea,27-10-2024,2024/11/05,7,9.0,Delayed,2803,3568.97,10893,7324.03
SHP_106590,SO_109098,WH_10,Rail,09-09-2024,2024/09/16,4,7.0,Delayed,4602,3659.04,11347,7687.96
SHP_106591,SO_106034,WH_14,Air,19-04-2024,2024/04/23,3,4.0,Delayed,4313,5432.94,16980,11547.06
SHP_106592,SO_107776,WH_09,Air,03-05-2024,2024/05/11,5,8.0,Delayed,716,5154.15,16053,10898.85
SHP_106593,SO_106281,WH_04,Rail,28-09-2024,2024/10/02,7,4.0,On Time,916,9223.08,26925,17701.92
SHP_106594,SO_103165,WH_13,Road,01-02-2024,2024/02/08,5,7.0,Delayed,3224,14105.6,40747,26641.4
SHP_106595,SO_107613,WH_01,Sea,04-04-2024,2024/04/11,6,7.0,Delayed,2052,8480.32,33698,25217.68
SHP_106596,SO_105851,WH_06,Road,05-09-2024,2024/09/15,7,10.0,Delayed,3898,3421.8,13667,10245.2
SHP_106597,SO_101019,WH_10,Sea,29-07-2024,2024/08/08,3,10.0,Delayed,3247,10170.22,38835,28664.78
SHP_106598,SO_101525,WH_10,Sea,20-09-2024,2024/09/23,6,3.0,On Time,1350,10128.75,29409,19280.25
SHP_106599,SO_108115,WH_04,Sea,23-09-2024,2024/09/26,6,3.0,On Time,3287,4839.26,21314,16474.74
SHP_106600,SO_109541,WH_09,Air,02-06-2024,2024/06/12,3,10.0,Delayed,1050,8787.39,37440,28652.61
SHP_106601,SO_105382,WH_08,Road,11-06-2024,2024/06/16,6,5.0,On Time,1549,5983.26,15146,9162.74
SHP_106602,SO_109793,WH_05,Air,14-08-2024,2024/08/20,6,6.0,On Time,325,10712.93,30967,20254.07
SHP_106603,SO_107380,WH_10,Sea,11-10-2024,2024/10/14,4,3.0,On Time,862,16160.25,43276,27115.75
SHP_106604,SO_100948,WH_14,Air,15-07-2024,2024/07/17,4,2.0,On Time,3777,11990.82,35573,23582.18
SHP_106605,SO_107852,WH_11,Air,28-03-2024,2024/04/01,4,4.0,On Time,3561,6945.87,30114,23168.13
SHP_106606,SO_109687,WH_15,Rail,05-09-2024,2024/09/11,6,6.0,On Time,2779,10911.21,28014,17102.79
SHP_106607,SO_106448,WH_07,Sea,17-07-2024,2024/07/22,7,5.0,On Time,914,1905.01,7680,5774.99
SHP_106608,SO_105505,WH_14,Road,17-08-2024,2024/08/20,6,3.0,On Time,763,12505.81,49272,36766.19
SHP_106609,SO_102491,WH_07,Road,03-10-2024,2024/10/12,6,9.0,Delayed,2248,8525.07,39792,31266.93
SHP_106610,SO_101673,WH_06,Air,11-03-2024,2024/03/18,5,7.0,Delayed,2326,3985.04,18933,14947.96
SHP_106611,SO_105803,WH_10,Road,29-06-2024,2024/07/05,3,6.0,Delayed,4322,6667.51,29740,23072.49
SHP_106612,SO_107208,WH_09,Rail,04-02-2024,2024/02/08,5,4.0,On Time,4339,18571.72,49473,30901.28
SHP_106613,SO_103947,WH_08,Air,11-10-2024,2024/10/15,6,4.0,On Time,4577,6005.39,21304,15298.61
SHP_106614,SO_107698,WH_01,Road,20-08-2024,2024/08/25,5,5.0,On Time,678,12043.42,43689,31645.58
SHP_106615,SO_107151,WH_10,Road,21-12-2024,2024/12/31,3,10.0,Delayed,2970,4658.9,19989,15330.1
SHP_106616,SO_108898,WH_01,Air,10-11-2024,2024/11/14,4,4.0,On Time,4899,9158.25,36309,27150.75
SHP_106617,SO_101849,WH_07,Road,03-03-2024,2024/03/11,5,8.0,Delayed,971,11009.06,29743,18733.94
SHP_106618,SO_104998,WH_08,Rail,10-04-2024,2024/04/16,4,6.0,Delayed,3947,12802.43,45375,32572.57
SHP_106619,SO_104006,WH_04,Sea,09-07-2024,2024/07/14,4,5.0,Delayed,4828,5832.48,19392,13559.52
SHP_106620,SO_108675,WH_05,Rail,13-03-2024,2024/03/22,4,9.0,Delayed,1860,12623.7,48599,35975.3
SHP_106621,SO_108873,WH_08,Air,13-09-2024,2024/09/23,7,10.0,Delayed,3658,2386.21,8847,6460.79
SHP_106622,SO_101320,WH_09,Sea,24-11-2024,2024/11/26,6,2.0,On Time,2992,13274.98,49916,36641.02
SHP_106623,SO_106125,WH_15,Air,16-02-2024,2024/02/26,7,10.0,Delayed,1166,3764.45,11180,7415.55
SHP_106624,SO_107567,WH_01,Rail,22-04-2024,2024/04/27,7,5.0,On Time,4955,10099.31,28866,18766.69
SHP_106625,SO_107762,WH_14,Air,21-10-2024,2024/10/24,4,3.0,On Time,1149,5306.59,19684,14377.41
SHP_106626,SO_108199,WH_01,Air,16-06-2024,2024/06/23,4,7.0,Delayed,2439,8573.99,28877,20303.01
SHP_106627,SO_108680,WH_07,Sea,17-05-2024,2024/05/26,7,9.0,Delayed,722,14002.74,41925,27922.26
SHP_106628,SO_108228,WH_09,Rail,27-05-2024,2024/05/30,6,3.0,On Time,1514,8012.22,21986,13973.78
SHP_106629,SO_108496,WH_01,Sea,13-11-2024,2024/11/23,4,10.0,Delayed,4259,6498.03,18320,11821.97
SHP_106630,SO_100007,WH_15,Rail,20-07-2024,2024/07/23,7,3.0,On Time,1966,13411.87,43993,30581.13
SHP_106631,SO_107325,WH_01,Rail,12-09-2024,2024/09/17,4,5.0,Delayed,1635,9166.61,32606,23439.39
SHP_106632,SO_102243,WH_10,Air,04-12-2024,2024/12/06,7,2.0,On Time,1752,7568.06,21122,13553.94
SHP_106633,SO_102346,WH_10,Sea,18-07-2024,2024/07/25,3,7.0,Delayed,3431,9742.52,30792,21049.48
SHP_106634,SO_100013,WH_04,Rail,10-12-2024,2024/12/18,5,8.0,Delayed,3436,9521.79,29673,20151.21
SHP_106635,SO_108342,WH_04,Air,11-07-2024,2024/07/13,4,2.0,On Time,3558,7200.86,23875,16674.14
SHP_106636,SO_102338,WH_03,Road,30-07-2024,2024/08/01,7,2.0,On Time,1015,7998.54,22077,14078.46
SHP_106637,SO_101664,WH_04,Sea,04-12-2024,2024/12/13,7,9.0,Delayed,278,11984.91,39938,27953.09
SHP_106638,SO_100503,WH_03,Road,29-10-2024,2024/11/06,6,8.0,Delayed,3779,16524.94,46316,29791.06
SHP_106639,SO_105427,WH_03,Rail,24-06-2024,2024/06/27,5,3.0,On Time,4918,17644.36,46553,28908.64
SHP_106640,SO_107866,WH_02,Air,14-11-2024,2024/11/20,3,6.0,Delayed,2627,7962.95,25554,17591.05
SHP_106641,SO_102275,WH_12,Air,31-01-2024,2024/02/10,5,10.0,Delayed,1286,7612.53,36952,29339.47
SHP_106642,SO_103874,WH_05,Road,09-02-2024,2024/02/14,4,5.0,Delayed,1688,5333.72,15674,10340.28
SHP_106643,SO_103620,WH_15,Rail,04-08-2024,2024/08/11,7,7.0,On Time,4434,13589.56,49122,35532.44
SHP_106644,SO_101560,WH_10,Road,27-09-2024,2024/10/01,5,4.0,On Time,2273,8224.19,40556,32331.81
SHP_106645,SO_107345,WH_06,Rail,20-09-2024,2024/09/25,7,5.0,On Time,1954,4534.02,18254,13719.98
SHP_106646,SO_109329,WH_13,Road,02-06-2024,2024/06/06,4,4.0,On Time,3306,16672.81,44729,28056.19
SHP_106647,SO_109442,WH_12,Sea,25-12-2024,2025/01/02,6,8.0,Delayed,2414,7518.94,22141,14622.06
SHP_106648,SO_105583,WH_06,Sea,12-01-2024,2024/01/22,7,10.0,Delayed,3945,18094.66,49028,30933.34
SHP_106649,SO_109839,WH_04,Air,23-04-2024,2024/05/02,5,9.0,Delayed,3634,10144.72,31555,21410.28
SHP_106650,SO_100638,WH_12,Rail,26-03-2024,2024/04/01,7,6.0,On Time,1944,11880.23,35761,23880.77
SHP_106651,SO_101018,WH_06,Rail,10-09-2024,2024/09/13,4,3.0,On Time,2313,13438.48,40124,26685.52
SHP_106652,SO_101521,WH_09,Sea,07-12-2024,2024/12/15,6,8.0,Delayed,1627,3653.26,15488,11834.74
SHP_106653,SO_105992,WH_15,Sea,09-07-2024,2024/07/11,4,2.0,On Time,1370,9974.93,34028,24053.07
SHP_106654,SO_101553,WH_02,Road,16-02-2024,2024/02/19,5,3.0,On Time,3513,11750.69,36691,24940.31
SHP_106655,SO_108294,WH_12,Air,13-10-2024,2024/10/17,3,4.0,Delayed,924,4763.28,20444,15680.72
SHP_106656,SO_102135,WH_12,Road,09-04-2024,2024/04/18,7,9.0,Delayed,866,14395.93,37973,23577.07
SHP_106657,SO_107052,WH_03,Air,17-04-2024,2024/04/22,6,5.0,On Time,2962,5969.75,20439,14469.25
SHP_106658,SO_101662,WH_04,Rail,07-05-2024,2024/05/13,3,6.0,Delayed,3161,9609.36,37181,27571.64
SHP_106659,SO_102042,WH_10,Rail,29-01-2024,2024/02/03,4,5.0,Delayed,1135,2687.39,6883,4195.61
SHP_106660,SO_106598,WH_12,Road,02-08-2024,2024/08/08,6,6.0,On Time,4084,15365.11,48006,32640.89
SHP_106661,SO_105060,WH_06,Air,22-08-2024,2024/08/30,5,8.0,Delayed,3251,13933.17,46963,33029.83
SHP_106662,SO_100266,WH_08,Sea,11-01-2024,2024/01/20,3,9.0,Delayed,2300,1865.27,9023,7157.73
SHP_106663,SO_101406,WH_15,Road,28-08-2024,2024/09/02,6,5.0,On Time,2554,3164.67,10540,7375.33
SHP_106664,SO_106565,WH_02,Sea,10-08-2024,2024/08/13,7,3.0,On Time,4938,6982.99,20599,13616.01
SHP_106665,SO_102095,WH_10,Rail,02-06-2024,2024/06/07,7,5.0,On Time,2127,12002.08,43772,31769.92
SHP_106666,SO_106187,WH_01,Road,06-09-2024,2024/09/08,4,2.0,On Time,4036,3598.51,17748,14149.49
SHP_106667,SO_104582,WH_06,Road,30-08-2024,2024/09/07,5,8.0,Delayed,209,10726.65,39080,28353.35
SHP_106668,SO_107872,WH_15,Sea,20-06-2024,2024/06/30,3,10.0,Delayed,2251,7893.73,24481,16587.27
SHP_106669,SO_101672,WH_14,Rail,24-06-2024,2024/07/02,5,8.0,Delayed,2822,1684.57,5714,4029.43
SHP_106670,SO_104037,WH_12,Rail,09-09-2024,2024/09/13,3,4.0,Delayed,3608,12612.88,44127,31514.12
SHP_106671,SO_104297,WH_12,Road,22-03-2024,2024/03/31,3,9.0,Delayed,1326,11447.73,41443,29995.27
SHP_106672,SO_108835,WH_08,Sea,29-04-2024,2024/05/09,3,10.0,Delayed,1463,2162.38,5996,3833.62
SHP_106673,SO_106029,WH_04,Sea,27-07-2024,2024/08/02,5,6.0,Delayed,1433,10353.41,27392,17038.59
SHP_106674,SO_104570,WH_01,Rail,17-11-2024,2024/11/26,4,9.0,Delayed,223,14931.46,40796,25864.54
SHP_106675,SO_106525,WH_06,Rail,14-05-2024,2024/05/19,4,5.0,Delayed,2180,10423.07,36833,26409.93
SHP_106676,SO_100007,WH_11,Road,04-08-2024,2024/08/13,3,9.0,Delayed,1485,7364.54,18790,11425.46
SHP_106677,SO_105534,WH_02,Sea,05-05-2024,2024/05/12,3,7.0,Delayed,1343,8427.01,25400,16972.99
SHP_106678,SO_106895,WH_11,Rail,18-06-2024,2024/06/21,5,3.0,On Time,3858,15692.42,45079,29386.58
SHP_106679,SO_106902,WH_13,Air,31-03-2024,2024/04/02,6,2.0,On Time,312,7251.53,20741,13489.47
SHP_106680,SO_106805,WH_14,Road,18-09-2024,2024/09/28,3,10.0,Delayed,4887,9543.02,35777,26233.98
SHP_106681,SO_101764,WH_08,Sea,02-07-2024,2024/07/05,7,3.0,On Time,1465,11812.17,38995,27182.83
SHP_106682,SO_108124,WH_11,Sea,15-06-2024,2024/06/18,5,3.0,On Time,3546,8609.98,23835,15225.02
SHP_106683,SO_106024,WH_12,Sea,20-11-2024,2024/11/25,6,5.0,On Time,4042,12692.58,46021,33328.42
SHP_106684,SO_100701,WH_14,Sea,03-10-2024,2024/10/10,6,7.0,Delayed,3491,2236.41,7137,4900.59
SHP_106685,SO_107039,WH_07,Air,09-07-2024,2024/07/14,3,5.0,Delayed,3191,5593.21,15384,9790.79
SHP_106686,SO_107928,WH_10,Road,05-02-2024,2024/02/09,5,4.0,On Time,364,12797.93,42237,29439.07
SHP_106687,SO_108164,WH_12,Sea,13-01-2024,2024/01/19,5,6.0,Delayed,798,13777.25,39921,26143.75
SHP_106688,SO_105643,WH_01,Rail,13-03-2024,2024/03/23,5,10.0,Delayed,1672,4597.09,21437,16839.91
SHP_106689,SO_109800,WH_02,Air,07-01-2024,2024/01/10,5,3.0,On Time,3439,8627.4,34472,25844.6
SHP_106690,SO_108851,WH_13,Road,06-04-2024,2024/04/16,7,10.0,Delayed,1821,5744.28,23928,18183.72
SHP_106691,SO_106726,WH_01,Rail,21-07-2024,2024/07/25,7,4.0,On Time,2038,2907.1,9958,7050.9
SHP_106692,SO_105450,WH_15,Rail,25-12-2024,2025/01/03,4,9.0,Delayed,1641,9592.75,32565,22972.25
SHP_106693,SO_105424,WH_06,Road,17-02-2024,2024/02/19,3,2.0,On Time,4070,3461.87,11443,7981.13
SHP_106694,SO_101547,WH_09,Air,24-11-2024,2024/12/02,5,8.0,Delayed,3684,7947.04,28346,20398.96
SHP_106695,SO_102444,WH_11,Sea,01-11-2024,2024/11/03,6,2.0,On Time,2338,4390.61,16126,11735.39
SHP_106696,SO_100060,WH_13,Road,14-03-2024,2024/03/17,3,3.0,On Time,3494,13725.86,43096,29370.14
SHP_106697,SO_104493,WH_01,Air,25-08-2024,2024/08/27,5,2.0,On Time,4846,3205.39,12834,9628.61
SHP_106698,SO_100568,WH_03,Road,23-03-2024,2024/03/28,3,5.0,Delayed,720,7311.46,25368,18056.54
SHP_106699,SO_105776,WH_08,Road,09-03-2024,2024/03/17,7,8.0,Delayed,735,9280.22,39647,30366.78
SHP_106700,SO_103840,WH_13,Road,18-11-2024,2024/11/25,6,7.0,Delayed,3940,5089.5,16649,11559.5
SHP_106701,SO_108981,WH_07,Air,30-01-2024,2024/02/09,5,10.0,Delayed,2760,3445.38,11106,7660.62
SHP_106702,SO_104617,WH_11,Road,12-07-2024,2024/07/18,7,6.0,On Time,1532,12728.09,48693,35964.91
SHP_106703,SO_109649,WH_02,Rail,22-11-2024,2024/11/30,6,8.0,Delayed,979,10795.34,30441,19645.66
SHP_106704,SO_106961,WH_10,Rail,26-02-2024,2024/02/28,3,2.0,On Time,1998,8128.32,25678,17549.68
SHP_106705,SO_109280,WH_07,Road,21-02-2024,2024/02/28,5,7.0,Delayed,3808,12306.37,36404,24097.63
SHP_106706,SO_105677,WH_08,Road,02-02-2024,2024/02/09,6,7.0,Delayed,1905,8189.92,24935,16745.08
SHP_106707,SO_103610,WH_04,Rail,11-09-2024,2024/09/15,5,4.0,On Time,1524,10608.94,34251,23642.06
SHP_106708,SO_108035,WH_12,Rail,05-08-2024,2024/08/08,7,3.0,On Time,902,12715.28,38354,25638.72
SHP_106709,SO_108639,WH_11,Rail,12-12-2024,2024/12/17,5,5.0,On Time,3229,13161.65,34498,21336.35
SHP_106710,SO_101505,WH_14,Air,29-02-2024,2024/03/04,3,4.0,Delayed,230,11809.49,46303,34493.51
SHP_106711,SO_104075,WH_07,Rail,27-06-2024,2024/06/30,3,3.0,On Time,2586,8044.96,21959,13914.04
SHP_106712,SO_102934,WH_12,Rail,11-07-2024,2024/07/20,4,9.0,Delayed,2578,1789.38,5174,3384.62
SHP_106713,SO_104043,WH_06,Air,12-09-2024,2024/09/21,6,9.0,Delayed,3085,6108.09,27287,21178.91
SHP_106714,SO_107422,WH_02,Road,13-03-2024,2024/03/15,4,2.0,On Time,2523,14265.74,46392,32126.26
SHP_106715,SO_107202,WH_11,Rail,31-07-2024,2024/08/02,5,2.0,On Time,3048,16862.99,45621,28758.01
SHP_106716,SO_109805,WH_14,Sea,19-11-2024,2024/11/26,7,7.0,On Time,3839,11938.5,34437,22498.5
SHP_106717,SO_100010,WH_15,Rail,06-04-2024,2024/04/09,7,3.0,On Time,425,6594.41,29602,23007.59
SHP_106718,SO_103460,WH_08,Air,02-01-2024,2024/01/04,3,2.0,On Time,1999,1843.29,5223,3379.71
SHP_106719,SO_101278,WH_09,Rail,12-06-2024,2024/06/19,6,7.0,Delayed,1539,3686.32,15186,11499.68
SHP_106720,SO_102697,WH_13,Rail,28-06-2024,2024/07/04,3,6.0,Delayed,1379,2373.7,11762,9388.3
SHP_106721,SO_107944,WH_05,Air,02-07-2024,2024/07/11,7,9.0,Delayed,2315,14371.41,41894,27522.59
SHP_106722,SO_106544,WH_07,Air,12-12-2024,2024/12/22,5,10.0,Delayed,1217,3809.17,14877,11067.83
SHP_106723,SO_100309,WH_03,Sea,28-08-2024,2024/08/31,6,3.0,On Time,1487,1809.71,8394,6584.29
SHP_106724,SO_105866,WH_03,Road,17-07-2024,2024/07/26,5,9.0,Delayed,748,9640.65,34927,25286.35
SHP_106725,SO_105789,WH_09,Sea,01-10-2024,2024/10/04,3,3.0,On Time,3800,6851.91,32879,26027.09
SHP_106726,SO_106421,WH_07,Rail,04-12-2024,2024/12/08,6,4.0,On Time,4617,5700.99,17562,11861.01
SHP_106727,SO_103217,WH_09,Road,05-01-2024,2024/01/08,5,3.0,On Time,2747,11694.31,37223,25528.69
SHP_106728,SO_101353,WH_10,Air,03-06-2024,2024/06/08,5,5.0,On Time,1689,6029.18,17121,11091.82
SHP_106729,SO_100275,WH_14,Air,18-05-2024,2024/05/28,7,10.0,Delayed,3647,2054.5,8956,6901.5
SHP_106730,SO_103668,WH_14,Sea,22-07-2024,2024/07/24,7,2.0,On Time,1898,13104.43,40902,27797.57
SHP_106731,SO_107453,WH_15,Air,01-01-2024,2024/01/06,5,5.0,On Time,1344,-1847.38,5140,6987.38
SHP_106732,SO_108203,WH_05,Rail,31-08-2024,2024/09/10,3,10.0,Delayed,3290,12425.1,47207,34781.9
SHP_106733,SO_106465,WH_01,Sea,02-06-2024,2024/06/08,3,6.0,Delayed,762,9109.77,36384,27274.23
SHP_106734,SO_107295,WH_01,Air,09-10-2024,2024/10/11,7,2.0,On Time,670,2773.44,12520,9746.56
SHP_106735,SO_104418,WH_12,Rail,21-04-2024,2024/04/27,3,6.0,Delayed,600,11302.2,31929,20626.8
SHP_106736,SO_102156,WH_11,Road,08-04-2024,2024/04/15,6,7.0,Delayed,4054,3343.82,14123,10779.18
SHP_106737,SO_103893,WH_11,Rail,09-05-2024,2024/05/12,4,3.0,On Time,2351,7538.29,27612,20073.71
SHP_106738,SO_100082,WH_10,Road,02-09-2024,2024/09/10,3,8.0,Delayed,3697,6143.71,23683,17539.29
SHP_106739,SO_100787,WH_05,Air,19-04-2024,2024/04/29,5,10.0,Delayed,1705,6033.36,30088,24054.64
SHP_106740,SO_103775,WH_09,Rail,01-10-2024,2024/10/06,5,5.0,On Time,1100,13124.71,48287,35162.29
SHP_106741,SO_104888,WH_13,Rail,25-03-2024,2024/04/02,7,8.0,Delayed,3519,1313.46,6125,4811.54
SHP_106742,SO_105679,WH_05,Sea,15-05-2024,2024/05/20,7,5.0,On Time,1619,6234.57,16160,9925.43
SHP_106743,SO_107037,WH_03,Road,31-08-2024,2024/09/02,6,2.0,On Time,1324,3118.49,12382,9263.51
SHP_106744,SO_102499,WH_06,Rail,03-08-2024,2024/08/10,4,7.0,Delayed,4308,10029.68,45512,35482.32
SHP_106745,SO_101596,WH_06,Air,05-03-2024,2024/03/10,4,5.0,Delayed,4985,5607.58,26141,20533.42
SHP_106746,SO_101886,WH_07,Rail,25-01-2024,2024/01/27,6,2.0,On Time,401,2860.4,10407,7546.6
SHP_106747,SO_108693,WH_11,Air,16-06-2024,2024/06/21,3,5.0,Delayed,1586,11970.9,49394,37423.1
SHP_106748,SO_101516,WH_12,Sea,14-12-2024,2024/12/17,7,3.0,On Time,2592,16270.88,40683,24412.12
SHP_106749,SO_105661,WH_13,Air,27-09-2024,2024/10/07,3,10.0,Delayed,492,4683.99,16918,12234.01
SHP_106750,SO_100129,WH_02,Air,25-03-2024,2024/04/02,4,8.0,Delayed,1863,7585.99,27906,20320.01
SHP_106751,SO_100656,WH_10,Rail,14-02-2024,2024/02/24,7,10.0,Delayed,498,7458.44,18683,11224.56
SHP_106752,SO_107463,WH_11,Sea,21-07-2024,2024/07/29,5,8.0,Delayed,976,3810.01,17563,13752.99
SHP_106753,SO_101438,WH_07,Air,30-12-2024,2025/01/07,5,8.0,Delayed,4290,4310.09,16700,12389.91
SHP_106754,SO_108771,WH_07,Road,16-03-2024,2024/03/25,3,9.0,Delayed,3186,8774.93,24796,16021.07
SHP_106755,SO_108939,WH_14,Sea,18-07-2024,2024/07/20,6,2.0,On Time,4837,3768.32,15566,11797.68
SHP_106756,SO_102480,WH_14,Air,20-12-2024,2024/12/27,4,7.0,Delayed,409,7178.88,22296,15117.12
SHP_106757,SO_103213,WH_08,Air,01-06-2024,2024/06/04,5,3.0,On Time,4903,9883.14,31614,21730.86
SHP_106758,SO_109843,WH_13,Sea,25-07-2024,2024/08/01,5,7.0,Delayed,994,16484.18,46451,29966.82
SHP_106759,SO_103904,WH_09,Sea,04-06-2024,2024/06/12,6,8.0,Delayed,2023,10715.37,30847,20131.63
SHP_106760,SO_109764,WH_09,Rail,28-07-2024,2024/07/31,6,3.0,On Time,2646,9368.96,33920,24551.04
SHP_106761,SO_102317,WH_09,Air,18-11-2024,2024/11/21,5,3.0,On Time,1294,12328.45,37192,24863.55
SHP_106762,SO_101174,WH_05,Rail,02-12-2024,2024/12/09,7,7.0,On Time,4586,11221.02,43752,32530.98
SHP_106763,SO_105625,WH_08,Rail,19-04-2024,2024/04/22,7,3.0,On Time,1881,9755.13,32502,22746.87
SHP_106764,SO_105524,WH_07,Road,02-03-2024,2024/03/08,4,6.0,Delayed,3080,3745.47,10465,6719.53
SHP_106765,SO_107569,WH_06,Air,16-03-2024,2024/03/23,7,7.0,On Time,507,6261.71,19326,13064.29
SHP_106766,SO_104080,WH_09,Rail,16-05-2024,2024/05/21,4,5.0,Delayed,3208,2640.16,11694,9053.84
SHP_106767,SO_106119,WH_09,Sea,21-09-2024,2024/09/25,3,4.0,Delayed,4341,9269.34,27290,18020.66
SHP_106768,SO_100093,WH_04,Sea,29-09-2024,2024/10/08,6,9.0,Delayed,2831,1267.16,5050,3782.84
SHP_106769,SO_101221,WH_05,Road,06-10-2024,2024/10/15,4,9.0,Delayed,437,5760.0,19402,13642.0
SHP_106770,SO_106798,WH_09,Sea,31-10-2024,2024/11/05,6,5.0,On Time,3605,4317.34,21169,16851.66
SHP_106771,SO_107358,WH_11,Road,17-01-2024,2024/01/25,6,8.0,Delayed,3926,3438.08,9470,6031.92
SHP_106772,SO_104039,WH_06,Rail,15-01-2024,2024/01/18,5,3.0,On Time,4728,12252.51,47324,35071.49
SHP_106773,SO_106248,WH_03,Rail,09-09-2024,2024/09/14,7,5.0,On Time,2266,13283.17,44345,31061.83
SHP_106774,SO_101198,WH_12,Sea,28-02-2024,2024/03/05,4,,Delayed,1529,9520.9,24226,14705.1
SHP_106775,SO_102203,WH_12,Sea,03-04-2024,2024/04/05,3,2.0,On Time,3419,2771.13,12178,9406.87
SHP_106776,SO_107196,WH_15,Rail,10-06-2024,2024/06/18,5,8.0,Delayed,1887,13097.49,42873,29775.51
SHP_106777,SO_109189,WH_14,Rail,17-06-2024,2024/06/21,3,4.0,Delayed,3397,14407.98,42293,27885.02
SHP_106778,SO_101157,WH_09,Road,15-05-2024,2024/05/19,5,4.0,On Time,3504,5070.13,22522,17451.87
SHP_106779,SO_105127,WH_06,Road,03-07-2024,2024/07/11,4,8.0,Delayed,983,11963.78,38947,26983.22
SHP_106780,SO_101263,WH_07,Air,06-05-2024,2024/05/15,5,9.0,Delayed,1819,12626.34,34809,22182.66
SHP_106781,SO_107169,WH_01,Air,20-11-2024,2024/11/23,3,3.0,On Time,4807,7943.68,24943,16999.32
SHP_106782,SO_103282,WH_13,Sea,27-02-2024,2024/03/07,7,9.0,Delayed,2727,2622.3,7145,4522.7
SHP_106783,SO_105069,WH_14,Road,16-11-2024,2024/11/24,7,8.0,Delayed,4689,10089.78,28430,18340.22
SHP_106784,SO_103515,WH_08,Sea,19-03-2024,2024/03/25,6,6.0,On Time,4001,7751.67,24196,16444.33
SHP_106785,SO_108442,WH_08,Road,30-11-2024,2024/12/09,6,9.0,Delayed,2524,8114.08,23565,15450.92
SHP_106786,SO_104716,WH_10,Rail,12-12-2024,2024/12/18,3,6.0,Delayed,1873,4238.3,12967,8728.7
SHP_106787,SO_104225,WH_07,Air,09-02-2024,2024/02/13,4,4.0,On Time,2722,10845.11,30442,19596.89
SHP_106788,SO_108892,WH_05,Sea,25-11-2024,2024/11/29,4,4.0,On Time,4837,10095.22,46718,36622.78
SHP_106789,SO_104323,WH_15,Sea,26-10-2024,2024/11/05,6,10.0,Delayed,3493,14014.83,41178,27163.17
SHP_106790,SO_103517,WH_08,Air,29-09-2024,2024/10/03,5,4.0,On Time,4261,8875.44,37773,28897.56
SHP_106791,SO_106397,WH_14,Rail,20-02-2024,2024/02/26,6,6.0,On Time,3286,4073.07,12009,7935.93
SHP_106792,SO_105585,WH_11,Air,12-12-2024,2024/12/14,4,2.0,On Time,373,7955.69,36015,28059.31
SHP_106793,SO_101797,WH_15,Air,25-10-2024,2024/10/29,6,4.0,On Time,3785,4266.08,11638,7371.92
SHP_106794,SO_108365,WH_08,Road,13-11-2024,2024/11/23,6,10.0,Delayed,1116,5237.06,24848,19610.94
SHP_106795,SO_100997,WH_08,Air,08-05-2024,2024/05/17,3,9.0,Delayed,4524,9829.58,27877,18047.42
SHP_106796,SO_108085,WH_09,Road,21-01-2024,2024/01/31,4,10.0,Delayed,2303,8527.99,24970,16442.01
SHP_106797,SO_104600,WH_11,Road,07-06-2024,2024/06/16,4,9.0,Delayed,1168,9053.53,41221,32167.47
SHP_106798,SO_101239,WH_07,Road,09-01-2024,2024/01/19,6,10.0,Delayed,3081,9918.05,38489,28570.95
SHP_106799,SO_104479,WH_04,Rail,25-04-2024,2024/04/28,4,3.0,On Time,4738,9843.43,25914,16070.57
SHP_106800,SO_109484,WH_06,Road,29-12-2024,2024/12/31,4,2.0,On Time,310,11635.5,49413,37777.5
SHP_106801,SO_100082,WH_08,Sea,25-04-2024,2024/05/04,3,9.0,Delayed,2189,14096.96,43310,29213.04
SHP_106802,SO_107739,WH_14,Rail,06-08-2024,2024/08/13,5,7.0,Delayed,4112,3445.55,12275,8829.45
SHP_106803,SO_103806,WH_06,Road,13-07-2024,2024/07/15,4,2.0,On Time,4352,12137.35,30843,18705.65
SHP_106804,SO_107239,WH_13,Air,24-03-2024,2024/03/30,3,6.0,Delayed,2326,7922.13,20460,12537.87
SHP_106805,SO_107759,WH_04,Rail,20-01-2024,2024/01/25,7,5.0,On Time,1576,10564.23,34982,24417.77
SHP_106806,SO_101726,WH_10,Rail,08-11-2024,2024/11/11,4,3.0,On Time,3751,6457.65,25640,19182.35
SHP_106807,SO_107799,WH_04,Sea,06-09-2024,2024/09/09,7,3.0,On Time,612,9733.78,24947,15213.22
SHP_106808,SO_103168,WH_09,Sea,30-03-2024,2024/04/01,5,2.0,On Time,805,10107.32,48484,38376.68
SHP_106809,SO_109405,WH_11,Sea,03-06-2024,2024/06/06,6,3.0,On Time,4113,8976.72,24976,15999.28
SHP_106810,SO_100306,WH_12,Rail,04-10-2024,2024/10/07,6,3.0,On Time,4946,7721.66,37868,30146.34
SHP_106811,SO_103859,WH_04,Air,26-05-2024,2024/06/05,6,10.0,Delayed,1664,8650.57,24565,15914.43
SHP_106812,SO_101266,WH_03,Sea,19-07-2024,2024/07/21,3,2.0,On Time,4246,11501.22,47631,36129.78
SHP_106813,SO_103966,WH_04,Sea,25-03-2024,2024/03/28,5,3.0,On Time,492,1842.13,7853,6010.87
SHP_106814,SO_106001,WH_05,Air,30-10-2024,2024/11/08,3,9.0,Delayed,1603,7632.0,36048,28416.0
SHP_106815,SO_106176,WH_11,Road,06-08-2024,2024/08/14,5,8.0,Delayed,298,10406.9,36808,26401.1
SHP_106816,SO_107265,WH_13,Air,29-07-2024,2024/07/31,7,2.0,On Time,773,5210.65,19294,14083.35
SHP_106817,SO_102474,WH_04,Road,31-07-2024,2024/08/06,7,6.0,On Time,3862,7950.28,32467,24516.72
SHP_106818,SO_106390,WH_08,Air,22-04-2024,2024/04/25,5,,Delayed,2602,11448.24,36970,25521.76
SHP_106819,SO_104086,WH_07,Air,17-09-2024,2024/09/20,3,3.0,On Time,1094,4316.19,13300,8983.81
SHP_106820,SO_102332,WH_15,Air,21-01-2024,2024/01/26,7,5.0,On Time,488,12149.84,32829,20679.16
SHP_106821,SO_102202,WH_10,Road,09-02-2024,2024/02/16,4,7.0,Delayed,4076,5673.22,26556,20882.78
SHP_106822,SO_107733,WH_14,Rail,19-10-2024,2024/10/25,5,6.0,Delayed,4442,9136.0,45392,36256.0
SHP_106823,SO_106066,WH_12,Sea,16-12-2024,2024/12/25,4,9.0,Delayed,1440,6554.71,29556,23001.29
SHP_106824,SO_102685,WH_15,Road,27-11-2024,2024/12/05,7,8.0,Delayed,629,3861.11,16300,12438.89
SHP_106825,SO_107062,WH_05,Road,08-09-2024,2024/09/16,6,8.0,Delayed,1766,11233.06,31094,19860.94
SHP_106826,SO_108594,WH_13,Air,12-09-2024,2024/09/20,4,8.0,Delayed,2720,8027.51,34846,26818.49
SHP_106827,SO_101680,WH_12,Rail,07-10-2024,2024/10/15,7,8.0,Delayed,1764,12994.66,38478,25483.34
SHP_106828,SO_107330,WH_08,Sea,31-08-2024,2024/09/07,5,7.0,Delayed,1870,5556.94,17878,12321.06
SHP_106829,SO_107200,WH_07,Rail,29-07-2024,2024/08/05,5,7.0,Delayed,4686,3966.17,10388,6421.83
SHP_106830,SO_104455,WH_14,Sea,06-12-2024,2024/12/15,6,9.0,Delayed,3994,6340.24,20029,13688.76
SHP_106831,SO_101625,WH_01,Air,27-04-2024,2024/05/07,5,10.0,Delayed,4106,17472.8,44476,27003.2
SHP_106832,SO_104867,WH_03,Sea,15-12-2024,2024/12/19,7,4.0,On Time,1754,16409.17,46362,29952.83
SHP_106833,SO_108697,WH_15,Road,28-04-2024,2024/05/01,5,3.0,On Time,2168,2115.93,7354,5238.07
SHP_106834,SO_104394,WH_02,Air,24-12-2024,2024/12/31,3,7.0,Delayed,557,10524.14,36233,25708.86
SHP_106835,SO_105651,WH_11,Sea,30-03-2024,2024/04/03,5,4.0,On Time,4964,1895.41,8306,6410.59
SHP_106836,SO_107405,WH_10,Rail,22-01-2024,2024/01/29,3,7.0,Delayed,4523,8794.15,23872,15077.85
SHP_106837,SO_102066,WH_11,Air,30-06-2024,2024/07/07,7,7.0,On Time,3951,3847.72,12444,8596.28
SHP_106838,SO_106393,WH_03,Road,19-12-2024,2024/12/22,3,3.0,On Time,3462,6699.97,33386,26686.03
SHP_106839,SO_104362,WH_10,Air,13-12-2024,2024/12/15,6,2.0,On Time,841,6067.71,20931,14863.29
SHP_106840,SO_103689,WH_04,Sea,11-01-2024,2024/01/16,7,5.0,On Time,4270,6686.31,19805,13118.69
SHP_106841,SO_107631,WH_05,Road,08-02-2024,2024/02/10,6,2.0,On Time,4954,14193.57,45640,31446.43
SHP_106842,SO_109382,WH_09,Air,03-03-2024,2024/03/13,6,10.0,Delayed,1119,7852.6,21408,13555.4
SHP_106843,SO_103762,WH_09,Road,14-05-2024,2024/05/19,6,5.0,On Time,3151,15417.55,44900,29482.45
SHP_106844,SO_108756,WH_07,Air,20-11-2024,2024/11/24,3,4.0,Delayed,930,7202.68,35310,28107.32
SHP_106845,SO_107546,WH_14,Road,10-08-2024,2024/08/18,6,8.0,Delayed,519,3121.98,12170,9048.02
SHP_106846,SO_101973,WH_11,Rail,03-01-2024,2024/01/06,5,3.0,On Time,2984,10697.63,35906,25208.37
SHP_106847,SO_105315,WH_02,Air,16-09-2024,2024/09/20,7,4.0,On Time,3384,5246.28,20014,14767.72
SHP_106848,SO_100856,WH_02,Rail,09-04-2024,2024/04/11,3,2.0,On Time,1733,13516.57,48676,35159.43
SHP_106849,SO_105877,WH_15,Air,11-03-2024,2024/03/16,3,5.0,Delayed,1758,3555.7,17111,13555.3
SHP_106850,SO_109367,WH_10,Rail,19-01-2024,2024/01/21,7,2.0,On Time,2116,17850.21,49376,31525.79
SHP_106851,SO_102172,WH_15,Road,09-01-2024,2024/01/15,7,6.0,On Time,4854,9944.28,47414,37469.72
SHP_106852,SO_109395,WH_15,Air,14-09-2024,2024/09/20,5,6.0,Delayed,3982,4502.4,15773,11270.6
SHP_106853,SO_109033,WH_04,Air,06-01-2024,2024/01/14,5,8.0,Delayed,615,4298.79,11366,7067.21
SHP_106854,SO_104026,WH_05,Sea,07-05-2024,2024/05/12,5,5.0,On Time,4280,1888.04,8832,6943.96
SHP_106855,SO_109627,WH_05,Rail,29-06-2024,2024/07/05,5,6.0,Delayed,3316,12032.48,41653,29620.52
SHP_106856,SO_107949,WH_02,Road,21-05-2024,2024/05/25,7,4.0,On Time,1601,12559.54,43266,30706.46
SHP_106857,SO_101120,WH_02,Rail,28-12-2024,2024/12/30,7,2.0,On Time,2176,10574.04,29628,19053.96
SHP_106858,SO_109864,WH_06,Air,21-03-2024,2024/03/29,4,8.0,Delayed,3527,2658.5,7601,4942.5
SHP_106859,SO_100632,WH_10,Sea,12-10-2024,2024/10/20,4,8.0,Delayed,900,13429.98,45426,31996.02
SHP_106860,SO_100712,WH_07,Rail,16-01-2024,2024/01/18,4,2.0,On Time,3291,3635.41,16207,12571.59
SHP_106861,SO_106152,WH_07,Air,26-09-2024,2024/10/05,3,9.0,Delayed,364,3130.38,11402,8271.62
SHP_106862,SO_103004,WH_02,Rail,29-09-2024,2024/10/02,7,3.0,On Time,3194,5885.75,23054,17168.25
SHP_106863,SO_104682,WH_06,Road,27-03-2024,2024/04/05,3,9.0,Delayed,2215,9430.94,36390,26959.06
SHP_106864,SO_109726,WH_01,Rail,10-09-2024,2024/09/17,7,7.0,On Time,1470,9994.55,45256,35261.45
SHP_106865,SO_106394,WH_05,Rail,23-01-2024,2024/01/25,7,2.0,On Time,1757,1813.4,5217,3403.6
SHP_106866,SO_103429,WH_11,Sea,14-12-2024,2024/12/23,5,9.0,Delayed,4070,11983.02,43925,31941.98
SHP_106867,SO_109980,WH_07,Rail,22-09-2024,2024/09/30,3,8.0,Delayed,3508,10646.53,30602,19955.47
SHP_106868,SO_107823,WH_02,Sea,09-10-2024,2024/10/14,6,5.0,On Time,648,9966.68,38724,28757.32
SHP_106869,SO_100936,WH_02,Road,07-07-2024,2024/07/10,3,3.0,On Time,3059,2706.64,12600,9893.36
SHP_106870,SO_106934,WH_14,Road,03-05-2024,2024/05/05,7,2.0,On Time,2776,12794.83,43166,30371.17
SHP_106871,SO_104591,WH_05,Road,19-08-2024,2024/08/27,6,8.0,Delayed,2022,10540.8,32897,22356.2
SHP_106872,SO_106676,WH_09,Sea,12-08-2024,2024/08/19,5,7.0,Delayed,4573,10532.14,40694,30161.86
SHP_106873,SO_108085,WH_09,Air,17-01-2024,2024/01/22,4,5.0,Delayed,2359,2966.76,13322,10355.24
SHP_106874,SO_105490,WH_09,Road,26-07-2024,2024/07/31,5,5.0,On Time,2238,14397.61,39409,25011.39
SHP_106875,SO_106832,WH_01,Rail,19-09-2024,2024/09/25,5,6.0,Delayed,3718,12332.88,36090,23757.12
SHP_106876,SO_100994,WH_11,Road,03-01-2024,2024/01/07,5,4.0,On Time,4441,5074.08,13431,8356.92
SHP_106877,SO_107395,WH_15,Air,03-05-2024,2024/05/12,6,9.0,Delayed,235,9953.98,32517,22563.02
SHP_106878,SO_109482,WH_06,Sea,26-03-2024,2024/04/04,7,9.0,Delayed,1651,-8781.09,38821,47602.09
SHP_106879,SO_108749,WH_06,Sea,06-12-2024,2024/12/13,3,7.0,Delayed,4234,4893.45,22056,17162.55
SHP_106880,SO_106957,WH_01,Road,24-12-2024,2024/12/30,7,6.0,On Time,456,11474.79,29638,18163.21
SHP_106881,SO_109295,WH_10,Road,18-04-2024,2024/04/21,3,3.0,On Time,2136,5997.68,22604,16606.32
SHP_106882,SO_106921,WH_09,Rail,02-08-2024,2024/08/11,6,9.0,Delayed,1468,2414.66,11253,8838.34
SHP_106883,SO_102976,WH_09,Rail,10-03-2024,2024/03/15,5,5.0,On Time,1081,5579.35,24669,19089.65
SHP_106884,SO_108395,WH_13,Air,15-09-2024,2024/09/23,3,8.0,Delayed,2171,4195.19,15750,11554.81
SHP_106885,SO_102674,WH_05,Road,18-06-2024,2024/06/21,3,3.0,On Time,1916,9072.83,42595,33522.17
SHP_106886,SO_105086,WH_05,Rail,05-02-2024,2024/02/07,3,2.0,On Time,1241,10610.82,36504,25893.18
SHP_106887,SO_101308,WH_04,Rail,20-06-2024,2024/06/29,4,9.0,Delayed,962,4752.87,18265,13512.13
SHP_106888,SO_100661,WH_08,Air,25-06-2024,2024/07/05,4,10.0,Delayed,4547,9176.88,44756,35579.12
SHP_106889,SO_102866,WH_01,Rail,11-03-2024,2024/03/21,5,10.0,Delayed,3510,4675.97,16734,12058.03
SHP_106890,SO_107496,WH_01,Road,01-09-2024,2024/09/08,7,7.0,On Time,389,7034.59,31877,24842.41
SHP_106891,SO_101308,WH_07,Road,26-10-2024,2024/10/30,7,4.0,On Time,3951,10650.49,44489,33838.51
SHP_106892,SO_101329,WH_03,Sea,29-09-2024,2024/10/02,4,3.0,On Time,3478,5116.58,22200,17083.42
SHP_106893,SO_105097,WH_05,Rail,21-06-2024,2024/06/28,6,7.0,Delayed,1432,11906.51,34214,22307.49
SHP_106894,SO_103329,WH_15,Road,12-01-2024,2024/01/17,5,5.0,On Time,1109,2561.25,8780,6218.75
SHP_106895,SO_108724,WH_06,Rail,03-09-2024,2024/09/09,6,6.0,On Time,826,11763.71,30835,19071.29
SHP_106896,SO_100282,WH_15,Air,26-04-2024,2024/05/03,3,7.0,Delayed,4308,7226.68,26185,18958.32
SHP_106897,SO_109238,WH_06,Air,15-02-2024,2024/02/22,6,7.0,Delayed,761,4208.72,13837,9628.28
SHP_106898,SO_108395,WH_13,Rail,04-01-2024,2024/01/14,6,10.0,Delayed,1131,7838.91,24799,16960.09
SHP_106899,SO_104431,WH_14,Road,19-09-2024,2024/09/24,3,5.0,Delayed,3926,8612.51,42770,34157.49
SHP_106900,SO_108957,WH_02,Sea,21-06-2024,2024/07/01,3,10.0,Delayed,1321,9873.55,41298,31424.45
SHP_106901,SO_103242,WH_01,Air,16-08-2024,2024/08/22,7,6.0,On Time,4274,2169.34,7618,5448.66
SHP_106902,SO_107747,WH_06,Sea,30-04-2024,2024/05/07,3,7.0,Delayed,3462,5243.87,23503,18259.13
SHP_106903,SO_103034,WH_11,Road,02-03-2024,2024/03/06,7,4.0,On Time,3716,11798.72,37254,25455.28
SHP_106904,SO_103077,WH_12,Air,08-02-2024,2024/02/14,3,6.0,Delayed,3044,12008.47,38951,26942.53
SHP_106905,SO_104312,WH_04,Sea,07-11-2024,2024/11/16,6,9.0,Delayed,955,2012.41,6038,4025.59
SHP_106906,SO_106779,WH_10,Rail,26-03-2024,2024/04/04,6,9.0,Delayed,3174,7738.53,21202,13463.47
SHP_106907,SO_106634,WH_14,Sea,20-12-2024,2024/12/22,7,2.0,On Time,3321,3895.13,14011,10115.87
SHP_106908,SO_102288,WH_10,Air,22-12-2024,2024/12/27,6,5.0,On Time,4158,2514.27,6495,3980.73
SHP_106909,SO_106816,WH_09,Road,06-04-2024,2024/04/13,7,7.0,On Time,3725,9173.63,28508,19334.37
SHP_106910,SO_102755,WH_02,Air,27-02-2024,2024/03/01,4,3.0,On Time,4381,12624.47,42084,29459.53
SHP_106911,SO_102368,WH_09,Rail,23-11-2024,2024/11/29,7,6.0,On Time,3588,5257.92,23403,18145.08
SHP_106912,SO_106534,WH_09,Rail,20-06-2024,2024/06/29,6,9.0,Delayed,635,10716.43,42493,31776.57
SHP_106913,SO_104659,WH_05,Road,28-03-2024,2024/04/02,6,5.0,On Time,1117,10312.48,28165,17852.52
SHP_106914,SO_103981,WH_04,Air,22-07-2024,2024/07/29,6,7.0,Delayed,514,5251.51,16717,11465.49
SHP_106915,SO_107767,WH_09,Air,04-02-2024,2024/02/09,7,5.0,On Time,3047,16160.66,45315,29154.34
SHP_106916,SO_101155,WH_04,Air,25-11-2024,2024/12/02,4,7.0,Delayed,927,11711.76,42490,30778.24
SHP_106917,SO_100649,WH_13,Rail,01-11-2024,2024/11/04,4,3.0,On Time,2750,2566.24,11003,8436.76
SHP_106918,SO_107541,WH_01,Sea,19-02-2024,2024/02/29,3,10.0,Delayed,2978,3280.27,12162,8881.73
SHP_106919,SO_102179,WH_14,Sea,22-09-2024,2024/10/02,4,10.0,Delayed,2036,10992.41,28882,17889.59
SHP_106920,SO_107887,WH_15,Sea,30-11-2024,2024/12/09,4,9.0,Delayed,1029,11118.19,35769,24650.81
SHP_106921,SO_107018,WH_03,Rail,19-12-2024,2024/12/21,5,2.0,On Time,4387,6738.9,17214,10475.1
SHP_106922,SO_104538,WH_07,Air,19-07-2024,2024/07/25,4,6.0,Delayed,3251,9770.17,27176,17405.83
SHP_106923,SO_101225,WH_04,Rail,27-09-2024,2024/10/03,5,6.0,Delayed,3907,10065.86,49064,38998.14
SHP_106924,SO_104968,WH_09,Sea,19-01-2024,2024/01/27,6,8.0,Delayed,3996,8510.76,25085,16574.24
SHP_106925,SO_102511,WH_11,Road,16-11-2024,2024/11/23,3,7.0,Delayed,4554,7043.11,24155,17111.89
SHP_106926,SO_101912,WH_13,Rail,30-06-2024,2024/07/07,3,7.0,Delayed,3207,7179.05,18867,11687.95
SHP_106927,SO_102087,WH_10,Rail,28-12-2024,2025/01/07,5,10.0,Delayed,2825,8632.61,30980,22347.39
SHP_106928,SO_107376,WH_02,Air,30-05-2024,2024/06/04,7,5.0,On Time,3298,11655.57,38759,27103.43
SHP_106929,SO_105438,WH_05,Rail,30-01-2024,2024/02/02,6,3.0,On Time,4646,2872.72,8049,5176.28
SHP_106930,SO_101688,WH_07,Road,13-07-2024,2024/07/21,3,8.0,Delayed,2384,11722.7,37472,25749.3
SHP_106931,SO_103514,WH_13,Rail,15-06-2024,2024/06/18,5,3.0,On Time,1230,-15360.86,48031,63391.86
SHP_106932,SO_102029,WH_02,Air,13-12-2024,2024/12/19,5,6.0,Delayed,457,7591.73,26384,18792.27
SHP_106933,SO_101751,WH_09,Sea,14-04-2024,2024/04/23,4,9.0,Delayed,1894,6641.51,26424,19782.49
SHP_106934,SO_103157,WH_02,Rail,21-10-2024,2024/10/25,5,4.0,On Time,627,9817.98,25476,15658.02
SHP_106935,SO_106141,WH_07,Rail,29-11-2024,2024/12/05,6,6.0,On Time,4379,1711.59,7734,6022.41
SHP_106936,SO_109595,WH_02,Air,09-05-2024,2024/05/15,5,6.0,Delayed,3402,14709.97,40037,25327.03
SHP_106937,SO_109072,WH_13,Rail,06-04-2024,2024/04/11,6,5.0,On Time,4073,5522.81,15649,10126.19
SHP_106938,SO_109120,WH_13,Air,18-12-2024,2024/12/21,4,3.0,On Time,4762,16158.54,41527,25368.46
SHP_106939,SO_100939,WH_06,Rail,11-11-2024,2024/11/17,6,6.0,On Time,530,17587.38,48915,31327.62
SHP_106940,SO_106347,WH_15,Road,21-12-2024,2024/12/24,3,3.0,On Time,2640,11661.62,43910,32248.38
SHP_106941,SO_108688,WH_02,Air,19-10-2024,2024/10/27,3,8.0,Delayed,2390,3756.08,15577,11820.92
SHP_106942,SO_107433,WH_12,Road,10-11-2024,2024/11/18,5,8.0,Delayed,2172,9007.45,28669,19661.55
SHP_106943,SO_107979,WH_03,Rail,05-09-2024,2024/09/10,3,5.0,Delayed,851,1670.09,7404,5733.91
SHP_106944,SO_102796,WH_06,Sea,02-11-2024,2024/11/10,6,8.0,Delayed,3053,10096.63,35287,25190.37
SHP_106945,SO_109890,WH_05,Road,17-06-2024,2024/06/24,6,7.0,Delayed,4793,3371.13,11843,8471.87
SHP_106946,SO_109955,WH_03,Road,25-11-2024,2024/11/29,4,4.0,On Time,3773,3831.32,14530,10698.68
SHP_106947,SO_102707,WH_03,Air,10-09-2024,2024/09/19,7,9.0,Delayed,2875,7986.03,28345,20358.97
SHP_106948,SO_101090,WH_10,Sea,28-06-2024,2024/07/06,6,8.0,Delayed,946,7300.96,23076,15775.04
SHP_106949,SO_107200,WH_02,Air,03-12-2024,2024/12/11,5,8.0,Delayed,4904,13532.84,43594,30061.16
SHP_106950,SO_107382,WH_11,Air,28-12-2024,2025/01/07,7,10.0,Delayed,2834,9236.82,35112,25875.18
SHP_106951,SO_106287,WH_07,Rail,01-02-2024,2024/02/10,3,9.0,Delayed,4928,14154.16,47922,33767.84
SHP_106952,SO_100423,WH_09,Air,08-04-2024,2024/04/17,6,9.0,Delayed,2118,5963.82,21650,15686.18
SHP_106953,SO_103410,WH_12,Sea,04-08-2024,2024/08/13,3,9.0,Delayed,4779,8480.13,23340,14859.87
SHP_106954,SO_108004,WH_06,Rail,04-06-2024,2024/06/12,3,8.0,Delayed,3963,11552.02,49594,38041.98
SHP_106955,SO_104551,WH_06,Road,07-03-2024,2024/03/11,4,4.0,On Time,2697,2234.49,8941,6706.51
SHP_106956,SO_109180,WH_03,Sea,26-11-2024,2024/12/02,5,6.0,Delayed,1748,8710.6,28205,19494.4
SHP_106957,SO_107189,WH_11,Sea,29-01-2024,2024/02/06,3,8.0,Delayed,1122,8491.04,30017,21525.96
SHP_106958,SO_106039,WH_09,Sea,24-03-2024,2024/03/31,4,7.0,Delayed,3838,10370.28,26194,15823.72
SHP_106959,SO_109740,WH_02,Air,07-06-2024,2024/06/17,7,10.0,Delayed,4304,3830.92,12222,8391.08
SHP_106960,SO_102557,WH_12,Air,14-07-2024,2024/07/17,6,3.0,On Time,337,10261.33,38558,28296.67
SHP_106961,SO_107390,WH_09,Sea,30-11-2024,2024/12/09,5,9.0,Delayed,4323,6793.49,30148,23354.51
SHP_106962,SO_104304,WH_05,Air,29-02-2024,2024/03/02,7,2.0,On Time,3470,11480.82,45984,34503.18
SHP_106963,SO_102049,WH_15,Sea,24-10-2024,2024/11/03,4,10.0,Delayed,3171,13421.55,38083,24661.45
SHP_106964,SO_109804,WH_12,Air,04-05-2024,2024/05/07,7,3.0,On Time,1083,3958.01,11142,7183.99
SHP_106965,SO_104661,WH_14,Rail,01-11-2024,2024/11/07,7,6.0,On Time,2558,2328.35,10291,7962.65
SHP_106966,SO_103050,WH_12,Road,19-10-2024,2024/10/27,3,8.0,Delayed,3166,3076.2,8889,5812.8
SHP_106967,SO_108406,WH_03,Rail,15-12-2024,2024/12/19,5,4.0,On Time,1060,7655.56,19809,12153.44
SHP_106968,SO_102170,WH_04,Rail,04-06-2024,2024/06/14,6,10.0,Delayed,754,6202.0,20736,14534.0
SHP_106969,SO_109308,WH_08,Road,24-12-2024,2024/12/27,7,3.0,On Time,1217,7451.37,25237,17785.63
SHP_106970,SO_105374,WH_10,Road,26-08-2024,2024/09/02,3,7.0,Delayed,3197,5243.59,14859,9615.41
SHP_106971,SO_102861,WH_03,Rail,20-09-2024,2024/09/24,5,4.0,On Time,2393,11626.66,38001,26374.34
SHP_106972,SO_101061,WH_02,Rail,12-03-2024,2024/03/22,4,10.0,Delayed,4503,10010.6,29931,19920.4
SHP_106973,SO_105708,WH_11,Air,04-06-2024,2024/06/11,6,7.0,Delayed,3701,1700.4,6918,5217.6
SHP_106974,SO_100419,WH_05,Air,13-10-2024,2024/10/19,3,,Delayed,1557,16963.11,43444,26480.89
SHP_106975,SO_103071,WH_09,Sea,22-06-2024,2024/06/27,7,5.0,On Time,2504,7164.59,20517,13352.41
SHP_106976,SO_104285,WH_02,Sea,30-05-2024,2024/06/04,3,5.0,Delayed,694,16265.66,44919,28653.34
SHP_106977,SO_100049,WH_13,Air,01-06-2024,2024/06/10,5,9.0,Delayed,364,1244.78,5898,4653.22
SHP_106978,SO_104349,WH_10,Air,14-07-2024,2024/07/23,3,9.0,Delayed,2753,12268.13,31366,19097.87
SHP_106979,SO_105834,WH_02,Sea,23-09-2024,2024/09/30,5,7.0,Delayed,4162,11484.85,44985,33500.15
SHP_106980,SO_102722,WH_07,Road,17-09-2024,2024/09/26,7,9.0,Delayed,1343,5202.94,21893,16690.06
SHP_106981,SO_107363,WH_12,Road,04-02-2024,2024/02/14,5,10.0,Delayed,4772,5303.68,22233,16929.32
SHP_106982,SO_102489,WH_06,Rail,21-11-2024,2024/11/25,6,4.0,On Time,555,9265.81,41850,32584.19
SHP_106983,SO_100036,WH_01,Sea,27-05-2024,2024/06/04,4,8.0,Delayed,4336,4122.56,11042,6919.44
SHP_106984,SO_109175,WH_03,Rail,23-05-2024,2024/05/31,7,8.0,Delayed,1984,8207.18,38489,30281.82
SHP_106985,SO_107074,WH_11,Road,02-08-2024,2024/08/10,4,8.0,Delayed,2925,12535.89,40742,28206.11
SHP_106986,SO_106536,WH_08,Rail,18-09-2024,2024/09/27,4,9.0,Delayed,2800,4504.76,15621,11116.24
SHP_106987,SO_101002,WH_07,Rail,01-03-2024,2024/03/08,5,7.0,Delayed,3486,4728.93,12130,7401.07
SHP_106988,SO_106771,WH_10,Rail,18-09-2024,2024/09/21,4,,Delayed,3913,14740.72,42336,27595.28
SHP_106989,SO_100937,WH_15,Road,04-08-2024,2024/08/09,3,5.0,Delayed,4336,5435.05,14800,9364.95
SHP_106990,SO_104433,WH_05,Road,22-03-2024,2024/03/26,3,4.0,Delayed,3279,10154.49,35577,25422.51
SHP_106991,SO_100495,WH_08,Sea,07-03-2024,2024/03/14,3,7.0,Delayed,1427,4431.46,16512,12080.54
SHP_106992,SO_101278,WH_09,Rail,25-05-2024,2024/05/27,5,2.0,On Time,2518,13803.89,42371,28567.11
SHP_106993,SO_104162,WH_08,Air,17-05-2024,2024/05/22,4,5.0,Delayed,3686,3449.06,8794,5344.94
SHP_106994,SO_104016,WH_07,Sea,27-11-2024,2024/11/29,6,2.0,On Time,3630,4683.98,22401,17717.02
SHP_106995,SO_105028,WH_13,Sea,28-04-2024,2024/05/06,5,8.0,Delayed,3209,8216.58,27510,19293.42
SHP_106996,SO_105354,WH_09,Sea,03-02-2024,2024/02/09,4,6.0,Delayed,2031,14711.42,49870,35158.58
SHP_106997,SO_101016,WH_14,Road,22-08-2024,2024/08/31,3,9.0,Delayed,3566,9123.26,41815,32691.74
SHP_106998,SO_101056,WH_15,Sea,03-05-2024,2024/05/06,7,3.0,On Time,513,6335.42,17252,10916.58
SHP_106999,SO_104133,WH_15,Rail,17-07-2024,2024/07/24,5,7.0,Delayed,1207,14990.08,47537,32546.92
SHP_107000,SO_108538,WH_05,Road,25-10-2024,2024/10/28,6,3.0,On Time,4308,10234.89,36294,26059.11
SHP_107001,SO_101203,WH_11,Road,05-07-2024,2024/07/15,3,10.0,Delayed,1990,13263.42,37615,24351.58
SHP_107002,SO_105568,WH_11,Rail,27-01-2024,2024/02/05,5,9.0,Delayed,4640,6783.99,19564,12780.01
SHP_107003,SO_100664,WH_05,Road,05-06-2024,2024/06/14,4,9.0,Delayed,1478,14953.09,39501,24547.91
SHP_107004,SO_109034,WH_01,Air,04-10-2024,2024/10/11,3,7.0,Delayed,2824,7187.53,35148,27960.47
SHP_107005,SO_103097,WH_14,Sea,06-11-2024,2024/11/09,3,3.0,On Time,2495,3262.87,11830,8567.13
SHP_107006,SO_102569,WH_04,Road,02-10-2024,2024/10/04,6,2.0,On Time,4564,7239.73,30390,23150.27
SHP_107007,SO_103498,WH_06,Sea,28-02-2024,2024/03/05,3,6.0,Delayed,4861,9993.18,45001,35007.82
SHP_107008,SO_109401,WH_04,Road,18-06-2024,2024/06/27,6,9.0,Delayed,2703,5440.49,16060,10619.51
SHP_107009,SO_108836,WH_05,Air,03-01-2024,2024/01/10,4,7.0,Delayed,2653,15235.99,39271,24035.01
SHP_107010,SO_108267,WH_13,Air,21-04-2024,2024/05/01,4,10.0,Delayed,3700,3585.13,15931,12345.87
SHP_107011,SO_100017,WH_11,Air,11-12-2024,2024/12/18,4,7.0,Delayed,3428,1978.53,5706,3727.47
SHP_107012,SO_100571,WH_02,Road,04-02-2024,2024/02/12,3,,Delayed,563,2671.94,7278,4606.06
SHP_107013,SO_105416,WH_07,Sea,24-05-2024,2024/06/03,5,10.0,Delayed,4572,2359.66,8756,6396.34
SHP_107014,SO_102188,WH_15,Road,07-12-2024,2024/12/11,3,4.0,Delayed,2535,4347.55,11958,7610.45
SHP_107015,SO_102786,WH_02,Air,06-09-2024,2024/09/16,4,10.0,Delayed,4036,5126.85,17238,12111.15
SHP_107016,SO_109250,WH_03,Sea,24-06-2024,2024/06/27,3,3.0,On Time,4576,6530.74,29201,22670.26
SHP_107017,SO_101192,WH_11,Rail,14-01-2024,2024/01/20,3,6.0,Delayed,4045,15579.17,44244,28664.83
SHP_107018,SO_101823,WH_09,Rail,29-05-2024,2024/06/04,4,6.0,Delayed,416,3626.44,12700,9073.56
SHP_107019,SO_104955,WH_06,Rail,21-02-2024,2024/03/02,5,10.0,Delayed,2274,4037.85,16375,12337.15
SHP_107020,SO_109438,WH_06,Rail,18-02-2024,2024/02/22,5,4.0,On Time,3450,8316.7,29793,21476.3
SHP_107021,SO_100336,WH_13,Air,14-12-2024,2024/12/16,5,2.0,On Time,2124,9152.48,38725,29572.52
SHP_107022,SO_109170,WH_09,Rail,20-10-2024,2024/10/30,6,10.0,Delayed,405,14047.7,39550,25502.3
SHP_107023,SO_109429,WH_15,Sea,09-09-2024,2024/09/19,6,10.0,Delayed,3588,9193.53,26057,16863.47
SHP_107024,SO_101900,WH_03,Air,16-10-2024,2024/10/22,3,6.0,Delayed,686,14394.8,49493,35098.2
SHP_107025,SO_102632,WH_13,Air,11-04-2024,2024/04/13,3,2.0,On Time,2800,3697.41,16622,12924.59
SHP_107026,SO_108093,WH_09,Sea,03-08-2024,2024/08/08,3,5.0,Delayed,2297,5787.52,27859,22071.48
SHP_107027,SO_100103,WH_03,Air,29-06-2024,2024/07/09,4,10.0,Delayed,1334,2506.83,6612,4105.17
SHP_107028,SO_101115,WH_04,Road,01-05-2024,2024/05/07,7,6.0,On Time,4917,4466.5,16847,12380.5
SHP_107029,SO_101248,WH_09,Road,20-03-2024,2024/03/23,6,3.0,On Time,1286,6750.18,18799,12048.82
SHP_107030,SO_105687,WH_08,Sea,22-08-2024,2024/08/31,5,9.0,Delayed,1482,4826.13,12760,7933.87
SHP_107031,SO_105278,WH_15,Air,07-04-2024,2024/04/13,5,6.0,Delayed,4958,14868.71,40702,25833.29
SHP_107032,SO_107196,WH_13,Air,02-05-2024,2024/05/12,5,10.0,Delayed,2166,10551.9,47623,37071.1
SHP_107033,SO_105819,WH_05,Air,29-07-2024,2024/08/04,3,6.0,Delayed,4162,7670.47,26309,18638.53
SHP_107034,SO_100282,WH_03,Road,06-02-2024,2024/02/13,7,7.0,On Time,2998,6949.86,27159,20209.14
SHP_107035,SO_106191,WH_03,Road,31-08-2024,2024/09/03,7,3.0,On Time,4616,-6410.47,18506,24916.47
SHP_107036,SO_105617,WH_13,Rail,04-09-2024,2024/09/06,5,2.0,On Time,3637,6850.85,31273,24422.15
SHP_107037,SO_103245,WH_07,Air,04-08-2024,2024/08/12,7,8.0,Delayed,342,14147.78,40629,26481.22
SHP_107038,SO_109585,WH_04,Road,17-08-2024,2024/08/24,6,7.0,Delayed,4844,3049.45,12468,9418.55
SHP_107039,SO_105392,WH_03,Road,21-09-2024,2024/09/28,6,7.0,Delayed,1392,11560.53,33252,21691.47
SHP_107040,SO_109403,WH_11,Sea,05-06-2024,2024/06/14,3,9.0,Delayed,948,15473.74,42599,27125.26
SHP_107041,SO_106944,WH_07,Air,08-03-2024,2024/03/17,6,9.0,Delayed,3132,3032.58,7851,4818.42
SHP_107042,SO_100763,WH_07,Rail,23-10-2024,2024/10/31,5,8.0,Delayed,2895,3015.07,10432,7416.93
SHP_107043,SO_109516,WH_14,Air,15-03-2024,2024/03/25,6,10.0,Delayed,2928,1964.72,7722,5757.28
SHP_107044,SO_107672,WH_12,Rail,23-05-2024,2024/05/30,7,7.0,On Time,210,2164.17,5950,3785.83
SHP_107045,SO_108910,WH_11,Sea,09-05-2024,2024/05/17,6,8.0,Delayed,2573,9584.66,26906,17321.34
SHP_107046,SO_100769,WH_13,Air,19-03-2024,2024/03/21,7,2.0,On Time,1905,10233.13,31213,20979.87
SHP_107047,SO_101251,WH_06,Air,09-10-2024,2024/10/13,7,4.0,On Time,2095,7543.76,20701,13157.24
SHP_107048,SO_102562,WH_06,Road,07-02-2024,2024/02/15,6,8.0,Delayed,1884,4553.36,21449,16895.64
SHP_107049,SO_102933,WH_12,Road,13-09-2024,2024/09/19,5,6.0,Delayed,1496,3971.86,16796,12824.14
SHP_107050,SO_108151,WH_08,Rail,11-08-2024,2024/08/13,4,2.0,On Time,3925,8516.21,22044,13527.79
SHP_107051,SO_101928,WH_13,Sea,28-04-2024,2024/05/01,4,3.0,On Time,3809,5920.3,21213,15292.7
SHP_107052,SO_102821,WH_04,Road,03-09-2024,2024/09/11,4,8.0,Delayed,4422,14402.3,39060,24657.7
SHP_107053,SO_105539,WH_04,Road,31-07-2024,2024/08/05,4,,Delayed,4069,4322.53,19666,15343.47
SHP_107054,SO_101388,WH_12,Rail,20-04-2024,2024/04/24,5,4.0,On Time,4135,4704.48,17626,12921.52
SHP_107055,SO_108391,WH_14,Sea,21-11-2024,2024/12/01,7,10.0,Delayed,2594,6845.15,21925,15079.85
SHP_107056,SO_101187,WH_05,Sea,13-04-2024,2024/04/22,5,9.0,Delayed,722,6769.8,25491,18721.2
SHP_107057,SO_105850,WH_11,Road,30-12-2024,2025/01/01,5,2.0,On Time,3953,1384.47,5259,3874.53
SHP_107058,SO_103003,WH_08,Rail,13-03-2024,2024/03/15,5,2.0,On Time,2917,6152.43,29485,23332.57
SHP_107059,SO_108847,WH_15,Rail,18-05-2024,2024/05/20,6,2.0,On Time,1711,6164.83,23846,17681.17
SHP_107060,SO_102706,WH_02,Road,22-05-2024,2024/05/26,6,4.0,On Time,3470,3758.32,12900,9141.68
SHP_107061,SO_107750,WH_04,Rail,15-01-2024,2024/01/17,4,2.0,On Time,2901,6907.34,31993,25085.66
SHP_107062,SO_100733,WH_05,Air,06-04-2024,2024/04/12,6,6.0,On Time,1391,2446.19,9904,7457.81
SHP_107063,SO_104455,WH_09,Rail,24-01-2024,2024/01/29,4,5.0,Delayed,3579,12649.62,48499,35849.38
SHP_107064,SO_107752,WH_06,Air,01-10-2024,2024/10/06,5,5.0,On Time,4269,6846.99,18093,11246.01
SHP_107065,SO_103434,WH_05,Air,10-06-2024,2024/06/20,5,10.0,Delayed,3390,6907.67,29435,22527.33
SHP_107066,SO_102196,WH_03,Sea,19-01-2024,2024/01/21,4,2.0,On Time,3915,13880.39,37615,23734.61
SHP_107067,SO_101227,WH_05,Air,24-02-2024,2024/03/01,4,6.0,Delayed,950,12558.5,38056,25497.5
SHP_107068,SO_100853,WH_14,Road,08-05-2024,2024/05/16,6,8.0,Delayed,1691,11576.47,44672,33095.53
SHP_107069,SO_109980,WH_06,Road,31-03-2024,2024/04/05,4,5.0,Delayed,781,10017.28,32524,22506.72
SHP_107070,SO_103504,WH_15,Sea,27-08-2024,2024/09/03,4,7.0,Delayed,2010,7425.01,31130,23704.99
SHP_107071,SO_109025,WH_11,Road,17-10-2024,2024/10/25,6,8.0,Delayed,3962,12667.02,47006,34338.98
SHP_107072,SO_107464,WH_02,Road,30-03-2024,2024/04/09,6,10.0,Delayed,3098,6577.15,21225,14647.85
SHP_107073,SO_105799,WH_08,Sea,11-10-2024,2024/10/16,6,5.0,On Time,2629,6595.35,18280,11684.65
SHP_107074,SO_100495,WH_06,Rail,03-07-2024,2024/07/05,3,2.0,On Time,1169,1969.07,5824,3854.93
SHP_107075,SO_103793,WH_02,Air,07-10-2024,2024/10/17,5,10.0,Delayed,4980,3894.84,17432,13537.16
SHP_107076,SO_104832,WH_07,Sea,19-09-2024,2024/09/23,4,4.0,On Time,1291,13165.3,43155,29989.7
SHP_107077,SO_109171,WH_06,Sea,05-09-2024,2024/09/10,5,5.0,On Time,303,5672.17,25673,20000.83
SHP_107078,SO_103796,WH_06,Air,11-02-2024,2024/02/16,7,5.0,On Time,4792,-7396.66,28816,36212.66
SHP_107079,SO_106453,WH_15,Air,16-01-2024,2024/01/21,6,5.0,On Time,4316,2511.96,6591,4079.04
SHP_107080,SO_106592,WH_05,Air,12-08-2024,2024/08/16,5,4.0,On Time,1406,8015.45,32550,24534.55
SHP_107081,SO_108480,WH_12,Air,19-08-2024,2024/08/24,7,5.0,On Time,3697,12218.22,40483,28264.78
SHP_107082,SO_105510,WH_01,Air,19-07-2024,2024/07/26,6,7.0,Delayed,4576,13416.07,44988,31571.93
SHP_107083,SO_108901,WH_04,Sea,31-07-2024,2024/08/10,5,10.0,Delayed,2203,9169.05,27416,18246.95
SHP_107084,SO_103142,WH_15,Rail,24-10-2024,2024/11/01,7,8.0,Delayed,3676,13550.08,36633,23082.92
SHP_107085,SO_109721,WH_14,Rail,08-05-2024,2024/05/18,6,10.0,Delayed,1405,8049.18,21564,13514.82
SHP_107086,SO_100760,WH_11,Sea,08-03-2024,2024/03/14,5,6.0,Delayed,1296,10692.12,38523,27830.88
SHP_107087,SO_102165,WH_09,Sea,06-11-2024,2024/11/11,5,5.0,On Time,4901,4696.37,11959,7262.63
SHP_107088,SO_102177,WH_07,Rail,05-12-2024,2024/12/07,3,2.0,On Time,4693,7912.23,31243,23330.77
SHP_107089,SO_100625,WH_06,Rail,25-10-2024,2024/10/27,6,2.0,On Time,2741,15379.51,45633,30253.49
SHP_107090,SO_106221,WH_02,Rail,22-11-2024,2024/11/27,7,5.0,On Time,3339,6009.23,17248,11238.77
SHP_107091,SO_105396,WH_11,Air,11-12-2024,2024/12/17,5,6.0,Delayed,3727,10305.04,43566,33260.96
SHP_107092,SO_105292,WH_15,Rail,06-07-2024,2024/07/10,3,4.0,Delayed,2777,4670.39,19729,15058.61
SHP_107093,SO_109918,WH_14,Road,16-09-2024,2024/09/24,5,8.0,Delayed,3999,12417.37,42388,29970.63
SHP_107094,SO_108864,WH_01,Rail,27-07-2024,2024/08/03,7,7.0,On Time,239,17838.37,46325,28486.63
SHP_107095,SO_102709,WH_09,Sea,13-01-2024,2024/01/21,4,8.0,Delayed,1222,9095.99,39570,30474.01
SHP_107096,SO_109476,WH_06,Rail,08-03-2024,2024/03/17,6,9.0,Delayed,4885,13394.46,45620,32225.54
SHP_107097,SO_106716,WH_15,Rail,10-09-2024,2024/09/17,4,7.0,Delayed,3696,9064.13,35321,26256.87
SHP_107098,SO_105219,WH_15,Sea,05-02-2024,2024/02/08,6,3.0,On Time,4821,10032.57,45654,35621.43
SHP_107099,SO_102460,WH_13,Road,25-02-2024,2024/03/02,4,6.0,Delayed,2591,9744.16,32724,22979.84
SHP_107100,SO_101379,WH_07,Road,13-11-2024,2024/11/21,6,8.0,Delayed,4632,1504.07,6548,5043.93
SHP_107101,SO_102654,WH_04,Road,02-10-2024,2024/10/07,6,5.0,On Time,3709,4232.45,12455,8222.55
SHP_107102,SO_102679,WH_12,Rail,08-09-2024,2024/09/17,7,9.0,Delayed,631,7553.9,28969,21415.1
SHP_107103,SO_108215,WH_03,Sea,07-10-2024,2024/10/09,4,2.0,On Time,4459,15932.15,45194,29261.85
SHP_107104,SO_109826,WH_07,Rail,01-07-2024,2024/07/10,5,9.0,Delayed,2128,4151.36,19621,15469.64
SHP_107105,SO_106935,WH_05,Air,19-02-2024,2024/02/25,5,6.0,Delayed,4531,2220.29,6764,4543.71
SHP_107106,SO_100097,WH_06,Air,07-08-2024,2024/08/14,7,7.0,On Time,200,10550.95,36668,26117.05
SHP_107107,SO_108863,WH_08,Sea,24-01-2024,2024/02/03,5,10.0,Delayed,2085,7012.11,19828,12815.89
SHP_107108,SO_109933,WH_06,Road,26-09-2024,2024/10/03,4,7.0,Delayed,4374,6444.94,24941,18496.06
SHP_107109,SO_109748,WH_10,Rail,22-07-2024,2024/07/26,6,4.0,On Time,4744,16001.16,43057,27055.84
SHP_107110,SO_109141,WH_06,Air,09-11-2024,2024/11/16,6,7.0,Delayed,620,7391.43,28422,21030.57
SHP_107111,SO_105351,WH_05,Road,28-11-2024,2024/12/02,4,4.0,On Time,4973,9531.07,29800,20268.93
SHP_107112,SO_106913,WH_07,Road,22-05-2024,2024/05/30,3,8.0,Delayed,4471,11176.85,43715,32538.15
SHP_107113,SO_105278,WH_11,Sea,09-07-2024,2024/07/12,4,3.0,On Time,2723,6526.81,21214,14687.19
SHP_107114,SO_106781,WH_01,Rail,04-05-2024,2024/05/12,3,8.0,Delayed,3454,3466.82,9710,6243.18
SHP_107115,SO_101026,WH_11,Sea,02-12-2024,2024/12/11,7,9.0,Delayed,2874,7481.49,25126,17644.51
SHP_107116,SO_106338,WH_11,Air,23-11-2024,2024/11/28,7,5.0,On Time,4416,10629.09,45007,34377.91
SHP_107117,SO_100793,WH_01,Air,25-12-2024,2024/12/29,5,4.0,On Time,3095,4142.55,16278,12135.45
SHP_107118,SO_102480,WH_08,Rail,24-07-2024,2024/07/29,3,5.0,Delayed,2203,7105.72,18958,11852.28
SHP_107119,SO_109028,WH_09,Air,06-09-2024,2024/09/15,4,9.0,Delayed,3767,8829.39,30303,21473.61
SHP_107120,SO_103055,WH_07,Rail,09-12-2024,2024/12/12,5,3.0,On Time,2822,7801.9,26259,18457.1
SHP_107121,SO_103856,WH_12,Road,22-07-2024,2024/07/29,7,7.0,On Time,4927,1739.82,8421,6681.18
SHP_107122,SO_107902,WH_01,Road,18-05-2024,2024/05/25,4,7.0,Delayed,2251,2332.08,9862,7529.92
SHP_107123,SO_107448,WH_07,Sea,16-11-2024,2024/11/25,6,9.0,Delayed,2757,4280.55,16715,12434.45
SHP_107124,SO_104437,WH_13,Rail,05-07-2024,2024/07/08,4,3.0,On Time,3446,10312.76,26887,16574.24
SHP_107125,SO_106314,WH_07,Sea,11-08-2024,2024/08/16,6,5.0,On Time,3858,4947.0,23558,18611.0
SHP_107126,SO_100482,WH_04,Road,29-06-2024,2024/07/04,6,5.0,On Time,477,2955.81,9581,6625.19
SHP_107127,SO_103386,WH_02,Road,02-01-2024,2024/01/06,6,4.0,On Time,3180,7568.62,20483,12914.38
SHP_107128,SO_103943,WH_05,Road,12-11-2024,2024/11/22,4,10.0,Delayed,1626,10423.25,46608,36184.75
SHP_107129,SO_102330,WH_04,Road,25-05-2024,2024/05/31,7,6.0,On Time,1644,5992.45,19690,13697.55
SHP_107130,SO_101714,WH_12,Sea,07-12-2024,2024/12/16,3,9.0,Delayed,3919,2640.39,10510,7869.61
SHP_107131,SO_108963,WH_11,Sea,19-08-2024,2024/08/24,3,5.0,Delayed,2522,8401.04,37019,28617.96
SHP_107132,SO_108301,WH_12,Air,18-10-2024,2024/10/24,5,6.0,Delayed,3489,12393.69,37926,25532.31
SHP_107133,SO_105271,WH_01,Air,04-09-2024,2024/09/07,6,3.0,On Time,3026,4058.29,11443,7384.71
SHP_107134,SO_101188,WH_11,Sea,30-08-2024,2024/09/08,3,9.0,Delayed,2985,6978.3,21196,14217.7
SHP_107135,SO_107755,WH_10,Road,28-01-2024,2024/02/05,5,8.0,Delayed,4145,9196.91,30650,21453.09
SHP_107136,SO_102897,WH_03,Road,08-06-2024,2024/06/18,6,10.0,Delayed,315,2954.72,9214,6259.28
SHP_107137,SO_108103,WH_01,Road,22-01-2024,2024/01/25,5,3.0,On Time,4969,3806.29,12685,8878.71
SHP_107138,SO_103190,WH_05,Air,20-05-2024,2024/05/22,3,2.0,On Time,3372,10595.31,46232,35636.69
SHP_107139,SO_103058,WH_07,Sea,02-03-2024,2024/03/10,5,8.0,Delayed,4200,12550.17,32574,20023.83
SHP_107140,SO_101653,WH_09,Sea,23-04-2024,2024/04/25,6,2.0,On Time,4338,16986.94,49363,32376.06
SHP_107141,SO_103899,WH_10,Air,22-02-2024,2024/03/02,6,9.0,Delayed,1179,5086.28,17433,12346.72
SHP_107142,SO_108395,WH_11,Sea,08-03-2024,2024/03/11,5,3.0,On Time,4072,7670.68,24819,17148.32
SHP_107143,SO_102626,WH_12,Sea,03-11-2024,2024/11/11,5,8.0,Delayed,4316,9264.72,28263,18998.28
SHP_107144,SO_103823,WH_07,Sea,26-10-2024,2024/11/01,6,6.0,On Time,729,10887.61,44355,33467.39
SHP_107145,SO_105312,WH_08,Rail,23-09-2024,2024/09/30,6,7.0,Delayed,1006,13456.35,35850,22393.65
SHP_107146,SO_109383,WH_07,Rail,08-02-2024,2024/02/13,7,5.0,On Time,1687,9482.17,41646,32163.83
SHP_107147,SO_103461,WH_03,Road,07-02-2024,2024/02/10,6,3.0,On Time,2466,2231.95,8693,6461.05
SHP_107148,SO_104678,WH_08,Road,17-10-2024,2024/10/21,4,4.0,On Time,4823,10418.04,36547,26128.96
SHP_107149,SO_102909,WH_12,Air,21-09-2024,2024/09/28,6,7.0,Delayed,359,17332.18,47097,29764.82
SHP_107150,SO_103832,WH_15,Air,02-05-2024,2024/05/04,4,2.0,On Time,461,2214.59,7354,5139.41
SHP_107151,SO_102878,WH_12,Rail,25-01-2024,2024/02/01,5,7.0,Delayed,4146,2751.31,8100,5348.69
SHP_107152,SO_103751,WH_12,Sea,22-11-2024,2024/11/24,3,2.0,On Time,4418,9955.23,28208,18252.77
SHP_107153,SO_105001,WH_11,Road,27-09-2024,2024/10/01,6,4.0,On Time,3414,3488.33,14075,10586.67
SHP_107154,SO_104362,WH_05,Rail,13-02-2024,2024/02/20,5,7.0,Delayed,730,4783.2,15048,10264.8
SHP_107155,SO_102283,WH_15,Rail,17-01-2024,2024/01/20,3,3.0,On Time,4672,5981.83,19884,13902.17
SHP_107156,SO_106926,WH_13,Road,30-08-2024,2024/09/06,5,7.0,Delayed,3484,17407.51,43935,26527.49
SHP_107157,SO_104740,WH_14,Sea,27-04-2024,2024/05/04,3,7.0,Delayed,600,9550.83,24715,15164.17
SHP_107158,SO_100478,WH_12,Air,17-03-2024,2024/03/19,4,2.0,On Time,4398,5474.13,24203,18728.87
SHP_107159,SO_104440,WH_01,Sea,09-09-2024,2024/09/19,6,10.0,Delayed,3842,16073.04,46425,30351.96
SHP_107160,SO_109715,WH_11,Sea,22-10-2024,2024/10/29,4,7.0,Delayed,2572,10259.16,29028,18768.84
SHP_107161,SO_107955,WH_05,Sea,09-09-2024,2024/09/16,7,7.0,On Time,437,5374.91,23515,18140.09
SHP_107162,SO_102256,WH_14,Sea,16-11-2024,2024/11/20,4,4.0,On Time,3469,10725.3,38051,27325.7
SHP_107163,SO_105747,WH_11,Air,05-02-2024,2024/02/13,7,8.0,Delayed,3228,11161.36,41130,29968.64
SHP_107164,SO_106748,WH_13,Road,01-12-2024,2024/12/07,3,6.0,Delayed,772,3562.01,11362,7799.99
SHP_107165,SO_105318,WH_14,Road,17-10-2024,2024/10/23,5,6.0,Delayed,2003,10044.67,31115,21070.33
SHP_107166,SO_102822,WH_06,Road,23-03-2024,2024/03/28,3,5.0,Delayed,285,8538.68,23389,14850.32
SHP_107167,SO_108779,WH_14,Sea,07-09-2024,2024/09/10,7,3.0,On Time,4664,6540.68,16352,9811.32
SHP_107168,SO_106165,WH_11,Sea,21-06-2024,2024/06/28,6,7.0,Delayed,1533,12335.91,43896,31560.09
SHP_107169,SO_101008,WH_09,Air,24-06-2024,2024/07/03,5,9.0,Delayed,715,15031.62,42105,27073.38
SHP_107170,SO_101452,WH_14,Road,10-09-2024,2024/09/12,4,2.0,On Time,3393,4233.13,12733,8499.87
SHP_107171,SO_104132,WH_01,Rail,01-11-2024,2024/11/05,7,4.0,On Time,333,12741.75,49583,36841.25
SHP_107172,SO_105184,WH_10,Air,23-07-2024,2024/07/25,5,,Delayed,4051,2205.89,10173,7967.11
SHP_107173,SO_101244,WH_10,Air,17-12-2024,2024/12/25,4,8.0,Delayed,2447,8939.45,26868,17928.55
SHP_107174,SO_102962,WH_05,Air,30-11-2024,2024/12/03,3,3.0,On Time,2095,12629.32,44464,31834.68
SHP_107175,SO_103572,WH_07,Road,04-09-2024,2024/09/06,3,2.0,On Time,2169,10903.05,42992,32088.95
SHP_107176,SO_109384,WH_15,Sea,29-03-2024,2024/04/02,7,4.0,On Time,3236,7136.59,26562,19425.41
SHP_107177,SO_106697,WH_03,Air,10-01-2024,2024/01/15,7,5.0,On Time,3767,5503.23,25924,20420.77
SHP_107178,SO_103809,WH_06,Air,01-12-2024,2024/12/08,4,7.0,Delayed,550,6505.34,25293,18787.66
SHP_107179,SO_104731,WH_05,Air,13-01-2024,2024/01/22,7,9.0,Delayed,454,11354.23,36748,25393.77
SHP_107180,SO_109532,WH_02,Air,25-03-2024,2024/03/30,7,5.0,On Time,3168,10794.65,32787,21992.35
SHP_107181,SO_100744,WH_12,Rail,16-05-2024,2024/05/24,6,8.0,Delayed,3212,9990.2,31207,21216.8
SHP_107182,SO_105889,WH_09,Road,05-03-2024,2024/03/10,5,5.0,On Time,1253,7510.99,28565,21054.01
SHP_107183,SO_108782,WH_03,Rail,02-07-2024,2024/07/10,6,8.0,Delayed,1951,10724.4,31978,21253.6
SHP_107184,SO_103656,WH_13,Sea,19-10-2024,2024/10/22,5,3.0,On Time,2070,8470.86,24140,15669.14
SHP_107185,SO_103220,WH_09,Rail,10-12-2024,2024/12/19,7,9.0,Delayed,1571,5827.88,28495,22667.12
SHP_107186,SO_109685,WH_13,Air,24-02-2024,2024/03/03,6,8.0,Delayed,2271,6284.39,31292,25007.61
SHP_107187,SO_101431,WH_11,Air,02-06-2024,2024/06/10,5,8.0,Delayed,1843,9370.87,23452,14081.13
SHP_107188,SO_107299,WH_07,Sea,29-06-2024,2024/07/06,7,,Delayed,1979,2573.2,10184,7610.8
SHP_107189,SO_104895,WH_01,Sea,07-05-2024,2024/05/13,7,6.0,On Time,702,1800.77,7451,5650.23
SHP_107190,SO_101995,WH_14,Rail,07-04-2024,2024/04/13,7,6.0,On Time,2033,14300.04,35823,21522.96
SHP_107191,SO_105878,WH_07,Road,07-01-2024,2024/01/09,7,2.0,On Time,4706,8114.06,28159,20044.94
SHP_107192,SO_105547,WH_04,Rail,15-03-2024,2024/03/24,3,9.0,Delayed,2805,8816.53,39640,30823.47
SHP_107193,SO_109240,WH_01,Rail,19-08-2024,2024/08/28,3,9.0,Delayed,4130,12034.06,39938,27903.94
SHP_107194,SO_100271,WH_06,Rail,16-02-2024,2024/02/26,3,10.0,Delayed,2649,8656.96,33233,24576.04
SHP_107195,SO_105700,WH_07,Rail,18-09-2024,2024/09/22,4,4.0,On Time,1641,3758.62,16049,12290.38
SHP_107196,SO_109783,WH_08,Sea,24-01-2024,2024/01/29,6,5.0,On Time,214,8389.13,23079,14689.87
SHP_107197,SO_101061,WH_15,Road,25-11-2024,2024/11/27,3,2.0,On Time,1188,2849.76,8564,5714.24
SHP_107198,SO_101573,WH_01,Air,06-02-2024,2024/02/13,5,7.0,Delayed,4768,10063.16,45045,34981.84
SHP_107199,SO_103149,WH_15,Road,30-07-2024,2024/08/02,7,3.0,On Time,1264,2473.48,10769,8295.52
SHP_107200,SO_105570,WH_14,Sea,18-01-2024,2024/01/23,7,5.0,On Time,2902,6157.8,23991,17833.2
SHP_107201,SO_101062,WH_09,Air,31-05-2024,2024/06/06,7,6.0,On Time,4058,3660.57,10073,6412.43
SHP_107202,SO_109367,WH_05,Rail,15-08-2024,2024/08/22,4,7.0,Delayed,2134,5561.99,14542,8980.01
SHP_107203,SO_102961,WH_05,Air,21-12-2024,2024/12/29,7,8.0,Delayed,2556,6860.59,19868,13007.41
SHP_107204,SO_102686,WH_06,Rail,21-11-2024,2024/11/25,3,4.0,Delayed,4568,7330.76,24243,16912.24
SHP_107205,SO_105095,WH_01,Air,25-07-2024,2024/08/02,7,8.0,Delayed,2694,-11306.28,29033,40339.28
SHP_107206,SO_101013,WH_14,Sea,14-06-2024,2024/06/20,7,6.0,On Time,377,7260.04,28205,20944.96
SHP_107207,SO_106731,WH_10,Rail,26-01-2024,2024/01/30,7,4.0,On Time,2756,4065.56,16687,12621.44
SHP_107208,SO_107229,WH_02,Rail,29-01-2024,2024/02/03,6,5.0,On Time,3942,7985.74,33929,25943.26
SHP_107209,SO_104838,WH_14,Sea,23-02-2024,2024/03/02,6,8.0,Delayed,703,6326.2,20510,14183.8
SHP_107210,SO_102677,WH_07,Sea,25-12-2024,2025/01/03,6,9.0,Delayed,3508,3957.67,16021,12063.33
SHP_107211,SO_107328,WH_12,Road,04-12-2024,2024/12/11,3,7.0,Delayed,1529,2788.15,10820,8031.85
SHP_107212,SO_106448,WH_14,Rail,09-06-2024,2024/06/11,7,2.0,On Time,3959,8454.36,38882,30427.64
SHP_107213,SO_101477,WH_12,Rail,15-05-2024,2024/05/22,4,7.0,Delayed,450,3929.15,11828,7898.85
SHP_107214,SO_100627,WH_11,Rail,04-06-2024,2024/06/13,7,9.0,Delayed,1196,12404.57,34593,22188.43
SHP_107215,SO_104916,WH_02,Road,21-10-2024,2024/10/28,7,7.0,On Time,1519,10315.59,35595,25279.41
SHP_107216,SO_102445,WH_15,Sea,12-09-2024,2024/09/17,7,5.0,On Time,4401,10280.2,37000,26719.8
SHP_107217,SO_100782,WH_10,Sea,05-07-2024,2024/07/10,3,5.0,Delayed,2114,14557.71,42266,27708.29
SHP_107218,SO_105345,WH_14,Road,30-01-2024,2024/02/07,7,8.0,Delayed,4213,7192.09,31928,24735.91
SHP_107219,SO_104387,WH_13,Road,01-02-2024,2024/02/11,7,10.0,Delayed,3465,7789.61,23592,15802.39
SHP_107220,SO_105468,WH_09,Road,19-07-2024,2024/07/22,7,3.0,On Time,935,5514.25,14677,9162.75
SHP_107221,SO_104263,WH_04,Sea,05-08-2024,2024/08/14,6,9.0,Delayed,1943,9813.52,30517,20703.48
SHP_107222,SO_102632,WH_11,Road,16-02-2024,2024/02/23,3,7.0,Delayed,1987,3329.03,16601,13271.97
SHP_107223,SO_104918,WH_03,Rail,20-11-2024,2024/11/30,6,,Delayed,3938,2334.07,10941,8606.93
SHP_107224,SO_109476,WH_11,Air,16-09-2024,2024/09/24,5,,Delayed,338,9045.43,26030,16984.57
SHP_107225,SO_102733,WH_11,Sea,15-09-2024,2024/09/20,6,5.0,On Time,4498,6700.17,21033,14332.83
SHP_107226,SO_103216,WH_09,Road,28-06-2024,2024/07/03,7,5.0,On Time,3422,1885.6,5464,3578.4
SHP_107227,SO_100854,WH_02,Road,30-06-2024,2024/07/08,3,8.0,Delayed,3916,10779.81,37944,27164.19
SHP_107228,SO_101322,WH_12,Road,08-10-2024,2024/10/12,3,4.0,Delayed,1018,7913.95,27640,19726.05
SHP_107229,SO_106359,WH_05,Rail,06-09-2024,2024/09/09,5,3.0,On Time,1768,10407.19,39046,28638.81
SHP_107230,SO_105174,WH_13,Road,29-09-2024,2024/10/06,7,7.0,On Time,2935,6924.99,22152,15227.01
SHP_107231,SO_108077,WH_15,Road,07-06-2024,2024/06/17,3,10.0,Delayed,515,5357.74,19933,14575.26
SHP_107232,SO_109705,WH_01,Air,19-04-2024,2024/04/26,3,7.0,Delayed,1469,6977.31,25888,18910.69
SHP_107233,SO_101493,WH_15,Sea,08-10-2024,2024/10/17,3,,Delayed,4817,9896.78,25659,15762.22
SHP_107234,SO_105052,WH_02,Air,31-08-2024,2024/09/04,5,4.0,On Time,2796,19463.32,49638,30174.68
SHP_107235,SO_106301,WH_15,Rail,01-08-2024,2024/08/09,7,8.0,Delayed,221,6081.76,28091,22009.24
SHP_107236,SO_108166,WH_02,Rail,14-07-2024,2024/07/22,4,8.0,Delayed,3935,5910.92,23362,17451.08
SHP_107237,SO_102360,WH_03,Sea,13-03-2024,2024/03/21,5,8.0,Delayed,2535,8729.04,35732,27002.96
SHP_107238,SO_100356,WH_15,Sea,09-07-2024,2024/07/15,5,6.0,Delayed,2078,4707.7,14311,9603.3
SHP_107239,SO_108514,WH_03,Road,24-07-2024,2024/08/02,3,9.0,Delayed,321,3341.35,13786,10444.65
SHP_107240,SO_106140,WH_01,Air,24-07-2024,2024/07/27,4,3.0,On Time,4909,2776.67,7368,4591.33
SHP_107241,SO_106694,WH_11,Rail,18-04-2024,2024/04/23,7,5.0,On Time,3588,12389.28,36058,23668.72
SHP_107242,SO_105950,WH_09,Road,07-06-2024,2024/06/17,3,10.0,Delayed,2892,6057.21,25744,19686.79
SHP_107243,SO_109774,WH_11,Air,04-11-2024,2024/11/14,5,10.0,Delayed,4467,2018.36,5346,3327.64
SHP_107244,SO_103831,WH_06,Rail,05-04-2024,2024/04/09,5,4.0,On Time,4315,4177.27,11311,7133.73
SHP_107245,SO_102974,WH_14,Sea,19-04-2024,2024/04/23,7,4.0,On Time,3212,5311.94,21486,16174.06
SHP_107246,SO_101272,WH_01,Air,28-04-2024,2024/04/30,7,2.0,On Time,1973,9076.41,26662,17585.59
SHP_107247,SO_109595,WH_08,Road,01-05-2024,2024/05/03,7,2.0,On Time,794,7082.85,18347,11264.15
SHP_107248,SO_106597,WH_02,Sea,31-01-2024,2024/02/10,5,10.0,Delayed,3912,1596.1,6774,5177.9
SHP_107249,SO_100960,WH_02,Rail,08-08-2024,2024/08/13,5,5.0,On Time,4435,13518.19,35221,21702.81
SHP_107250,SO_102153,WH_13,Road,23-05-2024,2024/05/29,4,6.0,Delayed,307,7276.85,22814,15537.15
SHP_107251,SO_102640,WH_11,Rail,01-07-2024,2024/07/08,3,7.0,Delayed,4591,1861.36,6405,4543.64
SHP_107252,SO_103379,WH_04,Sea,06-05-2024,2024/05/16,6,10.0,Delayed,4631,6677.45,22179,15501.55
SHP_107253,SO_102016,WH_05,Air,29-04-2024,2024/05/01,3,2.0,On Time,2665,3021.66,7743,4721.34
SHP_107254,SO_104081,WH_01,Air,12-04-2024,2024/04/14,3,2.0,On Time,1365,-7790.04,22872,30662.04
SHP_107255,SO_100647,WH_10,Road,12-07-2024,2024/07/17,7,5.0,On Time,1502,17839.27,45101,27261.73
SHP_107256,SO_107963,WH_04,Rail,19-09-2024,2024/09/26,3,7.0,Delayed,851,4288.1,12770,8481.9
SHP_107257,SO_107465,WH_09,Rail,24-09-2024,2024/10/04,7,10.0,Delayed,1605,1512.18,6638,5125.82
SHP_107258,SO_105810,WH_12,Rail,04-07-2024,2024/07/07,3,3.0,On Time,3329,5158.92,13930,8771.08
SHP_107259,SO_109811,WH_04,Sea,06-05-2024,2024/05/16,3,10.0,Delayed,4622,9979.64,34699,24719.36
SHP_107260,SO_106086,WH_05,Rail,24-07-2024,2024/07/28,7,4.0,On Time,2347,9760.32,27067,17306.68
SHP_107261,SO_100844,WH_08,Rail,26-05-2024,2024/06/02,7,7.0,On Time,1759,9548.3,38835,29286.7
SHP_107262,SO_108319,WH_02,Road,08-07-2024,2024/07/17,4,,Delayed,3840,3186.83,11716,8529.17
SHP_107263,SO_102829,WH_13,Sea,26-12-2024,2024/12/31,7,,Delayed,2517,13968.09,44669,30700.91
SHP_107264,SO_103894,WH_02,Road,24-05-2024,2024/05/26,6,2.0,On Time,590,7971.8,25924,17952.2
SHP_107265,SO_101308,WH_08,Rail,17-01-2024,2024/01/21,6,4.0,On Time,3102,16026.34,40375,24348.66
SHP_107266,SO_102202,WH_09,Road,09-07-2024,2024/07/18,7,9.0,Delayed,2301,9020.92,28129,19108.08
SHP_107267,SO_100183,WH_05,Rail,18-04-2024,2024/04/20,7,2.0,On Time,1402,6904.99,30504,23599.01
SHP_107268,SO_102515,WH_09,Sea,08-11-2024,2024/11/12,6,4.0,On Time,1808,1847.31,5248,3400.69
SHP_107269,SO_105038,WH_12,Rail,07-01-2024,2024/01/13,3,6.0,Delayed,3870,8577.7,31594,23016.3
SHP_107270,SO_100583,WH_10,Sea,13-06-2024,2024/06/15,3,2.0,On Time,845,7150.51,30535,23384.49
SHP_107271,SO_109266,WH_11,Air,04-11-2024,2024/11/14,4,10.0,Delayed,2238,8981.94,33613,24631.06
SHP_107272,SO_103519,WH_08,Rail,30-01-2024,2024/02/06,3,,Delayed,3068,12407.38,43104,30696.62
SHP_107273,SO_105728,WH_11,Sea,05-11-2024,2024/11/07,3,2.0,On Time,3689,5872.66,18954,13081.34
SHP_107274,SO_109177,WH_07,Rail,04-11-2024,2024/11/11,7,7.0,On Time,4504,12094.23,30534,18439.77
SHP_107275,SO_109522,WH_13,Rail,08-03-2024,2024/03/18,3,10.0,Delayed,3265,15451.34,45840,30388.66
SHP_107276,SO_100903,WH_05,Road,26-04-2024,2024/04/30,4,4.0,On Time,3635,11748.84,29648,17899.16
SHP_107277,SO_109764,WH_03,Road,26-06-2024,2024/07/02,6,6.0,On Time,507,4760.37,12926,8165.63
SHP_107278,SO_105027,WH_10,Sea,26-10-2024,2024/11/03,5,8.0,Delayed,2711,6378.09,17410,11031.91
SHP_107279,SO_100932,WH_04,Rail,05-01-2024,2024/01/11,7,6.0,On Time,2181,6265.51,15713,9447.49
SHP_107280,SO_104315,WH_01,Sea,08-08-2024,2024/08/17,3,9.0,Delayed,293,3780.6,15844,12063.4
SHP_107281,SO_102850,WH_04,Rail,21-04-2024,2024/04/26,3,5.0,Delayed,795,2103.75,7123,5019.25
SHP_107282,SO_109440,WH_01,Air,21-12-2024,2024/12/23,6,2.0,On Time,3589,4557.66,15644,11086.34
SHP_107283,SO_107987,WH_15,Rail,04-06-2024,2024/06/11,3,7.0,Delayed,4260,2090.78,5298,3207.22
SHP_107284,SO_106627,WH_08,Air,05-04-2024,2024/04/11,5,6.0,Delayed,208,5508.56,21487,15978.44
SHP_107285,SO_108122,WH_13,Road,15-04-2024,2024/04/21,6,6.0,On Time,1746,10026.62,37189,27162.38
SHP_107286,SO_109418,WH_04,Road,29-06-2024,2024/07/01,5,2.0,On Time,4742,10986.97,35580,24593.03
SHP_107287,SO_105748,WH_04,Road,08-05-2024,2024/05/10,7,2.0,On Time,4199,7548.75,20794,13245.25
SHP_107288,SO_100928,WH_05,Sea,21-02-2024,2024/02/28,7,7.0,On Time,2485,11771.99,47557,35785.01
SHP_107289,SO_106092,WH_02,Rail,26-02-2024,2024/03/05,5,8.0,Delayed,2070,6402.12,25116,18713.88
SHP_107290,SO_100627,WH_07,Rail,11-11-2024,2024/11/19,6,8.0,Delayed,3577,7242.62,28259,21016.38
SHP_107291,SO_102466,WH_11,Sea,06-09-2024,2024/09/16,6,10.0,Delayed,1649,13515.51,40134,26618.49
SHP_107292,SO_100932,WH_09,Rail,26-02-2024,2024/03/04,5,7.0,Delayed,838,3697.71,10323,6625.29
SHP_107293,SO_103029,WH_03,Air,16-02-2024,2024/02/21,6,5.0,On Time,1088,10350.93,47728,37377.07
SHP_107294,SO_105813,WH_07,Air,15-04-2024,2024/04/20,6,5.0,On Time,3673,5600.36,19197,13596.64
SHP_107295,SO_104785,WH_06,Road,24-08-2024,2024/08/30,7,6.0,On Time,2310,8746.46,26659,17912.54
SHP_107296,SO_107213,WH_02,Air,20-01-2024,2024/01/30,5,10.0,Delayed,3272,9778.76,25469,15690.24
SHP_107297,SO_100070,WH_04,Rail,07-06-2024,2024/06/17,6,10.0,Delayed,675,5305.19,18316,13010.81
SHP_107298,SO_101845,WH_04,Sea,23-06-2024,2024/07/03,5,10.0,Delayed,1848,3767.67,15485,11717.33
SHP_107299,SO_100836,WH_03,Air,25-10-2024,2024/11/01,3,7.0,Delayed,3258,6262.32,30597,24334.68
SHP_107300,SO_106604,WH_01,Air,21-04-2024,2024/05/01,4,10.0,Delayed,3722,12667.9,35620,22952.1
SHP_107301,SO_102408,WH_15,Sea,13-08-2024,2024/08/22,3,9.0,Delayed,3435,8944.16,36234,27289.84
SHP_107302,SO_108139,WH_08,Sea,10-02-2024,2024/02/19,6,9.0,Delayed,1812,10408.12,32707,22298.88
SHP_107303,SO_101626,WH_15,Air,15-07-2024,2024/07/17,3,2.0,On Time,1606,10602.28,28240,17637.72
SHP_107304,SO_102775,WH_11,Road,23-01-2024,2024/01/29,3,6.0,Delayed,4434,11679.84,37196,25516.16
SHP_107305,SO_102769,WH_15,Rail,21-01-2024,2024/01/29,3,8.0,Delayed,1589,13450.14,40274,26823.86
SHP_107306,SO_107913,WH_01,Sea,17-04-2024,2024/04/26,6,9.0,Delayed,2965,9295.97,26568,17272.03
SHP_107307,SO_100430,WH_15,Sea,07-08-2024,2024/08/10,7,3.0,On Time,4738,8415.92,27815,19399.08
SHP_107308,SO_107880,WH_04,Air,08-08-2024,2024/08/13,7,5.0,On Time,2980,7162.76,33956,26793.24
SHP_107309,SO_107356,WH_12,Sea,03-11-2024,2024/11/12,3,9.0,Delayed,4360,4009.8,13758,9748.2
SHP_107310,SO_100183,WH_06,Air,20-09-2024,2024/09/25,4,5.0,Delayed,1717,19495.64,49890,30394.36
SHP_107311,SO_101535,WH_09,Sea,17-11-2024,2024/11/26,6,9.0,Delayed,803,12354.2,46860,34505.8
SHP_107312,SO_109971,WH_06,Sea,06-03-2024,2024/03/14,5,8.0,Delayed,1864,18648.5,48317,29668.5
SHP_107313,SO_102187,WH_14,Sea,26-09-2024,2024/10/01,4,5.0,Delayed,3212,17722.59,48951,31228.41
SHP_107314,SO_108346,WH_11,Sea,16-11-2024,2024/11/19,5,3.0,On Time,3650,11923.87,40799,28875.13
SHP_107315,SO_108553,WH_11,Road,19-08-2024,2024/08/25,4,6.0,Delayed,2175,12096.25,39641,27544.75
SHP_107316,SO_107903,WH_11,Sea,01-04-2024,2024/04/05,7,4.0,On Time,4799,10675.35,34080,23404.65
SHP_107317,SO_107446,WH_03,Rail,06-05-2024,2024/05/09,7,3.0,On Time,1229,17651.68,49734,32082.32
SHP_107318,SO_108834,WH_10,Road,12-10-2024,2024/10/15,7,3.0,On Time,4709,15169.27,44455,29285.73
SHP_107319,SO_105788,WH_02,Sea,24-06-2024,2024/07/01,6,7.0,Delayed,3647,6103.76,22034,15930.24
SHP_107320,SO_100535,WH_06,Sea,25-02-2024,2024/03/03,3,7.0,Delayed,2863,1594.31,6581,4986.69
SHP_107321,SO_109433,WH_04,Air,20-09-2024,2024/09/26,4,6.0,Delayed,2650,10053.13,30418,20364.87
SHP_107322,SO_106900,WH_13,Rail,10-10-2024,2024/10/17,5,7.0,Delayed,3270,8016.43,39797,31780.57
SHP_107323,SO_105431,WH_06,Rail,30-05-2024,2024/06/05,3,6.0,Delayed,3973,3448.7,15676,12227.3
SHP_107324,SO_104013,WH_04,Rail,02-06-2024,2024/06/10,7,8.0,Delayed,3768,13183.41,33997,20813.59
SHP_107325,SO_106942,WH_10,Rail,19-10-2024,2024/10/23,5,4.0,On Time,4516,3361.07,11356,7994.93
SHP_107326,SO_107519,WH_05,Sea,02-01-2024,2024/01/05,3,3.0,On Time,4873,13459.96,38978,25518.04
SHP_107327,SO_107681,WH_05,Air,11-08-2024,2024/08/16,6,5.0,On Time,3943,5851.9,27738,21886.1
SHP_107328,SO_108046,WH_11,Rail,19-12-2024,2024/12/22,7,3.0,On Time,4798,4098.73,14370,10271.27
SHP_107329,SO_102707,WH_11,Sea,26-02-2024,2024/02/29,6,3.0,On Time,3787,14809.37,42997,28187.63
SHP_107330,SO_103618,WH_03,Air,01-01-2024,2024/01/08,6,7.0,Delayed,1408,1367.43,6411,5043.57
SHP_107331,SO_103933,WH_03,Sea,28-08-2024,2024/09/06,4,9.0,Delayed,2452,12370.29,34436,22065.71
SHP_107332,SO_102467,WH_15,Sea,16-03-2024,2024/03/26,6,10.0,Delayed,370,5033.89,19075,14041.11
SHP_107333,SO_104030,WH_02,Rail,08-12-2024,2024/12/13,4,5.0,Delayed,2716,8069.8,35189,27119.2
SHP_107334,SO_104256,WH_06,Rail,20-04-2024,2024/04/22,7,2.0,On Time,4609,9237.49,44687,35449.51
SHP_107335,SO_104108,WH_09,Sea,13-05-2024,2024/05/15,5,2.0,On Time,2873,3220.19,9803,6582.81
SHP_107336,SO_100093,WH_09,Sea,12-01-2024,2024/01/14,6,2.0,On Time,3005,12184.69,30585,18400.31
SHP_107337,SO_108134,WH_14,Rail,22-01-2024,2024/01/28,6,6.0,On Time,3449,3303.95,13769,10465.05
SHP_107338,SO_106011,WH_10,Sea,01-05-2024,2024/05/08,4,7.0,Delayed,2224,1652.99,5083,3430.01
SHP_107339,SO_109878,WH_09,Road,03-02-2024,2024/02/11,4,8.0,Delayed,4876,11037.9,46782,35744.1
SHP_107340,SO_106273,WH_01,Air,11-05-2024,2024/05/16,3,5.0,Delayed,4078,2972.02,10889,7916.98
SHP_107341,SO_106338,WH_15,Road,29-09-2024,2024/10/09,7,10.0,Delayed,4726,13503.92,45002,31498.08
SHP_107342,SO_106400,WH_10,Sea,19-12-2024,2024/12/22,4,3.0,On Time,1564,8001.97,29705,21703.03
SHP_107343,SO_108104,WH_11,Road,04-04-2024,2024/04/07,5,3.0,On Time,636,11207.1,39522,28314.9
SHP_107344,SO_103597,WH_10,Air,22-02-2024,2024/02/24,5,2.0,On Time,2737,1962.49,7536,5573.51
SHP_107345,SO_109637,WH_03,Road,10-03-2024,2024/03/18,7,8.0,Delayed,1433,1310.39,5794,4483.61
SHP_107346,SO_103926,WH_14,Rail,22-07-2024,2024/07/31,5,9.0,Delayed,1523,14969.29,44005,29035.71
SHP_107347,SO_103231,WH_12,Road,31-01-2024,2024/02/04,3,4.0,Delayed,1463,6453.8,20627,14173.2
SHP_107348,SO_104982,WH_02,Sea,25-12-2024,2025/01/01,7,7.0,On Time,3684,10370.44,39771,29400.56
SHP_107349,SO_108152,WH_04,Air,30-01-2024,2024/02/05,4,6.0,Delayed,4036,9759.71,37487,27727.29
SHP_107350,SO_101946,WH_14,Sea,14-08-2024,2024/08/19,5,5.0,On Time,2856,9080.22,39235,30154.78
SHP_107351,SO_103967,WH_15,Rail,07-04-2024,2024/04/14,4,7.0,Delayed,4886,10448.45,27025,16576.55
SHP_107352,SO_101126,WH_10,Rail,29-05-2024,2024/05/31,4,2.0,On Time,3419,9815.46,27884,18068.54
SHP_107353,SO_105221,WH_05,Rail,24-04-2024,2024/04/27,7,3.0,On Time,3318,4712.62,19505,14792.38
SHP_107354,SO_103089,WH_02,Sea,23-04-2024,2024/05/01,7,8.0,Delayed,4178,14449.34,46032,31582.66
SHP_107355,SO_105745,WH_06,Rail,02-01-2024,2024/01/09,7,7.0,On Time,820,14587.13,47740,33152.87
SHP_107356,SO_104859,WH_12,Air,31-03-2024,2024/04/10,4,10.0,Delayed,810,5630.89,20728,15097.11
SHP_107357,SO_106815,WH_05,Sea,27-02-2024,2024/03/04,4,6.0,Delayed,3578,8826.04,25553,16726.96
SHP_107358,SO_101227,WH_04,Air,14-10-2024,2024/10/22,5,8.0,Delayed,1973,10926.24,31029,20102.76
SHP_107359,SO_104772,WH_11,Air,01-05-2024,2024/05/08,7,,Delayed,3300,15956.75,41156,25199.25
SHP_107360,SO_103124,WH_04,Rail,19-11-2024,2024/11/25,7,6.0,On Time,1784,7824.54,29830,22005.46
SHP_107361,SO_105218,WH_05,Rail,02-02-2024,2024/02/08,7,6.0,On Time,3907,9578.55,24590,15011.45
SHP_107362,SO_105381,WH_12,Sea,19-09-2024,2024/09/22,5,3.0,On Time,1899,11538.57,29253,17714.43
SHP_107363,SO_100251,WH_07,Air,28-07-2024,2024/08/06,5,9.0,Delayed,4163,10250.06,48173,37922.94
SHP_107364,SO_102039,WH_09,Road,14-03-2024,2024/03/16,3,2.0,On Time,2147,19198.63,48430,29231.37
SHP_107365,SO_103090,WH_01,Rail,18-04-2024,2024/04/27,3,9.0,Delayed,2834,15898.46,47631,31732.54
SHP_107366,SO_100296,WH_10,Rail,30-06-2024,2024/07/07,5,7.0,Delayed,1349,4902.85,17768,12865.15
SHP_107367,SO_104948,WH_07,Road,23-12-2024,2024/12/25,7,2.0,On Time,1098,4782.51,11973,7190.49
SHP_107368,SO_105825,WH_10,Rail,01-03-2024,2024/03/03,6,2.0,On Time,745,17364.16,44357,26992.84
SHP_107369,SO_103657,WH_09,Rail,04-01-2024,2024/01/11,3,7.0,Delayed,3942,4090.84,11337,7246.16
SHP_107370,SO_106649,WH_10,Air,10-03-2024,2024/03/20,6,10.0,Delayed,4846,2696.45,7720,5023.55
SHP_107371,SO_104133,WH_08,Road,18-07-2024,2024/07/25,5,7.0,Delayed,2770,9606.84,47129,37522.16
SHP_107372,SO_105968,WH_04,Rail,14-05-2024,2024/05/18,7,,Delayed,4466,5106.35,13495,8388.65
SHP_107373,SO_102681,WH_03,Sea,31-01-2024,2024/02/06,3,6.0,Delayed,2343,8855.31,24174,15318.69
SHP_107374,SO_100686,WH_13,Road,25-07-2024,2024/08/02,3,8.0,Delayed,2439,16723.23,46587,29863.77
SHP_107375,SO_101786,WH_01,Air,07-03-2024,2024/03/17,7,10.0,Delayed,322,10659.99,47348,36688.01
SHP_107376,SO_104872,WH_09,Sea,03-04-2024,2024/04/07,4,4.0,On Time,3905,3937.02,18224,14286.98
SHP_107377,SO_109734,WH_15,Rail,30-10-2024,2024/11/01,5,2.0,On Time,2687,17452.14,47825,30372.86
SHP_107378,SO_102599,WH_05,Air,13-02-2024,2024/02/16,5,3.0,On Time,510,14369.8,36766,22396.2
SHP_107379,SO_103354,WH_10,Sea,22-03-2024,2024/03/29,6,7.0,Delayed,2846,7931.86,21577,13645.14
SHP_107380,SO_104425,WH_15,Sea,24-07-2024,2024/07/26,7,2.0,On Time,236,8381.39,33237,24855.61
SHP_107381,SO_102643,WH_11,Rail,08-04-2024,2024/04/15,3,,Delayed,3375,3627.08,14839,11211.92
SHP_107382,SO_100543,WH_12,Road,24-03-2024,2024/03/31,6,7.0,Delayed,1213,2274.2,10930,8655.8
SHP_107383,SO_101978,WH_15,Air,17-09-2024,2024/09/25,3,8.0,Delayed,4924,8314.59,26831,18516.41
SHP_107384,SO_106248,WH_06,Rail,19-08-2024,2024/08/21,5,2.0,On Time,1650,10221.43,34610,24388.57
SHP_107385,SO_102235,WH_12,Sea,26-09-2024,2024/09/28,7,2.0,On Time,2017,10298.33,35040,24741.67
SHP_107386,SO_104918,WH_14,Air,18-05-2024,2024/05/27,4,9.0,Delayed,231,13677.86,41616,27938.14
SHP_107387,SO_102196,WH_15,Air,22-11-2024,2024/12/02,5,10.0,Delayed,3350,5483.44,23248,17764.56
SHP_107388,SO_109818,WH_06,Rail,04-09-2024,2024/09/12,3,8.0,Delayed,2157,6980.03,29222,22241.97
SHP_107389,SO_105822,WH_08,Rail,22-08-2024,2024/08/26,5,4.0,On Time,1068,10185.67,27043,16857.33
SHP_107390,SO_107929,WH_06,Sea,26-02-2024,2024/03/04,4,7.0,Delayed,2296,17465.17,47470,30004.83
SHP_107391,SO_102218,WH_03,Sea,22-05-2024,2024/05/29,7,7.0,On Time,3469,2149.57,7498,5348.43
SHP_107392,SO_106378,WH_07,Sea,16-06-2024,2024/06/23,5,7.0,Delayed,1578,9886.92,33410,23523.08
SHP_107393,SO_103176,WH_12,Air,13-08-2024,2024/08/23,7,10.0,Delayed,2577,1688.23,6772,5083.77
SHP_107394,SO_107598,WH_10,Sea,09-05-2024,2024/05/11,6,,Delayed,3339,9591.69,27326,17734.31
SHP_107395,SO_103022,WH_12,Road,05-04-2024,2024/04/10,3,5.0,Delayed,1416,9596.47,45584,35987.53
SHP_107396,SO_101911,WH_04,Sea,01-10-2024,2024/10/07,3,6.0,Delayed,3948,17890.74,49657,31766.26
SHP_107397,SO_100449,WH_02,Air,27-01-2024,2024/02/06,6,,Delayed,2208,11117.6,47592,36474.4
SHP_107398,SO_103109,WH_07,Road,05-03-2024,2024/03/10,4,5.0,Delayed,1519,7816.97,33288,25471.03
SHP_107399,SO_102225,WH_07,Air,13-08-2024,2024/08/23,3,10.0,Delayed,3641,-5029.88,14058,19087.88
SHP_107400,SO_107283,WH_03,Air,22-12-2024,2024/12/27,7,5.0,On Time,2520,13189.26,33144,19954.74
SHP_107401,SO_107535,WH_11,Rail,11-03-2024,2024/03/17,3,6.0,Delayed,979,7556.63,27195,19638.37
SHP_107402,SO_103148,WH_08,Rail,11-08-2024,2024/08/15,6,4.0,On Time,2637,5048.49,14260,9211.51
SHP_107403,SO_101787,WH_13,Sea,02-06-2024,2024/06/09,4,7.0,Delayed,2895,12416.94,41402,28985.06
SHP_107404,SO_102444,WH_06,Sea,28-08-2024,2024/09/05,5,8.0,Delayed,2191,5912.83,17870,11957.17
SHP_107405,SO_105809,WH_03,Sea,15-03-2024,2024/03/23,7,8.0,Delayed,1116,1813.56,5651,3837.44
SHP_107406,SO_106209,WH_06,Air,28-05-2024,2024/06/01,6,4.0,On Time,3287,-16147.5,47845,63992.5
SHP_107407,SO_108204,WH_13,Sea,22-06-2024,2024/06/24,4,2.0,On Time,2683,8539.36,36692,28152.64
SHP_107408,SO_109636,WH_01,Sea,14-07-2024,2024/07/19,3,5.0,Delayed,1504,3232.8,9689,6456.2
SHP_107409,SO_109798,WH_15,Air,04-04-2024,2024/04/12,7,8.0,Delayed,942,6553.43,20995,14441.57
SHP_107410,SO_106081,WH_10,Sea,25-10-2024,2024/10/29,4,4.0,On Time,424,15968.23,43908,27939.77
SHP_107411,SO_109794,WH_09,Sea,06-12-2024,2024/12/10,4,4.0,On Time,3440,10366.0,34263,23897.0
SHP_107412,SO_100098,WH_08,Road,16-12-2024,2024/12/26,5,10.0,Delayed,4747,11614.57,37377,25762.43
SHP_107413,SO_102869,WH_14,Road,18-02-2024,2024/02/27,3,9.0,Delayed,3447,14828.17,45741,30912.83
SHP_107414,SO_108663,WH_09,Rail,12-08-2024,2024/08/17,3,5.0,Delayed,2109,8284.07,30999,22714.93
SHP_107415,SO_108045,WH_02,Sea,29-04-2024,2024/05/07,7,8.0,Delayed,2627,5500.67,26356,20855.33
SHP_107416,SO_100932,WH_04,Rail,19-09-2024,2024/09/29,6,10.0,Delayed,1192,17399.13,47268,29868.87
SHP_107417,SO_108113,WH_06,Sea,25-05-2024,2024/05/27,6,2.0,On Time,3257,14395.28,42684,28288.72
SHP_107418,SO_105420,WH_09,Sea,25-05-2024,2024/05/30,5,5.0,On Time,800,9564.3,26933,17368.7
SHP_107419,SO_108807,WH_05,Air,12-02-2024,2024/02/19,5,7.0,Delayed,4563,9228.82,27819,18590.18
SHP_107420,SO_101332,WH_05,Sea,12-10-2024,2024/10/21,3,9.0,Delayed,2850,15781.62,41949,26167.38
SHP_107421,SO_102716,WH_07,Rail,29-06-2024,2024/07/04,3,5.0,Delayed,3192,8600.76,24794,16193.24
SHP_107422,SO_108504,WH_07,Air,25-06-2024,2024/07/03,5,8.0,Delayed,3591,5209.32,14317,9107.68
SHP_107423,SO_109229,WH_06,Air,24-09-2024,2024/10/01,5,7.0,Delayed,202,1762.54,6114,4351.46
SHP_107424,SO_106234,WH_06,Air,22-09-2024,2024/09/28,7,6.0,On Time,1009,4547.34,15730,11182.66
SHP_107425,SO_108165,WH_10,Road,29-12-2024,2025/01/02,4,4.0,On Time,1902,5031.62,19089,14057.38
SHP_107426,SO_101422,WH_13,Sea,10-07-2024,2024/07/15,5,5.0,On Time,1663,9143.66,28918,19774.34
SHP_107427,SO_100344,WH_08,Rail,10-04-2024,2024/04/12,6,2.0,On Time,3253,10910.66,46125,35214.34
SHP_107428,SO_109658,WH_09,Road,25-02-2024,2024/03/02,6,6.0,On Time,1945,3061.28,11018,7956.72
SHP_107429,SO_100765,WH_02,Sea,23-01-2024,2024/01/31,5,8.0,Delayed,2887,4796.92,23780,18983.08
SHP_107430,SO_109248,WH_14,Sea,06-05-2024,2024/05/09,6,3.0,On Time,2952,8488.42,38916,30427.58
SHP_107431,SO_106480,WH_11,Road,21-07-2024,2024/07/24,3,3.0,On Time,2993,7817.84,37420,29602.16
SHP_107432,SO_107785,WH_03,Air,27-06-2024,2024/07/07,4,10.0,Delayed,1200,8937.02,29223,20285.98
SHP_107433,SO_109883,WH_13,Sea,31-07-2024,2024/08/10,4,10.0,Delayed,4915,4291.74,12133,7841.26
SHP_107434,SO_109659,WH_08,Sea,22-04-2024,2024/04/24,4,2.0,On Time,1193,5737.61,15962,10224.39
SHP_107435,SO_104522,WH_01,Air,07-06-2024,2024/06/15,4,8.0,Delayed,1215,3563.5,12225,8661.5
SHP_107436,SO_102981,WH_03,Air,06-09-2024,2024/09/14,4,8.0,Delayed,1944,9358.33,41926,32567.67
SHP_107437,SO_105770,WH_11,Sea,20-07-2024,2024/07/29,7,9.0,Delayed,2579,12576.02,43609,31032.98
SHP_107438,SO_104788,WH_08,Rail,19-03-2024,2024/03/25,4,6.0,Delayed,3069,9757.58,46271,36513.42
SHP_107439,SO_109311,WH_14,Sea,09-07-2024,2024/07/17,5,8.0,Delayed,2328,9151.98,30025,20873.02
SHP_107440,SO_101505,WH_05,Air,09-12-2024,2024/12/19,3,10.0,Delayed,4532,8947.86,38173,29225.14
SHP_107441,SO_101436,WH_01,Air,12-08-2024,2024/08/18,6,6.0,On Time,4824,8928.91,36347,27418.09
SHP_107442,SO_105677,WH_10,Rail,03-09-2024,2024/09/09,5,6.0,Delayed,4188,4350.87,13514,9163.13
SHP_107443,SO_105686,WH_14,Road,30-09-2024,2024/10/09,7,9.0,Delayed,4328,8839.48,35956,27116.52
SHP_107444,SO_103431,WH_07,Rail,06-03-2024,2024/03/12,4,6.0,Delayed,1669,10058.42,27207,17148.58
SHP_107445,SO_107220,WH_13,Road,06-06-2024,2024/06/10,5,4.0,On Time,2324,15333.05,48736,33402.95
SHP_107446,SO_101122,WH_15,Road,12-03-2024,2024/03/16,4,4.0,On Time,1120,12907.71,40050,27142.29
SHP_107447,SO_100802,WH_01,Road,18-08-2024,2024/08/20,3,2.0,On Time,4383,15666.16,49233,33566.84
SHP_107448,SO_107721,WH_06,Air,25-01-2024,2024/02/02,3,8.0,Delayed,2932,10142.47,41040,30897.53
SHP_107449,SO_107014,WH_07,Sea,07-07-2024,2024/07/11,4,4.0,On Time,221,13303.64,43943,30639.36
SHP_107450,SO_107613,WH_10,Sea,10-02-2024,2024/02/20,5,10.0,Delayed,2859,10925.82,28296,17370.18
SHP_107451,SO_107282,WH_05,Rail,21-01-2024,2024/01/24,4,3.0,On Time,217,5463.89,18294,12830.11
SHP_107452,SO_104119,WH_07,Rail,21-06-2024,2024/06/30,7,9.0,Delayed,2667,11420.93,46440,35019.07
SHP_107453,SO_102219,WH_09,Sea,26-07-2024,2024/07/29,5,3.0,On Time,314,3088.37,12018,8929.63
SHP_107454,SO_103224,WH_04,Sea,18-06-2024,2024/06/26,5,8.0,Delayed,3658,9450.49,24175,14724.51
SHP_107455,SO_104334,WH_03,Rail,11-07-2024,2024/07/14,7,3.0,On Time,3763,9793.1,25062,15268.9
SHP_107456,SO_105574,WH_14,Road,23-04-2024,2024/05/01,7,8.0,Delayed,1283,7428.82,22563,15134.18
SHP_107457,SO_109964,WH_08,Sea,30-07-2024,2024/08/07,3,8.0,Delayed,4564,-3565.19,16804,20369.19
SHP_107458,SO_103433,WH_01,Road,07-11-2024,2024/11/09,3,2.0,On Time,4953,10271.62,28179,17907.38
SHP_107459,SO_102290,WH_09,Road,05-03-2024,2024/03/09,4,4.0,On Time,1154,3368.08,10498,7129.92
SHP_107460,SO_101101,WH_04,Air,30-04-2024,2024/05/07,7,7.0,On Time,3522,3764.82,17297,13532.18
SHP_107461,SO_108893,WH_12,Road,14-05-2024,2024/05/19,5,5.0,On Time,3565,2687.39,8688,6000.61
SHP_107462,SO_100109,WH_12,Sea,08-02-2024,2024/02/14,4,6.0,Delayed,238,13709.14,34350,20640.86
SHP_107463,SO_102817,WH_11,Air,08-10-2024,2024/10/13,4,5.0,Delayed,2809,6319.21,17476,11156.79
SHP_107464,SO_103742,WH_03,Rail,17-06-2024,2024/06/26,3,,Delayed,614,5883.66,17572,11688.34
SHP_107465,SO_101284,WH_12,Rail,26-05-2024,2024/06/03,6,8.0,Delayed,1329,4263.89,17402,13138.11
SHP_107466,SO_108269,WH_01,Sea,15-05-2024,2024/05/20,3,5.0,Delayed,369,2920.9,10843,7922.1
SHP_107467,SO_100465,WH_03,Air,18-02-2024,2024/02/25,3,7.0,Delayed,2850,4433.78,13756,9322.22
SHP_107468,SO_106457,WH_08,Rail,03-02-2024,2024/02/10,3,7.0,Delayed,1826,9290.86,25289,15998.14
SHP_107469,SO_100656,WH_07,Road,04-02-2024,2024/02/06,6,2.0,On Time,302,5836.21,26064,20227.79
SHP_107470,SO_107912,WH_06,Road,27-04-2024,2024/05/04,7,7.0,On Time,1815,5540.54,26552,21011.46
SHP_107471,SO_100654,WH_14,Sea,16-05-2024,2024/05/22,3,6.0,Delayed,2095,13219.8,38494,25274.2
SHP_107472,SO_105949,WH_11,Sea,10-02-2024,2024/02/12,4,2.0,On Time,1291,5019.79,19009,13989.21
SHP_107473,SO_109737,WH_02,Air,20-08-2024,2024/08/23,4,3.0,On Time,2954,6424.82,19122,12697.18
SHP_107474,SO_109511,WH_10,Sea,02-02-2024,2024/02/04,6,2.0,On Time,2915,11824.26,32847,21022.74
SHP_107475,SO_104803,WH_05,Sea,30-12-2024,2025/01/03,5,4.0,On Time,4976,2763.19,10553,7789.81
SHP_107476,SO_101361,WH_08,Road,27-11-2024,2024/11/30,4,3.0,On Time,450,6663.96,24138,17474.04
SHP_107477,SO_109125,WH_15,Rail,05-10-2024,2024/10/07,6,2.0,On Time,1200,12492.58,34258,21765.42
SHP_107478,SO_102097,WH_04,Air,05-06-2024,2024/06/13,7,8.0,Delayed,3446,10210.86,37098,26887.14
SHP_107479,SO_103647,WH_05,Air,24-07-2024,2024/08/02,5,9.0,Delayed,3244,2762.95,9949,7186.05
SHP_107480,SO_101104,WH_12,Air,14-02-2024,2024/02/23,4,9.0,Delayed,3008,4770.85,14206,9435.15
SHP_107481,SO_100196,WH_01,Sea,07-08-2024,2024/08/16,4,9.0,Delayed,1698,5968.99,16569,10600.01
SHP_107482,SO_108008,WH_10,Air,20-10-2024,2024/10/27,4,7.0,Delayed,814,15885.95,45353,29467.05
SHP_107483,SO_101979,WH_11,Rail,06-08-2024,2024/08/08,5,2.0,On Time,4195,12565.56,40272,27706.44
SHP_107484,SO_103965,WH_06,Air,14-09-2024,2024/09/17,4,3.0,On Time,360,2255.48,10273,8017.52
SHP_107485,SO_106825,WH_15,Road,03-03-2024,2024/03/06,7,3.0,On Time,3689,4449.41,12665,8215.59
SHP_107486,SO_105123,WH_09,Air,02-08-2024,2024/08/04,4,2.0,On Time,2018,12966.45,48836,35869.55
SHP_107487,SO_100927,WH_11,Rail,15-07-2024,2024/07/22,4,7.0,Delayed,2590,2425.62,6310,3884.38
SHP_107488,SO_105496,WH_13,Sea,30-04-2024,2024/05/08,3,8.0,Delayed,989,11905.94,37698,25792.06
SHP_107489,SO_104838,WH_01,Road,18-01-2024,2024/01/24,6,6.0,On Time,899,14908.37,40544,25635.63
SHP_107490,SO_109864,WH_06,Rail,21-12-2024,2024/12/25,3,4.0,Delayed,3220,6399.59,20684,14284.41
SHP_107491,SO_109767,WH_12,Air,03-04-2024,2024/04/06,3,3.0,On Time,3072,6972.73,19939,12966.27
SHP_107492,SO_108684,WH_12,Air,13-05-2024,2024/05/17,4,4.0,On Time,565,13760.71,38391,24630.29
SHP_107493,SO_103817,WH_06,Sea,22-10-2024,2024/10/28,5,6.0,Delayed,3706,7576.09,33923,26346.91
SHP_107494,SO_108010,WH_09,Road,10-03-2024,2024/03/20,7,10.0,Delayed,990,2015.71,7681,5665.29
SHP_107495,SO_108870,WH_10,Sea,16-01-2024,2024/01/25,5,9.0,Delayed,2071,13338.6,37896,24557.4
SHP_107496,SO_103837,WH_03,Air,09-09-2024,2024/09/18,7,9.0,Delayed,4533,12369.86,42527,30157.14
SHP_107497,SO_100715,WH_11,Sea,18-04-2024,2024/04/23,3,5.0,Delayed,2672,7701.69,27004,19302.31
SHP_107498,SO_105991,WH_11,Air,15-04-2024,2024/04/24,6,9.0,Delayed,973,13651.99,38434,24782.01
SHP_107499,SO_103473,WH_02,Sea,19-03-2024,2024/03/23,3,4.0,Delayed,335,10195.99,33900,23704.01
SHP_107500,SO_105524,WH_01,Rail,11-11-2024,2024/11/16,3,5.0,Delayed,2776,10328.94,47977,37648.06
SHP_107501,SO_100793,WH_11,Air,16-12-2024,2024/12/26,7,10.0,Delayed,3647,3335.5,15525,12189.5
SHP_107502,SO_102749,WH_06,Road,03-06-2024,2024/06/06,5,3.0,On Time,4131,13054.77,34863,21808.23
SHP_107503,SO_105356,WH_05,Air,24-05-2024,2024/06/02,3,9.0,Delayed,506,9377.15,27147,17769.85
SHP_107504,SO_107466,WH_06,Rail,28-05-2024,2024/06/03,7,6.0,On Time,946,9822.25,25720,15897.75
SHP_107505,SO_100479,WH_03,Rail,25-01-2024,2024/01/31,3,6.0,Delayed,4270,6332.93,17041,10708.07
SHP_107506,SO_106867,WH_15,Rail,15-12-2024,2024/12/23,3,8.0,Delayed,1306,8180.89,25232,17051.11
SHP_107507,SO_103210,WH_15,Road,28-10-2024,2024/11/04,3,7.0,Delayed,4082,10137.85,44672,34534.15
SHP_107508,SO_108601,WH_02,Air,06-10-2024,2024/10/14,6,8.0,Delayed,1378,7445.39,26537,19091.61
SHP_107509,SO_102306,WH_04,Rail,04-07-2024,2024/07/12,4,8.0,Delayed,1024,6914.62,26011,19096.38
SHP_107510,SO_108971,WH_14,Air,31-01-2024,2024/02/02,5,2.0,On Time,2117,9198.81,33406,24207.19
SHP_107511,SO_107571,WH_08,Road,01-10-2024,2024/10/06,5,5.0,On Time,1332,-4961.71,21915,26876.71
SHP_107512,SO_102905,WH_11,Air,31-05-2024,2024/06/10,6,10.0,Delayed,814,12794.16,39708,26913.84
SHP_107513,SO_106040,WH_15,Sea,24-02-2024,2024/02/29,6,5.0,On Time,4553,8291.69,22368,14076.31
SHP_107514,SO_109552,WH_14,Air,08-10-2024,2024/10/13,7,5.0,On Time,4479,10456.0,37239,26783.0
SHP_107515,SO_106881,WH_14,Air,26-10-2024,2024/10/31,4,5.0,Delayed,4476,3646.94,16819,13172.06
SHP_107516,SO_101043,WH_14,Road,11-11-2024,2024/11/20,4,9.0,Delayed,513,15601.51,45984,30382.49
SHP_107517,SO_109354,WH_07,Air,16-08-2024,2024/08/18,6,2.0,On Time,2752,6115.94,22900,16784.06
SHP_107518,SO_104534,WH_09,Air,24-10-2024,2024/10/30,3,6.0,Delayed,4971,10800.71,38284,27483.29
SHP_107519,SO_109171,WH_01,Road,19-11-2024,2024/11/21,6,2.0,On Time,1962,3462.67,14094,10631.33
SHP_107520,SO_103834,WH_06,Air,15-08-2024,2024/08/21,4,6.0,Delayed,2982,15022.92,38321,23298.08
SHP_107521,SO_107455,WH_04,Sea,05-11-2024,2024/11/12,6,7.0,Delayed,3945,7643.33,34264,26620.67
SHP_107522,SO_101553,WH_09,Road,08-06-2024,2024/06/16,6,8.0,Delayed,4377,7399.83,34725,27325.17
SHP_107523,SO_108140,WH_10,Sea,17-06-2024,2024/06/21,6,4.0,On Time,4685,11896.4,38503,26606.6
SHP_107524,SO_100906,WH_06,Sea,26-09-2024,2024/09/29,5,3.0,On Time,4131,15615.61,47254,31638.39
SHP_107525,SO_109737,WH_06,Air,21-04-2024,2024/04/27,4,6.0,Delayed,1765,17459.69,45365,27905.31
SHP_107526,SO_106829,WH_05,Rail,27-05-2024,2024/06/02,7,6.0,On Time,875,-3935.44,13367,17302.44
SHP_107527,SO_103231,WH_14,Sea,17-12-2024,2024/12/26,5,9.0,Delayed,3297,4451.35,21970,17518.65
SHP_107528,SO_104304,WH_02,Air,04-05-2024,2024/05/06,6,,Delayed,1917,9745.6,47147,37401.4
SHP_107529,SO_109452,WH_13,Sea,07-04-2024,2024/04/15,5,8.0,Delayed,2347,11651.76,33730,22078.24
SHP_107530,SO_101223,WH_14,Air,03-05-2024,2024/05/09,5,6.0,Delayed,502,4612.45,14318,9705.55
SHP_107531,SO_104576,WH_12,Rail,08-03-2024,2024/03/16,5,8.0,Delayed,3269,2878.6,10722,7843.4
SHP_107532,SO_108992,WH_15,Air,14-03-2024,2024/03/17,7,3.0,On Time,3958,7329.77,26559,19229.23
SHP_107533,SO_100794,WH_03,Rail,22-05-2024,2024/05/27,5,5.0,On Time,3005,-8889.83,32209,41098.83
SHP_107534,SO_104844,WH_08,Road,13-06-2024,2024/06/23,3,10.0,Delayed,4309,4097.52,11470,7372.48
SHP_107535,SO_109698,WH_15,Air,01-10-2024,2024/10/07,7,6.0,On Time,2277,10999.75,31036,20036.25
SHP_107536,SO_109390,WH_14,Rail,29-04-2024,2024/05/04,3,5.0,Delayed,212,4650.07,20423,15772.93
SHP_107537,SO_105869,WH_02,Sea,21-09-2024,2024/09/30,7,9.0,Delayed,1585,5647.87,15059,9411.13
SHP_107538,SO_102123,WH_06,Sea,27-11-2024,2024/12/06,7,9.0,Delayed,2500,1702.95,6886,5183.05
SHP_107539,SO_104961,WH_07,Sea,12-02-2024,2024/02/18,5,6.0,Delayed,1302,4737.95,16992,12254.05
SHP_107540,SO_102884,WH_09,Air,08-09-2024,2024/09/16,5,8.0,Delayed,4070,7424.69,22852,15427.31
SHP_107541,SO_102777,WH_15,Road,10-04-2024,2024/04/17,6,7.0,Delayed,4716,11646.23,34399,22752.77
SHP_107542,SO_100300,WH_02,Air,12-04-2024,2024/04/18,4,6.0,Delayed,3784,14271.89,47404,33132.11
SHP_107543,SO_106744,WH_13,Sea,26-01-2024,2024/02/05,7,10.0,Delayed,1597,11322.3,30032,18709.7
SHP_107544,SO_106735,WH_08,Sea,12-11-2024,2024/11/19,4,7.0,Delayed,2348,7282.88,20717,13434.12
SHP_107545,SO_101556,WH_01,Road,25-05-2024,2024/05/30,3,5.0,Delayed,3031,1860.15,8394,6533.85
SHP_107546,SO_101328,WH_08,Sea,30-05-2024,2024/06/02,7,3.0,On Time,3235,6075.57,24135,18059.43
SHP_107547,SO_109639,WH_04,Air,23-07-2024,2024/07/27,6,4.0,On Time,3539,10650.65,29522,18871.35
SHP_107548,SO_104220,WH_05,Rail,09-11-2024,2024/11/15,7,6.0,On Time,2628,5724.69,15801,10076.31
SHP_107549,SO_103843,WH_04,Air,18-01-2024,2024/01/21,5,3.0,On Time,2541,13642.31,41106,27463.69
SHP_107550,SO_101405,WH_12,Sea,28-02-2024,2024/03/04,5,5.0,On Time,2382,6817.84,17274,10456.16
SHP_107551,SO_100008,WH_09,Road,04-06-2024,2024/06/11,3,7.0,Delayed,4563,3741.5,14598,10856.5
SHP_107552,SO_104534,WH_05,Sea,23-04-2024,2024/05/01,6,8.0,Delayed,4870,10124.31,25658,15533.69
SHP_107553,SO_108020,WH_10,Sea,29-06-2024,2024/07/09,5,10.0,Delayed,1030,11856.06,29719,17862.94
SHP_107554,SO_104321,WH_13,Sea,06-02-2024,2024/02/09,7,3.0,On Time,1174,2691.36,7513,4821.64
SHP_107555,SO_102674,WH_02,Rail,26-08-2024,2024/09/05,5,,Delayed,2049,6884.55,25549,18664.45
SHP_107556,SO_101420,WH_08,Rail,09-05-2024,2024/05/19,3,10.0,Delayed,1511,14653.25,44005,29351.75
SHP_107557,SO_100551,WH_07,Sea,24-03-2024,2024/03/27,3,3.0,On Time,2593,13159.94,37335,24175.06
SHP_107558,SO_105030,WH_03,Road,12-04-2024,2024/04/18,6,6.0,On Time,2792,13878.5,36610,22731.5
SHP_107559,SO_106100,WH_03,Rail,16-08-2024,2024/08/18,6,2.0,On Time,3906,5823.66,16178,10354.34
SHP_107560,SO_109715,WH_03,Air,27-04-2024,2024/04/29,3,2.0,On Time,4193,12838.06,35413,22574.94
SHP_107561,SO_109716,WH_12,Air,03-09-2024,2024/09/09,4,6.0,Delayed,534,9804.37,30275,20470.63
SHP_107562,SO_106499,WH_11,Sea,24-01-2024,2024/02/03,6,10.0,Delayed,3696,13362.85,34946,21583.15
SHP_107563,SO_101125,WH_08,Sea,14-03-2024,2024/03/24,5,10.0,Delayed,3593,6829.66,20588,13758.34
SHP_107564,SO_105494,WH_02,Road,19-03-2024,2024/03/21,7,2.0,On Time,1412,13736.57,38687,24950.43
SHP_107565,SO_108071,WH_07,Air,02-02-2024,2024/02/10,7,8.0,Delayed,890,12489.57,40042,27552.43
SHP_107566,SO_104205,WH_14,Sea,25-01-2024,2024/01/29,5,4.0,On Time,692,13985.16,47362,33376.84
SHP_107567,SO_103128,WH_05,Road,08-10-2024,2024/10/11,6,3.0,On Time,2903,4144.42,15823,11678.58
SHP_107568,SO_103503,WH_11,Road,30-11-2024,2024/12/07,4,7.0,Delayed,4381,5939.18,18808,12868.82
SHP_107569,SO_106658,WH_07,Road,07-09-2024,2024/09/15,5,8.0,Delayed,3446,11131.52,29136,18004.48
SHP_107570,SO_103020,WH_11,Rail,22-10-2024,2024/10/27,3,5.0,Delayed,626,3542.53,14132,10589.47
SHP_107571,SO_106069,WH_04,Road,09-06-2024,2024/06/11,7,2.0,On Time,4642,8415.1,35871,27455.9
SHP_107572,SO_106650,WH_12,Sea,19-06-2024,2024/06/22,3,3.0,On Time,3320,8265.6,39345,31079.4
SHP_107573,SO_100823,WH_04,Air,01-12-2024,2024/12/03,4,2.0,On Time,3529,2453.46,9606,7152.54
SHP_107574,SO_100794,WH_03,Road,22-07-2024,2024/07/24,6,2.0,On Time,3586,7046.99,30254,23207.01
SHP_107575,SO_100061,WH_12,Sea,22-04-2024,2024/04/30,4,8.0,Delayed,4007,5049.68,15466,10416.32
SHP_107576,SO_100024,WH_13,Sea,27-04-2024,2024/05/02,5,5.0,On Time,400,-1287.22,5759,7046.22
SHP_107577,SO_104247,WH_03,Sea,08-06-2024,2024/06/14,3,6.0,Delayed,1042,8315.72,22407,14091.28
SHP_107578,SO_104568,WH_04,Sea,21-05-2024,2024/05/31,6,10.0,Delayed,4555,8972.09,44450,35477.91
SHP_107579,SO_101151,WH_04,Rail,17-03-2024,2024/03/24,4,7.0,Delayed,3193,11291.22,38351,27059.78
SHP_107580,SO_104035,WH_03,Road,03-01-2024,2024/01/07,5,4.0,On Time,2484,10538.73,37787,27248.27
SHP_107581,SO_101879,WH_01,Sea,26-09-2024,2024/10/03,6,7.0,Delayed,237,11334.56,40299,28964.44
SHP_107582,SO_107534,WH_07,Road,10-11-2024,2024/11/16,7,6.0,On Time,2283,7278.24,35289,28010.76
SHP_107583,SO_105043,WH_07,Road,27-05-2024,2024/06/05,4,9.0,Delayed,845,7597.55,33607,26009.45
SHP_107584,SO_100693,WH_06,Rail,11-08-2024,2024/08/15,3,4.0,Delayed,321,16186.28,47100,30913.72
SHP_107585,SO_106210,WH_14,Road,08-01-2024,2024/01/13,6,5.0,On Time,4416,2873.25,9887,7013.75
SHP_107586,SO_106212,WH_04,Air,07-09-2024,2024/09/16,5,9.0,Delayed,4653,12880.02,44150,31269.98
SHP_107587,SO_100387,WH_11,Road,25-05-2024,2024/06/04,6,10.0,Delayed,3818,12121.24,44910,32788.76
SHP_107588,SO_102415,WH_01,Sea,11-01-2024,2024/01/19,6,8.0,Delayed,2528,18212.28,45964,27751.72
SHP_107589,SO_101963,WH_06,Sea,08-01-2024,2024/01/15,5,7.0,Delayed,622,6672.37,28296,21623.63
SHP_107590,SO_108969,WH_15,Road,18-02-2024,2024/02/21,5,3.0,On Time,666,2738.62,9289,6550.38
SHP_107591,SO_101831,WH_12,Air,08-08-2024,2024/08/15,6,7.0,Delayed,593,4398.78,14923,10524.22
SHP_107592,SO_109436,WH_07,Sea,12-04-2024,2024/04/17,7,5.0,On Time,4134,4810.7,15200,10389.3
SHP_107593,SO_108184,WH_13,Air,06-04-2024,2024/04/16,4,,Delayed,3653,4252.73,13334,9081.27
SHP_107594,SO_105242,WH_14,Rail,20-07-2024,2024/07/24,3,4.0,Delayed,1710,11235.14,32135,20899.86
SHP_107595,SO_107127,WH_14,Rail,13-03-2024,2024/03/21,5,8.0,Delayed,1428,9144.4,33994,24849.6
SHP_107596,SO_109443,WH_03,Sea,28-03-2024,2024/04/06,7,9.0,Delayed,3254,17069.62,49676,32606.38
SHP_107597,SO_100329,WH_09,Sea,05-08-2024,2024/08/09,4,4.0,On Time,2801,1564.94,5128,3563.06
SHP_107598,SO_105081,WH_11,Air,20-03-2024,2024/03/25,4,5.0,Delayed,1762,7241.76,27158,19916.24
SHP_107599,SO_107407,WH_13,Air,05-03-2024,2024/03/11,6,6.0,On Time,1519,18039.3,47862,29822.7
SHP_107600,SO_100832,WH_05,Air,12-12-2024,2024/12/16,6,4.0,On Time,1702,6096.9,26591,20494.1
SHP_107601,SO_109856,WH_06,Sea,25-07-2024,2024/08/03,7,9.0,Delayed,3739,6283.55,19790,13506.45
SHP_107602,SO_109859,WH_01,Rail,11-06-2024,2024/06/14,6,3.0,On Time,1139,6841.16,17948,11106.84
SHP_107603,SO_108700,WH_07,Sea,28-02-2024,2024/03/07,6,8.0,Delayed,4913,19099.11,49834,30734.89
SHP_107604,SO_109997,WH_15,Sea,23-11-2024,2024/12/03,4,10.0,Delayed,3731,11025.63,45440,34414.37
SHP_107605,SO_102643,WH_15,Road,14-04-2024,2024/04/21,7,7.0,On Time,4740,9041.5,29338,20296.5
SHP_107606,SO_107938,WH_06,Road,16-04-2024,2024/04/22,4,6.0,Delayed,3630,15312.0,38422,23110.0
SHP_107607,SO_106245,WH_12,Road,10-04-2024,2024/04/19,7,9.0,Delayed,3631,13306.88,40331,27024.12
SHP_107608,SO_105461,WH_14,Air,24-11-2024,2024/11/28,5,4.0,On Time,622,5829.82,27744,21914.18
SHP_107609,SO_105879,WH_13,Road,13-06-2024,2024/06/16,5,3.0,On Time,616,-3175.97,11848,15023.97
SHP_107610,SO_105052,WH_07,Rail,25-06-2024,2024/07/03,4,8.0,Delayed,1036,5816.04,19862,14045.96
SHP_107611,SO_100867,WH_15,Air,04-05-2024,2024/05/12,5,8.0,Delayed,1524,8700.68,38171,29470.32
SHP_107612,SO_105629,WH_09,Rail,18-03-2024,2024/03/22,6,4.0,On Time,253,8875.49,27309,18433.51
SHP_107613,SO_103811,WH_07,Air,06-05-2024,2024/05/15,3,9.0,Delayed,4557,7608.43,29027,21418.57
SHP_107614,SO_104633,WH_10,Rail,26-08-2024,2024/09/02,6,7.0,Delayed,2186,12910.29,47899,34988.71
SHP_107615,SO_102000,WH_13,Road,23-08-2024,2024/08/25,3,2.0,On Time,1069,10779.78,44449,33669.22
SHP_107616,SO_105722,WH_01,Rail,09-12-2024,2024/12/12,5,3.0,On Time,3097,6449.84,25873,19423.16
SHP_107617,SO_108879,WH_04,Rail,04-01-2024,2024/01/09,5,5.0,On Time,4717,5595.02,23676,18080.98
SHP_107618,SO_101902,WH_03,Rail,17-06-2024,2024/06/23,4,6.0,Delayed,1244,3797.97,16518,12720.03
SHP_107619,SO_102695,WH_08,Road,11-10-2024,2024/10/17,6,6.0,On Time,3418,1269.1,5105,3835.9
SHP_107620,SO_107441,WH_08,Road,03-04-2024,2024/04/07,6,4.0,On Time,3807,14061.68,49085,35023.32
SHP_107621,SO_107006,WH_10,Rail,20-12-2024,2024/12/26,3,6.0,Delayed,2851,15937.71,45895,29957.29
SHP_107622,SO_107302,WH_14,Rail,30-01-2024,2024/02/04,6,5.0,On Time,4101,1287.0,6320,5033.0
SHP_107623,SO_106057,WH_09,Rail,25-11-2024,2024/11/27,3,,Delayed,4737,12946.47,49044,36097.53
SHP_107624,SO_106508,WH_08,Road,31-03-2024,2024/04/09,6,9.0,Delayed,1150,7802.08,24551,16748.92
SHP_107625,SO_109489,WH_11,Air,27-07-2024,2024/08/03,6,7.0,Delayed,2923,-12715.31,35115,47830.31
SHP_107626,SO_109763,WH_15,Sea,06-06-2024,2024/06/08,4,2.0,On Time,2432,11787.15,36548,24760.85
SHP_107627,SO_109291,WH_02,Air,11-01-2024,2024/01/19,5,8.0,Delayed,4338,15643.06,42033,26389.94
SHP_107628,SO_106867,WH_11,Road,25-09-2024,2024/10/01,7,6.0,On Time,544,9220.52,39851,30630.48
SHP_107629,SO_104224,WH_13,Road,24-05-2024,2024/06/03,7,10.0,Delayed,3996,7224.31,18859,11634.69
SHP_107630,SO_101711,WH_15,Road,18-11-2024,2024/11/27,4,9.0,Delayed,841,2956.45,9445,6488.55
SHP_107631,SO_107249,WH_02,Rail,08-03-2024,2024/03/18,5,10.0,Delayed,2112,4576.22,22477,17900.78
SHP_107632,SO_104074,WH_04,Road,01-09-2024,2024/09/05,4,4.0,On Time,4130,3158.39,14571,11412.61
SHP_107633,SO_106396,WH_07,Sea,01-08-2024,2024/08/11,4,10.0,Delayed,1068,11167.69,35788,24620.31
SHP_107634,SO_105062,WH_09,Sea,17-07-2024,2024/07/27,6,10.0,Delayed,706,8509.06,21599,13089.94
SHP_107635,SO_104459,WH_08,Rail,14-11-2024,2024/11/24,4,10.0,Delayed,4479,11372.36,47684,36311.64
SHP_107636,SO_102884,WH_06,Rail,05-09-2024,2024/09/08,7,3.0,On Time,1059,3714.56,13717,10002.44
SHP_107637,SO_103442,WH_02,Sea,02-08-2024,2024/08/08,3,6.0,Delayed,1164,9704.74,27212,17507.26
SHP_107638,SO_101484,WH_06,Air,20-03-2024,2024/03/27,5,7.0,Delayed,3319,4888.17,17408,12519.83
SHP_107639,SO_107900,WH_01,Road,16-07-2024,2024/07/20,6,4.0,On Time,2751,5550.83,23071,17520.17
SHP_107640,SO_107280,WH_15,Road,04-04-2024,2024/04/10,5,6.0,Delayed,508,3421.34,15300,11878.66
SHP_107641,SO_104932,WH_13,Rail,28-01-2024,2024/02/07,3,10.0,Delayed,4495,10782.88,49186,38403.12
SHP_107642,SO_108470,WH_03,Rail,10-09-2024,2024/09/17,5,7.0,Delayed,443,-10033.3,35678,45711.3
SHP_107643,SO_101857,WH_05,Air,02-08-2024,2024/08/04,6,2.0,On Time,4228,10950.28,40373,29422.72
SHP_107644,SO_103734,WH_15,Rail,09-10-2024,2024/10/16,7,7.0,On Time,333,13711.49,48643,34931.51
SHP_107645,SO_104919,WH_13,Air,28-05-2024,2024/06/07,3,10.0,Delayed,411,15799.79,42992,27192.21
SHP_107646,SO_101395,WH_07,Road,03-03-2024,2024/03/11,5,8.0,Delayed,809,11892.43,36984,25091.57
SHP_107647,SO_104510,WH_10,Sea,13-08-2024,2024/08/22,4,9.0,Delayed,4405,3110.07,12240,9129.93
SHP_107648,SO_104370,WH_13,Road,11-04-2024,2024/04/14,4,3.0,On Time,3353,1808.11,5014,3205.89
SHP_107649,SO_102610,WH_04,Sea,11-04-2024,2024/04/18,5,7.0,Delayed,3147,-3992.95,11336,15328.95
SHP_107650,SO_109229,WH_15,Road,14-09-2024,2024/09/19,4,5.0,Delayed,427,3583.7,14263,10679.3
SHP_107651,SO_105954,WH_11,Road,26-04-2024,2024/04/29,7,3.0,On Time,4664,13429.52,39311,25881.48
SHP_107652,SO_108618,WH_03,Road,30-05-2024,2024/06/07,5,8.0,Delayed,1311,1586.92,5451,3864.08
SHP_107653,SO_106788,WH_10,Sea,11-02-2024,2024/02/15,7,4.0,On Time,1241,3991.03,11772,7780.97
SHP_107654,SO_109337,WH_11,Sea,29-01-2024,2024/02/08,7,10.0,Delayed,3875,1163.58,5518,4354.42
SHP_107655,SO_109728,WH_09,Rail,04-07-2024,2024/07/09,5,5.0,On Time,2001,10523.8,49466,38942.2
SHP_107656,SO_104528,WH_04,Rail,20-08-2024,2024/08/30,7,10.0,Delayed,3951,10988.32,29867,18878.68
SHP_107657,SO_101067,WH_15,Sea,03-02-2024,2024/02/09,6,6.0,On Time,1397,3908.41,13058,9149.59
SHP_107658,SO_100273,WH_09,Air,12-07-2024,2024/07/20,6,8.0,Delayed,3390,2151.17,8348,6196.83
SHP_107659,SO_107637,WH_04,Air,18-06-2024,2024/06/22,3,4.0,Delayed,1708,11036.56,30323,19286.44
SHP_107660,SO_105282,WH_03,Sea,01-05-2024,2024/05/05,7,4.0,On Time,780,3786.67,12489,8702.33
SHP_107661,SO_101529,WH_02,Road,20-01-2024,2024/01/29,4,9.0,Delayed,2957,4666.19,22152,17485.81
SHP_107662,SO_101590,WH_08,Rail,09-02-2024,2024/02/17,4,8.0,Delayed,1300,5874.01,28503,22628.99
SHP_107663,SO_101163,WH_09,Rail,22-12-2024,2024/12/24,3,2.0,On Time,1651,7414.98,21431,14016.02
SHP_107664,SO_107880,WH_01,Road,30-08-2024,2024/09/05,5,6.0,Delayed,1928,3263.45,14030,10766.55
SHP_107665,SO_109072,WH_02,Road,11-10-2024,2024/10/13,6,2.0,On Time,4009,7485.14,37233,29747.86
SHP_107666,SO_104082,WH_09,Air,19-09-2024,2024/09/29,4,10.0,Delayed,1250,16193.58,48638,32444.42
SHP_107667,SO_108209,WH_11,Sea,20-10-2024,2024/10/27,6,7.0,Delayed,4200,14502.92,37641,23138.08
SHP_107668,SO_103134,WH_09,Sea,21-04-2024,2024/04/30,6,9.0,Delayed,2491,10343.94,27316,16972.06
SHP_107669,SO_109813,WH_10,Road,01-10-2024,2024/10/08,4,7.0,Delayed,3557,3359.44,12868,9508.56
SHP_107670,SO_100092,WH_05,Sea,08-06-2024,2024/06/11,5,3.0,On Time,3515,4448.12,14711,10262.88
SHP_107671,SO_104918,WH_02,Air,25-09-2024,2024/10/04,6,9.0,Delayed,2974,8401.12,35249,26847.88
SHP_107672,SO_101973,WH_11,Air,09-08-2024,2024/08/16,6,7.0,Delayed,2394,9407.18,25742,16334.82
SHP_107673,SO_106215,WH_09,Road,28-09-2024,2024/10/02,3,4.0,Delayed,2752,1401.11,6534,5132.89
SHP_107674,SO_103392,WH_08,Road,02-02-2024,2024/02/10,6,8.0,Delayed,2889,12294.58,36432,24137.42
SHP_107675,SO_101948,WH_03,Road,18-07-2024,2024/07/24,6,6.0,On Time,908,2993.68,11791,8797.32
SHP_107676,SO_101606,WH_01,Rail,30-09-2024,2024/10/02,7,2.0,On Time,425,9872.56,26565,16692.44
SHP_107677,SO_105624,WH_03,Road,02-06-2024,2024/06/12,6,10.0,Delayed,3712,6956.13,31056,24099.87
SHP_107678,SO_101177,WH_13,Air,06-02-2024,2024/02/11,6,5.0,On Time,4947,3925.3,15277,11351.7
SHP_107679,SO_107593,WH_01,Road,18-01-2024,2024/01/24,7,6.0,On Time,4531,13518.76,36317,22798.24
SHP_107680,SO_106530,WH_06,Air,09-10-2024,2024/10/14,3,5.0,Delayed,212,11162.73,36586,25423.27
SHP_107681,SO_102955,WH_09,Air,16-08-2024,2024/08/18,5,2.0,On Time,4104,11499.86,45980,34480.14
SHP_107682,SO_105813,WH_14,Air,23-11-2024,2024/12/01,3,8.0,Delayed,4358,13567.95,41801,28233.05
SHP_107683,SO_106559,WH_12,Rail,30-01-2024,2024/02/03,6,4.0,On Time,1870,15513.99,44141,28627.01
SHP_107684,SO_103703,WH_15,Rail,28-09-2024,2024/10/04,3,,Delayed,3424,12793.75,33955,21161.25
SHP_107685,SO_107345,WH_07,Air,10-11-2024,2024/11/17,7,7.0,On Time,1062,14712.31,40344,25631.69
SHP_107686,SO_106044,WH_10,Road,03-09-2024,2024/09/08,4,5.0,Delayed,4153,2546.61,6636,4089.39
SHP_107687,SO_103122,WH_10,Air,08-08-2024,2024/08/17,6,9.0,Delayed,2962,8601.04,33946,25344.96
SHP_107688,SO_102095,WH_15,Road,25-04-2024,2024/04/29,6,4.0,On Time,344,4015.73,12071,8055.27
SHP_107689,SO_109402,WH_13,Road,04-01-2024,2024/01/10,7,6.0,On Time,4614,5007.94,14957,9949.06
SHP_107690,SO_106286,WH_01,Road,26-12-2024,2025/01/01,7,6.0,On Time,2864,6209.88,20178,13968.12
SHP_107691,SO_106578,WH_14,Sea,14-06-2024,2024/06/19,7,5.0,On Time,3874,11871.01,38279,26407.99
SHP_107692,SO_105054,WH_04,Road,07-09-2024,2024/09/09,6,2.0,On Time,3407,13536.65,37558,24021.35
SHP_107693,SO_103738,WH_11,Road,19-03-2024,2024/03/21,4,2.0,On Time,1998,4644.07,20117,15472.93
SHP_107694,SO_107464,WH_05,Rail,03-07-2024,2024/07/10,7,7.0,On Time,1433,14255.07,40088,25832.93
SHP_107695,SO_108934,WH_13,Road,19-10-2024,2024/10/24,4,5.0,Delayed,2201,3098.19,8499,5400.81
SHP_107696,SO_103727,WH_14,Rail,21-12-2024,2024/12/29,7,8.0,Delayed,4521,3711.66,13481,9769.34
SHP_107697,SO_106660,WH_10,Air,02-10-2024,2024/10/06,7,4.0,On Time,1165,5481.77,14924,9442.23
SHP_107698,SO_106905,WH_10,Road,06-12-2024,2024/12/16,3,10.0,Delayed,4383,-6155.19,24816,30971.19
SHP_107699,SO_103947,WH_06,Rail,26-01-2024,2024/02/04,6,9.0,Delayed,2057,8090.82,20249,12158.18
SHP_107700,SO_105356,WH_10,Road,04-04-2024,2024/04/09,3,5.0,Delayed,4243,16421.87,42653,26231.13
SHP_107701,SO_108285,WH_06,Sea,13-05-2024,2024/05/23,4,10.0,Delayed,1340,12526.99,43726,31199.01
SHP_107702,SO_101598,WH_10,Sea,16-04-2024,2024/04/25,3,9.0,Delayed,1924,12275.51,42092,29816.49
SHP_107703,SO_105194,WH_09,Air,13-09-2024,2024/09/17,5,4.0,On Time,4778,4356.11,16099,11742.89
SHP_107704,SO_104558,WH_03,Road,01-08-2024,2024/08/08,7,,Delayed,4390,8067.63,33627,25559.37
SHP_107705,SO_107768,WH_08,Rail,22-08-2024,2024/08/25,5,3.0,On Time,1935,8168.08,29477,21308.92
SHP_107706,SO_102005,WH_04,Rail,13-09-2024,2024/09/20,5,7.0,Delayed,2754,11895.11,39703,27807.89
SHP_107707,SO_107572,WH_11,Sea,17-09-2024,2024/09/19,5,,Delayed,4693,8762.03,37193,28430.97
SHP_107708,SO_104207,WH_08,Air,22-08-2024,2024/08/29,7,7.0,On Time,596,5071.51,19468,14396.49
SHP_107709,SO_103448,WH_08,Air,06-12-2024,2024/12/09,7,3.0,On Time,3382,9054.2,39911,30856.8
SHP_107710,SO_102994,WH_12,Road,30-06-2024,2024/07/08,7,8.0,Delayed,2991,11605.23,39660,28054.77
SHP_107711,SO_102735,WH_12,Sea,15-10-2024,2024/10/25,4,10.0,Delayed,849,11770.69,30871,19100.31
SHP_107712,SO_106626,WH_08,Sea,31-01-2024,2024/02/07,7,7.0,On Time,942,14094.83,42640,28545.17
SHP_107713,SO_100765,WH_15,Road,16-03-2024,2024/03/23,3,7.0,Delayed,3260,2260.43,10018,7757.57
SHP_107714,SO_101084,WH_05,Air,19-12-2024,2024/12/26,3,7.0,Delayed,2430,11477.39,36489,25011.61
SHP_107715,SO_103350,WH_11,Rail,21-02-2024,2024/02/26,3,,Delayed,857,5439.6,13663,8223.4
SHP_107716,SO_109243,WH_11,Rail,17-07-2024,2024/07/25,5,8.0,Delayed,998,7388.59,28265,20876.41
SHP_107717,SO_100972,WH_08,Sea,18-07-2024,2024/07/27,6,9.0,Delayed,4720,2413.3,6731,4317.7
SHP_107718,SO_108938,WH_09,Sea,11-10-2024,2024/10/14,4,3.0,On Time,1674,9328.25,39194,29865.75
SHP_107719,SO_107843,WH_06,Sea,26-12-2024,2025/01/03,6,8.0,Delayed,3183,10521.55,31363,20841.45
SHP_107720,SO_109714,WH_14,Air,01-10-2024,2024/10/05,3,4.0,Delayed,1968,5658.41,18415,12756.59
SHP_107721,SO_105881,WH_12,Air,26-11-2024,2024/12/04,5,8.0,Delayed,1069,12872.92,33889,21016.08
SHP_107722,SO_105638,WH_12,Sea,30-04-2024,2024/05/03,3,3.0,On Time,3382,6412.48,31011,24598.52
SHP_107723,SO_101781,WH_07,Air,15-09-2024,2024/09/21,5,6.0,Delayed,3398,-14236.72,46344,60580.72
SHP_107724,SO_105116,WH_11,Rail,14-08-2024,2024/08/23,6,9.0,Delayed,2456,7626.1,20454,12827.9
SHP_107725,SO_102985,WH_06,Rail,08-03-2024,2024/03/13,4,5.0,Delayed,1333,16006.03,46563,30556.97
SHP_107726,SO_104280,WH_02,Rail,17-01-2024,2024/01/22,5,5.0,On Time,2533,4372.97,17034,12661.03
SHP_107727,SO_100873,WH_01,Rail,28-01-2024,2024/02/05,3,8.0,Delayed,4599,11105.06,32422,21316.94
SHP_107728,SO_108619,WH_09,Sea,10-10-2024,2024/10/13,6,3.0,On Time,853,9571.4,45929,36357.6
SHP_107729,SO_101288,WH_09,Road,26-07-2024,2024/08/03,6,8.0,Delayed,3087,7930.91,32612,24681.09
SHP_107730,SO_106528,WH_06,Air,16-09-2024,2024/09/26,3,10.0,Delayed,1575,11120.83,48859,37738.17
SHP_107731,SO_103876,WH_15,Road,11-08-2024,2024/08/14,6,3.0,On Time,3965,11544.84,49991,38446.16
SHP_107732,SO_100808,WH_13,Rail,07-12-2024,2024/12/13,3,6.0,Delayed,4365,9781.16,37501,27719.84
SHP_107733,SO_101838,WH_02,Air,28-08-2024,2024/09/04,4,7.0,Delayed,3871,1130.4,5283,4152.6
SHP_107734,SO_103878,WH_01,Air,17-04-2024,2024/04/25,6,8.0,Delayed,1666,9716.78,33887,24170.22
SHP_107735,SO_101174,WH_12,Road,13-01-2024,2024/01/19,7,6.0,On Time,1822,2593.37,6703,4109.63
SHP_107736,SO_101981,WH_14,Sea,25-02-2024,2024/03/03,7,7.0,On Time,3319,3889.52,17795,13905.48
SHP_107737,SO_102948,WH_08,Rail,16-09-2024,2024/09/22,6,6.0,On Time,4137,5316.93,26572,21255.07
SHP_107738,SO_101429,WH_14,Road,12-01-2024,2024/01/18,7,6.0,On Time,1025,4668.98,14549,9880.02
SHP_107739,SO_100005,WH_14,Rail,07-04-2024,2024/04/14,3,7.0,Delayed,2671,6132.71,21959,15826.29
SHP_107740,SO_105032,WH_11,Rail,12-11-2024,2024/11/18,4,6.0,Delayed,3230,7458.11,25611,18152.89
SHP_107741,SO_107404,WH_07,Sea,27-05-2024,2024/06/01,4,,Delayed,3126,5444.25,22582,17137.75
SHP_107742,SO_104279,WH_06,Rail,14-09-2024,2024/09/23,7,9.0,Delayed,2192,3375.62,14055,10679.38
SHP_107743,SO_104247,WH_15,Air,29-12-2024,2025/01/07,4,9.0,Delayed,1937,11217.63,44003,32785.37
SHP_107744,SO_101494,WH_05,Sea,15-08-2024,2024/08/23,3,8.0,Delayed,3937,10699.88,37637,26937.12
SHP_107745,SO_104164,WH_13,Air,13-11-2024,2024/11/15,7,2.0,On Time,3263,4416.59,17112,12695.41
SHP_107746,SO_102595,WH_07,Sea,31-03-2024,2024/04/05,5,5.0,On Time,3040,5228.62,18910,13681.38
SHP_107747,SO_103424,WH_02,Air,04-03-2024,2024/03/06,3,2.0,On Time,4107,3406.3,15184,11777.7
SHP_107748,SO_100125,WH_08,Road,03-10-2024,2024/10/13,6,10.0,Delayed,4213,2748.88,12384,9635.12
SHP_107749,SO_108788,WH_01,Sea,11-01-2024,2024/01/21,3,10.0,Delayed,4064,10678.43,32922,22243.57
SHP_107750,SO_102896,WH_13,Road,11-07-2024,2024/07/20,3,9.0,Delayed,4261,6589.45,24086,17496.55
SHP_107751,SO_109801,WH_02,Air,25-02-2024,2024/02/27,5,2.0,On Time,3472,5821.5,23143,17321.5
SHP_107752,SO_102393,WH_03,Rail,20-08-2024,2024/08/25,6,5.0,On Time,3161,15749.22,47351,31601.78
SHP_107753,SO_106825,WH_14,Road,02-09-2024,2024/09/09,6,7.0,Delayed,2435,5484.43,26621,21136.57
SHP_107754,SO_101847,WH_14,Road,21-05-2024,2024/05/29,5,8.0,Delayed,1583,14160.01,41810,27649.99
SHP_107755,SO_102215,WH_08,Rail,02-02-2024,2024/02/10,4,8.0,Delayed,4491,8799.62,24346,15546.38
SHP_107756,SO_102592,WH_01,Air,16-04-2024,2024/04/24,7,8.0,Delayed,4512,13236.95,35701,22464.05
SHP_107757,SO_108052,WH_09,Sea,13-07-2024,2024/07/18,7,5.0,On Time,3668,6970.07,28069,21098.93
SHP_107758,SO_101231,WH_10,Sea,27-03-2024,2024/04/02,5,6.0,Delayed,2685,11783.81,47859,36075.19
SHP_107759,SO_104763,WH_03,Air,01-01-2024,2024/01/04,4,3.0,On Time,706,7197.81,33957,26759.19
SHP_107760,SO_108447,WH_10,Sea,02-07-2024,2024/07/09,3,7.0,Delayed,3925,15190.01,42217,27026.99
SHP_107761,SO_101808,WH_06,Rail,04-10-2024,2024/10/10,5,6.0,Delayed,718,3854.81,14116,10261.19
SHP_107762,SO_108143,WH_13,Air,26-08-2024,2024/08/30,6,4.0,On Time,3016,11694.05,32877,21182.95
SHP_107763,SO_107812,WH_02,Air,30-12-2024,2025/01/01,5,2.0,On Time,2392,12275.22,48777,36501.78
SHP_107764,SO_109939,WH_08,Sea,08-01-2024,2024/01/13,6,5.0,On Time,1685,14966.65,41979,27012.35
SHP_107765,SO_105895,WH_12,Rail,25-07-2024,2024/08/02,3,8.0,Delayed,4326,17053.97,45237,28183.03
SHP_107766,SO_100469,WH_12,Rail,27-09-2024,2024/09/30,3,3.0,On Time,1139,7666.27,28125,20458.73
SHP_107767,SO_100090,WH_11,Rail,17-02-2024,2024/02/22,6,5.0,On Time,2420,2482.1,9853,7370.9
SHP_107768,SO_103244,WH_12,Air,23-01-2024,2024/01/31,4,8.0,Delayed,2970,3244.62,15085,11840.38
SHP_107769,SO_109979,WH_06,Sea,16-07-2024,2024/07/23,6,7.0,Delayed,1974,11932.8,31050,19117.2
SHP_107770,SO_107002,WH_08,Sea,16-01-2024,2024/01/23,7,7.0,On Time,2122,2688.64,11318,8629.36
SHP_107771,SO_108468,WH_05,Rail,18-02-2024,2024/02/20,3,2.0,On Time,1505,14109.55,46974,32864.45
SHP_107772,SO_100496,WH_08,Air,31-10-2024,2024/11/09,7,9.0,Delayed,3136,9056.23,29340,20283.77
SHP_107773,SO_100593,WH_02,Sea,22-11-2024,2024/11/24,6,2.0,On Time,1991,2286.39,6007,3720.61
SHP_107774,SO_107039,WH_06,Road,24-07-2024,2024/08/01,6,8.0,Delayed,3232,8866.95,26038,17171.05
SHP_107775,SO_106395,WH_15,Sea,07-02-2024,2024/02/17,5,10.0,Delayed,3154,10830.53,28168,17337.47
SHP_107776,SO_102749,WH_06,Air,20-06-2024,2024/06/30,5,10.0,Delayed,1337,1926.93,7666,5739.07
SHP_107777,SO_109944,WH_08,Rail,03-07-2024,2024/07/05,5,2.0,On Time,375,2407.77,6655,4247.23
SHP_107778,SO_100967,WH_06,Air,29-04-2024,2024/05/07,6,8.0,Delayed,766,8717.17,33913,25195.83
SHP_107779,SO_108056,WH_05,Sea,30-05-2024,2024/06/06,6,7.0,Delayed,4764,5882.74,27862,21979.26
SHP_107780,SO_107386,WH_05,Sea,09-06-2024,2024/06/14,4,5.0,Delayed,1565,9842.94,25812,15969.06
SHP_107781,SO_104682,WH_10,Road,09-03-2024,2024/03/17,6,8.0,Delayed,2245,6718.97,23558,16839.03
SHP_107782,SO_102750,WH_10,Road,18-11-2024,2024/11/27,3,9.0,Delayed,3110,6906.24,29099,22192.76
SHP_107783,SO_106325,WH_08,Road,25-03-2024,2024/04/01,4,7.0,Delayed,1806,10798.55,30939,20140.45
SHP_107784,SO_107050,WH_03,Road,08-04-2024,2024/04/14,7,6.0,On Time,2402,5408.52,21711,16302.48
SHP_107785,SO_104771,WH_07,Sea,11-12-2024,2024/12/15,3,4.0,Delayed,4512,9473.85,45349,35875.15
SHP_107786,SO_108875,WH_07,Road,25-09-2024,2024/09/27,5,2.0,On Time,4292,5115.72,23129,18013.28
SHP_107787,SO_105160,WH_03,Road,25-05-2024,2024/06/03,7,9.0,Delayed,2718,5442.97,26600,21157.03
SHP_107788,SO_103237,WH_05,Rail,05-03-2024,2024/03/13,4,8.0,Delayed,3367,9364.5,36954,27589.5
SHP_107789,SO_104993,WH_11,Rail,05-04-2024,2024/04/15,7,10.0,Delayed,1506,7788.0,20460,12672.0
SHP_107790,SO_103979,WH_11,Road,05-12-2024,2024/12/10,3,5.0,Delayed,2353,8529.51,37553,29023.49
SHP_107791,SO_108986,WH_12,Sea,28-04-2024,2024/04/30,7,2.0,On Time,3602,6385.04,20933,14547.96
SHP_107792,SO_108696,WH_15,Rail,08-11-2024,2024/11/15,4,7.0,Delayed,3245,8786.27,40053,31266.73
SHP_107793,SO_103486,WH_04,Air,26-10-2024,2024/11/03,4,8.0,Delayed,1522,5093.6,17567,12473.4
SHP_107794,SO_109945,WH_13,Road,26-06-2024,2024/07/04,5,8.0,Delayed,3758,7225.56,33856,26630.44
SHP_107795,SO_100589,WH_13,Road,24-07-2024,2024/08/03,4,10.0,Delayed,781,6463.17,17735,11271.83
SHP_107796,SO_107223,WH_02,Rail,08-04-2024,2024/04/14,6,6.0,On Time,1309,9015.44,23285,14269.56
SHP_107797,SO_102907,WH_08,Sea,24-11-2024,2024/12/03,4,9.0,Delayed,2809,3266.31,10113,6846.69
SHP_107798,SO_102066,WH_02,Road,06-02-2024,2024/02/08,7,2.0,On Time,2793,13791.17,48206,34414.83
SHP_107799,SO_109041,WH_15,Road,25-01-2024,2024/02/01,6,7.0,Delayed,3767,1581.53,7783,6201.47
SHP_107800,SO_102513,WH_13,Sea,06-07-2024,2024/07/16,4,10.0,Delayed,4268,6454.37,19496,13041.63
SHP_107801,SO_104967,WH_08,Rail,03-01-2024,2024/01/05,5,2.0,On Time,1263,1978.76,5440,3461.24
SHP_107802,SO_102427,WH_05,Air,03-10-2024,2024/10/05,7,2.0,On Time,4772,4475.19,16048,11572.81
SHP_107803,SO_109960,WH_14,Air,12-06-2024,2024/06/16,3,4.0,Delayed,2295,15307.19,46956,31648.81
SHP_107804,SO_107839,WH_04,Air,28-08-2024,2024/09/01,7,4.0,On Time,2949,18049.06,49151,31101.94
SHP_107805,SO_107766,WH_11,Sea,08-04-2024,2024/04/16,4,8.0,Delayed,1013,10492.55,34551,24058.45
SHP_107806,SO_105688,WH_01,Air,05-02-2024,2024/02/14,6,9.0,Delayed,4177,4179.14,13909,9729.86
SHP_107807,SO_108426,WH_04,Rail,21-01-2024,2024/01/23,6,2.0,On Time,4964,2115.6,9859,7743.4
SHP_107808,SO_102829,WH_11,Rail,15-05-2024,2024/05/25,5,10.0,Delayed,1167,9234.53,24219,14984.47
SHP_107809,SO_106947,WH_15,Road,19-06-2024,2024/06/26,4,7.0,Delayed,3382,9270.74,42868,33597.26
SHP_107810,SO_105188,WH_11,Road,08-06-2024,2024/06/13,6,5.0,On Time,363,10130.06,27275,17144.94
SHP_107811,SO_101136,WH_11,Rail,10-08-2024,2024/08/18,6,8.0,Delayed,2193,1589.23,5801,4211.77
SHP_107812,SO_103677,WH_07,Rail,08-04-2024,2024/04/11,7,3.0,On Time,3534,5377.58,19280,13902.42
SHP_107813,SO_100573,WH_06,Air,08-12-2024,2024/12/14,7,6.0,On Time,3139,19703.54,49774,30070.46
SHP_107814,SO_108004,WH_05,Road,27-01-2024,2024/02/01,5,5.0,On Time,254,11713.5,36518,24804.5
SHP_107815,SO_109361,WH_02,Rail,07-01-2024,2024/01/11,3,4.0,Delayed,3497,5569.29,25980,20410.71
SHP_107816,SO_105172,WH_02,Sea,22-01-2024,2024/01/29,4,7.0,Delayed,2518,6167.09,22105,15937.91
SHP_107817,SO_101265,WH_14,Rail,05-04-2024,2024/04/14,7,9.0,Delayed,401,5276.66,16917,11640.34
SHP_107818,SO_102077,WH_03,Air,23-11-2024,2024/12/03,6,10.0,Delayed,1847,4800.14,14542,9741.86
SHP_107819,SO_107871,WH_01,Road,08-12-2024,2024/12/10,4,2.0,On Time,1890,2638.58,9115,6476.42
SHP_107820,SO_109511,WH_10,Sea,14-11-2024,2024/11/18,4,4.0,On Time,1190,4807.63,17902,13094.37
SHP_107821,SO_109221,WH_02,Air,18-05-2024,2024/05/22,4,4.0,On Time,3724,10274.23,44460,34185.77
SHP_107822,SO_104000,WH_14,Sea,17-03-2024,2024/03/23,6,6.0,On Time,3420,9044.37,26130,17085.63
SHP_107823,SO_103606,WH_12,Road,16-12-2024,2024/12/18,3,2.0,On Time,2226,10471.01,43188,32716.99
SHP_107824,SO_109612,WH_08,Rail,03-03-2024,2024/03/07,4,4.0,On Time,4455,10032.6,37674,27641.4
SHP_107825,SO_100153,WH_13,Sea,02-10-2024,2024/10/12,5,10.0,Delayed,1058,8242.37,27021,18778.63
SHP_107826,SO_109785,WH_03,Road,25-08-2024,2024/09/03,5,9.0,Delayed,1537,15799.53,48239,32439.47
SHP_107827,SO_103757,WH_12,Rail,23-10-2024,2024/11/02,7,10.0,Delayed,2977,7833.35,37646,29812.65
SHP_107828,SO_109456,WH_09,Road,22-09-2024,2024/10/01,7,9.0,Delayed,2967,7496.43,26152,18655.57
SHP_107829,SO_105282,WH_02,Road,28-09-2024,2024/10/07,7,9.0,Delayed,4931,3909.97,15712,11802.03
SHP_107830,SO_101667,WH_12,Road,24-03-2024,2024/04/02,4,9.0,Delayed,666,11284.0,30868,19584.0
SHP_107831,SO_104166,WH_06,Air,02-05-2024,2024/05/11,3,9.0,Delayed,1980,7258.68,28549,21290.32
SHP_107832,SO_104584,WH_07,Road,11-05-2024,2024/05/15,6,4.0,On Time,479,4306.78,12767,8460.22
SHP_107833,SO_108394,WH_15,Air,29-01-2024,2024/02/02,4,4.0,On Time,3560,15101.35,38745,23643.65
SHP_107834,SO_102105,WH_07,Sea,22-04-2024,2024/04/29,3,7.0,Delayed,709,15013.4,41537,26523.6
SHP_107835,SO_102856,WH_13,Air,12-05-2024,2024/05/22,5,10.0,Delayed,747,6622.36,22644,16021.64
SHP_107836,SO_101806,WH_10,Sea,03-04-2024,2024/04/06,6,3.0,On Time,3759,15450.87,39442,23991.13
SHP_107837,SO_106206,WH_05,Sea,10-02-2024,2024/02/15,5,5.0,On Time,4621,5060.99,23322,18261.01
SHP_107838,SO_108905,WH_04,Road,03-09-2024,2024/09/11,6,8.0,Delayed,2512,13875.95,46314,32438.05
SHP_107839,SO_109608,WH_04,Rail,08-07-2024,2024/07/10,3,2.0,On Time,906,10791.94,39023,28231.06
SHP_107840,SO_104211,WH_05,Air,09-07-2024,2024/07/14,7,5.0,On Time,1563,13630.32,42250,28619.68
SHP_107841,SO_101791,WH_07,Sea,04-06-2024,2024/06/10,5,6.0,Delayed,2675,8855.0,40373,31518.0
SHP_107842,SO_108083,WH_14,Rail,05-08-2024,2024/08/12,7,7.0,On Time,4825,10011.54,34090,24078.46
SHP_107843,SO_102856,WH_03,Air,15-12-2024,2024/12/25,3,10.0,Delayed,2668,6652.72,18717,12064.28
SHP_107844,SO_107075,WH_08,Air,16-06-2024,2024/06/23,3,7.0,Delayed,372,11051.07,32224,21172.93
SHP_107845,SO_105944,WH_04,Sea,21-02-2024,2024/02/27,3,6.0,Delayed,548,5308.29,22214,16905.71
SHP_107846,SO_109914,WH_07,Road,24-02-2024,2024/02/27,5,3.0,On Time,2295,1591.92,6474,4882.08
SHP_107847,SO_102827,WH_04,Rail,04-06-2024,2024/06/11,5,7.0,Delayed,4902,16039.57,48262,32222.43
SHP_107848,SO_100142,WH_05,Rail,22-06-2024,2024/06/30,5,8.0,Delayed,2777,10984.58,45464,34479.42
SHP_107849,SO_108854,WH_12,Sea,10-04-2024,2024/04/17,7,7.0,On Time,907,10867.73,33951,23083.27
SHP_107850,SO_102336,WH_13,Road,01-03-2024,2024/03/09,6,8.0,Delayed,1223,1747.66,7325,5577.34
SHP_107851,SO_105351,WH_13,Road,05-02-2024,2024/02/09,3,4.0,Delayed,4061,10084.28,48432,38347.72
SHP_107852,SO_109459,WH_08,Rail,28-10-2024,2024/11/06,3,9.0,Delayed,4112,1663.42,5494,3830.58
SHP_107853,SO_108511,WH_13,Rail,02-11-2024,2024/11/06,6,4.0,On Time,2081,7675.3,29379,21703.7
SHP_107854,SO_100105,WH_03,Air,26-03-2024,2024/03/30,5,4.0,On Time,1721,9123.93,37970,28846.07
SHP_107855,SO_104799,WH_12,Sea,19-08-2024,2024/08/22,7,3.0,On Time,3932,13600.82,41512,27911.18
SHP_107856,SO_105477,WH_12,Sea,10-06-2024,2024/06/14,4,4.0,On Time,1041,11892.71,39932,28039.29
SHP_107857,SO_108486,WH_04,Road,28-04-2024,2024/05/08,4,10.0,Delayed,4820,10158.0,28587,18429.0
SHP_107858,SO_107291,WH_04,Road,18-11-2024,2024/11/20,4,2.0,On Time,3333,-5358.85,21137,26495.85
SHP_107859,SO_103583,WH_10,Sea,07-11-2024,2024/11/16,6,9.0,Delayed,3985,17233.62,43351,26117.38
SHP_107860,SO_103039,WH_05,Air,26-07-2024,2024/07/30,4,4.0,On Time,863,7503.52,25390,17886.48
SHP_107861,SO_107899,WH_06,Rail,14-11-2024,2024/11/18,3,4.0,Delayed,1591,15355.07,43797,28441.93
SHP_107862,SO_101265,WH_09,Air,19-06-2024,2024/06/23,4,4.0,On Time,3227,6783.26,19065,12281.74
SHP_107863,SO_104822,WH_06,Sea,05-07-2024,2024/07/07,3,2.0,On Time,4004,8803.18,40239,31435.82
SHP_107864,SO_103212,WH_12,Rail,29-02-2024,2024/03/02,7,2.0,On Time,2702,5107.81,16937,11829.19
SHP_107865,SO_101525,WH_01,Sea,11-04-2024,2024/04/14,5,3.0,On Time,2984,13270.96,49965,36694.04
SHP_107866,SO_103145,WH_02,Rail,26-12-2024,2025/01/01,6,6.0,On Time,3269,1239.33,5755,4515.67
SHP_107867,SO_108087,WH_02,Sea,06-03-2024,2024/03/15,5,9.0,Delayed,372,7615.62,20019,12403.38
SHP_107868,SO_108151,WH_04,Rail,15-12-2024,2024/12/18,7,3.0,On Time,2144,13325.87,35428,22102.13
SHP_107869,SO_102558,WH_07,Rail,16-05-2024,2024/05/24,7,8.0,Delayed,853,17723.71,44466,26742.29
SHP_107870,SO_107731,WH_09,Rail,22-05-2024,2024/05/31,6,9.0,Delayed,2700,4257.52,15354,11096.48
SHP_107871,SO_104880,WH_06,Sea,11-01-2024,2024/01/16,7,5.0,On Time,1558,13690.93,36795,23104.07
SHP_107872,SO_102107,WH_04,Sea,17-11-2024,2024/11/27,7,10.0,Delayed,4884,3761.71,13534,9772.29
SHP_107873,SO_106294,WH_12,Sea,04-08-2024,2024/08/13,6,9.0,Delayed,461,10112.39,25326,15213.61
SHP_107874,SO_106396,WH_15,Air,07-09-2024,2024/09/14,3,7.0,Delayed,2524,3467.58,15170,11702.42
SHP_107875,SO_109909,WH_05,Road,19-06-2024,2024/06/21,7,2.0,On Time,2038,-11476.51,48833,60309.51
SHP_107876,SO_102784,WH_11,Rail,10-07-2024,2024/07/14,6,,Delayed,1195,10177.3,32481,22303.7
SHP_107877,SO_108060,WH_12,Air,03-05-2024,2024/05/06,6,3.0,On Time,4248,4085.09,17643,13557.91
SHP_107878,SO_107894,WH_11,Sea,14-06-2024,2024/06/17,5,3.0,On Time,3788,9870.8,28364,18493.2
SHP_107879,SO_101835,WH_09,Road,20-06-2024,2024/06/24,6,4.0,On Time,584,5283.46,19395,14111.54
SHP_107880,SO_106558,WH_02,Rail,26-08-2024,2024/09/04,4,9.0,Delayed,4895,10546.57,27589,17042.43
SHP_107881,SO_104897,WH_14,Rail,23-01-2024,2024/01/29,7,6.0,On Time,272,2322.86,10891,8568.14
SHP_107882,SO_104739,WH_05,Rail,01-05-2024,2024/05/08,5,7.0,Delayed,1634,1715.1,6488,4772.9
SHP_107883,SO_101930,WH_06,Air,15-11-2024,2024/11/17,3,2.0,On Time,4185,2385.24,10371,7985.76
SHP_107884,SO_102958,WH_15,Road,02-10-2024,2024/10/11,4,9.0,Delayed,4604,6482.24,20187,13704.76
SHP_107885,SO_104954,WH_15,Road,16-01-2024,2024/01/25,6,9.0,Delayed,2584,10225.11,28033,17807.89
SHP_107886,SO_101050,WH_13,Road,03-11-2024,2024/11/08,6,5.0,On Time,4172,10018.01,33528,23509.99
SHP_107887,SO_108934,WH_12,Road,04-02-2024,2024/02/12,4,8.0,Delayed,4680,3988.98,13221,9232.02
SHP_107888,SO_102100,WH_04,Road,26-07-2024,2024/07/30,5,4.0,On Time,1898,8891.17,27992,19100.83
SHP_107889,SO_108700,WH_12,Road,09-05-2024,2024/05/11,4,2.0,On Time,4599,3262.09,11074,7811.91
SHP_107890,SO_103181,WH_05,Road,01-04-2024,2024/04/04,4,3.0,On Time,4136,-12017.75,37969,49986.75
SHP_107891,SO_107541,WH_10,Sea,20-09-2024,2024/09/24,6,4.0,On Time,2320,7113.36,35281,28167.64
SHP_107892,SO_104388,WH_08,Air,28-06-2024,2024/07/05,6,7.0,Delayed,495,9528.56,27755,18226.44
SHP_107893,SO_107455,WH_09,Road,23-11-2024,2024/12/03,7,10.0,Delayed,4821,5466.87,25417,19950.13
SHP_107894,SO_100475,WH_08,Road,10-06-2024,2024/06/19,4,9.0,Delayed,2359,18419.84,46595,28175.16
SHP_107895,SO_103315,WH_05,Air,22-06-2024,2024/06/30,7,8.0,Delayed,3333,11379.39,31366,19986.61
SHP_107896,SO_103175,WH_08,Rail,22-02-2024,2024/02/28,6,6.0,On Time,3987,16854.01,45437,28582.99
SHP_107897,SO_108397,WH_12,Air,06-11-2024,2024/11/08,5,2.0,On Time,2503,11207.94,40040,28832.06
SHP_107898,SO_106819,WH_06,Road,06-08-2024,2024/08/14,5,8.0,Delayed,3700,11159.8,34939,23779.2
SHP_107899,SO_103765,WH_03,Sea,21-09-2024,2024/10/01,4,10.0,Delayed,843,8552.89,30638,22085.11
SHP_107900,SO_102499,WH_03,Rail,25-08-2024,2024/08/28,6,3.0,On Time,4331,5877.31,20333,14455.69
SHP_107901,SO_105177,WH_14,Road,13-04-2024,2024/04/17,4,4.0,On Time,3728,5086.29,16673,11586.71
SHP_107902,SO_104624,WH_08,Air,13-11-2024,2024/11/21,5,8.0,Delayed,2882,9385.54,25498,16112.46
SHP_107903,SO_107155,WH_01,Sea,06-05-2024,2024/05/08,6,2.0,On Time,1795,11139.18,35343,24203.82
SHP_107904,SO_109942,WH_03,Rail,28-11-2024,2024/12/06,6,8.0,Delayed,3368,9116.68,28115,18998.32
SHP_107905,SO_101739,WH_07,Road,19-03-2024,2024/03/24,3,5.0,Delayed,4869,2735.53,10600,7864.47
SHP_107906,SO_105554,WH_07,Road,05-04-2024,2024/04/09,3,4.0,Delayed,3999,9332.67,42936,33603.33
SHP_107907,SO_106935,WH_05,Rail,12-09-2024,2024/09/17,4,5.0,Delayed,2093,16413.17,48511,32097.83
SHP_107908,SO_109417,WH_12,Road,27-07-2024,2024/08/01,6,5.0,On Time,4707,3366.75,8669,5302.25
SHP_107909,SO_103376,WH_05,Road,08-07-2024,2024/07/14,7,6.0,On Time,4612,6010.21,21890,15879.79
SHP_107910,SO_109548,WH_15,Road,06-09-2024,2024/09/11,5,5.0,On Time,4383,6009.04,26382,20372.96
SHP_107911,SO_107730,WH_08,Sea,23-09-2024,2024/09/30,6,7.0,Delayed,2325,9684.28,42276,32591.72
SHP_107912,SO_101899,WH_04,Sea,04-06-2024,2024/06/08,5,4.0,On Time,1472,6567.58,24420,17852.42
SHP_107913,SO_100890,WH_14,Road,19-07-2024,2024/07/28,6,9.0,Delayed,3057,5696.5,14623,8926.5
SHP_107914,SO_101800,WH_07,Road,01-05-2024,2024/05/05,4,4.0,On Time,1268,6105.41,19331,13225.59
SHP_107915,SO_101115,WH_06,Rail,28-02-2024,2024/03/01,5,2.0,On Time,2556,4036.55,16995,12958.45
SHP_107916,SO_107161,WH_08,Rail,15-04-2024,2024/04/20,6,5.0,On Time,784,5839.94,16973,11133.06
SHP_107917,SO_102022,WH_05,Air,02-02-2024,2024/02/05,6,3.0,On Time,1777,2011.54,8977,6965.46
SHP_107918,SO_104417,WH_04,Road,23-08-2024,2024/09/02,5,10.0,Delayed,2244,13123.97,34670,21546.03
SHP_107919,SO_108413,WH_13,Rail,18-04-2024,2024/04/27,5,9.0,Delayed,4246,4926.85,19813,14886.15
SHP_107920,SO_107658,WH_01,Air,14-05-2024,2024/05/18,7,4.0,On Time,849,6596.23,20308,13711.77
SHP_107921,SO_100187,WH_02,Road,10-10-2024,2024/10/13,3,3.0,On Time,1975,5130.53,14799,9668.47
SHP_107922,SO_106930,WH_08,Rail,03-05-2024,2024/05/07,6,4.0,On Time,3184,3780.28,11750,7969.72
SHP_107923,SO_109291,WH_14,Sea,25-07-2024,2024/08/03,7,9.0,Delayed,4368,11256.5,30152,18895.5
SHP_107924,SO_105667,WH_06,Air,14-10-2024,2024/10/23,4,9.0,Delayed,3495,2914.38,8217,5302.62
SHP_107925,SO_107555,WH_08,Air,11-04-2024,2024/04/15,7,4.0,On Time,4949,13404.26,42322,28917.74
SHP_107926,SO_106463,WH_09,Rail,01-05-2024,2024/05/04,4,3.0,On Time,1841,4193.72,14317,10123.28
SHP_107927,SO_107026,WH_01,Rail,28-02-2024,2024/03/03,6,4.0,On Time,1621,6299.48,21555,15255.52
SHP_107928,SO_107737,WH_14,Rail,17-11-2024,2024/11/27,6,10.0,Delayed,2601,8435.88,22345,13909.12
SHP_107929,SO_104883,WH_15,Road,05-07-2024,2024/07/07,6,2.0,On Time,3720,11116.51,38867,27750.49
SHP_107930,SO_109120,WH_15,Sea,30-07-2024,2024/08/05,7,6.0,On Time,3632,8000.86,35741,27740.14
SHP_107931,SO_106553,WH_07,Road,30-08-2024,2024/09/09,5,10.0,Delayed,4878,9276.05,28490,19213.95
SHP_107932,SO_106524,WH_09,Rail,13-04-2024,2024/04/18,6,5.0,On Time,3285,6377.66,18454,12076.34
SHP_107933,SO_105629,WH_11,Sea,16-05-2024,2024/05/21,4,5.0,Delayed,3743,17627.73,49410,31782.27
SHP_107934,SO_108867,WH_11,Rail,02-11-2024,2024/11/09,5,7.0,Delayed,4236,6416.11,16311,9894.89
SHP_107935,SO_109927,WH_02,Air,31-01-2024,2024/02/08,4,8.0,Delayed,2163,10192.86,28587,18394.14
SHP_107936,SO_106421,WH_09,Sea,13-02-2024,2024/02/18,7,5.0,On Time,602,15939.34,42719,26779.66
SHP_107937,SO_102384,WH_10,Air,08-07-2024,2024/07/13,3,5.0,Delayed,2850,3708.27,12001,8292.73
SHP_107938,SO_107012,WH_11,Rail,23-04-2024,2024/05/01,5,8.0,Delayed,449,12183.89,40929,28745.11
SHP_107939,SO_102283,WH_10,Sea,13-09-2024,2024/09/19,4,6.0,Delayed,2143,4426.28,16589,12162.72
SHP_107940,SO_102937,WH_14,Air,22-09-2024,2024/09/28,7,6.0,On Time,944,2502.91,10792,8289.09
SHP_107941,SO_106721,WH_14,Rail,23-10-2024,2024/10/28,3,5.0,Delayed,2586,13360.78,44498,31137.22
SHP_107942,SO_103292,WH_13,Road,11-03-2024,2024/03/21,7,10.0,Delayed,2721,14228.66,42036,27807.34
SHP_107943,SO_107555,WH_10,Air,01-12-2024,2024/12/08,5,7.0,Delayed,593,2268.04,7256,4987.96
SHP_107944,SO_107158,WH_09,Air,04-10-2024,2024/10/10,7,6.0,On Time,4340,6567.22,26986,20418.78
SHP_107945,SO_100652,WH_08,Sea,23-07-2024,2024/07/29,4,6.0,Delayed,3118,10177.81,32720,22542.19
SHP_107946,SO_100304,WH_07,Rail,02-10-2024,2024/10/10,3,8.0,Delayed,1947,6140.01,29980,23839.99
SHP_107947,SO_107344,WH_12,Air,03-06-2024,2024/06/08,3,5.0,Delayed,1173,9666.5,29807,20140.5
SHP_107948,SO_100645,WH_14,Road,18-04-2024,2024/04/27,7,9.0,Delayed,3893,14702.53,47039,32336.47
SHP_107949,SO_109232,WH_07,Road,07-08-2024,2024/08/09,6,2.0,On Time,431,14509.51,42860,28350.49
SHP_107950,SO_101990,WH_02,Sea,07-12-2024,2024/12/17,7,10.0,Delayed,796,10055.89,34626,24570.11
SHP_107951,SO_103288,WH_11,Rail,06-02-2024,2024/02/11,4,5.0,Delayed,4468,5798.91,16704,10905.09
SHP_107952,SO_106852,WH_02,Road,25-11-2024,2024/11/28,7,3.0,On Time,687,4250.37,11129,6878.63
SHP_107953,SO_101421,WH_05,Sea,04-12-2024,2024/12/10,5,6.0,Delayed,658,8282.18,26882,18599.82
SHP_107954,SO_102999,WH_15,Sea,08-07-2024,2024/07/18,7,10.0,Delayed,3208,14389.16,38802,24412.84
SHP_107955,SO_105543,WH_04,Road,01-02-2024,2024/02/09,3,8.0,Delayed,1966,2291.73,6677,4385.27
SHP_107956,SO_107487,WH_06,Sea,09-02-2024,2024/02/19,7,10.0,Delayed,4302,4466.51,13093,8626.49
SHP_107957,SO_107980,WH_15,Rail,26-08-2024,2024/08/29,7,3.0,On Time,2804,8397.2,40737,32339.8
SHP_107958,SO_102150,WH_12,Sea,04-07-2024,2024/07/12,3,8.0,Delayed,2537,7732.57,21118,13385.43
SHP_107959,SO_105313,WH_14,Rail,19-10-2024,2024/10/23,5,4.0,On Time,1607,5301.73,16906,11604.27
SHP_107960,SO_100100,WH_02,Air,24-05-2024,2024/05/29,3,5.0,Delayed,4929,15629.09,40921,25291.91
SHP_107961,SO_105282,WH_09,Sea,22-10-2024,2024/10/24,3,2.0,On Time,3453,3747.4,15004,11256.6
SHP_107962,SO_106862,WH_11,Sea,14-07-2024,2024/07/21,5,7.0,Delayed,2747,9883.07,43478,33594.93
SHP_107963,SO_107651,WH_09,Rail,30-05-2024,2024/06/01,7,2.0,On Time,4756,2064.69,5245,3180.31
SHP_107964,SO_108510,WH_11,Rail,26-09-2024,2024/10/02,7,6.0,On Time,3340,8491.99,30464,21972.01
SHP_107965,SO_101373,WH_14,Road,21-09-2024,2024/09/25,3,4.0,Delayed,3137,4179.14,12979,8799.86
SHP_107966,SO_101780,WH_04,Sea,20-09-2024,2024/09/27,5,7.0,Delayed,1066,7410.85,25509,18098.15
SHP_107967,SO_108924,WH_02,Sea,15-01-2024,2024/01/22,4,7.0,Delayed,3860,11009.31,28092,17082.69
SHP_107968,SO_108855,WH_05,Sea,28-12-2024,2025/01/07,4,10.0,Delayed,3466,2486.69,8071,5584.31
SHP_107969,SO_107890,WH_01,Rail,05-09-2024,2024/09/10,3,5.0,Delayed,1154,10823.3,38323,27499.7
SHP_107970,SO_108129,WH_06,Rail,24-02-2024,2024/03/02,5,7.0,Delayed,3193,10067.97,37485,27417.03
SHP_107971,SO_101790,WH_05,Road,20-12-2024,2024/12/28,6,8.0,Delayed,4170,11651.08,31056,19404.92
SHP_107972,SO_106149,WH_07,Sea,16-11-2024,2024/11/21,4,5.0,Delayed,2464,8711.01,25869,17157.99
SHP_107973,SO_101332,WH_12,Air,25-11-2024,2024/11/30,4,5.0,Delayed,3636,3538.98,12925,9386.02
SHP_107974,SO_103287,WH_08,Road,13-08-2024,2024/08/15,5,2.0,On Time,3054,5930.06,28577,22646.94
SHP_107975,SO_103590,WH_14,Rail,14-03-2024,2024/03/22,3,8.0,Delayed,4853,3063.09,10346,7282.91
SHP_107976,SO_100120,WH_04,Air,26-09-2024,2024/10/04,6,8.0,Delayed,3090,5890.85,16383,10492.15
SHP_107977,SO_103397,WH_15,Air,27-07-2024,2024/08/03,3,7.0,Delayed,3422,10560.48,41006,30445.52
SHP_107978,SO_106080,WH_06,Sea,04-12-2024,2024/12/14,5,10.0,Delayed,4809,12483.76,35704,23220.24
SHP_107979,SO_109884,WH_09,Rail,04-02-2024,2024/02/08,3,4.0,Delayed,3472,12862.53,40046,27183.47
SHP_107980,SO_107790,WH_14,Road,27-02-2024,2024/03/07,7,9.0,Delayed,4341,8234.98,28910,20675.02
SHP_107981,SO_103287,WH_14,Air,08-05-2024,2024/05/11,5,,Delayed,562,10884.11,45167,34282.89
SHP_107982,SO_105161,WH_11,Sea,31-07-2024,2024/08/02,7,2.0,On Time,1869,7652.03,26775,19122.97
SHP_107983,SO_105635,WH_01,Road,08-03-2024,2024/03/11,7,3.0,On Time,4502,13585.5,47522,33936.5
SHP_107984,SO_104928,WH_03,Air,29-02-2024,2024/03/06,6,6.0,On Time,4449,11342.56,46980,35637.44
SHP_107985,SO_106761,WH_12,Rail,13-09-2024,2024/09/15,3,2.0,On Time,963,4799.21,14110,9310.79
SHP_107986,SO_105667,WH_05,Road,27-04-2024,2024/05/03,3,6.0,Delayed,4926,10432.16,29942,19509.84
SHP_107987,SO_107644,WH_10,Road,16-07-2024,2024/07/25,4,9.0,Delayed,4519,10718.65,30885,20166.35
SHP_107988,SO_107942,WH_06,Rail,12-01-2024,2024/01/14,7,2.0,On Time,2884,3002.7,9192,6189.3
SHP_107989,SO_107171,WH_03,Air,15-10-2024,2024/10/20,3,5.0,Delayed,4060,4052.8,17755,13702.2
SHP_107990,SO_106335,WH_04,Road,26-06-2024,2024/07/02,3,6.0,Delayed,1102,6329.45,24057,17727.55
SHP_107991,SO_104958,WH_15,Rail,09-04-2024,2024/04/19,5,10.0,Delayed,3426,1645.13,7309,5663.87
SHP_107992,SO_104131,WH_05,Rail,17-01-2024,2024/01/21,6,4.0,On Time,3481,8985.61,39158,30172.39
SHP_107993,SO_106114,WH_02,Rail,17-03-2024,2024/03/25,6,8.0,Delayed,1124,3509.51,11713,8203.49
SHP_107994,SO_103534,WH_02,Sea,18-07-2024,2024/07/21,6,3.0,On Time,525,13374.17,45062,31687.83
SHP_107995,SO_109223,WH_09,Sea,01-12-2024,2024/12/06,3,5.0,Delayed,3183,2337.24,7564,5226.76
SHP_107996,SO_100987,WH_09,Air,30-10-2024,2024/11/01,5,2.0,On Time,4104,17400.16,47712,30311.84
SHP_107997,SO_104602,WH_05,Road,10-11-2024,2024/11/18,7,8.0,Delayed,4836,13891.6,39690,25798.4
SHP_107998,SO_104777,WH_13,Sea,13-01-2024,2024/01/21,4,8.0,Delayed,2849,11562.78,30878,19315.22
SHP_107999,SO_104458,WH_13,Rail,12-10-2024,2024/10/15,4,3.0,On Time,1474,3492.28,9728,6235.72
SHP_108000,SO_108782,WH_07,Road,18-06-2024,2024/06/21,6,3.0,On Time,2189,9778.37,25353,15574.63
SHP_108001,SO_109466,WH_12,Air,11-10-2024,2024/10/21,6,10.0,Delayed,4995,8708.61,35698,26989.39
SHP_108002,SO_102401,WH_13,Air,02-03-2024,2024/03/10,6,8.0,Delayed,4681,8818.33,27254,18435.67
SHP_108003,SO_105064,WH_04,Road,08-08-2024,2024/08/12,5,4.0,On Time,3306,11368.9,48507,37138.1
SHP_108004,SO_100512,WH_15,Road,05-02-2024,2024/02/13,7,8.0,Delayed,3255,9274.46,33840,24565.54
SHP_108005,SO_103383,WH_09,Road,05-02-2024,2024/02/15,5,10.0,Delayed,1458,7294.93,24689,17394.07
SHP_108006,SO_104364,WH_03,Rail,30-07-2024,2024/08/03,7,4.0,On Time,2195,13821.28,43050,29228.72
SHP_108007,SO_100115,WH_05,Sea,30-01-2024,2024/02/03,3,4.0,Delayed,4797,1912.62,5923,4010.38
SHP_108008,SO_105890,WH_15,Rail,24-05-2024,2024/05/28,7,4.0,On Time,1970,10927.57,49398,38470.43
SHP_108009,SO_104367,WH_03,Road,04-02-2024,2024/02/11,7,7.0,On Time,1134,8993.27,24692,15698.73
SHP_108010,SO_109022,WH_10,Rail,03-05-2024,2024/05/09,3,6.0,Delayed,1184,4878.29,16750,11871.71
SHP_108011,SO_100183,WH_02,Sea,07-12-2024,2024/12/14,6,7.0,Delayed,3322,14387.38,37837,23449.62
SHP_108012,SO_108798,WH_03,Road,16-11-2024,2024/11/21,5,5.0,On Time,2989,17429.18,44307,26877.82
SHP_108013,SO_107192,WH_11,Air,02-02-2024,2024/02/08,6,6.0,On Time,3609,10193.3,43349,33155.7
SHP_108014,SO_104911,WH_12,Road,01-08-2024,2024/08/05,5,4.0,On Time,2637,9648.66,41205,31556.34
SHP_108015,SO_108204,WH_14,Air,22-09-2024,2024/09/30,5,8.0,Delayed,3944,1227.65,5081,3853.35
SHP_108016,SO_106362,WH_05,Road,08-08-2024,2024/08/16,7,8.0,Delayed,4511,9521.62,25372,15850.38
SHP_108017,SO_104134,WH_04,Rail,06-12-2024,2024/12/09,6,3.0,On Time,1353,13210.63,34250,21039.37
SHP_108018,SO_108663,WH_13,Air,06-02-2024,2024/02/11,5,5.0,On Time,4724,7235.43,27861,20625.57
SHP_108019,SO_105409,WH_06,Sea,13-04-2024,2024/04/18,7,5.0,On Time,1902,14645.97,40872,26226.03
SHP_108020,SO_102883,WH_02,Road,21-05-2024,2024/05/27,3,6.0,Delayed,3095,13819.72,35338,21518.28
SHP_108021,SO_105274,WH_04,Road,23-05-2024,2024/06/01,5,9.0,Delayed,2867,5377.23,24267,18889.77
SHP_108022,SO_105315,WH_06,Rail,19-02-2024,2024/02/23,3,4.0,Delayed,2690,7502.57,26379,18876.43
SHP_108023,SO_109848,WH_03,Air,14-01-2024,2024/01/19,4,5.0,Delayed,2967,1547.88,6794,5246.12
SHP_108024,SO_102923,WH_10,Road,14-04-2024,2024/04/17,5,3.0,On Time,3334,4358.03,19156,14797.97
SHP_108025,SO_109674,WH_15,Road,23-08-2024,2024/08/28,5,5.0,On Time,453,12645.32,38465,25819.68
SHP_108026,SO_104775,WH_12,Sea,30-03-2024,2024/04/07,3,8.0,Delayed,3248,10437.94,47463,37025.06
SHP_108027,SO_108909,WH_01,Sea,27-02-2024,2024/03/05,3,7.0,Delayed,3963,5097.38,22196,17098.62
SHP_108028,SO_101290,WH_05,Rail,26-09-2024,2024/10/03,6,7.0,Delayed,1795,9655.38,45062,35406.62
SHP_108029,SO_102671,WH_15,Sea,13-08-2024,2024/08/19,6,6.0,On Time,4841,10608.79,28755,18146.21
SHP_108030,SO_103697,WH_15,Rail,19-03-2024,2024/03/24,4,5.0,Delayed,4346,4059.27,16455,12395.73
SHP_108031,SO_101453,WH_04,Road,12-04-2024,2024/04/17,7,5.0,On Time,1430,10709.31,48809,38099.69
SHP_108032,SO_101819,WH_12,Sea,02-08-2024,2024/08/06,6,4.0,On Time,3484,7946.9,34465,26518.1
SHP_108033,SO_108645,WH_04,Road,13-11-2024,2024/11/21,7,8.0,Delayed,2124,6322.28,21636,15313.72
SHP_108034,SO_106254,WH_03,Rail,22-03-2024,2024/03/28,4,6.0,Delayed,2335,8887.37,31361,22473.63
SHP_108035,SO_104160,WH_04,Road,06-01-2024,2024/01/12,7,6.0,On Time,849,6737.08,24376,17638.92
SHP_108036,SO_104027,WH_11,Sea,15-07-2024,2024/07/17,5,2.0,On Time,3311,5389.52,25292,19902.48
SHP_108037,SO_109208,WH_09,Rail,16-02-2024,2024/02/26,6,10.0,Delayed,995,6386.47,28679,22292.53
SHP_108038,SO_102024,WH_03,Road,11-04-2024,2024/04/21,3,10.0,Delayed,4858,14268.93,41190,26921.07
SHP_108039,SO_103142,WH_14,Road,11-04-2024,2024/04/15,3,4.0,Delayed,3650,8734.87,25196,16461.13
SHP_108040,SO_100835,WH_07,Sea,03-01-2024,2024/01/05,5,2.0,On Time,4740,11855.41,40811,28955.59
SHP_108041,SO_106862,WH_14,Road,23-09-2024,2024/10/02,6,9.0,Delayed,2231,10701.23,27428,16726.77
SHP_108042,SO_104292,WH_12,Air,31-05-2024,2024/06/02,3,2.0,On Time,1896,12294.13,43988,31693.87
SHP_108043,SO_105573,WH_07,Air,21-05-2024,2024/05/31,4,10.0,Delayed,368,13776.11,38588,24811.89
SHP_108044,SO_100501,WH_08,Air,13-03-2024,2024/03/17,6,4.0,On Time,2791,4298.42,15337,11038.58
SHP_108045,SO_104559,WH_13,Air,05-12-2024,2024/12/10,4,5.0,Delayed,1898,4035.95,10443,6407.05
SHP_108046,SO_104457,WH_01,Rail,23-04-2024,2024/05/01,3,8.0,Delayed,3435,10400.61,31270,20869.39
SHP_108047,SO_108170,WH_02,Air,08-11-2024,2024/11/10,7,2.0,On Time,4985,4917.65,14532,9614.35
SHP_108048,SO_102583,WH_02,Air,12-05-2024,2024/05/22,4,10.0,Delayed,1648,2399.11,9576,7176.89
SHP_108049,SO_106654,WH_15,Air,28-07-2024,2024/08/06,6,9.0,Delayed,2274,4970.35,21591,16620.65
SHP_108050,SO_105320,WH_02,Road,06-08-2024,2024/08/15,4,9.0,Delayed,3126,7047.73,33514,26466.27
SHP_108051,SO_109338,WH_06,Sea,01-01-2024,2024/01/10,5,9.0,Delayed,212,7084.8,18668,11583.2
SHP_108052,SO_106380,WH_15,Rail,07-11-2024,2024/11/09,7,2.0,On Time,339,2944.88,9152,6207.12
SHP_108053,SO_107331,WH_06,Sea,27-04-2024,2024/05/02,3,5.0,Delayed,1149,2999.58,12897,9897.42
SHP_108054,SO_101153,WH_05,Rail,20-12-2024,2024/12/28,4,8.0,Delayed,3060,6175.73,24755,18579.27
SHP_108055,SO_105612,WH_02,Sea,12-04-2024,2024/04/17,5,5.0,On Time,4574,-7430.84,29457,36887.84
SHP_108056,SO_102698,WH_04,Road,18-07-2024,2024/07/26,4,8.0,Delayed,2547,11143.7,31320,20176.3
SHP_108057,SO_107852,WH_11,Rail,10-05-2024,2024/05/20,7,10.0,Delayed,2466,6388.66,22693,16304.34
SHP_108058,SO_104995,WH_05,Air,17-05-2024,2024/05/27,7,10.0,Delayed,4429,8373.79,36270,27896.21
SHP_108059,SO_100775,WH_03,Road,16-03-2024,2024/03/24,4,8.0,Delayed,4792,3288.64,9015,5726.36
SHP_108060,SO_101622,WH_09,Air,04-07-2024,2024/07/11,4,,Delayed,4720,4983.85,15775,10791.15
SHP_108061,SO_104572,WH_08,Road,07-10-2024,2024/10/12,5,5.0,On Time,2527,3108.11,13248,10139.89
SHP_108062,SO_107620,WH_05,Road,27-08-2024,2024/09/02,3,6.0,Delayed,2648,11511.17,32189,20677.83
SHP_108063,SO_101562,WH_12,Air,07-12-2024,2024/12/16,7,9.0,Delayed,917,12260.64,32996,20735.36
SHP_108064,SO_107062,WH_09,Rail,23-02-2024,2024/03/01,7,7.0,On Time,1744,12035.56,46152,34116.44
SHP_108065,SO_104919,WH_15,Air,23-01-2024,2024/01/28,6,5.0,On Time,1835,6603.54,20820,14216.46
SHP_108066,SO_100778,WH_11,Rail,25-12-2024,2025/01/02,6,8.0,Delayed,1182,10450.93,34864,24413.07
SHP_108067,SO_108061,WH_08,Sea,30-09-2024,2024/10/02,5,2.0,On Time,4685,13149.85,34177,21027.15
SHP_108068,SO_109503,WH_13,Rail,30-03-2024,2024/04/09,7,10.0,Delayed,4036,8474.21,29866,21391.79
SHP_108069,SO_107160,WH_15,Sea,14-10-2024,2024/10/23,3,9.0,Delayed,4989,7015.63,20016,13000.37
SHP_108070,SO_107419,WH_10,Rail,22-07-2024,2024/07/25,5,3.0,On Time,4657,-2565.93,9212,11777.93
SHP_108071,SO_105383,WH_05,Rail,11-03-2024,2024/03/19,3,8.0,Delayed,775,4822.23,16387,11564.77
SHP_108072,SO_104501,WH_13,Air,23-09-2024,2024/09/30,7,7.0,On Time,3879,-2823.71,8237,11060.71
SHP_108073,SO_102489,WH_06,Road,17-05-2024,2024/05/21,4,,Delayed,389,6251.04,22503,16251.96
SHP_108074,SO_109617,WH_10,Air,04-10-2024,2024/10/13,5,9.0,Delayed,3871,4578.4,14224,9645.6
SHP_108075,SO_108486,WH_04,Air,28-01-2024,2024/02/05,4,8.0,Delayed,4809,10131.58,46989,36857.42
SHP_108076,SO_107376,WH_12,Air,11-12-2024,2024/12/15,7,4.0,On Time,3131,5910.54,19590,13679.46
SHP_108077,SO_103719,WH_06,Sea,07-11-2024,2024/11/09,4,2.0,On Time,641,14604.22,47894,33289.78
SHP_108078,SO_106665,WH_03,Air,13-11-2024,2024/11/16,6,3.0,On Time,1380,4465.66,17497,13031.34
SHP_108079,SO_100096,WH_10,Road,24-04-2024,2024/05/01,5,7.0,Delayed,1767,13893.95,44074,30180.05
SHP_108080,SO_103477,WH_03,Road,09-01-2024,2024/01/19,7,10.0,Delayed,863,1711.93,6518,4806.07
SHP_108081,SO_109477,WH_05,Air,03-02-2024,2024/02/12,3,9.0,Delayed,4461,2405.45,11646,9240.55
SHP_108082,SO_104432,WH_03,Road,01-09-2024,2024/09/08,4,7.0,Delayed,3219,14128.57,35593,21464.43
SHP_108083,SO_102256,WH_06,Road,14-07-2024,2024/07/24,5,10.0,Delayed,2296,6276.37,21723,15446.63
SHP_108084,SO_107713,WH_08,Rail,15-09-2024,2024/09/17,5,2.0,On Time,2429,12765.57,48004,35238.43
SHP_108085,SO_104474,WH_13,Air,01-11-2024,2024/11/07,6,6.0,On Time,3514,11415.81,48566,37150.19
SHP_108086,SO_101475,WH_10,Air,13-07-2024,2024/07/19,7,6.0,On Time,349,1487.44,7264,5776.56
SHP_108087,SO_105498,WH_14,Air,13-09-2024,2024/09/15,4,2.0,On Time,565,-10357.32,46351,56708.32
SHP_108088,SO_108102,WH_01,Rail,05-01-2024,2024/01/08,4,3.0,On Time,4004,5829.96,19050,13220.04
SHP_108089,SO_104518,WH_12,Road,04-08-2024,2024/08/11,4,7.0,Delayed,3598,9991.46,43776,33784.54
SHP_108090,SO_100395,WH_06,Sea,20-12-2024,2024/12/24,4,4.0,On Time,3074,4644.75,12049,7404.25
SHP_108091,SO_101004,WH_15,Air,25-09-2024,2024/09/29,7,4.0,On Time,4551,3482.93,10358,6875.07
SHP_108092,SO_100742,WH_09,Rail,14-04-2024,2024/04/18,5,4.0,On Time,2985,8875.24,33145,24269.76
SHP_108093,SO_100651,WH_11,Sea,20-11-2024,2024/11/28,5,8.0,Delayed,4456,6755.65,21984,15228.35
SHP_108094,SO_106654,WH_11,Rail,27-04-2024,2024/05/01,3,4.0,Delayed,200,13129.09,40824,27694.91
SHP_108095,SO_107407,WH_15,Road,09-11-2024,2024/11/11,7,2.0,On Time,4701,5528.21,16840,11311.79
SHP_108096,SO_103942,WH_08,Sea,28-01-2024,2024/01/31,6,3.0,On Time,3641,12154.4,41566,29411.6
SHP_108097,SO_105809,WH_05,Road,07-05-2024,2024/05/12,5,5.0,On Time,1057,6014.91,23658,17643.09
SHP_108098,SO_105111,WH_02,Road,04-01-2024,2024/01/07,6,3.0,On Time,4197,7110.89,30296,23185.11
SHP_108099,SO_104660,WH_01,Sea,04-03-2024,2024/03/08,4,4.0,On Time,2034,10128.22,30969,20840.78
SHP_108100,SO_104393,WH_04,Sea,26-05-2024,2024/06/04,3,9.0,Delayed,1135,6934.76,34479,27544.24
SHP_108101,SO_104760,WH_05,Sea,10-09-2024,2024/09/19,7,9.0,Delayed,4715,6791.01,25135,18343.99
SHP_108102,SO_102722,WH_08,Air,12-07-2024,2024/07/19,4,7.0,Delayed,4280,7950.16,38233,30282.84
SHP_108103,SO_105460,WH_11,Road,26-03-2024,2024/03/30,6,4.0,On Time,4267,5376.69,23381,18004.31
SHP_108104,SO_105021,WH_12,Road,28-02-2024,2024/03/03,5,4.0,On Time,1122,4571.66,18998,14426.34
SHP_108105,SO_102890,WH_14,Sea,02-08-2024,2024/08/04,6,,Delayed,2704,2409.97,11849,9439.03
SHP_108106,SO_100848,WH_07,Rail,06-11-2024,2024/11/16,5,10.0,Delayed,4052,16762.82,47453,30690.18
SHP_108107,SO_107281,WH_11,Road,16-11-2024,2024/11/18,4,2.0,On Time,4812,5349.45,14673,9323.55
SHP_108108,SO_107469,WH_04,Sea,24-01-2024,2024/02/02,3,9.0,Delayed,1334,5871.17,22960,17088.83
SHP_108109,SO_102384,WH_02,Rail,01-03-2024,2024/03/08,6,7.0,Delayed,4251,7953.07,24787,16833.93
SHP_108110,SO_103109,WH_14,Air,03-01-2024,2024/01/13,6,10.0,Delayed,3466,7208.17,18309,11100.83
SHP_108111,SO_107818,WH_08,Sea,07-05-2024,2024/05/09,3,,Delayed,4235,7054.7,30084,23029.3
SHP_108112,SO_103793,WH_14,Sea,04-11-2024,2024/11/11,6,7.0,Delayed,4355,7248.89,19599,12350.11
SHP_108113,SO_107320,WH_12,Road,06-04-2024,2024/04/15,5,9.0,Delayed,1823,1596.46,5313,3716.54
SHP_108114,SO_106568,WH_10,Road,17-03-2024,2024/03/19,3,2.0,On Time,453,5068.68,14335,9266.32
SHP_108115,SO_102229,WH_07,Road,16-09-2024,2024/09/25,3,9.0,Delayed,2186,15092.43,41502,26409.57
SHP_108116,SO_104532,WH_05,Air,27-01-2024,2024/01/30,3,3.0,On Time,496,3076.72,10185,7108.28
SHP_108117,SO_107635,WH_10,Rail,09-09-2024,2024/09/16,4,7.0,Delayed,1447,5706.71,24277,18570.29
SHP_108118,SO_104601,WH_08,Road,23-06-2024,2024/06/30,3,7.0,Delayed,2094,8684.57,28070,19385.43
SHP_108119,SO_105171,WH_13,Air,19-01-2024,2024/01/26,3,7.0,Delayed,4395,6065.52,25783,19717.48
SHP_108120,SO_109658,WH_13,Sea,29-05-2024,2024/06/06,7,8.0,Delayed,4191,4441.07,11987,7545.93
SHP_108121,SO_106181,WH_09,Sea,31-07-2024,2024/08/03,3,3.0,On Time,2092,9831.58,29686,19854.42
SHP_108122,SO_107085,WH_06,Rail,11-03-2024,2024/03/15,7,4.0,On Time,4033,1586.27,6476,4889.73
SHP_108123,SO_104407,WH_08,Sea,15-02-2024,2024/02/22,6,7.0,Delayed,1380,5768.67,15355,9586.33
SHP_108124,SO_103453,WH_08,Air,20-09-2024,2024/09/28,6,8.0,Delayed,3060,15080.01,44113,29032.99
SHP_108125,SO_102135,WH_10,Rail,01-03-2024,2024/03/06,7,5.0,On Time,635,10149.32,34210,24060.68
SHP_108126,SO_107884,WH_06,Rail,20-11-2024,2024/11/24,7,4.0,On Time,4039,10319.09,39311,28991.91
SHP_108127,SO_109440,WH_15,Rail,09-09-2024,2024/09/18,6,9.0,Delayed,747,7745.03,20660,12914.97
SHP_108128,SO_106406,WH_01,Sea,20-07-2024,2024/07/28,4,8.0,Delayed,563,8064.07,36245,28180.93
SHP_108129,SO_102672,WH_05,Road,24-08-2024,2024/09/03,6,10.0,Delayed,4598,12851.56,41846,28994.44
SHP_108130,SO_106025,WH_13,Sea,10-07-2024,2024/07/12,7,2.0,On Time,1300,17607.86,45740,28132.14
SHP_108131,SO_102236,WH_08,Sea,18-05-2024,2024/05/27,5,9.0,Delayed,2927,5248.78,15881,10632.22
SHP_108132,SO_106319,WH_05,Road,11-10-2024,2024/10/15,3,4.0,Delayed,3394,9095.35,26804,17708.65
SHP_108133,SO_108074,WH_09,Air,12-08-2024,2024/08/22,5,10.0,Delayed,4115,13541.86,44326,30784.14
SHP_108134,SO_106617,WH_07,Sea,02-09-2024,2024/09/11,6,9.0,Delayed,980,2865.33,8606,5740.67
SHP_108135,SO_109969,WH_02,Rail,27-02-2024,2024/03/02,5,4.0,On Time,4095,11886.13,36877,24990.87
SHP_108136,SO_107282,WH_15,Air,27-01-2024,2024/02/05,4,9.0,Delayed,584,10564.89,29513,18948.11
SHP_108137,SO_107930,WH_15,Sea,19-05-2024,2024/05/27,5,8.0,Delayed,3349,-11490.8,38984,50474.8
SHP_108138,SO_107510,WH_12,Road,07-10-2024,2024/10/13,4,6.0,Delayed,4972,9937.24,28489,18551.76
SHP_108139,SO_105260,WH_04,Sea,18-12-2024,2024/12/27,7,,Delayed,2866,6525.33,18432,11906.67
SHP_108140,SO_103372,WH_03,Rail,27-09-2024,2024/09/30,3,3.0,On Time,2340,12113.0,45745,33632.0
SHP_108141,SO_109128,WH_13,Rail,03-07-2024,2024/07/10,6,7.0,Delayed,3120,17500.23,45336,27835.77
SHP_108142,SO_108751,WH_15,Air,01-12-2024,2024/12/06,3,5.0,Delayed,1828,4315.58,14992,10676.42
SHP_108143,SO_102948,WH_11,Rail,25-08-2024,2024/09/03,6,9.0,Delayed,4279,7749.41,32354,24604.59
SHP_108144,SO_101032,WH_13,Sea,17-03-2024,2024/03/20,7,3.0,On Time,2852,5191.29,25744,20552.71
SHP_108145,SO_106782,WH_12,Air,01-01-2024,2024/01/10,3,9.0,Delayed,1032,9861.3,38028,28166.7
SHP_108146,SO_107585,WH_06,Road,18-10-2024,2024/10/24,3,6.0,Delayed,1456,4165.76,12140,7974.24
SHP_108147,SO_100345,WH_04,Sea,24-05-2024,2024/05/28,3,4.0,Delayed,4921,8572.71,27442,18869.29
SHP_108148,SO_103452,WH_10,Road,29-09-2024,2024/10/02,6,3.0,On Time,1737,9148.98,37269,28120.02
SHP_108149,SO_109264,WH_03,Rail,12-02-2024,2024/02/14,7,2.0,On Time,1328,2077.49,9118,7040.51
SHP_108150,SO_107434,WH_12,Air,20-08-2024,2024/08/26,7,6.0,On Time,3885,1794.56,5117,3322.44
SHP_108151,SO_105165,WH_04,Road,02-07-2024,2024/07/04,6,2.0,On Time,4552,16347.08,44925,28577.92
SHP_108152,SO_103915,WH_04,Air,09-05-2024,2024/05/19,3,10.0,Delayed,3739,7478.66,34819,27340.34
SHP_108153,SO_103190,WH_07,Rail,16-03-2024,2024/03/23,5,7.0,Delayed,782,9852.32,35543,25690.68
SHP_108154,SO_103967,WH_09,Air,12-12-2024,2024/12/20,3,8.0,Delayed,350,10197.98,45394,35196.02
SHP_108155,SO_101456,WH_05,Air,28-10-2024,2024/11/07,3,10.0,Delayed,4361,4140.82,16963,12822.18
SHP_108156,SO_105846,WH_12,Rail,30-03-2024,2024/04/01,7,2.0,On Time,3426,8297.14,35081,26783.86
SHP_108157,SO_106898,WH_07,Road,26-12-2024,2024/12/29,4,3.0,On Time,1207,8729.01,37180,28450.99
SHP_108158,SO_101599,WH_03,Rail,06-05-2024,2024/05/14,4,8.0,Delayed,4945,5291.84,24370,19078.16
SHP_108159,SO_102779,WH_05,Air,24-05-2024,2024/05/29,5,5.0,On Time,4232,8189.93,34015,25825.07
SHP_108160,SO_102265,WH_13,Road,01-07-2024,2024/07/07,4,6.0,Delayed,2899,12216.29,39508,27291.71
SHP_108161,SO_101929,WH_01,Air,15-10-2024,2024/10/20,6,5.0,On Time,1772,3577.94,16051,12473.06
SHP_108162,SO_108618,WH_01,Rail,24-09-2024,2024/09/30,7,6.0,On Time,4413,2074.25,6972,4897.75
SHP_108163,SO_104182,WH_01,Road,15-11-2024,2024/11/17,6,2.0,On Time,1069,16620.37,47062,30441.63
SHP_108164,SO_103660,WH_11,Sea,05-08-2024,2024/08/11,5,6.0,Delayed,1859,3518.8,16750,13231.2
SHP_108165,SO_106571,WH_15,Sea,03-07-2024,2024/07/06,4,3.0,On Time,720,4103.76,19046,14942.24
SHP_108166,SO_106648,WH_14,Sea,24-10-2024,2024/11/02,3,9.0,Delayed,1525,2556.86,9348,6791.14
SHP_108167,SO_108443,WH_04,Road,07-04-2024,2024/04/17,4,10.0,Delayed,4144,6243.75,17700,11456.25
SHP_108168,SO_101432,WH_03,Rail,04-06-2024,2024/06/12,5,8.0,Delayed,4868,15656.93,42716,27059.07
SHP_108169,SO_108487,WH_15,Sea,13-01-2024,2024/01/17,4,4.0,On Time,3220,3193.56,15956,12762.44
SHP_108170,SO_105572,WH_11,Rail,28-08-2024,2024/08/31,3,3.0,On Time,1056,6342.24,18205,11862.76
SHP_108171,SO_107193,WH_05,Air,13-11-2024,2024/11/19,4,6.0,Delayed,3750,13165.8,43439,30273.2
SHP_108172,SO_109946,WH_01,Sea,05-06-2024,2024/06/08,6,3.0,On Time,1007,8482.31,25391,16908.69
SHP_108173,SO_105608,WH_02,Air,03-04-2024,2024/04/12,6,9.0,Delayed,1792,4330.25,13720,9389.75
SHP_108174,SO_104623,WH_01,Road,01-05-2024,2024/05/08,7,7.0,On Time,971,9816.67,25796,15979.33
SHP_108175,SO_106317,WH_13,Air,11-04-2024,2024/04/16,4,,Delayed,597,13900.41,38976,25075.59
SHP_108176,SO_107635,WH_05,Air,02-06-2024,2024/06/04,7,2.0,On Time,3720,9648.15,36678,27029.85
SHP_108177,SO_104446,WH_08,Rail,13-09-2024,2024/09/23,5,10.0,Delayed,4785,4354.05,10945,6590.95
SHP_108178,SO_107856,WH_13,Rail,24-03-2024,2024/03/27,7,3.0,On Time,2585,12720.73,35296,22575.27
SHP_108179,SO_102345,WH_10,Air,06-12-2024,2024/12/10,6,4.0,On Time,4640,4686.75,14576,9889.25
SHP_108180,SO_104910,WH_13,Rail,25-05-2024,2024/06/02,3,8.0,Delayed,2083,3140.16,9574,6433.84
SHP_108181,SO_105475,WH_03,Rail,13-07-2024,2024/07/22,3,9.0,Delayed,3467,2335.95,8661,6325.05
SHP_108182,SO_105689,WH_10,Sea,20-11-2024,2024/11/29,3,9.0,Delayed,851,8103.11,28821,20717.89
SHP_108183,SO_104317,WH_12,Air,21-03-2024,2024/03/27,7,6.0,On Time,1177,3732.92,11209,7476.08
SHP_108184,SO_109760,WH_02,Rail,05-12-2024,2024/12/12,5,7.0,Delayed,1291,3284.27,13800,10515.73
SHP_108185,SO_101028,WH_09,Sea,02-04-2024,2024/04/05,7,3.0,On Time,2547,12936.02,49126,36189.98
SHP_108186,SO_105280,WH_11,Rail,05-10-2024,2024/10/11,6,6.0,On Time,3840,12152.14,39583,27430.86
SHP_108187,SO_102642,WH_04,Sea,10-05-2024,2024/05/16,3,6.0,Delayed,1100,12921.45,47353,34431.55
SHP_108188,SO_102361,WH_13,Air,01-12-2024,2024/12/05,4,4.0,On Time,4865,10653.25,46885,36231.75
SHP_108189,SO_104967,WH_15,Rail,02-07-2024,2024/07/11,5,9.0,Delayed,2460,4197.78,10818,6620.22
SHP_108190,SO_103083,WH_03,Sea,14-03-2024,2024/03/18,7,4.0,On Time,2122,5456.07,18080,12623.93
SHP_108191,SO_107066,WH_13,Road,03-02-2024,2024/02/11,3,8.0,Delayed,3083,10855.81,39918,29062.19
SHP_108192,SO_101391,WH_11,Road,16-04-2024,2024/04/20,5,4.0,On Time,3409,2147.54,6552,4404.46
SHP_108193,SO_101743,WH_11,Road,04-08-2024,2024/08/06,6,2.0,On Time,3485,10097.35,39114,29016.65
SHP_108194,SO_102831,WH_04,Sea,18-10-2024,2024/10/28,5,10.0,Delayed,559,5153.44,13815,8661.56
SHP_108195,SO_104318,WH_12,Road,07-11-2024,2024/11/14,3,7.0,Delayed,1513,14649.33,37980,23330.67
SHP_108196,SO_104690,WH_13,Sea,10-04-2024,2024/04/14,3,4.0,Delayed,2849,9157.49,45199,36041.51
SHP_108197,SO_100966,WH_08,Road,15-09-2024,2024/09/25,3,10.0,Delayed,3047,2996.89,8860,5863.11
SHP_108198,SO_104665,WH_04,Sea,12-11-2024,2024/11/20,5,8.0,Delayed,2331,9947.82,34221,24273.18
SHP_108199,SO_105003,WH_03,Sea,05-07-2024,2024/07/10,4,5.0,Delayed,392,13058.75,45022,31963.25
SHP_108200,SO_108218,WH_01,Sea,09-06-2024,2024/06/14,3,5.0,Delayed,2173,11624.84,43066,31441.16
SHP_108201,SO_107762,WH_10,Rail,26-08-2024,2024/08/28,7,,Delayed,2691,7809.95,35283,27473.05
SHP_108202,SO_104199,WH_07,Air,30-07-2024,2024/08/01,6,2.0,On Time,571,11318.6,33096,21777.4
SHP_108203,SO_106829,WH_05,Sea,08-08-2024,2024/08/12,4,4.0,On Time,817,8146.39,23608,15461.61
SHP_108204,SO_105011,WH_13,Road,12-09-2024,2024/09/20,6,8.0,Delayed,574,16082.24,42704,26621.76
SHP_108205,SO_108497,WH_05,Sea,16-01-2024,2024/01/24,3,8.0,Delayed,4124,6644.7,23362,16717.3
SHP_108206,SO_101194,WH_03,Sea,11-09-2024,2024/09/13,7,2.0,On Time,1045,2119.34,8662,6542.66
SHP_108207,SO_106347,WH_01,Road,20-08-2024,2024/08/30,7,10.0,Delayed,2927,1966.91,9717,7750.09
SHP_108208,SO_109629,WH_02,Air,06-11-2024,2024/11/11,4,5.0,Delayed,1522,3081.07,8568,5486.93
SHP_108209,SO_105224,WH_04,Sea,15-07-2024,2024/07/22,6,7.0,Delayed,259,10625.51,40624,29998.49
SHP_108210,SO_106692,WH_14,Rail,04-03-2024,2024/03/14,3,10.0,Delayed,4548,17531.11,46897,29365.89
SHP_108211,SO_109265,WH_11,Road,04-08-2024,2024/08/06,4,2.0,On Time,970,8983.27,39289,30305.73
SHP_108212,SO_105359,WH_03,Sea,26-10-2024,2024/11/05,4,10.0,Delayed,2729,9085.32,35335,26249.68
SHP_108213,SO_108048,WH_07,Air,17-12-2024,2024/12/22,4,5.0,Delayed,1883,5340.35,15630,10289.65
SHP_108214,SO_102178,WH_05,Road,16-12-2024,2024/12/18,4,2.0,On Time,2417,13823.46,45871,32047.54
SHP_108215,SO_102036,WH_13,Air,24-11-2024,2024/12/01,3,7.0,Delayed,4972,9264.43,31717,22452.57
SHP_108216,SO_109164,WH_12,Air,09-02-2024,2024/02/18,7,9.0,Delayed,2142,4647.34,11955,7307.66
SHP_108217,SO_104296,WH_03,Sea,27-06-2024,2024/07/03,3,6.0,Delayed,3087,11669.18,37059,25389.82
SHP_108218,SO_102208,WH_02,Road,28-09-2024,2024/10/08,5,10.0,Delayed,2775,8808.59,42605,33796.41
SHP_108219,SO_103745,WH_04,Rail,30-03-2024,2024/04/03,3,4.0,Delayed,4847,5318.44,14883,9564.56
SHP_108220,SO_102792,WH_08,Sea,21-04-2024,2024/04/28,5,7.0,Delayed,484,4961.6,15655,10693.4
SHP_108221,SO_105696,WH_07,Road,03-12-2024,2024/12/06,7,3.0,On Time,4421,-5240.69,22146,27386.69
SHP_108222,SO_101255,WH_15,Road,24-06-2024,2024/07/02,5,8.0,Delayed,3282,9954.16,48184,38229.84
SHP_108223,SO_104331,WH_07,Rail,08-12-2024,2024/12/14,4,6.0,Delayed,1426,9665.75,33534,23868.25
SHP_108224,SO_103036,WH_09,Rail,09-02-2024,2024/02/11,5,2.0,On Time,4995,9653.89,41775,32121.11
SHP_108225,SO_102276,WH_09,Sea,17-01-2024,2024/01/19,5,2.0,On Time,1859,4104.97,12485,8380.03
SHP_108226,SO_107741,WH_02,Air,14-08-2024,2024/08/23,6,9.0,Delayed,4991,11639.97,38170,26530.03
SHP_108227,SO_101417,WH_04,Road,13-04-2024,2024/04/22,3,9.0,Delayed,2537,6411.13,29830,23418.87
SHP_108228,SO_105579,WH_04,Road,23-11-2024,2024/11/25,6,2.0,On Time,3455,7647.73,22546,14898.27
SHP_108229,SO_107937,WH_03,Rail,02-05-2024,2024/05/11,6,9.0,Delayed,649,2941.09,13649,10707.91
SHP_108230,SO_107857,WH_05,Sea,27-05-2024,2024/06/04,4,8.0,Delayed,2754,3371.68,13792,10420.32
SHP_108231,SO_109352,WH_09,Sea,21-10-2024,2024/10/25,7,4.0,On Time,2983,9462.73,46101,36638.27
SHP_108232,SO_105059,WH_13,Road,22-02-2024,2024/02/28,5,6.0,Delayed,1429,1666.47,7000,5333.53
SHP_108233,SO_102261,WH_10,Air,19-09-2024,2024/09/23,7,4.0,On Time,3045,6031.13,20209,14177.87
SHP_108234,SO_105525,WH_03,Air,27-01-2024,2024/01/29,5,2.0,On Time,3882,4865.21,20111,15245.79
SHP_108235,SO_109193,WH_10,Road,09-09-2024,2024/09/15,6,6.0,On Time,533,13809.21,39617,25807.79
SHP_108236,SO_107536,WH_06,Rail,09-08-2024,2024/08/14,5,5.0,On Time,4806,3070.46,9195,6124.54
SHP_108237,SO_100547,WH_02,Sea,13-12-2024,2024/12/16,6,3.0,On Time,4564,6405.31,16470,10064.69
SHP_108238,SO_107489,WH_02,Air,27-12-2024,2025/01/03,3,7.0,Delayed,4919,3343.25,10974,7630.75
SHP_108239,SO_109849,WH_15,Rail,10-12-2024,2024/12/17,5,7.0,Delayed,3766,8884.45,41776,32891.55
SHP_108240,SO_102427,WH_12,Rail,25-01-2024,2024/01/28,5,3.0,On Time,3070,7715.25,35099,27383.75
SHP_108241,SO_105048,WH_09,Road,14-01-2024,2024/01/24,7,10.0,Delayed,4052,9649.27,47190,37540.73
SHP_108242,SO_103508,WH_13,Air,20-10-2024,2024/10/26,3,6.0,Delayed,1155,10934.95,38279,27344.05
SHP_108243,SO_102344,WH_06,Rail,12-04-2024,2024/04/19,4,7.0,Delayed,2147,4766.21,16602,11835.79
SHP_108244,SO_106650,WH_01,Road,06-03-2024,2024/03/10,7,4.0,On Time,2937,12771.88,35951,23179.12
SHP_108245,SO_102916,WH_09,Rail,22-10-2024,2024/10/29,7,7.0,On Time,3733,9470.25,46644,37173.75
SHP_108246,SO_106471,WH_08,Sea,19-08-2024,2024/08/21,5,2.0,On Time,1972,12944.05,37488,24543.95
SHP_108247,SO_109142,WH_05,Sea,06-10-2024,2024/10/09,3,3.0,On Time,1297,12444.41,45442,32997.59
SHP_108248,SO_106945,WH_07,Rail,03-02-2024,2024/02/08,3,5.0,Delayed,2682,6196.21,26811,20614.79
SHP_108249,SO_108683,WH_11,Air,10-10-2024,2024/10/12,5,2.0,On Time,565,9536.04,29493,19956.96
SHP_108250,SO_102543,WH_09,Air,05-05-2024,2024/05/12,6,7.0,Delayed,1070,9150.89,23048,13897.11
SHP_108251,SO_103927,WH_09,Air,07-07-2024,2024/07/15,3,8.0,Delayed,775,7346.88,35239,27892.12
SHP_108252,SO_106143,WH_10,Air,21-09-2024,2024/09/30,5,9.0,Delayed,3404,11380.45,39472,28091.55
SHP_108253,SO_106533,WH_15,Sea,18-02-2024,2024/02/20,7,2.0,On Time,3928,2491.79,8808,6316.21
SHP_108254,SO_104382,WH_10,Road,13-06-2024,2024/06/18,4,5.0,Delayed,1375,9073.18,22775,13701.82
SHP_108255,SO_104011,WH_01,Road,04-02-2024,2024/02/11,6,7.0,Delayed,761,8752.4,33566,24813.6
SHP_108256,SO_104135,WH_07,Rail,23-08-2024,2024/09/02,6,10.0,Delayed,3589,1789.59,8181,6391.41
SHP_108257,SO_102698,WH_10,Air,17-11-2024,2024/11/21,7,4.0,On Time,2948,9690.34,28034,18343.66
SHP_108258,SO_104476,WH_10,Road,19-08-2024,2024/08/26,3,7.0,Delayed,2968,9319.53,31105,21785.47
SHP_108259,SO_103944,WH_08,Rail,07-12-2024,2024/12/12,6,5.0,On Time,2167,8426.35,21084,12657.65
SHP_108260,SO_109385,WH_13,Road,20-11-2024,2024/11/26,5,6.0,Delayed,3065,5402.9,13730,8327.1
SHP_108261,SO_107299,WH_12,Sea,20-01-2024,2024/01/29,4,9.0,Delayed,646,3776.22,15263,11486.78
SHP_108262,SO_104229,WH_06,Sea,02-04-2024,2024/04/11,6,9.0,Delayed,1692,8632.33,40128,31495.67
SHP_108263,SO_100287,WH_12,Air,13-04-2024,2024/04/16,3,3.0,On Time,4884,7500.99,28875,21374.01
SHP_108264,SO_103813,WH_04,Rail,09-02-2024,2024/02/11,4,2.0,On Time,2967,-17619.8,48244,65863.8
SHP_108265,SO_105024,WH_07,Rail,08-11-2024,2024/11/10,4,2.0,On Time,1256,7610.98,28192,20581.02
SHP_108266,SO_102720,WH_15,Air,08-12-2024,2024/12/12,6,4.0,On Time,2866,7445.15,25258,17812.85
SHP_108267,SO_107358,WH_07,Rail,16-06-2024,2024/06/24,6,8.0,Delayed,1086,13017.73,40824,27806.27
SHP_108268,SO_108848,WH_04,Rail,10-06-2024,2024/06/19,7,9.0,Delayed,1786,10325.11,28331,18005.89
SHP_108269,SO_107936,WH_08,Air,01-08-2024,2024/08/06,3,5.0,Delayed,1443,9926.06,28060,18133.94
SHP_108270,SO_100329,WH_13,Rail,21-12-2024,2024/12/27,6,6.0,On Time,4796,1434.01,6162,4727.99
SHP_108271,SO_106112,WH_10,Rail,10-05-2024,2024/05/18,7,8.0,Delayed,2108,2923.13,13218,10294.87
SHP_108272,SO_105335,WH_09,Rail,15-09-2024,2024/09/18,6,3.0,On Time,4413,12993.76,36334,23340.24
SHP_108273,SO_101285,WH_14,Rail,21-05-2024,2024/05/28,7,7.0,On Time,3269,10153.2,26946,16792.8
SHP_108274,SO_109781,WH_13,Road,27-07-2024,2024/07/31,7,4.0,On Time,2997,13875.87,36929,23053.13
SHP_108275,SO_100183,WH_06,Air,24-12-2024,2025/01/03,7,10.0,Delayed,4236,13575.08,49815,36239.92
SHP_108276,SO_109597,WH_14,Road,06-08-2024,2024/08/12,3,,Delayed,3996,4012.31,18918,14905.69
SHP_108277,SO_106427,WH_15,Rail,06-01-2024,2024/01/11,3,5.0,Delayed,3643,16831.7,49458,32626.3
SHP_108278,SO_103305,WH_04,Road,06-04-2024,2024/04/13,5,7.0,Delayed,2308,9031.92,24651,15619.08
SHP_108279,SO_101436,WH_08,Sea,09-08-2024,2024/08/11,5,2.0,On Time,3703,13760.54,42666,28905.46
SHP_108280,SO_106709,WH_02,Road,24-01-2024,2024/01/31,3,7.0,Delayed,4458,13365.7,45032,31666.3
SHP_108281,SO_106681,WH_15,Sea,16-10-2024,2024/10/26,4,10.0,Delayed,2072,4170.54,12026,7855.46
SHP_108282,SO_109250,WH_15,Sea,13-05-2024,2024/05/21,6,8.0,Delayed,2236,5997.69,24806,18808.31
SHP_108283,SO_104925,WH_08,Sea,02-11-2024,2024/11/11,4,9.0,Delayed,4084,8803.77,35237,26433.23
SHP_108284,SO_109827,WH_01,Road,13-08-2024,2024/08/20,5,7.0,Delayed,1464,10917.39,38994,28076.61
SHP_108285,SO_107419,WH_10,Air,01-02-2024,2024/02/03,5,,Delayed,2684,16507.96,41383,24875.04
SHP_108286,SO_108153,WH_11,Rail,28-08-2024,2024/09/06,4,9.0,Delayed,637,11747.48,35671,23923.52
SHP_108287,SO_107626,WH_12,Sea,13-11-2024,2024/11/22,6,,Delayed,1548,8140.1,33856,25715.9
SHP_108288,SO_106633,WH_12,Rail,28-12-2024,2025/01/07,3,10.0,Delayed,1984,16637.62,49630,32992.38
SHP_108289,SO_104255,WH_03,Air,03-06-2024,2024/06/05,6,2.0,On Time,4470,2036.7,9809,7772.3
SHP_108290,SO_101586,WH_07,Road,11-08-2024,2024/08/20,6,9.0,Delayed,1178,7734.45,24230,16495.55
SHP_108291,SO_105351,WH_15,Sea,26-06-2024,2024/06/28,3,2.0,On Time,1320,9854.32,34839,24984.68
SHP_108292,SO_109000,WH_14,Rail,22-06-2024,2024/06/24,4,2.0,On Time,1497,5959.45,26139,20179.55
SHP_108293,SO_101124,WH_10,Rail,26-08-2024,2024/08/28,5,2.0,On Time,2285,13583.82,44953,31369.18
SHP_108294,SO_101880,WH_13,Air,19-04-2024,2024/04/25,6,6.0,On Time,4768,10420.96,48143,37722.04
SHP_108295,SO_109257,WH_11,Rail,16-08-2024,2024/08/21,3,5.0,Delayed,3867,5030.71,20863,15832.29
SHP_108296,SO_102749,WH_08,Road,15-03-2024,2024/03/21,7,,Delayed,4161,3744.14,17034,13289.86
SHP_108297,SO_103585,WH_12,Road,30-03-2024,2024/04/01,4,2.0,On Time,1090,11564.66,33546,21981.34
SHP_108298,SO_102430,WH_01,Sea,30-05-2024,2024/06/04,5,5.0,On Time,1588,11520.78,33768,22247.22
SHP_108299,SO_100942,WH_04,Sea,23-02-2024,2024/03/03,6,9.0,Delayed,1053,1902.59,8059,6156.41
SHP_108300,SO_101441,WH_11,Sea,16-06-2024,2024/06/24,7,,Delayed,1412,18084.65,48920,30835.35
SHP_108301,SO_101920,WH_05,Road,09-07-2024,2024/07/19,3,10.0,Delayed,4122,3953.41,18928,14974.59
SHP_108302,SO_109739,WH_10,Sea,25-05-2024,2024/06/04,3,10.0,Delayed,2050,11098.76,42839,31740.24
SHP_108303,SO_106334,WH_10,Air,05-02-2024,2024/02/09,5,4.0,On Time,2820,4464.29,20391,15926.71
SHP_108304,SO_108098,WH_07,Rail,24-09-2024,2024/09/30,7,6.0,On Time,3699,6785.33,25477,18691.67
SHP_108305,SO_102317,WH_12,Air,03-12-2024,2024/12/09,6,6.0,On Time,2350,13117.12,39516,26398.88
SHP_108306,SO_103548,WH_10,Sea,03-11-2024,2024/11/12,7,9.0,Delayed,4168,9943.77,25626,15682.23
SHP_108307,SO_102911,WH_13,Rail,13-11-2024,2024/11/18,5,5.0,On Time,4532,12092.79,39854,27761.21
SHP_108308,SO_108045,WH_03,Sea,01-03-2024,2024/03/07,6,6.0,On Time,2267,4789.93,19869,15079.07
SHP_108309,SO_106344,WH_01,Rail,06-12-2024,2024/12/16,7,10.0,Delayed,3302,8266.45,29881,21614.55
SHP_108310,SO_105279,WH_07,Air,28-11-2024,2024/12/07,3,9.0,Delayed,4407,17889.22,46676,28786.78
SHP_108311,SO_108623,WH_03,Sea,06-10-2024,2024/10/10,3,4.0,Delayed,3143,14386.58,45404,31017.42
SHP_108312,SO_102197,WH_06,Air,14-12-2024,2024/12/19,7,5.0,On Time,819,2088.04,6627,4538.96
SHP_108313,SO_107329,WH_02,Rail,19-03-2024,2024/03/22,6,3.0,On Time,3269,7152.92,25072,17919.08
SHP_108314,SO_101235,WH_01,Air,01-09-2024,2024/09/08,6,7.0,Delayed,4041,4844.45,20133,15288.55
SHP_108315,SO_100500,WH_01,Road,15-12-2024,2024/12/24,7,9.0,Delayed,4600,3445.48,12996,9550.52
SHP_108316,SO_100410,WH_06,Air,13-09-2024,2024/09/22,5,9.0,Delayed,1327,2766.94,12143,9376.06
SHP_108317,SO_103817,WH_01,Sea,11-10-2024,2024/10/15,5,4.0,On Time,2633,2653.31,11421,8767.69
SHP_108318,SO_106181,WH_09,Air,17-10-2024,2024/10/23,7,6.0,On Time,3674,11745.73,36350,24604.27
SHP_108319,SO_101778,WH_08,Sea,06-09-2024,2024/09/16,7,10.0,Delayed,1101,12239.24,49674,37434.76
SHP_108320,SO_109703,WH_09,Road,22-05-2024,2024/05/26,4,4.0,On Time,2940,2400.93,10669,8268.07
SHP_108321,SO_109468,WH_08,Air,10-05-2024,2024/05/19,3,9.0,Delayed,386,10944.45,27928,16983.55
SHP_108322,SO_104177,WH_03,Sea,24-03-2024,2024/04/02,7,9.0,Delayed,2095,11803.18,37388,25584.82
SHP_108323,SO_103852,WH_12,Sea,05-01-2024,2024/01/15,7,10.0,Delayed,4161,2373.65,7734,5360.35
SHP_108324,SO_109976,WH_09,Road,03-09-2024,2024/09/12,3,9.0,Delayed,4388,9578.0,27243,17665.0
SHP_108325,SO_103402,WH_09,Air,08-04-2024,2024/04/10,4,2.0,On Time,895,2662.01,9096,6433.99
SHP_108326,SO_108622,WH_09,Rail,21-02-2024,2024/02/26,5,5.0,On Time,892,12926.55,36329,23402.45
SHP_108327,SO_100355,WH_06,Sea,13-04-2024,2024/04/23,5,10.0,Delayed,4445,6450.66,25502,19051.34
SHP_108328,SO_103521,WH_02,Air,01-08-2024,2024/08/08,3,7.0,Delayed,2180,6335.79,30259,23923.21
SHP_108329,SO_102423,WH_05,Sea,07-10-2024,2024/10/10,3,3.0,On Time,1386,1605.92,5124,3518.08
SHP_108330,SO_108873,WH_11,Sea,04-02-2024,2024/02/12,5,8.0,Delayed,775,13029.08,46956,33926.92
SHP_108331,SO_102728,WH_11,Road,23-04-2024,2024/05/03,6,10.0,Delayed,4624,13062.22,49813,36750.78
SHP_108332,SO_100586,WH_03,Rail,05-01-2024,2024/01/07,5,2.0,On Time,1556,9381.99,24376,14994.01
SHP_108333,SO_104728,WH_03,Rail,28-02-2024,2024/03/01,3,2.0,On Time,1986,12752.36,43994,31241.64
SHP_108334,SO_104798,WH_07,Road,03-07-2024,2024/07/06,3,3.0,On Time,3570,13452.92,42268,28815.08
SHP_108335,SO_102476,WH_04,Road,02-05-2024,2024/05/11,7,9.0,Delayed,4285,5955.99,27558,21602.01
SHP_108336,SO_101417,WH_14,Air,09-06-2024,2024/06/15,6,6.0,On Time,1440,10734.0,41751,31017.0
SHP_108337,SO_107648,WH_02,Sea,02-09-2024,2024/09/12,5,10.0,Delayed,2257,16063.5,44912,28848.5
SHP_108338,SO_105455,WH_02,Sea,20-06-2024,2024/06/22,5,2.0,On Time,516,5649.44,16353,10703.56
SHP_108339,SO_105344,WH_09,Sea,26-06-2024,2024/07/04,5,8.0,Delayed,1587,6435.17,18179,11743.83
SHP_108340,SO_102387,WH_07,Road,25-03-2024,2024/03/28,3,3.0,On Time,4140,15584.43,41491,25906.57
SHP_108341,SO_107831,WH_11,Air,10-04-2024,2024/04/14,3,4.0,Delayed,4771,9436.16,26486,17049.84
SHP_108342,SO_105276,WH_09,Rail,07-08-2024,2024/08/12,3,5.0,Delayed,1504,9916.74,47536,37619.26
SHP_108343,SO_104542,WH_10,Air,26-11-2024,2024/11/29,6,3.0,On Time,476,16763.16,47559,30795.84
SHP_108344,SO_108752,WH_05,Road,07-09-2024,2024/09/10,6,3.0,On Time,332,10418.42,37708,27289.58
SHP_108345,SO_105492,WH_11,Rail,19-12-2024,2024/12/23,5,4.0,On Time,610,6024.56,28254,22229.44
SHP_108346,SO_101691,WH_07,Sea,06-04-2024,2024/04/13,7,7.0,On Time,2710,8360.35,33252,24891.65
SHP_108347,SO_105219,WH_12,Air,07-09-2024,2024/09/10,6,3.0,On Time,3718,5449.72,18338,12888.28
SHP_108348,SO_105722,WH_04,Sea,11-02-2024,2024/02/18,3,7.0,Delayed,3109,11078.51,44233,33154.49
SHP_108349,SO_108539,WH_15,Road,27-08-2024,2024/09/05,6,9.0,Delayed,4059,5683.41,28074,22390.59
SHP_108350,SO_108600,WH_14,Air,05-12-2024,2024/12/08,4,3.0,On Time,4635,12110.62,38331,26220.38
SHP_108351,SO_102524,WH_04,Sea,05-05-2024,2024/05/10,5,5.0,On Time,4491,11871.81,32286,20414.19
SHP_108352,SO_102871,WH_05,Road,05-10-2024,2024/10/13,4,8.0,Delayed,3426,12368.23,40578,28209.77
SHP_108353,SO_107933,WH_04,Sea,25-06-2024,2024/07/03,3,8.0,Delayed,4005,13058.19,35078,22019.81
SHP_108354,SO_104297,WH_04,Air,24-08-2024,2024/08/30,3,6.0,Delayed,3505,15354.82,42037,26682.18
SHP_108355,SO_102322,WH_02,Sea,06-01-2024,2024/01/12,7,6.0,On Time,4817,5130.01,16565,11434.99
SHP_108356,SO_105304,WH_05,Rail,11-11-2024,2024/11/17,6,6.0,On Time,4600,5093.14,18083,12989.86
SHP_108357,SO_102303,WH_03,Road,11-01-2024,2024/01/21,4,10.0,Delayed,4151,14758.08,45384,30625.92
SHP_108358,SO_102619,WH_05,Rail,08-03-2024,2024/03/16,6,8.0,Delayed,1255,3513.87,9009,5495.13
SHP_108359,SO_107794,WH_10,Air,09-04-2024,2024/04/18,5,9.0,Delayed,4272,3806.09,15179,11372.91
SHP_108360,SO_100146,WH_09,Rail,07-06-2024,2024/06/10,6,3.0,On Time,637,4170.48,17912,13741.52
SHP_108361,SO_108801,WH_14,Rail,16-07-2024,2024/07/23,5,7.0,Delayed,3571,4106.83,18270,14163.17
SHP_108362,SO_103865,WH_04,Air,19-11-2024,2024/11/28,3,9.0,Delayed,3967,3946.57,17440,13493.43
SHP_108363,SO_102550,WH_06,Air,16-12-2024,2024/12/26,6,10.0,Delayed,2237,11335.19,41142,29806.81
SHP_108364,SO_107581,WH_03,Rail,23-02-2024,2024/02/28,5,5.0,On Time,4901,4890.38,13862,8971.62
SHP_108365,SO_101312,WH_13,Road,21-07-2024,2024/07/31,7,10.0,Delayed,2187,8808.36,36496,27687.64
SHP_108366,SO_106289,WH_13,Road,09-05-2024,2024/05/11,7,2.0,On Time,2525,6226.03,15599,9372.97
SHP_108367,SO_101215,WH_14,Sea,04-05-2024,2024/05/14,3,10.0,Delayed,2887,13179.47,33584,20404.53
SHP_108368,SO_100795,WH_03,Sea,31-12-2024,2025/01/03,3,3.0,On Time,870,8480.36,30666,22185.64
SHP_108369,SO_104214,WH_03,Rail,08-02-2024,2024/02/14,7,6.0,On Time,3551,8834.47,37638,28803.53
SHP_108370,SO_100441,WH_02,Air,22-09-2024,2024/09/28,6,6.0,On Time,4024,9351.51,29652,20300.49
SHP_108371,SO_108244,WH_03,Sea,13-10-2024,2024/10/15,5,2.0,On Time,4500,5746.61,17648,11901.39
SHP_108372,SO_106282,WH_11,Road,15-10-2024,2024/10/20,3,5.0,Delayed,3307,3598.78,14403,10804.22
SHP_108373,SO_102908,WH_07,Road,19-03-2024,2024/03/24,6,5.0,On Time,2117,10820.1,40592,29771.9
SHP_108374,SO_102045,WH_01,Air,24-10-2024,2024/11/03,7,10.0,Delayed,4997,4460.9,14670,10209.1
SHP_108375,SO_107085,WH_06,Rail,22-05-2024,2024/05/30,7,8.0,Delayed,723,3200.1,15281,12080.9
SHP_108376,SO_109000,WH_08,Rail,19-02-2024,2024/02/22,7,3.0,On Time,4831,1902.9,8335,6432.1
SHP_108377,SO_102643,WH_10,Sea,15-01-2024,2024/01/25,4,10.0,Delayed,938,13841.72,43015,29173.28
SHP_108378,SO_100959,WH_03,Air,28-08-2024,2024/08/31,3,3.0,On Time,687,8778.4,33135,24356.6
SHP_108379,SO_102485,WH_07,Sea,18-07-2024,2024/07/24,5,6.0,Delayed,389,13167.47,39917,26749.53
SHP_108380,SO_105357,WH_11,Rail,01-02-2024,2024/02/05,4,4.0,On Time,3309,5618.08,15236,9617.92
SHP_108381,SO_108230,WH_06,Rail,27-07-2024,2024/07/30,5,3.0,On Time,4293,6425.22,26862,20436.78
SHP_108382,SO_103609,WH_15,Rail,02-07-2024,2024/07/04,5,2.0,On Time,3764,10690.38,31299,20608.62
SHP_108383,SO_106478,WH_08,Road,05-06-2024,2024/06/07,6,2.0,On Time,1888,15089.83,39229,24139.17
SHP_108384,SO_108782,WH_15,Sea,19-03-2024,2024/03/23,7,4.0,On Time,2471,4712.38,12765,8052.62
SHP_108385,SO_104041,WH_02,Air,08-06-2024,2024/06/15,5,7.0,Delayed,418,3341.63,9576,6234.37
SHP_108386,SO_104556,WH_06,Sea,19-05-2024,2024/05/28,6,9.0,Delayed,2192,5858.71,23953,18094.29
SHP_108387,SO_105563,WH_15,Air,29-06-2024,2024/07/01,3,2.0,On Time,2337,11171.61,42333,31161.39
SHP_108388,SO_104989,WH_10,Rail,24-11-2024,2024/12/01,3,7.0,Delayed,2823,11590.61,45029,33438.39
SHP_108389,SO_107984,WH_09,Rail,16-07-2024,2024/07/23,7,7.0,On Time,539,2219.43,7948,5728.57
SHP_108390,SO_102574,WH_14,Sea,10-12-2024,2024/12/12,7,2.0,On Time,1128,3825.84,15330,11504.16
SHP_108391,SO_109244,WH_08,Road,05-03-2024,2024/03/09,4,4.0,On Time,2619,4142.95,13429,9286.05
SHP_108392,SO_100759,WH_08,Road,11-06-2024,2024/06/18,6,7.0,Delayed,1361,11440.19,44718,33277.81
SHP_108393,SO_108759,WH_06,Sea,25-07-2024,2024/08/03,3,9.0,Delayed,3727,3818.63,15115,11296.37
SHP_108394,SO_108763,WH_04,Air,27-07-2024,2024/07/29,5,2.0,On Time,3678,6889.65,30965,24075.35
SHP_108395,SO_106120,WH_02,Road,17-06-2024,2024/06/27,3,10.0,Delayed,3683,10528.13,43592,33063.87
SHP_108396,SO_103137,WH_10,Sea,28-08-2024,2024/08/30,6,2.0,On Time,1753,7095.51,20227,13131.49
SHP_108397,SO_108970,WH_07,Rail,22-02-2024,2024/02/26,4,4.0,On Time,4246,10588.79,42264,31675.21
SHP_108398,SO_108188,WH_02,Road,17-03-2024,2024/03/25,3,8.0,Delayed,4032,4581.45,15699,11117.55
SHP_108399,SO_104928,WH_05,Rail,15-07-2024,2024/07/21,5,6.0,Delayed,1317,14166.47,39023,24856.53
SHP_108400,SO_100617,WH_03,Road,18-11-2024,2024/11/24,7,6.0,On Time,3136,17431.41,47108,29676.59
SHP_108401,SO_108307,WH_07,Sea,03-12-2024,2024/12/06,7,3.0,On Time,513,3081.67,13835,10753.33
SHP_108402,SO_102100,WH_08,Rail,12-05-2024,2024/05/14,4,2.0,On Time,1939,2916.11,10916,7999.89
SHP_108403,SO_104990,WH_01,Road,19-10-2024,2024/10/25,3,6.0,Delayed,4690,10849.31,28561,17711.69
SHP_108404,SO_103412,WH_02,Sea,20-04-2024,2024/04/22,3,2.0,On Time,955,12857.6,33440,20582.4
SHP_108405,SO_109630,WH_14,Road,02-12-2024,2024/12/09,6,7.0,Delayed,3958,3327.18,13523,10195.82
SHP_108406,SO_102901,WH_04,Air,18-04-2024,2024/04/21,5,3.0,On Time,617,11976.02,44973,32996.98
SHP_108407,SO_106129,WH_07,Sea,17-11-2024,2024/11/25,5,8.0,Delayed,1531,8293.93,21988,13694.07
SHP_108408,SO_109255,WH_15,Sea,08-07-2024,2024/07/17,5,9.0,Delayed,2184,9367.16,30354,20986.84
SHP_108409,SO_108735,WH_04,Road,18-07-2024,2024/07/22,3,4.0,Delayed,1895,11426.7,45705,34278.3
SHP_108410,SO_101861,WH_04,Road,02-12-2024,2024/12/06,4,4.0,On Time,4293,19051.93,49189,30137.07
SHP_108411,SO_100851,WH_14,Rail,19-06-2024,2024/06/24,5,5.0,On Time,1696,9455.42,25068,15612.58
SHP_108412,SO_104131,WH_14,Sea,05-03-2024,2024/03/15,3,10.0,Delayed,371,7383.14,35844,28460.86
SHP_108413,SO_107519,WH_12,Rail,03-03-2024,2024/03/10,6,7.0,Delayed,3237,12941.39,37889,24947.61
SHP_108414,SO_101084,WH_09,Road,10-08-2024,2024/08/16,3,6.0,Delayed,3631,5586.12,20084,14497.88
SHP_108415,SO_105905,WH_08,Sea,20-12-2024,2024/12/28,4,8.0,Delayed,3167,8062.14,20745,12682.86
SHP_108416,SO_108000,WH_10,Rail,07-01-2024,2024/01/15,6,8.0,Delayed,1100,2050.66,9053,7002.34
SHP_108417,SO_106410,WH_03,Rail,28-03-2024,2024/03/30,6,2.0,On Time,323,8419.79,30117,21697.21
SHP_108418,SO_108375,WH_09,Air,05-02-2024,2024/02/15,3,10.0,Delayed,1703,10379.83,49908,39528.17
SHP_108419,SO_106186,WH_07,Rail,08-09-2024,2024/09/12,4,4.0,On Time,4902,14083.0,44830,30747.0
SHP_108420,SO_108399,WH_04,Rail,25-11-2024,2024/12/01,4,6.0,Delayed,4619,9827.64,26995,17167.36
SHP_108421,SO_108964,WH_02,Road,24-11-2024,2024/12/04,7,10.0,Delayed,2800,17726.19,48587,30860.81
SHP_108422,SO_108143,WH_04,Road,03-02-2024,2024/02/08,4,5.0,Delayed,4162,11678.82,35207,23528.18
SHP_108423,SO_109362,WH_09,Sea,13-11-2024,2024/11/18,4,5.0,Delayed,3036,11599.95,33795,22195.05
SHP_108424,SO_102972,WH_15,Road,11-11-2024,2024/11/15,6,4.0,On Time,3765,10038.65,37157,27118.35
SHP_108425,SO_105922,WH_07,Sea,27-02-2024,2024/03/05,5,7.0,Delayed,526,3290.82,11499,8208.18
SHP_108426,SO_102299,WH_03,Sea,04-02-2024,2024/02/14,4,10.0,Delayed,1807,1976.62,5247,3270.38
SHP_108427,SO_104249,WH_11,Road,05-12-2024,2024/12/07,4,2.0,On Time,1766,18293.95,49085,30791.05
SHP_108428,SO_105122,WH_15,Air,04-05-2024,2024/05/08,7,4.0,On Time,3711,7958.51,28766,20807.49
SHP_108429,SO_101713,WH_12,Rail,22-10-2024,2024/10/27,3,5.0,Delayed,4980,6964.65,21199,14234.35
SHP_108430,SO_109542,WH_15,Road,20-05-2024,2024/05/29,3,9.0,Delayed,352,2146.19,7040,4893.81
SHP_108431,SO_109622,WH_05,Sea,19-07-2024,2024/07/27,5,8.0,Delayed,1116,5852.63,20075,14222.37
SHP_108432,SO_107162,WH_07,Road,11-12-2024,2024/12/14,5,3.0,On Time,901,10382.43,49486,39103.57
SHP_108433,SO_107109,WH_10,Road,12-09-2024,2024/09/19,4,7.0,Delayed,4875,7802.42,23614,15811.58
SHP_108434,SO_104206,WH_06,Road,18-06-2024,2024/06/22,3,4.0,Delayed,4970,6921.37,23003,16081.63
SHP_108435,SO_109150,WH_02,Sea,18-01-2024,2024/01/21,3,3.0,On Time,2307,4133.36,18113,13979.64
SHP_108436,SO_107530,WH_12,Air,19-08-2024,2024/08/29,4,10.0,Delayed,1690,9015.88,42307,33291.12
SHP_108437,SO_102956,WH_08,Road,29-03-2024,2024/04/08,5,10.0,Delayed,1717,4040.51,17698,13657.49
SHP_108438,SO_105456,WH_05,Road,04-02-2024,2024/02/09,5,5.0,On Time,1581,8973.28,27884,18910.72
SHP_108439,SO_100521,WH_01,Rail,01-11-2024,2024/11/04,4,3.0,On Time,362,9434.83,41178,31743.17
SHP_108440,SO_106979,WH_01,Air,29-04-2024,2024/05/02,7,3.0,On Time,3224,4687.34,22362,17674.66
SHP_108441,SO_105096,WH_11,Rail,20-06-2024,2024/06/28,5,8.0,Delayed,3311,5586.72,26046,20459.28
SHP_108442,SO_104012,WH_11,Rail,17-03-2024,2024/03/24,5,7.0,Delayed,940,7726.78,29070,21343.22
SHP_108443,SO_105492,WH_05,Rail,06-05-2024,2024/05/13,4,7.0,Delayed,3895,7338.55,22251,14912.45
SHP_108444,SO_103320,WH_09,Rail,20-08-2024,2024/08/26,4,6.0,Delayed,4561,8899.93,33436,24536.07
SHP_108445,SO_109074,WH_15,Air,02-01-2024,2024/01/04,3,2.0,On Time,4564,2111.2,6020,3908.8
SHP_108446,SO_103706,WH_07,Air,10-09-2024,2024/09/20,5,10.0,Delayed,1713,7205.81,33051,25845.19
SHP_108447,SO_104222,WH_11,Sea,22-04-2024,2024/05/01,3,9.0,Delayed,495,11402.21,29463,18060.79
SHP_108448,SO_105263,WH_01,Sea,25-01-2024,2024/02/03,6,9.0,Delayed,392,9584.9,37698,28113.1
SHP_108449,SO_105083,WH_03,Road,29-02-2024,2024/03/07,6,7.0,Delayed,449,4511.16,12808,8296.84
SHP_108450,SO_107239,WH_05,Air,21-06-2024,2024/06/27,5,6.0,Delayed,2490,13716.96,36939,23222.04
SHP_108451,SO_108766,WH_08,Rail,21-04-2024,2024/04/28,6,7.0,Delayed,4223,8250.71,33405,25154.29
SHP_108452,SO_106232,WH_05,Road,12-11-2024,2024/11/18,3,6.0,Delayed,1559,14936.09,48913,33976.91
SHP_108453,SO_109228,WH_05,Air,19-08-2024,2024/08/26,6,7.0,Delayed,2866,5101.17,14872,9770.83
SHP_108454,SO_100164,WH_10,Air,20-11-2024,2024/11/22,4,2.0,On Time,2155,3618.05,12058,8439.95
SHP_108455,SO_108683,WH_03,Air,25-02-2024,2024/03/05,6,9.0,Delayed,1816,1975.45,6516,4540.55
SHP_108456,SO_104635,WH_13,Sea,02-10-2024,2024/10/05,4,3.0,On Time,3490,12793.69,42323,29529.31
SHP_108457,SO_103419,WH_14,Rail,07-09-2024,2024/09/11,3,4.0,Delayed,554,4449.61,11993,7543.39
SHP_108458,SO_105294,WH_12,Rail,01-09-2024,2024/09/07,7,6.0,On Time,1690,-4382.98,11173,15555.98
SHP_108459,SO_102074,WH_03,Rail,18-05-2024,2024/05/26,4,8.0,Delayed,1866,10114.37,27239,17124.63
SHP_108460,SO_104209,WH_08,Rail,01-04-2024,2024/04/08,7,7.0,On Time,370,9350.86,34911,25560.14
SHP_108461,SO_101918,WH_01,Air,02-06-2024,2024/06/09,7,7.0,On Time,2036,13405.75,49609,36203.25
SHP_108462,SO_103187,WH_07,Rail,20-12-2024,2024/12/24,7,4.0,On Time,408,9113.73,42462,33348.27
SHP_108463,SO_105269,WH_07,Road,19-05-2024,2024/05/22,5,3.0,On Time,3730,2040.95,7242,5201.05
SHP_108464,SO_104719,WH_04,Rail,27-09-2024,2024/10/06,3,9.0,Delayed,3219,12389.56,45620,33230.44
SHP_108465,SO_105428,WH_13,Air,06-05-2024,2024/05/10,7,4.0,On Time,3139,9111.66,33027,23915.34
SHP_108466,SO_108852,WH_07,Rail,05-01-2024,2024/01/13,7,8.0,Delayed,2719,3249.57,13386,10136.43
SHP_108467,SO_103468,WH_04,Rail,08-12-2024,2024/12/11,6,3.0,On Time,3902,8072.13,22850,14777.87
SHP_108468,SO_105889,WH_07,Rail,15-06-2024,2024/06/20,7,5.0,On Time,2234,5646.92,19465,13818.08
SHP_108469,SO_105801,WH_15,Sea,27-10-2024,2024/11/03,7,7.0,On Time,1457,10818.74,33437,22618.26
SHP_108470,SO_101940,WH_04,Road,14-12-2024,2024/12/16,7,2.0,On Time,595,7900.29,24006,16105.71
SHP_108471,SO_104237,WH_08,Rail,31-08-2024,2024/09/10,4,10.0,Delayed,1505,6860.56,29806,22945.44
SHP_108472,SO_108204,WH_07,Road,26-06-2024,2024/07/01,5,5.0,On Time,4959,1340.04,6356,5015.96
SHP_108473,SO_105515,WH_05,Air,15-12-2024,2024/12/21,3,6.0,Delayed,3228,1953.37,7722,5768.63
SHP_108474,SO_109292,WH_12,Road,19-09-2024,2024/09/22,5,3.0,On Time,1261,10542.02,32015,21472.98
SHP_108475,SO_106870,WH_04,Road,06-08-2024,2024/08/15,3,9.0,Delayed,1286,2917.97,8658,5740.03
SHP_108476,SO_105823,WH_11,Rail,27-01-2024,2024/02/01,3,5.0,Delayed,1700,12329.46,37684,25354.54
SHP_108477,SO_100344,WH_02,Sea,04-05-2024,2024/05/14,5,10.0,Delayed,4835,11441.74,31293,19851.26
SHP_108478,SO_102982,WH_14,Road,09-11-2024,2024/11/14,4,5.0,Delayed,1406,1557.16,5982,4424.84
SHP_108479,SO_105407,WH_13,Sea,21-12-2024,2024/12/25,6,4.0,On Time,742,14540.97,43190,28649.03
SHP_108480,SO_101681,WH_13,Rail,05-04-2024,2024/04/12,4,7.0,Delayed,1912,10554.56,29185,18630.44
SHP_108481,SO_102175,WH_13,Rail,15-01-2024,2024/01/25,7,10.0,Delayed,3001,6491.92,16697,10205.08
SHP_108482,SO_106713,WH_15,Air,18-09-2024,2024/09/20,7,2.0,On Time,1279,7665.87,27258,19592.13
SHP_108483,SO_105534,WH_05,Air,25-12-2024,2025/01/03,6,9.0,Delayed,1163,8546.08,32339,23792.92
SHP_108484,SO_100824,WH_14,Sea,25-07-2024,2024/08/01,4,7.0,Delayed,353,9230.47,44143,34912.53
SHP_108485,SO_108855,WH_05,Sea,13-08-2024,2024/08/20,6,7.0,Delayed,1418,7841.78,31481,23639.22
SHP_108486,SO_104688,WH_13,Sea,04-01-2024,2024/01/14,3,10.0,Delayed,437,2392.87,11172,8779.13
SHP_108487,SO_102453,WH_13,Road,05-02-2024,2024/02/12,7,7.0,On Time,1142,13824.13,43032,29207.87
SHP_108488,SO_104728,WH_02,Road,20-06-2024,2024/06/29,6,9.0,Delayed,4459,4411.23,11320,6908.77
SHP_108489,SO_109434,WH_06,Rail,30-01-2024,2024/02/03,7,4.0,On Time,2921,11978.67,37991,26012.33
SHP_108490,SO_103975,WH_07,Rail,07-12-2024,2024/12/09,3,2.0,On Time,4756,6550.83,20709,14158.17
SHP_108491,SO_103663,WH_07,Sea,13-06-2024,2024/06/19,4,6.0,Delayed,1996,8544.67,24817,16272.33
SHP_108492,SO_105359,WH_07,Sea,11-11-2024,2024/11/21,4,10.0,Delayed,4918,1826.24,5883,4056.76
SHP_108493,SO_107803,WH_13,Air,07-03-2024,2024/03/16,7,9.0,Delayed,4497,9535.73,33037,23501.27
SHP_108494,SO_109566,WH_14,Sea,28-05-2024,2024/06/02,6,5.0,On Time,2669,1627.01,7998,6370.99
SHP_108495,SO_105301,WH_01,Rail,21-02-2024,2024/02/24,3,3.0,On Time,4243,5864.8,15709,9844.2
SHP_108496,SO_107749,WH_14,Sea,17-10-2024,2024/10/21,7,4.0,On Time,1630,3299.43,8954,5654.57
SHP_108497,SO_104460,WH_06,Air,22-11-2024,2024/11/25,4,3.0,On Time,1833,6663.26,32348,25684.74
SHP_108498,SO_100535,WH_02,Road,21-04-2024,2024/04/26,3,5.0,Delayed,4582,1981.39,5809,3827.61
SHP_108499,SO_105292,WH_12,Air,30-06-2024,2024/07/09,3,9.0,Delayed,3367,9783.99,44844,35060.01
SHP_108500,SO_100985,WH_07,Sea,17-01-2024,2024/01/23,7,6.0,On Time,4149,3133.18,8679,5545.82
SHP_108501,SO_100280,WH_07,Rail,17-03-2024,2024/03/26,3,9.0,Delayed,825,5089.21,21240,16150.79
SHP_108502,SO_104475,WH_08,Road,04-07-2024,2024/07/12,5,8.0,Delayed,2965,11315.79,38870,27554.21
SHP_108503,SO_109734,WH_05,Road,19-01-2024,2024/01/23,4,4.0,On Time,261,2031.62,6202,4170.38
SHP_108504,SO_102226,WH_15,Air,06-02-2024,2024/02/14,5,8.0,Delayed,2183,1603.11,7053,5449.89
SHP_108505,SO_107441,WH_06,Air,25-02-2024,2024/03/05,6,9.0,Delayed,2270,7122.6,30942,23819.4
SHP_108506,SO_106830,WH_01,Rail,28-12-2024,2024/12/31,6,3.0,On Time,2616,9812.46,46408,36595.54
SHP_108507,SO_102606,WH_10,Sea,09-02-2024,2024/02/17,5,8.0,Delayed,4142,3297.4,10918,7620.6
SHP_108508,SO_109766,WH_10,Rail,16-06-2024,2024/06/19,7,3.0,On Time,526,7879.3,37229,29349.7
SHP_108509,SO_100370,WH_12,Sea,14-03-2024,2024/03/24,7,10.0,Delayed,3297,10726.27,28773,18046.73
SHP_108510,SO_105937,WH_06,Sea,19-12-2024,2024/12/22,4,3.0,On Time,4650,11551.75,43551,31999.25
SHP_108511,SO_101108,WH_06,Rail,19-09-2024,2024/09/25,7,6.0,On Time,3389,4107.08,16994,12886.92
SHP_108512,SO_105944,WH_07,Rail,04-06-2024,2024/06/06,6,2.0,On Time,1800,12359.6,42560,30200.4
SHP_108513,SO_105155,WH_09,Rail,11-02-2024,2024/02/18,4,7.0,Delayed,4027,2962.45,8819,5856.55
SHP_108514,SO_105510,WH_02,Road,03-03-2024,2024/03/13,7,10.0,Delayed,4039,11529.68,45738,34208.32
SHP_108515,SO_103788,WH_05,Rail,01-04-2024,2024/04/08,3,7.0,Delayed,2986,5116.79,15929,10812.21
SHP_108516,SO_109629,WH_06,Rail,12-12-2024,2024/12/19,7,7.0,On Time,1544,10792.21,29196,18403.79
SHP_108517,SO_108847,WH_13,Rail,04-11-2024,2024/11/11,6,7.0,Delayed,2524,7562.4,29229,21666.6
SHP_108518,SO_103073,WH_03,Road,11-08-2024,2024/08/21,3,10.0,Delayed,399,7333.41,30111,22777.59
SHP_108519,SO_109825,WH_01,Air,14-12-2024,2024/12/24,5,10.0,Delayed,2260,10972.36,35836,24863.64
SHP_108520,SO_102569,WH_13,Road,22-06-2024,2024/06/25,3,3.0,On Time,3188,7302.04,18459,11156.96
SHP_108521,SO_109665,WH_02,Air,28-03-2024,2024/04/04,5,7.0,Delayed,939,3610.87,13100,9489.13
SHP_108522,SO_104123,WH_04,Road,04-06-2024,2024/06/12,6,8.0,Delayed,3588,5848.2,19133,13284.8
SHP_108523,SO_102480,WH_07,Rail,24-06-2024,2024/06/30,4,6.0,Delayed,3618,15546.92,41574,26027.08
SHP_108524,SO_100424,WH_04,Road,12-02-2024,2024/02/20,3,8.0,Delayed,2229,5196.57,13850,8653.43
SHP_108525,SO_105522,WH_02,Air,09-02-2024,2024/02/13,3,4.0,Delayed,1979,7616.26,21866,14249.74
SHP_108526,SO_109826,WH_14,Rail,21-06-2024,2024/06/30,7,9.0,Delayed,1603,5614.4,23644,18029.6
SHP_108527,SO_109200,WH_10,Sea,06-06-2024,2024/06/15,5,9.0,Delayed,4097,5110.88,15033,9922.12
SHP_108528,SO_107240,WH_13,Road,10-05-2024,2024/05/19,5,9.0,Delayed,2431,6727.36,21338,14610.64
SHP_108529,SO_102176,WH_03,Road,30-08-2024,2024/09/09,6,10.0,Delayed,2589,9736.27,47516,37779.73
SHP_108530,SO_107127,WH_07,Air,28-04-2024,2024/05/06,7,8.0,Delayed,4389,6968.83,31340,24371.17
SHP_108531,SO_101216,WH_05,Road,21-02-2024,2024/02/23,3,2.0,On Time,1370,2323.58,7249,4925.42
SHP_108532,SO_104179,WH_10,Air,11-06-2024,2024/06/18,4,7.0,Delayed,3565,4309.85,12713,8403.15
SHP_108533,SO_109641,WH_07,Road,14-05-2024,2024/05/21,3,7.0,Delayed,4539,1984.64,8815,6830.36
SHP_108534,SO_103672,WH_15,Road,28-01-2024,2024/02/01,6,4.0,On Time,2716,13521.9,36003,22481.1
SHP_108535,SO_105521,WH_11,Road,05-01-2024,2024/01/11,7,6.0,On Time,3202,5739.48,17138,11398.52
SHP_108536,SO_102474,WH_07,Air,08-04-2024,2024/04/13,4,5.0,Delayed,2506,17011.54,43918,26906.46
SHP_108537,SO_106170,WH_10,Road,11-07-2024,2024/07/18,4,7.0,Delayed,785,3989.05,12793,8803.95
SHP_108538,SO_106231,WH_07,Rail,17-05-2024,2024/05/19,6,2.0,On Time,1148,16424.46,49833,33408.54
SHP_108539,SO_109997,WH_10,Rail,14-05-2024,2024/05/19,6,5.0,On Time,4015,10084.95,45098,35013.05
SHP_108540,SO_101302,WH_06,Rail,06-09-2024,2024/09/14,6,8.0,Delayed,1891,2134.08,6914,4779.92
SHP_108541,SO_104635,WH_01,Rail,17-12-2024,2024/12/20,5,3.0,On Time,1264,11707.78,47575,35867.22
SHP_108542,SO_101336,WH_13,Road,08-01-2024,2024/01/18,4,10.0,Delayed,1737,11836.24,30109,18272.76
SHP_108543,SO_103590,WH_05,Sea,24-03-2024,2024/03/26,7,2.0,On Time,3330,11765.25,43986,32220.75
SHP_108544,SO_106006,WH_07,Air,28-09-2024,2024/10/07,6,9.0,Delayed,3639,7467.05,23996,16528.95
SHP_108545,SO_108794,WH_12,Road,21-08-2024,2024/08/24,7,3.0,On Time,1264,9645.78,34759,25113.22
SHP_108546,SO_102628,WH_11,Air,20-10-2024,2024/10/30,3,10.0,Delayed,814,3605.09,12086,8480.91
SHP_108547,SO_103410,WH_14,Sea,28-03-2024,2024/04/04,3,7.0,Delayed,4705,2821.4,8975,6153.6
SHP_108548,SO_102182,WH_13,Road,20-01-2024,2024/01/24,6,4.0,On Time,304,19127.7,48776,29648.3
SHP_108549,SO_103602,WH_07,Sea,28-03-2024,2024/04/03,5,6.0,Delayed,1433,8810.64,32785,23974.36
SHP_108550,SO_103385,WH_05,Rail,07-07-2024,2024/07/16,3,9.0,Delayed,4960,13366.1,37157,23790.9
SHP_108551,SO_100557,WH_02,Sea,23-07-2024,2024/07/25,5,2.0,On Time,4133,7535.81,19964,12428.19
SHP_108552,SO_100439,WH_13,Air,18-04-2024,2024/04/20,6,2.0,On Time,4653,5901.64,19725,13823.36
SHP_108553,SO_109002,WH_13,Air,18-08-2024,2024/08/25,7,7.0,On Time,2522,7137.75,18126,10988.25
SHP_108554,SO_102785,WH_06,Sea,04-08-2024,2024/08/09,4,5.0,Delayed,3174,7187.61,22357,15169.39
SHP_108555,SO_107359,WH_02,Road,09-03-2024,2024/03/19,5,10.0,Delayed,3457,10925.09,41410,30484.91
SHP_108556,SO_100867,WH_08,Rail,23-08-2024,2024/08/31,5,8.0,Delayed,3246,1552.45,5549,3996.55
SHP_108557,SO_100579,WH_05,Air,21-07-2024,2024/07/28,3,7.0,Delayed,457,8978.78,27347,18368.22
SHP_108558,SO_105559,WH_01,Air,24-07-2024,2024/08/03,4,10.0,Delayed,3037,7963.47,20898,12934.53
SHP_108559,SO_101748,WH_12,Road,25-05-2024,2024/06/04,4,10.0,Delayed,2300,5890.17,20197,14306.83
SHP_108560,SO_108470,WH_05,Air,12-07-2024,2024/07/15,6,3.0,On Time,680,5756.51,15603,9846.49
SHP_108561,SO_106418,WH_05,Air,04-10-2024,2024/10/08,7,4.0,On Time,1811,13987.3,43482,29494.7
SHP_108562,SO_109982,WH_13,Rail,31-10-2024,2024/11/04,3,4.0,Delayed,3525,2876.18,7929,5052.82
SHP_108563,SO_100023,WH_02,Rail,12-11-2024,2024/11/21,3,9.0,Delayed,2379,14265.54,41589,27323.46
SHP_108564,SO_100509,WH_07,Rail,22-06-2024,2024/06/30,6,8.0,Delayed,4138,15207.25,40623,25415.75
SHP_108565,SO_104898,WH_15,Sea,28-02-2024,2024/03/06,6,7.0,Delayed,3424,4614.99,17084,12469.01
SHP_108566,SO_102411,WH_01,Road,25-05-2024,2024/05/29,5,4.0,On Time,1974,3734.16,17182,13447.84
SHP_108567,SO_103442,WH_05,Air,21-10-2024,2024/10/31,5,10.0,Delayed,2034,3651.41,12606,8954.59
SHP_108568,SO_102044,WH_13,Sea,21-08-2024,2024/08/28,4,7.0,Delayed,2566,12582.32,41220,28637.68
SHP_108569,SO_103428,WH_07,Air,07-09-2024,2024/09/16,4,9.0,Delayed,745,13406.49,48236,34829.51
SHP_108570,SO_105969,WH_10,Sea,21-04-2024,2024/04/29,3,8.0,Delayed,291,11689.15,42906,31216.85
SHP_108571,SO_101589,WH_02,Sea,08-10-2024,2024/10/15,5,7.0,Delayed,2806,4582.61,16016,11433.39
SHP_108572,SO_108138,WH_03,Air,13-12-2024,2024/12/15,7,2.0,On Time,1451,10388.32,29467,19078.68
SHP_108573,SO_106257,WH_12,Road,04-03-2024,2024/03/12,3,8.0,Delayed,2929,13894.18,45567,31672.82
SHP_108574,SO_100715,WH_14,Road,09-02-2024,2024/02/12,5,3.0,On Time,2163,3767.9,13528,9760.1
SHP_108575,SO_107907,WH_01,Road,30-07-2024,2024/08/07,7,8.0,Delayed,2326,15731.52,49178,33446.48
SHP_108576,SO_109397,WH_11,Road,22-08-2024,2024/09/01,7,10.0,Delayed,2818,2665.09,8022,5356.91
SHP_108577,SO_100446,WH_13,Air,13-03-2024,2024/03/19,3,6.0,Delayed,634,12181.97,33186,21004.03
SHP_108578,SO_107118,WH_02,Sea,30-06-2024,2024/07/07,7,7.0,On Time,4281,9110.32,28323,19212.68
SHP_108579,SO_108067,WH_13,Road,08-09-2024,2024/09/17,4,9.0,Delayed,408,1538.04,6189,4650.96
SHP_108580,SO_104763,WH_13,Rail,23-12-2024,2024/12/27,5,4.0,On Time,3557,7615.11,27922,20306.89
SHP_108581,SO_102636,WH_12,Road,22-01-2024,2024/01/26,7,4.0,On Time,1986,6972.89,18565,11592.11
SHP_108582,SO_109273,WH_13,Sea,20-04-2024,2024/04/30,7,10.0,Delayed,4705,12358.04,37031,24672.96
SHP_108583,SO_106407,WH_11,Road,10-01-2024,2024/01/14,7,4.0,On Time,1453,-8107.15,33810,41917.15
SHP_108584,SO_106920,WH_12,Air,17-03-2024,2024/03/26,5,9.0,Delayed,1643,11207.24,30617,19409.76
SHP_108585,SO_100638,WH_05,Rail,29-05-2024,2024/06/02,5,4.0,On Time,3234,3417.09,9073,5655.91
SHP_108586,SO_100461,WH_02,Rail,12-10-2024,2024/10/21,3,9.0,Delayed,1231,9613.27,42377,32763.73
SHP_108587,SO_103037,WH_08,Air,04-05-2024,2024/05/13,7,9.0,Delayed,4537,5930.12,18114,12183.88
SHP_108588,SO_107235,WH_11,Air,04-03-2024,2024/03/07,7,3.0,On Time,1251,7351.86,30409,23057.14
SHP_108589,SO_104021,WH_13,Air,20-12-2024,2024/12/30,7,10.0,Delayed,3183,2264.73,6275,4010.27
SHP_108590,SO_104903,WH_01,Air,11-11-2024,2024/11/21,7,10.0,Delayed,2224,6251.74,17463,11211.26
SHP_108591,SO_101786,WH_13,Road,04-04-2024,2024/04/07,3,3.0,On Time,4005,4971.55,15059,10087.45
SHP_108592,SO_101701,WH_03,Road,31-07-2024,2024/08/10,5,10.0,Delayed,1591,5603.21,17529,11925.79
SHP_108593,SO_107285,WH_01,Air,29-09-2024,2024/10/07,3,8.0,Delayed,1533,14525.08,41989,27463.92
SHP_108594,SO_109068,WH_12,Air,29-11-2024,2024/12/06,6,7.0,Delayed,2668,8522.04,38408,29885.96
SHP_108595,SO_106694,WH_15,Air,04-08-2024,2024/08/09,5,5.0,On Time,1114,2539.66,8079,5539.34
SHP_108596,SO_105233,WH_07,Air,05-10-2024,2024/10/08,4,3.0,On Time,2015,5651.37,19631,13979.63
SHP_108597,SO_105806,WH_15,Rail,06-08-2024,2024/08/14,6,8.0,Delayed,4631,6919.61,29916,22996.39
SHP_108598,SO_108929,WH_11,Road,19-11-2024,2024/11/24,4,5.0,Delayed,3758,2923.54,9708,6784.46
SHP_108599,SO_109497,WH_04,Road,24-10-2024,2024/10/29,5,5.0,On Time,292,4370.53,16550,12179.47
SHP_108600,SO_106290,WH_03,Air,16-09-2024,2024/09/26,3,10.0,Delayed,3181,14016.75,48273,34256.25
SHP_108601,SO_106641,WH_14,Road,28-06-2024,2024/07/08,5,10.0,Delayed,4330,1936.9,8735,6798.1
SHP_108602,SO_102616,WH_02,Air,27-10-2024,2024/11/05,6,,Delayed,985,1574.37,6780,5205.63
SHP_108603,SO_106650,WH_12,Air,28-03-2024,2024/04/06,5,9.0,Delayed,934,4068.74,12395,8326.26
SHP_108604,SO_109295,WH_15,Sea,23-05-2024,2024/05/27,6,4.0,On Time,4558,15970.18,49929,33958.82
SHP_108605,SO_104060,WH_01,Road,19-11-2024,2024/11/24,6,,Delayed,2990,13263.69,47379,34115.31
SHP_108606,SO_108521,WH_13,Rail,13-06-2024,2024/06/20,7,7.0,On Time,2485,12693.84,33040,20346.16
SHP_108607,SO_107400,WH_03,Air,09-06-2024,2024/06/17,6,8.0,Delayed,553,10411.66,36487,26075.34
SHP_108608,SO_108275,WH_05,Rail,11-06-2024,2024/06/15,3,4.0,Delayed,1611,6203.67,21197,14993.33
SHP_108609,SO_106547,WH_10,Sea,23-05-2024,2024/05/30,4,7.0,Delayed,235,3198.75,8881,5682.25
SHP_108610,SO_107043,WH_12,Sea,25-01-2024,2024/01/28,5,3.0,On Time,1630,7223.74,32849,25625.26
SHP_108611,SO_101735,WH_08,Sea,06-03-2024,2024/03/08,6,2.0,On Time,4386,10306.35,44539,34232.65
SHP_108612,SO_101271,WH_13,Air,06-07-2024,2024/07/14,3,8.0,Delayed,4876,1937.72,8708,6770.28
SHP_108613,SO_102119,WH_02,Sea,23-04-2024,2024/04/29,3,6.0,Delayed,3875,3603.28,13430,9826.72
SHP_108614,SO_101825,WH_12,Rail,24-02-2024,2024/02/27,5,3.0,On Time,2247,5311.33,21435,16123.67
SHP_108615,SO_104063,WH_04,Road,29-01-2024,2024/02/02,3,4.0,Delayed,923,4004.61,11987,7982.39
SHP_108616,SO_102564,WH_12,Air,09-02-2024,2024/02/11,5,2.0,On Time,604,7341.86,24604,17262.14
SHP_108617,SO_101870,WH_15,Road,05-08-2024,2024/08/13,4,8.0,Delayed,972,8404.31,28931,20526.69
SHP_108618,SO_105652,WH_07,Road,31-01-2024,2024/02/03,4,3.0,On Time,920,4189.84,20709,16519.16
SHP_108619,SO_109048,WH_11,Road,04-06-2024,2024/06/14,5,10.0,Delayed,1398,10155.03,36498,26342.97
SHP_108620,SO_106956,WH_09,Rail,16-12-2024,2024/12/24,6,8.0,Delayed,4834,11053.45,38289,27235.55
SHP_108621,SO_107342,WH_04,Rail,20-10-2024,2024/10/26,5,6.0,Delayed,3403,13737.48,48768,35030.52
SHP_108622,SO_109032,WH_10,Air,20-10-2024,2024/10/27,7,7.0,On Time,4913,4743.03,14267,9523.97
SHP_108623,SO_106737,WH_12,Road,01-05-2024,2024/05/05,7,4.0,On Time,4465,3901.38,14070,10168.62
SHP_108624,SO_108683,WH_15,Sea,16-02-2024,2024/02/23,4,7.0,Delayed,2694,18836.22,49584,30747.78
SHP_108625,SO_109459,WH_10,Air,29-09-2024,2024/10/02,5,3.0,On Time,3192,14723.91,37993,23269.09
SHP_108626,SO_105202,WH_04,Road,29-11-2024,2024/12/07,4,8.0,Delayed,2829,8658.12,36344,27685.88
SHP_108627,SO_109618,WH_02,Rail,19-04-2024,2024/04/26,4,7.0,Delayed,625,11120.08,44710,33589.92
SHP_108628,SO_108701,WH_01,Rail,08-02-2024,2024/02/17,3,,Delayed,725,13393.55,37754,24360.45
SHP_108629,SO_105555,WH_14,Rail,17-06-2024,2024/06/26,4,9.0,Delayed,2421,8432.17,29593,21160.83
SHP_108630,SO_102606,WH_08,Air,20-09-2024,2024/09/27,4,7.0,Delayed,3052,5682.83,14774,9091.17
SHP_108631,SO_108838,WH_05,Road,06-04-2024,2024/04/11,5,5.0,On Time,3993,18427.48,46703,28275.52
SHP_108632,SO_105250,WH_03,Road,25-06-2024,2024/07/03,6,8.0,Delayed,2996,15352.55,43064,27711.45
SHP_108633,SO_109995,WH_09,Road,16-09-2024,2024/09/18,7,2.0,On Time,1067,3417.13,12646,9228.87
SHP_108634,SO_102925,WH_08,Sea,29-08-2024,2024/09/02,3,4.0,Delayed,4532,4989.01,15062,10072.99
SHP_108635,SO_102502,WH_14,Road,15-10-2024,2024/10/20,7,5.0,On Time,3550,16279.01,40804,24524.99
SHP_108636,SO_105833,WH_02,Sea,03-03-2024,2024/03/08,3,5.0,Delayed,3345,14923.38,45179,30255.62
SHP_108637,SO_101461,WH_12,Sea,03-11-2024,2024/11/06,6,3.0,On Time,3143,8440.16,26513,18072.84
SHP_108638,SO_103736,WH_11,Air,13-12-2024,2024/12/16,3,3.0,On Time,728,8562.02,27544,18981.98
SHP_108639,SO_102471,WH_09,Air,09-01-2024,2024/01/11,3,2.0,On Time,3861,1700.75,5555,3854.25
SHP_108640,SO_109844,WH_05,Sea,07-09-2024,2024/09/16,3,9.0,Delayed,3916,4400.01,16503,12102.99
SHP_108641,SO_102744,WH_12,Air,13-06-2024,2024/06/19,7,6.0,On Time,3547,10836.47,28638,17801.53
SHP_108642,SO_108280,WH_07,Sea,01-02-2024,2024/02/07,7,6.0,On Time,261,8094.67,34109,26014.33
SHP_108643,SO_106318,WH_14,Rail,04-07-2024,2024/07/13,3,9.0,Delayed,1721,19319.88,49813,30493.12
SHP_108644,SO_102320,WH_07,Air,10-02-2024,2024/02/16,4,6.0,Delayed,4895,11484.58,38688,27203.42
SHP_108645,SO_105336,WH_15,Sea,31-10-2024,2024/11/03,4,3.0,On Time,1616,8261.15,33038,24776.85
SHP_108646,SO_107506,WH_10,Sea,31-07-2024,2024/08/05,3,5.0,Delayed,2071,5831.83,19615,13783.17
SHP_108647,SO_102935,WH_15,Rail,24-06-2024,2024/06/27,7,3.0,On Time,1825,5841.17,26521,20679.83
SHP_108648,SO_105382,WH_04,Road,15-11-2024,2024/11/21,4,6.0,Delayed,4648,4080.79,11073,6992.21
SHP_108649,SO_101448,WH_09,Air,10-01-2024,2024/01/17,6,7.0,Delayed,4725,9512.03,24129,14616.97
SHP_108650,SO_103505,WH_12,Road,26-04-2024,2024/04/28,4,2.0,On Time,981,13494.1,39354,25859.9
SHP_108651,SO_101909,WH_09,Road,09-03-2024,2024/03/11,6,2.0,On Time,3087,12647.02,35549,22901.98
SHP_108652,SO_103031,WH_11,Sea,21-03-2024,2024/03/28,6,7.0,Delayed,4365,4622.0,13687,9065.0
SHP_108653,SO_104868,WH_11,Road,02-04-2024,2024/04/05,6,3.0,On Time,1105,4282.95,18372,14089.05
SHP_108654,SO_100958,WH_05,Air,11-11-2024,2024/11/20,6,9.0,Delayed,1676,1375.16,6291,4915.84
SHP_108655,SO_101214,WH_07,Sea,29-12-2024,2025/01/02,5,4.0,On Time,804,4378.8,11929,7550.2
SHP_108656,SO_108019,WH_06,Sea,09-06-2024,2024/06/14,5,5.0,On Time,1550,2462.15,7701,5238.85
SHP_108657,SO_102143,WH_05,Road,05-02-2024,2024/02/12,7,7.0,On Time,2273,8627.06,30544,21916.94
SHP_108658,SO_103706,WH_10,Rail,30-08-2024,2024/09/08,6,9.0,Delayed,723,18542.94,46616,28073.06
SHP_108659,SO_102262,WH_15,Rail,28-06-2024,2024/07/01,7,3.0,On Time,1296,13184.37,36020,22835.63
SHP_108660,SO_100028,WH_06,Sea,10-03-2024,2024/03/17,3,7.0,Delayed,1999,9167.31,29802,20634.69
SHP_108661,SO_107597,WH_03,Rail,01-08-2024,2024/08/03,3,2.0,On Time,1683,18105.09,48829,30723.91
SHP_108662,SO_108270,WH_01,Sea,02-11-2024,2024/11/07,6,5.0,On Time,2875,4458.16,11146,6687.84
SHP_108663,SO_103203,WH_11,Sea,21-11-2024,2024/11/27,7,6.0,On Time,3969,2754.82,10873,8118.18
SHP_108664,SO_105611,WH_10,Rail,20-06-2024,2024/06/28,7,8.0,Delayed,1798,9924.32,37239,27314.68
SHP_108665,SO_103238,WH_04,Air,06-03-2024,2024/03/14,7,8.0,Delayed,2287,7649.86,20736,13086.14
SHP_108666,SO_101796,WH_06,Rail,08-11-2024,2024/11/12,4,4.0,On Time,1259,3453.14,9536,6082.86
SHP_108667,SO_109613,WH_01,Rail,20-09-2024,2024/09/22,3,2.0,On Time,4054,9396.56,44727,35330.44
SHP_108668,SO_106244,WH_08,Sea,18-01-2024,2024/01/23,3,5.0,Delayed,1096,16430.07,44931,28500.93
SHP_108669,SO_107781,WH_03,Rail,23-02-2024,2024/02/26,7,3.0,On Time,4884,6651.25,20806,14154.75
SHP_108670,SO_104950,WH_15,Rail,02-04-2024,2024/04/11,6,9.0,Delayed,3310,4976.57,20540,15563.43
SHP_108671,SO_100159,WH_08,Road,13-03-2024,2024/03/17,7,4.0,On Time,2648,13322.58,33612,20289.42
SHP_108672,SO_102931,WH_08,Road,13-10-2024,2024/10/18,5,5.0,On Time,1074,17244.37,46045,28800.63
SHP_108673,SO_104844,WH_02,Rail,17-11-2024,2024/11/24,4,7.0,Delayed,265,12403.8,44083,31679.2
SHP_108674,SO_103427,WH_13,Air,24-08-2024,2024/09/02,4,9.0,Delayed,4004,16033.67,45660,29626.33
SHP_108675,SO_101217,WH_05,Air,21-03-2024,2024/03/24,6,3.0,On Time,342,2001.45,6128,4126.55
SHP_108676,SO_106907,WH_08,Air,17-06-2024,2024/06/25,4,8.0,Delayed,1616,10755.74,27116,16360.26
SHP_108677,SO_103268,WH_14,Sea,26-06-2024,2024/07/01,6,5.0,On Time,2281,14961.85,44792,29830.15
SHP_108678,SO_101664,WH_11,Road,02-11-2024,2024/11/08,5,6.0,Delayed,1965,2377.21,6169,3791.79
SHP_108679,SO_104163,WH_07,Sea,31-07-2024,2024/08/08,3,8.0,Delayed,4503,14404.15,40436,26031.85
SHP_108680,SO_100462,WH_08,Road,18-11-2024,2024/11/28,4,10.0,Delayed,4409,8502.55,24058,15555.45
SHP_108681,SO_104168,WH_01,Sea,30-10-2024,2024/11/06,7,7.0,On Time,4811,15328.28,39769,24440.72
SHP_108682,SO_107371,WH_12,Sea,19-08-2024,2024/08/23,4,4.0,On Time,3297,9232.14,35901,26668.86
SHP_108683,SO_102716,WH_14,Sea,03-06-2024,2024/06/07,7,4.0,On Time,2604,17824.01,48572,30747.99
SHP_108684,SO_100019,WH_05,Rail,28-05-2024,2024/06/04,4,7.0,Delayed,1699,5042.42,20777,15734.58
SHP_108685,SO_101242,WH_14,Air,12-08-2024,2024/08/20,7,8.0,Delayed,3172,9985.41,32184,22198.59
SHP_108686,SO_100677,WH_08,Rail,15-03-2024,2024/03/18,7,3.0,On Time,4033,14648.38,48670,34021.62
SHP_108687,SO_109852,WH_12,Sea,29-06-2024,2024/07/07,6,8.0,Delayed,4103,-16312.73,43973,60285.73
SHP_108688,SO_102307,WH_12,Road,21-12-2024,2024/12/27,4,6.0,Delayed,2187,4236.97,12328,8091.03
SHP_108689,SO_103850,WH_11,Road,18-09-2024,2024/09/24,4,6.0,Delayed,4862,5571.66,14522,8950.34
SHP_108690,SO_104576,WH_07,Rail,27-09-2024,2024/10/06,7,9.0,Delayed,517,5484.12,20744,15259.88
SHP_108691,SO_100221,WH_14,Rail,04-08-2024,2024/08/11,7,7.0,On Time,2062,3118.0,13586,10468.0
SHP_108692,SO_105416,WH_14,Air,19-10-2024,2024/10/21,6,2.0,On Time,2454,10435.79,30961,20525.21
SHP_108693,SO_103086,WH_11,Air,16-02-2024,2024/02/25,7,9.0,Delayed,3089,10360.83,28605,18244.17
SHP_108694,SO_105128,WH_14,Road,25-09-2024,2024/09/30,4,5.0,Delayed,365,5850.32,17700,11849.68
SHP_108695,SO_109878,WH_07,Air,27-06-2024,2024/06/30,3,3.0,On Time,3012,5094.69,16876,11781.31
SHP_108696,SO_101682,WH_09,Sea,31-12-2024,2025/01/03,4,3.0,On Time,3346,11227.81,37206,25978.19
SHP_108697,SO_106927,WH_14,Air,28-11-2024,2024/12/04,6,6.0,On Time,3620,10555.11,33277,22721.89
SHP_108698,SO_109267,WH_06,Air,30-06-2024,2024/07/09,5,9.0,Delayed,3571,11585.88,45944,34358.12
SHP_108699,SO_105426,WH_13,Rail,12-03-2024,2024/03/22,5,10.0,Delayed,234,1800.16,5651,3850.84
SHP_108700,SO_101244,WH_01,Road,03-02-2024,2024/02/13,5,10.0,Delayed,2906,11623.09,33741,22117.91
SHP_108701,SO_106711,WH_15,Rail,09-08-2024,2024/08/17,3,8.0,Delayed,346,10274.16,41826,31551.84
SHP_108702,SO_107015,WH_01,Road,05-11-2024,2024/11/10,5,5.0,On Time,4992,17977.41,46163,28185.59
SHP_108703,SO_107526,WH_09,Air,05-02-2024,2024/02/12,5,7.0,Delayed,2484,8480.09,30929,22448.91
SHP_108704,SO_109802,WH_15,Sea,31-07-2024,2024/08/03,4,3.0,On Time,726,10275.42,31786,21510.58
SHP_108705,SO_103472,WH_02,Rail,19-06-2024,2024/06/29,3,10.0,Delayed,3075,16227.39,49460,33232.61
SHP_108706,SO_101312,WH_02,Air,23-03-2024,2024/03/25,5,2.0,On Time,4230,7707.31,25626,17918.69
SHP_108707,SO_103238,WH_10,Air,18-01-2024,2024/01/23,4,5.0,Delayed,1302,2297.17,6948,4650.83
SHP_108708,SO_103295,WH_14,Sea,31-03-2024,2024/04/07,3,7.0,Delayed,1696,13884.92,45153,31268.08
SHP_108709,SO_102749,WH_13,Sea,03-04-2024,2024/04/05,3,2.0,On Time,4045,3351.36,11053,7701.64
SHP_108710,SO_106581,WH_01,Rail,29-01-2024,2024/02/06,3,8.0,Delayed,715,4715.66,12316,7600.34
SHP_108711,SO_102505,WH_05,Rail,10-04-2024,2024/04/18,6,8.0,Delayed,3878,16793.97,44649,27855.03
SHP_108712,SO_103635,WH_07,Road,15-09-2024,2024/09/18,5,3.0,On Time,3162,6523.65,29957,23433.35
SHP_108713,SO_105370,WH_12,Road,11-04-2024,2024/04/20,3,9.0,Delayed,4372,8794.1,31133,22338.9
SHP_108714,SO_109022,WH_04,Sea,12-10-2024,2024/10/17,3,5.0,Delayed,426,19508.53,49157,29648.47
SHP_108715,SO_109151,WH_11,Air,29-12-2024,2024/12/31,6,2.0,On Time,4116,11861.95,45609,33747.05
SHP_108716,SO_104120,WH_12,Air,24-05-2024,2024/05/26,6,2.0,On Time,4455,10062.22,40994,30931.78
SHP_108717,SO_101318,WH_04,Air,27-04-2024,2024/04/30,6,3.0,On Time,4030,5481.82,22818,17336.18
SHP_108718,SO_103217,WH_07,Sea,26-01-2024,2024/01/31,5,5.0,On Time,4773,11394.97,49932,38537.03
SHP_108719,SO_107907,WH_04,Sea,13-04-2024,2024/04/22,5,9.0,Delayed,2239,11427.2,37647,26219.8
SHP_108720,SO_108639,WH_10,Rail,30-12-2024,2025/01/04,6,5.0,On Time,366,9287.92,40836,31548.08
SHP_108721,SO_101917,WH_09,Air,27-10-2024,2024/10/30,7,3.0,On Time,1549,-7310.47,32488,39798.47
SHP_108722,SO_104333,WH_03,Rail,31-03-2024,2024/04/04,4,4.0,On Time,495,1806.0,8509,6703.0
SHP_108723,SO_103590,WH_11,Air,19-03-2024,2024/03/25,6,6.0,On Time,4647,7560.76,23684,16123.24
SHP_108724,SO_106931,WH_05,Sea,11-10-2024,2024/10/17,5,6.0,Delayed,3399,10960.46,43876,32915.54
SHP_108725,SO_103416,WH_09,Sea,08-07-2024,2024/07/17,7,9.0,Delayed,2087,2533.14,10692,8158.86
SHP_108726,SO_105849,WH_07,Sea,06-02-2024,2024/02/09,6,3.0,On Time,706,16119.94,47267,31147.06
SHP_108727,SO_102328,WH_11,Sea,24-01-2024,2024/01/31,5,7.0,Delayed,3746,4826.68,12899,8072.32
SHP_108728,SO_109363,WH_01,Rail,06-11-2024,2024/11/09,6,3.0,On Time,1221,9366.98,25576,16209.02
SHP_108729,SO_104225,WH_10,Road,02-01-2024,2024/01/12,3,10.0,Delayed,3853,2917.63,9677,6759.37
SHP_108730,SO_103891,WH_06,Sea,28-02-2024,2024/03/06,4,7.0,Delayed,4466,4302.14,12411,8108.86
SHP_108731,SO_104510,WH_06,Road,02-09-2024,2024/09/05,6,3.0,On Time,2824,8138.98,27936,19797.02
SHP_108732,SO_104815,WH_02,Sea,14-04-2024,2024/04/22,4,8.0,Delayed,314,1617.45,7282,5664.55
SHP_108733,SO_102723,WH_11,Air,03-05-2024,2024/05/07,4,4.0,On Time,4454,11294.67,30478,19183.33
SHP_108734,SO_105081,WH_03,Rail,01-06-2024,2024/06/08,6,7.0,Delayed,378,7619.16,31158,23538.84
SHP_108735,SO_109869,WH_02,Air,15-10-2024,2024/10/25,4,10.0,Delayed,2414,10318.04,39765,29446.96
SHP_108736,SO_103599,WH_15,Road,27-04-2024,2024/05/06,4,9.0,Delayed,851,7279.46,31084,23804.54
SHP_108737,SO_108237,WH_02,Road,24-09-2024,2024/10/02,5,8.0,Delayed,887,1382.31,5407,4024.69
SHP_108738,SO_107624,WH_12,Road,27-02-2024,2024/03/05,7,7.0,On Time,4436,10198.11,46225,36026.89
SHP_108739,SO_101637,WH_14,Rail,03-09-2024,2024/09/12,4,9.0,Delayed,3186,10270.32,27643,17372.68
SHP_108740,SO_101263,WH_05,Road,30-03-2024,2024/04/06,4,7.0,Delayed,2241,11720.13,48917,37196.87
SHP_108741,SO_106331,WH_06,Rail,09-03-2024,2024/03/18,5,9.0,Delayed,2043,6008.25,17429,11420.75
SHP_108742,SO_101026,WH_03,Air,16-04-2024,2024/04/19,3,3.0,On Time,1893,11909.99,35739,23829.01
SHP_108743,SO_102243,WH_11,Road,21-04-2024,2024/04/29,7,8.0,Delayed,1024,9377.15,26397,17019.85
SHP_108744,SO_108024,WH_03,Rail,22-12-2024,2024/12/24,4,2.0,On Time,4297,11513.97,31673,20159.03
SHP_108745,SO_106910,WH_05,Rail,07-08-2024,2024/08/12,5,5.0,On Time,895,-9656.56,29735,39391.56
SHP_108746,SO_104110,WH_10,Sea,19-07-2024,2024/07/29,5,10.0,Delayed,732,11677.53,33547,21869.47
SHP_108747,SO_107805,WH_12,Air,25-02-2024,2024/03/03,6,7.0,Delayed,1078,11579.82,41641,30061.18
SHP_108748,SO_101854,WH_14,Air,26-05-2024,2024/05/28,7,2.0,On Time,1429,8480.59,21786,13305.41
SHP_108749,SO_102258,WH_11,Road,14-07-2024,2024/07/17,7,3.0,On Time,4357,12381.17,38218,25836.83
SHP_108750,SO_101872,WH_13,Air,08-09-2024,2024/09/14,5,6.0,Delayed,1025,4118.25,19219,15100.75
SHP_108751,SO_100120,WH_09,Road,26-10-2024,2024/11/01,5,6.0,Delayed,4857,8439.49,30399,21959.51
SHP_108752,SO_100660,WH_09,Road,03-01-2024,2024/01/13,5,10.0,Delayed,4869,5170.08,13783,8612.92
SHP_108753,SO_105123,WH_01,Sea,28-01-2024,2024/02/07,4,10.0,Delayed,4721,16762.89,48431,31668.11
SHP_108754,SO_105556,WH_01,Sea,01-06-2024,2024/06/11,6,10.0,Delayed,2245,7492.82,19303,11810.18
SHP_108755,SO_107410,WH_09,Air,03-06-2024,2024/06/11,6,8.0,Delayed,1861,10713.51,38230,27516.49
SHP_108756,SO_102015,WH_10,Road,21-03-2024,2024/03/29,6,8.0,Delayed,860,8139.59,24811,16671.41
SHP_108757,SO_102442,WH_06,Sea,06-04-2024,2024/04/16,3,10.0,Delayed,1998,12851.47,43882,31030.53
SHP_108758,SO_108397,WH_14,Air,09-04-2024,2024/04/14,7,5.0,On Time,434,3086.09,8839,5752.91
SHP_108759,SO_103369,WH_02,Road,02-08-2024,2024/08/07,3,5.0,Delayed,2735,4338.61,13667,9328.39
SHP_108760,SO_106908,WH_05,Road,15-04-2024,2024/04/19,3,4.0,Delayed,1579,7673.32,22474,14800.68
SHP_108761,SO_109988,WH_13,Rail,09-03-2024,2024/03/18,3,9.0,Delayed,1094,6162.99,19532,13369.01
SHP_108762,SO_107747,WH_06,Sea,11-05-2024,2024/05/15,7,4.0,On Time,1043,5038.3,13614,8575.7
SHP_108763,SO_106148,WH_08,Air,05-04-2024,2024/04/13,3,8.0,Delayed,907,10743.81,44941,34197.19
SHP_108764,SO_108300,WH_07,Sea,20-03-2024,2024/03/29,3,9.0,Delayed,564,8589.15,33945,25355.85
SHP_108765,SO_104298,WH_09,Sea,08-09-2024,2024/09/11,7,3.0,On Time,3725,6481.53,16591,10109.47
SHP_108766,SO_100239,WH_02,Air,14-02-2024,2024/02/16,6,2.0,On Time,382,8787.94,32686,23898.06
SHP_108767,SO_102117,WH_14,Air,11-02-2024,2024/02/20,7,9.0,Delayed,3166,8229.09,21733,13503.91
SHP_108768,SO_101254,WH_05,Sea,29-09-2024,2024/10/02,5,3.0,On Time,3946,2643.69,7811,5167.31
SHP_108769,SO_109963,WH_10,Air,17-08-2024,2024/08/20,6,3.0,On Time,4184,8814.33,27539,18724.67
SHP_108770,SO_107664,WH_11,Sea,27-06-2024,2024/07/03,4,6.0,Delayed,892,4742.36,17484,12741.64
SHP_108771,SO_101120,WH_13,Sea,02-01-2024,2024/01/08,3,6.0,Delayed,651,5119.59,16706,11586.41
SHP_108772,SO_104658,WH_10,Road,28-05-2024,2024/06/07,5,10.0,Delayed,1645,5965.34,27201,21235.66
SHP_108773,SO_105544,WH_15,Rail,11-07-2024,2024/07/21,3,10.0,Delayed,4211,10719.4,45877,35157.6
SHP_108774,SO_108127,WH_01,Air,01-11-2024,2024/11/03,7,2.0,On Time,3053,9836.68,43414,33577.32
SHP_108775,SO_102441,WH_07,Air,17-09-2024,2024/09/23,6,6.0,On Time,4242,2462.4,10516,8053.6
SHP_108776,SO_109250,WH_06,Air,10-09-2024,2024/09/14,3,4.0,Delayed,2186,14161.39,46211,32049.61
SHP_108777,SO_105685,WH_10,Air,21-09-2024,2024/09/26,3,5.0,Delayed,3785,9900.8,40866,30965.2
SHP_108778,SO_105068,WH_11,Road,24-01-2024,2024/01/27,5,3.0,On Time,4760,14203.18,38791,24587.82
SHP_108779,SO_101003,WH_03,Road,28-05-2024,2024/06/03,4,6.0,Delayed,4845,2850.45,11586,8735.55
SHP_108780,SO_104515,WH_09,Rail,18-01-2024,2024/01/25,5,7.0,Delayed,2519,10640.39,38826,28185.61
SHP_108781,SO_102974,WH_01,Air,27-04-2024,2024/05/07,3,10.0,Delayed,2786,12890.76,43561,30670.24
SHP_108782,SO_107675,WH_01,Sea,01-02-2024,2024/02/08,4,7.0,Delayed,4013,6763.61,24200,17436.39
SHP_108783,SO_109096,WH_06,Air,17-06-2024,2024/06/25,7,8.0,Delayed,4639,8091.26,24360,16268.74
SHP_108784,SO_104459,WH_05,Air,05-02-2024,2024/02/15,7,10.0,Delayed,306,8738.9,31952,23213.1
SHP_108785,SO_109395,WH_15,Road,16-05-2024,2024/05/22,6,6.0,On Time,1215,17631.69,45124,27492.31
SHP_108786,SO_104179,WH_07,Road,21-02-2024,2024/02/27,5,6.0,Delayed,964,3758.8,10627,6868.2
SHP_108787,SO_109505,WH_01,Rail,07-03-2024,2024/03/11,5,4.0,On Time,1492,14267.96,37748,23480.04
SHP_108788,SO_108572,WH_15,Sea,15-12-2024,2024/12/25,7,10.0,Delayed,4817,15178.02,42181,27002.98
SHP_108789,SO_102404,WH_07,Sea,02-09-2024,2024/09/04,7,2.0,On Time,4571,5988.97,26190,20201.03
SHP_108790,SO_109773,WH_07,Road,26-02-2024,2024/03/04,7,7.0,On Time,514,6052.94,18549,12496.06
SHP_108791,SO_100664,WH_05,Sea,26-12-2024,2025/01/05,5,10.0,Delayed,909,9280.87,24958,15677.13
SHP_108792,SO_104559,WH_07,Air,17-03-2024,2024/03/20,4,3.0,On Time,1204,7932.09,37456,29523.91
SHP_108793,SO_105856,WH_13,Road,15-11-2024,2024/11/21,5,6.0,Delayed,1034,14871.53,49988,35116.47
SHP_108794,SO_106160,WH_09,Road,06-11-2024,2024/11/13,5,7.0,Delayed,3982,9979.22,38842,28862.78
SHP_108795,SO_100987,WH_10,Sea,08-02-2024,2024/02/11,4,3.0,On Time,652,6825.78,18940,12114.22
SHP_108796,SO_108795,WH_06,Air,05-12-2024,2024/12/13,3,8.0,Delayed,3382,5587.22,22254,16666.78
SHP_108797,SO_106530,WH_12,Rail,25-12-2024,2025/01/01,4,7.0,Delayed,3798,3308.96,11293,7984.04
SHP_108798,SO_100897,WH_06,Road,27-10-2024,2024/11/01,7,5.0,On Time,4920,5015.01,13725,8709.99
SHP_108799,SO_103554,WH_15,Road,03-05-2024,2024/05/13,4,10.0,Delayed,1559,2939.57,13457,10517.43
SHP_108800,SO_104276,WH_13,Road,01-12-2024,2024/12/11,3,10.0,Delayed,1640,8412.54,34486,26073.46
SHP_108801,SO_106579,WH_07,Road,20-12-2024,2024/12/22,5,2.0,On Time,1992,5710.71,21157,15446.29
SHP_108802,SO_103799,WH_01,Air,26-10-2024,2024/11/05,6,10.0,Delayed,3152,11171.98,37280,26108.02
SHP_108803,SO_108088,WH_12,Road,16-07-2024,2024/07/20,5,4.0,On Time,2988,4098.55,16431,12332.45
SHP_108804,SO_100606,WH_05,Sea,20-08-2024,2024/08/28,3,8.0,Delayed,3330,1863.57,6133,4269.43
SHP_108805,SO_104763,WH_11,Rail,01-07-2024,2024/07/03,4,2.0,On Time,3482,11776.96,36321,24544.04
SHP_108806,SO_109366,WH_02,Road,15-09-2024,2024/09/23,4,8.0,Delayed,3438,11819.23,45663,33843.77
SHP_108807,SO_105100,WH_09,Road,16-01-2024,2024/01/19,5,3.0,On Time,2486,14826.58,43454,28627.42
SHP_108808,SO_101523,WH_07,Road,17-02-2024,2024/02/20,7,3.0,On Time,3074,8342.74,34759,26416.26
SHP_108809,SO_109735,WH_01,Sea,13-07-2024,2024/07/16,5,3.0,On Time,257,2791.03,8004,5212.97
SHP_108810,SO_104375,WH_07,Sea,30-11-2024,2024/12/07,6,7.0,Delayed,1462,13639.47,48446,34806.53
SHP_108811,SO_108026,WH_15,Rail,24-07-2024,2024/08/02,7,9.0,Delayed,4945,10368.12,28253,17884.88
SHP_108812,SO_107803,WH_08,Sea,04-09-2024,2024/09/10,4,6.0,Delayed,1599,3637.55,16885,13247.45
SHP_108813,SO_102691,WH_11,Road,01-07-2024,2024/07/07,4,6.0,Delayed,3995,11588.75,47798,36209.25
SHP_108814,SO_105653,WH_05,Road,03-09-2024,2024/09/12,3,9.0,Delayed,3141,8333.12,34841,26507.88
SHP_108815,SO_103985,WH_02,Sea,10-04-2024,2024/04/12,3,2.0,On Time,3049,7242.78,31478,24235.22
SHP_108816,SO_103550,WH_11,Rail,27-09-2024,2024/10/01,3,4.0,Delayed,2962,17111.86,43771,26659.14
SHP_108817,SO_109066,WH_04,Road,24-05-2024,2024/05/30,7,6.0,On Time,3072,3682.38,15977,12294.62
SHP_108818,SO_107109,WH_11,Air,25-11-2024,2024/11/30,3,5.0,Delayed,1191,9015.69,24503,15487.31
SHP_108819,SO_103153,WH_10,Sea,15-08-2024,2024/08/19,6,4.0,On Time,3020,6070.28,28186,22115.72
SHP_108820,SO_105213,WH_03,Sea,11-06-2024,2024/06/16,4,5.0,Delayed,2569,2881.47,11583,8701.53
SHP_108821,SO_109686,WH_02,Sea,15-08-2024,2024/08/19,7,4.0,On Time,4626,7967.18,30602,22634.82
SHP_108822,SO_109331,WH_13,Rail,29-04-2024,2024/05/02,7,3.0,On Time,3089,6368.75,17988,11619.25
SHP_108823,SO_107004,WH_14,Sea,11-06-2024,2024/06/18,4,7.0,Delayed,4082,5407.7,14453,9045.3
SHP_108824,SO_108019,WH_02,Sea,02-01-2024,2024/01/04,7,2.0,On Time,1313,2502.42,8882,6379.58
SHP_108825,SO_100294,WH_07,Sea,14-04-2024,2024/04/23,5,9.0,Delayed,1070,3136.54,12685,9548.46
SHP_108826,SO_108189,WH_15,Air,23-11-2024,2024/12/02,7,,Delayed,4052,14388.08,43143,28754.92
SHP_108827,SO_108735,WH_03,Road,29-03-2024,2024/04/08,7,10.0,Delayed,2406,5585.71,14584,8998.29
SHP_108828,SO_106281,WH_09,Air,07-05-2024,2024/05/14,5,7.0,Delayed,3835,16309.87,41117,24807.13
SHP_108829,SO_108257,WH_02,Sea,24-07-2024,2024/08/01,6,8.0,Delayed,1935,2058.74,5840,3781.26
SHP_108830,SO_108037,WH_08,Road,02-03-2024,2024/03/11,3,9.0,Delayed,1213,11150.29,42649,31498.71
SHP_108831,SO_104466,WH_12,Air,21-11-2024,2024/11/28,5,7.0,Delayed,313,1799.56,6534,4734.44
SHP_108832,SO_108304,WH_09,Road,26-12-2024,2024/12/28,5,2.0,On Time,4086,7829.17,28016,20186.83
SHP_108833,SO_101588,WH_05,Sea,26-01-2024,2024/01/31,5,5.0,On Time,4372,6394.3,27520,21125.7
SHP_108834,SO_105279,WH_11,Air,13-02-2024,2024/02/21,3,8.0,Delayed,1699,-11224.0,35110,46334.0
SHP_108835,SO_102524,WH_04,Sea,22-07-2024,2024/07/29,4,7.0,Delayed,1413,6186.27,16113,9926.73
SHP_108836,SO_103465,WH_09,Air,08-01-2024,2024/01/12,6,4.0,On Time,2429,1526.38,5360,3833.62
SHP_108837,SO_105075,WH_01,Road,16-06-2024,2024/06/24,4,8.0,Delayed,4257,8289.03,27804,19514.97
SHP_108838,SO_102336,WH_09,Rail,29-09-2024,2024/10/07,5,8.0,Delayed,4796,15380.48,44988,29607.52
SHP_108839,SO_106913,WH_01,Air,26-08-2024,2024/09/03,7,8.0,Delayed,759,5931.32,16698,10766.68
SHP_108840,SO_107689,WH_04,Rail,21-03-2024,2024/03/28,5,7.0,Delayed,4279,7081.86,28343,21261.14
SHP_108841,SO_108291,WH_08,Sea,27-02-2024,2024/02/29,7,2.0,On Time,862,8506.81,24482,15975.19
SHP_108842,SO_103322,WH_11,Air,11-11-2024,2024/11/19,7,8.0,Delayed,1573,14001.84,44115,30113.16
SHP_108843,SO_109861,WH_11,Air,09-09-2024,2024/09/17,7,8.0,Delayed,4642,5639.01,15828,10188.99
SHP_108844,SO_107037,WH_11,Rail,12-10-2024,2024/10/20,7,8.0,Delayed,1247,10059.49,25338,15278.51
SHP_108845,SO_100692,WH_08,Road,24-06-2024,2024/06/28,4,4.0,On Time,1140,6071.99,18520,12448.01
SHP_108846,SO_107948,WH_13,Air,02-11-2024,2024/11/06,7,4.0,On Time,3517,6361.77,24528,18166.23
SHP_108847,SO_101370,WH_03,Air,21-10-2024,2024/10/30,5,9.0,Delayed,239,7010.12,30098,23087.88
SHP_108848,SO_103382,WH_08,Rail,17-08-2024,2024/08/23,5,6.0,Delayed,327,2939.67,12153,9213.33
SHP_108849,SO_101563,WH_12,Air,05-07-2024,2024/07/11,5,6.0,Delayed,1993,10703.81,27322,16618.19
SHP_108850,SO_105591,WH_08,Rail,06-07-2024,2024/07/12,6,6.0,On Time,304,13181.94,40871,27689.06
SHP_108851,SO_105866,WH_06,Sea,25-03-2024,2024/03/30,6,5.0,On Time,4424,6738.92,32340,25601.08
SHP_108852,SO_109017,WH_15,Air,23-01-2024,2024/01/31,5,8.0,Delayed,4150,11280.81,31649,20368.19
SHP_108853,SO_100147,WH_10,Air,12-10-2024,2024/10/14,5,2.0,On Time,3988,5767.92,21507,15739.08
SHP_108854,SO_102020,WH_08,Sea,20-05-2024,2024/05/22,5,2.0,On Time,2918,3032.51,8813,5780.49
SHP_108855,SO_109382,WH_07,Air,04-10-2024,2024/10/09,3,5.0,Delayed,4123,9954.37,43542,33587.63
SHP_108856,SO_100081,WH_05,Road,23-04-2024,2024/04/26,6,3.0,On Time,836,6592.79,23649,17056.21
SHP_108857,SO_102585,WH_04,Road,10-12-2024,2024/12/19,3,9.0,Delayed,4437,4179.01,14511,10331.99
SHP_108858,SO_109803,WH_07,Road,17-08-2024,2024/08/23,7,6.0,On Time,2571,3392.8,10216,6823.2
SHP_108859,SO_103577,WH_04,Sea,31-07-2024,2024/08/04,6,4.0,On Time,3951,1399.89,5510,4110.11
SHP_108860,SO_100537,WH_07,Road,05-03-2024,2024/03/12,6,7.0,Delayed,2297,2904.27,10199,7294.73
SHP_108861,SO_100197,WH_14,Road,28-11-2024,2024/12/08,6,10.0,Delayed,2607,10388.89,33241,22852.11
SHP_108862,SO_107188,WH_02,Rail,30-06-2024,2024/07/06,6,6.0,On Time,1204,1898.13,6899,5000.87
SHP_108863,SO_102867,WH_01,Air,08-03-2024,2024/03/15,5,7.0,Delayed,3311,12243.93,37158,24914.07
SHP_108864,SO_106863,WH_01,Sea,28-02-2024,2024/03/01,4,2.0,On Time,3393,1793.75,5516,3722.25
SHP_108865,SO_107950,WH_13,Road,11-03-2024,2024/03/18,7,7.0,On Time,3085,10838.77,41141,30302.23
SHP_108866,SO_107153,WH_06,Rail,14-07-2024,2024/07/19,5,5.0,On Time,1314,16165.74,43155,26989.26
SHP_108867,SO_102763,WH_06,Rail,13-10-2024,2024/10/19,5,6.0,Delayed,4813,7975.63,29518,21542.37
SHP_108868,SO_108267,WH_09,Rail,09-06-2024,2024/06/12,5,3.0,On Time,4170,9139.62,31601,22461.38
SHP_108869,SO_105379,WH_07,Road,13-04-2024,2024/04/20,4,7.0,Delayed,3891,1762.86,8291,6528.14
SHP_108870,SO_105482,WH_14,Road,04-12-2024,2024/12/11,7,,Delayed,4911,7266.89,33131,25864.11
SHP_108871,SO_102979,WH_02,Rail,17-11-2024,2024/11/24,3,7.0,Delayed,1005,5154.01,17150,11995.99
SHP_108872,SO_109209,WH_02,Rail,03-11-2024,2024/11/07,4,4.0,On Time,2879,11651.82,29252,17600.18
SHP_108873,SO_105252,WH_11,Rail,04-06-2024,2024/06/09,7,5.0,On Time,750,11093.47,32892,21798.53
SHP_108874,SO_101519,WH_11,Sea,28-04-2024,2024/05/04,7,6.0,On Time,926,3547.01,12762,9214.99
SHP_108875,SO_109660,WH_04,Sea,13-05-2024,2024/05/18,5,5.0,On Time,2999,13589.21,49522,35932.79
SHP_108876,SO_105334,WH_08,Road,26-08-2024,2024/09/04,3,9.0,Delayed,4696,4417.66,14476,10058.34
SHP_108877,SO_106899,WH_05,Road,19-02-2024,2024/02/24,3,5.0,Delayed,3784,7792.43,20767,12974.57
SHP_108878,SO_108166,WH_15,Sea,18-03-2024,2024/03/22,4,,Delayed,4693,-6338.27,19774,26112.27
SHP_108879,SO_100040,WH_14,Road,30-05-2024,2024/06/05,5,6.0,Delayed,1356,1482.31,5787,4304.69
SHP_108880,SO_103712,WH_03,Rail,12-02-2024,2024/02/16,3,4.0,Delayed,3081,2858.93,8637,5778.07
SHP_108881,SO_106922,WH_08,Road,13-03-2024,2024/03/22,3,9.0,Delayed,2911,2769.37,8833,6063.63
SHP_108882,SO_100978,WH_07,Road,21-09-2024,2024/09/27,5,6.0,Delayed,2403,4310.82,13376,9065.18
SHP_108883,SO_101073,WH_09,Rail,17-06-2024,2024/06/25,3,8.0,Delayed,3762,18061.75,47684,29622.25
SHP_108884,SO_109035,WH_13,Rail,07-04-2024,2024/04/13,7,6.0,On Time,1005,5555.62,27431,21875.38
SHP_108885,SO_106893,WH_11,Air,30-04-2024,2024/05/03,5,3.0,On Time,487,7311.26,25237,17925.74
SHP_108886,SO_104282,WH_09,Air,02-03-2024,2024/03/07,5,5.0,On Time,3072,1125.61,5036,3910.39
SHP_108887,SO_105913,WH_01,Air,21-06-2024,2024/06/25,7,4.0,On Time,4001,6063.75,27639,21575.25
SHP_108888,SO_104791,WH_01,Air,24-07-2024,2024/08/01,6,8.0,Delayed,3441,3363.61,12258,8894.39
SHP_108889,SO_100366,WH_06,Road,08-11-2024,2024/11/11,7,3.0,On Time,1415,11043.17,27807,16763.83
SHP_108890,SO_106174,WH_02,Road,19-02-2024,2024/02/26,6,7.0,Delayed,4158,11802.59,36202,24399.41
SHP_108891,SO_108181,WH_06,Sea,20-08-2024,2024/08/27,7,7.0,On Time,4334,8134.09,23279,15144.91
SHP_108892,SO_104180,WH_05,Air,30-07-2024,2024/08/09,5,10.0,Delayed,220,2171.01,8678,6506.99
SHP_108893,SO_101207,WH_13,Road,14-10-2024,2024/10/24,3,10.0,Delayed,4203,10001.3,27109,17107.7
SHP_108894,SO_105433,WH_13,Air,30-09-2024,2024/10/06,7,6.0,On Time,494,11001.33,38492,27490.67
SHP_108895,SO_108809,WH_04,Rail,11-03-2024,2024/03/17,6,,Delayed,2020,7771.64,31696,23924.36
SHP_108896,SO_101576,WH_13,Road,03-04-2024,2024/04/09,4,,Delayed,2975,2116.25,10259,8142.75
SHP_108897,SO_107560,WH_13,Sea,06-05-2024,2024/05/13,3,7.0,Delayed,1858,9007.4,28296,19288.6
SHP_108898,SO_103719,WH_08,Rail,05-11-2024,2024/11/15,6,10.0,Delayed,975,4238.04,12323,8084.96
SHP_108899,SO_109334,WH_12,Rail,14-08-2024,2024/08/17,5,3.0,On Time,2475,3412.01,13961,10548.99
SHP_108900,SO_109951,WH_11,Sea,26-08-2024,2024/09/01,5,,Delayed,1160,1569.81,5710,4140.19
SHP_108901,SO_100134,WH_12,Rail,21-12-2024,2024/12/23,4,2.0,On Time,385,8367.65,21964,13596.35
SHP_108902,SO_107029,WH_02,Air,28-08-2024,2024/09/02,7,5.0,On Time,1150,8246.93,21835,13588.07
SHP_108903,SO_108903,WH_09,Sea,22-01-2024,2024/01/29,7,7.0,On Time,3693,5553.64,17946,12392.36
SHP_108904,SO_102896,WH_11,Air,10-01-2024,2024/01/20,4,10.0,Delayed,1061,9631.86,25915,16283.14
SHP_108905,SO_109310,WH_04,Road,31-01-2024,2024/02/10,6,10.0,Delayed,1794,4212.27,11196,6983.73
SHP_108906,SO_105375,WH_11,Rail,15-09-2024,2024/09/21,5,6.0,Delayed,1949,3411.88,14618,11206.12
SHP_108907,SO_101527,WH_05,Road,22-09-2024,2024/10/02,7,10.0,Delayed,3491,6403.93,28387,21983.07
SHP_108908,SO_105223,WH_09,Rail,04-08-2024,2024/08/14,3,10.0,Delayed,270,14647.69,42604,27956.31
SHP_108909,SO_109471,WH_13,Sea,18-11-2024,2024/11/22,4,4.0,On Time,4993,2417.04,10898,8480.96
SHP_108910,SO_103225,WH_13,Sea,03-09-2024,2024/09/08,7,5.0,On Time,3890,14239.77,36004,21764.23
SHP_108911,SO_108320,WH_13,Air,14-07-2024,2024/07/19,7,5.0,On Time,1431,8971.54,39919,30947.46
SHP_108912,SO_109882,WH_11,Air,06-09-2024,2024/09/16,7,10.0,Delayed,1964,12715.08,48920,36204.92
SHP_108913,SO_109762,WH_13,Road,15-02-2024,2024/02/22,7,7.0,On Time,4762,5070.72,13935,8864.28
SHP_108914,SO_102275,WH_15,Air,16-01-2024,2024/01/26,7,10.0,Delayed,461,5148.75,16441,11292.25
SHP_108915,SO_107813,WH_05,Air,17-04-2024,2024/04/27,3,10.0,Delayed,3696,5641.41,16180,10538.59
SHP_108916,SO_109428,WH_06,Sea,31-07-2024,2024/08/07,4,7.0,Delayed,3664,12774.22,47626,34851.78
SHP_108917,SO_108098,WH_08,Air,18-03-2024,2024/03/21,3,3.0,On Time,4406,11656.33,47880,36223.67
SHP_108918,SO_105421,WH_15,Rail,17-05-2024,2024/05/19,7,2.0,On Time,4210,2725.6,6925,4199.4
SHP_108919,SO_105239,WH_14,Sea,06-10-2024,2024/10/15,3,9.0,Delayed,4028,12645.38,45273,32627.62
SHP_108920,SO_108374,WH_14,Road,30-03-2024,2024/04/03,6,4.0,On Time,392,5830.08,18069,12238.92
SHP_108921,SO_104395,WH_14,Air,28-04-2024,2024/05/07,6,9.0,Delayed,3563,10669.96,32572,21902.04
SHP_108922,SO_107610,WH_03,Road,03-05-2024,2024/05/09,6,6.0,On Time,3702,4379.92,12080,7700.08
SHP_108923,SO_106224,WH_09,Sea,25-03-2024,2024/04/03,5,9.0,Delayed,2179,11812.44,40216,28403.56
SHP_108924,SO_108758,WH_02,Sea,10-05-2024,2024/05/18,6,8.0,Delayed,4215,2367.62,9155,6787.38
SHP_108925,SO_104354,WH_03,Sea,07-11-2024,2024/11/10,6,3.0,On Time,375,2913.94,11710,8796.06
SHP_108926,SO_106426,WH_14,Road,31-12-2024,2025/01/03,4,3.0,On Time,3347,10039.06,38884,28844.94
SHP_108927,SO_103026,WH_01,Road,19-10-2024,2024/10/26,6,7.0,Delayed,2884,14779.42,42714,27934.58
SHP_108928,SO_107858,WH_15,Sea,16-01-2024,2024/01/20,7,4.0,On Time,4968,6124.6,27804,21679.4
SHP_108929,SO_109382,WH_07,Sea,29-12-2024,2025/01/06,6,8.0,Delayed,4395,14267.81,44463,30195.19
SHP_108930,SO_107343,WH_11,Road,02-05-2024,2024/05/09,4,7.0,Delayed,1358,14564.81,43015,28450.19
SHP_108931,SO_105940,WH_05,Road,24-03-2024,2024/03/26,6,2.0,On Time,4243,13098.07,34635,21536.93
SHP_108932,SO_107812,WH_04,Air,31-05-2024,2024/06/10,3,10.0,Delayed,3955,15570.45,40353,24782.55
SHP_108933,SO_104665,WH_13,Sea,24-08-2024,2024/08/29,5,5.0,On Time,2010,9314.42,46100,36785.58
SHP_108934,SO_109236,WH_04,Air,27-05-2024,2024/05/30,3,3.0,On Time,1375,2991.37,14914,11922.63
SHP_108935,SO_106745,WH_03,Road,28-02-2024,2024/03/04,4,5.0,Delayed,4941,11326.08,36927,25600.92
SHP_108936,SO_108149,WH_06,Rail,12-05-2024,2024/05/17,6,5.0,On Time,1739,8951.42,23710,14758.58
SHP_108937,SO_108884,WH_08,Air,12-07-2024,2024/07/17,6,5.0,On Time,235,4241.56,17572,13330.44
SHP_108938,SO_107474,WH_05,Air,02-10-2024,2024/10/11,7,9.0,Delayed,735,2366.24,11037,8670.76
SHP_108939,SO_105019,WH_09,Road,08-03-2024,2024/03/15,4,7.0,Delayed,2295,13070.15,43703,30632.85
SHP_108940,SO_101898,WH_12,Rail,22-10-2024,2024/10/28,7,6.0,On Time,646,5194.1,19505,14310.9
SHP_108941,SO_104829,WH_02,Sea,26-08-2024,2024/09/05,4,10.0,Delayed,4494,1661.65,6308,4646.35
SHP_108942,SO_105649,WH_15,Rail,21-04-2024,2024/04/23,7,2.0,On Time,629,6906.27,27798,20891.73
SHP_108943,SO_103375,WH_10,Air,19-10-2024,2024/10/26,7,7.0,On Time,4390,7151.53,28001,20849.47
SHP_108944,SO_100669,WH_02,Air,07-08-2024,2024/08/11,6,4.0,On Time,3524,14806.33,39148,24341.67
SHP_108945,SO_108453,WH_11,Sea,21-02-2024,2024/02/28,6,7.0,Delayed,1866,6226.76,19569,13342.24
SHP_108946,SO_109906,WH_06,Road,28-01-2024,2024/02/02,7,5.0,On Time,569,10340.46,38239,27898.54
SHP_108947,SO_103885,WH_06,Road,15-09-2024,2024/09/25,4,10.0,Delayed,487,7857.78,36344,28486.22
SHP_108948,SO_106806,WH_03,Sea,20-11-2024,2024/11/23,4,3.0,On Time,3042,9749.75,36190,26440.25
SHP_108949,SO_108667,WH_08,Road,19-11-2024,2024/11/29,7,10.0,Delayed,4180,15137.84,39026,23888.16
SHP_108950,SO_100136,WH_02,Rail,06-12-2024,2024/12/14,7,8.0,Delayed,4370,10034.5,30760,20725.5
SHP_108951,SO_104689,WH_06,Road,06-02-2024,2024/02/16,3,10.0,Delayed,848,8058.28,30985,22926.72
SHP_108952,SO_105079,WH_14,Sea,19-02-2024,2024/02/22,3,3.0,On Time,3019,3569.77,16842,13272.23
SHP_108953,SO_101542,WH_15,Rail,25-04-2024,2024/04/30,3,5.0,Delayed,4906,11072.07,29650,18577.93
SHP_108954,SO_107609,WH_12,Sea,25-09-2024,2024/09/29,6,4.0,On Time,2500,10874.13,34584,23709.87
SHP_108955,SO_105312,WH_01,Road,19-12-2024,2024/12/26,7,7.0,On Time,4680,1598.9,5802,4203.1
SHP_108956,SO_109343,WH_02,Air,29-07-2024,2024/08/04,5,6.0,Delayed,4315,9530.34,33215,23684.66
SHP_108957,SO_105919,WH_14,Rail,16-06-2024,2024/06/21,3,5.0,Delayed,3366,5715.17,20864,15148.83
SHP_108958,SO_103837,WH_11,Road,25-08-2024,2024/08/27,6,2.0,On Time,345,2211.77,8032,5820.23
SHP_108959,SO_109777,WH_10,Rail,13-12-2024,2024/12/23,3,10.0,Delayed,2159,4545.88,21593,17047.12
SHP_108960,SO_101951,WH_14,Road,12-12-2024,2024/12/18,4,6.0,Delayed,1087,4660.32,20599,15938.68
SHP_108961,SO_109400,WH_07,Air,09-12-2024,2024/12/15,7,6.0,On Time,2088,6149.35,19460,13310.65
SHP_108962,SO_102236,WH_05,Sea,29-03-2024,2024/04/04,4,6.0,Delayed,1796,10290.41,41860,31569.59
SHP_108963,SO_101171,WH_05,Sea,20-08-2024,2024/08/29,7,9.0,Delayed,1312,6043.79,17915,11871.21
SHP_108964,SO_109596,WH_10,Air,01-02-2024,2024/02/04,5,3.0,On Time,4531,13725.54,49294,35568.46
SHP_108965,SO_109133,WH_06,Air,04-07-2024,2024/07/11,6,7.0,Delayed,3736,5351.99,23151,17799.01
SHP_108966,SO_108061,WH_02,Rail,07-09-2024,2024/09/11,6,4.0,On Time,3059,14814.9,47244,32429.1
SHP_108967,SO_109465,WH_13,Air,08-03-2024,2024/03/12,6,4.0,On Time,1311,5585.88,21420,15834.12
SHP_108968,SO_106025,WH_13,Air,14-02-2024,2024/02/17,6,3.0,On Time,600,3104.0,8722,5618.0
SHP_108969,SO_108114,WH_06,Sea,22-08-2024,2024/08/29,4,7.0,Delayed,4211,3241.38,8351,5109.62
SHP_108970,SO_108999,WH_01,Rail,24-12-2024,2024/12/28,6,4.0,On Time,984,9432.31,29584,20151.69
SHP_108971,SO_100698,WH_13,Sea,30-09-2024,2024/10/05,5,5.0,On Time,2094,2575.8,8937,6361.2
SHP_108972,SO_105729,WH_06,Rail,24-11-2024,2024/11/28,4,4.0,On Time,3281,5777.85,17295,11517.15
SHP_108973,SO_104414,WH_10,Rail,16-03-2024,2024/03/19,5,3.0,On Time,3326,7181.88,19481,12299.12
SHP_108974,SO_101352,WH_03,Rail,14-01-2024,2024/01/24,3,10.0,Delayed,1643,2006.8,8392,6385.2
SHP_108975,SO_108643,WH_09,Air,20-12-2024,2024/12/28,7,8.0,Delayed,354,11383.9,33913,22529.1
SHP_108976,SO_106484,WH_01,Rail,17-02-2024,2024/02/25,6,8.0,Delayed,871,12053.79,42159,30105.21
SHP_108977,SO_100343,WH_12,Air,04-09-2024,2024/09/14,7,10.0,Delayed,4638,9233.9,45295,36061.1
SHP_108978,SO_105381,WH_12,Road,03-02-2024,2024/02/09,7,6.0,On Time,4321,16415.31,41845,25429.69
SHP_108979,SO_107659,WH_15,Sea,06-08-2024,2024/08/13,6,7.0,Delayed,1769,2568.15,6511,3942.85
SHP_108980,SO_108836,WH_10,Air,10-08-2024,2024/08/20,7,10.0,Delayed,4142,2562.7,7160,4597.3
SHP_108981,SO_105006,WH_09,Sea,10-09-2024,2024/09/13,4,3.0,On Time,1667,15525.49,45488,29962.51
SHP_108982,SO_108836,WH_02,Road,24-04-2024,2024/04/27,6,3.0,On Time,1922,1254.16,5028,3773.84
SHP_108983,SO_104279,WH_14,Air,21-03-2024,2024/03/24,7,3.0,On Time,398,5126.35,18677,13550.65
SHP_108984,SO_105289,WH_04,Road,25-07-2024,2024/08/04,6,10.0,Delayed,3037,2601.21,7579,4977.79
SHP_108985,SO_107375,WH_03,Rail,24-01-2024,2024/02/03,7,10.0,Delayed,3394,11983.07,42879,30895.93
SHP_108986,SO_104977,WH_03,Road,17-01-2024,2024/01/26,3,9.0,Delayed,4836,16661.29,44373,27711.71
SHP_108987,SO_106345,WH_02,Road,03-04-2024,2024/04/08,7,5.0,On Time,1920,1808.49,6465,4656.51
SHP_108988,SO_106282,WH_08,Air,14-01-2024,2024/01/18,5,4.0,On Time,2417,3808.94,10967,7158.06
SHP_108989,SO_105879,WH_09,Road,10-05-2024,2024/05/18,5,8.0,Delayed,247,12245.07,36761,24515.93
SHP_108990,SO_107234,WH_12,Rail,12-01-2024,2024/01/17,3,5.0,Delayed,4803,12297.92,38588,26290.08
SHP_108991,SO_109825,WH_14,Rail,04-05-2024,2024/05/12,5,8.0,Delayed,589,14858.45,40880,26021.55
SHP_108992,SO_109887,WH_01,Air,18-05-2024,2024/05/23,7,5.0,On Time,3460,17512.57,46755,29242.43
SHP_108993,SO_102950,WH_15,Road,20-03-2024,2024/03/26,3,6.0,Delayed,394,13159.95,37624,24464.05
SHP_108994,SO_102828,WH_07,Sea,28-02-2024,2024/03/02,5,3.0,On Time,1579,15737.78,39811,24073.22
SHP_108995,SO_103449,WH_12,Air,03-03-2024,2024/03/05,7,2.0,On Time,4557,16037.49,45088,29050.51
SHP_108996,SO_106111,WH_07,Road,18-03-2024,2024/03/22,6,4.0,On Time,915,9861.75,25229,15367.25
SHP_108997,SO_105577,WH_08,Road,19-12-2024,2024/12/23,7,4.0,On Time,3172,8523.21,26737,18213.79
SHP_108998,SO_106255,WH_09,Road,15-05-2024,2024/05/17,7,2.0,On Time,2391,16079.46,49975,33895.54
SHP_108999,SO_108774,WH_05,Sea,21-12-2024,2024/12/26,6,5.0,On Time,3322,11492.64,30565,19072.36
SHP_109000,SO_103651,WH_15,Air,27-01-2024,2024/02/01,6,5.0,On Time,458,6641.26,16938,10296.74
SHP_109001,SO_103897,WH_04,Air,04-12-2024,2024/12/14,4,10.0,Delayed,3765,6006.88,28949,22942.12
SHP_109002,SO_101296,WH_07,Sea,18-08-2024,2024/08/22,4,4.0,On Time,1851,5896.53,29385,23488.47
SHP_109003,SO_108523,WH_10,Sea,07-07-2024,2024/07/10,4,3.0,On Time,1311,13389.94,45172,31782.06
SHP_109004,SO_109616,WH_11,Sea,11-09-2024,2024/09/21,4,10.0,Delayed,1972,12791.13,32652,19860.87
SHP_109005,SO_104030,WH_06,Road,23-01-2024,2024/01/28,3,5.0,Delayed,4113,17086.09,47626,30539.91
SHP_109006,SO_103119,WH_10,Air,10-09-2024,2024/09/16,3,6.0,Delayed,2210,5051.09,23620,18568.91
SHP_109007,SO_103204,WH_06,Road,23-07-2024,2024/07/28,5,5.0,On Time,640,3335.88,14213,10877.12
SHP_109008,SO_100421,WH_01,Air,12-05-2024,2024/05/20,7,8.0,Delayed,4117,10716.01,44138,33421.99
SHP_109009,SO_109197,WH_01,Sea,06-09-2024,2024/09/09,4,3.0,On Time,1016,12969.58,49284,36314.42
SHP_109010,SO_104049,WH_03,Sea,26-01-2024,2024/02/05,4,10.0,Delayed,4004,9240.1,40889,31648.9
SHP_109011,SO_109387,WH_13,Road,13-12-2024,2024/12/22,6,9.0,Delayed,357,5757.69,16001,10243.31
SHP_109012,SO_106463,WH_13,Sea,27-04-2024,2024/05/01,5,4.0,On Time,2654,-4475.85,18808,23283.85
SHP_109013,SO_103138,WH_10,Rail,23-11-2024,2024/11/27,5,4.0,On Time,3149,4708.61,20846,16137.39
SHP_109014,SO_100610,WH_09,Road,08-08-2024,2024/08/18,6,10.0,Delayed,572,9519.85,35080,25560.15
SHP_109015,SO_100516,WH_10,Sea,25-12-2024,2025/01/04,3,10.0,Delayed,4095,7905.3,22043,14137.7
SHP_109016,SO_107379,WH_08,Sea,04-05-2024,2024/05/13,3,9.0,Delayed,3100,4889.64,23737,18847.36
SHP_109017,SO_106024,WH_11,Rail,14-09-2024,2024/09/17,4,3.0,On Time,2014,5209.87,14979,9769.13
SHP_109018,SO_103191,WH_05,Rail,21-02-2024,2024/02/28,3,7.0,Delayed,2623,7244.57,23173,15928.43
SHP_109019,SO_104523,WH_09,Sea,03-11-2024,2024/11/09,5,6.0,Delayed,4875,8737.59,34231,25493.41
SHP_109020,SO_101568,WH_05,Road,15-07-2024,2024/07/22,6,7.0,Delayed,1227,12185.89,46001,33815.11
SHP_109021,SO_104346,WH_12,Sea,04-09-2024,2024/09/06,5,2.0,On Time,2742,9664.02,25816,16151.98
SHP_109022,SO_103312,WH_03,Air,04-08-2024,2024/08/11,5,7.0,Delayed,3914,12148.48,46669,34520.52
SHP_109023,SO_100570,WH_11,Rail,19-06-2024,2024/06/23,7,4.0,On Time,972,6153.05,16641,10487.95
SHP_109024,SO_100677,WH_04,Rail,07-06-2024,2024/06/12,6,,Delayed,3354,13320.01,35707,22386.99
SHP_109025,SO_102475,WH_05,Rail,27-05-2024,2024/06/06,7,10.0,Delayed,3008,5677.7,26326,20648.3
SHP_109026,SO_101046,WH_10,Air,12-11-2024,2024/11/22,7,10.0,Delayed,2425,4401.53,20769,16367.47
SHP_109027,SO_106030,WH_13,Rail,15-08-2024,2024/08/21,3,6.0,Delayed,3444,6410.38,28779,22368.62
SHP_109028,SO_100555,WH_05,Air,07-03-2024,2024/03/12,7,5.0,On Time,3218,2495.55,9612,7116.45
SHP_109029,SO_104386,WH_07,Sea,08-12-2024,2024/12/16,7,8.0,Delayed,3728,6430.77,20671,14240.23
SHP_109030,SO_109220,WH_07,Road,24-12-2024,2025/01/03,7,10.0,Delayed,1347,-12441.04,40376,52817.04
SHP_109031,SO_102240,WH_01,Road,27-06-2024,2024/07/01,5,4.0,On Time,1614,10509.97,27191,16681.03
SHP_109032,SO_108320,WH_10,Sea,25-04-2024,2024/05/03,3,8.0,Delayed,2196,12108.27,46327,34218.73
SHP_109033,SO_106777,WH_05,Sea,22-03-2024,2024/03/27,3,5.0,Delayed,555,11701.72,36985,25283.28
SHP_109034,SO_100659,WH_01,Rail,29-12-2024,2024/12/31,4,2.0,On Time,3233,9449.51,33635,24185.49
SHP_109035,SO_108913,WH_01,Air,31-12-2024,2025/01/08,7,8.0,Delayed,3966,11158.57,40414,29255.43
SHP_109036,SO_101147,WH_05,Rail,10-09-2024,2024/09/15,6,5.0,On Time,696,8360.77,23619,15258.23
SHP_109037,SO_107164,WH_15,Air,03-08-2024,2024/08/07,3,4.0,Delayed,3312,6732.54,31748,25015.46
SHP_109038,SO_108026,WH_06,Sea,28-12-2024,2025/01/07,5,10.0,Delayed,2099,9263.2,35196,25932.8
SHP_109039,SO_104115,WH_05,Road,11-06-2024,2024/06/13,7,2.0,On Time,2158,7778.85,25585,17806.15
SHP_109040,SO_101902,WH_11,Air,23-12-2024,2025/01/01,3,9.0,Delayed,3095,7801.55,24209,16407.45
SHP_109041,SO_105653,WH_05,Road,20-04-2024,2024/04/30,5,10.0,Delayed,4854,9310.95,46534,37223.05
SHP_109042,SO_108015,WH_09,Road,02-01-2024,2024/01/05,7,3.0,On Time,3859,6644.58,27789,21144.42
SHP_109043,SO_100446,WH_01,Air,02-04-2024,2024/04/10,4,8.0,Delayed,2792,15904.62,40280,24375.38
SHP_109044,SO_107752,WH_10,Rail,05-12-2024,2024/12/07,4,2.0,On Time,381,9354.49,26043,16688.51
SHP_109045,SO_103734,WH_11,Sea,15-06-2024,2024/06/21,4,6.0,Delayed,2776,12484.54,32124,19639.46
SHP_109046,SO_108921,WH_13,Road,17-02-2024,2024/02/21,5,4.0,On Time,3799,16807.98,47434,30626.02
SHP_109047,SO_103441,WH_11,Rail,10-05-2024,2024/05/19,3,9.0,Delayed,2467,-16834.19,49409,66243.19
SHP_109048,SO_102827,WH_07,Sea,10-11-2024,2024/11/19,5,9.0,Delayed,2353,8500.62,37261,28760.38
SHP_109049,SO_102943,WH_01,Sea,24-03-2024,2024/03/29,6,5.0,On Time,1370,3376.98,9627,6250.02
SHP_109050,SO_107012,WH_14,Sea,24-08-2024,2024/08/28,4,4.0,On Time,597,13976.88,49147,35170.12
SHP_109051,SO_105758,WH_07,Sea,10-04-2024,2024/04/17,4,7.0,Delayed,1532,3922.12,15569,11646.88
SHP_109052,SO_102229,WH_11,Rail,23-03-2024,2024/03/28,5,5.0,On Time,3762,11731.35,34765,23033.65
SHP_109053,SO_104170,WH_10,Road,22-02-2024,2024/02/24,5,2.0,On Time,945,7740.82,19864,12123.18
SHP_109054,SO_106943,WH_11,Rail,11-10-2024,2024/10/21,5,10.0,Delayed,927,9285.4,34653,25367.6
SHP_109055,SO_100842,WH_13,Road,02-08-2024,2024/08/05,6,3.0,On Time,3079,1744.74,6018,4273.26
SHP_109056,SO_102958,WH_06,Road,27-05-2024,2024/05/30,7,3.0,On Time,736,1744.95,6015,4270.05
SHP_109057,SO_103604,WH_03,Road,26-06-2024,2024/07/03,5,7.0,Delayed,4678,13644.77,39250,25605.23
SHP_109058,SO_102551,WH_08,Sea,08-12-2024,2024/12/17,6,9.0,Delayed,3149,1842.4,5295,3452.6
SHP_109059,SO_105919,WH_10,Rail,01-01-2024,2024/01/08,6,7.0,Delayed,3141,6359.52,23254,16894.48
SHP_109060,SO_108612,WH_14,Sea,06-11-2024,2024/11/12,5,6.0,Delayed,1145,11178.02,29669,18490.98
SHP_109061,SO_101991,WH_15,Air,22-10-2024,2024/10/29,6,7.0,Delayed,1625,10965.43,45662,34696.57
SHP_109062,SO_100587,WH_12,Rail,07-02-2024,2024/02/12,4,5.0,Delayed,1527,12129.92,34445,22315.08
SHP_109063,SO_109557,WH_05,Road,12-09-2024,2024/09/15,5,3.0,On Time,4569,3806.72,9700,5893.28
SHP_109064,SO_108677,WH_05,Rail,18-09-2024,2024/09/25,5,7.0,Delayed,2612,11358.75,46108,34749.25
SHP_109065,SO_100601,WH_05,Sea,22-01-2024,2024/01/28,7,6.0,On Time,1458,6502.09,19785,13282.91
SHP_109066,SO_101534,WH_06,Rail,09-07-2024,2024/07/11,4,2.0,On Time,3954,11686.9,43564,31877.1
SHP_109067,SO_101101,WH_05,Rail,20-09-2024,2024/09/28,6,8.0,Delayed,1205,16765.57,48929,32163.43
SHP_109068,SO_107567,WH_12,Road,12-03-2024,2024/03/14,6,2.0,On Time,4795,13337.78,33798,20460.22
SHP_109069,SO_105792,WH_14,Road,20-10-2024,2024/10/28,5,8.0,Delayed,4250,5735.81,26142,20406.19
SHP_109070,SO_101952,WH_02,Sea,28-10-2024,2024/11/06,4,9.0,Delayed,988,8370.11,35832,27461.89
SHP_109071,SO_107105,WH_04,Air,07-06-2024,2024/06/11,5,4.0,On Time,4269,3713.74,18250,14536.26
SHP_109072,SO_103443,WH_08,Air,18-03-2024,2024/03/27,6,9.0,Delayed,1362,14861.52,46068,31206.48
SHP_109073,SO_102631,WH_14,Sea,10-07-2024,2024/07/17,7,7.0,On Time,2502,6513.02,19277,12763.98
SHP_109074,SO_101129,WH_03,Air,17-07-2024,2024/07/22,3,5.0,Delayed,1120,3967.94,14196,10228.06
SHP_109075,SO_104355,WH_03,Air,30-10-2024,2024/11/09,3,10.0,Delayed,4530,14292.72,48035,33742.28
SHP_109076,SO_107141,WH_06,Air,20-11-2024,2024/11/26,4,6.0,Delayed,3480,9944.42,28697,18752.58
SHP_109077,SO_106498,WH_14,Air,25-05-2024,2024/06/02,3,8.0,Delayed,3210,4331.8,11832,7500.2
SHP_109078,SO_103491,WH_07,Road,11-06-2024,2024/06/17,6,6.0,On Time,1581,6589.17,19320,12730.83
SHP_109079,SO_107562,WH_11,Air,12-11-2024,2024/11/20,3,8.0,Delayed,735,4650.92,15252,10601.08
SHP_109080,SO_108079,WH_06,Rail,19-09-2024,2024/09/21,6,2.0,On Time,414,5615.01,17542,11926.99
SHP_109081,SO_109019,WH_01,Air,15-04-2024,2024/04/17,3,2.0,On Time,4526,1680.04,6991,5310.96
SHP_109082,SO_101435,WH_13,Road,06-03-2024,2024/03/14,5,8.0,Delayed,482,14480.99,36529,22048.01
SHP_109083,SO_100955,WH_03,Sea,02-10-2024,2024/10/10,7,8.0,Delayed,1807,5118.59,19678,14559.41
SHP_109084,SO_101673,WH_08,Air,21-04-2024,2024/04/25,4,4.0,On Time,3516,5877.37,17988,12110.63
SHP_109085,SO_102597,WH_13,Rail,17-04-2024,2024/04/26,5,9.0,Delayed,1052,10747.68,48233,37485.32
SHP_109086,SO_107718,WH_05,Sea,17-09-2024,2024/09/19,4,2.0,On Time,1231,11169.48,32014,20844.52
SHP_109087,SO_107189,WH_11,Air,29-04-2024,2024/05/06,5,7.0,Delayed,2145,6472.63,20243,13770.37
SHP_109088,SO_109904,WH_09,Rail,26-04-2024,2024/05/03,7,7.0,On Time,4592,10315.66,32265,21949.34
SHP_109089,SO_107681,WH_14,Rail,13-11-2024,2024/11/22,7,9.0,Delayed,576,11733.05,47030,35296.95
SHP_109090,SO_104961,WH_12,Rail,14-06-2024,2024/06/21,7,7.0,On Time,1681,2846.42,11100,8253.58
SHP_109091,SO_103342,WH_12,Rail,15-12-2024,2024/12/21,5,6.0,Delayed,2101,11140.73,43432,32291.27
SHP_109092,SO_108270,WH_04,Sea,15-10-2024,2024/10/23,5,8.0,Delayed,4403,3455.97,10660,7204.03
SHP_109093,SO_104364,WH_02,Air,28-11-2024,2024/12/01,3,3.0,On Time,4689,3776.84,10525,6748.16
SHP_109094,SO_105004,WH_09,Road,11-12-2024,2024/12/19,4,8.0,Delayed,4022,17547.14,46051,28503.86
SHP_109095,SO_108723,WH_07,Sea,31-05-2024,2024/06/03,3,3.0,On Time,4542,3814.7,14498,10683.3
SHP_109096,SO_104867,WH_03,Air,29-11-2024,2024/12/08,5,9.0,Delayed,3234,3846.47,10604,6757.53
SHP_109097,SO_103973,WH_04,Sea,14-09-2024,2024/09/21,6,7.0,Delayed,1247,10443.09,46891,36447.91
SHP_109098,SO_104440,WH_01,Air,21-11-2024,2024/11/23,3,2.0,On Time,3480,14502.23,44817,30314.77
SHP_109099,SO_107071,WH_10,Road,23-11-2024,2024/11/25,5,2.0,On Time,4159,11725.25,47388,35662.75
SHP_109100,SO_108611,WH_15,Rail,04-12-2024,2024/12/13,7,9.0,Delayed,2083,4541.4,13740,9198.6
SHP_109101,SO_103738,WH_05,Air,03-08-2024,2024/08/10,6,7.0,Delayed,3338,1309.76,5642,4332.24
SHP_109102,SO_107670,WH_05,Air,01-07-2024,2024/07/06,7,5.0,On Time,230,6438.86,27195,20756.14
SHP_109103,SO_108392,WH_07,Rail,19-09-2024,2024/09/24,7,5.0,On Time,3199,14099.98,37512,23412.02
SHP_109104,SO_108544,WH_01,Air,02-10-2024,2024/10/08,5,6.0,Delayed,2977,8684.7,30868,22183.3
SHP_109105,SO_101299,WH_10,Air,05-06-2024,2024/06/15,7,10.0,Delayed,4579,2341.4,9256,6914.6
SHP_109106,SO_106285,WH_14,Rail,03-06-2024,2024/06/11,5,8.0,Delayed,2915,11429.42,43733,32303.58
SHP_109107,SO_102737,WH_12,Rail,30-04-2024,2024/05/05,6,5.0,On Time,840,10407.64,42638,32230.36
SHP_109108,SO_102082,WH_06,Sea,08-10-2024,2024/10/11,6,3.0,On Time,3861,4421.15,21413,16991.85
SHP_109109,SO_109935,WH_03,Air,16-04-2024,2024/04/22,3,6.0,Delayed,768,15095.2,39756,24660.8
SHP_109110,SO_103244,WH_04,Road,25-04-2024,2024/04/27,4,2.0,On Time,4361,12756.93,34265,21508.07
SHP_109111,SO_101924,WH_05,Road,02-07-2024,2024/07/05,3,3.0,On Time,4033,4944.33,24434,19489.67
SHP_109112,SO_102013,WH_05,Road,13-07-2024,2024/07/22,7,9.0,Delayed,1014,15378.96,44195,28816.04
SHP_109113,SO_104868,WH_10,Air,10-07-2024,2024/07/18,6,8.0,Delayed,2577,8926.33,30434,21507.67
SHP_109114,SO_105577,WH_02,Sea,26-03-2024,2024/03/31,4,5.0,Delayed,1911,1895.53,5335,3439.47
SHP_109115,SO_102869,WH_09,Road,23-07-2024,2024/07/26,3,3.0,On Time,3186,5298.05,13403,8104.95
SHP_109116,SO_103328,WH_03,Sea,15-02-2024,2024/02/21,7,6.0,On Time,1319,11152.37,36039,24886.63
SHP_109117,SO_109676,WH_12,Air,01-01-2024,2024/01/06,5,5.0,On Time,812,2409.05,11593,9183.95
SHP_109118,SO_101600,WH_01,Sea,08-11-2024,2024/11/15,7,7.0,On Time,3649,13375.71,48585,35209.29
SHP_109119,SO_109219,WH_05,Air,26-04-2024,2024/05/06,3,10.0,Delayed,3782,2248.28,5724,3475.72
SHP_109120,SO_107120,WH_11,Rail,23-10-2024,2024/11/02,4,,Delayed,657,4063.31,14568,10504.69
SHP_109121,SO_100728,WH_04,Road,29-03-2024,2024/04/03,4,5.0,Delayed,527,3399.85,11887,8487.15
SHP_109122,SO_109355,WH_14,Air,13-08-2024,2024/08/18,6,5.0,On Time,3456,6043.27,27497,21453.73
SHP_109123,SO_102009,WH_12,Sea,15-12-2024,2024/12/21,7,6.0,On Time,439,2620.9,12126,9505.1
SHP_109124,SO_109436,WH_05,Air,16-04-2024,2024/04/20,5,4.0,On Time,330,13906.11,44557,30650.89
SHP_109125,SO_107271,WH_01,Sea,24-11-2024,2024/12/02,5,8.0,Delayed,1766,9250.1,36236,26985.9
SHP_109126,SO_105864,WH_04,Sea,21-12-2024,2024/12/29,4,8.0,Delayed,3718,5626.1,18110,12483.9
SHP_109127,SO_101919,WH_07,Air,31-01-2024,2024/02/07,3,7.0,Delayed,4322,9649.65,43531,33881.35
SHP_109128,SO_106141,WH_10,Road,03-03-2024,2024/03/06,3,3.0,On Time,1568,2552.12,12037,9484.88
SHP_109129,SO_100135,WH_06,Road,12-10-2024,2024/10/21,4,9.0,Delayed,1937,7010.33,23183,16172.67
SHP_109130,SO_104236,WH_05,Air,31-07-2024,2024/08/07,6,7.0,Delayed,537,8754.49,30245,21490.51
SHP_109131,SO_108778,WH_08,Road,31-03-2024,2024/04/06,6,6.0,On Time,2131,1821.95,5997,4175.05
SHP_109132,SO_106380,WH_01,Rail,15-11-2024,2024/11/23,6,8.0,Delayed,1231,4780.94,21313,16532.06
SHP_109133,SO_101925,WH_11,Sea,09-12-2024,2024/12/18,5,9.0,Delayed,3735,1665.71,6199,4533.29
SHP_109134,SO_103638,WH_10,Road,16-10-2024,2024/10/26,3,10.0,Delayed,901,13468.68,40414,26945.32
SHP_109135,SO_103837,WH_06,Road,06-07-2024,2024/07/09,7,3.0,On Time,2457,3517.05,17170,13652.95
SHP_109136,SO_105172,WH_04,Sea,06-01-2024,2024/01/08,3,2.0,On Time,3950,6219.2,23784,17564.8
SHP_109137,SO_103866,WH_11,Air,14-05-2024,2024/05/19,6,5.0,On Time,1156,9021.87,41540,32518.13
SHP_109138,SO_108034,WH_03,Rail,11-06-2024,2024/06/17,7,6.0,On Time,3475,5940.35,18013,12072.65
SHP_109139,SO_108758,WH_02,Air,14-03-2024,2024/03/17,5,3.0,On Time,2647,3591.89,14741,11149.11
SHP_109140,SO_108385,WH_04,Rail,01-09-2024,2024/09/06,3,5.0,Delayed,2634,10245.63,46708,36462.37
SHP_109141,SO_102365,WH_06,Rail,28-05-2024,2024/06/06,6,9.0,Delayed,4311,5572.19,17670,12097.81
SHP_109142,SO_109503,WH_13,Sea,17-03-2024,2024/03/19,5,2.0,On Time,307,6642.45,22552,15909.55
SHP_109143,SO_104106,WH_08,Sea,04-12-2024,2024/12/08,6,4.0,On Time,1287,7329.4,34039,26709.6
SHP_109144,SO_107931,WH_03,Rail,28-08-2024,2024/09/06,6,9.0,Delayed,1498,4118.86,12596,8477.14
SHP_109145,SO_100614,WH_06,Road,08-05-2024,2024/05/13,6,5.0,On Time,1745,6280.63,28312,22031.37
SHP_109146,SO_109074,WH_07,Rail,02-03-2024,2024/03/11,4,9.0,Delayed,3196,15643.08,47860,32216.92
SHP_109147,SO_109246,WH_08,Road,03-09-2024,2024/09/12,7,9.0,Delayed,4818,7192.32,34700,27507.68
SHP_109148,SO_107717,WH_14,Road,02-01-2024,2024/01/07,5,5.0,On Time,2509,15830.85,44724,28893.15
SHP_109149,SO_103889,WH_05,Road,19-08-2024,2024/08/26,3,7.0,Delayed,1219,15939.47,43839,27899.53
SHP_109150,SO_106523,WH_15,Road,30-01-2024,2024/02/06,3,7.0,Delayed,4431,10171.04,35012,24840.96
SHP_109151,SO_104093,WH_11,Sea,12-11-2024,2024/11/14,7,2.0,On Time,4621,6208.95,20188,13979.05
SHP_109152,SO_109172,WH_03,Rail,04-12-2024,2024/12/11,5,7.0,Delayed,1638,6421.49,27660,21238.51
SHP_109153,SO_106358,WH_09,Road,01-10-2024,2024/10/04,3,3.0,On Time,1083,11504.13,30263,18758.87
SHP_109154,SO_102471,WH_06,Road,11-10-2024,2024/10/15,5,4.0,On Time,1411,2660.36,8535,5874.64
SHP_109155,SO_100256,WH_02,Rail,17-07-2024,2024/07/20,3,3.0,On Time,1561,8373.76,30858,22484.24
SHP_109156,SO_101130,WH_08,Road,07-01-2024,2024/01/10,7,3.0,On Time,474,11644.92,36971,25326.08
SHP_109157,SO_103254,WH_09,Rail,02-05-2024,2024/05/06,6,4.0,On Time,2886,8581.93,29285,20703.07
SHP_109158,SO_106550,WH_12,Rail,22-07-2024,2024/07/24,4,2.0,On Time,2975,5057.78,14115,9057.22
SHP_109159,SO_106386,WH_14,Air,14-07-2024,2024/07/17,4,3.0,On Time,4012,4140.91,14850,10709.09
SHP_109160,SO_107468,WH_02,Road,15-01-2024,2024/01/24,7,9.0,Delayed,904,1722.23,5499,3776.77
SHP_109161,SO_104726,WH_03,Sea,17-06-2024,2024/06/22,3,5.0,Delayed,1201,4892.33,24070,19177.67
SHP_109162,SO_109371,WH_12,Sea,27-05-2024,2024/05/31,4,4.0,On Time,2085,8496.4,37786,29289.6
SHP_109163,SO_102322,WH_05,Road,27-06-2024,2024/06/30,6,3.0,On Time,4905,3065.05,11867,8801.95
SHP_109164,SO_102047,WH_12,Sea,16-09-2024,2024/09/24,5,8.0,Delayed,650,4472.91,12937,8464.09
SHP_109165,SO_100582,WH_12,Sea,26-01-2024,2024/02/05,4,10.0,Delayed,2814,4536.3,16159,11622.7
SHP_109166,SO_108795,WH_04,Road,06-04-2024,2024/04/12,3,6.0,Delayed,4463,12852.97,34814,21961.03
SHP_109167,SO_109756,WH_14,Rail,28-12-2024,2025/01/04,3,7.0,Delayed,2530,2294.47,8326,6031.53
SHP_109168,SO_109591,WH_06,Air,12-03-2024,2024/03/22,7,10.0,Delayed,4183,7884.05,36157,28272.95
SHP_109169,SO_101834,WH_04,Sea,29-05-2024,2024/06/03,6,5.0,On Time,1424,9023.87,42661,33637.13
SHP_109170,SO_104685,WH_05,Rail,16-05-2024,2024/05/18,4,2.0,On Time,3959,4814.08,13708,8893.92
SHP_109171,SO_109198,WH_11,Rail,11-07-2024,2024/07/14,3,3.0,On Time,2723,3353.55,12819,9465.45
SHP_109172,SO_101285,WH_02,Road,28-09-2024,2024/09/30,3,2.0,On Time,3087,7614.8,32801,25186.2
SHP_109173,SO_101982,WH_04,Road,05-12-2024,2024/12/11,7,6.0,On Time,4843,12185.55,30655,18469.45
SHP_109174,SO_107173,WH_09,Sea,16-11-2024,2024/11/20,7,4.0,On Time,4851,1611.7,5395,3783.3
SHP_109175,SO_106752,WH_10,Air,23-11-2024,2024/12/02,7,9.0,Delayed,2006,12362.06,46380,34017.94
SHP_109176,SO_108800,WH_10,Sea,28-10-2024,2024/11/07,3,10.0,Delayed,206,10898.14,27754,16855.86
SHP_109177,SO_105466,WH_04,Rail,21-06-2024,2024/06/24,4,3.0,On Time,2676,10922.62,41124,30201.38
SHP_109178,SO_108948,WH_05,Rail,12-04-2024,2024/04/14,3,2.0,On Time,4427,-13854.74,36412,50266.74
SHP_109179,SO_106432,WH_02,Air,28-05-2024,2024/05/31,7,3.0,On Time,1115,6479.69,23339,16859.31
SHP_109180,SO_106843,WH_11,Sea,12-10-2024,2024/10/14,6,2.0,On Time,2254,6091.78,18933,12841.22
SHP_109181,SO_108707,WH_13,Sea,01-11-2024,2024/11/07,7,6.0,On Time,994,15024.12,43415,28390.88
SHP_109182,SO_107331,WH_11,Sea,23-09-2024,2024/09/26,6,3.0,On Time,3216,15146.31,48908,33761.69
SHP_109183,SO_102848,WH_14,Rail,25-11-2024,2024/12/03,4,8.0,Delayed,2390,16031.81,48109,32077.19
SHP_109184,SO_102732,WH_04,Road,18-12-2024,2024/12/23,7,5.0,On Time,483,11039.02,43106,32066.98
SHP_109185,SO_104513,WH_08,Rail,18-04-2024,2024/04/24,6,6.0,On Time,3708,6271.01,18459,12187.99
SHP_109186,SO_104831,WH_09,Air,04-08-2024,2024/08/06,7,2.0,On Time,3244,7960.46,28569,20608.54
SHP_109187,SO_100154,WH_14,Sea,01-04-2024,2024/04/04,4,3.0,On Time,2873,6036.92,22717,16680.08
SHP_109188,SO_105606,WH_04,Sea,07-01-2024,2024/01/10,4,3.0,On Time,2325,2285.96,8445,6159.04
SHP_109189,SO_104147,WH_02,Sea,09-03-2024,2024/03/16,7,7.0,On Time,4290,15160.45,49130,33969.55
SHP_109190,SO_105587,WH_06,Road,16-07-2024,2024/07/22,5,6.0,Delayed,3282,6444.17,20787,14342.83
SHP_109191,SO_109731,WH_09,Rail,24-10-2024,2024/10/26,3,2.0,On Time,1240,7057.24,20872,13814.76
SHP_109192,SO_109856,WH_15,Air,17-07-2024,2024/07/20,5,3.0,On Time,2199,4656.02,20119,15462.98
SHP_109193,SO_103576,WH_03,Air,04-07-2024,2024/07/13,3,9.0,Delayed,4849,17032.85,44388,27355.15
SHP_109194,SO_106508,WH_13,Rail,02-01-2024,2024/01/05,6,3.0,On Time,4506,3132.92,11709,8576.08
SHP_109195,SO_109138,WH_01,Air,05-02-2024,2024/02/08,3,3.0,On Time,2408,2056.29,7192,5135.71
SHP_109196,SO_102761,WH_09,Road,16-08-2024,2024/08/24,5,8.0,Delayed,2260,7757.12,34946,27188.88
SHP_109197,SO_101789,WH_13,Rail,23-11-2024,2024/12/02,5,9.0,Delayed,3874,12996.36,33579,20582.64
SHP_109198,SO_103042,WH_15,Rail,19-10-2024,2024/10/28,4,9.0,Delayed,3909,3207.25,9622,6414.75
SHP_109199,SO_106364,WH_14,Air,31-05-2024,2024/06/06,3,6.0,Delayed,3520,11357.97,48791,37433.03
SHP_109200,SO_105373,WH_15,Road,17-12-2024,2024/12/23,5,6.0,Delayed,2395,6147.75,16313,10165.25
SHP_109201,SO_101943,WH_01,Air,10-08-2024,2024/08/12,3,2.0,On Time,3748,-3707.74,10733,14440.74
SHP_109202,SO_101107,WH_05,Rail,01-06-2024,2024/06/04,5,3.0,On Time,3437,10467.71,37175,26707.29
SHP_109203,SO_107736,WH_08,Road,13-01-2024,2024/01/21,4,8.0,Delayed,1873,2603.61,7216,4612.39
SHP_109204,SO_106396,WH_15,Rail,08-03-2024,2024/03/17,3,9.0,Delayed,4273,11903.46,46604,34700.54
SHP_109205,SO_109447,WH_12,Rail,18-01-2024,2024/01/28,3,10.0,Delayed,1710,9672.53,25172,15499.47
SHP_109206,SO_107482,WH_11,Road,24-05-2024,2024/05/30,7,6.0,On Time,4789,5815.13,26262,20446.87
SHP_109207,SO_109761,WH_01,Rail,06-08-2024,2024/08/13,5,7.0,Delayed,2930,13579.06,36389,22809.94
SHP_109208,SO_108548,WH_04,Sea,22-12-2024,2024/12/28,4,,Delayed,2742,16545.34,42359,25813.66
SHP_109209,SO_109993,WH_15,Road,13-09-2024,2024/09/19,7,6.0,On Time,3964,1250.25,5893,4642.75
SHP_109210,SO_101109,WH_14,Road,25-09-2024,2024/10/03,4,8.0,Delayed,367,9324.23,34198,24873.77
SHP_109211,SO_106568,WH_07,Air,11-08-2024,2024/08/14,5,3.0,On Time,1755,6217.84,15754,9536.16
SHP_109212,SO_103722,WH_01,Air,23-12-2024,2024/12/27,3,4.0,Delayed,1691,16247.63,47873,31625.37
SHP_109213,SO_103248,WH_02,Road,04-03-2024,2024/03/14,4,10.0,Delayed,3595,5407.71,14785,9377.29
SHP_109214,SO_107801,WH_07,Road,10-08-2024,2024/08/15,5,5.0,On Time,4460,2711.82,9038,6326.18
SHP_109215,SO_109411,WH_04,Sea,23-09-2024,2024/09/28,7,5.0,On Time,2144,6300.61,26710,20409.39
SHP_109216,SO_100480,WH_15,Sea,03-11-2024,2024/11/12,6,9.0,Delayed,1678,12241.16,32503,20261.84
SHP_109217,SO_109576,WH_15,Rail,04-04-2024,2024/04/07,4,3.0,On Time,3450,9035.21,30716,21680.79
SHP_109218,SO_105796,WH_07,Road,27-06-2024,2024/07/01,6,4.0,On Time,3849,3733.26,11985,8251.74
SHP_109219,SO_101233,WH_08,Air,04-02-2024,2024/02/08,5,4.0,On Time,1724,12753.75,33926,21172.25
SHP_109220,SO_107556,WH_03,Sea,27-12-2024,2024/12/29,5,2.0,On Time,3639,8855.48,37717,28861.52
SHP_109221,SO_106455,WH_02,Rail,17-09-2024,2024/09/20,5,3.0,On Time,3445,10166.97,47420,37253.03
SHP_109222,SO_109886,WH_13,Sea,06-02-2024,2024/02/12,3,6.0,Delayed,2258,1445.67,6643,5197.33
SHP_109223,SO_108812,WH_14,Road,30-12-2024,2025/01/04,7,5.0,On Time,3772,9302.63,23496,14193.37
SHP_109224,SO_104687,WH_10,Road,20-03-2024,2024/03/22,6,2.0,On Time,2369,15461.67,42726,27264.33
SHP_109225,SO_106862,WH_14,Rail,24-01-2024,2024/01/26,3,,Delayed,1153,5929.2,23257,17327.8
SHP_109226,SO_100254,WH_03,Rail,21-08-2024,2024/08/31,7,10.0,Delayed,2085,12289.71,38157,25867.29
SHP_109227,SO_100086,WH_01,Rail,05-06-2024,2024/06/15,3,10.0,Delayed,2538,-7954.17,24436,32390.17
SHP_109228,SO_105343,WH_03,Sea,20-05-2024,2024/05/26,4,6.0,Delayed,682,5828.21,19250,13421.79
SHP_109229,SO_103951,WH_15,Air,02-09-2024,2024/09/09,4,7.0,Delayed,4131,7295.98,32110,24814.02
SHP_109230,SO_102595,WH_07,Rail,19-01-2024,2024/01/22,4,3.0,On Time,4492,2472.6,11864,9391.4
SHP_109231,SO_105054,WH_01,Sea,31-10-2024,2024/11/07,4,7.0,Delayed,3265,15574.42,40216,24641.58
SHP_109232,SO_104551,WH_06,Road,04-04-2024,2024/04/14,3,10.0,Delayed,785,10091.63,42414,32322.37
SHP_109233,SO_102751,WH_14,Sea,27-08-2024,2024/09/04,3,8.0,Delayed,1929,10596.76,45514,34917.24
SHP_109234,SO_101964,WH_01,Rail,04-11-2024,2024/11/06,7,2.0,On Time,3010,5907.86,20674,14766.14
SHP_109235,SO_105716,WH_02,Sea,20-06-2024,2024/06/28,7,8.0,Delayed,571,2572.13,6751,4178.87
SHP_109236,SO_105461,WH_13,Rail,29-04-2024,2024/05/04,4,5.0,Delayed,933,4868.71,22157,17288.29
SHP_109237,SO_108817,WH_06,Air,29-08-2024,2024/09/04,4,6.0,Delayed,3710,6596.35,24853,18256.65
SHP_109238,SO_105615,WH_07,Air,02-11-2024,2024/11/06,3,4.0,Delayed,911,6828.64,21513,14684.36
SHP_109239,SO_107138,WH_07,Air,11-11-2024,2024/11/21,6,10.0,Delayed,4366,13591.01,48802,35210.99
SHP_109240,SO_105864,WH_07,Rail,25-12-2024,2024/12/30,3,5.0,Delayed,3432,10917.01,29773,18855.99
SHP_109241,SO_106966,WH_07,Air,02-12-2024,2024/12/04,6,2.0,On Time,4659,-16714.51,42962,59676.51
SHP_109242,SO_103327,WH_14,Sea,22-11-2024,2024/11/25,4,3.0,On Time,469,10568.48,47073,36504.52
SHP_109243,SO_105838,WH_05,Rail,03-08-2024,2024/08/09,3,6.0,Delayed,268,2031.18,9754,7722.82
SHP_109244,SO_105948,WH_06,Air,12-11-2024,2024/11/19,3,7.0,Delayed,329,9872.22,31040,21167.78
SHP_109245,SO_105325,WH_15,Rail,17-08-2024,2024/08/19,6,2.0,On Time,4952,1745.25,5965,4219.75
SHP_109246,SO_107506,WH_10,Rail,15-12-2024,2024/12/19,4,4.0,On Time,352,9429.99,29499,20069.01
SHP_109247,SO_103965,WH_09,Air,05-05-2024,2024/05/12,4,7.0,Delayed,3371,10192.34,31259,21066.66
SHP_109248,SO_101430,WH_14,Air,08-01-2024,2024/01/14,3,6.0,Delayed,1579,16704.44,45881,29176.56
SHP_109249,SO_103482,WH_12,Rail,30-10-2024,2024/11/02,4,3.0,On Time,2706,8440.52,27958,19517.48
SHP_109250,SO_107074,WH_08,Air,07-07-2024,2024/07/12,6,5.0,On Time,3116,9500.1,37363,27862.9
SHP_109251,SO_103724,WH_01,Rail,16-09-2024,2024/09/19,3,3.0,On Time,2437,18743.29,48501,29757.71
SHP_109252,SO_100739,WH_07,Rail,26-06-2024,2024/06/30,4,4.0,On Time,2580,3661.63,12707,9045.37
SHP_109253,SO_105213,WH_13,Rail,25-03-2024,2024/03/27,7,2.0,On Time,4284,14661.65,46786,32124.35
SHP_109254,SO_107951,WH_01,Rail,04-10-2024,2024/10/12,4,8.0,Delayed,3346,4043.22,12487,8443.78
SHP_109255,SO_104485,WH_03,Air,18-08-2024,2024/08/23,3,5.0,Delayed,292,8958.09,36433,27474.91
SHP_109256,SO_103202,WH_10,Road,29-09-2024,2024/10/06,4,7.0,Delayed,4296,8197.69,36616,28418.31
SHP_109257,SO_108713,WH_02,Road,14-04-2024,2024/04/24,4,10.0,Delayed,3279,11311.48,34763,23451.52
SHP_109258,SO_102762,WH_01,Road,04-07-2024,2024/07/14,3,10.0,Delayed,4846,3181.98,9240,6058.02
SHP_109259,SO_100302,WH_04,Air,11-03-2024,2024/03/15,4,4.0,On Time,4506,5111.02,14173,9061.98
SHP_109260,SO_101707,WH_05,Rail,05-05-2024,2024/05/15,6,10.0,Delayed,2360,9163.59,33046,23882.41
SHP_109261,SO_109673,WH_10,Air,20-02-2024,2024/02/29,6,9.0,Delayed,1089,8100.42,20952,12851.58
SHP_109262,SO_105312,WH_05,Rail,27-12-2024,2025/01/06,4,10.0,Delayed,4366,7904.21,24278,16373.79
SHP_109263,SO_102333,WH_11,Rail,01-12-2024,2024/12/09,5,8.0,Delayed,4195,9939.99,48056,38116.01
SHP_109264,SO_108590,WH_06,Sea,06-01-2024,2024/01/15,7,9.0,Delayed,4844,3667.97,13332,9664.03
SHP_109265,SO_104166,WH_05,Air,12-12-2024,2024/12/14,6,2.0,On Time,1117,6465.27,24047,17581.73
SHP_109266,SO_105532,WH_06,Rail,12-06-2024,2024/06/17,7,5.0,On Time,2849,9107.84,37654,28546.16
SHP_109267,SO_105276,WH_15,Road,24-11-2024,2024/12/03,7,9.0,Delayed,488,1467.31,5110,3642.69
SHP_109268,SO_103169,WH_15,Rail,02-03-2024,2024/03/11,4,9.0,Delayed,4512,2388.61,11728,9339.39
SHP_109269,SO_105881,WH_03,Rail,06-11-2024,2024/11/14,4,8.0,Delayed,2728,11283.83,30435,19151.17
SHP_109270,SO_104529,WH_13,Rail,21-12-2024,2024/12/30,4,9.0,Delayed,3014,4745.22,17132,12386.78
SHP_109271,SO_104271,WH_15,Air,14-05-2024,2024/05/24,6,10.0,Delayed,3304,5882.96,28545,22662.04
SHP_109272,SO_107915,WH_14,Air,13-12-2024,2024/12/16,6,3.0,On Time,2853,11415.41,32516,21100.59
SHP_109273,SO_106558,WH_12,Road,06-06-2024,2024/06/16,3,10.0,Delayed,255,9881.35,29366,19484.65
SHP_109274,SO_104606,WH_02,Rail,09-09-2024,2024/09/18,7,9.0,Delayed,2847,4520.81,21629,17108.19
SHP_109275,SO_108225,WH_05,Road,10-02-2024,2024/02/19,7,9.0,Delayed,4600,11091.0,29515,18424.0
SHP_109276,SO_108973,WH_10,Road,04-01-2024,2024/01/10,7,6.0,On Time,3657,13157.33,43839,30681.67
SHP_109277,SO_103267,WH_01,Air,10-12-2024,2024/12/12,5,2.0,On Time,2413,-13036.12,33531,46567.12
SHP_109278,SO_105930,WH_09,Road,09-02-2024,2024/02/19,5,10.0,Delayed,3400,16734.4,49375,32640.6
SHP_109279,SO_109548,WH_04,Air,28-01-2024,2024/02/04,3,7.0,Delayed,1200,10604.08,44914,34309.92
SHP_109280,SO_108105,WH_10,Air,11-03-2024,2024/03/19,3,8.0,Delayed,670,2145.42,10179,8033.58
SHP_109281,SO_107821,WH_01,Air,25-02-2024,2024/02/28,3,3.0,On Time,3369,3111.92,8278,5166.08
SHP_109282,SO_100758,WH_02,Sea,26-07-2024,2024/08/01,6,6.0,On Time,2437,8174.94,21354,13179.06
SHP_109283,SO_107407,WH_08,Air,24-02-2024,2024/02/27,3,3.0,On Time,1371,12309.66,46845,34535.34
SHP_109284,SO_103969,WH_01,Air,10-07-2024,2024/07/15,6,5.0,On Time,1207,8885.81,43959,35073.19
SHP_109285,SO_102140,WH_10,Air,07-09-2024,2024/09/14,4,7.0,Delayed,330,1725.24,5337,3611.76
SHP_109286,SO_109848,WH_11,Sea,03-04-2024,2024/04/08,4,5.0,Delayed,4300,13898.43,46538,32639.57
SHP_109287,SO_106860,WH_07,Road,21-06-2024,2024/06/24,6,3.0,On Time,3665,3845.58,18035,14189.42
SHP_109288,SO_109246,WH_12,Rail,26-05-2024,2024/05/29,5,3.0,On Time,588,13050.54,44935,31884.46
SHP_109289,SO_104395,WH_02,Sea,26-01-2024,2024/01/31,4,,Delayed,1488,14033.71,43356,29322.29
SHP_109290,SO_106176,WH_15,Rail,15-07-2024,2024/07/25,6,10.0,Delayed,2007,11566.46,30010,18443.54
SHP_109291,SO_108213,WH_02,Sea,06-11-2024,2024/11/10,5,4.0,On Time,2902,10662.62,32308,21645.38
SHP_109292,SO_103861,WH_14,Air,23-05-2024,2024/05/27,5,4.0,On Time,4529,5911.46,19618,13706.54
SHP_109293,SO_104109,WH_15,Road,09-07-2024,2024/07/19,4,10.0,Delayed,1695,11307.34,41358,30050.66
SHP_109294,SO_100763,WH_13,Rail,24-12-2024,2024/12/26,6,2.0,On Time,3796,4796.41,12048,7251.59
SHP_109295,SO_108197,WH_03,Road,26-01-2024,2024/01/30,5,4.0,On Time,1663,2469.5,7235,4765.5
SHP_109296,SO_101293,WH_07,Air,02-10-2024,2024/10/04,4,2.0,On Time,234,-17489.25,47985,65474.25
SHP_109297,SO_108154,WH_04,Road,25-10-2024,2024/11/02,3,8.0,Delayed,367,6727.52,30793,24065.48
SHP_109298,SO_101223,WH_03,Air,04-06-2024,2024/06/07,4,3.0,On Time,3729,12782.61,32816,20033.39
SHP_109299,SO_108942,WH_12,Road,21-09-2024,2024/09/24,6,3.0,On Time,535,3924.19,17482,13557.81
SHP_109300,SO_107788,WH_05,Road,14-06-2024,2024/06/16,5,2.0,On Time,1591,7786.24,27159,19372.76
SHP_109301,SO_109820,WH_06,Road,05-05-2024,2024/05/13,3,8.0,Delayed,3377,8055.49,35459,27403.51
SHP_109302,SO_108061,WH_12,Air,23-02-2024,2024/02/28,7,5.0,On Time,4683,1818.04,6247,4428.96
SHP_109303,SO_101014,WH_15,Rail,02-01-2024,2024/01/09,6,7.0,Delayed,1203,12985.58,47155,34169.42
SHP_109304,SO_106513,WH_05,Sea,18-01-2024,2024/01/22,5,4.0,On Time,1357,5899.44,22366,16466.56
SHP_109305,SO_105293,WH_12,Air,03-01-2024,2024/01/06,7,3.0,On Time,1495,6930.38,32396,25465.62
SHP_109306,SO_101302,WH_04,Rail,11-08-2024,2024/08/17,6,6.0,On Time,1588,3186.79,12811,9624.21
SHP_109307,SO_101725,WH_02,Rail,24-07-2024,2024/07/29,3,5.0,Delayed,4967,15637.11,42105,26467.89
SHP_109308,SO_105939,WH_08,Rail,03-08-2024,2024/08/05,4,2.0,On Time,3764,11671.88,40654,28982.12
SHP_109309,SO_109366,WH_12,Air,15-02-2024,2024/02/17,5,2.0,On Time,3145,2596.43,11425,8828.57
SHP_109310,SO_105043,WH_13,Road,29-05-2024,2024/05/31,5,2.0,On Time,4217,15448.65,48155,32706.35
SHP_109311,SO_109613,WH_11,Air,26-04-2024,2024/05/06,4,10.0,Delayed,4239,9505.86,38298,28792.14
SHP_109312,SO_103171,WH_02,Rail,27-12-2024,2025/01/04,4,8.0,Delayed,2636,9926.64,44072,34145.36
SHP_109313,SO_108997,WH_03,Sea,28-04-2024,2024/05/06,5,8.0,Delayed,4693,14486.73,48629,34142.27
SHP_109314,SO_101081,WH_05,Road,03-06-2024,2024/06/06,4,3.0,On Time,4304,12535.3,45938,33402.7
SHP_109315,SO_104928,WH_14,Rail,02-08-2024,2024/08/12,5,10.0,Delayed,2737,9391.95,32587,23195.05
SHP_109316,SO_101869,WH_03,Air,31-03-2024,2024/04/08,5,8.0,Delayed,1966,11879.11,47330,35450.89
SHP_109317,SO_104296,WH_02,Road,14-07-2024,2024/07/17,7,3.0,On Time,4522,10803.92,41076,30272.08
SHP_109318,SO_105578,WH_03,Rail,22-12-2024,2024/12/29,6,7.0,Delayed,1279,10741.4,41444,30702.6
SHP_109319,SO_109244,WH_12,Air,29-07-2024,2024/08/04,7,6.0,On Time,3529,2300.46,7497,5196.54
SHP_109320,SO_107419,WH_05,Rail,26-03-2024,2024/04/01,3,6.0,Delayed,598,15706.31,46141,30434.69
SHP_109321,SO_100920,WH_15,Rail,29-02-2024,2024/03/03,4,3.0,On Time,1653,2237.52,9855,7617.48
SHP_109322,SO_101137,WH_10,Rail,21-03-2024,2024/03/30,4,9.0,Delayed,1827,4352.53,15405,11052.47
SHP_109323,SO_106070,WH_03,Air,17-07-2024,2024/07/26,7,9.0,Delayed,1084,3426.28,9031,5604.72
SHP_109324,SO_100129,WH_01,Rail,30-09-2024,2024/10/03,7,3.0,On Time,2428,7950.64,22365,14414.36
SHP_109325,SO_100932,WH_03,Sea,09-01-2024,2024/01/16,4,7.0,Delayed,4567,2488.93,6619,4130.07
SHP_109326,SO_104313,WH_07,Air,16-09-2024,2024/09/23,7,7.0,On Time,3247,8671.82,37737,29065.18
SHP_109327,SO_102276,WH_06,Sea,29-07-2024,2024/08/02,4,4.0,On Time,1934,12251.59,39858,27606.41
SHP_109328,SO_102700,WH_08,Rail,21-05-2024,2024/05/28,7,7.0,On Time,4087,12137.73,33473,21335.27
SHP_109329,SO_100802,WH_11,Road,01-08-2024,2024/08/06,6,5.0,On Time,3931,11756.37,46146,34389.63
SHP_109330,SO_109218,WH_15,Air,22-06-2024,2024/07/01,4,9.0,Delayed,2281,9184.56,35095,25910.44
SHP_109331,SO_108027,WH_08,Road,13-02-2024,2024/02/21,5,8.0,Delayed,1564,16242.28,47764,31521.72
SHP_109332,SO_107421,WH_07,Rail,15-11-2024,2024/11/23,3,8.0,Delayed,2271,2036.14,8406,6369.86
SHP_109333,SO_103832,WH_01,Road,13-02-2024,2024/02/16,3,3.0,On Time,1238,4748.7,22838,18089.3
SHP_109334,SO_102613,WH_07,Road,20-06-2024,2024/06/29,4,9.0,Delayed,4560,13994.76,43971,29976.24
SHP_109335,SO_101328,WH_11,Rail,22-06-2024,2024/06/27,5,5.0,On Time,3892,1784.99,6005,4220.01
SHP_109336,SO_100198,WH_04,Rail,15-04-2024,2024/04/21,3,6.0,Delayed,4766,9056.3,26356,17299.7
SHP_109337,SO_101936,WH_05,Rail,30-05-2024,2024/06/09,5,10.0,Delayed,3334,13810.24,45593,31782.76
SHP_109338,SO_104563,WH_09,Air,15-05-2024,2024/05/21,5,6.0,Delayed,4395,5823.96,20886,15062.04
SHP_109339,SO_108452,WH_01,Rail,17-01-2024,2024/01/19,3,2.0,On Time,1514,3229.78,12250,9020.22
SHP_109340,SO_102229,WH_02,Sea,01-07-2024,2024/07/11,4,10.0,Delayed,1736,10830.68,32629,21798.32
SHP_109341,SO_109429,WH_14,Rail,03-06-2024,2024/06/09,6,6.0,On Time,3199,1977.96,6476,4498.04
SHP_109342,SO_105729,WH_11,Sea,06-09-2024,2024/09/14,7,8.0,Delayed,3988,11002.71,47357,36354.29
SHP_109343,SO_106580,WH_09,Road,06-08-2024,2024/08/09,7,3.0,On Time,2669,9647.2,30381,20733.8
SHP_109344,SO_100047,WH_07,Road,06-12-2024,2024/12/10,3,4.0,Delayed,4710,7959.98,39445,31485.02
SHP_109345,SO_104933,WH_09,Sea,26-11-2024,2024/12/03,5,7.0,Delayed,3937,8615.12,22372,13756.88
SHP_109346,SO_101400,WH_04,Air,11-05-2024,2024/05/13,5,2.0,On Time,2613,3612.87,15385,11772.13
SHP_109347,SO_105281,WH_12,Rail,24-12-2024,2024/12/28,5,4.0,On Time,4230,3787.03,15065,11277.97
SHP_109348,SO_109087,WH_13,Air,11-01-2024,2024/01/16,7,5.0,On Time,516,2052.49,6312,4259.51
SHP_109349,SO_103334,WH_12,Rail,08-08-2024,2024/08/12,4,4.0,On Time,741,6175.74,28868,22692.26
SHP_109350,SO_106174,WH_03,Road,08-04-2024,2024/04/13,5,5.0,On Time,1454,5131.18,17160,12028.82
SHP_109351,SO_102395,WH_07,Sea,05-08-2024,2024/08/13,5,8.0,Delayed,3060,2571.83,9511,6939.17
SHP_109352,SO_104882,WH_01,Air,28-04-2024,2024/05/08,7,10.0,Delayed,2531,9969.23,33634,23664.77
SHP_109353,SO_109870,WH_06,Air,12-01-2024,2024/01/21,6,9.0,Delayed,201,6485.93,28682,22196.07
SHP_109354,SO_107319,WH_13,Road,19-01-2024,2024/01/22,7,3.0,On Time,2287,2934.44,10082,7147.56
SHP_109355,SO_100373,WH_07,Sea,19-11-2024,2024/11/29,4,10.0,Delayed,996,8728.75,35284,26555.25
SHP_109356,SO_102958,WH_06,Rail,29-12-2024,2024/12/31,3,2.0,On Time,576,4032.51,11953,7920.49
SHP_109357,SO_105329,WH_03,Air,16-07-2024,2024/07/20,7,4.0,On Time,3410,17646.0,47886,30240.0
SHP_109358,SO_109636,WH_10,Sea,03-10-2024,2024/10/11,5,8.0,Delayed,3738,7595.86,35209,27613.14
SHP_109359,SO_101020,WH_13,Air,10-02-2024,2024/02/15,6,5.0,On Time,1873,13958.52,36222,22263.48
SHP_109360,SO_103298,WH_10,Sea,22-09-2024,2024/10/01,7,9.0,Delayed,3605,9488.2,27104,17615.8
SHP_109361,SO_107303,WH_08,Rail,01-05-2024,2024/05/10,4,9.0,Delayed,3095,9271.08,37503,28231.92
SHP_109362,SO_106597,WH_05,Sea,27-12-2024,2024/12/30,5,3.0,On Time,2606,-1791.82,7554,9345.82
SHP_109363,SO_106099,WH_07,Road,05-03-2024,2024/03/11,3,6.0,Delayed,3278,9110.99,40497,31386.01
SHP_109364,SO_107481,WH_07,Sea,11-01-2024,2024/01/18,4,7.0,Delayed,209,3548.85,9331,5782.15
SHP_109365,SO_104861,WH_08,Road,12-02-2024,2024/02/19,3,7.0,Delayed,3359,15324.12,46044,30719.88
SHP_109366,SO_109549,WH_07,Air,07-04-2024,2024/04/16,5,9.0,Delayed,1931,4155.49,16728,12572.51
SHP_109367,SO_102188,WH_13,Sea,07-05-2024,2024/05/11,6,4.0,On Time,4722,7849.45,20984,13134.55
SHP_109368,SO_108364,WH_15,Road,02-11-2024,2024/11/12,4,10.0,Delayed,662,13250.91,47732,34481.09
SHP_109369,SO_101283,WH_12,Sea,08-04-2024,2024/04/18,6,10.0,Delayed,1709,6636.77,27432,20795.23
SHP_109370,SO_103092,WH_05,Sea,21-09-2024,2024/09/30,7,9.0,Delayed,4845,8633.68,26022,17388.32
SHP_109371,SO_106744,WH_15,Rail,30-12-2024,2025/01/05,5,6.0,Delayed,4496,1924.87,7260,5335.13
SHP_109372,SO_104287,WH_04,Rail,09-11-2024,2024/11/14,3,5.0,Delayed,743,3657.23,15868,12210.77
SHP_109373,SO_103574,WH_12,Air,06-07-2024,2024/07/12,7,6.0,On Time,3311,3559.06,13003,9443.94
SHP_109374,SO_109625,WH_15,Road,17-11-2024,2024/11/20,6,3.0,On Time,3448,9888.89,27194,17305.11
SHP_109375,SO_103251,WH_01,Air,16-10-2024,2024/10/20,5,4.0,On Time,1987,14465.27,41144,26678.73
SHP_109376,SO_102751,WH_11,Air,22-08-2024,2024/08/27,6,5.0,On Time,2909,17889.55,49169,31279.45
SHP_109377,SO_106730,WH_07,Air,29-06-2024,2024/07/08,7,9.0,Delayed,4049,10594.77,45594,34999.23
SHP_109378,SO_103957,WH_09,Rail,03-06-2024,2024/06/11,5,8.0,Delayed,3722,12152.63,33787,21634.37
SHP_109379,SO_102294,WH_09,Road,15-12-2024,2024/12/25,4,10.0,Delayed,4185,1490.77,5928,4437.23
SHP_109380,SO_104307,WH_14,Rail,03-02-2024,2024/02/08,7,5.0,On Time,465,16749.03,42610,25860.97
SHP_109381,SO_103247,WH_05,Rail,23-12-2024,2025/01/01,7,9.0,Delayed,471,15077.57,47915,32837.43
SHP_109382,SO_104794,WH_02,Road,13-10-2024,2024/10/16,7,3.0,On Time,3087,6736.89,32823,26086.11
SHP_109383,SO_109545,WH_06,Air,28-01-2024,2024/02/07,6,10.0,Delayed,3745,13960.78,39878,25917.22
SHP_109384,SO_103001,WH_08,Rail,27-11-2024,2024/11/30,7,3.0,On Time,1272,15805.89,48924,33118.11
SHP_109385,SO_108247,WH_01,Rail,03-02-2024,2024/02/12,3,9.0,Delayed,2287,13920.37,46035,32114.63
SHP_109386,SO_103395,WH_12,Air,18-04-2024,2024/04/23,6,5.0,On Time,3164,9397.55,32972,23574.45
SHP_109387,SO_104313,WH_15,Air,11-06-2024,2024/06/19,4,8.0,Delayed,3989,3627.59,12171,8543.41
SHP_109388,SO_109975,WH_12,Rail,17-08-2024,2024/08/26,3,9.0,Delayed,4129,1841.67,8383,6541.33
SHP_109389,SO_103865,WH_02,Road,14-03-2024,2024/03/17,6,3.0,On Time,1179,12544.68,44965,32420.32
SHP_109390,SO_109861,WH_04,Air,15-01-2024,2024/01/19,3,4.0,Delayed,2698,17197.11,43430,26232.89
SHP_109391,SO_102079,WH_15,Air,17-06-2024,2024/06/25,7,8.0,Delayed,344,6367.58,19132,12764.42
SHP_109392,SO_104705,WH_10,Rail,05-09-2024,2024/09/13,3,8.0,Delayed,2913,1505.06,5230,3724.94
SHP_109393,SO_107908,WH_06,Rail,12-10-2024,2024/10/21,5,9.0,Delayed,1807,5366.31,25056,19689.69
SHP_109394,SO_109580,WH_14,Sea,22-02-2024,2024/02/24,4,2.0,On Time,2084,4398.28,15832,11433.72
SHP_109395,SO_109868,WH_12,Rail,17-06-2024,2024/06/27,7,10.0,Delayed,1174,10740.25,41902,31161.75
SHP_109396,SO_109895,WH_09,Sea,22-03-2024,2024/04/01,7,10.0,Delayed,3244,7988.65,38439,30450.35
SHP_109397,SO_107647,WH_01,Air,10-07-2024,2024/07/12,7,2.0,On Time,3576,9116.33,34041,24924.67
SHP_109398,SO_100295,WH_07,Sea,09-08-2024,2024/08/14,6,5.0,On Time,2952,10612.1,35568,24955.9
SHP_109399,SO_109787,WH_04,Sea,24-09-2024,2024/09/29,6,5.0,On Time,1351,7488.73,36126,28637.27
SHP_109400,SO_100182,WH_02,Road,25-09-2024,2024/09/29,6,4.0,On Time,3904,2483.99,9883,7399.01
SHP_109401,SO_102685,WH_10,Rail,30-12-2024,2025/01/02,3,3.0,On Time,304,10212.35,28098,17885.65
SHP_109402,SO_101357,WH_03,Air,03-11-2024,2024/11/13,7,10.0,Delayed,3937,17498.26,48885,31386.74
SHP_109403,SO_107144,WH_03,Rail,30-04-2024,2024/05/07,5,7.0,Delayed,2694,15037.11,38040,23002.89
SHP_109404,SO_107619,WH_07,Rail,08-08-2024,2024/08/14,7,6.0,On Time,3188,8574.12,34150,25575.88
SHP_109405,SO_108636,WH_15,Rail,16-12-2024,2024/12/21,5,5.0,On Time,4855,5705.52,26062,20356.48
SHP_109406,SO_109606,WH_05,Sea,10-07-2024,2024/07/12,4,2.0,On Time,1799,6527.14,28603,22075.86
SHP_109407,SO_109461,WH_12,Sea,06-01-2024,2024/01/10,7,4.0,On Time,3378,12366.85,37062,24695.15
SHP_109408,SO_107371,WH_07,Air,04-06-2024,2024/06/10,5,6.0,Delayed,1791,11755.93,35390,23634.07
SHP_109409,SO_105782,WH_10,Rail,02-11-2024,2024/11/11,7,9.0,Delayed,2089,4423.97,20437,16013.03
SHP_109410,SO_105887,WH_13,Road,19-07-2024,2024/07/29,7,10.0,Delayed,2960,5301.22,15289,9987.78
SHP_109411,SO_105927,WH_08,Rail,05-02-2024,2024/02/12,3,7.0,Delayed,1574,14258.32,49955,35696.68
SHP_109412,SO_103389,WH_05,Rail,05-09-2024,2024/09/11,5,6.0,Delayed,4751,5982.77,23047,17064.23
SHP_109413,SO_108880,WH_11,Rail,05-07-2024,2024/07/11,5,6.0,Delayed,1627,11831.65,42173,30341.35
SHP_109414,SO_107428,WH_09,Sea,18-03-2024,2024/03/28,5,10.0,Delayed,2746,6984.66,28801,21816.34
SHP_109415,SO_105788,WH_02,Road,25-11-2024,2024/11/30,6,5.0,On Time,3249,9610.32,37251,27640.68
SHP_109416,SO_108701,WH_08,Road,08-02-2024,2024/02/14,5,6.0,Delayed,3527,7553.97,32691,25137.03
SHP_109417,SO_108501,WH_01,Air,13-10-2024,2024/10/23,4,10.0,Delayed,2047,11966.05,46388,34421.95
SHP_109418,SO_106679,WH_03,Air,11-12-2024,2024/12/18,6,7.0,Delayed,4302,8290.52,22934,14643.48
SHP_109419,SO_103073,WH_04,Sea,26-11-2024,2024/12/03,7,7.0,On Time,4939,17027.61,43933,26905.39
SHP_109420,SO_102345,WH_07,Sea,15-12-2024,2024/12/18,5,3.0,On Time,1315,10585.89,31177,20591.11
SHP_109421,SO_109989,WH_06,Road,20-05-2024,2024/05/30,3,10.0,Delayed,786,8160.54,26468,18307.46
SHP_109422,SO_103453,WH_15,Rail,14-05-2024,2024/05/20,7,6.0,On Time,1768,8375.16,22266,13890.84
SHP_109423,SO_103972,WH_04,Rail,25-01-2024,2024/02/02,7,,Delayed,586,14193.57,39005,24811.43
SHP_109424,SO_108581,WH_03,Air,30-12-2024,2025/01/02,7,3.0,On Time,2857,6028.66,24760,18731.34
SHP_109425,SO_102207,WH_14,Rail,12-01-2024,2024/01/16,5,4.0,On Time,1920,9848.29,24694,14845.71
SHP_109426,SO_100064,WH_11,Road,05-05-2024,2024/05/09,4,4.0,On Time,925,9815.0,44002,34187.0
SHP_109427,SO_101539,WH_08,Rail,10-12-2024,2024/12/13,7,3.0,On Time,4117,6834.22,33443,26608.78
SHP_109428,SO_103373,WH_05,Road,14-07-2024,2024/07/24,4,10.0,Delayed,1831,5803.06,17047,11243.94
SHP_109429,SO_105386,WH_07,Sea,10-03-2024,2024/03/13,7,3.0,On Time,3320,8474.17,25877,17402.83
SHP_109430,SO_106495,WH_02,Road,03-07-2024,2024/07/07,5,4.0,On Time,4615,3474.38,9345,5870.62
SHP_109431,SO_101427,WH_07,Air,21-11-2024,2024/11/27,4,6.0,Delayed,2505,3658.64,17725,14066.36
SHP_109432,SO_104013,WH_11,Air,05-02-2024,2024/02/14,4,9.0,Delayed,3042,3986.94,16705,12718.06
SHP_109433,SO_100161,WH_01,Road,30-10-2024,2024/11/05,7,6.0,On Time,3933,7477.59,20547,13069.41
SHP_109434,SO_100190,WH_06,Rail,24-09-2024,2024/09/28,5,4.0,On Time,3461,5490.74,22432,16941.26
SHP_109435,SO_101890,WH_09,Air,18-04-2024,2024/04/25,6,7.0,Delayed,2729,9158.8,36417,27258.2
SHP_109436,SO_109356,WH_11,Air,14-05-2024,2024/05/22,7,8.0,Delayed,248,12670.37,32025,19354.63
SHP_109437,SO_109126,WH_04,Sea,04-12-2024,2024/12/13,4,9.0,Delayed,373,17783.31,48975,31191.69
SHP_109438,SO_101112,WH_01,Air,01-11-2024,2024/11/07,3,6.0,Delayed,1442,2859.53,7678,4818.47
SHP_109439,SO_100337,WH_05,Road,13-10-2024,2024/10/18,3,5.0,Delayed,4986,11851.77,49738,37886.23
SHP_109440,SO_106641,WH_01,Air,08-03-2024,2024/03/11,7,3.0,On Time,4682,4547.59,13357,8809.41
SHP_109441,SO_101988,WH_11,Road,20-04-2024,2024/04/27,5,7.0,Delayed,2024,2227.81,6844,4616.19
SHP_109442,SO_101208,WH_13,Road,21-05-2024,2024/05/24,5,3.0,On Time,816,1790.77,5014,3223.23
SHP_109443,SO_106022,WH_01,Rail,29-11-2024,2024/12/04,3,5.0,Delayed,3750,7229.85,23923,16693.15
SHP_109444,SO_101859,WH_09,Air,11-12-2024,2024/12/13,5,2.0,On Time,3017,17180.48,44962,27781.52
SHP_109445,SO_101817,WH_15,Road,29-08-2024,2024/09/01,5,3.0,On Time,2919,9860.15,30978,21117.85
SHP_109446,SO_106393,WH_13,Rail,11-04-2024,2024/04/17,5,6.0,Delayed,3534,11052.82,27810,16757.18
SHP_109447,SO_106244,WH_15,Rail,04-03-2024,2024/03/07,4,3.0,On Time,430,15844.79,46270,30425.21
SHP_109448,SO_103755,WH_02,Rail,18-12-2024,2024/12/21,4,3.0,On Time,4445,2272.57,6953,4680.43
SHP_109449,SO_101581,WH_04,Sea,18-02-2024,2024/02/25,7,7.0,On Time,2395,5625.87,23965,18339.13
SHP_109450,SO_100957,WH_13,Air,16-10-2024,2024/10/26,6,10.0,Delayed,4464,9311.88,28065,18753.12
SHP_109451,SO_100782,WH_12,Air,08-06-2024,2024/06/11,3,3.0,On Time,4275,3802.92,16617,12814.08
SHP_109452,SO_100257,WH_15,Road,01-06-2024,2024/06/05,4,4.0,On Time,3115,1612.16,7563,5950.84
SHP_109453,SO_109930,WH_03,Road,09-03-2024,2024/03/13,3,4.0,Delayed,289,3425.84,10633,7207.16
SHP_109454,SO_101826,WH_09,Air,09-10-2024,2024/10/15,5,6.0,Delayed,3797,17024.92,49014,31989.08
SHP_109455,SO_106759,WH_05,Rail,29-10-2024,2024/10/31,4,2.0,On Time,2402,5674.96,23086,17411.04
SHP_109456,SO_106735,WH_13,Sea,12-06-2024,2024/06/20,6,8.0,Delayed,3781,7977.26,21813,13835.74
SHP_109457,SO_105156,WH_05,Rail,04-08-2024,2024/08/14,6,10.0,Delayed,2109,7549.91,23709,16159.09
SHP_109458,SO_106031,WH_10,Sea,17-04-2024,2024/04/26,6,9.0,Delayed,1525,10758.99,42263,31504.01
SHP_109459,SO_108720,WH_13,Air,20-01-2024,2024/01/23,7,3.0,On Time,420,4721.98,23253,18531.02
SHP_109460,SO_105083,WH_04,Road,07-05-2024,2024/05/15,7,8.0,Delayed,3084,6169.78,16611,10441.22
SHP_109461,SO_104354,WH_05,Road,26-08-2024,2024/09/03,6,8.0,Delayed,2623,7325.53,35790,28464.47
SHP_109462,SO_103665,WH_14,Air,04-07-2024,2024/07/09,5,5.0,On Time,1798,3215.82,8079,4863.18
SHP_109463,SO_103282,WH_03,Rail,03-12-2024,2024/12/09,4,6.0,Delayed,2952,9331.35,39698,30366.65
SHP_109464,SO_103710,WH_13,Road,07-11-2024,2024/11/17,4,10.0,Delayed,1497,14946.09,41515,26568.91
SHP_109465,SO_101598,WH_05,Road,14-11-2024,2024/11/21,5,7.0,Delayed,681,10614.51,30247,19632.49
SHP_109466,SO_105647,WH_03,Sea,22-09-2024,2024/10/02,6,10.0,Delayed,3373,12334.54,36540,24205.46
SHP_109467,SO_101819,WH_13,Road,03-08-2024,2024/08/07,3,4.0,Delayed,1346,12410.6,46520,34109.4
SHP_109468,SO_108999,WH_07,Road,29-04-2024,2024/05/02,4,3.0,On Time,4340,7655.29,19928,12272.71
SHP_109469,SO_105513,WH_13,Road,10-10-2024,2024/10/16,7,6.0,On Time,4808,2930.38,10255,7324.62
SHP_109470,SO_103094,WH_05,Road,11-12-2024,2024/12/17,4,6.0,Delayed,3022,2155.02,5877,3721.98
SHP_109471,SO_101933,WH_01,Rail,16-02-2024,2024/02/18,4,2.0,On Time,619,9447.84,27998,18550.16
SHP_109472,SO_104915,WH_07,Sea,24-04-2024,2024/05/01,5,7.0,Delayed,4155,13239.61,42329,29089.39
SHP_109473,SO_109385,WH_08,Sea,25-05-2024,2024/06/04,4,10.0,Delayed,1873,1316.41,5313,3996.59
SHP_109474,SO_104737,WH_09,Road,21-11-2024,2024/12/01,5,10.0,Delayed,1592,9036.62,35177,26140.38
SHP_109475,SO_103396,WH_10,Air,18-02-2024,2024/02/24,4,6.0,Delayed,2508,12106.19,30867,18760.81
SHP_109476,SO_100742,WH_09,Air,19-10-2024,2024/10/26,7,7.0,On Time,2680,4692.89,22011,17318.11
SHP_109477,SO_105862,WH_15,Sea,27-08-2024,2024/09/06,4,10.0,Delayed,1509,11597.59,29845,18247.41
SHP_109478,SO_107867,WH_04,Sea,05-07-2024,2024/07/15,7,10.0,Delayed,2415,7821.66,37186,29364.34
SHP_109479,SO_107096,WH_06,Sea,07-05-2024,2024/05/11,7,4.0,On Time,1611,15756.41,41165,25408.59
SHP_109480,SO_108637,WH_11,Sea,11-03-2024,2024/03/18,5,7.0,Delayed,4987,11333.37,30877,19543.63
SHP_109481,SO_106234,WH_06,Sea,14-11-2024,2024/11/17,5,3.0,On Time,4486,7983.31,22877,14893.69
SHP_109482,SO_105604,WH_11,Sea,17-07-2024,2024/07/25,5,8.0,Delayed,3011,3262.95,15047,11784.05
SHP_109483,SO_101101,WH_11,Rail,05-03-2024,2024/03/13,6,8.0,Delayed,3046,5243.39,19660,14416.61
SHP_109484,SO_104010,WH_12,Air,21-10-2024,2024/10/30,5,9.0,Delayed,2888,12213.95,48657,36443.05
SHP_109485,SO_107418,WH_08,Sea,06-04-2024,2024/04/13,3,7.0,Delayed,4413,4511.89,19274,14762.11
SHP_109486,SO_107894,WH_08,Air,25-01-2024,2024/01/31,5,6.0,Delayed,1741,-11754.74,35517,47271.74
SHP_109487,SO_107516,WH_11,Road,29-02-2024,2024/03/05,4,5.0,Delayed,4381,8354.35,28347,19992.65
SHP_109488,SO_104228,WH_02,Rail,02-08-2024,2024/08/11,6,9.0,Delayed,4474,8375.23,21360,12984.77
SHP_109489,SO_108845,WH_10,Rail,26-03-2024,2024/04/05,7,10.0,Delayed,3438,2368.22,6816,4447.78
SHP_109490,SO_101402,WH_12,Sea,14-11-2024,2024/11/24,4,10.0,Delayed,2105,9214.08,35046,25831.92
SHP_109491,SO_101049,WH_04,Sea,02-01-2024,2024/01/07,6,5.0,On Time,3564,2500.45,8523,6022.55
SHP_109492,SO_102192,WH_09,Sea,13-12-2024,2024/12/20,3,7.0,Delayed,2371,3486.34,9787,6300.66
SHP_109493,SO_100434,WH_14,Rail,10-09-2024,2024/09/19,7,9.0,Delayed,2607,8126.4,25078,16951.6
SHP_109494,SO_109861,WH_03,Air,24-07-2024,2024/07/26,7,2.0,On Time,2513,6044.4,28216,22171.6
SHP_109495,SO_104523,WH_12,Air,29-09-2024,2024/10/03,3,4.0,Delayed,1024,4527.51,12855,8327.49
SHP_109496,SO_100923,WH_05,Rail,24-01-2024,2024/01/31,4,7.0,Delayed,958,6879.66,31756,24876.34
SHP_109497,SO_107025,WH_03,Rail,07-08-2024,2024/08/16,4,9.0,Delayed,932,9693.21,35473,25779.79
SHP_109498,SO_102816,WH_08,Air,23-07-2024,2024/07/25,4,2.0,On Time,3100,17369.89,45055,27685.11
SHP_109499,SO_100921,WH_03,Rail,22-01-2024,2024/01/31,6,9.0,Delayed,2404,3392.12,12941,9548.88
SHP_109500,SO_103176,WH_05,Sea,01-11-2024,2024/11/03,4,2.0,On Time,3306,19729.34,49961,30231.66
SHP_109501,SO_100242,WH_07,Road,04-12-2024,2024/12/07,5,3.0,On Time,3586,16087.54,41480,25392.46
SHP_109502,SO_106594,WH_04,Sea,23-05-2024,2024/06/02,6,10.0,Delayed,1377,4060.67,15414,11353.33
SHP_109503,SO_101915,WH_14,Sea,23-10-2024,2024/10/28,7,5.0,On Time,1464,9112.9,44012,34899.1
SHP_109504,SO_100207,WH_12,Road,30-01-2024,2024/02/08,4,9.0,Delayed,843,10712.23,38722,28009.77
SHP_109505,SO_108258,WH_04,Road,24-02-2024,2024/02/27,7,3.0,On Time,1170,11555.38,37461,25905.62
SHP_109506,SO_103888,WH_15,Rail,01-09-2024,2024/09/10,7,9.0,Delayed,297,9458.01,28618,19159.99
SHP_109507,SO_106091,WH_09,Sea,03-01-2024,2024/01/09,7,6.0,On Time,2132,9718.11,34013,24294.89
SHP_109508,SO_108234,WH_09,Rail,30-06-2024,2024/07/09,4,9.0,Delayed,3839,8195.38,25874,17678.62
SHP_109509,SO_105567,WH_12,Sea,22-11-2024,2024/11/26,3,4.0,Delayed,4660,3246.95,14875,11628.05
SHP_109510,SO_101780,WH_14,Air,22-01-2024,2024/01/25,5,3.0,On Time,2921,9086.95,30825,21738.05
SHP_109511,SO_108149,WH_01,Rail,13-09-2024,2024/09/18,3,5.0,Delayed,2103,2893.44,10615,7721.56
SHP_109512,SO_104034,WH_02,Sea,01-07-2024,2024/07/08,4,7.0,Delayed,3181,1596.33,7358,5761.67
SHP_109513,SO_102550,WH_11,Road,08-12-2024,2024/12/14,4,6.0,Delayed,2488,3540.18,14946,11405.82
SHP_109514,SO_100806,WH_01,Rail,25-05-2024,2024/06/03,3,9.0,Delayed,1203,14223.44,38219,23995.56
SHP_109515,SO_106999,WH_06,Air,18-07-2024,2024/07/22,6,4.0,On Time,3759,10142.47,37765,27622.53
SHP_109516,SO_105114,WH_13,Road,30-11-2024,2024/12/09,5,9.0,Delayed,3872,4961.23,21994,17032.77
SHP_109517,SO_101671,WH_10,Road,08-07-2024,2024/07/13,3,,Delayed,2967,15157.38,42678,27520.62
SHP_109518,SO_106617,WH_09,Rail,29-05-2024,2024/06/01,5,3.0,On Time,1199,11801.28,47277,35475.72
SHP_109519,SO_102747,WH_14,Road,23-08-2024,2024/08/29,6,6.0,On Time,2208,7910.23,29210,21299.77
SHP_109520,SO_104337,WH_10,Sea,04-03-2024,2024/03/08,5,4.0,On Time,1911,14079.34,35291,21211.66
SHP_109521,SO_105499,WH_02,Road,06-01-2024,2024/01/12,6,6.0,On Time,1986,2548.17,8103,5554.83
SHP_109522,SO_105197,WH_08,Air,24-07-2024,2024/08/02,7,9.0,Delayed,3990,12803.04,45977,33173.96
SHP_109523,SO_105294,WH_15,Rail,16-08-2024,2024/08/20,6,4.0,On Time,931,2850.03,8390,5539.97
SHP_109524,SO_103127,WH_12,Road,12-11-2024,2024/11/20,3,8.0,Delayed,2684,11191.43,32317,21125.57
SHP_109525,SO_107208,WH_07,Sea,04-12-2024,2024/12/07,3,3.0,On Time,1652,1801.54,6292,4490.46
SHP_109526,SO_101707,WH_10,Sea,21-05-2024,2024/05/24,3,3.0,On Time,511,6851.04,31486,24634.96
SHP_109527,SO_107075,WH_08,Rail,02-06-2024,2024/06/07,3,5.0,Delayed,4859,8699.13,43207,34507.87
SHP_109528,SO_108911,WH_09,Rail,31-05-2024,2024/06/10,4,10.0,Delayed,2221,4529.86,12738,8208.14
SHP_109529,SO_103287,WH_02,Air,11-10-2024,2024/10/20,5,9.0,Delayed,3509,17152.96,45157,28004.04
SHP_109530,SO_106867,WH_03,Rail,16-01-2024,2024/01/23,6,7.0,Delayed,1968,12856.75,39033,26176.25
SHP_109531,SO_108185,WH_05,Road,09-09-2024,2024/09/11,3,2.0,On Time,1308,10609.42,26657,16047.58
SHP_109532,SO_102512,WH_11,Sea,30-10-2024,2024/11/01,4,2.0,On Time,596,6571.57,30411,23839.43
SHP_109533,SO_109520,WH_10,Rail,05-08-2024,2024/08/08,4,3.0,On Time,2689,2598.4,10670,8071.6
SHP_109534,SO_106352,WH_15,Road,05-11-2024,2024/11/09,5,4.0,On Time,1826,1756.31,5879,4122.69
SHP_109535,SO_100521,WH_01,Road,12-05-2024,2024/05/22,7,10.0,Delayed,3748,7951.28,21740,13788.72
SHP_109536,SO_106775,WH_15,Road,15-03-2024,2024/03/18,4,3.0,On Time,3846,9418.95,28515,19096.05
SHP_109537,SO_103164,WH_10,Sea,16-07-2024,2024/07/24,6,8.0,Delayed,4730,1903.8,6575,4671.2
SHP_109538,SO_100506,WH_03,Road,30-09-2024,2024/10/09,6,9.0,Delayed,621,14781.15,47609,32827.85
SHP_109539,SO_107768,WH_12,Air,05-06-2024,2024/06/11,5,6.0,Delayed,2514,7168.12,31817,24648.88
SHP_109540,SO_103380,WH_04,Air,14-12-2024,2024/12/24,6,10.0,Delayed,319,2712.43,10357,7644.57
SHP_109541,SO_106921,WH_05,Road,28-04-2024,2024/05/08,3,10.0,Delayed,4179,8970.35,24776,15805.65
SHP_109542,SO_104755,WH_14,Rail,06-12-2024,2024/12/15,5,9.0,Delayed,1584,2994.16,8309,5314.84
SHP_109543,SO_103993,WH_15,Air,12-12-2024,2024/12/19,5,7.0,Delayed,3725,12844.32,47999,35154.68
SHP_109544,SO_108293,WH_15,Rail,17-11-2024,2024/11/22,7,5.0,On Time,976,4670.35,13816,9145.65
SHP_109545,SO_101170,WH_10,Sea,28-04-2024,2024/05/03,7,5.0,On Time,509,13131.5,48244,35112.5
SHP_109546,SO_105508,WH_05,Sea,11-09-2024,2024/09/16,5,5.0,On Time,4524,18110.82,46952,28841.18
SHP_109547,SO_103249,WH_03,Air,01-10-2024,2024/10/10,5,,Delayed,1065,6248.76,20620,14371.24
SHP_109548,SO_100824,WH_08,Road,19-07-2024,2024/07/23,3,4.0,Delayed,800,6048.12,18106,12057.88
SHP_109549,SO_100996,WH_13,Road,01-06-2024,2024/06/05,5,4.0,On Time,3314,15671.57,41709,26037.43
SHP_109550,SO_100192,WH_04,Sea,13-02-2024,2024/02/16,6,3.0,On Time,3242,5265.93,18004,12738.07
SHP_109551,SO_106803,WH_09,Road,30-08-2024,2024/09/01,3,2.0,On Time,1362,5628.52,16630,11001.48
SHP_109552,SO_105037,WH_01,Road,27-12-2024,2025/01/04,3,8.0,Delayed,2052,6877.98,26769,19891.02
SHP_109553,SO_106282,WH_07,Sea,21-10-2024,2024/10/28,4,7.0,Delayed,2496,16024.3,49279,33254.7
SHP_109554,SO_109497,WH_08,Rail,30-08-2024,2024/09/09,6,10.0,Delayed,1257,9160.07,27138,17977.93
SHP_109555,SO_107591,WH_02,Rail,21-01-2024,2024/01/23,5,2.0,On Time,1825,8706.32,27619,18912.68
SHP_109556,SO_108278,WH_14,Air,18-01-2024,2024/01/27,6,9.0,Delayed,2185,16842.9,48549,31706.1
SHP_109557,SO_105469,WH_07,Road,13-06-2024,2024/06/18,3,5.0,Delayed,3495,4479.31,14494,10014.69
SHP_109558,SO_108992,WH_07,Sea,13-07-2024,2024/07/17,5,4.0,On Time,234,7639.01,36505,28865.99
SHP_109559,SO_105193,WH_14,Sea,28-04-2024,2024/05/03,7,5.0,On Time,2169,11705.04,46872,35166.96
SHP_109560,SO_108441,WH_05,Road,19-07-2024,2024/07/28,6,9.0,Delayed,2547,10874.39,41859,30984.61
SHP_109561,SO_105337,WH_08,Rail,24-12-2024,2024/12/26,4,2.0,On Time,997,4145.75,13299,9153.25
SHP_109562,SO_108416,WH_05,Rail,09-01-2024,2024/01/16,4,7.0,Delayed,4994,15095.62,49886,34790.38
SHP_109563,SO_100831,WH_05,Rail,17-06-2024,2024/06/27,7,10.0,Delayed,1921,7527.86,27936,20408.14
SHP_109564,SO_105012,WH_10,Sea,20-12-2024,2024/12/27,5,,Delayed,511,4519.32,22326,17806.68
SHP_109565,SO_109667,WH_02,Sea,05-06-2024,2024/06/11,3,6.0,Delayed,1421,7435.06,20745,13309.94
SHP_109566,SO_102721,WH_07,Rail,04-07-2024,2024/07/09,7,5.0,On Time,600,18249.72,47396,29146.28
SHP_109567,SO_106295,WH_09,Road,15-10-2024,2024/10/17,3,2.0,On Time,1094,11530.91,33975,22444.09
SHP_109568,SO_100769,WH_11,Air,23-06-2024,2024/07/02,7,9.0,Delayed,1014,3321.39,11591,8269.61
SHP_109569,SO_103219,WH_08,Air,10-04-2024,2024/04/18,7,8.0,Delayed,907,4818.33,20395,15576.67
SHP_109570,SO_100561,WH_07,Road,19-08-2024,2024/08/22,3,3.0,On Time,1334,11490.95,37464,25973.05
SHP_109571,SO_109279,WH_10,Sea,15-08-2024,2024/08/17,5,2.0,On Time,3265,7770.94,25029,17258.06
SHP_109572,SO_104427,WH_13,Air,29-11-2024,2024/12/08,5,9.0,Delayed,4496,8828.28,27282,18453.72
SHP_109573,SO_108399,WH_02,Air,13-08-2024,2024/08/17,3,4.0,Delayed,3074,4496.91,20330,15833.09
SHP_109574,SO_103217,WH_12,Sea,24-09-2024,2024/09/28,5,4.0,On Time,679,3409.32,11083,7673.68
SHP_109575,SO_106466,WH_01,Road,03-03-2024,2024/03/09,5,6.0,Delayed,272,7505.54,20091,12585.46
SHP_109576,SO_108770,WH_12,Sea,19-12-2024,2024/12/25,6,6.0,On Time,964,5957.09,17841,11883.91
SHP_109577,SO_100615,WH_04,Rail,05-03-2024,2024/03/15,4,10.0,Delayed,2907,4330.49,18847,14516.51
SHP_109578,SO_108174,WH_02,Sea,29-11-2024,2024/12/07,5,8.0,Delayed,1171,7981.69,22252,14270.31
SHP_109579,SO_106991,WH_04,Air,08-03-2024,2024/03/14,5,6.0,Delayed,299,15745.75,42354,26608.25
SHP_109580,SO_109255,WH_12,Rail,11-04-2024,2024/04/17,3,6.0,Delayed,3204,2880.5,10041,7160.5
SHP_109581,SO_106359,WH_08,Rail,11-04-2024,2024/04/19,5,8.0,Delayed,395,8854.01,27752,18897.99
SHP_109582,SO_105460,WH_14,Rail,02-04-2024,2024/04/08,7,6.0,On Time,2716,15045.55,43401,28355.45
SHP_109583,SO_105256,WH_07,Sea,22-12-2024,2024/12/28,3,6.0,Delayed,4615,5106.34,17930,12823.66
SHP_109584,SO_106572,WH_03,Sea,17-05-2024,2024/05/19,4,2.0,On Time,4429,5584.62,14034,8449.38
SHP_109585,SO_107233,WH_15,Air,08-09-2024,2024/09/13,6,,Delayed,1355,15023.94,38647,23623.06
SHP_109586,SO_100960,WH_14,Road,23-01-2024,2024/01/27,3,4.0,Delayed,3431,10876.63,38178,27301.37
SHP_109587,SO_109690,WH_04,Air,31-07-2024,2024/08/09,5,9.0,Delayed,493,15767.42,43390,27622.58
SHP_109588,SO_107815,WH_02,Sea,02-07-2024,2024/07/05,4,3.0,On Time,1305,9730.78,40816,31085.22
SHP_109589,SO_108544,WH_09,Sea,08-01-2024,2024/01/14,4,6.0,Delayed,3494,3380.36,14415,11034.64
SHP_109590,SO_107491,WH_05,Air,08-10-2024,2024/10/16,3,8.0,Delayed,3258,8082.89,28537,20454.11
SHP_109591,SO_102950,WH_03,Rail,18-04-2024,2024/04/23,6,5.0,On Time,2387,9089.37,29694,20604.63
SHP_109592,SO_100333,WH_08,Air,13-07-2024,2024/07/23,6,10.0,Delayed,514,7369.82,18992,11622.18
SHP_109593,SO_108760,WH_04,Sea,30-04-2024,2024/05/03,3,3.0,On Time,859,4827.7,20213,15385.3
SHP_109594,SO_106889,WH_15,Rail,12-03-2024,2024/03/16,6,4.0,On Time,4958,12242.52,40202,27959.48
SHP_109595,SO_104446,WH_13,Sea,04-11-2024,2024/11/08,6,4.0,On Time,3083,4179.92,12459,8279.08
SHP_109596,SO_103867,WH_14,Sea,11-03-2024,2024/03/18,7,7.0,On Time,3485,10392.35,40855,30462.65
SHP_109597,SO_108757,WH_10,Road,29-08-2024,2024/09/04,3,6.0,Delayed,1407,6858.55,28524,21665.45
SHP_109598,SO_109513,WH_11,Rail,19-05-2024,2024/05/22,3,3.0,On Time,496,5827.54,21285,15457.46
SHP_109599,SO_106915,WH_07,Road,17-11-2024,2024/11/20,5,3.0,On Time,664,4444.1,14320,9875.9
SHP_109600,SO_107284,WH_13,Air,10-12-2024,2024/12/14,3,4.0,Delayed,4301,6333.45,17201,10867.55
SHP_109601,SO_101797,WH_15,Rail,22-02-2024,2024/02/25,4,3.0,On Time,4283,6259.01,21509,15249.99
SHP_109602,SO_103460,WH_11,Road,13-06-2024,2024/06/15,4,2.0,On Time,3934,3439.82,10185,6745.18
SHP_109603,SO_101678,WH_05,Road,17-02-2024,2024/02/25,3,8.0,Delayed,1608,5419.23,21213,15793.77
SHP_109604,SO_107319,WH_03,Rail,10-11-2024,2024/11/19,3,9.0,Delayed,1296,11913.81,34296,22382.19
SHP_109605,SO_102342,WH_12,Rail,09-10-2024,2024/10/13,5,4.0,On Time,3679,6359.35,19370,13010.65
SHP_109606,SO_107861,WH_04,Sea,24-01-2024,2024/01/31,6,7.0,Delayed,1042,10080.15,42014,31933.85
SHP_109607,SO_108209,WH_02,Air,29-05-2024,2024/06/05,5,7.0,Delayed,4619,8781.3,30332,21550.7
SHP_109608,SO_103665,WH_12,Road,02-02-2024,2024/02/10,5,,Delayed,4305,2283.07,11213,8929.93
SHP_109609,SO_107487,WH_13,Road,03-01-2024,2024/01/13,3,10.0,Delayed,2321,4380.93,14111,9730.07
SHP_109610,SO_101113,WH_02,Rail,06-09-2024,2024/09/08,5,2.0,On Time,3259,13002.75,36842,23839.25
SHP_109611,SO_107342,WH_11,Rail,22-09-2024,2024/10/02,3,10.0,Delayed,3099,1147.63,5492,4344.37
SHP_109612,SO_107464,WH_09,Air,22-02-2024,2024/02/27,4,5.0,Delayed,837,3144.24,10204,7059.76
SHP_109613,SO_100888,WH_08,Rail,27-06-2024,2024/07/03,5,6.0,Delayed,4205,6519.97,21804,15284.03
SHP_109614,SO_107988,WH_15,Road,29-03-2024,2024/04/02,5,4.0,On Time,3628,4732.17,14634,9901.83
SHP_109615,SO_107034,WH_15,Sea,11-10-2024,2024/10/20,7,,Delayed,4659,3419.01,15889,12469.99
SHP_109616,SO_105649,WH_13,Rail,22-12-2024,2024/12/31,4,9.0,Delayed,2910,2809.08,12994,10184.92
SHP_109617,SO_108959,WH_07,Rail,15-02-2024,2024/02/25,4,10.0,Delayed,408,12226.63,43168,30941.37
SHP_109618,SO_100945,WH_15,Air,27-10-2024,2024/10/30,4,3.0,On Time,803,5902.47,17791,11888.53
SHP_109619,SO_102045,WH_01,Air,29-02-2024,2024/03/04,6,4.0,On Time,3912,13217.06,41993,28775.94
SHP_109620,SO_103869,WH_06,Road,30-04-2024,2024/05/07,4,7.0,Delayed,607,5811.38,23216,17404.62
SHP_109621,SO_103639,WH_15,Rail,17-01-2024,2024/01/23,6,6.0,On Time,2408,2496.01,6547,4050.99
SHP_109622,SO_102460,WH_11,Rail,30-10-2024,2024/11/01,7,2.0,On Time,1368,13009.63,48139,35129.37
SHP_109623,SO_100524,WH_01,Rail,20-07-2024,2024/07/27,4,7.0,Delayed,1510,15216.25,42538,27321.75
SHP_109624,SO_102234,WH_06,Rail,25-05-2024,2024/06/01,4,7.0,Delayed,4275,6676.29,28183,21506.71
SHP_109625,SO_103142,WH_10,Air,02-10-2024,2024/10/04,3,2.0,On Time,1121,6603.13,27597,20993.87
SHP_109626,SO_100931,WH_04,Air,10-08-2024,2024/08/12,7,2.0,On Time,3399,5203.89,17998,12794.11
SHP_109627,SO_106529,WH_12,Road,20-02-2024,2024/02/27,7,7.0,On Time,3921,11880.19,44542,32661.81
SHP_109628,SO_105671,WH_14,Air,16-02-2024,2024/02/20,6,4.0,On Time,1940,11792.52,48276,36483.48
SHP_109629,SO_102995,WH_12,Air,12-07-2024,2024/07/22,5,10.0,Delayed,1605,11460.13,29133,17672.87
SHP_109630,SO_101364,WH_02,Rail,17-08-2024,2024/08/21,4,4.0,On Time,1588,1695.43,7861,6165.57
SHP_109631,SO_100179,WH_07,Rail,30-06-2024,2024/07/10,4,10.0,Delayed,3932,3681.74,15656,11974.26
SHP_109632,SO_104011,WH_15,Rail,21-04-2024,2024/04/25,7,4.0,On Time,2821,2452.05,9881,7428.95
SHP_109633,SO_109666,WH_11,Air,31-03-2024,2024/04/05,4,5.0,Delayed,4925,10359.61,45446,35086.39
SHP_109634,SO_102395,WH_06,Rail,28-03-2024,2024/03/30,6,2.0,On Time,925,2038.36,8520,6481.64
SHP_109635,SO_100943,WH_07,Air,05-09-2024,2024/09/07,3,2.0,On Time,1534,3992.33,11179,7186.67
SHP_109636,SO_100190,WH_15,Road,05-11-2024,2024/11/14,3,9.0,Delayed,589,8238.16,23731,15492.84
SHP_109637,SO_102932,WH_08,Rail,08-12-2024,2024/12/14,4,6.0,Delayed,2090,7084.32,28605,21520.68
SHP_109638,SO_109645,WH_06,Sea,05-12-2024,2024/12/14,4,9.0,Delayed,1829,10322.25,45176,34853.75
SHP_109639,SO_108735,WH_08,Sea,03-09-2024,2024/09/11,3,8.0,Delayed,3908,4448.94,15533,11084.06
SHP_109640,SO_105055,WH_11,Rail,07-12-2024,2024/12/14,6,7.0,Delayed,200,15912.78,42350,26437.22
SHP_109641,SO_100830,WH_06,Sea,03-12-2024,2024/12/13,3,10.0,Delayed,4430,3487.5,14760,11272.5
SHP_109642,SO_101555,WH_15,Air,30-09-2024,2024/10/07,4,,Delayed,1902,3905.39,18516,14610.61
SHP_109643,SO_106470,WH_07,Sea,04-07-2024,2024/07/08,3,4.0,Delayed,306,1368.67,5789,4420.33
SHP_109644,SO_101025,WH_15,Rail,04-10-2024,2024/10/06,6,2.0,On Time,1744,14839.07,48365,33525.93
SHP_109645,SO_107237,WH_01,Air,30-01-2024,2024/02/04,5,,Delayed,3818,3013.56,12827,9813.44
SHP_109646,SO_100894,WH_14,Road,23-04-2024,2024/04/26,4,3.0,On Time,3127,5248.25,17746,12497.75
SHP_109647,SO_103226,WH_05,Road,30-08-2024,2024/09/08,6,9.0,Delayed,2281,1674.64,5986,4311.36
SHP_109648,SO_100796,WH_02,Air,29-01-2024,2024/02/02,4,4.0,On Time,4330,8968.23,31186,22217.77
SHP_109649,SO_103487,WH_02,Air,11-03-2024,2024/03/13,3,2.0,On Time,1066,5775.67,23935,18159.33
SHP_109650,SO_109472,WH_11,Road,18-08-2024,2024/08/23,3,5.0,Delayed,808,9709.69,48035,38325.31
SHP_109651,SO_100029,WH_12,Road,26-03-2024,2024/03/31,6,5.0,On Time,3406,17705.85,46255,28549.15
SHP_109652,SO_102835,WH_05,Rail,31-03-2024,2024/04/02,5,2.0,On Time,1337,6753.1,30533,23779.9
SHP_109653,SO_109197,WH_14,Road,21-12-2024,2024/12/30,3,9.0,Delayed,3312,3413.33,12204,8790.67
SHP_109654,SO_108071,WH_04,Air,09-04-2024,2024/04/17,3,8.0,Delayed,1011,8576.11,32873,24296.89
SHP_109655,SO_106848,WH_15,Road,10-08-2024,2024/08/15,3,5.0,Delayed,4308,5211.41,16534,11322.59
SHP_109656,SO_101685,WH_02,Sea,29-04-2024,2024/05/01,6,2.0,On Time,2902,8821.76,41026,32204.24
SHP_109657,SO_106231,WH_10,Rail,29-03-2024,2024/04/02,3,4.0,Delayed,1181,7570.56,28851,21280.44
SHP_109658,SO_109009,WH_07,Rail,23-06-2024,2024/07/03,3,10.0,Delayed,2328,2565.96,6565,3999.04
SHP_109659,SO_107672,WH_03,Road,27-05-2024,2024/05/29,6,2.0,On Time,4079,5893.98,17194,11300.02
SHP_109660,SO_107690,WH_02,Air,03-08-2024,2024/08/08,6,5.0,On Time,3682,14058.64,38451,24392.36
SHP_109661,SO_108591,WH_03,Air,15-05-2024,2024/05/24,6,9.0,Delayed,2108,13916.2,43284,29367.8
SHP_109662,SO_106254,WH_01,Rail,08-06-2024,2024/06/15,6,7.0,Delayed,1616,3087.03,13183,10095.97
SHP_109663,SO_100949,WH_03,Road,29-08-2024,2024/09/01,5,3.0,On Time,4745,7343.71,35716,28372.29
SHP_109664,SO_106072,WH_08,Air,21-03-2024,2024/03/31,4,10.0,Delayed,780,3528.97,14706,11177.03
SHP_109665,SO_103854,WH_12,Rail,09-03-2024,2024/03/18,3,9.0,Delayed,3325,3931.44,12117,8185.56
SHP_109666,SO_108413,WH_01,Rail,09-05-2024,2024/05/18,6,9.0,Delayed,2893,6094.95,15583,9488.05
SHP_109667,SO_109564,WH_11,Road,27-01-2024,2024/02/02,5,6.0,Delayed,2110,3173.02,10598,7424.98
SHP_109668,SO_106843,WH_07,Rail,01-11-2024,2024/11/04,6,3.0,On Time,3853,6947.18,17963,11015.82
SHP_109669,SO_105139,WH_13,Road,07-03-2024,2024/03/10,7,3.0,On Time,2983,5587.96,19075,13487.04
SHP_109670,SO_107920,WH_09,Air,21-02-2024,2024/02/26,7,5.0,On Time,2589,6016.14,29921,23904.86
SHP_109671,SO_100563,WH_08,Rail,15-04-2024,2024/04/17,4,2.0,On Time,1583,10063.41,30766,20702.59
SHP_109672,SO_104571,WH_15,Sea,15-01-2024,2024/01/24,3,9.0,Delayed,2229,15334.64,43756,28421.36
SHP_109673,SO_104468,WH_10,Air,25-11-2024,2024/12/04,4,9.0,Delayed,1489,5142.44,17999,12856.56
SHP_109674,SO_106106,WH_09,Rail,31-10-2024,2024/11/03,6,3.0,On Time,205,8389.13,37086,28696.87
SHP_109675,SO_107540,WH_05,Sea,13-10-2024,2024/10/21,4,8.0,Delayed,1270,7757.55,31029,23271.45
SHP_109676,SO_104965,WH_09,Air,31-08-2024,2024/09/08,7,8.0,Delayed,2247,7691.84,34065,26373.16
SHP_109677,SO_103226,WH_11,Road,16-05-2024,2024/05/21,4,5.0,Delayed,4419,14579.1,44855,30275.9
SHP_109678,SO_104612,WH_07,Rail,19-02-2024,2024/02/29,7,10.0,Delayed,3782,7646.18,22794,15147.82
SHP_109679,SO_106095,WH_10,Sea,03-10-2024,2024/10/13,5,10.0,Delayed,4990,13521.65,49754,36232.35
SHP_109680,SO_105633,WH_04,Rail,09-09-2024,2024/09/17,3,8.0,Delayed,4881,4139.37,12659,8519.63
SHP_109681,SO_107313,WH_03,Rail,15-03-2024,2024/03/23,7,8.0,Delayed,2167,5841.21,15877,10035.79
SHP_109682,SO_104120,WH_05,Rail,23-06-2024,2024/06/28,5,5.0,On Time,1201,2613.58,12854,10240.42
SHP_109683,SO_101591,WH_14,Road,21-05-2024,2024/05/23,5,2.0,On Time,1565,5214.74,25657,20442.26
SHP_109684,SO_107159,WH_13,Air,17-08-2024,2024/08/22,7,5.0,On Time,4828,2776.41,9689,6912.59
SHP_109685,SO_100018,WH_02,Road,29-01-2024,2024/02/07,6,9.0,Delayed,1148,13469.19,38820,25350.81
SHP_109686,SO_103067,WH_11,Road,09-07-2024,2024/07/16,6,7.0,Delayed,1333,5484.24,15303,9818.76
SHP_109687,SO_103868,WH_12,Air,05-04-2024,2024/04/08,4,3.0,On Time,867,11910.14,31072,19161.86
SHP_109688,SO_103371,WH_02,Sea,05-12-2024,2024/12/13,3,8.0,Delayed,2103,14948.75,46512,31563.25
SHP_109689,SO_108687,WH_02,Rail,15-02-2024,2024/02/19,5,4.0,On Time,2319,6947.36,26705,19757.64
SHP_109690,SO_107716,WH_15,Rail,28-01-2024,2024/01/30,3,2.0,On Time,2991,5726.15,15745,10018.85
SHP_109691,SO_108165,WH_12,Rail,27-06-2024,2024/07/02,4,5.0,Delayed,4722,3278.75,12742,9463.25
SHP_109692,SO_105644,WH_10,Air,01-11-2024,2024/11/08,7,7.0,On Time,2662,7604.4,33445,25840.6
SHP_109693,SO_107509,WH_09,Road,07-08-2024,2024/08/15,6,8.0,Delayed,2030,14877.79,44316,29438.21
SHP_109694,SO_108201,WH_04,Sea,10-07-2024,2024/07/20,7,10.0,Delayed,1854,1128.66,5560,4431.34
SHP_109695,SO_109320,WH_08,Sea,21-01-2024,2024/01/26,5,5.0,On Time,2083,2223.31,5770,3546.69
SHP_109696,SO_107911,WH_04,Air,25-01-2024,2024/02/04,4,10.0,Delayed,2971,1919.55,6746,4826.45
SHP_109697,SO_101563,WH_10,Rail,26-02-2024,2024/03/02,7,5.0,On Time,3363,3189.46,11250,8060.54
SHP_109698,SO_101679,WH_04,Rail,23-03-2024,2024/04/02,5,10.0,Delayed,3331,-10313.88,39822,50135.88
SHP_109699,SO_109400,WH_11,Rail,26-07-2024,2024/07/31,6,5.0,On Time,686,8238.7,35102,26863.3
SHP_109700,SO_102342,WH_10,Road,15-11-2024,2024/11/20,7,5.0,On Time,1739,9001.5,27820,18818.5
SHP_109701,SO_105834,WH_03,Air,25-07-2024,2024/07/30,6,5.0,On Time,640,7046.41,23067,16020.59
SHP_109702,SO_103911,WH_13,Air,05-05-2024,2024/05/08,4,3.0,On Time,695,3054.64,7981,4926.36
SHP_109703,SO_109801,WH_15,Sea,08-11-2024,2024/11/11,5,3.0,On Time,1536,9601.18,30977,21375.82
SHP_109704,SO_102803,WH_14,Rail,15-10-2024,2024/10/25,7,10.0,Delayed,3749,7975.67,36255,28279.33
SHP_109705,SO_107008,WH_15,Air,15-01-2024,2024/01/21,3,6.0,Delayed,2094,10105.87,27286,17180.13
SHP_109706,SO_109822,WH_11,Road,31-10-2024,2024/11/07,4,7.0,Delayed,2493,7121.51,26444,19322.49
SHP_109707,SO_108041,WH_08,Rail,16-11-2024,2024/11/24,7,8.0,Delayed,817,5899.51,15735,9835.49
SHP_109708,SO_100661,WH_08,Air,13-06-2024,2024/06/20,7,7.0,On Time,4512,3304.17,9140,5835.83
SHP_109709,SO_103064,WH_07,Rail,12-12-2024,2024/12/15,5,3.0,On Time,1798,8491.06,38625,30133.94
SHP_109710,SO_102721,WH_06,Sea,10-06-2024,2024/06/14,6,4.0,On Time,964,8240.68,26134,17893.32
SHP_109711,SO_105345,WH_11,Road,15-07-2024,2024/07/19,6,4.0,On Time,2173,8953.84,43105,34151.16
SHP_109712,SO_100869,WH_13,Air,13-03-2024,2024/03/22,4,9.0,Delayed,3296,6933.48,34509,27575.52
SHP_109713,SO_108519,WH_10,Air,07-02-2024,2024/02/17,3,10.0,Delayed,2423,2376.76,11461,9084.24
SHP_109714,SO_104507,WH_11,Sea,07-12-2024,2024/12/13,5,6.0,Delayed,4126,8024.46,26604,18579.54
SHP_109715,SO_106222,WH_03,Rail,27-12-2024,2024/12/31,3,4.0,Delayed,4822,9940.72,34580,24639.28
SHP_109716,SO_104196,WH_15,Sea,27-04-2024,2024/04/29,7,2.0,On Time,2062,7548.11,37525,29976.89
SHP_109717,SO_102941,WH_08,Road,29-02-2024,2024/03/03,4,3.0,On Time,1659,15596.04,44932,29335.96
SHP_109718,SO_102973,WH_12,Sea,11-09-2024,2024/09/20,3,9.0,Delayed,2031,1596.34,6589,4992.66
SHP_109719,SO_108997,WH_05,Rail,03-06-2024,2024/06/13,6,10.0,Delayed,4395,13637.14,40414,26776.86
SHP_109720,SO_106758,WH_09,Rail,18-09-2024,2024/09/26,4,8.0,Delayed,1959,14578.33,36981,22402.67
SHP_109721,SO_102507,WH_08,Rail,09-04-2024,2024/04/13,6,4.0,On Time,2307,5842.83,26318,20475.17
SHP_109722,SO_108749,WH_15,Sea,26-10-2024,2024/10/30,4,4.0,On Time,4308,8504.96,33907,25402.04
SHP_109723,SO_102386,WH_09,Road,09-11-2024,2024/11/16,7,7.0,On Time,1593,4467.02,14894,10426.98
SHP_109724,SO_101968,WH_02,Air,20-12-2024,2024/12/23,3,3.0,On Time,1492,15676.48,48272,32595.52
SHP_109725,SO_107667,WH_03,Rail,18-11-2024,2024/11/27,6,9.0,Delayed,1071,3699.68,12989,9289.32
SHP_109726,SO_109298,WH_03,Air,16-08-2024,2024/08/23,5,7.0,Delayed,4310,10546.74,40045,29498.26
SHP_109727,SO_106522,WH_02,Air,16-10-2024,2024/10/25,7,9.0,Delayed,2448,16838.15,43010,26171.85
SHP_109728,SO_106657,WH_05,Air,13-10-2024,2024/10/22,6,9.0,Delayed,4630,3316.0,8423,5107.0
SHP_109729,SO_100549,WH_02,Road,10-04-2024,2024/04/20,4,10.0,Delayed,3433,14420.39,36750,22329.61
SHP_109730,SO_105897,WH_08,Road,06-03-2024,2024/03/08,4,2.0,On Time,1140,9737.45,32998,23260.55
SHP_109731,SO_104382,WH_15,Rail,21-05-2024,2024/05/30,7,9.0,Delayed,4657,6483.32,23776,17292.68
SHP_109732,SO_103345,WH_05,Air,07-04-2024,2024/04/14,5,7.0,Delayed,4988,2111.85,7242,5130.15
SHP_109733,SO_105691,WH_12,Air,06-03-2024,2024/03/14,4,8.0,Delayed,3192,15589.8,45229,29639.2
SHP_109734,SO_108724,WH_09,Rail,27-08-2024,2024/09/02,4,6.0,Delayed,2556,10309.46,46431,36121.54
SHP_109735,SO_106192,WH_04,Rail,25-04-2024,2024/05/03,6,8.0,Delayed,484,2791.2,12378,9586.8
SHP_109736,SO_105853,WH_09,Rail,15-05-2024,2024/05/20,7,5.0,On Time,2119,3293.66,8492,5198.34
SHP_109737,SO_108976,WH_13,Sea,06-11-2024,2024/11/13,7,7.0,On Time,2320,5441.22,25092,19650.78
SHP_109738,SO_109909,WH_10,Road,09-11-2024,2024/11/14,6,5.0,On Time,1377,10989.14,40860,29870.86
SHP_109739,SO_105022,WH_08,Road,25-03-2024,2024/03/31,6,6.0,On Time,2811,10609.49,36537,25927.51
SHP_109740,SO_103073,WH_09,Rail,30-07-2024,2024/08/03,3,4.0,Delayed,1106,6332.39,29545,23212.61
SHP_109741,SO_109984,WH_03,Air,28-05-2024,2024/06/07,5,10.0,Delayed,4451,4451.96,17327,12875.04
SHP_109742,SO_102008,WH_01,Road,19-07-2024,2024/07/29,3,10.0,Delayed,1768,6614.46,16710,10095.54
SHP_109743,SO_103325,WH_13,Rail,28-06-2024,2024/07/08,3,10.0,Delayed,3327,4799.09,19941,15141.91
SHP_109744,SO_106833,WH_01,Sea,30-10-2024,2024/11/05,7,6.0,On Time,3909,8066.25,36388,28321.75
SHP_109745,SO_107082,WH_15,Road,31-12-2024,2025/01/05,7,5.0,On Time,2277,7601.85,27772,20170.15
SHP_109746,SO_105117,WH_15,Road,18-08-2024,2024/08/28,5,10.0,Delayed,1039,3309.24,10766,7456.76
SHP_109747,SO_107082,WH_13,Rail,11-12-2024,2024/12/19,3,8.0,Delayed,2298,9825.2,39455,29629.8
SHP_109748,SO_104342,WH_10,Sea,30-12-2024,2025/01/01,3,2.0,On Time,2714,5858.62,16836,10977.38
SHP_109749,SO_109029,WH_11,Road,03-10-2024,2024/10/06,5,3.0,On Time,4109,14507.58,43907,29399.42
SHP_109750,SO_101615,WH_10,Road,16-02-2024,2024/02/22,6,6.0,On Time,2329,5264.06,13264,7999.94
SHP_109751,SO_104950,WH_07,Air,01-05-2024,2024/05/10,6,9.0,Delayed,4211,9023.81,38617,29593.19
SHP_109752,SO_103633,WH_03,Road,19-04-2024,2024/04/21,3,2.0,On Time,2285,3475.59,9730,6254.41
SHP_109753,SO_108867,WH_04,Sea,09-02-2024,2024/02/18,4,,Delayed,2108,5601.43,24099,18497.57
SHP_109754,SO_101849,WH_04,Road,04-04-2024,2024/04/07,7,3.0,On Time,2801,11519.08,29235,17715.92
SHP_109755,SO_103583,WH_15,Sea,02-07-2024,2024/07/10,4,8.0,Delayed,3447,9620.47,40784,31163.53
SHP_109756,SO_108074,WH_01,Rail,29-08-2024,2024/09/02,6,4.0,On Time,4701,9163.28,29037,19873.72
SHP_109757,SO_106721,WH_10,Sea,20-10-2024,2024/10/28,6,8.0,Delayed,263,17929.19,45302,27372.81
SHP_109758,SO_101780,WH_08,Rail,10-08-2024,2024/08/20,4,10.0,Delayed,3404,15598.18,41435,25836.82
SHP_109759,SO_100486,WH_07,Air,25-08-2024,2024/08/29,6,4.0,On Time,3161,12304.91,32336,20031.09
SHP_109760,SO_100544,WH_12,Air,07-03-2024,2024/03/17,5,10.0,Delayed,3461,13145.91,36035,22889.09
SHP_109761,SO_104485,WH_02,Road,06-08-2024,2024/08/12,7,6.0,On Time,4226,13531.54,42317,28785.46
SHP_109762,SO_102087,WH_11,Rail,09-10-2024,2024/10/15,4,6.0,Delayed,4559,7409.24,29984,22574.76
SHP_109763,SO_101692,WH_11,Road,17-06-2024,2024/06/25,5,8.0,Delayed,3133,7237.69,21237,13999.31
SHP_109764,SO_100614,WH_08,Air,24-02-2024,2024/03/03,7,8.0,Delayed,1063,18737.68,46859,28121.32
SHP_109765,SO_103035,WH_08,Rail,11-06-2024,2024/06/13,7,2.0,On Time,1696,11839.9,31747,19907.1
SHP_109766,SO_101068,WH_08,Air,26-08-2024,2024/09/03,6,8.0,Delayed,2221,7938.46,22605,14666.54
SHP_109767,SO_107943,WH_14,Road,15-10-2024,2024/10/24,7,9.0,Delayed,4678,1531.3,7032,5500.7
SHP_109768,SO_101720,WH_08,Road,15-07-2024,2024/07/25,6,10.0,Delayed,1170,10660.49,31718,21057.51
SHP_109769,SO_101676,WH_09,Air,02-06-2024,2024/06/09,5,7.0,Delayed,3196,5417.23,24214,18796.77
SHP_109770,SO_104361,WH_14,Road,09-08-2024,2024/08/13,7,4.0,On Time,4435,12238.32,43239,31000.68
SHP_109771,SO_104068,WH_11,Sea,11-02-2024,2024/02/14,4,3.0,On Time,2827,2605.12,10903,8297.88
SHP_109772,SO_101929,WH_05,Sea,02-11-2024,2024/11/10,4,8.0,Delayed,1924,12062.3,45202,33139.7
SHP_109773,SO_107376,WH_13,Air,29-07-2024,2024/08/05,3,7.0,Delayed,2292,5576.96,14107,8530.04
SHP_109774,SO_100672,WH_01,Sea,02-09-2024,2024/09/07,6,5.0,On Time,1035,2663.83,7662,4998.17
SHP_109775,SO_104158,WH_02,Road,24-04-2024,2024/04/30,5,,Delayed,381,10394.48,33845,23450.52
SHP_109776,SO_100106,WH_13,Air,07-09-2024,2024/09/16,3,9.0,Delayed,559,3018.67,14754,11735.33
SHP_109777,SO_106610,WH_02,Air,21-10-2024,2024/10/25,4,4.0,On Time,836,11860.56,37914,26053.44
SHP_109778,SO_108942,WH_13,Road,17-03-2024,2024/03/21,5,4.0,On Time,647,9676.27,36221,26544.73
SHP_109779,SO_101940,WH_01,Road,04-12-2024,2024/12/06,3,2.0,On Time,3272,6620.52,19304,12683.48
SHP_109780,SO_102733,WH_01,Air,07-06-2024,2024/06/17,5,10.0,Delayed,3988,16591.92,42396,25804.08
SHP_109781,SO_104278,WH_10,Air,17-05-2024,2024/05/26,6,9.0,Delayed,2950,2725.12,12396,9670.88
SHP_109782,SO_108809,WH_07,Sea,31-12-2024,2025/01/03,5,3.0,On Time,542,5141.02,15781,10639.98
SHP_109783,SO_108994,WH_03,Rail,02-02-2024,2024/02/08,7,6.0,On Time,2011,8214.3,23014,14799.7
SHP_109784,SO_108791,WH_11,Road,26-09-2024,2024/10/04,7,8.0,Delayed,4277,4943.26,12460,7516.74
SHP_109785,SO_100692,WH_05,Road,28-10-2024,2024/11/04,5,7.0,Delayed,3333,5187.54,19787,14599.46
SHP_109786,SO_103538,WH_06,Sea,07-03-2024,2024/03/15,3,8.0,Delayed,731,11034.2,31575,20540.8
SHP_109787,SO_104791,WH_10,Sea,05-12-2024,2024/12/09,4,4.0,On Time,677,15052.58,47311,32258.42
SHP_109788,SO_101906,WH_07,Rail,26-11-2024,2024/12/01,3,5.0,Delayed,1764,4775.75,12008,7232.25
SHP_109789,SO_105487,WH_03,Road,27-06-2024,2024/06/30,6,,Delayed,703,2005.17,6088,4082.83
SHP_109790,SO_104042,WH_08,Rail,05-09-2024,2024/09/07,5,2.0,On Time,2164,4114.47,10725,6610.53
SHP_109791,SO_109967,WH_04,Air,12-11-2024,2024/11/18,4,6.0,Delayed,3597,10207.68,38114,27906.32
SHP_109792,SO_109109,WH_04,Sea,05-03-2024,2024/03/15,6,10.0,Delayed,2146,8913.76,31487,22573.24
SHP_109793,SO_102028,WH_14,Air,08-06-2024,2024/06/10,7,2.0,On Time,357,17237.74,44809,27571.26
SHP_109794,SO_108257,WH_10,Road,14-04-2024,2024/04/20,5,6.0,Delayed,1360,14833.21,38018,23184.79
SHP_109795,SO_105977,WH_15,Sea,02-01-2024,2024/01/04,6,2.0,On Time,2669,4896.24,17710,12813.76
SHP_109796,SO_104690,WH_02,Air,24-11-2024,2024/12/02,5,8.0,Delayed,2294,5659.48,15000,9340.52
SHP_109797,SO_108773,WH_02,Air,13-07-2024,2024/07/17,6,4.0,On Time,2875,16188.05,44135,27946.95
SHP_109798,SO_101844,WH_12,Road,07-05-2024,2024/05/14,5,7.0,Delayed,4597,5151.65,14684,9532.35
SHP_109799,SO_105732,WH_07,Air,13-10-2024,2024/10/21,6,8.0,Delayed,3535,7298.27,25129,17830.73
SHP_109800,SO_103975,WH_11,Road,08-06-2024,2024/06/15,6,7.0,Delayed,1162,11202.28,36662,25459.72
SHP_109801,SO_109339,WH_05,Air,12-03-2024,2024/03/17,7,5.0,On Time,3893,9872.75,43195,33322.25
SHP_109802,SO_108213,WH_11,Rail,03-02-2024,2024/02/08,7,5.0,On Time,1537,3198.81,9893,6694.19
SHP_109803,SO_103079,WH_09,Rail,19-04-2024,2024/04/29,4,10.0,Delayed,2670,6778.01,20776,13997.99
SHP_109804,SO_106162,WH_02,Air,15-08-2024,2024/08/21,6,6.0,On Time,2964,8627.41,33368,24740.59
SHP_109805,SO_105609,WH_02,Rail,16-03-2024,2024/03/21,5,5.0,On Time,3348,5372.41,15062,9689.59
SHP_109806,SO_106222,WH_04,Road,20-03-2024,2024/03/29,6,9.0,Delayed,711,13936.81,35341,21404.19
SHP_109807,SO_108900,WH_01,Sea,03-10-2024,2024/10/10,7,7.0,On Time,4760,4383.95,19663,15279.05
SHP_109808,SO_108347,WH_14,Air,15-06-2024,2024/06/20,6,5.0,On Time,4992,2088.49,5837,3748.51
SHP_109809,SO_105317,WH_14,Road,04-01-2024,2024/01/13,7,9.0,Delayed,3344,9835.8,29950,20114.2
SHP_109810,SO_102592,WH_01,Road,25-06-2024,2024/06/27,7,2.0,On Time,2760,4325.13,12668,8342.87
SHP_109811,SO_108211,WH_07,Rail,02-10-2024,2024/10/11,5,9.0,Delayed,3430,2203.21,7992,5788.79
SHP_109812,SO_101893,WH_11,Sea,16-07-2024,2024/07/18,5,2.0,On Time,1594,1715.24,6433,4717.76
SHP_109813,SO_106111,WH_06,Air,27-07-2024,2024/08/03,5,7.0,Delayed,320,12278.53,34557,22278.47
SHP_109814,SO_104118,WH_01,Rail,10-01-2024,2024/01/18,4,8.0,Delayed,2781,7837.79,24185,16347.21
SHP_109815,SO_105044,WH_03,Sea,22-07-2024,2024/07/28,7,6.0,On Time,3406,14962.43,41536,26573.57
SHP_109816,SO_106403,WH_06,Air,13-11-2024,2024/11/22,4,9.0,Delayed,787,3549.31,11130,7580.69
SHP_109817,SO_103872,WH_14,Air,11-06-2024,2024/06/16,5,5.0,On Time,2810,4817.67,14945,10127.33
SHP_109818,SO_106222,WH_05,Rail,04-09-2024,2024/09/10,5,6.0,Delayed,2195,10286.47,33236,22949.53
SHP_109819,SO_100599,WH_09,Air,12-03-2024,2024/03/15,7,3.0,On Time,2485,5028.62,14780,9751.38
SHP_109820,SO_105164,WH_03,Air,26-04-2024,2024/05/01,5,5.0,On Time,3153,4931.12,21624,16692.88
SHP_109821,SO_108940,WH_15,Sea,01-09-2024,2024/09/11,4,10.0,Delayed,3276,6050.42,16048,9997.58
SHP_109822,SO_107279,WH_08,Sea,31-01-2024,2024/02/04,3,4.0,Delayed,3742,7211.37,24295,17083.63
SHP_109823,SO_109072,WH_01,Air,31-05-2024,2024/06/06,5,6.0,Delayed,2546,6941.81,21849,14907.19
SHP_109824,SO_109741,WH_13,Air,16-11-2024,2024/11/18,6,2.0,On Time,2710,6268.63,30787,24518.37
SHP_109825,SO_106417,WH_11,Air,03-05-2024,2024/05/05,6,2.0,On Time,4946,3010.53,12188,9177.47
SHP_109826,SO_107339,WH_04,Sea,26-03-2024,2024/04/01,4,6.0,Delayed,369,7453.27,31450,23996.73
SHP_109827,SO_106932,WH_11,Rail,13-12-2024,2024/12/20,4,7.0,Delayed,3503,10234.97,29650,19415.03
SHP_109828,SO_100637,WH_02,Road,02-12-2024,2024/12/06,5,4.0,On Time,2479,3974.38,15382,11407.62
SHP_109829,SO_105762,WH_15,Rail,06-05-2024,2024/05/10,7,4.0,On Time,2892,11236.83,33562,22325.17
SHP_109830,SO_100108,WH_15,Rail,04-08-2024,2024/08/12,5,8.0,Delayed,1782,3242.2,11722,8479.8
SHP_109831,SO_109018,WH_15,Sea,07-11-2024,2024/11/15,5,8.0,Delayed,3085,2363.62,6106,3742.38
SHP_109832,SO_104157,WH_11,Rail,10-12-2024,2024/12/19,3,9.0,Delayed,3297,11210.68,33192,21981.32
SHP_109833,SO_108689,WH_09,Rail,24-12-2024,2025/01/02,7,9.0,Delayed,4327,5861.09,20240,14378.91
SHP_109834,SO_109610,WH_05,Sea,26-03-2024,2024/03/30,5,4.0,On Time,2356,3779.46,15127,11347.54
SHP_109835,SO_103713,WH_10,Sea,17-07-2024,2024/07/22,4,5.0,Delayed,4526,5092.13,23324,18231.87
SHP_109836,SO_103015,WH_09,Rail,27-03-2024,2024/03/31,6,4.0,On Time,3057,1487.7,5520,4032.3
SHP_109837,SO_107487,WH_01,Road,26-10-2024,2024/10/29,7,3.0,On Time,3804,8406.35,25238,16831.65
SHP_109838,SO_104376,WH_02,Air,29-04-2024,2024/05/04,5,5.0,On Time,3528,10120.71,37153,27032.29
SHP_109839,SO_109237,WH_01,Rail,20-04-2024,2024/04/26,4,6.0,Delayed,4267,7829.41,27499,19669.59
SHP_109840,SO_104868,WH_13,Rail,03-04-2024,2024/04/06,7,3.0,On Time,1854,6737.01,32902,26164.99
SHP_109841,SO_101673,WH_06,Rail,29-09-2024,2024/10/07,4,8.0,Delayed,2679,4215.82,14319,10103.18
SHP_109842,SO_108707,WH_14,Road,11-09-2024,2024/09/19,6,8.0,Delayed,1061,18135.39,49840,31704.61
SHP_109843,SO_102176,WH_04,Sea,06-12-2024,2024/12/13,4,7.0,Delayed,2409,13302.37,44312,31009.63
SHP_109844,SO_108652,WH_14,Air,01-12-2024,2024/12/06,5,5.0,On Time,4881,3749.65,15367,11617.35
SHP_109845,SO_105894,WH_06,Air,10-04-2024,2024/04/13,7,3.0,On Time,3366,1928.65,7340,5411.35
SHP_109846,SO_103717,WH_13,Sea,11-01-2024,2024/01/15,3,4.0,Delayed,970,1035.32,5089,4053.68
SHP_109847,SO_105981,WH_13,Rail,19-11-2024,2024/11/27,3,8.0,Delayed,346,9561.58,41131,31569.42
SHP_109848,SO_101660,WH_08,Road,19-03-2024,2024/03/25,7,6.0,On Time,1779,7081.17,17867,10785.83
SHP_109849,SO_104598,WH_08,Rail,23-04-2024,2024/05/02,3,9.0,Delayed,4088,10619.05,45027,34407.95
SHP_109850,SO_109212,WH_07,Air,09-07-2024,2024/07/16,7,7.0,On Time,2745,11412.9,46059,34646.1
SHP_109851,SO_109603,WH_07,Air,23-06-2024,2024/06/27,3,4.0,Delayed,1731,4877.34,24294,19416.66
SHP_109852,SO_104691,WH_10,Road,15-03-2024,2024/03/19,6,4.0,On Time,1416,6028.14,29184,23155.86
SHP_109853,SO_101336,WH_07,Road,07-09-2024,2024/09/14,3,7.0,Delayed,4403,8187.41,34434,26246.59
SHP_109854,SO_108628,WH_15,Sea,21-02-2024,2024/02/29,5,8.0,Delayed,840,2162.34,8608,6445.66
SHP_109855,SO_108989,WH_07,Road,31-07-2024,2024/08/09,3,9.0,Delayed,3825,5937.94,18727,12789.06
SHP_109856,SO_106644,WH_04,Sea,02-06-2024,2024/06/06,3,4.0,Delayed,3196,1732.18,5842,4109.82
SHP_109857,SO_105132,WH_14,Road,04-12-2024,2024/12/12,6,8.0,Delayed,3229,2976.48,9018,6041.52
SHP_109858,SO_107903,WH_10,Rail,25-08-2024,2024/08/29,3,4.0,Delayed,4606,7396.32,26056,18659.68
SHP_109859,SO_106157,WH_11,Rail,17-08-2024,2024/08/22,5,5.0,On Time,2310,2114.16,6407,4292.84
SHP_109860,SO_106905,WH_10,Road,12-07-2024,2024/07/17,5,5.0,On Time,3811,8622.83,29750,21127.17
SHP_109861,SO_108282,WH_07,Rail,02-08-2024,2024/08/12,3,10.0,Delayed,812,8715.17,33103,24387.83
SHP_109862,SO_104364,WH_07,Sea,26-09-2024,2024/10/05,7,9.0,Delayed,286,4100.06,15740,11639.94
SHP_109863,SO_100615,WH_11,Rail,08-06-2024,2024/06/11,5,3.0,On Time,2846,16052.81,48869,32816.19
SHP_109864,SO_104433,WH_13,Rail,19-08-2024,2024/08/23,3,4.0,Delayed,2010,13947.7,37154,23206.3
SHP_109865,SO_100973,WH_02,Rail,31-08-2024,2024/09/03,3,3.0,On Time,1974,14791.75,40283,25491.25
SHP_109866,SO_107465,WH_09,Air,06-09-2024,2024/09/08,4,2.0,On Time,3536,9154.51,38858,29703.49
SHP_109867,SO_105967,WH_03,Sea,21-10-2024,2024/10/23,5,2.0,On Time,2620,2774.41,12759,9984.59
SHP_109868,SO_102578,WH_06,Air,17-02-2024,2024/02/24,5,7.0,Delayed,1978,12515.88,35211,22695.12
SHP_109869,SO_100250,WH_04,Air,16-05-2024,2024/05/21,7,5.0,On Time,4378,9833.51,26006,16172.49
SHP_109870,SO_100776,WH_07,Rail,06-02-2024,2024/02/14,6,8.0,Delayed,3731,4720.24,11969,7248.76
SHP_109871,SO_105259,WH_14,Sea,18-08-2024,2024/08/27,6,9.0,Delayed,4935,18482.92,48436,29953.08
SHP_109872,SO_108280,WH_02,Air,30-11-2024,2024/12/07,5,7.0,Delayed,3411,5094.19,13888,8793.81
SHP_109873,SO_108031,WH_07,Sea,08-09-2024,2024/09/17,4,9.0,Delayed,3845,18682.38,47749,29066.62
SHP_109874,SO_105068,WH_07,Sea,06-09-2024,2024/09/14,5,8.0,Delayed,358,2772.73,13695,10922.27
SHP_109875,SO_101688,WH_04,Road,16-09-2024,2024/09/26,3,10.0,Delayed,2289,1503.83,5263,3759.17
SHP_109876,SO_104309,WH_15,Road,29-01-2024,2024/02/02,7,4.0,On Time,944,5386.91,22473,17086.09
SHP_109877,SO_109814,WH_03,Sea,02-10-2024,2024/10/07,4,5.0,Delayed,4535,12009.21,31841,19831.79
SHP_109878,SO_100842,WH_10,Sea,08-06-2024,2024/06/14,5,6.0,Delayed,615,17344.63,49778,32433.37
SHP_109879,SO_109309,WH_06,Road,29-01-2024,2024/02/04,3,6.0,Delayed,3616,3105.94,8568,5462.06
SHP_109880,SO_108819,WH_01,Road,11-02-2024,2024/02/13,5,2.0,On Time,3387,13288.28,36959,23670.72
SHP_109881,SO_108985,WH_05,Sea,07-05-2024,2024/05/17,3,10.0,Delayed,1514,6808.08,29369,22560.92
SHP_109882,SO_107069,WH_13,Road,21-10-2024,2024/10/24,4,3.0,On Time,2078,6282.48,20501,14218.52
SHP_109883,SO_104650,WH_08,Air,06-02-2024,2024/02/10,7,4.0,On Time,1721,7119.59,22252,15132.41
SHP_109884,SO_100845,WH_03,Air,03-08-2024,2024/08/13,4,10.0,Delayed,1480,8428.99,26741,18312.01
SHP_109885,SO_105796,WH_06,Air,16-01-2024,2024/01/18,6,2.0,On Time,936,6911.17,34309,27397.83
SHP_109886,SO_100218,WH_14,Rail,04-05-2024,2024/05/10,3,6.0,Delayed,1652,18044.69,48415,30370.31
SHP_109887,SO_100619,WH_09,Rail,07-07-2024,2024/07/15,6,8.0,Delayed,2711,12144.97,34877,22732.03
SHP_109888,SO_102287,WH_09,Air,10-05-2024,2024/05/19,3,9.0,Delayed,3827,7092.26,32249,25156.74
SHP_109889,SO_102858,WH_08,Sea,17-01-2024,2024/01/22,5,5.0,On Time,4147,10189.06,27621,17431.94
SHP_109890,SO_109769,WH_07,Rail,05-12-2024,2024/12/15,4,10.0,Delayed,2608,2051.65,6646,4594.35
SHP_109891,SO_106066,WH_15,Rail,30-08-2024,2024/09/09,7,10.0,Delayed,2000,8981.92,30505,21523.08
SHP_109892,SO_101063,WH_03,Sea,18-04-2024,2024/04/24,3,6.0,Delayed,3256,6164.65,20619,14454.35
SHP_109893,SO_109927,WH_07,Rail,13-04-2024,2024/04/15,7,2.0,On Time,2828,3930.81,14052,10121.19
SHP_109894,SO_103576,WH_10,Air,11-03-2024,2024/03/21,7,10.0,Delayed,4003,1559.98,5648,4088.02
SHP_109895,SO_106891,WH_07,Air,18-11-2024,2024/11/23,7,5.0,On Time,1390,12126.53,41154,29027.47
SHP_109896,SO_104982,WH_08,Air,23-06-2024,2024/06/28,7,5.0,On Time,2801,10838.85,31140,20301.15
SHP_109897,SO_103123,WH_05,Road,22-10-2024,2024/10/31,7,9.0,Delayed,2035,6740.6,19374,12633.4
SHP_109898,SO_101919,WH_12,Sea,09-07-2024,2024/07/14,4,5.0,Delayed,3386,14652.63,41850,27197.37
SHP_109899,SO_100555,WH_06,Air,05-03-2024,2024/03/07,3,2.0,On Time,2234,14478.93,40614,26135.07
SHP_109900,SO_101674,WH_07,Road,13-07-2024,2024/07/22,3,9.0,Delayed,3520,14216.08,41050,26833.92
SHP_109901,SO_105335,WH_08,Sea,03-01-2024,2024/01/13,7,10.0,Delayed,1150,5948.37,19472,13523.63
SHP_109902,SO_105293,WH_11,Sea,18-01-2024,2024/01/21,6,3.0,On Time,565,6898.98,18837,11938.02
SHP_109903,SO_100455,WH_03,Rail,17-02-2024,2024/02/19,5,2.0,On Time,3332,7068.89,22360,15291.11
SHP_109904,SO_103164,WH_11,Sea,21-12-2024,2024/12/27,6,6.0,On Time,4890,-14503.5,45532,60035.5
SHP_109905,SO_108891,WH_15,Sea,23-11-2024,2024/11/27,7,4.0,On Time,3377,10918.74,38371,27452.26
SHP_109906,SO_102403,WH_05,Air,21-07-2024,2024/07/29,3,8.0,Delayed,3689,3488.36,15264,11775.64
SHP_109907,SO_100592,WH_11,Road,17-05-2024,2024/05/25,6,8.0,Delayed,3737,4600.4,19388,14787.6
SHP_109908,SO_100394,WH_09,Rail,06-04-2024,2024/04/09,6,3.0,On Time,4052,6819.39,32714,25894.61
SHP_109909,SO_100424,WH_12,Air,01-01-2024,2024/01/09,5,8.0,Delayed,1510,5678.66,28344,22665.34
SHP_109910,SO_108561,WH_11,Sea,09-02-2024,2024/02/14,3,5.0,Delayed,3792,8829.67,25784,16954.33
SHP_109911,SO_109982,WH_01,Sea,26-01-2024,2024/01/29,6,3.0,On Time,3911,15028.26,43407,28378.74
SHP_109912,SO_102242,WH_13,Sea,28-06-2024,2024/07/06,7,8.0,Delayed,1845,6843.01,34084,27240.99
SHP_109913,SO_109533,WH_02,Sea,10-08-2024,2024/08/20,6,10.0,Delayed,2461,6453.62,29650,23196.38
SHP_109914,SO_109594,WH_11,Rail,09-10-2024,2024/10/15,5,6.0,Delayed,285,3498.78,9524,6025.22
SHP_109915,SO_108193,WH_09,Sea,09-02-2024,2024/02/14,7,5.0,On Time,200,14695.87,48348,33652.13
SHP_109916,SO_105864,WH_02,Road,05-01-2024,2024/01/12,6,7.0,Delayed,1054,4343.09,14077,9733.91
SHP_109917,SO_106960,WH_04,Air,19-01-2024,2024/01/29,7,10.0,Delayed,226,11779.15,47489,35709.85
SHP_109918,SO_102294,WH_11,Air,10-02-2024,2024/02/20,6,10.0,Delayed,4896,2999.43,12691,9691.57
SHP_109919,SO_109765,WH_11,Road,30-04-2024,2024/05/03,5,3.0,On Time,4872,7840.53,20172,12331.47
SHP_109920,SO_105626,WH_09,Sea,17-07-2024,2024/07/21,7,4.0,On Time,3669,8250.62,33655,25404.38
SHP_109921,SO_107736,WH_03,Rail,13-05-2024,2024/05/18,6,5.0,On Time,4459,16704.43,42254,25549.57
SHP_109922,SO_106162,WH_12,Air,30-09-2024,2024/10/05,4,5.0,Delayed,4051,4441.58,13285,8843.42
SHP_109923,SO_101770,WH_15,Rail,25-06-2024,2024/06/27,4,2.0,On Time,2406,6592.09,29135,22542.91
SHP_109924,SO_105171,WH_04,Rail,15-08-2024,2024/08/25,5,10.0,Delayed,1707,3759.41,10280,6520.59
SHP_109925,SO_105606,WH_04,Rail,01-07-2024,2024/07/03,7,2.0,On Time,296,10582.25,32884,22301.75
SHP_109926,SO_108701,WH_02,Road,31-08-2024,2024/09/08,3,8.0,Delayed,2693,3690.35,18422,14731.65
SHP_109927,SO_101373,WH_02,Air,23-06-2024,2024/07/02,6,9.0,Delayed,4731,9562.48,25083,15520.52
SHP_109928,SO_100423,WH_01,Air,21-08-2024,2024/08/29,4,8.0,Delayed,1123,11766.32,40927,29160.68
SHP_109929,SO_104881,WH_08,Rail,02-12-2024,2024/12/04,6,2.0,On Time,1155,5110.62,21735,16624.38
SHP_109930,SO_102454,WH_08,Sea,26-02-2024,2024/03/03,4,6.0,Delayed,3205,15116.85,48492,33375.15
SHP_109931,SO_109063,WH_08,Air,02-10-2024,2024/10/09,5,7.0,Delayed,3303,10400.93,35183,24782.07
SHP_109932,SO_102731,WH_01,Road,24-01-2024,2024/01/31,3,7.0,Delayed,3636,4788.51,21916,17127.49
SHP_109933,SO_101064,WH_13,Rail,02-03-2024,2024/03/06,4,4.0,On Time,1746,7929.67,23389,15459.33
SHP_109934,SO_101895,WH_01,Road,22-08-2024,2024/08/25,5,3.0,On Time,3456,12117.69,36689,24571.31
SHP_109935,SO_109053,WH_01,Air,16-02-2024,2024/02/20,4,4.0,On Time,3026,6546.63,22408,15861.37
SHP_109936,SO_101390,WH_15,Road,28-08-2024,2024/09/05,7,8.0,Delayed,3973,8016.42,34696,26679.58
SHP_109937,SO_106073,WH_09,Air,17-09-2024,2024/09/21,5,4.0,On Time,4542,4194.92,10621,6426.08
SHP_109938,SO_106151,WH_05,Road,14-11-2024,2024/11/16,4,2.0,On Time,1530,10241.05,36456,26214.95
SHP_109939,SO_107667,WH_11,Rail,21-07-2024,2024/07/28,6,7.0,Delayed,3492,7926.56,27728,19801.44
SHP_109940,SO_104090,WH_13,Rail,13-08-2024,2024/08/23,6,10.0,Delayed,2058,1490.51,5445,3954.49
SHP_109941,SO_109075,WH_01,Air,27-03-2024,2024/04/01,5,5.0,On Time,4931,5034.7,24867,19832.3
SHP_109942,SO_103717,WH_04,Rail,07-04-2024,2024/04/10,5,3.0,On Time,2155,18465.77,46513,28047.23
SHP_109943,SO_100265,WH_02,Road,06-01-2024,2024/01/08,6,2.0,On Time,3848,10920.69,29649,18728.31
SHP_109944,SO_109595,WH_14,Sea,09-03-2024,2024/03/14,4,5.0,Delayed,4690,14388.06,47224,32835.94
SHP_109945,SO_105492,WH_10,Air,03-12-2024,2024/12/06,4,3.0,On Time,4500,9612.38,38086,28473.62
SHP_109946,SO_108483,WH_10,Air,08-06-2024,2024/06/10,3,2.0,On Time,1894,11136.08,33304,22167.92
SHP_109947,SO_103586,WH_13,Sea,10-02-2024,2024/02/18,7,8.0,Delayed,3607,2479.09,11856,9376.91
SHP_109948,SO_101132,WH_13,Air,01-04-2024,2024/04/11,7,10.0,Delayed,3098,11119.85,30560,19440.15
SHP_109949,SO_109802,WH_04,Air,06-02-2024,2024/02/09,3,3.0,On Time,1934,14813.27,47200,32386.73
SHP_109950,SO_101881,WH_06,Air,14-12-2024,2024/12/22,5,8.0,Delayed,276,10115.78,31423,21307.22
SHP_109951,SO_103026,WH_13,Sea,12-09-2024,2024/09/17,7,5.0,On Time,958,4773.79,19973,15199.21
SHP_109952,SO_101537,WH_12,Sea,16-05-2024,2024/05/24,5,8.0,Delayed,3616,8221.5,32130,23908.5
SHP_109953,SO_109813,WH_04,Sea,26-08-2024,2024/08/29,3,3.0,On Time,3915,15425.78,44382,28956.22
SHP_109954,SO_107859,WH_10,Rail,16-05-2024,2024/05/22,4,6.0,Delayed,2629,12652.3,45740,33087.7
SHP_109955,SO_101784,WH_15,Road,29-11-2024,2024/12/02,5,3.0,On Time,1641,3902.83,12460,8557.17
SHP_109956,SO_100291,WH_07,Road,29-08-2024,2024/09/02,3,4.0,Delayed,2299,11202.17,47547,36344.83
SHP_109957,SO_102716,WH_13,Air,27-12-2024,2025/01/06,3,10.0,Delayed,4534,14651.34,49336,34684.66
SHP_109958,SO_109855,WH_13,Air,17-01-2024,2024/01/21,7,4.0,On Time,2746,7406.72,30704,23297.28
SHP_109959,SO_102338,WH_14,Road,07-10-2024,2024/10/17,4,10.0,Delayed,4408,10608.74,42782,32173.26
SHP_109960,SO_107156,WH_01,Sea,25-10-2024,2024/10/29,7,4.0,On Time,4490,8640.04,26582,17941.96
SHP_109961,SO_102052,WH_12,Sea,08-01-2024,2024/01/18,5,10.0,Delayed,3281,8970.54,39329,30358.46
SHP_109962,SO_106377,WH_11,Rail,25-04-2024,2024/04/29,7,4.0,On Time,1963,13867.24,39294,25426.76
SHP_109963,SO_100075,WH_10,Sea,07-06-2024,2024/06/17,4,10.0,Delayed,3734,4929.55,16066,11136.45
SHP_109964,SO_101070,WH_05,Road,13-04-2024,2024/04/21,6,8.0,Delayed,4345,-15941.22,47121,63062.22
SHP_109965,SO_103049,WH_08,Air,15-11-2024,2024/11/17,6,2.0,On Time,3783,8694.13,37805,29110.87
SHP_109966,SO_103103,WH_08,Air,30-06-2024,2024/07/05,5,5.0,On Time,3017,10540.67,36217,25676.33
SHP_109967,SO_100656,WH_12,Road,14-12-2024,2024/12/18,3,4.0,Delayed,3233,13468.26,45535,32066.74
SHP_109968,SO_107497,WH_01,Air,30-01-2024,2024/02/04,7,5.0,On Time,1882,13638.33,46285,32646.67
SHP_109969,SO_100314,WH_03,Road,16-02-2024,2024/02/21,5,5.0,On Time,2555,7617.22,30291,22673.78
SHP_109970,SO_101449,WH_09,Sea,25-08-2024,2024/09/03,4,9.0,Delayed,1414,13298.08,37547,24248.92
SHP_109971,SO_108356,WH_04,Rail,17-01-2024,2024/01/22,5,5.0,On Time,2293,1951.59,7831,5879.41
SHP_109972,SO_109667,WH_03,Air,07-07-2024,2024/07/16,6,9.0,Delayed,4138,12025.55,41893,29867.45
SHP_109973,SO_109255,WH_10,Air,30-01-2024,2024/02/08,5,9.0,Delayed,582,8568.17,21891,13322.83
SHP_109974,SO_109132,WH_02,Sea,25-08-2024,2024/09/01,7,7.0,On Time,2497,11052.1,30465,19412.9
SHP_109975,SO_102800,WH_03,Sea,14-12-2024,2024/12/20,5,6.0,Delayed,909,10789.05,29511,18721.95
SHP_109976,SO_107677,WH_05,Rail,01-06-2024,2024/06/03,5,2.0,On Time,3580,2007.79,6680,4672.21
SHP_109977,SO_102395,WH_02,Air,19-08-2024,2024/08/24,6,5.0,On Time,1933,8677.51,37856,29178.49
SHP_109978,SO_105081,WH_03,Rail,13-03-2024,2024/03/17,5,4.0,On Time,350,10607.04,34639,24031.96
SHP_109979,SO_107151,WH_05,Air,03-09-2024,2024/09/07,7,4.0,On Time,2142,9013.59,27772,18758.41
SHP_109980,SO_105071,WH_08,Rail,22-01-2024,2024/01/25,5,3.0,On Time,3175,3712.29,15885,12172.71
SHP_109981,SO_108435,WH_07,Rail,17-01-2024,2024/01/24,7,7.0,On Time,1109,4397.71,20699,16301.29
SHP_109982,SO_107137,WH_02,Sea,16-08-2024,2024/08/26,6,10.0,Delayed,2867,10133.43,29334,19200.57
SHP_109983,SO_100217,WH_15,Air,11-06-2024,2024/06/15,6,4.0,On Time,2185,2652.66,13225,10572.34
SHP_109984,SO_100849,WH_09,Air,16-02-2024,2024/02/25,7,9.0,Delayed,1555,2818.57,10614,7795.43
SHP_109985,SO_103003,WH_13,Rail,03-06-2024,2024/06/06,3,3.0,On Time,1114,11865.09,38560,26694.91
SHP_109986,SO_107655,WH_14,Rail,03-12-2024,2024/12/06,7,3.0,On Time,583,3113.35,11235,8121.65
SHP_109987,SO_108112,WH_04,Sea,03-08-2024,2024/08/11,3,8.0,Delayed,3422,10340.65,44152,33811.35
SHP_109988,SO_105374,WH_13,Sea,04-03-2024,2024/03/11,7,7.0,On Time,1231,2807.8,7428,4620.2
SHP_109989,SO_109814,WH_07,Air,17-11-2024,2024/11/26,5,9.0,Delayed,3668,11285.56,41573,30287.44
SHP_109990,SO_102129,WH_12,Rail,05-08-2024,2024/08/09,5,4.0,On Time,3115,16872.2,46255,29382.8
SHP_109991,SO_104900,WH_12,Air,16-03-2024,2024/03/23,4,7.0,Delayed,1691,17589.25,45446,27856.75
SHP_109992,SO_109322,WH_01,Sea,27-07-2024,2024/08/03,4,7.0,Delayed,1339,12302.48,43057,30754.52
SHP_109993,SO_103520,WH_12,Rail,14-05-2024,2024/05/20,5,6.0,Delayed,758,9064.31,24034,14969.69
SHP_109994,SO_103984,WH_01,Sea,22-10-2024,2024/10/28,4,6.0,Delayed,1441,14689.51,40652,25962.49
SHP_109995,SO_100471,WH_09,Rail,05-03-2024,2024/03/15,6,10.0,Delayed,3934,11973.67,43512,31538.33
SHP_109996,SO_104539,WH_14,Rail,11-05-2024,2024/05/20,4,9.0,Delayed,3153,5154.35,19891,14736.65
SHP_109997,SO_102405,WH_03,Rail,25-04-2024,2024/04/30,3,5.0,Delayed,3290,4168.08,13398,9229.92
SHP_109998,SO_101389,WH_11,Sea,02-12-2024,2024/12/08,7,6.0,On Time,3870,14574.81,38628,24053.19
SHP_109999,SO_107241,WH_11,Road,08-03-2024,2024/03/14,4,6.0,Delayed,3415,1180.97,5577,4396.03
